ts_code,trade_date,auction_price,auction_vol,auction_amount,auction_pct_chg,auction_amount_ratio,auction_strength_score
600000.SH,20260929,9.15,214200,1959930.0,-0.10917030567685337,2.6494814155140474,44.34497816593888
600004.SH,20260929,7.61,4700,35767.0,-0.1312335958005173,0.8417404020072333,44.212598425196894
600006.SH,20260929,5.7,791200,4509840.0,-2.2298456260720356,13.78193773315985,31.620926243567787
600007.SH,20260929,20.0,6500,130000.0,0.351229302558953,2.7696060197088572,47.10737581535372
600008.SH,20260929,2.67,232700,621309.0,-0.3731343283582156,4.872675034198225,42.76119402985071
600009.SH,20260929,22.35,12600,281610.0,-0.04472271914131021,2.705814413818903,44.73166368515214
600010.SH,20260929,2.06,474400,977264.0,0.0,1.9695150087026023,45.0
600011.SH,20260929,6.91,548600,3790826.0,-0.4322766570605263,6.32903489439569,42.40634005763684
600012.SH,20260929,15.46,16700,258182.0,-0.2580645161290307,4.99585007867658,43.451612903225815
600015.SH,20260929,6.19,349100,2160929.0,0.16181229773464256,8.174591960687795,45.97087378640786
600016.SH,20260929,3.44,1275700,4388408.0,0.0,6.067121388318203,45.0
600017.SH,20260929,2.79,35800,99882.0,0.0,1.4278090580062546,45.0
600018.SH,20260929,5.39,72500,390775.0,0.18587360594795044,1.4798255461866534,46.1152416356877
600019.SH,20260929,5.8,122800,712240.0,0.0,1.2238887740247348,45.0
600020.SH,20260929,3.8,2100,7980.0,0.0,0.2921962082159422,45.0
600021.SH,20260929,12.77,21600,275832.0,0.0,2.0840100417382263,45.0
600022.SH,20260929,1.27,668900,849503.0,0.0,7.599130372724981,45.0
600023.SH,20260929,5.18,116800,605024.0,-0.19267822736032114,2.894868309745646,43.84393063583807
600025.SH,20260929,9.87,51100,504357.0,0.0,1.8366731558151976,45.0
600026.SH,20260929,21.02,256000,5381120.0,-0.989166274140374,3.70967914971853,39.06500235515776
600027.SH,20260929,4.85,410800,1992380.0,-0.8179959100204526,6.3510413314803005,40.092024539877286
600028.SH,20260929,5.37,799300,4292241.0,-0.7393715341959317,3.9075831278432056,40.56377079482441
600029.SH,20260929,4.81,134200,645502.0,-0.20746887966806016,5.397480793222357,43.75518672199164
600030.SH,20260929,25.81,494100,12752721.0,-0.5011565150347064,7.290650163122905,41.993060909791765
600031.SH,20260929,17.17,213900,3672663.0,-0.11634671320535084,4.083917353094149,44.3019197207679
600032.SH,20260929,7.68,3909000,30021120.0,3.364737550471064,66.0003049311383,65.18842530282639
600033.SH,20260929,3.57,259300,925701.0,-0.5571030640668551,8.533688267516025,41.65738161559887
600035.SH,20260929,3.63,33800,122694.0,-0.5479452054794498,2.8991434372564435,41.7123287671233
600036.SH,20260929,40.49,265700,10758193.0,-0.36909448818897017,5.911267225474921,42.785433070866176
600037.SH,20260929,6.92,20300,140476.0,-0.2881844380403509,1.3494249022073763,43.27089337175789
600038.SH,20260929,26.7,5800,154860.0,-0.33594624860022737,1.8093740437430137,42.984322508398634
600039.SH,20260929,8.65,41400,358110.0,0.34802784222738303,2.3427678055881245,47.0881670533643
600048.SH,20260929,5.63,860700,4845741.0,0.35650623885916666,2.064605238828856,47.139037433154996
600050.SH,20260929,4.12,513400,2115208.0,-0.2421307506053183,4.562280193996859,43.54721549636809
600051.SH,20260929,6.26,53700,336162.0,0.16000000000000458,10.967382573182032,45.96000000000003
600052.SH,20260929,3.74,37300,139502.0,0.8086253369272267,3.1557456697286463,49.85175202156336
600053.SH,20260929,7.63,5200,39676.0,-0.651041666666663,4.1150355512478844,41.09375000000002
600054.SH,20260929,10.51,23100,242781.0,0.0,7.24848490928265,45.0
600055.SH,20260929,10.48,14500,151960.0,0.2870813397129357,4.576085706146397,46.72248803827762
600056.SH,20260929,8.81,13700,120697.0,-0.33936651583709176,1.8868687600758287,42.96380090497745
600057.SH,20260929,6.03,46800,282204.0,0.0,4.313260419173274,45.0
600058.SH,20260929,8.6,36100,310460.0,-0.6928406466512715,3.784519139578371,40.84295612009237
600059.SH,20260929,12.0,2837100,34045200.0,2.3017902813299296,27.598306836920287,58.81074168797958
600060.SH,20260929,27.14,15700,426098.0,-0.44020542920030215,3.1459869267201923,42.35876742479819
600061.SH,20260929,6.09,154640,941758.0,0.0,6.330432826585062,45.0
600062.SH,20260929,15.9,39800,632820.0,-0.5006257822277815,10.454556283037657,41.99624530663331
600063.SH,20260929,5.31,102700,545337.0,-0.747663551401867,5.658941519746607,40.514018691588795
600064.SH,20260929,7.65,78500,600525.0,0.2621231979030192,4.333963034472581,46.572739187418115
600066.SH,20260929,26.18,63300,1657194.0,-0.15255530129671957,3.936984341559744,44.08466819221968
600067.SH,20260929,2.58,88700,228846.0,0.0,2.455669560873432,45.0
600071.SH,20260929,16.01,5600,89656.0,-0.9282178217821735,4.513484472840156,39.43069306930696
600072.SH,20260929,8.74,26900,235106.0,0.0,2.332710363755317,45.0
600073.SH,20260929,5.45,43700,238165.0,-0.1831501831501825,7.133082263054021,43.901098901098905
600075.SH,20260929,4.51,31400,141614.0,-0.44150110375277274,2.625932102148822,42.35099337748336
600076.SH,20260929,2.1,94200,197820.0,0.0,3.862738178755854,45.0
600078.SH,20260929,9.67,11900,115073.0,0.10351966873705098,1.713091649353707,45.62111801242231
600079.SH,20260929,18.8,5800,109040.0,-0.05316321105793831,0.950366209551618,44.68102073365237
600080.SH,20260929,4.65,9400,43710.0,0.0,5.915000989216592,45.0
600081.SH,20260929,10.62,26200,278244.0,-0.28169014084508115,4.669886140769701,43.30985915492951
600082.SH,20260929,3.4,131100,445740.0,-0.8746355685131268,10.820171631313102,39.75218658892124
600084.SH,20260929,4.32,1100,4752.0,0.0,0.7288854448847105,45.0
600085.SH,20260929,23.28,12300,286344.0,-0.21431633090440716,4.999359419100498,43.714102014573555
600088.SH,20260929,12.5,53900,673750.0,-0.8723235527359208,2.391706723302187,39.766058683584475
600089.SH,20260929,17.18,201800,3466924.0,-0.4634994206257348,5.972024583934552,42.21900347624559
600094.SH,20260929,3.98,52900,210542.0,0.25188916876572875,1.511553141637229,46.51133501259437
600095.SH,20260929,8.59,130400,1120136.0,0.8215962441314506,2.33588044139869,49.92957746478871
600096.SH,20260929,27.1,71600,1940360.0,-0.22091310751104487,8.412630681632711,43.67452135493373
600097.SH,20260929,9.19,5500,50545.0,-0.43336944745396844,2.451695011565821,42.39978331527619
600098.SH,20260929,6.24,18900,117936.0,-0.15999999999999348,1.5743928243058187,44.04000000000004
600099.SH,20260929,9.4,15200,142880.0,0.42735042735044804,4.373120064152153,47.56410256410269
600100.SH,20260929,6.48,44300,287064.0,0.0,3.046570165483361,45.0
600101.SH,20260929,7.75,20100,155775.0,-0.2574002574002532,3.5863506085883308,43.455598455598484
600103.SH,20260929,3.46,2338300,8090518.0,1.1695906432748648,23.800723891059654,52.01754385964919
600104.SH,20260929,10.76,124500,1339620.0,-0.09285051067781103,3.8586866243623703,44.442896935933135
600105.SH,20260929,37.21,696900,25931649.0,-2.795193312434696,6.373176295508131,28.228840125391823
600106.SH,20260929,4.31,32000,137920.0,0.0,2.0032385302248197,45.0
600107.SH,20260929,,0,0.0,,0.0,0.0
600108.SH,20260929,3.88,889150,3449902.0,-0.7672634271099765,8.304240046129365,40.39641943734014
600109.SH,20260929,7.99,38900,310811.0,-0.12499999999999734,3.1918167999788367,44.250000000000014
600110.SH,20260929,10.81,374300,4046183.0,-0.6433823529411797,4.103987724556202,41.13970588235292
600111.SH,20260929,35.27,231600,8168532.0,-0.8434073657576535,11.490102296422387,39.93955580545408
600113.SH,20260929,28.2,4600,129720.0,0.0,2.189385231867491,45.0
600114.SH,20260929,25.0,27800,695000.0,-0.7542675664946485,3.842642580990341,40.47439460103211
600115.SH,20260929,3.29,1136400,3738756.0,-0.6042296072507614,13.96021839074829,41.37462235649543
600116.SH,20260929,6.09,51800,315462.0,-0.327332242225864,5.41171775797794,43.03600654664481
600117.SH,20260929,2.13,1500,3195.0,0.0,0.13501379232444688,24.30248261840044
600118.SH,20260929,55.88,35700,1994916.0,-0.40990910711102835,2.782151234823913,42.540545357333826
600119.SH,20260929,4.75,1000,4750.0,-0.8350730688935326,1.7216501309722683,39.98956158663881
600120.SH,20260929,4.58,28800,131904.0,0.0,1.356464433208241,45.0
600121.SH,20260929,5.08,1695500,8613140.0,-0.39215686274508554,7.3289269564773685,42.647058823529484
600123.SH,20260929,6.95,20200,140390.0,-0.2869440459110417,1.1635024039597304,43.27833572453375
600125.SH,20260929,5.2,18800,97760.0,0.0,3.2008736132303475,45.0
600126.SH,20260929,5.9,52600,310340.0,-0.33783783783782884,2.1959788961573916,42.972972972973025
600127.SH,20260929,13.6,20170914,274324430.0,-8.35579514824798,138.26764560742865,15.0
600128.SH,20260929,8.55,13200,112860.0,-0.696864111498241,4.003318433866073,40.818815331010555
600129.SH,20260929,13.35,7900,105465.0,0.07496251874061777,1.1463166557348212,45.4497751124437
600130.SH,20260929,4.49,28900,129761.0,-0.8830022075055233,2.0008058053759523,39.70198675496686
600131.SH,20260929,13.99,7300,102127.0,-0.4270462633451988,1.8560646718234781,42.437722419928804
600132.SH,20260929,37.6001,3803,142993.0,0.00026595744679891453,2.122648539528501,45.00159574468079
600133.SH,20260929,7.7,20600,158620.0,-0.2590673575129432,2.529892711144962,43.44559585492234
600135.SH,20260929,7.39,1100,8129.0,-0.26990553306343035,0.1587793495199332,26.960849715207395
600136.SH,20260929,1.45,79600,115420.0,0.0,12.73319413090434,45.0
600137.SH,20260929,17.91,12000,214920.0,0.1677852348993314,9.043263381006547,46.00671140939599
600138.SH,20260929,6.9,21800,150420.0,-0.43290043290041824,5.979058270895461,42.40259740259749
600141.SH,20260929,27.07,46700,1264169.0,0.0,2.2368046477984036,45.0
600143.SH,20260929,12.89,155900,2009551.0,0.07763975155279379,9.78970741691794,45.46583850931676
600148.SH,20260929,15.74,6800,107032.0,0.0,3.83721121160324,45.0
600149.SH,20260929,5.04,9100,45864.0,0.0,1.0167613543782656,45.0
600150.SH,20260929,37.97,331600,12590852.0,-0.28886554621848637,3.4157956500146307,43.26680672268908
600151.SH,20260929,9.17,13800,126546.0,-0.10893246187363426,1.1613713495214741,44.346405228758194
600152.SH,20260929,7.56,12500,94500.0,0.0,0.3271581125973602,45.0
600153.SH,20260929,8.46,16500,139590.0,0.0,0.615351739114103,45.0
600155.SH,20260929,5.8,42200,244760.0,-0.1721170395869165,2.18982246459025,43.9672977624785
600156.SH,20260929,8.26,701000,5790260.0,0.0,11.309771688561945,45.0
600157.SH,20260929,1.43,1279500,1829685.0,0.0,3.5605973142935903,45.0
600158.SH,20260929,6.9,32500,224250.0,-0.43290043290041824,2.232392708070648,42.40259740259749
600159.SH,20260929,2.72,86600,235552.0,0.0,3.987741257567333,45.0
600160.SH,20260929,33.5,30400,1018400.0,-0.11926058437685683,1.0322694285566365,44.28443649373886
600161.SH,20260929,12.23,15700,192011.0,0.08183306055646877,2.17105209896373,45.49099836333881
600162.SH,20260929,4.4,383600,1687840.0,0.2277904328018332,6.685437388890856,46.366742596811
600163.SH,20260929,5.42,496100,2688862.0,0.743494423791824,6.204961056125004,49.460966542750946
600165.SH,20260929,3.4,269800,917320.0,0.8902077151335286,14.415984927868687,50.34124629080117
600166.SH,20260929,2.75,172400,474100.0,0.0,2.534686104734759,45.0
600167.SH,20260929,5.48,10000,54800.0,0.0,2.397301653254464,45.0
600168.SH,20260929,4.32,62700,270864.0,-0.4608294930875445,16.67721470861083,42.23502304147473
600169.SH,20260929,2.15,10000,21500.0,-0.4629629629629761,1.5073278568490034,42.22222222222214
600170.SH,20260929,2.17,469000,1017730.0,0.0,3.7474688438928085,45.0
600171.SH,20260929,22.07,15100,333257.0,-0.4959422903516697,2.7796431833858617,42.02434625788998
600172.SH,20260929,15.99,2154100,34444059.0,-3.0909090909090886,11.515207344945908,26.454545454545467
600173.SH,20260929,5.79,10300,59637.0,1.0471204188481575,1.705879019690364,51.28272251308894
600176.SH,20260929,39.0,972080,37911120.0,-0.6875477463712865,7.974351108284413,40.87471352177228
600177.SH,20260929,8.3,141900,1177770.0,0.12062726176118588,7.142183501521545,45.723763570567115
600178.SH,20260929,9.87,391700,3866079.0,-2.083333333333337,26.534489722024645,32.49999999999998
600179.SH,20260929,4.38,55400,242652.0,-0.2277904328018221,2.9351382492548455,43.63325740318907
600180.SH,20260929,1.52,96000,145920.0,1.333333333333342,10.273752702210997,53.00000000000005
600182.SH,20260929,12.28,4800,58944.0,0.0,3.3291987573566826,45.0
600183.SH,20260929,131.84,157600,20777984.0,-0.08336491095111143,4.317766618538972,44.49981053429333
600184.SH,20260929,17.88,83600,1494768.0,-0.9966777408637828,6.943241639829234,39.0199335548173
600185.SH,20260929,4.68,51000,238680.0,0.42918454935620964,2.1475699429105224,47.57510729613726
600186.SH,20260929,11.75,2386600,28042550.0,-2.2462562396006636,13.473614662287044,31.52246256239602
600187.SH,20260929,1.23,487100,599133.0,-0.8064516129032251,41.47841676513585,40.16129032258065
600188.SH,20260929,19.46,52200,1015812.0,0.0,2.032964492060846,45.0
600189.SH,20260929,8.2,810300,6644460.0,0.12210012210012167,37.68431103672497,45.73260073260073
600191.SH,20260929,8.86,12000,106320.0,0.0,2.2208881296537446,45.0
600192.SH,20260929,7.2,26200,188640.0,0.5586592178770999,2.5903698031649887,48.3519553072626
600195.SH,20260929,6.63,3300,21879.0,-0.5997001499250421,0.7876472829138752,41.40179910044975
600196.SH,20260929,23.18,66100,1532198.0,-0.2581755593803692,2.23587831378809,43.450946643717785
600197.SH,20260929,9.16,1000,9160.0,-0.10905125408942062,0.5714308885220059,44.34569247546348
600198.SH,20260929,7.24,16900,122356.0,-0.13793103448275223,1.9324702140552381,44.17241379310349
600199.SH,20260929,6.77,230400,1559808.0,-0.8784773060029338,16.50593602711692,39.729136163982396
600201.SH,20260929,11.38,42800,487064.0,-0.262927256792278,4.896693691222074,43.422436459246335
600202.SH,20260929,5.15,27400,141110.0,0.0,4.625485780900727,45.0
600203.SH,20260929,9.69,35200,341088.0,0.10330578512396382,2.5803311210092597,45.61983471074378
600206.SH,20260929,49.91,882700,44055557.0,-3.3313964749176916,10.447511630394391,25.011621150493852
600207.SH,20260929,5.2,1470500,7646600.0,-4.761904761904756,18.829103624375907,16.428571428571466
600208.SH,20260929,2.8,113800,318640.0,-0.3558718861210064,1.0328887178097617,42.864768683273965
600210.SH,20260929,6.19,29000,179510.0,-0.1612903225806428,2.3257786017096693,44.03225806451614
600211.SH,20260929,35.8,8500,304300.0,-0.444938820912133,4.559113020441742,42.3303670745272
600212.SH,20260929,5.7,19400,110580.0,0.17574692442881013,1.8231621122841655,46.05448154657286
600215.SH,20260929,6.1,3100,18910.0,-0.4893964110929905,0.3568374682134429,42.06362153344206
600216.SH,20260929,12.3,36700,451410.0,-0.08123476848090894,4.433253983380498,44.51259138911455
600217.SH,20260929,3.2,23900,76480.0,-0.6211180124223614,3.1230255224442347,41.273291925465834
600218.SH,20260929,7.82,46400,362848.0,-1.262626262626254,4.135887230323934,37.42424242424248
600219.SH,20260929,4.49,423100,1899719.0,0.0,4.573943087821458,45.0
600221.SH,20260929,1.2,1110522,1332626.0,-0.8264462809917328,9.075857624570084,40.0413223140496
600222.SH,20260929,7.99,11500,91885.0,-0.9913258983890949,0.9627145480380781,39.05204460966543
600223.SH,20260929,5.62,10100,56762.0,0.17825311942958333,1.3939999601166988,46.0695187165775
600226.SH,20260929,5.28,338400,1786752.0,0.0,5.56752014928235,45.0
600227.SH,20260929,3.72,524100,1949652.0,-1.0638297872340274,5.3436040349865825,38.617021276595835
600228.SH,20260929,10.14,114000,1155960.0,0.0,4.894022499107974,45.0
600229.SH,20260929,5.72,24400,139568.0,0.0,2.6069653763438287,45.0
600230.SH,20260929,13.43,129000,1732470.0,-0.9587020648967659,7.912865424337006,39.247787610619405
600231.SH,20260929,1.63,588600,959418.0,1.2422360248447006,19.984557979720325,52.453416149068204
600232.SH,20260929,6.87,86700,595629.0,-0.5788712011577379,6.965696783106411,41.526772793053574
600233.SH,20260929,18.09,83900,1517751.0,0.33277870216306127,4.735974206711035,46.99667221297837
600234.SH,20260929,19.57,3000,58710.0,-1.0116337885685334,1.9399018345570034,38.9301972685888
600235.SH,20260929,5.9,18200,107380.0,-0.5059021922428242,3.4899258535384265,41.96458684654306
600236.SH,20260929,9.35,13100,122485.0,-0.10683760683760646,1.4631115224729858,44.358974358974365
600237.SH,20260929,8.71,117200,1020812.0,-0.7972665148063607,3.03085508707117,40.216400911161834
600238.SH,20260929,3.99,8900,35511.0,-0.7462686567163979,3.974359777880843,40.52238805970161
600239.SH,20260929,1.4,31000,43400.0,0.0,2.5576685001142403,45.0
600241.SH,20260929,8.84,2178900,19261476.0,9.950248756218905,126.99087277224082,100.0
600243.SH,20260929,3.53,10700,37771.0,-0.8426966292134908,1.4164713366781472,39.943820224719055
600246.SH,20260929,12.76,323200,4124032.0,-1.161890007745936,4.54520378168248,38.02865995352438
600248.SH,20260929,2.79,19300,53847.0,0.0,1.3718901199758635,45.0
600249.SH,20260929,5.33,4700,25051.0,0.0,1.03033942632415,45.0
600250.SH,20260929,8.93,10500,93765.0,0.5630630630630407,2.1974766691676786,48.378378378378244
600251.SH,20260929,9.87,467000,4609290.0,-0.6042296072507614,23.97587266594623,41.37462235649543
600252.SH,20260929,2.17,192800,418376.0,0.0,3.839973684024545,45.0
600255.SH,20260929,3.3,112100,369930.0,-0.30211480362538623,2.472202441602813,43.18731117824768
600256.SH,20260929,6.76,175300,1185028.0,-0.588235294117645,1.1228547413583931,41.47058823529413
600257.SH,20260929,5.47,38100,208407.0,0.0,4.21922758903172,45.0
600258.SH,20260929,11.03,23500,259205.0,0.36396724294813776,3.302194654581241,47.183803457688825
600259.SH,20260929,73.83,12300,908109.0,-0.2701607456436661,2.7748730327121316,43.379035526138004
600261.SH,20260929,3.24,90200,292248.0,-1.2195121951219412,6.046267076399147,37.682926829268354
600262.SH,20260929,14.48,11200,162176.0,-0.6858710562414272,4.6400464828650225,40.88477366255144
600265.SH,20260929,22.5,4000,90000.0,-0.8810572687224627,6.513285075198048,39.713656387665225
600266.SH,20260929,4.32,576300,2489616.0,1.4084507042253724,7.054499749173852,53.45070422535223
600267.SH,20260929,11.54,52400,604696.0,0.0,3.3197515417169234,45.0
600268.SH,20260929,9.9,7100,70290.0,0.0,1.252115405244862,45.0
600269.SH,20260929,3.74,14800,55352.0,0.2680965147453085,1.4179220458981818,46.60857908847185
600271.SH,20260929,6.56,8700,57072.0,0.15267175572519776,1.1390405200213336,45.91603053435119
600272.SH,20260929,15.0,109400,1641000.0,-0.990099009900991,5.956228363755469,39.059405940594054
600273.SH,20260929,6.14,14300,87802.0,-0.1626016260162677,2.326831497987416,44.024390243902396
600276.SH,20260929,44.34,379300,16818162.0,-0.2923319091522325,4.620399124710109,43.2460085450866
600278.SH,20260929,6.45,2200,14190.0,-0.3091190108191588,0.4773023878136729,43.14528593508505
600279.SH,20260929,4.27,7600,32452.0,0.0,1.4099095106764192,45.0
600280.SH,20260929,2.99,15600,46644.0,-0.33333333333332993,0.6813433313937749,43.00000000000002
600281.SH,20260929,4.58,28200,129156.0,0.0,2.3426867338861066,45.0
600282.SH,20260929,4.41,107100,472311.0,-0.4514672686230181,3.4861957282438274,42.291196388261895
600283.SH,20260929,7.91,16100,127351.0,-0.12626262626261875,7.71148249195372,44.242424242424285
600284.SH,20260929,5.01,31300,156813.0,-0.19920318725099584,3.1830076234223066,43.80478087649402
600285.SH,20260929,18.62,10200,189924.0,-0.10729613733905241,4.019171671497281,44.35622317596569
600287.SH,20260929,4.93,41100,202623.0,-0.6048387096774244,11.60940316794161,41.37096774193545
600288.SH,20260929,10.52,113300,1191916.0,1.056676272814605,10.899215351156318,51.34005763688763
600289.SH,20260929,,0,0.0,,0.0,0.0
600292.SH,20260929,11.02,10100,111302.0,-0.18115942028985588,2.219688538821246,43.91304347826087
600295.SH,20260929,12.79,12000,153480.0,0.23510971786833146,2.042096322841538,46.410658307209985
600298.SH,20260929,38.63,16700,645121.0,-0.1292657704239808,1.6058917855845047,44.224405377456115
600299.SH,20260929,8.06,86700,698802.0,0.0,4.617425275266941,45.0
600300.SH,20260929,3.03,143700,435411.0,-0.328947368421062,8.482791016331726,43.02631578947363
600301.SH,20260929,48.0,92400,4435200.0,-0.39427267067856375,6.737204503110911,42.634363975928615
600302.SH,20260929,6.7,18000,120600.0,0.1494768310911887,7.722517028278116,45.89686098654713
600303.SH,20260929,3.02,89500,270290.0,0.0,3.889770167815758,45.0
600305.SH,20260929,6.66,28300,188478.0,-0.4484304932735439,6.286509999669461,42.30941704035874
600307.SH,20260929,1.43,73800,105534.0,-0.694444444444442,2.2469746037193272,40.83333333333335
600308.SH,20260929,3.23,15600,50388.0,0.31055900621117516,2.522811598124143,46.86335403726705
600309.SH,20260929,69.4,41800,2900920.0,0.0,1.5983075311018136,45.0
600310.SH,20260929,4.49,143500,644315.0,-0.6637168141592764,2.184587419501116,41.017699115044344
600312.SH,20260929,19.49,51400,1001786.0,-0.8142493638676807,2.370268559723636,40.11450381679391
600313.SH,20260929,6.46,105100,678946.0,-0.7680491551459223,4.165163014226513,40.39170506912447
600315.SH,20260929,17.9,6800,121720.0,-0.2785515320334331,1.154372897213554,43.328690807799404
600316.SH,20260929,32.8,21000,688800.0,-0.7564296520423563,3.0206504213765677,40.46142208774586
600318.SH,20260929,6.78,25200,170856.0,-0.14727540500736325,2.0190689371368036,44.11634756995582
600319.SH,20260929,6.22,13300,82726.0,0.8103727714748654,3.76030998852625,49.86223662884919
600320.SH,20260929,3.99,60100,239799.0,0.0,2.641712521629662,45.0
600322.SH,20260929,2.65,11300,29945.0,-0.375939849624074,0.2701658361717437,42.74436090225556
600323.SH,20260929,29.14,10400,303056.0,-0.1028453890983938,2.9248303656101653,44.38292766540964
600325.SH,20260929,2.69,482100,1296849.0,0.3731343283581934,2.6148286657827704,47.23880597014916
600326.SH,20260929,6.61,56800,375448.0,-0.8995502248875464,5.319489278703165,39.602698650674725
600327.SH,20260929,3.78,12100,45738.0,-0.5263157894736858,1.2232509140683483,41.84210526315788
600328.SH,20260929,5.58,43900,244962.0,0.0,5.1139074119340915,45.0
600329.SH,20260929,35.0,8600,301000.0,-0.5116543490619629,5.5620583799560706,41.93007390562822
600330.SH,20260929,27.4,121400,3326360.0,-1.4742898238043867,2.4285613876685113,36.154261057173684
600331.SH,20260929,11.81,66000,779460.0,0.42517006802722523,3.78437449221478,47.55102040816335
600332.SH,20260929,19.39,16700,323813.0,-0.30848329048842604,5.227879579030192,43.14910025706944
600333.SH,20260929,6.76,173100,1170156.0,0.8955223880596996,21.733581882834912,50.3731343283582
600335.SH,20260929,5.17,41000,211970.0,0.0,4.476604530204673,45.0
600336.SH,20260929,6.25,9800,61250.0,-0.15974440894568342,2.228312255197161,44.0415335463259
600337.SH,20260929,3.45,372800,1286160.0,-1.1461318051575908,8.78183190450128,38.123209169054455
600338.SH,20260929,11.68,108600,1268448.0,0.602928509905265,5.428618746522101,48.61757105943159
600339.SH,20260929,3.2,76900,246080.0,-0.31152647975076775,2.3406694919699,43.13084112149539
600340.SH,20260929,1.24,13197600,16365024.0,-3.875968992248069,50.274377581385046,21.744186046511587
600343.SH,20260929,19.85,236500,4694525.0,-1.145418326693215,6.547376532913539,38.12749003984071
600345.SH,20260929,46.54,105000,4886700.0,-0.3426124197002167,14.913754159798897,42.9443254817987
600346.SH,20260929,16.5,93000,1534500.0,0.4872107186357999,2.6840200436075157,47.9232643118148
600348.SH,20260929,8.9,170600,1518340.0,0.11248593925758943,7.001728896814514,45.67491563554554
600350.SH,20260929,10.09,30700,309763.0,-0.0990099009900991,3.874770908702908,44.4059405940594
600351.SH,20260929,6.73,162300,1092279.0,-1.4641288433382083,9.317314341649224,36.21522693997075
600352.SH,20260929,12.14,128700,1562418.0,-0.897959183673469,5.563930496839061,39.61224489795919
600353.SH,20260929,29.0,284300,8244700.0,-1.0576595018764845,8.09921052025234,38.6540429887411
600354.SH,20260929,8.98,511981,4597589.0,0.22321428571427937,9.358742044943362,46.33928571428568
600356.SH,20260929,10.95,516800,5658960.0,-0.9945750452079682,17.730557562080794,39.03254972875219
600358.SH,20260929,5.69,438700,2496203.0,1.2455516014235002,20.316106914454398,52.473309608541
600359.SH,20260929,7.22,864000,6238080.0,-2.695417789757415,20.257314671353203,28.82749326145551
600360.SH,20260929,10.68,427200,4562496.0,-1.5668202764976935,4.367591863676105,35.599078341013836
600361.SH,20260929,3.41,91500,312015.0,0.2941176470588225,2.828983314180133,46.764705882352935
600362.SH,20260929,40.9,102700,4200430.0,-0.04887585532747929,4.5042152576077354,44.70674486803512
600365.SH,20260929,2.87,7900,22673.0,-0.3472222222222099,4.94988765438244,42.91666666666674
600366.SH,20260929,10.7,27600,295320.0,0.093545369504211,2.60640483124301,45.56127221702526
600367.SH,20260929,34.4,252100,8672240.0,-3.0439684329199523,13.09050561940593,26.736189402480285
600368.SH,20260929,4.11,120700,496077.0,0.24390243902441266,9.220499177588506,46.463414634146474
600369.SH,20260929,3.84,70800,271872.0,-0.5181347150259086,3.1569127485294284,41.89119170984455
600370.SH,20260929,1.44,205000,295200.0,0.0,32.70326736881941,45.0
600371.SH,20260929,13.19,2206200,29099778.0,-7.5683251576734385,66.16839935626797,15.0
600372.SH,20260929,11.21,78800,883348.0,-0.2669039145907437,4.534283663713807,43.398576512455534
600373.SH,20260929,7.32,34900,255468.0,-0.5434782608695676,2.3502688239335505,41.739130434782595
600375.SH,20260929,3.61,59500,214795.0,0.0,4.187936586223072,45.0
600376.SH,20260929,3.19,96400,307516.0,0.6309148264984188,0.6684108841399558,48.78548895899051
600377.SH,20260929,12.86,42800,550408.0,0.0,4.167384597511343,45.0
600378.SH,20260929,41.66,144300,6011538.0,-0.6202290076335992,6.327636825039712,41.278625954198404
600379.SH,20260929,14.05,36700,515635.0,-0.5661712668082131,5.3674299808201305,41.60297239915072
600380.SH,20260929,9.75,325800,3176550.0,-0.40858018386107364,8.978742728014776,42.548518896833556
600381.SH,20260929,4.14,1900,7866.0,0.2421307506053294,0.4019492443267338,46.452784503631975
600382.SH,20260929,5.55,23400,129870.0,0.0,3.722914165457634,45.0
600383.SH,20260929,2.42,822000,1989240.0,0.8333333333333304,3.2268436955514535,49.999999999999986
600386.SH,20260929,3.52,16600,58432.0,0.0,1.7480181778095147,45.0
600388.SH,20260929,17.1,21000,359100.0,0.23446658851116187,1.8381305110131814,46.40679953106697
600389.SH,20260929,17.74,12400,219976.0,0.0,2.4489106513430365,45.0
600390.SH,20260929,4.77,90600,432162.0,-0.20920502092051096,4.402874655508693,43.74476987447694
600391.SH,20260929,41.29,50800,2097532.0,-0.8881421027364333,5.385191727115089,39.6711473835814
600392.SH,20260929,20.2,138000,2787600.0,0.3477396920019915,7.004390770046228,47.08643815201195
600395.SH,20260929,5.02,104200,523084.0,0.0,4.852693472908154,45.0
600396.SH,20260929,12.56,164800,2069888.0,0.31948881789138905,3.334460501034052,46.91693290734833
600397.SH,20260929,15.9,420900,6692310.0,-1.2422360248447228,11.451983259345004,37.54658385093166
600398.SH,20260929,5.65,31000,175150.0,0.17730496453902678,1.7796591372064157,46.06382978723416
600399.SH,20260929,4.21,19700,82937.0,-0.23696682464454666,1.1656600760826614,43.57819905213272
600400.SH,20260929,3.29,32000,105280.0,-0.9036144578313143,1.1791663394782481,39.57831325301211
600403.SH,20260929,7.15,655300,4685395.0,-2.188782489740071,6.542913152254805,31.867305061559573
600405.SH,20260929,5.04,11800,59472.0,-0.591715976331364,1.9723867185994621,41.44970414201182
600406.SH,20260929,22.42,237900,5333718.0,-0.3112494441974034,6.908268174379332,43.13250333481558
600408.SH,20260929,3.0,131300,393900.0,-0.6622516556291425,2.3637054380167006,41.02649006622514
600409.SH,20260929,6.11,126600,773526.0,0.0,7.2372105152282815,45.0
600410.SH,20260929,14.41,431400,6216474.0,-0.8940852819807388,8.95282662974224,39.63548830811557
600415.SH,20260929,10.86,186100,2021046.0,0.18450184501843658,4.315468782504738,46.107011070110616
600416.SH,20260929,8.11,23300,188963.0,0.12345679012344402,2.9908695880163125,45.74074074074066
600418.SH,20260929,25.69,3788700,97331703.0,1.8636003172085802,16.735560477494502,56.18160190325148
600419.SH,20260929,8.79,19400,170526.0,0.5720823798626817,7.591750570173742,48.43249427917609
600420.SH,20260929,8.18,18800,153784.0,-0.3654080389768666,3.8054183660134746,42.8075517661388
600422.SH,20260929,8.02,5700,45714.0,-0.12453300124533051,2.1163467579117636,44.25280199252802
600423.SH,20260929,2.63,5100,13413.0,0.0,3.14450664324795,45.0
600425.SH,20260929,3.57,18100,64617.0,0.0,1.4717697828355476,45.0
600426.SH,20260929,19.5,24300,473850.0,0.5154639175257714,0.8908169395553437,48.09278350515463
600428.SH,20260929,10.74,43400,466116.0,-0.5555555555555647,1.2164524544635116,41.666666666666615
600429.SH,20260929,4.67,124300,580481.0,-1.8907563025210017,5.205452436596456,33.65546218487399
600433.SH,20260929,3.19,33300,106227.0,0.0,1.6718917053226143,45.0
600435.SH,20260929,10.79,71500,771485.0,-0.6445672191528584,8.336658876628773,41.13259668508285
600436.SH,20260929,116.3,4500,523350.0,-0.308589062232123,3.0558163735038026,43.14846562660726
600438.SH,20260929,11.18,246600,2756988.0,1.0849909584086825,9.697402237888786,51.5099457504521
600439.SH,20260929,1.84,62100,114264.0,0.5464480874316946,7.961837474247396,48.278688524590166
600444.SH,20260929,14.51,11200,162512.0,-0.13764624913971124,4.790854971511405,44.17412250516173
600446.SH,20260929,10.18,36100,367498.0,-0.2938295788442846,3.408096907031822,43.23702252693429
600448.SH,20260929,3.03,933300,2827899.0,-1.3029315960912058,9.280267498628389,37.182410423452765
600449.SH,20260929,12.35,9400,116090.0,-0.5636070853462183,2.5100350591941467,41.618357487922694
600452.SH,20260929,8.66,35600,308296.0,-0.345224395857302,3.6273190199640437,42.92865362485619
600455.SH,20260929,24.33,4300,104619.0,-0.0821355236139798,3.1136691471396545,44.50718685831612
600456.SH,20260929,24.39,6000,146340.0,0.08206811653672652,2.9358646582843324,45.49240869922036
600458.SH,20260929,10.77,23915,257565.0,-0.46210720887246426,2.85684575678295,42.22735674676522
600459.SH,20260929,18.12,127200,2304864.0,1.2290502793296243,18.090440476258593,52.37430167597775
600460.SH,20260929,31.4,182900,5743060.0,0.0,3.585905811330424,45.0
600461.SH,20260929,8.70002,11794,102608.0,0.00022988505747889576,2.1379817517273274,45.00137931034487
600463.SH,20260929,8.25,43100,355575.0,0.8557457212714059,8.041534142206618,50.13447432762844
600467.SH,20260929,2.4,186100,446640.0,-0.4149377593361092,5.748749083320102,42.51037344398335
600468.SH,20260929,5.83,43600,254188.0,0.0,4.127971199626874,45.0
600469.SH,20260929,4.88,16200,79056.0,-0.2044989775051076,4.649408017370587,43.77300613496936
600470.SH,20260929,5.43,26200,142266.0,0.0,2.5463648496621656,45.0
600475.SH,20260929,14.34,15300,219402.0,-0.06968641114982743,4.646245622107559,44.58188153310103
600476.SH,20260929,9.88,2200,21736.0,0.5086469989827203,5.032002153926576,48.05188199389632
600477.SH,20260929,2.37,35100,83187.0,0.0,1.636247314472977,45.0
600478.SH,20260929,4.36,37200,162192.0,0.6928406466512715,1.2054230570648592,49.15704387990763
600479.SH,20260929,12.08,203100,2453448.0,-0.7395234182415722,4.183326333267447,40.562859490550565
600480.SH,20260929,7.65,25000,191250.0,0.0,3.181748459368282,45.0
600481.SH,20260929,3.9,129700,505830.0,0.5154639175257714,4.984439380987082,48.09278350515463
600482.SH,20260929,33.7,51900,1749030.0,-0.11855364552459946,3.866297835695532,44.2886781268524
600483.SH,20260929,10.94,45400,496676.0,-0.545454545454549,2.8725574266985174,41.727272727272705
600486.SH,20260929,51.5,1400,72100.0,0.2725856697819218,0.49491457088078616,46.63551401869153
600487.SH,20260929,55.79,5150354,287338250.0,-7.998021108179421,25.328834977949906,15.0
600488.SH,20260929,6.76,6096600,41213016.0,7.814992025518341,43.11726689534325,91.88995215311004
600489.SH,20260929,20.95,1041417,21817686.0,0.0,15.844299176075145,45.0
600490.SH,20260929,6.47,117500,760225.0,-0.6144393241167445,3.7383759852499807,41.31336405529953
600491.SH,20260929,1.51,898500,1356735.0,-0.6578947368421018,25.17230767295487,41.05263157894739
600493.SH,20260929,6.45,15100,97395.0,0.15527950310558758,1.9236997038298442,45.93167701863352
600495.SH,20260929,4.03,24200,97526.0,-0.49382716049382047,2.9754518964135377,42.03703703703708
600496.SH,20260929,3.32,25600,84992.0,-0.5988023952095856,1.5996598012655328,41.40718562874249
600497.SH,20260929,8.81,231400,2038634.0,-0.22650056625140857,5.3895759434936314,43.64099660249155
600498.SH,20260929,35.88,562400,20178912.0,-2.948336489045167,8.234042550586903,27.309981065728998
600499.SH,20260929,11.02,287300,3166046.0,-0.8992805755395628,11.236809606615696,39.604316546762625
600500.SH,20260929,4.93,1730000,8528900.0,-1.7928286852589626,25.66992858264637,34.24302788844622
600501.SH,20260929,14.38,45500,654290.0,-1.1683848797250818,11.683788806869966,37.98969072164951
600502.SH,20260929,4.12,132700,546724.0,-0.2421307506053183,5.988984914138683,43.54721549636809
600503.SH,20260929,2.49,2516200,6265338.0,1.6326530612244872,13.085097823278891,54.79591836734692
600505.SH,20260929,10.3,35600,366680.0,-0.675024108003841,5.904861200978042,40.94985535197695
600506.SH,20260929,16.0,186600,2985600.0,-2.2602321319486918,10.178471916197875,31.43860720830785
600507.SH,20260929,3.95,19800,78210.0,-0.2525252525252486,1.3439614143368084,43.484848484848506
600508.SH,20260929,10.57,17600,186032.0,0.18957345971564177,1.4662010981123654,46.13744075829385
600509.SH,20260929,7.02,32800,230256.0,-0.42553191489361764,2.1880241143337242,42.44680851063829
600510.SH,20260929,6.43,11800,75874.0,0.46874999999999556,1.781272365240421,47.81249999999997
600511.SH,20260929,25.85,4300,111155.0,0.0,2.460443209592884,45.0
600512.SH,20260929,2.05,17000,34850.0,0.0,0.6727378441966179,45.0
600513.SH,20260929,14.91,14700,219177.0,0.40404040404040664,2.4234346753401708,47.424242424242436
600515.SH,20260929,2.66,219000,582540.0,0.0,2.968580651236292,45.0
600516.SH,20260929,5.26,53600,281936.0,-0.5671077504725952,1.936857029172961,41.59735349716443
600517.SH,20260929,4.77,13100,62487.0,-0.41753653444677186,0.8875677743937287,42.49478079331937
600518.SH,20260929,1.32,650700,858924.0,0.0,6.536964355109763,45.0
600519.SH,20260929,1244.6,31127,38740664.0,0.057883397112235,11.88342833295077,45.34730038267341
600520.SH,20260929,25.19,59100,1488729.0,-0.7486209613869144,9.475610141950176,40.50827423167851
600521.SH,20260929,15.91,22900,364339.0,0.0,1.2032357281820216,45.0
600522.SH,20260929,30.76,2176740,66956522.0,-1.7879948914431676,19.135464953076866,34.272030651341
600523.SH,20260929,11.72,14600,171112.0,-0.5093378607809784,7.043803581483826,41.94397283531413
600525.SH,20260929,4.81,40600,195286.0,0.41753653444676075,4.338828547397146,47.505219206680565
600526.SH,20260929,4.51,107100,483021.0,-0.44150110375277274,19.117712015707664,42.35099337748336
600527.SH,20260929,2.15,25600,55040.0,0.0,1.1071523753256207,45.0
600528.SH,20260929,6.72,28500,191520.0,0.0,6.571458746494244,45.0
600529.SH,20260929,18.19,10600,192814.0,-0.16465422612512715,2.4224753000215067,44.012074643249235
600530.SH,20260929,3.84,3200,12288.0,0.0,0.773990395414107,45.0
600531.SH,20260929,10.97,184500,2023965.0,-0.5439709882139487,11.38176844676067,41.73617407071631
600533.SH,20260929,2.22,16900,37518.0,-0.4484304932735328,0.8797712960439557,42.3094170403588
600535.SH,20260929,13.74,14800,203352.0,-0.43478260869566077,1.8626990592908088,42.391304347826036
600536.SH,20260929,30.71,28800,884448.0,-0.8074935400516847,3.261698943440962,40.155038759689894
600537.SH,20260929,2.09,51500,107635.0,-0.4761904761904856,3.1480828823084672,42.14285714285709
600538.SH,20260929,4.7,10600,49820.0,0.0,1.1365198243663965,45.0
600539.SH,20260929,14.16,23700,335592.0,0.07067137809186885,2.3436941353725,45.42402826855121
600540.SH,20260929,5.51,1797500,9904225.0,-2.3049645390070927,17.227242863011437,31.170212765957444
600543.SH,20260929,4.01,10800,43308.0,-1.231527093596052,4.178776527796419,37.61083743842369
600545.SH,20260929,3.95,329200,1300340.0,-0.7537688442211032,6.093437408585728,40.47738693467338
600546.SH,20260929,13.14,14800,194472.0,-0.605143721633894,0.9450760145877376,41.369137670196636
600547.SH,20260929,25.36,2287673,58015387.0,-3.0581039755351758,20.422677222041692,26.651376146788945
600548.SH,20260929,7.95,7000,55650.0,-0.12562814070351536,3.176107544085828,44.24623115577891
600549.SH,20260929,43.2,178100,7693920.0,-0.6896551724137834,7.1341856552145915,40.8620689655173
600550.SH,20260929,10.1,29900,301990.0,0.0,2.880621407623344,45.0
600551.SH,20260929,7.58,112200,850476.0,-0.2631578947368318,4.849759809794181,43.42105263157901
600552.SH,20260929,17.56,1103000,19368680.0,-2.0635805911879634,15.74934212803574,32.61851645287222
600556.SH,20260929,4.44,48100,213564.0,-0.4484304932735328,0.9894238703275986,42.3094170403588
600557.SH,20260929,12.12,8800,106656.0,-0.8183306055646544,2.0434453228455274,40.090016366612076
600558.SH,20260929,4.72,104900,495128.0,-0.6315789473684275,11.042305965195398,41.21052631578944
600559.SH,20260929,10.8,9200,99360.0,-0.09250693802035359,1.806328629425246,44.44495837187788
600560.SH,20260929,11.48,17900,205492.0,-0.7778738115816752,4.812887442275599,40.33275713050995
600561.SH,20260929,5.89,54400,320416.0,0.1700680272108901,11.943915752928806,46.020408163265344
600562.SH,20260929,26.7,7600,202920.0,-0.03743916136279557,1.788486525448034,44.77536503182323
600563.SH,20260929,116.0,4200,487200.0,-0.03447087211306821,1.6565632346823518,44.79317476732159
600566.SH,20260929,24.67,7900,194893.0,0.040551500405516805,2.1371645740087635,45.2433090024331
600567.SH,20260929,1.3,819500,1065350.0,0.0,19.960107887816456,45.0
600568.SH,20260929,2.36,3400,8024.0,0.0,0.7749540716090786,45.0
600569.SH,20260929,1.74,11900,20706.0,-0.5714285714285672,0.5902620950706815,41.5714285714286
600570.SH,20260929,19.42,58200,1130244.0,0.0,5.46650102649367,45.0
600571.SH,20260929,10.09,5200,52468.0,0.0,1.0272739591513913,45.0
600572.SH,20260929,4.24,63400,268816.0,-0.23529411764705577,2.4290533196251793,43.588235294117666
600573.SH,20260929,10.22,276000,2820720.0,0.2944062806673253,24.95376151291176,46.766437684003954
600575.SH,20260929,3.12,80500,251160.0,0.0,4.842272273474016,45.0
600576.SH,20260929,5.29,4900,25921.0,0.0,1.3689272370891035,45.0
600577.SH,20260929,8.26,76800,634368.0,0.12121212121212199,1.4276041657430505,45.727272727272734
600578.SH,20260929,5.17,198100,1024177.0,-0.3853564547206201,7.534833514953482,42.68786127167628
600579.SH,20260929,6.88,29700,204336.0,0.0,8.045285045453955,45.0
600580.SH,20260929,26.1,49200,1284120.0,-0.6092916984006047,3.322061137923598,41.34424980959637
600581.SH,20260929,2.4,7400,17760.0,-0.4149377593361092,1.4684569494063664,42.51037344398335
600582.SH,20260929,4.78,12500,59750.0,-0.20876826722338038,1.4367686531947061,43.74739039665972
600583.SH,20260929,6.47,124500,805515.0,-0.4615384615384688,2.4792516737784265,42.230769230769184
600584.SH,20260929,65.38,214400,14017472.0,-0.07641754546845458,4.834167047040876,44.541494727189274
600585.SH,20260929,16.84,61600,1037344.0,0.4174120453190211,3.715528202863204,47.504472271914125
600586.SH,20260929,3.9,30100,117390.0,-0.2557544757033292,2.647303233757913,43.465473145780024
600587.SH,20260929,12.77,39000,498030.0,-0.23437500000000888,3.171909872387486,43.59374999999994
600588.SH,20260929,9.09,119600,1087164.0,-0.2195389681668436,4.181812519721176,43.68276619099894
600589.SH,20260929,7.36,108500,798560.0,0.13605442176871652,3.146600034946899,45.8163265306123
600590.SH,20260929,8.1,6600,53460.0,0.12360939431397266,0.6285649175109662,45.741656365883834
600592.SH,20260929,14.95,242600,3626870.0,1.8392370572207106,14.652398077950158,56.035422343324264
600593.SH,20260929,50.11,71600,3587876.0,1.1097659402744098,5.16741929772604,51.65859564164646
600594.SH,20260929,3.59,18800,67492.0,-0.2777777777777879,1.2608349147478362,43.33333333333327
600595.SH,20260929,5.74,261000,1498140.0,0.0,4.598677406454238,45.0
600596.SH,20260929,10.42,205700,2143394.0,-0.19157088122604415,9.76283482616897,43.850574712643734
600597.SH,20260929,6.76,14600,98696.0,-0.1477104874446078,2.780323537418009,44.11373707533235
600598.SH,20260929,12.29,118700,1458823.0,-0.5663430420712046,6.229525715909846,41.60194174757277
600600.SH,20260929,49.78,11900,592382.0,0.16096579476860828,5.136151380610223,45.96579476861165
600601.SH,20260929,12.75,628700,8015925.0,-0.932400932400923,3.111554230356259,39.405594405594464
600602.SH,20260929,16.19,19000,307610.0,-0.24645717806530687,2.0024694932127995,43.52125693160816
600603.SH,20260929,4.66,15100,70366.0,-0.21413276231262435,1.7097626924901432,43.715203426124255
600604.SH,20260929,4.79,23200,111128.0,0.41928721174004924,0.8755106886353083,47.5157232704403
600605.SH,20260929,29.62,66800,1978616.0,-0.5038629492777891,11.925402790843536,41.97682230433327
600606.SH,20260929,1.42,3671100,5212962.0,0.7092198581560183,8.849732784674195,49.25531914893611
600609.SH,20260929,3.55,318400,1130320.0,-0.8379888268156499,7.914813161162386,39.9720670391061
600610.SH,20260929,7.3,14500,105850.0,-0.6802721088435382,1.3497860241663089,40.91836734693877
600611.SH,20260929,4.27,99600,425292.0,0.0,4.281145205033718,45.0
600612.SH,20260929,31.01,2800,86828.0,-0.6726457399103047,2.836980929252731,40.96412556053817
600613.SH,20260929,8.05,455600,3667580.0,-2.8950542822677727,8.005934604927281,27.629674306393362
600615.SH,20260929,9.48,9300,88164.0,1.1739594450373758,4.5077611166796565,52.043756670224255
600616.SH,20260929,5.22,943300,4924026.0,0.5780346820809079,17.697125284300355,48.46820809248545
600617.SH,20260929,3.23,5200,16796.0,-0.9202453987730008,0.24313210431473214,38.24230638401378
600618.SH,20260929,9.55,4500,42975.0,-0.31315240083507057,1.5214541497622105,43.12108559498958
600619.SH,20260929,13.06,65400,854124.0,-0.9104704097116834,4.436767861021126,39.5371775417299
600620.SH,20260929,4.31,67700,291787.0,0.23255813953488857,11.504872873770859,46.39534883720933
600621.SH,20260929,13.45,97100,1305995.0,-0.4441154700222105,6.75353944221756,42.33530717986674
600622.SH,20260929,2.43,95700,232551.0,1.2500000000000178,2.0851223719927314,52.50000000000011
600623.SH,20260929,8.6,42300,363780.0,0.0,2.6097415774747894,45.0
600624.SH,20260929,4.58,200,916.0,0.0,0.12550448418205057,22.590807152769102
600626.SH,20260929,3.76,14200,53392.0,0.0,1.0089086566354404,45.0
600628.SH,20260929,6.27,7800,48906.0,0.15974440894568342,2.076790017955023,45.9584664536741
600629.SH,20260929,16.02,47280,757426.0,0.4388714733542409,1.770026140570576,47.63322884012545
600630.SH,20260929,7.87,1034600,8142302.0,-0.8816120906801062,14.768436895640757,39.71032745591936
600633.SH,20260929,9.95,27500,273625.0,0.0,3.226353370784934,45.0
600635.SH,20260929,4.39,44900,197111.0,0.0,2.8670412336939037,45.0
600637.SH,20260929,8.63,156500,1350595.0,-0.34642032332562467,4.4718425777382675,42.921478060046255
600638.SH,20260929,5.05,52100,263105.0,0.0,3.1190513465285075,45.0
600639.SH,20260929,9.59,29300,280987.0,-0.10416666666666075,5.27842847489622,44.375000000000036
600640.SH,20260929,12.47,86300,1076161.0,-0.08012820512820484,4.040597210946725,44.519230769230774
600641.SH,20260929,49.21,643400,31661714.0,0.0,11.294396391319646,45.0
600642.SH,20260929,8.81,45300,399093.0,0.0,2.3409383116917777,45.0
600643.SH,20260929,4.0,9000,36000.0,0.0,0.6486423609082852,45.0
600644.SH,20260929,8.83,45700,403531.0,-0.3386004514672636,2.4355235471805785,42.96839729119642
600645.SH,20260929,18.77,8500,159545.0,0.0,1.564659657177082,45.0
600648.SH,20260929,9.32,1100,10252.0,-0.1071811361200381,0.4912051424942901,44.35691318327977
600649.SH,20260929,4.02,80600,324012.0,0.49999999999998934,2.392852954728301,47.999999999999936
600650.SH,20260929,10.21,16800,171528.0,0.3933136676499638,5.267901060459613,47.359882005899784
600651.SH,20260929,5.01,141900,710919.0,-1.183431952662728,8.49282702623683,37.899408284023636
600653.SH,20260929,1.66,601200,997992.0,-1.1904761904761862,9.826540477646558,37.85714285714288
600654.SH,20260929,2.97,166600,494802.0,-0.6688963210702337,3.2646758976082224,40.9866220735786
600655.SH,20260929,4.43,62100,275103.0,-0.6726457399103158,5.641630554951159,40.96412556053811
600657.SH,20260929,3.18,1255200,3991536.0,3.583061889250816,15.785118243488538,66.4983713355049
600658.SH,20260929,4.09,34100,139469.0,0.9876543209876631,1.6467435869610176,50.92592592592598
600660.SH,20260929,53.14,27300,1450722.0,0.4347004347004413,3.08185644979638,47.608202608202646
600661.SH,20260929,9.15,17100,156465.0,-0.5434782608695565,2.6196325221387955,41.73913043478266
600662.SH,20260929,4.16,32300,134368.0,-0.23980815347721673,4.090006689849297,43.5611510791367
600663.SH,20260929,8.8,51000,448800.0,0.5714285714285783,1.9182217612411256,48.42857142857147
600664.SH,20260929,7.11,2737400,19462914.0,-3.00136425648021,6.236986981728189,26.99181446111874
600665.SH,20260929,3.39,22000,74580.0,0.8928571428571397,1.9634697221674546,50.35714285714284
600666.SH,20260929,3.16,118100,373196.0,-0.940438871473348,3.0097227344666075,39.35736677115991
600667.SH,20260929,17.7,1227000,21717900.0,-0.6176305446378372,12.840996249092722,41.29421673217298
600668.SH,20260929,7.3,11760,85848.0,-0.544959128065392,4.026635229568583,41.73024523160765
600671.SH,20260929,21.86,7400,161764.0,0.09157509157509125,3.4537050885059433,45.54945054945055
600673.SH,20260929,30.31,13700,415247.0,0.0,1.2359493347654436,45.0
600674.SH,20260929,16.46,230600,3795676.0,-0.6038647342995085,8.622472553129017,41.37681159420295
600675.SH,20260929,2.4,1756800,4216320.0,2.127659574468077,14.075716170730848,57.765957446808464
600676.SH,20260929,6.71,230400,1545984.0,0.44910179640718084,23.91936904569224,47.694610778443085
600678.SH,20260929,5.68,87400,496432.0,1.610017889087656,7.824262998074085,54.66010733452593
600679.SH,20260929,10.54,15000,158100.0,-0.09478672985783199,3.4926831932217293,44.431279620853005
600681.SH,20260929,3.45,18700,64515.0,-0.28901734104045396,1.0724177090830547,43.26589595375728
600682.SH,20260929,5.69,28100,159889.0,-0.6980802792321161,2.345027391774967,40.811518324607306
600683.SH,20260929,8.99,33800,303862.0,0.7847533632286963,1.5069381358556044,49.70852017937218
600684.SH,20260929,3.54,41700,147618.0,0.5681818181818121,1.8449243465161809,48.40909090909087
600685.SH,20260929,28.15,48000,1351200.0,-0.4596888260254728,4.81765307887644,42.241867043847165
600686.SH,20260929,11.0,104700,1151700.0,0.8249312557286892,3.3057395405491046,49.949587534372135
600688.SH,20260929,2.72,57700,156944.0,0.0,1.4325455726187075,45.0
600689.SH,20260929,11.92,1300,15496.0,0.33670033670032407,0.5171910106621918,47.02020202020194
600690.SH,20260929,20.21,70400,1422784.0,0.24801587301588324,2.1375613092845467,46.4880952380953
600691.SH,20260929,2.66,101800,270788.0,-0.7462686567164201,3.562836672066244,40.52238805970148
600692.SH,20260929,6.47,12400,80228.0,-0.30816640986133237,1.2729582869587655,43.151001540832006
600693.SH,20260929,9.23,136300,1258049.0,-0.6458557588804981,3.625254495272321,41.12486544671701
600694.SH,20260929,14.23,8400,119532.0,-0.41987403778865895,4.530669290289524,42.480755773268044
600697.SH,20260929,11.26,10400,117104.0,-0.17730496453900457,2.2065710723288348,43.93617021276597
600698.SH,20260929,7.05,187700,1323285.0,1.0028653295128809,9.954559287602649,51.01719197707729
600699.SH,20260929,23.0,1586400,36487200.0,-4.24646128226478,17.181922318961657,19.52123230641132
600702.SH,20260929,31.88,9800,312424.0,-0.03135779241142389,3.335378390961981,44.81185324553146
600703.SH,20260929,11.42,743100,8486202.0,-1.4667817083692802,11.992350357047833,36.19930974978432
600704.SH,20260929,4.75,89600,425600.0,0.21097046413500742,3.8355384900928695,46.26582278481004
600706.SH,20260929,8.09,23300,188497.0,0.3722084367245637,3.694764691882494,47.233250620347384
600707.SH,20260929,9.79,8217400,80448346.0,-5.684007707129113,31.189044602726693,15.0
600708.SH,20260929,2.99,55000,164450.0,-0.33333333333332993,1.8214081255824186,43.00000000000002
600710.SH,20260929,11.13,20300,225939.0,-0.4472271914132242,3.055620876942459,42.316636851520656
600711.SH,20260929,10.1,339000,3423900.0,-0.5905511811023723,10.949340714513124,41.456692913385766
600712.SH,20260929,5.37,54000,289980.0,0.0,4.094538225171729,45.0
600713.SH,20260929,4.92,18700,92004.0,-0.20283975659228792,3.3896386787527084,43.78296146044627
600714.SH,20260929,17.83,89100,1588653.0,0.16853932584268705,6.906195226887158,46.01123595505612
600715.SH,20260929,1.61,239000,384790.0,-0.6172839506172867,5.011032567153716,41.296296296296276
600716.SH,20260929,3.71,5900,21889.0,-0.26881720430108613,0.7588713303133335,43.38709677419348
600717.SH,20260929,4.20001,24644,103505.0,-0.23729216152019728,1.9236834867221793,43.57624703087882
600718.SH,20260929,7.84,21300,166992.0,0.0,4.99450891740508,45.0
600719.SH,20260929,7.54,1152300,8688342.0,-3.826530612244894,23.031990623697897,22.04081632653064
600720.SH,20260929,5.07,8000,40560.0,0.19762845849804478,2.6360700562914046,46.18577075098827
600721.SH,20260929,12.5,733600,9170000.0,2.6272577996715896,4.6865572096749855,60.76354679802954
600722.SH,20260929,14.91,302500,4510275.0,-1.0617120106171218,4.12814984175794,38.62972793629727
600724.SH,20260929,4.86,24700,120042.0,0.0,2.734574344078713,45.0
600725.SH,20260929,3.27,26100,85347.0,0.0,2.138867153486768,45.0
600726.SH,20260929,4.97,116100,577017.0,0.20161290322580072,3.283289789487522,46.209677419354804
600727.SH,20260929,7.41,32300,239343.0,-0.6702412868632712,5.833740338095309,40.97855227882037
600728.SH,20260929,4.37,37900,165623.0,0.0,2.543519588992371,45.0
600729.SH,20260929,18.27,6200,113274.0,0.21941854086668933,3.4975425127691144,46.31651124520013
600730.SH,20260929,8.48,44500,377360.0,-0.46948356807510194,8.09399119390231,42.18309859154939
600731.SH,20260929,5.8,200,1160.0,0.17271157167528806,0.07541514411508975,14.610995370767883
600732.SH,20260929,11.05,30200,333710.0,0.36330608537693543,2.1744821808642936,47.179836512261616
600733.SH,20260929,4.87,1560900,7601583.0,-1.6161616161616155,7.794599610078834,35.30303030303031
600734.SH,20260929,1.84,247100,454664.0,0.0,11.451473454367555,45.0
600735.SH,20260929,6.28,59200,371776.0,-0.7898894154818259,12.110883041027304,40.260663507109044
600736.SH,20260929,6.36,39500,251220.0,0.0,2.5409849380341347,45.0
600737.SH,20260929,14.0,834100,11677400.0,0.0,17.235112225370433,45.0
600738.SH,20260929,4.18,12500,52250.0,-0.7125890736342066,1.5228612070125063,40.72446555819476
600739.SH,20260929,10.06,21300,214278.0,-0.1984126984126977,2.5245059203739038,43.80952380952381
600740.SH,20260929,3.71,24100,89411.0,-0.536193029490617,1.146657318412634,41.7828418230563
600741.SH,20260929,14.97,52100,779937.0,-0.06675567423231055,2.983740080433899,44.59946595460614
600742.SH,20260929,7.77,37700,292929.0,-0.38461538461538325,7.972446859607816,42.6923076923077
600743.SH,20260929,2.23,1885100,4203773.0,-3.0434782608695587,8.430063559634267,26.73913043478265
600744.SH,20260929,6.02,97300,585746.0,-0.16583747927032544,2.680104872133119,44.00497512437805
600745.SH,20260929,16.39,190100,3115739.0,0.5521472392638005,12.605053473691923,48.312883435582805
600746.SH,20260929,6.8,26700,181560.0,-0.1468428781204123,4.203677481527643,44.11894273127753
600748.SH,20260929,3.94,45800,180452.0,0.7672634271099765,2.089988377500184,49.60358056265986
600749.SH,20260929,12.79,9400,120226.0,0.07824726134584292,2.7915960665954924,45.469483568075056
600750.SH,20260929,22.39,8200,183598.0,-0.1338090990187335,2.287725312869781,44.197145405887596
600751.SH,20260929,2.82,20100,56682.0,0.0,0.9302137960575589,45.0
600753.SH,20260929,13.89,7900,109731.0,1.3129102844638973,1.875852645723899,52.877461706783386
600754.SH,20260929,17.95,21600,387720.0,0.3353828954723248,3.5820584768551877,47.01229737283395
600755.SH,20260929,5.71,133800,763998.0,-0.868055555555558,5.580260201494666,39.79166666666665
600756.SH,20260929,13.6,2300,31280.0,0.22107590272659738,0.26393144809271263,46.326455416359586
600757.SH,20260929,7.33,6900,50577.0,0.0,1.1179027942884026,45.0
600758.SH,20260929,3.57,588100,2099517.0,0.2808988764044784,5.565716134260104,46.68539325842687
600759.SH,20260929,2.23,1095400,2442742.0,0.0,15.723130493225357,45.0
600760.SH,20260929,43.22,39100,1689902.0,-0.27688047992617815,3.026996009580672,43.33871712044293
600761.SH,20260929,14.92,48300,720636.0,0.6068779501011479,8.224030198645828,48.64126770060689
600763.SH,20260929,33.3,8240,274392.0,0.12026458208056479,1.930229402072063,45.72158749248339
600764.SH,20260929,18.05,3400,61370.0,-0.44125758411471816,0.9750970354221913,42.35245449531169
600765.SH,20260929,13.06,20100,262506.0,-0.07651109410864443,2.6230622233494527,44.54093343534814
600768.SH,20260929,14.74,13100,193094.0,0.2721088435374108,6.284090869150293,46.63265306122447
600769.SH,20260929,14.46,39200,566832.0,-0.3445899379738049,5.7457826886421595,42.93246037215717
600770.SH,20260929,5.89,334800,1971972.0,-0.16949152542373724,4.831043562559708,43.98305084745758
600771.SH,20260929,14.08,41600,585728.0,0.2849002849002913,4.365590671435847,46.709401709401746
600773.SH,20260929,9.29,56000,520240.0,0.0,2.7491460507354946,45.0
600774.SH,20260929,7.75,7400,57350.0,-0.2574002574002532,1.8582950093065422,43.455598455598484
600775.SH,20260929,9.28,251600,2334848.0,0.10787486515642097,22.672806337954245,45.647249190938524
600776.SH,20260929,12.28,99700,1224316.0,0.08149959250203231,12.11649788720154,45.48899755501219
600777.SH,20260929,4.02,11200,45024.0,0.0,1.179334921530904,45.0
600778.SH,20260929,5.7,21200,120840.0,-0.5235602094240899,2.497340685567138,41.85863874345546
600779.SH,20260929,26.15,4500,117675.0,0.6543494996150923,3.6742667812124084,48.92609699769055
600780.SH,20260929,6.07,34800,211236.0,-0.4918032786885185,5.331796799064187,42.04918032786889
600782.SH,20260929,2.62,27900,73098.0,0.0,0.830875165660979,45.0
600783.SH,20260929,14.69,20400,299676.0,-0.40677966101695384,2.9629288927221427,42.559322033898276
600784.SH,20260929,6.93,4300,29799.0,-0.7163323782235054,0.8998930238918139,40.70200573065897
600785.SH,20260929,10.48,34266,359108.0,0.09551098376312517,2.802349291845878,45.57306590257875
600787.SH,20260929,4.53,19600,88788.0,0.0,2.380616907104381,45.0
600789.SH,20260929,7.69,86400,664416.0,-0.5174644243208237,4.111016808048044,41.895213454075055
600790.SH,20260929,3.87,1396000,5402520.0,4.594594594594592,26.448201204891873,72.56756756756755
600791.SH,20260929,6.9,63000,434700.0,1.7699115044247815,3.939011809858762,55.619469026548686
600792.SH,20260929,5.43,776900,4218567.0,-1.272727272727281,7.025065453427851,37.36363636363632
600793.SH,20260929,16.89,26100,440829.0,1.319736052789433,8.320665506770222,52.9184163167366
600794.SH,20260929,3.15,6800,21420.0,-0.31645569620254443,0.7295691764584307,43.10126582278473
600795.SH,20260929,5.37,513300,2756421.0,-0.5555555555555647,4.767109642971821,41.666666666666615
600796.SH,20260929,5.06,10900,55154.0,-0.5893909626719096,2.8421310448425863,41.46365422396854
600797.SH,20260929,6.4,4600,29440.0,-0.31152647975076775,0.5729127958808037,43.13084112149539
600798.SH,20260929,3.38,44800,151424.0,-0.588235294117645,3.956168214483342,41.47058823529413
600800.SH,20260929,3.17,5000,15850.0,0.31645569620253333,0.4422416871188333,46.8987341772152
600801.SH,20260929,23.52,5100,119952.0,-1.3836477987421492,0.6613725289553521,36.69811320754711
600802.SH,20260929,6.55,5621400,36820170.0,-10.027472527472536,49.641632079358516,15.0
600803.SH,20260929,18.67,38200,713194.0,-0.3735325506936893,9.0854507333595,42.75880469583787
600805.SH,20260929,4.54,44400,201576.0,-0.219780219780219,5.670177475744869,43.681318681318686
600807.SH,20260929,2.62,115400,302348.0,0.0,8.464147526350171,45.0
600808.SH,20260929,2.39,187500,448125.0,0.0,3.0037703023200883,45.0
600809.SH,20260929,110.06,10500,1155630.0,-0.18138944313441652,2.1364454770288437,43.9116633411935
600810.SH,20260929,6.26,5600,35056.0,-0.7923930269413626,1.2103336168470318,40.24564183835182
600812.SH,20260929,4.88,113200,552416.0,-0.40816326530612734,4.484638908616634,42.55102040816324
600814.SH,20260929,6.96,24300,169128.0,1.7543859649122862,5.625451462536555,55.52631578947371
600815.SH,20260929,3.88,2976500,11548820.0,-7.398568019093088,16.52946280685734,15.0
600816.SH,20260929,2.33,85100,198283.0,0.0,2.5793138723048217,45.0
600817.SH,20260929,9.62,3800,36556.0,0.0,2.2614292930936335,45.0
600818.SH,20260929,9.05,300,2715.0,-0.44004400440043057,0.1470513522820691,23.828979384369852
600819.SH,20260929,5.56,4800,26688.0,-0.35842293906810374,0.8395098606233701,42.84946236559138
600820.SH,20260929,5.22,56400,294408.0,0.38461538461538325,8.36747068182176,47.3076923076923
600821.SH,20260929,5.71,54600,311766.0,-0.17482517482516613,2.1452185807060857,43.951048951049
600822.SH,20260929,9.07,91500,829905.0,-0.22002200220021528,11.197285359391365,43.67986798679871
600824.SH,20260929,3.61,13700,49457.0,-0.8241758241758323,1.6384446288238974,40.05494505494501
600825.SH,20260929,9.41,4502080,42364573.0,10.058479532163744,287.64588237134546,100.0
600826.SH,20260929,8.0,50200,401600.0,0.12515644555695093,8.21061318662505,45.75093867334171
600827.SH,20260929,7.65,39500,302175.0,-0.26075619295957697,5.144450658474362,43.435462842242536
600828.SH,20260929,4.27,3100,13237.0,0.0,0.23468480006989662,42.24326401258139
600829.SH,20260929,9.33,9600,89568.0,-0.7446808510638281,1.6139247571369204,40.53191489361703
600830.SH,20260929,8.32,6100,50752.0,-0.12004801920768582,1.062081590349991,44.27971188475389
600831.SH,20260929,3.23,364400,1177012.0,-3.003003003003002,10.416432881934398,26.98198198198199
600833.SH,20260929,10.54,16000,168640.0,-0.47214353163362865,4.12892580623434,42.167138810198225
600834.SH,20260929,7.58,2600,19708.0,-0.5249343832021025,1.4084439602888554,41.850393700787386
600835.SH,20260929,18.31,9400,172114.0,-0.05458515283843779,2.4103246604274444,44.67248908296937
600838.SH,20260929,8.18,21000,171780.0,0.49140049140048436,2.748036576817965,47.94840294840291
600839.SH,20260929,6.42,83200,534144.0,0.0,3.723815873902921,45.0
600841.SH,20260929,5.48,18100,99188.0,0.1828153564899626,1.5217014434900271,46.09689213893978
600843.SH,20260929,7.9,1221900,9653010.0,0.7653061224489832,35.40135308210176,49.5918367346939
600844.SH,20260929,3.23,36200,116926.0,0.0,1.861060914227114,45.0
600845.SH,20260929,18.01,40600,731206.0,0.0,3.8265432947318248,45.0
600846.SH,20260929,10.6,3500,37100.0,0.0,2.078731827905658,45.0
600847.SH,20260929,12.55,29900,375245.0,0.15961691939345712,5.618212119297052,45.95770151636074
600848.SH,20260929,8.53,35600,303668.0,0.589622641509413,3.188669058598981,48.537735849056475
600850.SH,20260929,13.49,13500,182115.0,-0.07407407407407085,2.4435326460671063,44.55555555555557
600851.SH,20260929,7.88,15800,124504.0,-0.25316455696202667,3.4605121004244483,43.48101265822784
600853.SH,20260929,3.23,21500,69445.0,-0.30864197530865445,2.0877377148457827,43.148148148148074
600854.SH,20260929,4.71,17300,81483.0,-0.6329113924050667,1.9881263355554568,41.2025316455696
600855.SH,20260929,12.48,19700,245856.0,0.0801924619085792,2.267841262623501,45.48115477145147
600857.SH,20260929,17.58,65600,1153248.0,-5.6866952789699665,4.896705407242127,15.0
600858.SH,20260929,4.85,51600,250260.0,-0.6147540983606592,7.566865209445936,41.31147540983604
600859.SH,20260929,9.58,26600,254828.0,-0.10427528675703845,3.1360101333684214,44.37434827945777
600860.SH,20260929,7.4,9700,71780.0,0.0,1.8684378214712607,45.0
600861.SH,20260929,12.64,7200,91008.0,0.7171314741035939,4.1660134001088105,49.30278884462156
600862.SH,20260929,17.6,16600,292160.0,-0.4524886877827927,2.4460596583535494,42.28506787330324
600863.SH,20260929,4.7,175300,823910.0,-0.8438818565400852,3.038701321362807,39.93670886075949
600864.SH,20260929,5.62,45200,254024.0,-0.1776198934280604,2.18389782517825,43.934280639431634
600865.SH,20260929,10.55,46100,486355.0,-0.37771482530688516,3.0924207704796345,42.73371104815869
600866.SH,20260929,4.08,62900,256632.0,0.0,5.505439869804645,45.0
600867.SH,20260929,7.73,23000,177790.0,0.0,2.149225102746112,45.0
600868.SH,20260929,2.73,100200,273546.0,0.0,2.835630872358131,45.0
600869.SH,20260929,17.95,1018000,18273100.0,-0.7739082365948113,10.965115159188088,40.35655058043113
600871.SH,20260929,2.08,125300,260624.0,-0.4784688995215225,2.1064675036062255,42.12918660287087
600872.SH,20260929,17.1,10300,176130.0,-0.17513134851137035,1.2937654849415814,43.94921190893178
600873.SH,20260929,7.31,63700,465647.0,0.274348422496562,4.317098724826605,46.64609053497937
600874.SH,20260929,5.43,5500,29865.0,0.0,1.076682351775648,45.0
600875.SH,20260929,22.58,110200,2488316.0,-0.5724350506384979,6.6286589766476585,41.565389696169014
600876.SH,20260929,7.39,86600,639974.0,-0.538358008075368,8.34008668881901,41.76985195154779
600877.SH,20260929,11.43,24500,280035.0,0.0,3.0309601810400033,45.0
600879.SH,20260929,13.8,147500,2035500.0,-0.28901734104045396,3.463192055746738,43.26589595375728
600880.SH,20260929,4.07,127000,516890.0,-0.2450980392156854,2.4851830056330897,43.529411764705884
600881.SH,20260929,1.84,199500,367080.0,-1.0752688172043001,3.1606040163279965,38.5483870967742
600882.SH,20260929,19.25,11200,215600.0,0.8909853249476019,3.6181664984901705,50.345911949685615
600883.SH,20260929,8.07,9600,77472.0,0.12406947890819531,2.1512301583852644,45.74441687344917
600884.SH,20260929,11.28,162000,1827360.0,0.8042895442359255,3.00904466601064,49.825737265415555
600885.SH,20260929,33.26,49500,1646370.0,-1.070791195716836,7.150069198070645,38.57525282569898
600886.SH,20260929,15.3,114800,1756440.0,-0.1956947162426559,3.596702555776365,43.825831702544065
600887.SH,20260929,27.05,189000,5112450.0,0.07399186089529497,3.932261037474732,45.44395116537177
600888.SH,20260929,9.3,1385000,12880500.0,2.310231023102327,23.25849157451505,58.861386138613966
600889.SH,20260929,13.23,700,9261.0,-0.07552870090634656,0.6112819237380751,44.54682779456192
600892.SH,20260929,4.06,97800,397068.0,0.4950495049504955,3.0354741049598797,47.97029702970298
600893.SH,20260929,38.61,64900,2505789.0,-0.18097207859358866,4.038843191253751,43.91416752843847
600894.SH,20260929,7.6,77500,589000.0,-0.13140604467806183,10.722840515042243,44.211563731931626
600895.SH,20260929,27.6,69300,1912680.0,0.9509875640087762,5.877794190585857,50.705925384052655
600897.SH,20260929,14.99,108200,1621918.0,-2.090137165251471,15.707584750069476,32.459177008491174
600900.SH,20260929,28.5,330500,9419250.0,-0.17513134851138146,4.894008846101607,43.94921190893171
600901.SH,20260929,6.83,95400,651582.0,-0.14619883040934978,3.8516713490849805,44.1228070175439
600903.SH,20260929,6.37,168400,1072708.0,-0.9331259720062102,7.179303003499615,39.40124416796274
600905.SH,20260929,3.53,491300,1734289.0,0.0,7.89796523799419,45.0
600906.SH,20260929,6.23,30900,192507.0,0.0,2.1897395244281643,45.0
600908.SH,20260929,5.81,40800,237048.0,0.17241379310344307,2.229029321146378,46.034482758620655
600909.SH,20260929,7.56,384100,2903796.0,-0.39525691699605625,7.029490926509531,42.62845849802366
600916.SH,20260929,7.05,170600,1202730.0,-0.7042253521126751,14.26333457771212,40.77464788732395
600917.SH,20260929,4.78,27400,130972.0,-0.6237006237006071,7.108351009864864,41.25779625779636
600918.SH,20260929,5.33,80300,427999.0,-0.1872659176029967,3.655402208132853,43.87640449438202
600919.SH,20260929,12.26,516230,6328980.0,0.3273322422258529,8.305783543625703,46.963993453355116
600925.SH,20260929,4.1,92200,378020.0,0.24449877750609694,14.043773463331178,46.466992665036585
600926.SH,20260929,16.83,48100,809523.0,0.11897679952408424,2.265437272437065,45.713860797144505
600927.SH,20260929,11.98,24300,291114.0,-0.24979184013321776,6.219432298037442,43.501248959200694
600928.SH,20260929,3.44,32900,113176.0,-0.28985507246377384,1.5351649084871426,43.260869565217355
600929.SH,20260929,5.91,35300,208623.0,-0.5050505050505083,1.5249649888803858,41.96969696969695
600930.SH,20260929,3.81,378800,1443228.0,0.0,8.17934257111852,45.0
600933.SH,20260929,13.57,26900,365033.0,0.36982248520711636,3.0587180982023696,47.2189349112427
600935.SH,20260929,2.29,42300,96867.0,0.0,3.213895606969303,45.0
600936.SH,20260929,4.23,143200,605736.0,-0.9367681498828828,6.939621730262796,39.379391100702705
600938.SH,20260929,33.5,281300,9423550.0,0.0,9.8998540344733,45.0
600939.SH,20260929,2.58,17500,45150.0,0.0,1.1555593821107533,45.0
600941.SH,20260929,97.5,19800,1930500.0,-0.2149217070924081,3.3160388181601923,43.71046975744555
600955.SH,20260929,12.21,1400,17094.0,-0.16353229762877675,0.7828970653863317,44.01880621422734
600956.SH,20260929,7.07,3900,27573.0,0.42613636363637575,0.7590608292568191,47.55681818181826
600958.SH,20260929,8.6,87100,749060.0,0.11641443538998875,4.350832484277429,45.698486612339934
600959.SH,20260929,3.02,45100,136202.0,-0.3300330033003229,1.3015085342206625,43.01980198019806
600960.SH,20260929,3.89,3800,14782.0,0.2577319587628857,0.6577641713871251,46.546391752577314
600961.SH,20260929,22.07,210200,4639114.0,-1.0757507844016079,14.098346640388813,38.54549529359035
600962.SH,20260929,25.0,47600,1190000.0,-0.3984063745020028,14.531271314184854,42.609561752987986
600963.SH,20260929,3.32,101900,338308.0,0.60606060606061,5.465831300161105,48.63636363636366
600965.SH,20260929,2.65,19300,51145.0,-0.375939849624074,4.614763562054291,42.74436090225556
600966.SH,20260929,4.75,40300,191425.0,0.21097046413500742,5.873869991534324,46.26582278481004
600967.SH,20260929,12.69,144200,1829898.0,0.07886435331230235,4.180974450286025,45.473186119873816
600968.SH,20260929,3.85,34400,132440.0,-0.2590673575129432,1.2922959946015515,43.44559585492234
600969.SH,20260929,9.53,7900,75287.0,-1.2435233160621895,1.233211140810478,37.53886010362686
600970.SH,20260929,7.66,23500,180010.0,0.0,2.669500648852823,45.0
600971.SH,20260929,8.29,24200,200618.0,-1.0739856801909475,2.286157345647087,38.556085918854315
600973.SH,20260929,5.77,29500,170215.0,1.228070175438578,4.074856610963194,52.36842105263147
600975.SH,20260929,5.08,21900,111252.0,-0.39215686274508554,1.2160837736688963,42.647058823529484
600976.SH,20260929,,0,0.0,,0.0,0.0
600977.SH,20260929,12.85,215400,2767890.0,-0.3103180760279378,7.637709336430165,43.138091543832374
600979.SH,20260929,3.84,21100,81024.0,-0.5181347150259086,1.3137067260636437,41.89119170984455
600980.SH,20260929,18.39,9802,180259.0,-1.182160128962917,5.124119594419676,37.9070392262225
600981.SH,20260929,2.36,29400,69384.0,-0.8403361344537785,2.0241148676435596,39.95798319327733
600982.SH,20260929,5.13,1050300,5388039.0,2.8056112224448926,20.249290183520717,61.83366733466936
600983.SH,20260929,7.42,6700,49714.0,0.0,4.72645613714842,45.0
600984.SH,20260929,3.47,33100,114857.0,0.5797101449275477,1.0473970104670123,48.47826086956529
600985.SH,20260929,16.24,14500,235480.0,-0.5511328842620955,0.6413569181890394,41.69320269442743
600986.SH,20260929,6.67,87900,586293.0,-0.5961251862891204,1.9284063221090897,41.42324888226528
600987.SH,20260929,6.22,24600,153012.0,-0.48000000000000265,7.368162490201232,42.11999999999998
600988.SH,20260929,37.33,126342,4716347.0,-1.9437877593906028,2.8689449073634874,33.337273443656386
600989.SH,20260929,22.26,135600,3018456.0,-0.8463251670378535,3.378853146771861,39.922048997772876
600990.SH,20260929,17.41,100,1741.0,-0.286368843069873,0.06353696681819315,9.71844096885553
600992.SH,20260929,10.22,35200,359744.0,0.09794319294809117,5.400129067864235,45.58765915768855
600993.SH,20260929,22.31,5600,124936.0,-0.3573023671281872,2.6022243586204086,42.85618579723088
600995.SH,20260929,11.66,7800,90948.0,-0.1712328767123239,1.6034933121222088,43.97260273972606
600996.SH,20260929,6.67,112400,749708.0,-0.7440476190476164,5.689082909056499,40.5357142857143
600997.SH,20260929,5.25,43100,226275.0,0.5747126436781658,4.354665849087095,48.448275862068996
600998.SH,20260929,4.89,83700,409293.0,-0.8113590263691739,3.094329804104027,40.13184584178496
600999.SH,20260929,16.93,162400,2749432.0,0.059101654846327456,7.0626281757756875,45.35460992907797
601000.SH,20260929,4.51,53000,239030.0,-0.22123893805309214,1.1719540985053332,43.67256637168145
601001.SH,20260929,17.6,22600,397760.0,-0.6772009029345272,1.3903047280151186,40.936794582392835
601002.SH,20260929,5.16,43900,226524.0,-0.5780346820809301,7.84436190903021,41.53179190751442
601003.SH,20260929,3.44,55900,192296.0,-0.5780346820809301,4.273980993835715,41.53179190751442
601005.SH,20260929,1.18,308200,363676.0,-0.8403361344537785,4.887344121633421,39.95798319327733
601006.SH,20260929,4.65,331300,1540545.0,0.0,4.276862693780779,45.0
601007.SH,20260929,6.76,7900,53404.0,-0.1477104874446078,2.0948535930579397,44.11373707533235
601008.SH,20260929,4.4,2000,8800.0,0.0,0.18552759525856402,33.394967146541525
601009.SH,20260929,11.96,142900,1709084.0,0.5042016806722671,3.593607146221009,48.0252100840336
601010.SH,20260929,1.42,51900,73698.0,0.0,7.316478238247476,45.0
601011.SH,20260929,2.85,189200,539220.0,-0.34965034965034336,4.848757076847818,42.90209790209794
601012.SH,20260929,10.81,286956,3101994.0,0.0,5.985204903741502,45.0
601015.SH,20260929,3.5,307500,1076250.0,-0.2849002849002802,4.238869598854019,43.29059829059832
601016.SH,20260929,3.25,280700,912275.0,0.0,6.515414537701566,45.0
601018.SH,20260929,3.42,46100,157662.0,-0.291545189504383,0.8327982534214139,43.2507288629737
601019.SH,20260929,6.67,6100,40687.0,0.0,0.6711874172625042,45.0
601020.SH,20260929,19.28,280100,5400328.0,-1.2295081967213073,18.64479216657497,37.622950819672155
601021.SH,20260929,40.0,82400,3296000.0,-1.0880316518298683,12.741290606920321,38.47181008902079
601022.SH,20260929,8.3,34900,289670.0,-0.36014405762304635,5.895064993971737,42.839135654261725
601026.SH,20260929,14.61,22100,322881.0,-1.0832769126608022,8.13023545328667,38.500338524035186
601033.SH,20260929,14.11,4000,56440.0,-0.07082152974504652,1.8604137864836323,44.57507082152972
601038.SH,20260929,13.58,106500,1446270.0,-0.2936857562408135,18.54354492389065,43.23788546255512
601058.SH,20260929,13.21,63300,836193.0,0.0,2.409620278270708,45.0
601061.SH,20260929,10.49,24100,252809.0,0.6717850287907945,2.9046248897821414,49.03071017274477
601065.SH,20260929,6.63,4000,26520.0,0.15105740181269312,1.7000474051680288,45.90634441087616
601066.SH,20260929,23.29,26200,610198.0,1.1289622231871466,3.3044235936184667,51.77377333912288
601068.SH,20260929,4.21,36600,154086.0,0.23809523809523725,1.8125405631029459,46.42857142857142
601069.SH,20260929,23.66,108000,2555280.0,-1.2932832707551078,9.870673770017527,37.24030037546935
601077.SH,20260929,6.65,221900,1475635.0,-0.15015015015015232,3.4517557349867687,44.099099099099085
601083.SH,20260929,12.74,19100,243334.0,-0.2349256068911454,4.293391428288671,43.590446358653125
601086.SH,20260929,15.38,1331600,20480008.0,-2.965299684542577,21.363544934660357,27.208201892744537
601088.SH,20260929,48.3,80400,3883320.0,-0.1859888406695709,3.694146043065568,43.884066955982576
601089.SH,20260929,16.05,7900,126795.0,-0.24860161591049312,4.263029186595069,43.508390304537045
601091.SH,20260929,25.69,1552429,39881901.0,-7.289787080476362,18.32419521218586,15.0
601096.SH,20260929,3.9,25100,97890.0,0.0,2.684373826409121,45.0
601098.SH,20260929,9.94,14600,145124.0,0.0,1.284474765820382,45.0
601099.SH,20260929,3.42,304800,1042416.0,-0.291545189504383,3.3211565092424307,43.2507288629737
601100.SH,20260929,89.1,16500,1470150.0,-1.0000000000000009,2.527503811138437,38.99999999999999
601101.SH,20260929,12.8,44600,570880.0,-0.6982156710628407,2.2767933960548277,40.81070597362296
601106.SH,20260929,2.87,118000,338660.0,0.0,2.9023283467665504,45.0
601107.SH,20260929,6.0,51200,307200.0,0.0,5.573526691650169,45.0
601108.SH,20260929,8.12,77500,629300.0,0.0,2.8388803196175942,45.0
601111.SH,20260929,5.75,219300,1260975.0,-0.17361111111110494,5.68125786786464,43.95833333333337
601112.SH,20260929,16.2,33800,547560.0,-1.0384850335980578,7.8504690101818255,38.769089798411656
601113.SH,20260929,3.5,90800,317800.0,-0.5681818181818232,7.995652055992108,41.59090909090906
601116.SH,20260929,9.84,41500,408360.0,0.0,7.205291940746161,45.0
601117.SH,20260929,7.11,113200,804852.0,-0.28050490883589907,4.566967654725597,43.31697054698461
601118.SH,20260929,5.82,1471000,8561220.0,-2.8380634390651083,14.873003802886434,27.97161936560935
601121.SH,20260929,6.84,22100,151164.0,-0.14598540145984717,2.9236650029655578,44.124087591240915
601123.SH,20260929,17.24,178000,3068720.0,-2.156640181611824,11.554758777202945,32.06015891032905
601126.SH,20260929,35.82,48400,1733688.0,-0.22284122562673536,3.420814878195101,43.66295264623959
601127.SH,20260929,45.09,92600,4175334.0,0.0,3.5091628397152284,45.0
601128.SH,20260929,6.13,60700,372091.0,-0.16286644951140072,1.7127980382100652,44.0228013029316
601133.SH,20260929,23.41,30100,704641.0,-0.720949957591166,3.9476738987549473,40.674300254453
601136.SH,20260929,13.88,42500,589900.0,0.21660649819494893,6.5675423129973325,46.299638989169694
601137.SH,20260929,19.0,28500,541500.0,-0.9384775808133461,4.489281101447232,39.369134515119924
601138.SH,20260929,58.42,293602,17152229.0,-0.8486082824168406,5.74992124704322,39.908350305498956
601139.SH,20260929,6.25,36800,230000.0,0.1602564102564097,2.8537857769972135,45.96153846153846
601155.SH,20260929,12.79,76900,983551.0,1.0268562401263726,2.0155851925915464,51.16113744075824
601156.SH,20260929,18.58,30700,570406.0,0.704607046070449,4.121584957032134,49.22764227642269
601158.SH,20260929,3.98,73100,290938.0,0.25188916876572875,14.735317558557767,46.51133501259437
601162.SH,20260929,3.48,290100,1009548.0,-0.2865329512894088,2.5932530893365424,43.280802292263544
601163.SH,20260929,12.18,800,9744.0,0.164473684210531,0.5516070764213563,45.986842105263186
601166.SH,20260929,17.83,384900,6862767.0,0.3376477208778761,7.214383839980018,47.02588632526726
601168.SH,20260929,33.6,134000,4502400.0,-0.503405389398881,5.060906493308378,41.979567663606716
601169.SH,20260929,5.46,490400,2677584.0,0.18348623853210455,4.220123778596585,46.10091743119263
601177.SH,20260929,13.66,15800,215828.0,0.3673769287288797,4.095697233113883,47.20426157237328
601179.SH,20260929,11.4,164100,1870740.0,-0.6968641114982632,5.206063828478684,40.81881533101042
601186.SH,20260929,5.92,62600,370592.0,-0.1686340640809414,3.146875010932782,43.98819561551435
601187.SH,20260929,6.8,53600,364480.0,-0.2932551319648202,5.358144427307079,43.24046920821108
601188.SH,20260929,2.82,24200,68244.0,-0.7042253521126751,2.0630526122855017,40.77464788732395
601199.SH,20260929,6.63,50100,332163.0,0.0,4.150864465701993,45.0
601200.SH,20260929,6.71999,32860,220819.0,-0.00014880952380336154,8.68285399885143,44.99910714285718
601208.SH,20260929,48.99,376130,18426609.0,-3.372781065088759,5.84574012625127,24.763313609467446
601211.SH,20260929,16.86,146400,2468304.0,0.2974419988102328,2.752919471498805,46.7846519928614
601212.SH,20260929,5.36,1309700,7019992.0,-2.3679417122040025,10.069636666066417,30.792349726775985
601216.SH,20260929,4.44,119800,531912.0,-0.4484304932735328,4.208063883028621,42.3094170403588
601218.SH,20260929,6.3,10883400,68565420.0,4.132231404958686,38.95053640073283,69.79338842975211
601222.SH,20260929,5.82,77400,450468.0,-0.5128205128204999,4.672513798690404,41.923076923077
601225.SH,20260929,25.96,131700,3418932.0,0.42553191489360653,3.5682044170141602,47.55319148936164
601226.SH,20260929,6.42,45700,293394.0,0.0,7.2433471495475885,45.0
601228.SH,20260929,3.01,55600,167356.0,-0.33112582781458233,2.6952312174242614,43.013245033112504
601229.SH,20260929,9.55,161800,1545190.0,0.4206098843323014,4.875721466771153,47.52365930599381
601231.SH,20260929,23.44,111900,2622936.0,-0.9716941275876634,5.928627465655514,39.16983523447402
601233.SH,20260929,23.28,45200,1052256.0,0.0,1.0048491129897228,45.0
601236.SH,20260929,6.85,33600,230160.0,-0.1457725947521915,3.5274019483102586,44.12536443148685
601238.SH,20260929,5.6,1447200,8104320.0,10.019646365422386,177.8972922528569,100.0
601279.SH,20260929,3.55,75800,269090.0,0.0,5.280357054098042,45.0
601288.SH,20260929,6.88,1040000,7155200.0,0.2915451895043608,2.9187883734170508,46.74927113702616
601298.SH,20260929,9.8,130900,1282820.0,-0.6085192697768638,10.466664222742482,41.34888438133882
601311.SH,20260929,7.27,39500,287165.0,0.4143646408839796,6.349680520401167,47.486187845303874
601318.SH,20260929,52.47,399600,20967012.0,0.13358778625953693,9.272458060782874,45.80152671755722
601319.SH,20260929,8.0,558331,4466648.0,0.0,9.157171630892659,45.0
601326.SH,20260929,3.48,27700,96396.0,0.0,1.589210592824878,45.0
601328.SH,20260929,7.58,743000,5631940.0,-0.13175230566534468,3.5835133020734173,44.209486166007935
601330.SH,20260929,8.18,95900,784462.0,0.1223990208078396,9.898443985127665,45.734394124847036
601333.SH,20260929,3.05,143800,438590.0,-0.326797385620925,3.3746062629149822,43.03921568627445
601336.SH,20260929,55.97,41500,2322755.0,0.1252236135957041,6.457772958875778,45.751341681574225
601339.SH,20260929,7.22,21000,151620.0,-0.8241758241758323,2.8086793118242936,40.05494505494501
601360.SH,20260929,8.88,644700,5724936.0,-0.7821229050279155,4.8922007075660865,40.30726256983251
601366.SH,20260929,3.59,51700,185603.0,0.27932960893854997,7.048145154507009,46.6759776536313
601368.SH,20260929,4.56,2000,9120.0,-0.6535947712418388,0.366375311253302,41.07843137254897
601369.SH,20260929,8.61,22700,195447.0,-0.11600928074245731,2.9433547096401145,44.30394431554526
601375.SH,20260929,3.89,90200,350878.0,0.0,4.53356814442174,45.0
601377.SH,20260929,5.77,178300,1028791.0,0.522648083623678,4.3682077766055905,48.135888501742066
601388.SH,20260929,3.13,79200,247896.0,0.6430868167202508,4.072128664783974,48.85852090032151
601390.SH,20260929,4.22,161700,682374.0,0.0,2.7452709196830174,45.0
601398.SH,20260929,8.16,1554700,12686352.0,0.12269938650306678,4.959160319415649,45.736196319018404
601399.SH,20260929,3.06,100200,306612.0,0.3278688524590345,1.2933946776065743,46.96721311475421
601456.SH,20260929,8.52,65200,555504.0,-0.583430571761967,6.605553390846936,41.4994165694282
601500.SH,20260929,3.8,23300,88540.0,-0.2624671916010568,2.837252062094867,43.42519685039366
601512.SH,20260929,8.35,3000,25050.0,0.0,0.9324518133656563,45.0
601515.SH,20260929,3.14,360500,1131970.0,0.0,27.50485612076293,45.0
601518.SH,20260929,2.74,12200,33428.0,0.0,1.4124336754475184,45.0
601519.SH,20260929,8.18,67800,554604.0,-0.12210012210012167,1.2416104448908205,44.26739926739927
601528.SH,20260929,4.99,46300,231037.0,0.0,3.0745077995622707,45.0
601555.SH,20260929,8.06,62400,502944.0,-0.24752475247524774,2.856560105925091,43.51485148514851
601566.SH,20260929,9.02,185200,1670504.0,-1.2048192771084487,8.91455330134202,37.77108433734931
601567.SH,20260929,14.11,497400,7018314.0,-3.5543403964456655,11.512293642080614,23.673957621326007
601568.SH,20260929,3.53,21700,76601.0,0.28409090909089496,1.172734906260588,46.70454545454537
601577.SH,20260929,9.6,52100,500160.0,0.0,2.884086418314281,45.0
601579.SH,20260929,41.43,741100,30703773.0,-0.9799235181644494,113.56606791833694,39.1204588910133
601588.SH,20260929,1.75,29600,51800.0,0.0,0.5787112034467056,45.0
601595.SH,20260929,22.57,29200,659044.0,-0.7475813544415066,3.3921179175054736,40.51451187335096
601598.SH,20260929,6.57,57500,377775.0,-0.4545454545454408,4.7237947711708905,42.27272727272735
601599.SH,20260929,3.2,11200,35840.0,-0.31152647975076775,0.5997598718106986,43.13084112149539
601600.SH,20260929,8.73,1124500,9816885.0,0.5760368663594528,8.024955013538731,48.45622119815672
601601.SH,20260929,30.66,75600,2317896.0,0.5245901639344241,3.065700250752467,48.14754098360655
601606.SH,20260929,30.97,43600,1350292.0,-0.0967741935483879,3.8168574181412516,44.41935483870967
601607.SH,20260929,15.88,63100,1002028.0,-0.06293266205160686,7.500305131132733,44.62240402769036
601608.SH,20260929,4.57,74000,338180.0,0.6607929515418665,4.125311389770296,48.9647577092512
601609.SH,20260929,11.1,60800,674880.0,-0.8042895442359255,1.5680905324317476,40.174262734584445
601611.SH,20260929,10.03,41900,420257.0,0.29999999999998916,4.694707449807459,46.79999999999993
601615.SH,20260929,9.46,83000,785180.0,-0.5257623554153379,1.615722724217822,41.84542586750797
601616.SH,20260929,3.73,14300,53339.0,-0.5333333333333301,1.5337347898546976,41.80000000000002
601618.SH,20260929,2.46,66400,163344.0,0.0,0.9187478748429205,45.0
601619.SH,20260929,3.8,253200,962160.0,-0.2624671916010568,6.8893161082100365,43.42519685039366
601628.SH,20260929,36.62,108000,3954960.0,-0.40794125645908785,6.520772950928434,42.552352461245476
601633.SH,20260929,13.79,50800,700532.0,0.0,4.3455488606764305,45.0
601636.SH,20260929,5.29,270500,1430945.0,-0.9363295880149725,6.213199381737282,39.38202247191016
601658.SH,20260929,5.33,903500,4815655.0,0.1879699248120259,4.428107435752602,46.127819548872154
601665.SH,20260929,6.94,48600,337284.0,-0.2873563218390718,1.5511752768183587,43.275862068965566
601666.SH,20260929,8.77,23800,208726.0,-0.22753128555176305,1.0689889623814177,43.634812286689424
601668.SH,20260929,4.22,818500,3454070.0,0.0,3.6358289696208574,45.0
601669.SH,20260929,4.52,194200,877784.0,0.0,4.822727258791965,45.0
601677.SH,20260929,16.03,41700,668451.0,0.0,1.9230640102398626,45.0
601678.SH,20260929,5.65,216900,1225485.0,-0.877192982456132,6.799455395517676,39.73684210526321
601686.SH,20260929,4.92,11900,58548.0,-0.20283975659228792,3.4089539481460305,43.78296146044627
601688.SH,20260929,17.86,112800,2014608.0,0.11210762331839152,2.9185258160757055,45.67264573991035
601689.SH,20260929,45.6,181300,8267280.0,-1.9354838709677358,6.156657097838715,33.38709677419359
601696.SH,20260929,10.92,52300,571116.0,-0.09149130832570851,4.077716078019038,44.45105215004575
601698.SH,20260929,23.0,56100,1290300.0,-0.13026487190621605,4.746078300382683,44.218410768562705
601699.SH,20260929,15.18,51100,775698.0,-0.06583278472679366,2.2775345721287943,44.605003291639235
601700.SH,20260929,6.1,84900,517890.0,-0.16366612111293755,2.8683447060126124,44.01800327332238
601702.SH,20260929,14.81,5600,82936.0,0.06756756756756133,2.0334221079881107,45.40540540540537
601717.SH,20260929,13.08,36500,477420.0,-0.07639419404125158,2.536243346126376,44.54163483575249
601718.SH,20260929,1.91,161700,308847.0,0.0,16.081297750684406,45.0
601727.SH,20260929,6.44,105100,676844.0,0.0,3.312753148146743,45.0
601728.SH,20260929,6.25,373200,2332500.0,0.0,5.053665617260633,45.0
601766.SH,20260929,6.09,443900,2703351.0,-0.4901960784313819,4.415044093990261,42.05882352941171
601777.SH,20260929,8.44,150700,1271908.0,0.11862396204032066,3.2321764031550226,45.711743772241924
601778.SH,20260929,3.32,142200,472104.0,-0.5988023952095856,2.656118363508058,41.40718562874249
601788.SH,20260929,13.59,36800,500112.0,0.07363770250368162,4.447704810824826,45.44182621502209
601789.SH,20260929,4.13,43500,179655.0,0.0,2.4027299281006593,45.0
601798.SH,20260929,7.46,6700,49982.0,-0.7978723404255317,1.3305769113892267,40.21276595744681
601799.SH,20260929,69.67,19200,1337664.0,0.6501011268419621,7.686362679897733,48.900606761051776
601800.SH,20260929,5.76,116900,673344.0,0.0,5.693348230391237,45.0
601801.SH,20260929,5.19,235800,1223802.0,-0.5747126436781436,5.6249465078251415,41.55172413793114
601808.SH,20260929,12.09,31200,377208.0,-0.6573541495480728,4.331926631627421,41.05587510271156
601811.SH,20260929,18.7,3586988,67076676.0,0.9719222462202914,67.59313697708808,50.83153347732175
601816.SH,20260929,4.78,467800,2236084.0,0.0,2.804300258483062,45.0
601818.SH,20260929,2.99,836100,2499939.0,0.0,6.372484238601134,45.0
601825.SH,20260929,8.64,83200,718848.0,0.34843205574914826,5.184747862489155,47.090592334494886
601827.SH,20260929,7.78,5900,45902.0,0.0,2.724396183779877,45.0
601828.SH,20260929,2.12,331900,703628.0,0.0,5.618580317751292,45.0
601838.SH,20260929,19.1,109400,2089540.0,0.31512605042018915,6.378866881244242,46.89075630252113
601857.SH,20260929,11.18,914500,10224110.0,-0.08936550491509543,8.18338504773104,44.463806970509424
601858.SH,20260929,21.6,80500,1738800.0,-0.2309468822170757,4.518076468491,43.614318706697546
601860.SH,20260929,2.51,654300,1642293.0,0.0,12.238720863627085,45.0
601865.SH,20260929,9.11,17700,161247.0,0.1098901098901095,2.668721711644195,45.65934065934066
601866.SH,20260929,2.41,101800,245338.0,-0.4132231404958553,2.214193656594825,42.52066115702487
601868.SH,20260929,2.36,790004,1864409.0,0.0,6.942843846461411,45.0
601869.SH,20260929,392.7,98200,38563140.0,-0.3855715082948685,10.09021443692551,42.68657095023079
601872.SH,20260929,20.52,469900,9642348.0,-0.6295399515738431,4.438057233651043,41.22276029055694
601877.SH,20260929,24.4,33800,824720.0,-0.2044989775051187,4.267171149585076,43.773006134969286
601878.SH,20260929,8.9,43100,383590.0,-0.11223344556677839,4.203073802465283,44.32659932659933
601880.SH,20260929,1.44,1360700,1959408.0,0.0,17.821363489181344,45.0
601881.SH,20260929,11.57,73900,855023.0,-0.08635578583764403,4.227909502543111,44.481865284974134
601882.SH,20260929,22.72,5800,131776.0,-0.3945637878123631,1.3427232390997224,42.632617273125824
601886.SH,20260929,13.16,23300,306628.0,0.0,2.6564894350207124,45.0
601888.SH,20260929,50.8,42800,2174240.0,0.019688915140769758,4.837156373382677,45.11813349084462
601890.SH,20260929,9.18,119000,1092420.0,-0.21739130434782483,5.250907023025416,43.695652173913054
601898.SH,20260929,14.09,182800,2575652.0,-0.6346967559943573,4.671912278771027,41.191819464033856
601899.SH,20260929,29.01,2269075,65825866.0,-1.3936097892590094,20.162858489556026,36.63834126444594
601900.SH,20260929,12.23,28700,351001.0,0.0,1.950758504988292,45.0
601901.SH,20260929,6.62,77300,511726.0,0.0,3.6274360873202918,45.0
601908.SH,20260929,2.89,22500,65025.0,0.3472222222222321,0.9887584888394599,47.08333333333339
601916.SH,20260929,2.82,354800,1000536.0,0.0,2.1139979259563595,45.0
601918.SH,20260929,11.33,182800,2071124.0,-1.0480349344978102,5.259741025400725,38.71179039301314
601919.SH,20260929,16.43,379800,6240114.0,-0.18226002430133947,5.1767514788702895,43.906439854191966
601921.SH,20260929,7.53,46800,352404.0,0.40000000000000036,5.1271135827540055,47.400000000000006
601928.SH,20260929,8.16,8600,70176.0,0.0,0.8951788161015238,45.0
601929.SH,20260929,2.26,146600,331316.0,-0.440528634361248,1.001000825590927,42.35682819383251
601933.SH,20260929,2.96,156200,462352.0,0.0,3.002262300538812,45.0
601939.SH,20260929,10.98,378600,4157028.0,-0.181818181818183,3.860091073207197,43.9090909090909
601949.SH,20260929,5.45,224800,1225160.0,-0.1831501831501825,2.407962868817905,43.901098901098905
601952.SH,20260929,8.75,109900,961625.0,-0.5681818181818232,8.978164571584207,41.59090909090906
601956.SH,20260929,5.06,56500,285890.0,-0.3937007874015852,6.731399455568726,42.63779527559049
601958.SH,20260929,19.13,99400,1901522.0,0.0,7.333850256767411,45.0
601963.SH,20260929,11.02,69456,765405.0,0.0,10.572761743417407,45.0
601965.SH,20260929,12.9,20200,260580.0,-0.6163328197226536,4.4028810163562015,41.302003081664076
601966.SH,20260929,10.36,24800,256928.0,0.2904162633107443,5.829489783508767,46.74249757986446
601968.SH,20260929,4.46,33600,149856.0,-0.6681514476614803,4.929747252750507,40.99109131403112
601969.SH,20260929,8.83,27200,240176.0,0.2270147559591429,3.806512528711176,46.36208853575486
601975.SH,20260929,4.5,519400,2337300.0,-0.4424778761061843,4.290762952065325,42.345132743362896
601985.SH,20260929,9.0,324100,2916900.0,0.0,4.1574708925975985,45.0
601988.SH,20260929,6.62,860000,5693200.0,-0.15082956259426794,3.6967378230842742,44.09502262443439
601990.SH,20260929,6.48,45600,295488.0,-0.3076923076922977,3.719946380743627,43.15384615384622
601991.SH,20260929,5.29,342500,1811825.0,-0.5639097744360999,2.929611472261024,41.6165413533834
601992.SH,20260929,1.38,123000,169740.0,0.0,2.0035945245942584,45.0
601995.SH,20260929,30.42,68500,2083770.0,-0.2622950819672121,4.702855401950858,43.42622950819673
601996.SH,20260929,2.88,16900,48672.0,0.0,1.374994996178733,45.0
601997.SH,20260929,5.47,38700,211689.0,0.0,0.7419403453381489,45.0
601998.SH,20260929,9.07,258100,2340967.0,0.0,5.026891413667987,45.0
601999.SH,20260929,6.45,66800,430860.0,-0.1547987616099089,1.7847212452312369,44.07120743034055
603000.SH,20260929,16.3,27200,443360.0,-0.06131207847944742,2.0550602537631377,44.632127529123316
603001.SH,20260929,11.42,76900,878198.0,0.8833922261484162,4.004327309735861,50.3003533568905
603002.SH,20260929,17.53,147800,2590934.0,-0.22766078542970636,3.7240587903778746,43.63403528742176
603004.SH,20260929,18.72,35600,666432.0,-0.8999470619375449,8.054327163798234,39.60031762837473
603005.SH,20260929,27.8,62900,1748620.0,-0.35842293906809264,2.926158333704189,42.84946236559144
603006.SH,20260929,10.65,13300,141645.0,-0.6529850746268662,5.729043599783239,41.082089552238806
603007.SH,20260929,4.45,16600,73870.0,0.0,1.3930417386005738,45.0
603008.SH,20260929,10.43,19800,206514.0,-0.9496676163342821,1.9980787815661136,39.301994301994306
603009.SH,20260929,46.69,18000,840420.0,1.5662388514248393,3.049530962166316,54.39743310854904
603010.SH,20260929,12.04,13000,156520.0,-0.49586776859504855,2.801879865910035,42.02479338842971
603011.SH,20260929,23.83,86400,2058912.0,-0.45948203842941515,3.220711808420032,42.24310776942351
603012.SH,20260929,8.42,47500,399950.0,0.11890606420927874,4.739606021478954,45.713436385255676
603013.SH,20260929,13.89,6600,91674.0,-0.5014326647564515,2.7072625920387035,41.99140401146129
603014.SH,20260929,30.95,300,9285.0,-0.32206119162641045,0.40610816420871,43.06763285024154
603015.SH,20260929,10.3,17500,180250.0,0.1945525291829009,4.649217986058845,46.16731517509741
603016.SH,20260929,32.4,10000,324000.0,0.03087372645877995,3.5873773742514614,45.18524235875268
603017.SH,20260929,9.82,10700,105074.0,-0.6072874493927127,0.9483728438742401,41.35627530364373
603018.SH,20260929,5.15,8700,44805.0,-0.19379844961240345,1.6499703148963099,43.837209302325576
603019.SH,20260929,80.02,57900,4633158.0,0.0,5.576657476476835,45.0
603020.SH,20260929,12.24,21600,264384.0,-0.8906882591093068,2.3299205745106986,39.655870445344156
603021.SH,20260929,4.96,26100,129456.0,0.6085192697768749,7.614780660071182,48.65111561866125
603022.SH,20260929,8.85,29700,262845.0,-1.1173184357541888,8.274508752100383,38.296089385474865
603023.SH,20260929,3.99,13100,52269.0,0.0,1.4370203540080906,45.0
603025.SH,20260929,12.81,14100,180621.0,-0.1558846453624252,4.019637943498562,44.06469212782545
603026.SH,20260929,55.34,10989,608131.0,0.0,2.7876403565076875,45.0
603027.SH,20260929,7.16,16900,121004.0,-0.1394700139469962,2.5541552727314945,44.16317991631802
603028.SH,20260929,7.12,9700,69064.0,-0.835654596100277,2.7580649058165005,39.98607242339834
603029.SH,20260929,16.33,43000,702190.0,-1.685731487055997,16.712641763158835,34.88561107766402
603030.SH,20260929,2.02,43800,88476.0,0.0,1.514350385173812,45.0
603031.SH,20260929,36.77,14100,518457.0,0.0,2.3066913728389227,45.0
603032.SH,20260929,17.41,9500,165395.0,0.0,1.8407947131311841,45.0
603033.SH,20260929,7.59,36700,278553.0,0.7968127490039834,7.238606107129696,49.7808764940239
603035.SH,20260929,10.46,8400,87864.0,-0.09551098376312517,4.259003278643389,44.42693409742125
603036.SH,20260929,13.49,300,4047.0,-0.5162241887905594,0.07943976728447001,11.201812978461245
603037.SH,20260929,10.01,5900,59059.0,-0.09980039920159944,0.7183583688585766,44.401197604790404
603038.SH,20260929,15.53,3200,49696.0,-0.06435006435006052,0.6022787505450031,44.61389961389963
603039.SH,20260929,34.21,45200,1546292.0,-0.6966618287373105,5.208199763689386,40.82002902757614
603040.SH,20260929,45.32,1900,86108.0,1.0930180682578783,1.6422203273493536,51.55810840954727
603041.SH,20260929,11.46,22000,252120.0,-0.865051903114189,9.976367263270207,39.809688581314866
603042.SH,20260929,15.59,796800,12422112.0,-7.532621589561083,14.024089492618504,15.0
603043.SH,20260929,13.11,32500,426075.0,0.5368098159509227,17.542324008896262,48.22085889570553
603045.SH,20260929,45.54,12300,560142.0,-0.24096385542168308,2.307215405497488,43.554216867469904
603048.SH,20260929,24.75,3700,91575.0,0.0,2.3744117059547216,45.0
603049.SH,20260929,43.91,900,39519.0,-0.6561085972850766,0.6056609551996183,41.06334841628954
603050.SH,20260929,16.4,11100,182040.0,-0.6662628709872997,5.367836099476229,41.0024227740762
603051.SH,20260929,24.08,22500,541800.0,-0.04151100041511757,5.039723026198709,44.75093399750929
603052.SH,20260929,50.44,21500,1084460.0,-4.12469112336058,4.6934093710142015,20.251853259836523
603053.SH,20260929,8.68,7100,61628.0,0.8130081300812941,6.404519370064993,49.87804878048777
603055.SH,20260929,9.29,68500,636365.0,1.641137855579844,9.171320567980395,54.84682713347907
603057.SH,20260929,17.2,2700,46440.0,0.05817335660267542,0.558989328997226,45.34904013961605
603058.SH,20260929,8.5,18000,153000.0,-0.8168028004667427,4.111547188912345,40.099183197199544
603059.SH,20260929,25.8,5600,144480.0,-0.3861003861003742,4.229156344779512,42.68339768339776
603060.SH,20260929,5.72,190800,1091376.0,1.0600706713780772,16.8113730931615,51.36042402826846
603061.SH,20260929,317.0,9300,2948100.0,0.25300442757749675,4.031905652012762,46.51802656546498
603062.SH,20260929,36.81,1300,47853.0,0.16326530612245094,4.048253510191019,45.979591836734706
603063.SH,20260929,27.39,55000,1506450.0,0.8097165991902688,4.4266307138077705,49.85829959514162
603065.SH,20260929,14.99,503200,7542968.0,-0.8597883597883493,20.81035668556416,39.841269841269906
603066.SH,20260929,9.18,15600,143208.0,0.0,4.474518416238945,45.0
603067.SH,20260929,39.1,110700,4328370.0,-1.4865205341395682,3.383037988841914,36.080876795162595
603068.SH,20260929,46.07,104000,4791280.0,0.04343105320305796,7.070407963283225,45.26058631921835
603069.SH,20260929,12.89,12300,158547.0,0.07763975155279379,2.9212617989288137,45.46583850931676
603070.SH,20260929,11.13,27100,301623.0,-1.2422360248447117,21.217560131474123,37.54658385093173
603071.SH,20260929,12.39,10900,135051.0,-0.08064516129031585,6.438161381510033,44.51612903225811
603072.SH,20260929,29.68,2800,83104.0,-0.16818028927010342,3.42152257260422,43.99091826437938
603073.SH,20260929,19.0,84100,1597900.0,-3.6511156186612492,7.9877172613230325,23.093306288032505
603075.SH,20260929,20.02,11100,222222.0,-0.04992511233150587,4.371298988199546,44.70044932601097
603076.SH,20260929,20.16,6000,120960.0,0.0,4.269684663526363,45.0
603077.SH,20260929,2.15,249400,536210.0,-0.4629629629629761,3.7019417509845503,42.22222222222214
603078.SH,20260929,29.92,30100,900592.0,-0.7299270072992692,3.0617760763332376,40.620437956204384
603079.SH,20260929,12.95,1800,23310.0,-0.38461538461539435,0.5433872959733392,42.69230769230764
603080.SH,20260929,19.61,300,5883.0,-0.05096839959226607,0.4962640168434521,44.6941896024464
603081.SH,20260929,9.32,5100,47532.0,-0.6396588486140775,2.68611043218676,41.16204690831553
603082.SH,20260929,42.44,30900,1311396.0,-0.6786800842499385,5.54361649514418,40.92791949450037
603083.SH,20260929,197.15,63700,12558455.0,-0.11146577494046683,4.217939549449962,44.3312053503572
603085.SH,20260929,9.69,14400,139536.0,0.0,3.515166587497156,45.0
603086.SH,20260929,5.8,17200,99760.0,0.34602076124565784,2.6485574999019,47.07612456747395
603087.SH,20260929,73.97,16200,1198314.0,0.013520822065982152,1.7550570085081894,45.081124932395895
603088.SH,20260929,9.79,11300,110627.0,0.5133470225872516,1.7872081570114393,48.08008213552351
603089.SH,20260929,,0,0.0,,0.0,0.0
603090.SH,20260929,36.15,4100,148215.0,-0.4680616740088128,1.1491450392696079,42.19162995594712
603091.SH,20260929,45.87,4100,188067.0,1.66223404255319,7.088495207980943,54.97340425531914
603092.SH,20260929,47.45,33100,1570595.0,-1.841125362019036,5.679294244809951,33.95324782788578
603093.SH,20260929,13.2,134100,1770120.0,-1.4925373134328401,7.658213845138803,36.04477611940296
603095.SH,20260929,14.23,6100,86803.0,-0.2803083391730854,1.9298304978181442,43.318149964961485
603096.SH,20260929,16.04,5200,83408.0,-0.06230529595016021,2.4705489347179483,44.626168224299036
603097.SH,20260929,17.78,500,8890.0,0.0,0.24276757437890553,43.69816338820299
603098.SH,20260929,10.55,6000,63300.0,0.18993352326686086,2.670783526877238,46.13960113960117
603099.SH,20260929,40.63,47600,1933988.0,0.073891625615774,5.210431814764303,45.44334975369465
603100.SH,20260929,18.4,9000,165600.0,-0.27100271002710175,4.821343177879467,43.37398373983739
603101.SH,20260929,7.21,26900,193949.0,-1.2328767123287676,6.152483076619032,37.602739726027394
603102.SH,20260929,37.06,1300,48178.0,0.3520173300839424,1.1914106950043273,47.112103980503655
603103.SH,20260929,15.68,9800,153664.0,-0.8849557522123908,2.594776620641172,39.69026548672566
603105.SH,20260929,8.76,235200,2060352.0,-2.0134228187919434,8.743709673319987,32.91946308724834
603106.SH,20260929,7.21,21800,157178.0,0.41782729805013297,3.119621150355784,47.506963788300794
603107.SH,20260929,12.27,18000,220860.0,-0.32493907392364685,8.751114939035999,43.05036555645812
603108.SH,20260929,9.8,25200,246960.0,0.0,1.3885673050875114,45.0
603109.SH,20260929,17.45,1600,27920.0,-0.2287021154945612,1.1774090127876655,43.627787307032634
603110.SH,20260929,23.73,20900,495957.0,-0.8357709987463435,2.042805334363919,39.98537400752194
603111.SH,20260929,6.09,9700,59073.0,-0.327332242225864,2.905975152837577,43.03600654664481
603112.SH,20260929,16.5,3400,56100.0,-0.6622516556291314,0.7174512876792691,41.026490066225215
603113.SH,20260929,4.82,42400,204368.0,0.0,4.835636669840925,45.0
603115.SH,20260929,70.44,47500,3345900.0,-1.4273719563392073,8.762812844223546,36.43576826196475
603116.SH,20260929,7.41,132700,983307.0,2.066115702479343,5.582411553625965,57.39669421487606
603117.SH,20260929,3.96,26800,106128.0,-0.5025125628140725,2.981233214446003,41.98492462311557
603118.SH,20260929,16.28,174400,2839232.0,-1.273499090357777,4.357783345778861,37.359005457853335
603119.SH,20260929,53.98,19000,1025620.0,0.0,1.9421318043176299,45.0
603120.SH,20260929,57.05,31300,1785665.0,-1.6379310344827647,10.518274034794993,35.172413793103416
603121.SH,20260929,12.56,24800,311488.0,-0.31746031746030523,4.573111088113357,43.095238095238166
603122.SH,20260929,14.65,1087300,15928945.0,0.2737850787132068,18.322124465546306,46.64271047227924
603123.SH,20260929,9.21,20500,188805.0,0.0,1.601739837034753,45.0
603124.SH,20260929,114.54,41600,4764864.0,-3.455832771409295,7.843032284401057,24.26500337154423
603125.SH,20260929,20.32,119500,2428240.0,-3.696682464454981,15.307684174531,22.81990521327011
603126.SH,20260929,6.2,6000,37200.0,-0.3215434083601254,0.9212899178266354,43.070739549839246
603127.SH,20260929,45.05,88600,3991430.0,-0.8582746478873249,2.7546020364306334,39.85035211267605
603128.SH,20260929,5.31,22700,120537.0,0.0,2.2541457987644007,45.0
603129.SH,20260929,280.77,7200,2021544.0,0.5983518452167491,4.9590792750161015,48.5901110713005
603130.SH,20260929,39.1,13000,508300.0,2.0088703365510163,9.152780762630293,57.0532220193061
603131.SH,20260929,13.66,7800,106548.0,-0.29197080291970545,2.5189920910911114,43.248175182481766
603132.SH,20260929,17.58,62600,1100508.0,1.8539976825028726,6.782660180415724,56.12398609501724
603135.SH,20260929,8.52,13700,116724.0,-0.4672897196261738,2.6776959857982368,42.196261682242955
603136.SH,20260929,9.05,44700,404535.0,-0.6586169045005308,7.856972968097468,41.04829857299681
603137.SH,20260929,18.18,23000,418140.0,-1.1419249592169667,3.8865243093061013,38.148450244698196
603138.SH,20260929,14.92,226900,3385348.0,-3.116883116883118,12.510655136908671,26.298701298701292
603139.SH,20260929,35.02,2100,73542.0,0.0,1.3878729547641964,45.0
603150.SH,20260929,64.48,5200,335296.0,-1.1800766283524888,1.499573868617613,37.919540229885065
603151.SH,20260929,18.29,17300,316417.0,-1.9828510182207992,5.431542009518626,33.102893890675205
603153.SH,20260929,,0,0.0,,0.0,0.0
603155.SH,20260929,14.23,20200,287446.0,-0.21037868162692153,1.5911231352871977,43.73772791023847
603156.SH,20260929,42.56,33300,1417248.0,-0.7925407925407857,3.732275393219633,40.24475524475528
603158.SH,20260929,10.14,2200,22308.0,-0.09852216748768017,0.3058589134037157,44.40886699507392
603159.SH,20260929,22.14,8400,185976.0,0.18099547511312153,2.1889329393294843,46.08597285067873
603160.SH,20260929,53.35,10700,570845.0,-0.6887565152643327,3.9040595147335644,40.867460908414
603161.SH,20260929,14.64,1600,23424.0,-0.6784260515603768,0.8062068566268626,40.92944369063774
603162.SH,20260929,12.98,166500,2161170.0,-0.3072196620583667,5.516032107131795,43.1566820276498
603163.SH,20260929,75.5,5400,407700.0,-0.15868817773077026,3.2864761795408466,44.04787093361538
603165.SH,20260929,13.35,15800,210930.0,0.15003750937734317,3.7809844035692937,45.90022505626406
603166.SH,20260929,10.87,28300,307621.0,1.116279069767434,6.548864692575636,51.697674418604606
603167.SH,20260929,7.98,9200,73416.0,0.12547051442912682,6.083820084793616,45.752823086574764
603168.SH,20260929,5.91,6800,40188.0,0.0,1.0695682444581418,45.0
603169.SH,20260929,5.8,34200,198360.0,-0.8547008547008517,4.667938842376583,39.87179487179489
603170.SH,20260929,13.17,162600,2141442.0,0.6111535523300127,13.697144109998792,48.666921313980076
603171.SH,20260929,39.19,5400,211626.0,-0.305265835665236,1.6436723588865307,43.16840498600858
603172.SH,20260929,19.49,1000,19490.0,0.15416238437819807,0.5034083509065638,45.92497430626919
603173.SH,20260929,28.69,800,22952.0,-0.034843205574908165,2.4377242285168914,44.79094076655055
603175.SH,20260929,106.06,14500,1537870.0,1.6095037363479614,5.047773136971532,54.65702241808777
603176.SH,20260929,5.16,12500,64500.0,-0.19342359767891004,2.6735145114015446,43.839458413926536
603177.SH,20260929,10.94,3000,32820.0,-0.18248175182482562,1.072743655973136,43.90510948905104
603178.SH,20260929,16.02,207700,3327354.0,-1.3546798029556606,17.96860517154774,36.871921182266036
603179.SH,20260929,40.4,12900,521160.0,-0.7371007371007487,0.9721961054528409,40.57739557739551
603180.SH,20260929,15.64,700,10948.0,0.38510911424904926,0.7223241578108063,47.3106546854943
603181.SH,20260929,12.1,5400,65340.0,-0.16501650165016146,1.329726316722615,44.009900990099034
603182.SH,20260929,13.46,8100,109026.0,-0.8106116433308719,5.852970331711803,40.13633014001477
603183.SH,20260929,5.15,273800,1410070.0,0.3898635477582957,10.70776181625061,47.339181286549774
603185.SH,20260929,13.8,23500,324300.0,1.098901098901095,4.904234945246326,51.59340659340657
603186.SH,20260929,203.0,64900,13174700.0,-0.782013685239491,4.326969600010926,40.307917888563054
603187.SH,20260929,10.52,3100,32612.0,-0.09496676163343043,2.217029001665287,44.430199430199416
603188.SH,20260929,4.48,11900,53312.0,0.4484304932735439,0.45099647744443633,47.69058295964126
603189.SH,20260929,9.31,9000,83790.0,-1.5856236786469413,10.312096289552933,35.48625792811835
603190.SH,20260929,,0,0.0,,0.0,0.0
603191.SH,20260929,12.99,4900,63651.0,0.0,1.4596506387390467,45.0
603192.SH,20260929,20.2,7100,143420.0,0.09910802775023875,2.907186048231315,45.59464816650143
603193.SH,20260929,20.11,1400,28154.0,-0.44554455445544594,0.8496096726464856,42.32673267326732
603194.SH,20260929,33.07,7700,254639.0,0.36418816388466,14.439923664992229,47.18512898330796
603195.SH,20260929,37.53,6600,247698.0,0.02665245202557731,3.0249606700035456,45.159914712153466
603196.SH,20260929,18.04,3900,70356.0,1.2345679012345512,2.885407893187577,52.407407407407305
603197.SH,20260929,29.0,6700,194300.0,-0.2064693737095613,4.103469782538488,43.76118375774263
603198.SH,20260929,36.94,2000,73880.0,-0.43126684636120016,1.0268514852938342,42.412398921832796
603199.SH,20260929,31.94,900,28746.0,0.3140703517587884,1.0669599587884582,46.884422110552734
603200.SH,20260929,39.14,182400,7139136.0,5.869624019475261,47.47247089676781,80.21774411685158
603201.SH,20260929,15.22,500,7610.0,0.0,0.3484902632461561,45.0
603202.SH,20260929,50.6,600,30360.0,0.1980198019801982,0.7781270037058683,46.18811881188119
603203.SH,20260929,42.86,18200,780052.0,-0.579911853398285,3.5599263587959458,41.52052887961029
603205.SH,20260929,,0,0.0,,0.0,0.0
603206.SH,20260929,13.38,7300,97674.0,-0.5943536404160454,2.4011056974476532,41.43387815750373
603207.SH,20260929,24.35,7500,182625.0,0.0,3.5586161613961087,45.0
603208.SH,20260929,11.29,6600,74514.0,0.3555555555555534,4.228496333561024,47.13333333333332
603209.SH,20260929,14.66,37200,545352.0,-0.8789722785665921,8.674117319348591,39.72616632860045
603210.SH,20260929,13.38,100,1338.0,0.14970059880241582,0.053977374040287934,10.614130920066323
603211.SH,20260929,18.88,18300,345504.0,-0.42194092827004814,5.817534266227154,42.46835443037971
603212.SH,20260929,11.66,34100,397606.0,0.0,3.7675291812572915,45.0
603213.SH,20260929,13.54,1400,18956.0,-0.2945508100147376,0.7412232341811051,43.23269513991158
603214.SH,20260929,13.62,13400,182508.0,0.14705882352941124,4.144173307044305,45.882352941176464
603215.SH,20260929,15.52,16800,260736.0,-0.7672634271099765,5.291089468959169,40.39641943734014
603216.SH,20260929,21.81,84900,1851669.0,-0.31992687385740126,16.24597311674153,43.08043875685559
603217.SH,20260929,26.82,7300,195786.0,-0.4084663943557332,3.0096429676408425,42.5492016338656
603218.SH,20260929,9.37,65400,612798.0,-0.10660980810236476,5.0009897552497184,44.36034115138581
603219.SH,20260929,12.84,13900,178476.0,-0.5422153369481042,4.298321673440986,41.74670797831138
603220.SH,20260929,16.89,19100,322599.0,-0.5885815185403098,1.8098311398188593,41.46851088875814
603221.SH,20260929,26.66,697800,18603348.0,-3.8239538239538184,39.05313846220267,22.05627705627709
603222.SH,20260929,8.03,108600,872058.0,0.24968789013732895,4.360572935774938,46.49812734082397
603223.SH,20260929,9.47,3600,34092.0,0.2116402116402183,0.7541322652255659,46.26984126984131
603225.SH,20260929,17.19,42000,721980.0,0.46756282875513033,2.216687003491148,47.80537697253078
603226.SH,20260929,29.19,44400,1296036.0,1.07340720221607,7.16949516323389,51.44044321329642
603227.SH,20260929,7.34,30000,220200.0,-0.27173913043478937,10.281332173033794,43.36956521739126
603228.SH,20260929,92.79,197107,18289559.0,-2.3263157894736763,6.439191633725053,31.042105263157943
603229.SH,20260929,8.13,4800,39024.0,-0.4895960832313251,0.7910737271023898,42.06242350061205
603230.SH,20260929,14.96,652100,9755416.0,-9.987966305655839,9.630126779422973,15.0
603231.SH,20260929,,0,0.0,,0.0,0.0
603232.SH,20260929,15.94,120500,1920770.0,-0.12531328320802837,5.141678131559294,44.24812030075183
603233.SH,20260929,17.8,25100,446780.0,0.16882386043894915,5.421535882114516,46.0129431626337
603235.SH,20260929,25.35,7700,195195.0,0.5952380952380931,22.22754138078245,48.571428571428555
603236.SH,20260929,70.11,28996,2032910.0,-1.8754373687893677,3.4512554992537816,33.74737578726379
603237.SH,20260929,15.29,3400,51986.0,0.1309757694826441,2.5811260334856243,45.78585461689586
603238.SH,20260929,12.61,6300,79443.0,-0.5520504731861275,2.3787656828219,41.68769716088323
603239.SH,20260929,13.71,2500,34275.0,-0.2909090909090861,1.2848338030458302,43.254545454545486
603248.SH,20260929,22.1,287000,6342700.0,-4.741379310344818,13.466655094236554,16.551724137931096
603255.SH,20260929,31.86,6300,200718.0,1.984635083226638,5.134129445093607,56.907810499359826
603256.SH,20260929,140.7,69000,9708300.0,0.10672358591246045,5.655146259258629,45.64034151547476
603257.SH,20260929,65.5,8100,530550.0,-0.7575757575757569,5.1355367907852,40.45454545454546
603258.SH,20260929,13.68,2400,32832.0,-0.291545189504383,0.3634041686261311,43.2507288629737
603259.SH,20260929,161.81,155400,25145274.0,0.0061804697156997435,5.102826986160421,45.037082818294195
603260.SH,20260929,30.65,56700,1737855.0,-0.8411517308314465,13.105610905489945,39.95308961501132
603261.SH,20260929,49.02,3900,191178.0,-0.9696969696969648,1.5245975753573011,39.18181818181821
603262.SH,20260929,17.41,4100,71381.0,0.0,1.5906191773886558,45.0
603266.SH,20260929,18.36,39400,723384.0,-0.10881392818280489,4.71405757391389,44.34711643090317
603267.SH,20260929,46.91,11400,534774.0,-0.17024898914663744,3.118489352240718,43.97850606512017
603268.SH,20260929,212.0,23400,4960800.0,0.023590469450351925,4.057374043244325,45.14154281670211
603269.SH,20260929,24.01,54600,1310946.0,1.2652889076339102,3.8324437219949847,52.59173344580346
603270.SH,20260929,32.32,15300,494496.0,-1.5834348355663885,2.4518291259307707,35.49939098660167
603271.SH,20260929,38.23,900,34407.0,0.13095861707699274,1.3706629137265156,45.78575170246196
603272.SH,20260929,15.93,23500,374355.0,-1.3622291021671784,10.023415145460477,36.82662538699693
603273.SH,20260929,14.61,8700,127107.0,0.2057613168724215,5.756057237327103,46.23456790123453
603275.SH,20260929,37.0,2700,99900.0,0.407055630936215,5.111919568781184,47.44233378561729
603276.SH,20260929,17.5,9700,169750.0,0.6904487917146263,4.352028803021331,49.14269275028776
603277.SH,20260929,11.18,2200,24596.0,-0.5338078291814985,1.7648249493265775,41.79715302491101
603278.SH,20260929,10.72,3300300,35379216.0,-0.5565862708719727,40.93077213072984,41.660482374768165
603279.SH,20260929,10.82,19000,205580.0,0.2780352177942591,3.2174684214113616,46.668211306765556
603280.SH,20260929,27.43,4000,109720.0,0.07296607077709183,2.2201167220498648,45.43779642466255
603281.SH,20260929,18.09,18880,341539.0,0.0,13.76412419730366,45.0
603282.SH,20260929,17.29,15000,259350.0,0.93403385872739,13.162835157453088,50.60420315236434
603283.SH,20260929,42.8,21600,924480.0,-0.2563505010487077,2.6149494488787832,43.461896993707754
603284.SH,20260929,40.6,600,24360.0,-0.3191750552418271,0.9204757332972197,43.08494966854904
603285.SH,20260929,35.84,5200,186368.0,0.22371364653246406,1.735813826143466,46.342281879194786
603286.SH,20260929,43.28,27200,1177216.0,-1.4123006833712926,6.928993916223551,36.52619589977225
603288.SH,20260929,32.92,56400,1856688.0,-0.03036744609777875,4.755371817157362,44.81779532341333
603289.SH,20260929,11.36,164000,1863040.0,1.7009847806624734,13.914647487779645,55.20590868397484
603290.SH,20260929,82.56,7940,655526.0,-0.3018959062915161,3.4756600222052727,43.1886245622509
603291.SH,20260929,8.69,27500,238975.0,0.9291521486643362,9.165697711434879,50.57491289198602
603293.SH,20260929,35.51,1900,67469.0,-0.028153153153165356,2.6059521416188156,44.83108108108101
603296.SH,20260929,74.9,54300,4067070.0,0.08017103153394878,5.816325246147096,45.48102618920369
603297.SH,20260929,107.19,900,96471.0,-0.9792147806004681,1.5618130358376117,39.12471131639719
603298.SH,20260929,21.87,45700,999459.0,0.5055147058823595,10.302189795272195,48.03308823529416
603299.SH,20260929,8.6,15400,132440.0,0.0,9.239065565205975,45.0
603300.SH,20260929,4.49,21700,97433.0,0.0,1.0828621190651317,45.0
603301.SH,20260929,74.07,24700,1829529.0,-0.9891725705119758,14.71323968403523,39.06496457692815
603303.SH,20260929,27.63,5800,160254.0,-1.180257510729621,2.0398656555736725,37.91845493562227
603305.SH,20260929,11.02,22500,247950.0,-0.7207207207207245,1.8144042490910746,40.675675675675656
603306.SH,20260929,73.48,21600,1587168.0,-0.6355645706558444,2.8602072413300723,41.18661257606493
603307.SH,20260929,26.01,2300,59823.0,-0.4592422502870175,2.8341568415375025,42.2445464982779
603308.SH,20260929,36.0,172400,6206400.0,-1.5317286652078876,9.599170744491756,35.809628008752675
603309.SH,20260929,11.09,200,2218.0,-0.2697841726618688,0.0967070507985831,15.788564107773745
603310.SH,20260929,14.65,13300,194845.0,1.6655100624566321,12.700118361492123,54.99306037473979
603311.SH,20260929,25.41,1200,30492.0,-1.166861143523923,0.23990360237068376,36.18148156557954
603312.SH,20260929,32.99,7900,260621.0,0.09101941747573505,7.563987015602092,45.54611650485441
603313.SH,20260929,6.24,9800,61152.0,-0.15999999999999348,1.0104069336598254,44.04000000000004
603315.SH,20260929,10.69,7100,75899.0,0.2814258911819856,1.6398243260492484,46.68855534709191
603316.SH,20260929,15.77,145900,2300843.0,-0.8176100628930816,7.860670309481289,40.09433962264151
603317.SH,20260929,12.62,8900,112318.0,0.2382843526608447,1.82180313515973,46.42970611596507
603318.SH,20260929,8.6,136500,1173900.0,-0.23201856148491462,7.780787658433961,43.60788863109051
603319.SH,20260929,28.51,40200,1146102.0,-0.9725599166377163,3.6311731396030065,39.164640500173704
603320.SH,20260929,18.11,8600,155746.0,1.741573033707855,4.765596545770194,55.44943820224713
603321.SH,20260929,7.21,15300,110313.0,-0.8253094910591452,2.2284677958192365,40.04814305364513
603322.SH,20260929,26.31,19300,507783.0,-0.5293005671077489,2.488108057397665,41.824196597353506
603323.SH,20260929,4.43,32100,142203.0,0.0,1.1124875833514911,45.0
603324.SH,20260929,25.0,4600,115000.0,-0.990099009900991,2.266880915167028,39.059405940594054
603325.SH,20260929,52.15,1500,78225.0,0.0,8.719827835094986,45.0
603326.SH,20260929,7.59,31600,239844.0,0.0,12.821457921499066,45.0
603327.SH,20260929,8.02,14700,117894.0,-0.12453300124533051,1.5472590426932151,44.25280199252802
603328.SH,20260929,12.95,173200,2242940.0,-1.3709063214013772,5.535771205090799,36.77456207159174
603329.SH,20260929,10.25,18600,190650.0,0.09765625,7.221962402459945,45.5859375
603330.SH,20260929,9.32,34800,324336.0,-0.9564293304994642,1.7300460814877117,39.261424017003215
603331.SH,20260929,12.42,6900,85698.0,0.9756097560975618,2.8546508444034413,50.85365853658537
603332.SH,20260929,11.87,9500,112765.0,-0.6694560669456062,4.497447125931271,40.98326359832636
603333.SH,20260929,8.95,49000,438550.0,0.7882882882882747,6.748130473190819,49.72972972972965
603334.SH,20260929,31.89,200,6378.0,0.0,0.28226995496559454,45.0
603335.SH,20260929,5.95,4800,28560.0,-1.490066225165565,0.6196989001082259,36.05960264900661
603336.SH,20260929,10.01,52700,527527.0,0.30060120240480437,4.062445063537085,46.80360721442882
603337.SH,20260929,35.55,5200,184860.0,-0.6983240223463638,2.797553171556793,40.81005586592182
603338.SH,20260929,52.03,6900,359007.0,-0.21097046413501852,1.8733358683578387,43.73417721518989
603339.SH,20260929,12.1,5800,70180.0,-0.5751848808545623,1.3477455949478705,41.54889071487263
603341.SH,20260929,35.7,17700,631890.0,-0.055991041433356425,2.54786594121242,44.66405375139986
603344.SH,20260929,,0,0.0,,0.0,0.0
603345.SH,20260929,77.85,17000,1323450.0,0.7897462454686588,3.316423894138396,49.73847747281195
603348.SH,20260929,14.46,15300,221238.0,-0.6185567010309256,7.755451887632147,41.288659793814446
603350.SH,20260929,28.51,1600,45616.0,0.3166783954961394,3.001972183058179,46.900070372976835
603351.SH,20260929,26.88,4100,110208.0,-0.4444444444444473,2.9847961135467274,42.333333333333314
603352.SH,20260929,,0,0.0,,0.0,0.0
603353.SH,20260929,40.72,25300,1030216.0,-2.1859236127792503,4.751243081968683,31.8844583233245
603355.SH,20260929,30.16,2700,81432.0,-0.3633961017509013,1.142015180533258,42.819623389494595
603356.SH,20260929,16.63,4000,66520.0,0.4227053140096526,1.8543441649947043,47.53623188405791
603357.SH,20260929,5.91,36400,215124.0,-0.16891891891891442,14.643004776926016,43.98648648648651
603358.SH,20260929,42.74,22000,940280.0,-0.6970260223048252,5.616526297113954,40.817843866171046
603359.SH,20260929,2.08,68000,141440.0,-0.952380952380949,13.755269214367372,39.285714285714306
603360.SH,20260929,12.0,9800,117600.0,-0.24937655860348684,1.7459445760583787,43.50374064837908
603363.SH,20260929,2.77,24500,67865.0,-0.7168458781361964,1.4678225144443122,40.69892473118282
603365.SH,20260929,16.0,800,12800.0,0.0625390869293252,0.5199977526347128,45.37523452157595
603366.SH,20260929,7.26,63600,461736.0,-0.4115226337448541,4.812939976508597,42.530864197530875
603367.SH,20260929,14.22,12700,180594.0,-0.1404494382022392,2.431360257975086,44.157303370786565
603368.SH,20260929,15.15,1700,25755.0,0.1984126984126977,0.6413363023141047,46.19047619047619
603369.SH,20260929,26.7,14400,384480.0,0.22522522522521182,1.8088925445422028,46.35135135135127
603370.SH,20260929,27.35,700,19145.0,0.0,0.49246192429477625,45.0
603373.SH,20260929,51.0,66900,3411900.0,-3.2258064516129115,8.543026781994598,25.64516129032253
603375.SH,20260929,48.58,23500,1141630.0,-0.02058036633053595,6.109677779266268,44.876517802016785
603376.SH,20260929,26.33,1700,44761.0,-0.4160363086233132,1.707396795681466,42.50378214826012
603377.SH,20260929,3.08,3800,11704.0,0.6535947712418277,1.4795257477805535,48.92156862745097
603378.SH,20260929,4.64,77800,360992.0,0.43290043290042934,7.620273805671872,47.59740259740258
603379.SH,20260929,50.0,26500,1325000.0,0.6036217303822866,4.291294745548925,48.62173038229372
603380.SH,20260929,32.05,6300,201915.0,-0.6201550387596955,2.6702164991938897,41.279069767441825
603381.SH,20260929,14.69,3700,54353.0,0.4787961696306464,1.9180271615767,47.872777017783875
603382.SH,20260929,18.72,16100,301392.0,-1.7322834645669416,8.771104757824942,34.60629921259835
603383.SH,20260929,26.61,1600,42576.0,0.0,1.389080656725596,45.0
603385.SH,20260929,5.59,21400,119626.0,-0.7104795737122527,5.345331441068309,40.73712255772649
603386.SH,20260929,17.5,35200,616000.0,0.6904487917146263,2.0910616334849355,49.14269275028776
603387.SH,20260929,9.91001,40460,400959.0,0.00010090817355035142,5.485040423272825,45.0006054490413
603389.SH,20260929,42.3,700,29610.0,-0.7741027445461124,0.41312929648015373,40.35538353272332
603390.SH,20260929,10.75,79000,849250.0,0.2798507462686617,3.3079269740288413,46.67910447761197
603391.SH,20260929,68.01,7500,510075.0,-1.3489991296779746,2.0855482210477088,36.90600522193215
603392.SH,20260929,26.44,30200,798488.0,-0.9366804046459398,8.040402436194974,39.37991757212436
603393.SH,20260929,24.76,10700,264932.0,-0.5222981116914438,2.785462106651598,41.86621132985134
603395.SH,20260929,25.0,48400,1210000.0,-0.3984063745020028,10.345708519307063,42.609561752987986
603396.SH,20260929,38.51,1044700,40231397.0,-1.7602040816326658,75.73076516605985,34.438775510204
603398.SH,20260929,8.21,16000,131360.0,-0.3640776699029069,4.532712408783303,42.81553398058256
603399.SH,20260929,12.68,41900,531292.0,0.0,1.3889024972419426,45.0
603402.SH,20260929,59.5,8900,529550.0,0.0,7.4305104152379124,45.0
603406.SH,20260929,27.6,500,13800.0,-0.325027085590468,0.5423358570421545,43.04983748645719
603407.SH,20260929,60.18,4400,264792.0,0.5345806882726345,1.4283130591528426,48.20748412963581
603408.SH,20260929,11.57,2800,32396.0,-0.2586206896551646,1.974878636648544,43.44827586206901
603409.SH,20260929,17.57,2900,50953.0,0.0,1.7663179974190744,45.0
603416.SH,20260929,45.18,3500,158130.0,-0.7032967032967075,3.718783315129411,40.78021978021975
603418.SH,20260929,47.89,133000,6369370.0,-1.7641025641025654,25.94459214478498,34.41538461538461
603421.SH,20260929,6.18,97500,602550.0,0.0,4.305482420033962,45.0
603429.SH,20260929,8.88,6200,55056.0,0.0,3.4731356214796936,45.0
603435.SH,20260929,44.69,4600,205574.0,0.607834308869859,2.2143213230200987,48.647005853219156
603439.SH,20260929,13.3,26300,349790.0,-1.041666666666663,2.4488165727594273,38.75000000000002
603444.SH,20260929,335.5,2900,972950.0,-0.15772401273694836,3.685338702209652,44.05365592357831
603448.SH,20260929,60.5,26110,1579655.0,-2.6861830464854464,7.752968439101103,28.882901721087322
603456.SH,20260929,16.32,53300,869856.0,-0.6090133982947665,2.962648358101796,41.3459196102314
603458.SH,20260929,10.41,33600,349776.0,-1.0456273764258506,2.2744071113430726,38.726235741444896
603459.SH,20260929,83.4,23700,1976580.0,-0.7969549185202651,5.38409285676026,40.21827048887841
603466.SH,20260929,11.4,130900,1492260.0,-1.041666666666663,3.9428223593628537,38.75000000000002
603468.SH,20260929,22.15,5600,124040.0,0.0,1.1211704006639454,45.0
603477.SH,20260929,14.08,80200,1129216.0,1.0043041606886627,6.330583913136695,51.02582496413198
603486.SH,20260929,49.84,13750,685300.0,-1.111111111111096,3.8909379351453834,38.33333333333342
603488.SH,20260929,7.65,1600,12240.0,-0.3906249999999889,0.3342855920888802,42.656250000000064
603489.SH,20260929,29.31,5000,146550.0,-0.13628620102215105,2.2005249246723757,44.182282793867095
603496.SH,20260929,21.9,14100,308790.0,-0.36396724294813776,4.0703730713956405,42.816196542311175
603499.SH,20260929,12.77,1300,16601.0,-0.07824726134585402,0.6828204577467772,44.53051643192487
603500.SH,20260929,10.0,442100,4421000.0,0.10010010010010895,15.566620441914138,45.60060060060066
603501.SH,20260929,80.5,32200,2592100.0,-0.3095975232198178,4.496607387702331,43.14241486068109
603505.SH,20260929,14.42,146900,2118298.0,0.41782729805013297,18.72969704184656,47.506963788300794
603506.SH,20260929,12.23,13400,163882.0,0.16380016380015405,3.983422281895586,45.982800982800924
603507.SH,20260929,27.12,53500,1450920.0,0.0,3.0524143868419893,45.0
603508.SH,20260929,20.45,4000,81800.0,-0.146484375,3.431226332455714,44.12109375
603511.SH,20260929,12.57,28600,359502.0,-2.0265003897116163,15.896302385873584,32.8409976617303
603515.SH,20260929,14.56,5100,74256.0,0.8310249307479367,4.274216400854913,49.98614958448762
603516.SH,20260929,78.6,11700,919620.0,0.0,3.6893925739005047,45.0
603517.SH,20260929,11.04,13800,152352.0,0.1814882032667775,3.9274915436945292,46.088929219600665
603518.SH,20260929,7.82,17300,135286.0,-0.3821656050955302,3.226139537700972,42.70700636942682
603519.SH,20260929,17.0,71100,1208700.0,0.591715976331364,10.369466395426523,48.55029585798818
603520.SH,20260929,8.43,13900,117177.0,0.11876484560569,2.4631807275536755,45.71258907363414
603527.SH,20260929,9.49,5200,49348.0,0.4232804232804366,0.5906629577673831,47.539682539682616
603528.SH,20260929,6.4,800,5120.0,-0.4665629860031051,0.12306562825556058,19.352435169982275
603529.SH,20260929,21.12,7000,147840.0,0.0,0.909981540989972,45.0
603530.SH,20260929,42.37,3100,131347.0,-0.5399061032863917,0.9700281414286805,41.76056338028165
603533.SH,20260929,21.76,97200,2115072.0,1.2093023255814073,3.5827465920194275,52.25581395348844
603535.SH,20260929,6.13996,5037,30927.0,0.49034369885434526,1.8843378362388745,47.94206219312607
603536.SH,20260929,10.06,25400,255524.0,-0.1984126984126977,6.2760252514693615,43.80952380952381
603538.SH,20260929,26.12,71000,1854520.0,-0.03827018752391442,1.8740737348981387,44.77037887485651
603551.SH,20260929,9.31,14400,134064.0,0.6486486486486642,10.233868912218604,48.89189189189199
603556.SH,20260929,22.44,5200,116688.0,0.0,3.0434805515677312,45.0
603557.SH,20260929,2.95,15200,44840.0,-1.3377926421404673,1.7165204721288791,36.973244147157196
603558.SH,20260929,13.05,58400,762120.0,0.4618937644341736,13.65255578327132,47.77136258660504
603559.SH,20260929,8.83,9300,82119.0,-0.563063063063074,1.5900179425215455,41.62162162162156
603565.SH,20260929,11.5,13000,149500.0,0.17421602787455193,1.3271947984616967,46.045296167247315
603566.SH,20260929,10.15,1600,16240.0,0.09861932938854956,1.2609839153115747,45.5917159763313
603567.SH,20260929,5.15,63600,327540.0,-0.19379844961240345,4.452023332060142,43.837209302325576
603568.SH,20260929,13.34,4500,60030.0,-0.14970059880239361,1.1790171942069738,44.10179640718564
603569.SH,20260929,5.77,3600,20772.0,0.17361111111111605,1.126680807129136,46.0416666666667
603577.SH,20260929,9.74,22600,220124.0,0.4123711340206171,9.245467705187838,47.4742268041237
603578.SH,20260929,13.74,20000,274800.0,-0.43478260869566077,3.3721285184442915,42.391304347826036
603579.SH,20260929,18.0,5500,99000.0,0.0,2.444500517061243,45.0
603580.SH,20260929,76.53,90300,6910659.0,-3.43217665615142,11.004532250192307,24.40694006309148
603583.SH,20260929,27.93,2700,75411.0,-0.4987531172069848,0.7575695093456829,42.007481296758094
603585.SH,20260929,10.32,7400,76368.0,-0.48216007714559916,2.3315400633003605,42.107039537126404
603586.SH,20260929,13.89,23700,329193.0,-0.4301075268817067,10.861069874423633,42.41935483870976
603587.SH,20260929,12.33,32400,399492.0,-0.16194331983805377,10.197364172345695,44.028340080971674
603588.SH,20260929,16.53,132900,2196837.0,0.36429872495447047,3.921819922302572,47.185792349726825
603589.SH,20260929,17.42,2500,43550.0,0.0,0.6820934005607512,45.0
603590.SH,20260929,28.87,4500,129915.0,-0.9945130315500705,2.8455247068489697,39.03292181069958
603595.SH,20260929,29.97,11400,341658.0,-2.0588235294117685,5.533459665691954,32.64705882352939
603596.SH,20260929,27.75,37900,1051725.0,-0.8928571428571397,3.6122308348370087,39.64285714285716
603598.SH,20260929,17.2,106100,1824920.0,-1.0925819436457762,3.3296321891292386,38.444508338125345
603599.SH,20260929,10.25,13300,136325.0,0.3917727717923425,2.075067533497176,47.35063663075405
603600.SH,20260929,10.24,7700,78848.0,-0.09756097560975618,2.697690748937293,44.41463414634146
603601.SH,20260929,10.03,406200,4074186.0,-1.279527559055127,4.031340573749581,37.32283464566924
603602.SH,20260929,11.52,8200,94464.0,-0.25974025974027093,0.7079060510110219,43.44155844155837
603605.SH,20260929,54.68,27400,1498232.0,0.0,5.520945931935575,45.0
603606.SH,20260929,35.23,16800,591864.0,-0.5083309799491675,1.1547928340416516,41.95001412030499
603607.SH,20260929,22.85,8100,185085.0,-0.08745080891997548,2.761478075376975,44.47529514648015
603608.SH,20260929,19.05,60500,1152525.0,-1.1416709911779899,6.666912397074795,38.14997405293206
603609.SH,20260929,6.24,4300,26832.0,0.3215434083601254,1.7222697528107715,46.929260450160754
603610.SH,20260929,13.08,24100,315228.0,0.0,5.048435855790658,45.0
603611.SH,20260929,15.45,1600,24720.0,0.2595717066839587,1.2043578460917395,46.557430240103756
603612.SH,20260929,15.73,39700,624481.0,0.768737988468926,8.90902432444501,49.61242793081355
603613.SH,20260929,19.18,23400,448812.0,0.15665796344648264,2.1144238989883037,45.93994778067889
603615.SH,20260929,18.3,600,10980.0,-0.9204114780725359,0.225528749380027,35.072706019969644
603616.SH,20260929,5.52,17100,94392.0,-0.8976660682226356,1.940266545329434,39.61400359066418
603617.SH,20260929,6.82,16100,109802.0,0.7385524372230501,2.7441451181472907,49.4313146233383
603618.SH,20260929,33.0,314500,10378500.0,-0.8711324722138758,8.886530046579947,39.77320516671674
603619.SH,20260929,20.88,84100,1756008.0,-1.0895310279488424,7.310804536759871,38.46281383230695
603626.SH,20260929,22.06,451700,9964502.0,-1.955555555555566,6.320740907528492,33.26666666666661
603628.SH,20260929,10.37,25100,260287.0,-0.8604206500956169,4.486952160253872,39.8374760994263
603629.SH,20260929,97.13,130500,12675465.0,-1.6604232054267531,11.664298402499732,35.037460767439484
603630.SH,20260929,14.1,2700,38070.0,-0.35335689045936647,0.17080742311024436,28.625194817087785
603633.SH,20260929,6.16,29700,182952.0,0.0,2.9871571443984632,45.0
603636.SH,20260929,7.0,739300,5175100.0,-2.0979020979021046,9.71574677344407,32.41258741258737
603637.SH,20260929,13.45,9100,122395.0,-0.6646971935007406,1.8244370036637356,41.01181683899556
603638.SH,20260929,19.33,56300,1088279.0,0.6770833333333393,4.088303038998009,49.062500000000036
603639.SH,20260929,10.4,100,1040.0,0.19267822736031004,0.16864585003913718,31.51232237120655
603648.SH,20260929,9.56,7900,75524.0,-0.4166666666666541,4.589945185513729,42.50000000000008
603650.SH,20260929,64.37,93600,6025032.0,-1.7251908396946458,5.251382003219681,34.64885496183213
603655.SH,20260929,31.55,300,9465.0,-0.5045726900031577,0.2902659074917493,41.97256385998105
603656.SH,20260929,17.42,2200,38324.0,0.4034582132564912,1.9754850979845555,47.420749279538946
603657.SH,20260929,36.8,34400,1265920.0,1.6013252346769757,7.22642478952778,54.60795140806185
603658.SH,20260929,34.47,16800,579096.0,0.9961910342806801,6.263471396656043,50.97714620568408
603659.SH,20260929,20.82,48700,1013934.0,0.09615384615384581,2.5263110748547755,45.57692307692307
603660.SH,20260929,9.6,60000,576000.0,3.5598705501618033,5.931607637130195,66.35922330097083
603661.SH,20260929,33.18,4200,139356.0,-0.5693736889421541,1.7922300737996606,41.58375786634708
603662.SH,20260929,47.81,2800,133868.0,-0.7885453413571164,1.1757280642551002,40.2687279518573
603663.SH,20260929,43.36,134200,5818912.0,-0.04610419548179978,7.49529789177525,44.723374827109204
603665.SH,20260929,22.76,38400,873984.0,-0.3066141042487813,5.2994966525971545,43.16031537450731
603666.SH,20260929,26.25,1800,47250.0,0.038109756097570724,0.7325059555834743,45.22865853658543
603667.SH,20260929,48.94,64000,3132160.0,-0.9712666936462999,4.1387761112759405,39.1723998381222
603668.SH,20260929,11.94,1400,16716.0,-0.6655574043261225,0.32446868931497974,41.006655574043265
603669.SH,20260929,5.88,40600,238728.0,-0.3389830508474634,1.8504788472907694,42.96610169491522
603676.SH,20260929,8.85,1800,15930.0,-0.33783783783785104,1.3807105120693859,42.9729729729729
603677.SH,20260929,14.52,9100,132132.0,-0.20618556701031965,6.68186317037851,43.762886597938085
603678.SH,20260929,42.9,49900,2140710.0,-1.2658227848101333,3.7169139986724047,37.4050632911392
603679.SH,20260929,22.56,22100,498576.0,0.04434589800441646,2.563543381144536,45.2660753880265
603680.SH,20260929,9.88,1200,11856.0,-0.20202020202019222,0.38188825381499314,43.787878787878846
603681.SH,20260929,18.57,27100,503247.0,-0.5356186395286677,5.742188998936346,41.786288162827994
603682.SH,20260929,9.33,21400,199662.0,0.21482277121374072,2.527983052478192,46.288936627282446
603683.SH,20260929,15.25,50800,774700.0,-0.1309757694826441,5.582955742741637,44.21414538310414
603685.SH,20260929,,0,0.0,,0.0,0.0
603686.SH,20260929,14.1,218493,3080751.0,-1.7421602787456414,9.267790099048646,34.54703832752615
603687.SH,20260929,14.15,22900,324035.0,0.14154281670204494,2.2291742933685694,45.84925690021227
603688.SH,20260929,44.08,25100,1106408.0,-0.6087936865839971,2.8918332618530673,41.34723788049602
603689.SH,20260929,7.55,8800,66440.0,-0.26420079260238705,2.9382579314611093,43.41479524438568
603690.SH,20260929,22.98,26200,602076.0,-0.30368763557483414,2.562209204154269,43.177874186550994
603693.SH,20260929,11.78,133800,1576164.0,-2.240663900414952,4.550923734607499,31.556016597510286
603696.SH,20260929,13.23,33000,436590.0,-1.562499999999989,3.3501783535076983,35.62500000000007
603697.SH,20260929,9.39,45700,429123.0,-0.9493670886075889,7.876668879578117,39.30379746835447
603698.SH,20260929,20.28,6500,131820.0,-0.1477104874445967,1.118233769526506,44.11373707533242
603699.SH,20260929,42.72,3800,162336.0,-0.18691588785045843,1.0200963556715852,43.87850467289725
603700.SH,20260929,11.48,11700,134316.0,-0.26064291920069316,2.467810303223767,43.43614248479584
603701.SH,20260929,18.12,900,16308.0,-0.11025358324144863,0.5583435069765206,44.33847850055131
603703.SH,20260929,9.66,17200,166152.0,-0.9230769230769265,2.106024075310971,39.46153846153844
603706.SH,20260929,17.05,300,5115.0,0.058685446009398845,0.40349713292213174,45.35211267605639
603707.SH,20260929,7.95,46600,370470.0,0.5056890012642201,5.846888230592926,48.03413400758532
603708.SH,20260929,8.85,11100,98235.0,-0.33783783783785104,4.600466776326696,42.9729729729729
603709.SH,20260929,12.8,42500,544000.0,-0.38910505836574627,9.850527658724413,42.66536964980552
603711.SH,20260929,11.7,1100,12870.0,-0.17064846416383617,0.36830518402853585,43.97610921501698
603712.SH,20260929,11.18,6900,77142.0,-0.2676181980374781,1.1038827159172384,43.39429081177513
603713.SH,20260929,66.31,10500,696255.0,-0.8819133034379756,6.790384023131593,39.708520179372144
603716.SH,20260929,16.67,36800,613456.0,-0.5369928400954627,4.144121412024442,41.778042959427225
603717.SH,20260929,5.86,18200,106652.0,0.0,2.2753769806529167,45.0
603718.SH,20260929,3.05,24100,73505.0,-0.326797385620925,7.087586680833161,43.03921568627445
603719.SH,20260929,9.09,17900,162711.0,0.22050716648289725,7.6923291483493745,46.323042998897385
603721.SH,20260929,18.25,14100,257325.0,-0.3276897870016282,2.5123739236431644,43.03386127799023
603722.SH,20260929,28.5,2900,82650.0,0.03510003510003301,3.3174134947805225,45.2106002106002
603725.SH,20260929,11.33,27100,307043.0,0.0,1.7888594992533402,45.0
603726.SH,20260929,23.55,3200,75360.0,0.0,1.4798878120928944,45.0
603727.SH,20260929,19.12,32900,629048.0,-0.31282586027110426,10.220987702002853,43.123044838373374
603728.SH,20260929,51.45,55300,2845185.0,-1.5311004784688942,8.838019184566852,35.81339712918663
603729.SH,20260929,12.22,1800,21996.0,-0.32626427406198255,1.9123630672926448,43.042414355628104
603730.SH,20260929,9.32,45200,421264.0,-0.1071811361200381,2.8672130985977073,44.35691318327977
603733.SH,20260929,18.28,8500,155380.0,-0.10928961748634114,0.8867690997026207,44.344262295081954
603737.SH,20260929,20.35,18900,384615.0,-1.8330921369995146,1.3616725833446628,34.00144717800291
603738.SH,20260929,32.98,166300,5484574.0,-3.057025279247516,8.267095689856893,26.6578483245149
603739.SH,20260929,12.7,4600,58420.0,-0.39215686274510775,1.708103277619792,42.647058823529356
603755.SH,20260929,25.99,13600,353464.0,-0.038461538461542766,5.720392094729631,44.769230769230745
603757.SH,20260929,65.1,31000,2018100.0,-1.4084507042253613,3.340936301793893,36.54929577464783
603758.SH,20260929,10.72,4200,45024.0,-0.18621973929235924,0.7757869557791786,43.88268156424584
603759.SH,20260929,7.9,2900,22910.0,0.0,0.7331138301140058,45.0
603766.SH,20260929,14.54,18900,274806.0,0.13774104683195176,1.7060374957622377,45.82644628099171
603767.SH,20260929,14.73,667300,9829329.0,-1.865423051299131,23.320869711727305,33.807461692205216
603768.SH,20260929,11.57,5500,63635.0,-0.2586206896551646,1.407698138905153,43.44827586206901
603773.SH,20260929,96.35,721200,69487620.0,-3.6403640364036427,22.179432619861068,23.157815781578144
603776.SH,20260929,20.76,11100,230436.0,0.2414292612264557,4.460823882245523,46.44857556735873
603777.SH,20260929,13.46,9800,131908.0,-0.9565857247976428,2.173471455136404,39.26048565121414
603778.SH,20260929,8.1,195200,1581120.0,0.0,5.613467735563534,45.0
603779.SH,20260929,8.19,7300,59787.0,0.8620689655172376,1.0995782329304948,50.17241379310342
603786.SH,20260929,36.8,1900,69920.0,0.0,1.4361690633901856,45.0
603787.SH,20260929,10.5,24400,256200.0,0.9615384615384581,10.966064481914447,50.769230769230745
603788.SH,20260929,13.64,1900,25916.0,0.0,1.4119942031742845,45.0
603789.SH,20260929,5.85,4200,24570.0,-0.8474576271186529,2.958948651944181,39.91525423728808
603790.SH,20260929,24.83,4200,104286.0,-0.1608363490148923,2.6219087242085704,44.03498190591065
603797.SH,20260929,5.21,269900,1406179.0,0.19230769230769162,7.093909094934392,46.153846153846146
603798.SH,20260929,14.1,21200,298920.0,-1.4675052410901501,2.610762986574161,36.1949685534591
603799.SH,20260929,34.45,138200,4760990.0,0.9080257762155819,5.227231301644647,50.44815465729349
603800.SH,20260929,54.4,1500,81600.0,0.7407407407407307,0.5500375235463749,49.444444444444386
603801.SH,20260929,6.14,20200,124028.0,0.49099836333876823,3.4430162052280613,47.94599018003261
603803.SH,20260929,10.61,690700,7328327.0,-4.5004500450045,16.620511952701587,17.997299729972998
603806.SH,20260929,13.63,25400,346202.0,-0.5109489051094762,1.9555541707716169,41.93430656934314
603808.SH,20260929,8.81,11100,97791.0,-0.6764374295377573,4.931627881996162,40.941375422773454
603809.SH,20260929,8.5,11700,99450.0,0.0,1.9764048462519992,45.0
603810.SH,20260929,11.96,10100,120796.0,0.0,6.238520587076621,45.0
603811.SH,20260929,6.86,8100,55566.0,-0.4354136429608024,2.038368548009254,42.38751814223519
603813.SH,20260929,25.78,3700,95386.0,-0.4248744689069106,7.087771302157473,42.450753186558536
603815.SH,20260929,5.01,14900,74649.0,-0.5952380952381042,3.0686827257321805,41.428571428571374
603816.SH,20260929,22.24,21500,478160.0,-0.04494382022472987,2.6675335592859666,44.73033707865162
603817.SH,20260929,5.71,93700,535027.0,-1.0398613518197486,5.4253974313753295,38.76083188908151
603818.SH,20260929,4.03,113700,458211.0,2.0253164556962133,4.8263988028374625,57.15189873417728
603819.SH,20260929,17.07,40700,694749.0,1.7889087656529634,5.8268820493370335,55.73345259391778
603822.SH,20260929,62.51,500,31255.0,-0.6674082313681939,1.8105938655191325,40.99555061179083
603823.SH,20260929,46.0,132400,6090400.0,-3.014969428631664,5.78879449275702,26.910183428210015
603825.SH,20260929,7.45,900,6705.0,-1.1936339522546358,0.52683598806027,37.83819628647218
603826.SH,20260929,15.47,306830,4746660.0,0.3893575600259602,24.610065962137902,47.33614536015576
603828.SH,20260929,6.14,8800,54032.0,0.0,5.024832149105236,45.0
603829.SH,20260929,15.2,3700,56240.0,-0.6535947712418388,1.024973542323689,41.07843137254897
603833.SH,20260929,29.6,8200,242720.0,-0.40376850605652326,2.133706701531275,42.57738896366086
603836.SH,20260929,9.46,3800,35948.0,-0.21097046413501852,1.2862511778619385,43.73417721518989
603838.SH,20260929,12.83,6500,83395.0,0.31274433150900727,4.175636394625504,46.87646598905404
603839.SH,20260929,6.8,2200,14960.0,-0.43923865300147247,0.5001366683623172,42.364568081991166
603843.SH,20260929,5.98,107800,644644.0,-0.9933774834437026,10.217815776004246,39.03973509933778
603848.SH,20260929,13.13,900,11817.0,-0.6807866868381196,0.498132183465915,40.91527987897128
603855.SH,20260929,17.07,4300,73401.0,0.058616647127784915,3.842777266083414,45.35169988276671
603856.SH,20260929,,0,0.0,,0.0,0.0
603858.SH,20260929,14.46,4400,63624.0,-0.06910850034553828,1.801337481188645,44.58534899792677
603859.SH,20260929,38.38,13200,506616.0,0.0,4.114230762465348,45.0
603860.SH,20260929,26.35,14000,368900.0,0.2663622526636322,12.940042563584841,46.59817351598179
603861.SH,20260929,10.66,9400,100204.0,-0.46685340802988806,2.4118762206175943,42.198879551820674
603863.SH,20260929,11.91,21100,251301.0,1.0178117048346147,3.270799317958408,51.10687022900769
603866.SH,20260929,4.2,69200,290640.0,0.23866348448686736,4.839593550072659,46.431980906921204
603867.SH,20260929,32.98,16600,547468.0,-0.9312105737458776,2.1836168896680648,39.41273655752474
603868.SH,20260929,30.86,10400,320944.0,-0.2263174911089516,8.189471396291554,43.64209505334629
603869.SH,20260929,8.37,100,837.0,0.0,0.14270508485326183,25.68691527358713
603871.SH,20260929,11.95,11800,141010.0,-0.08361204013379586,2.174326759755998,44.498327759197224
603876.SH,20260929,16.91,28100,475171.0,0.0,1.533387408330704,45.0
603877.SH,20260929,11.74,2900,34046.0,0.08525149190110604,2.35554668422176,45.51150895140664
603878.SH,20260929,4.84,23000,111320.0,0.20703933747412417,2.411368663133487,46.24223602484474
603879.SH,20260929,4.89,9600,46944.0,0.0,1.202367391316876,45.0
603880.SH,20260929,8.74,3800,33212.0,0.2293577981651307,0.6571473560147444,46.37614678899078
603881.SH,20260929,23.12,22660,523899.0,-0.04323389537396194,2.095617660304137,44.740596627756226
603882.SH,20260929,29.06,41100,1194366.0,0.17235436056530773,3.5728038481939794,46.034126163391846
603883.SH,20260929,12.95,11100,143745.0,-0.4611837048424272,1.4993570898238762,42.232897770945435
603885.SH,20260929,9.72,143700,1396764.0,-0.5117707267144223,18.302439090866326,41.92937563971347
603886.SH,20260929,12.55,8100,101655.0,0.6415396952686558,1.0596652241786386,48.84923817161194
603887.SH,20260929,8.33,59700,497301.0,-0.23952095808382756,6.155215838713619,43.562874251497036
603888.SH,20260929,16.98,123300,2093634.0,0.05892751915146377,8.151367501873537,45.35356511490878
603889.SH,20260929,5.93,17700,104961.0,-0.3361344537815225,2.979301150488642,42.98319327731087
603890.SH,20260929,15.01,94800,1422948.0,0.6032171581769497,7.695697975206259,48.6193029490617
603893.SH,20260929,211.0,24800,5232800.0,-0.13252555850057357,2.5961161705190063,44.20484664899656
603895.SH,20260929,26.11,800,20888.0,0.7719027402547152,0.5269174125570111,49.63141644152829
603896.SH,20260929,14.72,7600,111872.0,-0.47329276538200515,7.6530975233604455,42.160243407707966
603897.SH,20260929,28.33,11000,311630.0,-0.17618040873854657,1.8510787952737502,43.94291754756872
603898.SH,20260929,11.5,6500,74750.0,0.4366812227074357,2.2722920897575745,47.620087336244616
603899.SH,20260929,21.86,3400,74324.0,0.3212482790270865,1.2795770929187416,46.927489674162516
603900.SH,20260929,6.16,24500,150920.0,-0.805152979066015,3.1215703989413304,40.16908212560391
603901.SH,20260929,9.29,9700,90113.0,-0.4287245444801857,2.417612813592053,42.42765273311888
603903.SH,20260929,13.72,52600,721672.0,-1.3659237958303372,5.194716161882791,36.80445722501798
603906.SH,20260929,16.85,10100,170185.0,0.0,0.6211092850883771,45.0
603908.SH,20260929,19.52,8400,163968.0,-0.45894951555328634,6.228003545185273,42.246302906680285
603909.SH,20260929,10.01,230300,2305303.0,-3.0977734753146247,23.2154796221919,26.413359148112253
603912.SH,20260929,9.16,64800,593568.0,1.3274336283185972,4.600933965534915,52.96460176991158
603915.SH,20260929,12.85,32400,416340.0,-0.6187161639597871,7.2851650598906215,41.28770301624128
603916.SH,20260929,10.27,9500,97565.0,-0.8687258687258725,2.3595579910501012,39.787644787644766
603917.SH,20260929,14.08,18400,259072.0,0.3563791874554578,8.44202268089746,47.13827512473274
603918.SH,20260929,10.25,6800,69700.0,-0.09746588693957392,0.772068566423529,44.41520467836256
603919.SH,20260929,15.76,9300,146568.0,-0.06341154090043766,4.08040043648102,44.61953075459738
603920.SH,20260929,43.05,70700,3043635.0,0.0,1.667099577549413,45.0
603922.SH,20260929,11.83,700,8281.0,0.25423728813558366,0.6592870464625002,46.5254237288135
603926.SH,20260929,17.01,5400,91854.0,0.0,2.827568469351616,45.0
603927.SH,20260929,13.43,16600,222938.0,0.0,3.8085450105161307,45.0
603928.SH,20260929,11.98,16900,202462.0,0.419111483654655,3.3192993249015834,47.514668901927934
603929.SH,20260929,143.2,4400,630080.0,-0.3132613992342659,2.1803957074234663,43.1204316045944
603931.SH,20260929,33.96,12000,407520.0,0.05892751915146377,4.177420819054944,45.35356511490878
603933.SH,20260929,18.75,10400,195000.0,-0.6885593220338881,4.97422141637001,40.86864406779667
603936.SH,20260929,19.29,161200,3109548.0,-1.1276268580215354,3.0970532360363223,38.234238851870785
603937.SH,20260929,13.4,288900,3871260.0,0.8276899924755554,19.928381250587233,49.96613995485333
603938.SH,20260929,44.07,71700,3159819.0,0.02269632319564785,6.917756769088726,45.13617793917389
603939.SH,20260929,22.46,6300,141498.0,-0.04450378282152556,0.6618299698292476,44.73297730307085
603948.SH,20260929,18.91,3100,58621.0,-0.42127435492363974,2.3518214289482615,42.472353870458164
603949.SH,20260929,20.45,1487981,30429211.0,10.00537923614846,422.61357343332475,100.0
603950.SH,20260929,52.05,6900,359145.0,-0.8571428571428674,2.047425055931141,39.8571428571428
603955.SH,20260929,24.44,14700,359268.0,-0.6907761072734608,5.8199218327676885,40.855343356359235
603956.SH,20260929,6.92,74300,514156.0,2.0648967551622377,7.418752870467618,57.389380530973426
603958.SH,20260929,18.0,52900,952200.0,0.0,5.369730231790986,45.0
603959.SH,20260929,4.2,1100,4620.0,-0.4739336492890933,0.32519308867550967,42.15639810426544
603960.SH,20260929,17.07,26500,452355.0,-0.9860788863108927,4.093410013920336,39.08352668213465
603966.SH,20260929,7.3,800,5840.0,-0.544959128065392,0.22141503467230536,36.58495147262261
603967.SH,20260929,11.53,5200,59956.0,-0.34572169403630504,1.4176230290302743,42.92566983578217
603968.SH,20260929,11.63,849700,9882011.0,0.0,45.677859184201,45.0
603969.SH,20260929,7.19,36100,259559.0,0.1392757660167332,8.885695710444336,45.8356545961004
603970.SH,20260929,11.31,1877400,21233394.0,-4.637436762225966,95.50160781594799,17.175379426644206
603976.SH,20260929,29.59,19400,574046.0,-0.033783783783791765,7.235676701384712,44.79729729729725
603977.SH,20260929,10.75,11000,118250.0,-0.462962962962965,2.7535191896303375,42.22222222222221
603978.SH,20260929,26.38,44400,1171272.0,-1.4568546880836752,2.888460376971808,36.258871871497945
603979.SH,20260929,71.8,13500,969300.0,0.9703276613697076,4.172818287505079,50.821965968218244
603980.SH,20260929,7.96,271700,2162732.0,-0.995024875621886,5.024161463841181,39.029850746268686
603982.SH,20260929,6.33,10600,67098.0,0.0,2.07804193681759,45.0
603983.SH,20260929,30.05,4400,132220.0,-0.16611295681063787,1.5613110752549342,44.00332225913617
603985.SH,20260929,15.86,14300,226798.0,-0.7509386733416834,1.0010417370024598,40.4943679599499
603986.SH,20260929,358.56,100800,36142848.0,0.01394661236786554,4.763346358607147,45.08367967420719
603987.SH,20260929,7.4,12200,90280.0,-0.9370816599732157,4.214333495315358,39.37751004016071
603988.SH,20260929,16.99,10500,178395.0,0.2951593860684554,4.15850182323014,46.77095631641073
603989.SH,20260929,27.53,198799,5472936.0,-1.818830242510694,13.9261847444539,34.08701854493584
603990.SH,20260929,18.91,10200,192882.0,-0.42127435492363974,1.396150457596452,42.472353870458164
603991.SH,20260929,174.58,14800,2583784.0,1.5000000000000124,5.353263181670202,54.00000000000007
603992.SH,20260929,19.37,7100,137527.0,0.0,4.001174339591813,45.0
603993.SH,20260929,16.71,252278,4215565.0,-0.7130124777183444,2.5566786353851865,40.721925133689936
603995.SH,20260929,25.09,3600,90324.0,0.1596806387225591,1.5501896821596275,45.958083832335355
603997.SH,20260929,13.53,45500,615615.0,-0.8791208791208871,3.4569104921887184,39.72527472527468
603998.SH,20260929,10.3,30700,316210.0,-0.5791505791505669,4.363290904085991,41.5250965250966
603999.SH,20260929,6.31,69800,440438.0,-0.6299212598425252,3.83433350977813,41.220472440944846
605001.SH,20260929,5.78,30300,175134.0,0.0,8.321390583649091,45.0
605003.SH,20260929,24.28,6500,157820.0,-2.3330651649235645,7.064096628176247,31.001609010458612
605005.SH,20260929,15.97,100,1597.0,-0.187499999999996,0.1479911613043424,25.513409034781656
605006.SH,20260929,14.18,152200,2158196.0,-1.9363762102351356,6.952723701053989,33.38174273858918
605007.SH,20260929,14.37,23200,333384.0,-1.0330578512396715,6.529496398312442,38.80165289256197
605008.SH,20260929,13.79,5500,75845.0,0.290909090909075,0.7622049723078758,46.74545454545445
605009.SH,20260929,25.39,32900,835331.0,1.357285429141708,29.36859271264034,53.14371257485025
605011.SH,20260929,17.21,29100,500811.0,-0.864055299539157,3.8821934280079358,39.81566820276506
605016.SH,20260929,21.0,5600,117600.0,0.190839694656475,3.8183457095138955,46.14503816793885
605018.SH,20260929,11.97,257400,3081078.0,-0.9105960264900625,20.66125112839361,39.53642384105962
605020.SH,20260929,30.05,11200,336560.0,-0.3316749585406287,2.296480019347858,43.009950248756226
605028.SH,20260929,23.32,24800,578336.0,-2.0168067226890796,25.32367891136064,32.89915966386552
605033.SH,20260929,19.45,1400,27230.0,0.0,0.8326287229328395,45.0
605050.SH,20260929,9.95,1300,12935.0,-0.20060180541626726,1.180817642501913,43.7963891675024
605055.SH,20260929,8.65,3000,25950.0,-0.460299194476399,0.9646663352972751,42.23820483314161
605056.SH,20260929,13.3,18300,243390.0,-1.4084507042253502,3.1753825256999657,36.5492957746479
605058.SH,20260929,51.01,2062600,105213226.0,-5.8508674787744575,85.11438968619447,15.0
605060.SH,20260929,38.6,12400,478640.0,1.793248945147674,6.119292633602329,55.759493670886044
605066.SH,20260929,6.59,9400,61946.0,0.0,2.7554212465992594,45.0
605068.SH,20260929,20.25,8100,164025.0,-0.49140049140049546,2.531691209704185,42.05159705159703
605069.SH,20260929,11.94,119900,1431606.0,2.665520206362837,5.511980168998005,60.993121238177025
605077.SH,20260929,11.36,27200,308992.0,-0.8726003490401535,4.70641384294199,39.76439790575908
605080.SH,20260929,23.66,2300,54418.0,-0.08445945945946276,1.307390724113505,44.49324324324322
605086.SH,20260929,22.95,1000,22950.0,0.13089005235600304,1.0752265003274872,45.78534031413602
605088.SH,20260929,24.1,73300,1766530.0,-1.3911620294599025,7.444363305376196,36.653027823240585
605089.SH,20260929,21.88,5800,126904.0,-0.545454545454549,2.2916241628025396,41.727272727272705
605090.SH,20260929,30.69,23700,727353.0,-0.8400646203554074,4.341129393018612,39.959612277867556
605098.SH,20260929,52.78,600,31668.0,-0.5089538171536234,0.9911743914189863,41.94627709707826
605099.SH,20260929,27.71,2400,66504.0,-0.9295673936360327,3.6987400068419793,39.42259563818381
605100.SH,20260929,33.4,5180,173012.0,-0.44709388971683195,1.1994914370397856,42.317436661699006
605108.SH,20260929,12.14,12500,151750.0,0.7468879668049766,6.816382423893911,49.48132780082986
605111.SH,20260929,56.07,44300,2483901.0,-1.267828843106178,5.006032126213856,37.39302694136293
605116.SH,20260929,19.54,11900,232526.0,-0.0511508951406725,8.546268126032075,44.693094629155965
605117.SH,20260929,77.84,70400,5479936.0,0.09000900090010422,7.037141423471819,45.54005400540063
605118.SH,20260929,31.76,5900,187384.0,0.03149606299213126,3.2776659192868647,45.188976377952784
605122.SH,20260929,12.24,4000,48960.0,-0.16313213703099683,1.4387685410790017,44.02120717781402
605123.SH,20260929,78.51,3800,298338.0,0.3964194373401453,4.550733475493989,47.37851662404087
605128.SH,20260929,22.86,1200,27432.0,0.043763676148778075,0.28230306487459655,45.26258205689267
605133.SH,20260929,24.1,5200,125320.0,-0.6595218466611708,1.1870219027042324,41.04286892003297
605136.SH,20260929,8.77,478400,4195568.0,0.3432494279176135,15.237974367741819,47.05949656750568
605138.SH,20260929,6.17,24000,148080.0,1.1475409836065653,6.505601196102755,51.885245901639394
605151.SH,20260929,18.63,8800,163944.0,-0.37433155080214275,8.488232197656561,42.75401069518714
605155.SH,20260929,14.5,4400,63800.0,0.2766251728907321,2.6179114712613227,46.65975103734439
605158.SH,20260929,7.81,5100,39831.0,0.0,1.0898112430291658,45.0
605162.SH,20260929,11.68,295200,3447936.0,-3.1509121061359946,9.637636936472989,26.09452736318403
605166.SH,20260929,8.52,3400,28968.0,0.8284023668639007,1.4147989493916335,49.9704142011834
605167.SH,20260929,15.7,900,14130.0,0.0,0.19735341941406231,35.523615494531214
605168.SH,20260929,50.95,18700,952765.0,1.4132165605095448,5.1598369102368125,53.479299363057265
605169.SH,20260929,13.1,11700,153270.0,-1.0574018126888296,3.543287099605321,38.655589123867024
605177.SH,20260929,25.6,7300,186880.0,-1.0436799381522976,1.2812984467835302,38.73792037108621
605178.SH,20260929,64.5,14000,903000.0,0.0,5.333441947333093,45.0
605179.SH,20260929,23.38,87600,2048088.0,-0.1707941929974477,6.412322591916742,43.97523484201531
605180.SH,20260929,14.04,15800,221832.0,-0.5665722379603388,3.2590432529597995,41.600566572237966
605183.SH,20260929,16.49,2600,42874.0,1.5394088669950845,2.1237370837861187,54.236453201970505
605186.SH,20260929,25.45,1200,30540.0,2.496979460330251,0.8243761606286422,59.9818767619815
605188.SH,20260929,12.55,19200,240960.0,0.0,3.620226519268038,45.0
605189.SH,20260929,13.87,28200,391134.0,0.14440433212996595,6.051655417099891,45.866425992779796
605196.SH,20260929,34.16,18000,614880.0,0.7075471698112956,1.8974324216519454,49.245283018867774
605198.SH,20260929,58.64,26400,1548096.0,-1.7919946407636944,3.9991397112948976,34.24803215541783
605199.SH,20260929,,0,0.0,,0.0,0.0
605208.SH,20260929,14.39,11700,168363.0,0.7703081232493192,2.3360452166823014,49.62184873949592
605218.SH,20260929,13.89,13200,183348.0,-0.35868005738880493,2.6315919028299173,42.84791965566717
605222.SH,20260929,21.76,20900,454784.0,1.115241635687747,6.554837606472475,51.691449814126486
605228.SH,20260929,11.04,20600,227424.0,-0.7194244604316502,5.090494129392749,40.6834532374101
605255.SH,20260929,54.65,3800,207670.0,-0.8166969147005543,8.417048862778351,40.09981851179668
605258.SH,20260929,38.85,81100,3150735.0,-2.8992751812046857,8.056153458274165,27.604348912771886
605259.SH,20260929,17.25,1200,20700.0,0.0,2.8629838183324736,45.0
605266.SH,20260929,15.8,1800,28440.0,0.0,1.4350814852790614,45.0
605268.SH,20260929,10.19,46000,468740.0,0.1966568338249708,7.147569683734299,46.179941002949825
605277.SH,20260929,16.64,24600,409344.0,-0.1799640071985631,3.905430170238035,43.92021595680862
605286.SH,20260929,24.03,300,7209.0,-0.8254230293025189,0.19350812323426186,29.878924006352023
605287.SH,20260929,33.53,22000,737660.0,1.9768856447688554,6.832408121820228,56.86131386861313
605288.SH,20260929,67.79,14300,969397.0,0.0,8.374512900573611,45.0
605289.SH,20260929,96.9,6400,620160.0,2.0000000000000018,3.748165104376178,57.000000000000014
605296.SH,20260929,30.81,16800,517608.0,-2.097235462345093,4.994723102562872,32.41658722592945
605298.SH,20260929,41.94,2000,83880.0,-0.4982206405694023,5.701050840690904,42.010676156583585
605299.SH,20260929,12.25,23300,285425.0,-0.40650406504065817,3.9049486853419237,42.56097560975605
605300.SH,20260929,10.14,3100,31434.0,-0.39292730844793233,0.8865931345864962,42.6424361493124
605303.SH,20260929,26.05,30300,789315.0,10.008445945945944,119.4324004729996,100.0
605305.SH,20260929,29.74,18500,550190.0,-0.46854082998661895,7.68398338681983,42.188755020080286
605318.SH,20260929,71.62,1600,114592.0,0.3784162578836847,2.027354710432845,47.27049754730211
605319.SH,20260929,22.24,1700,37808.0,0.861678004535138,0.4509580335529333,50.17006802721083
605333.SH,20260929,16.4,2200,36080.0,0.0,1.6002190632482594,45.0
605336.SH,20260929,11.22,3100,34782.0,0.0,2.440182143019004,45.0
605337.SH,20260929,9.04,10200,92208.0,0.0,5.444259048671704,45.0
605338.SH,20260929,17.65,2900,51185.0,0.05668934240361523,1.292337595695093,45.34013605442169
605339.SH,20260929,13.21,1100,14531.0,-0.5271084337349241,0.8923984065428384,41.83734939759046
605358.SH,20260929,45.43,206400,9376752.0,-0.5255090869279666,5.91893952270428,41.846945478432204
605365.SH,20260929,14.66,29200,428072.0,-0.06816632583503957,6.344022740148267,44.591002044989764
605366.SH,20260929,9.56,1803100,17237636.0,-5.7199211045364855,21.28165023874712,15.0
605368.SH,20260929,6.64,400,2656.0,0.0,0.1910199754680295,34.38359558424531
605369.SH,20260929,18.09,1900,34371.0,0.16611295681063787,0.833217840951269,45.99667774086383
605376.SH,20260929,119.0,59002,7021238.0,-0.8085354672001333,6.281110509822194,40.1487871967992
605377.SH,20260929,7.84,500,3920.0,-0.1273885350318471,0.12881387233395128,22.422165809920145
605378.SH,20260929,15.5,130300,2019650.0,0.9771986970684043,6.969620691097531,50.86319218241043
605388.SH,20260929,6.09,17200,104748.0,-0.327332242225864,0.8105741372573598,43.03600654664481
605389.SH,20260929,61.08,500,30540.0,-0.3751427173381283,0.9785503619082322,42.74914369597123
605398.SH,20260929,22.09,29700,656073.0,-0.45065344749888325,3.717348750515427,42.2960793150067
605399.SH,20260929,11.7,32300,377910.0,-0.8474576271186529,5.220565183683191,39.91525423728808
605488.SH,20260929,29.45,30180,888801.0,-0.7749326145552571,4.032400025537295,40.35040431266846
605499.SH,20260929,110.6,5600,619360.0,-0.4679625629949724,3.522263007121692,42.19222462203017
605500.SH,20260929,7.45,4800,35760.0,1.085481682496603,1.674463190794498,51.51289009497962
605507.SH,20260929,18.25,15700,286525.0,-0.3820960698689979,2.2839144334895023,42.70742358078601
605555.SH,20260929,12.4,113100,1402440.0,-2.7450980392156876,15.20897373262619,28.529411764705873
605566.SH,20260929,32.33,20500,662765.0,0.9996875976257424,5.737868565517795,50.99812558575445
605567.SH,20260929,9.47,11100,105117.0,0.10570824524311906,2.51195566826117,45.634249471458716
605577.SH,20260929,13.91,1384203,19254264.0,-6.4559515803631395,33.56847635036507,15.0
605580.SH,20260929,21.08,153700,3239996.0,-1.1720581340834535,18.34568363638081,37.96765119549928
605588.SH,20260929,44.76,1600,71616.0,-0.3561887800534347,1.787859496352171,42.862867319679395
605589.SH,20260929,34.91,361700,12626947.0,-3.2159689492653243,16.111234861758554,25.704186304408054
605598.SH,20260929,23.36,2700,63072.0,-1.0588733587462928,1.665853531243945,38.64675984752224
605599.SH,20260929,13.31,20100,267531.0,0.0,5.913086376203104,45.0
688001.SH,20260929,62.09,33175,2059836.0,0.4367518602394149,2.56398461907969,47.62051116143649
688002.SH,20260929,176.87,21363,3778474.0,0.6888306956620793,3.3499773547153966,49.132984173972474
688003.SH,20260929,74.65,7072,527925.0,-0.05355469272994018,2.9678810090223133,44.67867184362036
688004.SH,20260929,30.64,75727,2320275.0,-0.0652315720808816,9.397072656601273,44.60861056751471
688005.SH,20260929,22.71,23256,528144.0,1.2032085561497263,2.160849940856315,52.21925133689836
688006.SH,20260929,19.88,7766,154388.0,0.0,0.8623780953506036,45.0
688007.SH,20260929,10.52,15103,158884.0,-0.941619585687381,3.672085305977911,39.35028248587572
688008.SH,20260929,205.0,199220,40840100.0,-1.7257909875359467,6.811039060923184,34.64525407478432
688009.SH,20260929,4.64001,30712,142504.0,-0.4289699570815486,2.0060483263607396,42.42618025751071
688010.SH,20260929,27.48,10586,290903.0,0.0728332119446451,2.4027624693991654,45.43699927166787
688011.SH,20260929,60.52,11320,685086.0,0.033057851239681746,6.353048935092806,45.19834710743809
688012.SH,20260929,329.88,57048,18818994.0,1.6579352850539353,6.295398153506445,54.94761171032361
688013.SH,20260929,24.98,1100,27478.0,0.5231388329979936,0.7410886570256097,48.13883299798796
688015.SH,20260929,16.72,10520,175894.0,0.23980815347721673,11.806791344997821,46.4388489208633
688016.SH,20260929,84.06,1300,109278.0,-0.32017075773745907,1.434310331188553,43.07897545357525
688017.SH,20260929,274.0,11879,3254846.0,-0.2257665137280651,3.6777049641104207,43.64540091763161
688018.SH,20260929,115.52,4749,548604.0,-0.15557476231634615,1.1490610698989634,44.066551426101924
688019.SH,20260929,215.9,16186,3494557.0,0.46533271288971,4.09000394166018,47.79199627733826
688020.SH,20260929,134.0,8646,1158564.0,-1.6730261226885812,3.646029258553671,34.961843263868516
688021.SH,20260929,19.8,9187,181903.0,-0.6024096385542244,6.73391462210831,41.385542168674654
688022.SH,20260929,8.86,5000,44300.0,1.026225769669331,1.844138109376289,51.15735461801599
688023.SH,20260929,47.1,69370,3267327.0,-1.8954384503228394,9.435837271414414,33.62736929806296
688025.SH,20260929,390.81,21024,8216389.0,-1.564152939398511,6.720318585077543,35.615082363608934
688026.SH,20260929,24.57,51235,1258844.0,-2.654516640253557,7.03314284004349,29.07290015847866
688027.SH,20260929,340.05,1750,595088.0,-0.497439648866127,1.5487419627136043,42.01536210680324
688028.SH,20260929,119.03,84930,10109218.0,-0.39330543933053796,11.015308121608873,42.640167364016776
688029.SH,20260929,,0,0.0,,0.0,0.0
688030.SH,20260929,18.92,16130,305180.0,-0.31612223393044925,3.538410203356787,43.103266596417306
688031.SH,20260929,88.91,6757,600765.0,-0.6036892118502002,1.1837041330805123,41.3778647288988
688032.SH,20260929,66.0,3572,235752.0,-0.6323396567299078,7.686836973140675,41.20596205962055
688033.SH,20260929,,0,0.0,,0.0,0.0
688035.SH,20260929,75.62,13334,1008317.0,-0.3689064558629829,2.3330052720009338,42.786561264822105
688036.SH,20260929,53.96,104315,5628837.0,0.44676098287417254,18.929134629030493,47.68056589724503
688037.SH,20260929,339.99,5033,1711170.0,-0.05585278382033154,1.8218478818972323,44.66488329707801
688038.SH,20260929,19.05,8155,155353.0,-0.5221932114882422,5.670416637086291,41.866840731070546
688039.SH,20260929,32.16,1800,57888.0,0.49999999999998934,0.24501133092755412,47.102039566959675
688041.SH,20260929,239.02,55484,13261786.0,-0.6153846153846065,3.191908679473777,41.30769230769236
688045.SH,20260929,57.2601,5606,321000.0,0.5445127304653186,2.7697144716882245,48.26707638279191
688046.SH,20260929,34.73,12549,435827.0,-0.9412435824301402,1.3491276281911773,39.35253850541916
688047.SH,20260929,99.13,9176,909617.0,-0.7807026323691346,3.5680611477681965,40.31578420578519
688048.SH,20260929,290.0,36702,10643580.0,0.07246626867731809,4.643675787086692,45.43479761206391
688049.SH,20260929,45.41,48472,2201114.0,-0.08800880088010166,5.877758608892205,44.47194719471939
688050.SH,20260929,38.31,4074,156075.0,0.0,2.485567425143094,45.0
688051.SH,20260929,24.18,8012,193730.0,-0.9828009828009909,3.4367714678249945,39.103194103194056
688052.SH,20260929,249.59,4392,1096199.0,1.3975218362786812,2.669122085913849,53.38513101767209
688053.SH,20260929,37.98,3400,129132.0,0.10542962572481773,5.826407860191118,45.63257775434891
688055.SH,20260929,3.6,37920,136512.0,0.0,6.247677635724128,45.0
688056.SH,20260929,51.26,33792,1732178.0,-1.2141067643091197,8.444922589859075,37.71535941414528
688057.SH,20260929,18.41,22232,409291.0,-0.6475984889368624,9.644155131755298,41.114409066378826
688058.SH,20260929,25.45,6100,155245.0,-0.23520188161506583,5.278263546661948,43.58878871030961
688059.SH,20260929,83.25,700,58275.0,-0.06002400960384291,0.27855099678667583,44.63985594237694
688060.SH,20260929,37.24,1000,37240.0,1.665301665301655,2.110250741307739,54.99180999180993
688061.SH,20260929,44.3602,1724,76477.0,-0.31415730337078784,1.1515247889964118,43.11505617977527
688062.SH,20260929,26.14,23006,601377.0,0.5384615384615321,4.459590592888018,48.23076923076919
688063.SH,20260929,39.2099,5588,219105.0,-0.025752167261605674,1.2247554716351066,44.84548699643037
688065.SH,20260929,38.17,5875,224249.0,0.05242463958061716,2.542375840580658,45.3145478374837
688066.SH,20260929,8.36999,15568,130304.0,0.9648974668275079,1.9621122485290785,50.789384800965045
688067.SH,20260929,23.9501,4285,102626.0,-0.3739600665557452,4.111293112372194,42.75623960066553
688068.SH,20260929,88.3901,3525,311575.0,-1.4053541550474113,1.642533751926969,36.567875069715534
688069.SH,20260929,34.9899,4351,152241.0,0.17148582880046614,2.5739012422694496,46.028914972802795
688070.SH,20260929,35.97,14342,515882.0,1.9846895378508478,10.165585810498868,56.90813722710509
688071.SH,20260929,35.9699,5386,193734.0,2.0133295519001893,2.1189517293118625,57.07997731140114
688072.SH,20260929,664.59,11562,7683990.0,1.650351789538096,3.3101654306350414,54.902110737228575
688073.SH,20260929,71.97,13067,940432.0,-2.6248139629278855,2.783249002830797,29.251116222432685
688075.SH,20260929,29.91,600,17946.0,0.0,1.3261346964455067,45.0
688076.SH,20260929,29.0,6900,200100.0,0.2766251728907321,3.63055079646773,46.65975103734439
688077.SH,20260929,26.58,7186,191004.0,0.07530120481926694,2.5210405465374737,45.4518072289156
688078.SH,20260929,30.51,3200,97632.0,0.5603164139749595,2.163226461839632,48.36189848384976
688079.SH,20260929,16.76,215285,3608177.0,-1.5854374633000545,11.002066405660324,35.487375220199674
688080.SH,20260929,36.7,1000,36700.0,-0.1903725863475647,1.321220917569567,43.857764481914614
688081.SH,20260929,24.85,15028,373446.0,-1.8174634531805456,12.316803112713263,34.09521928091672
688082.SH,20260929,288.99,14387,4157699.0,1.0419216111324792,1.9484701874396526,51.25152966679487
688083.SH,20260929,50.83,10876,552827.0,-0.13752455795678076,8.907475012554528,44.17485265225932
688084.SH,20260929,41.4506,708,29347.0,0.3646489104116357,0.9659663972590214,47.187893462469816
688085.SH,20260929,13.2,11500,151800.0,0.3802281368821214,4.689845646922653,47.28136882129273
688087.SH,20260929,32.3005,649,20963.0,0.0015479876161128558,0.8391282672983993,45.009287925696675
688088.SH,20260929,28.81,8581,247219.0,0.3133704735376108,3.656362855829423,46.88022284122567
688089.SH,20260929,8.29,8300,68807.0,-0.7185628742515049,8.333752199044987,40.68862275449097
688090.SH,20260929,78.56,8163,641285.0,0.22965042102578437,1.7418794751466447,46.377902526154706
688091.SH,20260929,39.27,3000,117810.0,-0.05090353779586554,1.6932571227253963,44.694578773224805
688092.SH,20260929,22.2201,3162,70260.0,0.0004500450045075155,3.759425048750529,45.00270027002705
688093.SH,20260929,21.99,2100,46179.0,0.04549590536850889,1.8947707380336976,45.272975432211055
688095.SH,20260929,55.8796,1346,75214.0,0.7021084880158623,0.8516047236152388,49.21265092809517
688096.SH,20260929,7.24,19446,140789.0,0.5555555555555536,2.7968304667289434,48.33333333333332
688097.SH,20260929,41.6,11993,498909.0,-0.5260640841702524,3.390860819636271,41.843615494978486
688098.SH,20260929,8.33,7200,59976.0,-0.11990407673860837,2.0306444618028685,44.280575539568346
688099.SH,20260929,87.88,11620,1021166.0,-0.44182621502208974,1.4908180928192234,42.34904270986746
688100.SH,20260929,24.3099,6030,146589.0,-0.20566502463054137,2.464089089858894,43.766009852216754
688101.SH,20260929,14.2,600,8520.0,0.78069552874378,0.4004128011596556,49.68417317246268
688102.SH,20260929,29.1,13180,383538.0,-1.0876954452753274,2.1980060152117433,38.47382732834804
688103.SH,20260929,78.3,4273,334576.0,-0.9487666034155628,2.6725329644962637,39.307400379506625
688105.SH,20260929,25.46,57925,1474771.0,-1.317829457364339,4.81382561558789,37.09302325581397
688106.SH,20260929,25.39,28868,732959.0,-0.07870916961826291,3.6674312963130418,44.52774498229042
688107.SH,20260929,29.39,17714,520614.0,0.2045687009887498,4.37574222666221,46.227412205932495
688108.SH,20260929,14.72,6089,89630.0,-0.4059539918809141,1.1570757207108124,42.56427604871452
688109.SH,20260929,69.5,600,41700.0,1.5636416776267703,0.738933932749924,54.381850065760624
688110.SH,20260929,116.1,41226,4786339.0,-0.5567451820128522,3.7217754304664608,41.65952890792289
688111.SH,20260929,221.66,9205,2040380.0,-0.1531531531531516,2.2380179827209563,44.08108108108109
688112.SH,20260929,102.71,132252,13583603.0,0.04870446132865247,11.091368178180945,45.29222676797191
688113.SH,20260929,37.55,500,18775.0,-0.5034446210916976,0.9624380054081071,41.97933227344981
688114.SH,20260929,73.0,38606,2818238.0,0.21965952773201902,3.9131147286774866,46.31795716639211
688115.SH,20260929,61.6902,1743,107526.0,0.08144062297208432,0.7817575139939473,45.488643737832504
688116.SH,20260929,32.5,31290,1016925.0,0.7439553626782391,3.9432320690166294,49.463732176069435
688117.SH,20260929,17.9,25778,461426.0,-0.11160714285716189,4.077914209443483,44.330357142857025
688118.SH,20260929,19.86,10056,199712.0,0.5060728744939125,6.002420660551197,48.03643724696347
688119.SH,20260929,3.77,2500,9425.0,0.0,0.31241935727134096,45.0
688120.SH,20260929,235.0,13420,3153700.0,0.3244535519125735,1.6866213333992288,46.94672131147544
688121.SH,20260929,1.12,159767,178939.0,-1.754385964912264,17.24785403071319,34.473684210526415
688122.SH,20260929,49.4,16996,839602.0,-0.08090614886731018,1.2573349392639035,44.51456310679614
688123.SH,20260929,154.22,14215,2192237.0,0.23397894189522983,1.162845804631278,46.40387365137138
688125.SH,20260929,112.84,400,45136.0,-0.4938271604938316,0.42547452154571835,42.03703703703701
688126.SH,20260929,23.55,143663,3383264.0,-1.1749895090222284,3.8804773778211907,37.95006294586663
688127.SH,20260929,60.9,9901,602971.0,-0.26203734032099746,1.8866964043303374,43.427775958074015
688128.SH,20260929,21.5,8504,182836.0,-0.7386888273314907,9.371076025926937,40.56786703601106
688129.SH,20260929,23.09,24148,557577.0,1.9426048565121423,25.400815064507338,56.65562913907286
688130.SH,20260929,26.02,7218,187812.0,-1.0270064663370104,4.8223390984162915,38.83796120197794
688131.SH,20260929,99.95,20227,2021689.0,-0.5274681528662395,3.4065639204193086,41.83519108280257
688132.SH,20260929,16.33,3688,60225.0,0.9894867037723909,2.1707705253156537,50.93692022263434
688133.SH,20260929,21.6,15340,331344.0,-0.1386962552010984,3.051808994725861,44.16782246879341
688135.SH,20260929,37.7,34629,1305513.0,0.07963897000264897,3.660838211324802,45.477833820015896
688136.SH,20260929,22.63,16394,370996.0,-1.3083296990841764,1.5238649601539107,37.150021805494944
688137.SH,20260929,123.38,140834,17376099.0,-3.6695815115552866,11.853431598012477,22.98251093066828
688138.SH,20260929,37.86,41484,1570584.0,1.3383297644539605,7.451994958422109,53.029978586723765
688139.SH,20260929,34.61,14528,502814.0,-0.5459770114942475,3.083442751211904,41.72413793103451
688141.SH,20260929,99.71,22017,2195315.0,-0.9929500546122516,2.0381315211535096,39.04229967232649
688143.SH,20260929,162.68,86446,14063035.0,-1.4359285065131844,7.027390320692048,36.38442896092089
688146.SH,20260929,200.0,35397,7079400.0,-0.5321529815487058,3.0879657125310183,41.80708211070777
688147.SH,20260929,104.84,22797,2390037.0,-1.0570026425065993,4.537128017595705,38.6579841449604
688148.SH,20260929,5.74,58377,335084.0,0.8787346221441172,4.497044377425605,50.27240773286471
688150.SH,20260929,38.1,58201,2217458.0,-4.006046863189717,11.979850239581284,20.9637188208617
688151.SH,20260929,16.6002,1726,28652.0,0.0012048192771008104,1.1477992195830602,45.00722891566261
688152.SH,20260929,39.11,83707,3273781.0,-0.8618504435994989,7.286552657800976,39.82889733840301
688153.SH,20260929,25.9401,4105,106484.0,0.0003855050115575409,1.5508796716965827,45.002313030069345
688155.SH,20260929,51.19,6980,357306.0,0.4316264469295561,1.5443557922650115,47.58975868157734
688156.SH,20260929,22.24,15706,349301.0,0.0,4.792560518491822,45.0
688157.SH,20260929,18.3899,3593,66075.0,-0.0005437737901070605,1.694552647333627,44.996737357259356
688158.SH,20260929,28.21,13098,369495.0,-0.4587155963302725,1.6222355223431766,42.24770642201837
688159.SH,20260929,34.7599,6140,213426.0,-0.05779183438757718,1.4897786862722975,44.65324899367454
688160.SH,20260929,93.0604,778,72401.0,-0.9995744680851071,0.9797522381548847,39.002553191489355
688161.SH,20260929,,0,0.0,,0.0,0.0
688162.SH,20260929,25.02,9971,249474.0,-1.9208153665229433,6.760893076159194,33.47510780086234
688163.SH,20260929,36.0,85917,3093012.0,-11.46089522872601,23.941134482132824,15.0
688165.SH,20260929,14.52,3000,43560.0,-0.13755158184318717,0.6791640862147356,44.17469050894088
688166.SH,20260929,34.04,6943,236340.0,-0.20521841102315586,1.0351904119625086,43.768689533861064
688167.SH,20260929,274.0,23352,6398448.0,-0.6670533642691323,3.9360794111203816,40.99767981438521
688168.SH,20260929,42.8998,1806,77477.0,-1.1297533994007902,0.35982799073038285,38.221479603595256
688169.SH,20260929,115.0,22031,2533565.0,-1.1942606753157503,7.3907580275422085,37.8344359481055
688170.SH,20260929,65.0,31442,2043730.0,-1.6938898971566863,8.932106844908175,34.836660617059884
688171.SH,20260929,25.25,37120,937280.0,-2.6974951830443183,7.924656644855204,28.815028901734088
688172.SH,20260929,44.18,10313,455628.0,1.0059442158207643,1.2359862630034224,51.035665294924584
688173.SH,20260929,12.88,8787,113177.0,-0.6172839506172867,1.2236699372611968,41.296296296296276
688175.SH,20260929,24.0,10568,253632.0,-4.306220095693769,0.8635763350720852,19.162679425837386
688176.SH,20260929,13.6,39463,536697.0,-0.8023340627279496,3.2944695675156144,40.1859956236323
688177.SH,20260929,20.45,9640,197138.0,-0.9685230024213065,2.1610731440790376,39.18886198547216
688178.SH,20260929,29.5999,2162,63995.0,0.10111599594184728,3.0579463024724856,45.606695975651085
688179.SH,20260929,23.16,126323,2925641.0,0.9150326797385588,8.165866110767361,50.49019607843135
688180.SH,20260929,34.75,32040,1113390.0,-0.2583237657864612,2.17744976240532,43.450057405281235
688181.SH,20260929,44.66,40604,1813375.0,0.0,7.721499563480588,45.0
688182.SH,20260929,26.17,11067,289623.0,-0.871212121212106,2.5985354629260202,39.772727272727366
688183.SH,20260929,105.29,31071,3271466.0,-0.6323140807851901,2.1683307940578094,41.20611551528886
688184.SH,20260929,10.58,250,2645.0,-0.18867924528301883,0.49896424831554764,43.867924528301884
688185.SH,20260929,85.01,67865,5769204.0,-1.7225433526011469,7.119474024404405,34.664739884393114
688186.SH,20260929,14.38,29527,424598.0,1.1251758087201136,13.828920401779255,51.75105485232068
688187.SH,20260929,43.6001,7431,323992.0,-0.3426285714285715,3.3099516593120755,42.94422857142857
688188.SH,20260929,93.53,2896,270863.0,0.46186895810955697,2.3779466511479406,47.771213748657345
688189.SH,20260929,6.28,3200,20096.0,-0.6329113924050667,1.4092197020919648,41.2025316455696
688190.SH,20260929,66.51,13280,883253.0,-0.7757720423690828,18.970839990287477,40.3453677457855
688191.SH,20260929,20.02,43662,874113.0,0.25037556334501776,9.272346534631094,46.50225338007011
688192.SH,20260929,55.5999,3322,184703.0,0.21611391492430965,0.8009047101611741,46.296683489545856
688193.SH,20260929,48.5797,1368,66457.0,-0.49221630479311385,2.2302612050431145,42.046702171241314
688195.SH,20260929,172.21,12357,2127999.0,-1.2500716784219157,2.205534064831663,37.49956992946851
688196.SH,20260929,30.94,11463,354665.0,-0.09686793671294103,8.670213876439387,44.418792379722355
688197.SH,20260929,37.03,5873,217477.0,0.6250000000000089,2.5902366241428703,48.75000000000006
688198.SH,20260929,,0,0.0,,0.0,0.0
688199.SH,20260929,25.0399,7062,176832.0,-0.8320792079207995,2.380341987052233,40.007524752475206
688200.SH,20260929,387.47,8134,3151681.0,-0.3625797161077915,2.0058406713148345,42.82452170335325
688201.SH,20260929,7.76,800,6208.0,0.7792207792207684,0.4532004140125947,49.67532467532461
688202.SH,20260929,104.98,9668,1014947.0,-0.3038936372269596,1.7440249240808645,43.17663817663824
688203.SH,20260929,20.0,102760,2055200.0,-0.04997501249376368,4.630137812587048,44.700149925037415
688205.SH,20260929,190.0,21637,4111030.0,-0.6535947712418277,1.8793406824352705,41.07843137254903
688206.SH,20260929,35.3901,8650,306124.0,0.00028256569650775276,2.5225680448729753,45.001695394179045
688207.SH,20260929,19.04,33858,644656.0,0.0,3.5306407224905803,45.0
688208.SH,20260929,24.7599,5073,125607.0,0.2831105710813908,0.994813918546578,46.698663426488345
688209.SH,20260929,33.1,33633,1113252.0,0.6384919428397806,3.166291562166552,48.83095165703868
688210.SH,20260929,27.94,18585,519265.0,2.008032128514059,9.132965969766596,57.04819277108435
688211.SH,20260929,32.6,1100,35860.0,0.4932182490752224,2.34210545222033,47.95930949445133
688212.SH,20260929,28.46,8419,239605.0,1.425516749821809,4.271440987432439,53.55310049893085
688213.SH,20260929,91.5299,2840,259945.0,-0.6729245794899752,0.7207217448317303,40.96245252306015
688215.SH,20260929,43.5499,2326,101297.0,-1.5153776571686928,2.927998048791373,35.90773405698784
688216.SH,20260929,38.4,14933,573427.0,-0.285640093482209,1.5917190449379282,43.28615943910675
688217.SH,20260929,25.5001,3403,86777.0,0.8706487341772151,2.399936633729961,50.22389240506329
688218.SH,20260929,38.01,2400,91224.0,-0.9124087591240948,1.3272808758924726,39.525547445255434
688219.SH,20260929,10.12,700,7084.0,-0.19723865877713243,0.2528426686494329,43.816568047337206
688220.SH,20260929,91.71,17085,1566865.0,-0.5638078716252992,3.2206946361648567,41.617152770248204
688221.SH,20260929,16.3,30126,491054.0,-0.06131207847944742,3.2441440472786955,44.632127529123316
688222.SH,20260929,43.0,79626,3423918.0,-1.5567765567765512,3.978654236569761,35.65934065934069
688223.SH,20260929,3.68,176221,648493.0,0.0,3.1641183293298307,45.0
688225.SH,20260929,15.55,233048,3623896.0,-0.5754475703324768,11.365228800084202,41.54731457800514
688226.SH,20260929,27.8299,5415,150699.0,-0.9964425471362559,0.6300415100189264,39.021344717182465
688227.SH,20260929,68.3001,4689,320259.0,-4.354992297997473,1.8539203243385443,18.87004621201516
688228.SH,20260929,83.0,1360,112880.0,-0.5988023952095856,0.4603803212927701,41.40718562874249
688229.SH,20260929,59.5,2672,158984.0,2.163461538461542,6.143417878619658,57.980769230769255
688230.SH,20260929,58.07,2627,152550.0,-0.01721763085399397,2.780519463736494,44.896694214876035
688231.SH,20260929,32.8301,3544,116350.0,-0.5148484848484847,1.1352397060346786,41.910909090909094
688232.SH,20260929,17.3799,7738,134486.0,-0.6295025728987991,4.343420990970848,41.22298456260721
688233.SH,20260929,93.43,9986,932992.0,0.20377520377521385,2.4412808632912046,46.22265122265128
688234.SH,20260929,104.8,12123,1270490.0,-0.455927051671734,1.2394864018842324,42.2644376899696
688235.SH,20260929,258.0,7445,1920810.0,0.03877471888329431,2.7248685534750123,45.23264831329976
688236.SH,20260929,14.25,14820,211185.0,0.9206798866855603,11.941768884800453,50.52407932011336
688237.SH,20260929,57.3301,2466,141376.0,-1.0697152717860203,2.421503504702231,38.58170836928388
688238.SH,20260929,8.48,125785,1066657.0,-0.9345794392523366,3.0633830280406107,39.39252336448598
688239.SH,20260929,55.08,28137,1549786.0,0.21834061135370675,5.800951708287723,46.31004366812224
688244.SH,20260929,19.18,483808,9279437.0,-3.1313131313131404,18.538380821074867,26.212121212121158
688246.SH,20260929,17.03,4400,74932.0,0.3535651149086716,2.0928228899612873,47.12139068945203
688247.SH,20260929,9.87,7300,72051.0,-0.8040201005025116,1.223847335682261,40.17587939698493
688248.SH,20260929,46.3701,4518,209500.0,0.00021565667458478543,0.838337866927129,45.00129394004751
688249.SH,20260929,33.5,42816,1434336.0,0.8732309545317563,3.6402686322402307,50.23938572719054
688251.SH,20260929,18.56,5854,108650.0,0.27012425715828847,2.225078086110092,46.620745542949734
688252.SH,20260929,20.8999,5276,110268.0,0.5286195286195339,1.7765352063158348,48.171717171717205
688253.SH,20260929,,0,0.0,,0.0,0.0
688255.SH,20260929,26.19,8868,232253.0,0.5760368663594528,4.38176169259655,48.45622119815672
688256.SH,20260929,1023.81,34852,35681826.0,0.3735294117646948,4.861829002542743,47.24117647058817
688257.SH,20260929,54.92,43110,2367601.0,0.7336757153338258,3.924812851480282,49.40205429200296
688258.SH,20260929,82.21,9057,744576.0,0.012165450121637278,3.385481708056492,45.07299270072983
688259.SH,20260929,33.34,10572,352470.0,1.3065937405044359,8.746910681825002,52.839562443026615
688260.SH,20260929,99.8,14026,1399795.0,-0.389260405230063,3.3200896512794067,42.66443756861962
688261.SH,20260929,73.11,12930,945312.0,-1.202702702702707,3.8819242138266974,37.78378378378376
688262.SH,20260929,28.07,22833,640922.0,0.2142092109960636,3.7883419548501056,46.28525526597638
688265.SH,20260929,53.02,38427,2037400.0,-2.911554660318616,10.895344478235783,27.530672038088305
688266.SH,20260929,106.79,4495,480021.0,-0.34527808883910716,1.389438927453797,42.92833146696536
688267.SH,20260929,21.7799,2412,52533.0,-0.3208237986270013,1.5592833084766562,43.07505720823799
688268.SH,20260929,124.08,7402,918440.0,-0.048332527791206115,3.68012511495783,44.71000483325276
688269.SH,20260929,26.1998,1932,50618.0,0.38237547892718826,1.6927090082463467,47.29425287356313
688270.SH,20260929,54.9,13409,736154.0,-0.27247956403269047,4.822160328796772,43.365122615803855
688271.SH,20260929,105.3,26961,2838993.0,-0.5477899508878004,7.63417141100845,41.7132602946732
688272.SH,20260929,28.57,3198,91367.0,-1.004851004851004,2.4509552762293416,38.970893970893975
688273.SH,20260929,29.18,6940,202509.0,-1.0176390773405708,9.383153858952863,38.894165535956574
688275.SH,20260929,64.79,16856,1092100.0,0.5743557901273011,3.7160504753916053,48.44613474076381
688276.SH,20260929,17.72,8200,145304.0,-0.22522522522524513,2.8992947804253704,43.64864864864853
688277.SH,20260929,,0,0.0,,0.0,0.0
688278.SH,20260929,51.55,1900,97945.0,-0.09689922480621282,1.0607259055994123,44.418604651162724
688279.SH,20260929,209.83,3449,723704.0,1.5978308236091587,2.8924878365403686,54.586984941654954
688280.SH,20260929,4.82999,25493,123131.0,-0.8215605749486765,2.278927335586343,40.07063655030794
688281.SH,20260929,48.67,1700,82739.0,-0.9766022380467865,0.6122788313017268,39.14038657171928
688282.SH,20260929,51.0,1270,64770.0,-0.05878894767783471,2.8449136001891864,44.64726631393299
688283.SH,20260929,29.88,41859,1250747.0,-0.6318589956767595,14.500283722802093,41.208846025939444
688285.SH,20260929,7.66997,18341,140675.0,1.0536231884058056,12.389255206503586,51.321739130434835
688286.SH,20260929,50.01,16390,819664.0,-0.4578025477707137,2.632638114190582,42.25318471337572
688288.SH,20260929,19.6601,3104,61025.0,0.2043832823649172,2.6060346495633926,46.22629969418951
688289.SH,20260929,16.57,8300,137531.0,-0.1807228915662762,1.9167146770958527,43.91566265060234
688290.SH,20260929,58.79,9849,579023.0,4.851079008382375,13.687590994338928,74.10647405029425
688291.SH,20260929,41.0,3200,131200.0,0.4901960784313708,2.2137255506077063,47.941176470588225
688292.SH,20260929,21.68,67840,1470771.0,-0.9593421653723233,8.707859336074682,39.24394700776606
688293.SH,20260929,74.92,26836,2010553.0,0.1068947087119243,4.667526363434756,45.64136825227155
688295.SH,20260929,35.1899,1938,68198.0,-0.11382344592675286,0.802222687833482,44.317059324439484
688296.SH,20260929,25.2,25923,653260.0,2.6058631921824116,3.2326710563910876,60.63517915309447
688297.SH,20260929,42.2,7620,321564.0,0.2851711026616188,1.4050453881123288,46.711026615969715
688298.SH,20260929,18.97,2865,54349.0,0.05274261603374075,2.524671511430887,45.316455696202446
688299.SH,20260929,12.85,14383,184822.0,-0.7722007722007707,3.101387925716975,40.36679536679537
688300.SH,20260929,145.34,38947,5660557.0,-0.24023611778433152,6.102866793050639,43.558583293294014
688301.SH,20260929,84.8,10803,916094.0,-0.200070613157588,2.2790601640646475,43.799576321054474
688302.SH,20260929,31.5399,5949,187631.0,-1.0357703169124655,5.321868209428225,38.78537809852521
688303.SH,20260929,15.57,17586,273814.0,0.4516129032258176,3.3513179014136254,47.709677419354904
688305.SH,20260929,54.6993,552,30194.0,-0.0560935501553006,0.6876641626238061,44.663438699068195
688306.SH,20260929,9.85999,32726,322678.0,-0.0001014198782955944,3.038689181143809,44.999391480730225
688307.SH,20260929,43.27,10374,448883.0,-0.8251203300481347,4.06291219268922,40.049278019711195
688308.SH,20260929,79.5,12952,1029684.0,-0.6249999999999978,4.135720161989241,41.250000000000014
688309.SH,20260929,76.1499,6129,466723.0,1.995579962496663,4.899555043226601,56.97347977497998
688310.SH,20260929,15.42,4978,76761.0,-0.1941747572815511,3.6325074707723246,43.83495145631069
688311.SH,20260929,23.8,6100,145180.0,1.0615711252653925,2.1492151301133036,51.36942675159236
688312.SH,20260929,48.88,93044,4547991.0,-0.5897905226764255,11.616757566612236,41.46125686394144
688313.SH,20260929,145.5,34723,5052197.0,0.0,2.1351367756828292,45.0
688314.SH,20260929,30.6097,1445,44231.0,0.7892657227527078,1.916149993679404,49.73559433651624
688315.SH,20260929,19.84,249865,4957322.0,-1.0967098703888234,9.509257925400341,38.41974077766706
688316.SH,20260929,45.31,7715,349567.0,1.3646532438478687,6.000212739293728,53.18791946308721
688317.SH,20260929,18.24,13805,251803.0,0.0,5.332776765804728,45.0
688318.SH,20260929,75.72,7903,598415.0,-0.013204806549593773,2.208296623720876,44.92077116070244
688319.SH,20260929,30.78,16476,507131.0,-0.06493506493506773,2.8449869773927348,44.610389610389596
688320.SH,20260929,35.25,7200,253800.0,0.0,1.8176017845898964,45.0
688321.SH,20260929,25.22,9015,227358.0,0.039666798889315125,1.4652857249804643,45.23800079333589
688322.SH,20260929,85.3601,6899,588899.0,-0.45469387755101565,1.7917214557651715,42.271836734693906
688323.SH,20260929,24.0,29436,706464.0,-0.7444168734491274,5.226007994446493,40.53349875930523
688325.SH,20260929,110.41,5080,560883.0,-0.49567411679883877,3.8369689322517146,42.02595529920697
688326.SH,20260929,56.41,300,16923.0,0.195381882770862,0.5358852317053681,46.172291296625176
688327.SH,20260929,9.68001,33567,324929.0,0.00010330578512629529,3.1086351996133965,45.00061983471076
688328.SH,20260929,74.0,24856,1839344.0,-0.4975124378109541,7.091331071145014,42.014925373134275
688329.SH,20260929,23.13,9403,217491.0,-1.0269576379974388,6.717114541734079,38.83825417201537
688330.SH,20260929,36.45,32054,1168368.0,-1.0317675807765325,39.9617596119403,38.809394515340806
688331.SH,20260929,115.63,10701,1237357.0,0.25143055314720275,1.7941672166189087,46.50858331888322
688332.SH,20260929,87.86,2015,177038.0,-0.011380448389675113,0.727826016438151,44.93171730966195
688333.SH,20260929,100.01,12538,1253925.0,0.009999999999998899,1.8202751093184133,45.059999999999995
688334.SH,20260929,17.85,1800,32130.0,0.6768189509306355,1.357084207645288,49.060913705583815
688335.SH,20260929,17.0301,3357,57170.0,0.0005871990604866539,1.103631691483805,45.00352319436292
688336.SH,20260929,39.63,23331,924608.0,1.0969387755102034,2.7600264593680057,51.58163265306122
688337.SH,20260929,50.0,101606,5080300.0,-3.138318481208824,8.610200581556908,26.170089112747057
688338.SH,20260929,32.2501,2795,90139.0,0.8445903689806133,2.9491630176613115,50.067542213883684
688339.SH,20260929,18.5,22250,411625.0,0.05408328826392861,1.5223466564760944,45.32449972958357
688343.SH,20260929,61.32,18481,1133255.0,-0.9849830453738107,2.789968759775003,39.09010172775714
688345.SH,20260929,44.9501,2724,122444.0,-0.04425172337113592,1.9308698327008933,44.73448965977318
688347.SH,20260929,213.76,21938,4689467.0,0.0,2.042833155894706,45.0
688348.SH,20260929,29.6,1050,31080.0,-0.6711409395973145,1.4234900219669975,40.97315436241611
688349.SH,20260929,12.84,33596,431373.0,-0.07782101167315147,3.730348323662545,44.53307392996109
688350.SH,20260929,29.01,14248,413334.0,1.5045486354093862,8.28841238303657,54.02729181245632
688351.SH,20260929,17.0701,3066,52337.0,0.11788856304983941,1.9718801459169457,45.70733137829904
688352.SH,20260929,17.67,44798,791581.0,0.0,1.9626121688847085,45.0
688353.SH,20260929,79.7799,4007,319678.0,1.0383738601823733,1.521028917791622,51.230243161094236
688355.SH,20260929,16.7301,2123,35518.0,0.0005977286311908969,2.8122221368866027,45.003586371787144
688356.SH,20260929,95.22,18781,1788327.0,-4.253393665158378,3.205433479569849,19.47963800904973
688357.SH,20260929,26.69,4200,112098.0,0.03748125937033109,6.241826249513688,45.22488755622199
688358.SH,20260929,28.62,2900,82998.0,-0.6249999999999978,5.03800813481889,41.250000000000014
688359.SH,20260929,102.76,9848,1011980.0,0.0,2.3146138683233235,45.0
688360.SH,20260929,16.25,10718,174168.0,0.3705991352686677,2.316747917387042,47.223594811612
688361.SH,20260929,368.46,34453,12694552.0,1.9986712434946208,6.2818533990650085,56.992027460967726
688362.SH,20260929,56.79,28972,1645320.0,-0.01760563380280855,2.849750663444478,44.894366197183146
688363.SH,20260929,34.3,1560,53508.0,0.0,0.5880437349450341,45.0
688365.SH,20260929,15.07,37400,563618.0,-0.9855453350854138,2.0859077273336983,39.086727989487514
688366.SH,20260929,,0,0.0,,0.0,0.0
688367.SH,20260929,29.78,1000,29780.0,0.880758807588089,1.0011679844901664,50.28455284552854
688368.SH,20260929,126.08,3200,403456.0,-2.708542325796748,0.9741259480993414,28.748746045219512
688369.SH,20260929,19.24,1600,30784.0,-0.6198347107438051,0.5934083520182236,41.28099173553717
688370.SH,20260929,28.58,1500,42870.0,-0.034977264777902306,1.242194450807057,44.79013641133258
688371.SH,20260929,22.5,19763,444668.0,-1.4022787028922012,3.6051862930244423,36.58632778264679
688372.SH,20260929,104.7,7775,814043.0,-0.28571428571427804,1.407192831247765,43.285714285714334
688373.SH,20260929,5.64,36853,207851.0,-0.35335689045937757,3.085938100254572,42.87985865724374
688375.SH,20260929,65.3099,4808,314010.0,-0.6995590694845677,1.771172440008577,40.80264558309259
688376.SH,20260929,57.43,1886,108313.0,0.0,1.2583533656261863,45.0
688377.SH,20260929,16.78,8444,141690.0,-0.7687758722649263,4.912731150865782,40.38734476641044
688378.SH,20260929,47.0,41072,1930384.0,-0.990099009900991,5.087271624174894,39.059405940594054
688379.SH,20260929,54.0,23141,1249614.0,-1.207464324917662,5.8551296440547915,37.755214050494025
688380.SH,20260929,40.5,21006,850743.0,0.5212211466865346,4.459952853441289,48.127326880119206
688381.SH,20260929,41.23,20167,831485.0,-1.0084033613445453,2.2486153215153064,38.94957983193273
688382.SH,20260929,17.4,7290,126846.0,-1.4164305949008527,0.44266438466823815,36.50141643059489
688383.SH,20260929,128.74,5258,676915.0,-0.031060723714859684,2.7575251883284015,44.81363565771084
688385.SH,20260929,56.7,26368,1495066.0,-0.4389815627743654,3.3945781285338525,42.366110623353805
688386.SH,20260929,46.8,15780,738504.0,2.005231037489086,8.185425019158611,57.031386224934515
688387.SH,20260929,11.46,31652,362732.0,-0.607111882046818,1.7466933069675092,41.35732870771909
688388.SH,20260929,27.1,71957,1950035.0,-0.5869405722670584,2.857657510976446,41.47835656639765
688389.SH,20260929,11.2,27258,305290.0,0.35842293906809264,11.084648605855545,47.15053763440856
688390.SH,20260929,54.67,10096,551948.0,0.0,2.487348803333484,45.0
688391.SH,20260929,26.35,1500,39525.0,-0.26495079485238104,2.0652680077784704,43.410295230885716
688392.SH,20260929,158.0,1513,239054.0,-0.8782936010037656,0.9590765070632125,39.73023839397741
688393.SH,20260929,21.78,5400,117612.0,-1.7148014440433124,2.705597842183811,34.711191335740125
688395.SH,20260929,25.73,7800,200694.0,0.0,5.387310483206268,45.0
688396.SH,20260929,56.47,63156,3566419.0,0.28414136032675064,6.607014667746371,46.704848161960506
688398.SH,20260929,22.7494,415,9441.0,0.30599647266313923,0.317680189626909,46.835978835978835
688399.SH,20260929,26.98,3600,97128.0,0.0,2.733657217262592,45.0
688400.SH,20260929,41.94,42661,1789202.0,1.304347826086949,5.748940304596202,52.82608695652169
688401.SH,20260929,64.5,3374,217623.0,-0.7081280788177269,1.2382167903022914,40.75123152709364
688403.SH,20260929,22.5,120737,2716583.0,0.44642857142858094,3.675579542810707,47.67857142857149
688408.SH,20260929,22.19,3000,66570.0,-0.6714413607878167,1.6947799352312491,40.9713518352731
688409.SH,20260929,175.27,11008,1929372.0,-0.8653846153846123,2.608721644415855,39.80769230769233
688410.SH,20260929,9.45009,5790,54716.0,-0.9424528301886781,0.6747473153557166,39.34528301886793
688411.SH,20260929,154.35,4200,648270.0,-0.4835589941972973,2.6346699727865786,42.09864603481621
688416.SH,20260929,72.12,20895,1506947.0,-1.5292190060076316,4.96223541822264,35.82468596395421
688418.SH,20260929,30.0,400,12000.0,-0.6293474660483689,0.1854762483675965,29.609639909877153
688419.SH,20260929,48.6,9874,479876.0,-0.6134969325153339,5.506640762549188,41.31901840490799
688420.SH,20260929,22.75,2900,65975.0,-0.4376367614879695,3.660239661230741,42.374179431072186
688425.SH,20260929,3.91,25968,101535.0,0.0,3.6822260163275637,45.0
688426.SH,20260929,20.62,7003,144402.0,-2.964705882352936,2.0069856867071185,27.211764705882384
688428.SH,20260929,28.48,38164,1086911.0,-0.5239259517988093,2.996941997547148,41.85644428920715
688429.SH,20260929,10.0,11867,118670.0,2.0408163265306145,10.88174603836863,57.24489795918369
688432.SH,20260929,51.91,598915,31089678.0,-2.333019755409227,11.164435731228119,31.00188146754464
688433.SH,20260929,81.08,6536,529939.0,-0.31964593066142744,1.811000353489865,43.082124416031434
688435.SH,20260929,29.3299,3110,91216.0,-1.3125841184387643,1.559897927377291,37.12449528936742
688439.SH,20260929,36.6101,6942,254147.0,-0.6779706999457291,6.3370567025033555,40.93217580032562
688443.SH,20260929,24.2501,4322,104809.0,0.04166666666667318,1.6247566601009191,45.25000000000004
688448.SH,20260929,61.37,14647,898886.0,-1.7922867658825448,5.6020125928523585,34.24627940470473
688449.SH,20260929,57.78,16129,931934.0,0.9257641921397441,3.8372922754278838,50.55458515283846
688450.SH,20260929,31.83,6849,218004.0,-0.3443957420162902,6.581504367834859,42.93362554790226
688455.SH,20260929,17.69,2900,51301.0,0.0,2.0018398617859927,45.0
688456.SH,20260929,70.0601,7025,492172.0,-0.18506909816211614,2.1198857930760653,43.889585411027305
688458.SH,20260929,37.7299,511,19280.0,0.0793103448275767,0.4630631149501584,45.47586206896546
688459.SH,20260929,8.13,400,3252.0,-0.974421437271622,0.4551735258088428,39.15347137637027
688466.SH,20260929,14.03,7455,104594.0,0.42949176807443035,5.366826716056619,47.57695060844658
688468.SH,20260929,6.50007,7509,48809.0,-0.6105504587155974,3.0780661755533854,41.33669724770642
688469.SH,20260929,9.33,5265361,49125818.0,8.488372093023266,20.451890486655696,95.9302325581396
688472.SH,20260929,8.18001,27627,225989.0,0.00012224938874538793,1.2546371857064842,45.00073349633247
688475.SH,20260929,27.06,4100,110946.0,-0.5512679162072875,1.0782412497980958,41.69239250275628
688478.SH,20260929,49.2,26728,1315018.0,1.0682004930156141,4.871543526956793,51.40920295809369
688479.SH,20260929,34.2398,2510,85942.0,-1.4965477560414109,1.6634741571251237,36.020713463751534
688480.SH,20260929,65.6701,2977,195500.0,1.3427469135802506,5.74681389876495,53.056481481481505
688484.SH,20260929,32.7101,3684,120504.0,0.00030571690612379854,1.160070058204222,45.001834301436745
688485.SH,20260929,106.0,44343,4700358.0,0.5692599620493288,8.87096891692972,48.41555977229597
688486.SH,20260929,46.75,5316,248523.0,-0.7430997876857748,1.3525771115845666,40.54140127388535
688488.SH,20260929,15.56,5200,80912.0,-0.8285532186105726,0.6448718030768479,40.028680688336564
688489.SH,20260929,26.94,8112,218537.0,-1.2101210121012063,3.0189741552427165,37.73927392739276
688498.SH,20260929,1593.67,9289,14803601.0,0.14075391314729568,2.95719293833305,45.84452347888377
688499.SH,20260929,38.48,152562,5870586.0,3.9999999999999813,9.2687339402946,68.99999999999989
688500.SH,20260929,30.2,7954,240211.0,0.0,5.938089378441036,45.0
688501.SH,20260929,15.33,1600,24528.0,0.7889546351084853,0.6555075731328697,49.73372781065091
688502.SH,20260929,403.55,2151,868036.0,-1.1633602743081117,2.31659575491079,38.01983835415133
688503.SH,20260929,71.33,12066,860668.0,-0.2238075255280414,1.3792496408437094,43.65715484683175
688505.SH,20260929,8.28006,6270,51916.0,0.0007246376811709254,0.9384602300001238,45.00434782608703
688506.SH,20260929,235.0,6999,1644765.0,-1.8912036070638294,5.381190681563372,33.652778357617024
688507.SH,20260929,134.02,13130,1759683.0,1.1471698113207696,5.503934915154758,51.88301886792462
688508.SH,20260929,77.8,15984,1243555.0,-0.8917197452229297,3.568910047917537,39.64968152866242
688509.SH,20260929,4.13001,33204,137133.0,-0.48168674698795266,6.790541027355235,42.10987951807228
688510.SH,20260929,23.5601,3371,79421.0,-0.7995789473684289,0.6003264141180723,40.20252631578943
688511.SH,20260929,22.1799,3018,66939.0,-0.315056179775286,2.86041500395973,43.10966292134828
688512.SH,20260929,16.79,151977,2551694.0,1.2055455093429757,6.14449801723106,52.233273056057854
688513.SH,20260929,,0,0.0,,0.0,0.0
688515.SH,20260929,143.1,4555,651821.0,-0.4383218534752653,2.6454470176222453,42.370068879148405
688516.SH,20260929,42.79,24411,1044547.0,0.8960150907804776,6.149888790050254,50.37609054468287
688517.SH,20260929,16.9,4600,77740.0,0.0,0.48774413000661054,45.0
688518.SH,20260929,20.3,18756,380747.0,0.24691358024691024,2.029060089168181,46.48148148148146
688519.SH,20260929,275.54,13597,3746517.0,0.05083514887438412,3.7318232668236826,45.305010893246305
688520.SH,20260929,35.0,6600,231000.0,-0.539926115373679,2.9401373525257015,41.760443307757924
688521.SH,20260929,190.0,61927,11766130.0,-1.5544041450777257,4.368606611521594,35.673575129533646
688522.SH,20260929,18.04,13896,250684.0,0.7821229050279266,7.727436564315934,49.69273743016756
688523.SH,20260929,37.99,3414,129698.0,-0.21013921723140871,1.5345482299618336,43.739164696611546
688525.SH,20260929,197.0,70441,13876877.0,-0.6305170239596425,6.458056779543017,41.21689785624214
688526.SH,20260929,12.0787,305,3684.0,-0.42291838417148897,0.7940302033225982,42.46248969497107
688528.SH,20260929,10.28,9572,98400.0,0.0,5.27755996520243,45.0
688529.SH,20260929,15.4103,1360,20958.0,2.05496688741722,0.9191526761363923,57.32980132450332
688530.SH,20260929,57.13,6630,378772.0,-0.5570060922541309,1.6835921373457585,41.657963446475215
688531.SH,20260929,127.0,20545,2609215.0,0.3159557661927437,6.922522754638184,46.89573459715646
688533.SH,20260929,19.87,5275,104814.0,-0.10055304172951196,8.824472111531144,44.39668174962293
688535.SH,20260929,101.0,20338,2054138.0,-0.30599151120324075,4.87921870856565,43.164050932780555
688536.SH,20260929,339.0,13459,4562601.0,-0.998773436131073,5.553371514447995,39.00735938321356
688538.SH,20260929,2.04,331438,676134.0,0.0,6.821639472821639,45.0
688539.SH,20260929,23.98,1700,40766.0,0.2508361204013321,1.4380761401452222,46.505016722407994
688543.SH,20260929,41.98,7000,293860.0,0.0,1.9169035801021728,45.0
688545.SH,20260929,72.0,8181,589032.0,0.0,1.7322328987944096,45.0
688548.SH,20260929,31.37,41273,1294734.0,-0.8533501896333728,2.405237657489561,39.87989886219977
688549.SH,20260929,21.83,123951,2705850.0,-0.7276034561164213,4.853549347983399,40.63437926330147
688550.SH,20260929,36.4001,6439,234380.0,0.33103638368248145,4.0905315364570844,46.98621830209489
688551.SH,20260929,38.02,16785,638166.0,-0.6792058516196353,5.253873151374982,40.92476489028219
688552.SH,20260929,29.48,4800,141504.0,1.4103887168902762,3.2992915910056344,53.46233230134166
688553.SH,20260929,12.19,19904,242630.0,0.8271298593879317,2.1941381739863584,49.96277915632759
688556.SH,20260929,7.53,20600,155118.0,-0.5284015852047519,2.3019724278855027,41.82959048877149
688557.SH,20260929,20.71,1700,35207.0,0.0,2.0049571821738255,45.0
688558.SH,20260929,33.36,6200,206832.0,-0.8618127786032659,5.954959486340405,39.829123328380405
688559.SH,20260929,51.0,261975,13360725.0,-7.591955064323241,15.094249639295255,15.0
688560.SH,20260929,12.68,5800,73544.0,0.47543581616482644,2.2988229816281707,47.85261489698896
688561.SH,20260929,30.49,725320,22115007.0,2.4185421565334098,33.20369582616613,59.51125293920046
688562.SH,20260929,14.12,200,2824.0,-0.3528581510232942,0.06430013188585479,9.456874833314096
688563.SH,20260929,52.1997,606,31633.0,-0.03887399463806673,0.18513421367237792,33.09091449319963
688565.SH,20260929,11.45,3700,42365.0,0.43859649122806044,1.7541185764283314,47.63157894736836
688566.SH,20260929,27.0198,2573,69522.0,-1.6746724890829734,0.832612134160759,34.95196506550216
688567.SH,20260929,8.96,69791,625327.0,1.9340159271900026,5.146367337962494,56.604095563140014
688568.SH,20260929,28.84,15772,454864.0,0.1388888888888884,2.966141298579274,45.83333333333333
688569.SH,20260929,,0,0.0,,0.0,0.0
688570.SH,20260929,14.5,600,8700.0,-0.7529089664613187,1.6689933457043469,40.48254620123209
688571.SH,20260929,8.09,17212,139245.0,0.24783147459725985,4.16942030460528,46.48698884758356
688573.SH,20260929,15.27,8848,135109.0,0.3285151116951379,0.9191827033067447,46.971090670170824
688575.SH,20260929,10.29,6470,66576.0,0.0,0.8363467640712837,45.0
688576.SH,20260929,,0,0.0,,0.0,0.0
688577.SH,20260929,40.23,1200,48276.0,0.19925280199253326,1.2423617565661158,46.1955168119552
688578.SH,20260929,104.96,14065,1476262.0,-0.9717897914897633,1.736505403603298,39.16926125106142
688579.SH,20260929,7.86,15400,121044.0,0.25510204081633514,4.636083671344396,46.53061224489801
688580.SH,20260929,42.2402,2544,107459.0,-0.8446009389671327,3.0939989882938006,39.9323943661972
688581.SH,20260929,57.4106,850,48799.0,-0.5015597920277282,1.0679615411289718,41.99064124783363
688582.SH,20260929,36.51,9287,339068.0,-0.5448106782892981,4.142991489900472,41.73113593026421
688583.SH,20260929,79.49,4153,330122.0,0.0,4.590394012133434,45.0
688584.SH,20260929,27.16,26999,733293.0,-1.522842639593902,3.322963184479173,35.86294416243659
688585.SH,20260929,132.5,10074,1334805.0,-0.5255255255255165,7.864721174789797,41.8468468468469
688586.SH,20260929,11.03,17529,193345.0,0.36396724294813776,4.281513267420756,47.183803457688825
688588.SH,20260929,8.91996,8008,71431.0,0.6767494356659132,3.047735800376142,49.06049661399548
688589.SH,20260929,20.29,3000,60870.0,0.0,1.2717617351568618,45.0
688590.SH,20260929,12.0,4061,48732.0,0.0,0.9719047296431761,45.0
688591.SH,20260929,30.98,50239,1556404.0,0.09693053311794486,14.524259178598516,45.58158319870767
688592.SH,20260929,23.0,1741,40043.0,2.0861074123391,1.6720802682042974,57.5166444740346
688593.SH,20260929,29.28,30683,898398.0,0.7570543702684285,3.5976499332657275,49.54232622161057
688595.SH,20260929,30.98,13111,406179.0,2.1430926475436873,6.671733197294336,57.85855588526212
688596.SH,20260929,60.28,17363,1046642.0,-0.2482210822439157,1.7382397611116005,43.510673506536506
688597.SH,20260929,6.19996,4521,28030.0,0.3229773462783303,0.9425956872497775,46.937864077669985
688598.SH,20260929,33.0,26636,878988.0,0.0,3.6273675370149747,45.0
688599.SH,20260929,10.67,18111,193244.0,-0.0936329588014928,0.8942655598130448,44.43820224719104
688600.SH,20260929,35.07,12890,452052.0,0.9208633093525265,3.095778519075137,50.52517985611516
688601.SH,20260929,57.0,1900,108300.0,-0.7141612959414623,0.6085958413808847,40.715032224351226
688602.SH,20260929,6.82003,5901,40245.0,1.0374814814814837,1.3469182931149901,51.2248888888889
688603.SH,20260929,110.35,32477,3583837.0,-1.8674966651845315,10.617827833263654,33.79502000889281
688605.SH,20260929,81.66,22364,1826244.0,-1.7210253941509324,8.444369586586443,34.673847635094404
688606.SH,20260929,47.23,1000,47230.0,0.4039115646258473,4.340324843401851,47.423469387755084
688607.SH,20260929,35.91,1900,68229.0,1.4120304998588074,1.159969302780737,53.47218299915284
688608.SH,20260929,110.0,20254,2227940.0,-0.4885109462637982,5.607466172804392,42.06893432241721
688609.SH,20260929,8.81005,8697,76621.0,0.0005675368899060729,0.5904897010060282,45.003405221339435
688610.SH,20260929,148.66,1755,260898.0,-2.068511198945988,2.2326366902927766,32.58893280632407
688611.SH,20260929,65.0,6440,418600.0,0.7127362875735788,8.604423195625632,49.276417725441476
688612.SH,20260929,32.51,4749,154390.0,-0.12288786482335112,1.2208021781280611,44.26267281105989
688613.SH,20260929,19.63,65143,1278757.0,0.05096839959224386,8.191893289122444,45.305810397553465
688615.SH,20260929,82.7,7517,621656.0,-0.8512168804699627,2.157167638640622,39.892698717180224
688616.SH,20260929,11.0901,5195,57613.0,0.8190909090909138,2.9019440300005397,49.91454545454548
688617.SH,20260929,242.77,1587,385276.0,0.3679510501074956,1.0892343007366472,47.20770630064497
688618.SH,20260929,,0,0.0,,0.0,0.0
688619.SH,20260929,13.7499,4715,64831.0,-0.0734011627906983,1.94665859389821,44.55959302325581
688620.SH,20260929,16.8,22487,377782.0,-0.11890606420926764,1.7383717280316968,44.286563614744395
688621.SH,20260929,71.65,1100,78815.0,0.33608738271952987,0.7425682079731408,47.01652429631718
688622.SH,20260929,142.0,1870,265540.0,-2.190384350461505,2.117058810074384,31.85769389723097
688623.SH,20260929,63.12,600,37872.0,-0.47303689687796524,0.7630783400700774,42.16177861873221
688625.SH,20260929,69.0,12856,887064.0,-1.2310334955625502,1.7200410344646921,37.6137990266247
688626.SH,20260929,42.99,5578,239798.0,1.5831758034026588,3.502026234075487,54.49905482041595
688627.SH,20260929,438.9,19454,8538361.0,1.5972222222222276,6.956784396285657,54.583333333333364
688628.SH,20260929,89.31,84994,7590814.0,-2.913360147842148,8.90931617356914,27.519839112947114
688629.SH,20260929,106.44,80492,8567568.0,0.20711730370928105,8.262709890007766,46.242703822255685
688630.SH,20260929,395.62,12723,5033473.0,-0.4203478567293417,5.690778281581213,42.47791285962395
688631.SH,20260929,35.44,500,17720.0,0.19790783149562508,0.5443320686111527,46.18744698897375
688633.SH,20260929,21.9,9196,201392.0,1.061375173050294,6.877075519127993,51.368251038301764
688635.SH,20260929,246.02,4391,1080274.0,-0.3523836526388213,2.7032429842224652,42.885698084167075
688636.SH,20260929,19.43,19492,378730.0,0.0,4.404569443364323,45.0
688638.SH,20260929,34.35,6000,206100.0,-0.7512279687951429,11.717745937777007,40.49263218722914
688639.SH,20260929,17.6,7700,135520.0,-0.5087620124364034,1.6760329892069388,41.94742792538158
688646.SH,20260929,73.4402,2808,206220.0,-0.08136054421767902,1.2514391899621398,44.51183673469393
688648.SH,20260929,28.0501,899,25217.0,0.4659742120343813,0.7402647204488639,47.795845272206286
688651.SH,20260929,25.3,26942,681633.0,0.0,8.044056638038127,45.0
688652.SH,20260929,134.32,5236,703300.0,0.0,2.2672983061653635,45.0
688653.SH,20260929,14.81,64908,961287.0,0.40677966101694274,6.112249427607091,47.44067796610166
688655.SH,20260929,61.9,136737,8464020.0,-1.8706404565630996,8.880331466569805,33.7761572606214
688656.SH,20260929,136.88,3257,445818.0,-0.5666133953218133,3.4186093419444252,41.60031962806912
688657.SH,20260929,33.7,900,30330.0,1.1404561824730042,1.0186999454073562,51.84273709483803
688658.SH,20260929,12.9,19724,254440.0,-0.9976976208748933,2.310874591286308,39.013814274750644
688659.SH,20260929,9.12998,17649,161135.0,-0.21879781420766076,5.797294269808058,43.68721311475404
688660.SH,20260929,8.58,74129,636027.0,-0.23255813953487747,4.511571924817193,43.60465116279074
688661.SH,20260929,94.2801,4859,458107.0,0.00010606703437776588,1.6480725954200384,45.00063640220627
688662.SH,20260929,114.38,151176,17291511.0,-0.1048034934497899,12.400573117457096,44.37117903930126
688663.SH,20260929,54.18,4600,249228.0,-0.9868421052631526,2.4169992471582864,39.07894736842108
688665.SH,20260929,43.0,3400,146200.0,-0.3937919851748961,3.783280544666116,42.63724808895062
688667.SH,20260929,98.99,1694,167689.0,0.232887808829485,2.2422433681736895,46.39732685297691
688668.SH,20260929,212.0,7551,1600812.0,-0.4881712354487422,1.9401148506174213,42.070972587307544
688669.SH,20260929,62.65,9661,605262.0,0.9995163630501347,7.283940495050466,50.99709817830081
688670.SH,20260929,18.3,46006,841910.0,0.8820286659316334,20.07993766635544,50.2921719955898
688671.SH,20260929,25.57,5700,145749.0,0.8280757097791858,5.90520052193012,49.968454258675116
688676.SH,20260929,59.99,29986,1798860.0,-0.19963400432539968,5.275658741524668,43.8021959740476
688677.SH,20260929,74.6001,3231,241033.0,-0.13373493975904482,0.965450218004061,44.197590361445734
688678.SH,20260929,31.0,425601,13193631.0,-0.8317338451695466,13.143882600450612,40.00959692898272
688679.SH,20260929,37.95,1100,41745.0,0.026357406431221087,0.4412361821702425,45.15814443858733
688680.SH,20260929,38.59,5086,196269.0,-0.4642765024503448,3.0588603504455367,42.21434098529793
688681.SH,20260929,15.42,2200,33924.0,0.19493177387914784,1.4222678665692718,46.16959064327489
688682.SH,20260929,34.65,75540,2617461.0,0.0,13.8671668690535,45.0
688683.SH,20260929,30.0,3972,119160.0,-1.8003273322422242,5.058758181000297,34.19803600654666
688685.SH,20260929,33.74,18325,618286.0,1.9951632406287834,1.8590095196100886,56.9709794437727
688686.SH,20260929,131.6,4259,560484.0,1.222982847473264,4.611771172274935,52.33789708483958
688687.SH,20260929,18.41,6732,123936.0,-1.0215053763440896,1.7907166909515952,38.87096774193546
688689.SH,20260929,39.3,11035,433676.0,-0.05086469989827869,2.3530821094056433,44.694811800610324
688690.SH,20260929,45.69,12828,586111.0,-1.0181975736568427,1.287739648387893,38.89081455805894
688691.SH,20260929,59.68,2700,161136.0,-1.3064329419546827,0.8654758521167445,37.161402348271906
688692.SH,20260929,192.89,2801,540285.0,0.005184570717542414,2.9220577302684765,45.031107424305254
688693.SH,20260929,71.34,1200,85608.0,0.0,1.3800851748951015,45.0
688695.SH,20260929,19.94,3500,69790.0,0.10040160642570406,3.6587593288139955,45.60240963855422
688696.SH,20260929,81.4602,3175,258636.0,0.4937083641746831,7.380740370137983,47.9622501850481
688697.SH,20260929,14.88,31634,470714.0,0.6085192697768971,6.718258848084803,48.65111561866138
688698.SH,20260929,42.0,3300,138600.0,-0.615238996687173,1.8398386963237512,41.30856601987696
688699.SH,20260929,64.04,23846,1527098.0,-0.866873065015461,5.566531059678296,39.79876160990723
688700.SH,20260929,61.79,20629,1274666.0,-0.20994832041344447,3.376496897594178,43.74031007751933
688701.SH,20260929,8.57003,13629,116801.0,-0.6949015063731356,5.619375170281727,40.83059096176119
688702.SH,20260929,308.52,21851,6741471.0,0.25671855197737514,4.754195997636913,46.54031131186425
688707.SH,20260929,9.8,17725,173705.0,-0.50761421319796,2.1812048912783535,41.95431472081224
688708.SH,20260929,38.15,2800,106820.0,-0.052397170552798134,3.1138460537481545,44.685616976683214
688709.SH,20260929,24.95,21925,547029.0,-1.6942474389282869,5.534550559637843,34.83451536643028
688710.SH,20260929,94.4799,10301,973238.0,-0.5997895844292445,2.896078862921233,41.40126249342453
688711.SH,20260929,26.4,12705,335412.0,-0.4149377593361092,1.900664448291701,42.51037344398335
688712.SH,20260929,30.5599,2295,70135.0,-0.06572923479397641,2.49866258225796,44.60562459123614
688716.SH,20260929,,0,0.0,,0.0,0.0
688717.SH,20260929,40.47,10459,423276.0,0.0,1.986573586810904,45.0
688718.SH,20260929,14.9,4200,62580.0,0.5398110661268607,3.866175707245119,48.23886639676117
688719.SH,20260929,56.62,10012,566879.0,-0.35198873636044237,2.175281439236398,42.88806758183735
688720.SH,20260929,63.54,12198,775061.0,-0.015735641227376806,3.1532790508080044,44.90558615263574
688721.SH,20260929,39.6601,2574,102085.0,0.43074195998986653,1.346913571662643,47.5844517599392
688722.SH,20260929,14.3001,3709,53039.0,0.0006993006993027961,2.275875267325985,45.00419580419582
688726.SH,20260929,46.49,15703,730032.0,0.889756944444442,3.9828377116385822,50.33854166666665
688727.SH,20260929,45.59,5968,272081.0,-0.02192982456139525,3.207995812925294,44.86842105263163
688728.SH,20260929,13.83,26090,360825.0,0.14482259232440065,1.9092031704249277,45.8689355539464
688729.SH,20260929,22.49,40351,907494.0,0.044483985765109146,1.4512068342209652,45.26690391459066
688733.SH,20260929,27.18,10942,297404.0,0.07363770250368162,2.2586567704300693,45.44182621502209
688737.SH,20260929,17.03,4500,76635.0,0.2944640753828054,3.098165454284807,46.76678445229683
688739.SH,20260929,20.5,2300,47150.0,-0.6782945736434121,2.5641110700043654,40.93023255813953
688750.SH,20260929,13.63,500,6815.0,-0.146520146520146,0.37091216963100687,44.120879120879124
688755.SH,20260929,29.68,3731,110736.0,-0.26881720430108613,1.1170167212569384,43.38709677419348
688757.SH,20260929,28.78,22060,634887.0,0.0,3.1247209552039856,45.0
688758.SH,20260929,31.23,22344,697803.0,0.0,1.9469639751021042,45.0
688759.SH,20260929,21.7599,1091,23740.0,0.3222683264176851,0.3219046471518957,46.93360995850611
688765.SH,20260929,39.47,27930,1102397.0,-2.059553349875931,8.96918708913573,32.64267990074441
688766.SH,20260929,376.74,33802,12734565.0,-0.7455805253312908,5.648649138563824,40.52651684801226
688767.SH,20260929,41.0,5100,209100.0,-0.7263922518159771,2.7864779143040908,40.64164648910414
688768.SH,20260929,46.06,29078,1339333.0,-2.5391451544646504,9.451452697579821,29.765129073212098
688772.SH,20260929,13.9,13660,189874.0,0.28860028860029363,0.6043574229396621,46.731601731601764
688775.SH,20260929,89.33,13607,1215513.0,-0.4346856888096329,4.25145454415278,42.3918858671422
688776.SH,20260929,49.91,13984,697941.0,0.6249999999999867,6.246237453678064,48.74999999999992
688777.SH,20260929,77.02,15827,1218996.0,-0.11671637919855593,1.8333296112659658,44.29970172480866
688778.SH,20260929,40.65,11161,453695.0,0.743494423791824,1.3908419622508947,49.460966542750946
688779.SH,20260929,7.24,152551,1104469.0,0.9762900976290068,8.65719621984459,50.85774058577404
688781.SH,20260929,41.35,18149,750461.0,-1.75813732478024,4.910302272324637,34.451176051318555
688783.SH,20260929,27.56,127961,3526605.0,-0.8989572096368192,7.564869186852665,39.606256742179085
688785.SH,20260929,338.64,2280,772099.0,-3.245714285714285,3.251550917256079,25.52571428571429
688786.SH,20260929,26.71,2983,79676.0,0.0,1.0880596339052688,45.0
688787.SH,20260929,86.55,1200,103860.0,-0.5743825387708235,1.1391101345332282,41.55370476737506
688788.SH,20260929,26.91,11154,300154.0,-0.5543237250554278,7.214983177402594,41.67405764966743
688789.SH,20260929,49.1101,5215,256109.0,-0.5062803889789191,1.8303027641038543,41.96231766612649
688790.SH,20260929,101.55,4400,446820.0,-0.3336931985474578,2.7330697698726136,42.99784080871525
688793.SH,20260929,18.1,15401,278758.0,0.8356545961002881,4.702609440625351,50.01392757660173
688795.SH,20260929,406.0,11395,4626370.0,-0.7043631383290894,3.5486865201925557,40.773821170025464
688796.SH,20260929,127.3,2366,301192.0,0.07074915494065248,0.9997407044531379,45.42449492964391
688797.SH,20260929,253.0,10744,2718232.0,-1.3952763270714708,7.23496799915134,36.62834203757117
688798.SH,20260929,53.88,10320,556042.0,-0.18525379770284456,5.791503780774726,43.888477213782934
688799.SH,20260929,55.28,1200,66336.0,0.5090909090909035,0.4901973716136571,48.05454545454542
688800.SH,20260929,56.46,25789,1456047.0,0.3733333333333366,2.774344991288828,47.24000000000002
688801.SH,20260929,439.48,7491,3292145.0,-1.9017857142857086,3.732419633714634,33.58928571428575
688802.SH,20260929,523.0,15503,8108069.0,0.5788572857170271,7.78944461132119,48.47314371430216
688805.SH,20260929,,0,0.0,,0.0,0.0
688806.SH,20260929,26.26,28102,737959.0,-2.233804914370807,3.974174166097753,31.597170513775158
688807.SH,20260929,298.19,6847,2041707.0,0.0,6.294587924643525,45.0
688808.SH,20260929,1461.0,3822,5583942.0,-0.5845167699834564,3.4268853308728273,41.49289938009926
688809.SH,20260929,463.9,1500,695850.0,0.23768366464995694,1.0729824712982239,46.42610198789974
688811.SH,20260929,19.43,11374,220997.0,-0.20544427324088455,4.265813595313178,43.76733436055469
688813.SH,20260929,135.75,8147,1105955.0,0.4439511653718142,2.3028051073148346,47.663706992230885
688816.SH,20260929,,0,0.0,,0.0,0.0
688818.SH,20260929,40.75,5087,207295.0,-0.07356547327120877,1.4466276130132156,44.558607160372745
688819.SH,20260929,20.26,300,6078.0,0.0,0.16750066546928585,30.150119784471453
688820.SH,20260929,120.97,13170,1593175.0,-0.08259684480051988,2.821516270756815,44.50441893119688
688825.SH,20260929,53.71,865633,46493148.0,-0.16728624535314873,5.668476989507709,43.99628252788111
688826.SH,20260929,750.0,1800,1350000.0,-0.8067715910593853,3.538661474246265,40.15937045364369
688828.SH,20260929,86.1799,4185,360663.0,-1.373426413366896,2.034964456492434,36.75944151979863
688835.SH,20260929,354.42,16409,5815678.0,-1.4130737134909532,9.952344659222092,36.52155771905428
688836.SH,20260929,460.0,10849,4990540.0,0.0761448928532582,7.480300126871199,45.45686935711955
688837.SH,20260929,44.01,82374,3625280.0,-2.3518970490348345,8.093641535789288,30.888617705790992
688981.SH,20260929,116.57,64392,7506175.0,0.00857927247768231,3.4857407040699564,45.051475634866094
689009.SH,20260929,36.87,4022,148291.0,0.463215258855576,0.6770339594729812,47.779291553133454
900901.SH,20260929,,0,0.0,,,0.0
900902.SH,20260929,,0,0.0,,,0.0
900903.SH,20260929,,0,0.0,,,0.0
900904.SH,20260929,,0,0.0,,,0.0
900905.SH,20260929,2.64,500,1320.0,,,0.0
900906.SH,20260929,,0,0.0,,,0.0
900908.SH,20260929,,0,0.0,,,0.0
900909.SH,20260929,,0,0.0,,,0.0
900910.SH,20260929,,0,0.0,,,0.0
900911.SH,20260929,,0,0.0,,,0.0
900912.SH,20260929,,0,0.0,,,0.0
900913.SH,20260929,,0,0.0,,,0.0
900914.SH,20260929,,0,0.0,,,0.0
900915.SH,20260929,,0,0.0,,,0.0
900916.SH,20260929,,0,0.0,,,0.0
900917.SH,20260929,,0,0.0,,,0.0
900918.SH,20260929,,0,0.0,,,0.0
900920.SH,20260929,,0,0.0,,,0.0
900921.SH,20260929,0.19,100,19.0,,,0.0
900922.SH,20260929,,0,0.0,,,0.0
900923.SH,20260929,0.55,100,55.0,,,0.0
900924.SH,20260929,0.3,2000,600.0,,,0.0
900925.SH,20260929,1.17667,300,353.0,,,0.0
900926.SH,20260929,,0,0.0,,,0.0
900927.SH,20260929,,0,0.0,,,0.0
900928.SH,20260929,,0,0.0,,,0.0
900929.SH,20260929,,0,0.0,,,0.0
900932.SH,20260929,0.384,1000,384.0,,,0.0
900934.SH,20260929,,0,0.0,,,0.0
900936.SH,20260929,1.25667,600,754.0,,,0.0
900937.SH,20260929,,0,0.0,,,0.0
900938.SH,20260929,,0,0.0,,,0.0
900939.SH,20260929,,0,0.0,,,0.0
900940.SH,20260929,0.211,5000,1055.0,,,0.0
900941.SH,20260929,0.48,2600,1248.0,,,0.0
900942.SH,20260929,,0,0.0,,,0.0
900943.SH,20260929,,0,0.0,,,0.0
900945.SH,20260929,,0,0.0,,,0.0
900946.SH,20260929,,0,0.0,,,0.0
900947.SH,20260929,,0,0.0,,,0.0
900948.SH,20260929,3.60387,3100,11172.0,,,0.0
530000.SH,20260929,,0,0.0,,,0.0
530050.SH,20260929,,0,0.0,,,0.0
530060.SH,20260929,0.972998,199100,193724.0,,,0.0
530080.SH,20260929,,0,0.0,,,0.0
530100.SH,20260929,,0,0.0,,,0.0
530180.SH,20260929,,0,0.0,,,0.0
530280.SH,20260929,,0,0.0,,,0.0
530300.SH,20260929,,0,0.0,,,0.0
530380.SH,20260929,1.06,100,106.0,,,0.0
530530.SH,20260929,,0,0.0,,,0.0
530580.SH,20260929,,0,0.0,,,0.0
530680.SH,20260929,,0,0.0,,,0.0
530800.SH,20260929,,0,0.0,,,0.0
530880.SH,20260929,1.0975,400,439.0,,,0.0
551000.SH,20260929,,0,0.0,,,0.0
551030.SH,20260929,,0,0.0,,,0.0
551060.SH,20260929,,0,0.0,,,0.0
551300.SH,20260929,,0,0.0,,,0.0
551500.SH,20260929,102.61,100,10261.0,,,0.0
551510.SH,20260929,,0,0.0,,,0.0
551520.SH,20260929,,0,0.0,,,0.0
551550.SH,20260929,,0,0.0,,,0.0
551560.SH,20260929,,0,0.0,,,0.0
551580.SH,20260929,,0,0.0,,,0.0
551800.SH,20260929,,0,0.0,,,0.0
551900.SH,20260929,,0,0.0,,,0.0
560010.SH,20260929,3.03,49800,150894.0,,,0.0
560020.SH,20260929,,0,0.0,,,0.0
560030.SH,20260929,,0,0.0,,,0.0
560050.SH,20260929,1.03087,2300,2371.0,,,0.0
560060.SH,20260929,,0,0.0,,,0.0
560070.SH,20260929,,0,0.0,,,0.0
560080.SH,20260929,0.923023,12900,11907.0,,,0.0
560090.SH,20260929,1.096,25500,27948.0,,,0.0
560100.SH,20260929,1.261,30000,37830.0,,,0.0
560110.SH,20260929,1.093,31300,34211.0,,,0.0
560120.SH,20260929,1.17,100,117.0,,,0.0
560130.SH,20260929,,0,0.0,,,0.0
560150.SH,20260929,,0,0.0,,,0.0
560160.SH,20260929,0.91,300,273.0,,,0.0
560170.SH,20260929,1.16298,14100,16398.0,,,0.0
560180.SH,20260929,,0,0.0,,,0.0
560190.SH,20260929,,0,0.0,,,0.0
560210.SH,20260929,0.812857,1400,1138.0,,,0.0
560220.SH,20260929,,0,0.0,,,0.0
560230.SH,20260929,,0,0.0,,,0.0
560250.SH,20260929,,0,0.0,,,0.0
560260.SH,20260929,0.860714,1400,1205.0,,,0.0
560270.SH,20260929,,0,0.0,,,0.0
560280.SH,20260929,1.38098,4100,5662.0,,,0.0
560290.SH,20260929,,0,0.0,,,0.0
560300.SH,20260929,,0,0.0,,,0.0
560310.SH,20260929,,0,0.0,,,0.0
560320.SH,20260929,,0,0.0,,,0.0
560330.SH,20260929,,0,0.0,,,0.0
560350.SH,20260929,1.19,3600,4284.0,,,0.0
560360.SH,20260929,,0,0.0,,,0.0
560370.SH,20260929,,0,0.0,,,0.0
560380.SH,20260929,,0,0.0,,,0.0
560390.SH,20260929,0.798,237500,189525.0,,,0.0
560400.SH,20260929,0.93,300,279.0,,,0.0
560410.SH,20260929,0.741,10000,7410.0,,,0.0
560420.SH,20260929,,0,0.0,,,0.0
560450.SH,20260929,,0,0.0,,,0.0
560460.SH,20260929,,0,0.0,,,0.0
560470.SH,20260929,0.792,18000,14256.0,,,0.0
560480.SH,20260929,0.882,30000,26460.0,,,0.0
560490.SH,20260929,,0,0.0,,,0.0
560500.SH,20260929,,0,0.0,,,0.0
560510.SH,20260929,1.113,109200,121540.0,,,0.0
560520.SH,20260929,,0,0.0,,,0.0
560530.SH,20260929,1.147,7000,8029.0,,,0.0
560550.SH,20260929,,0,0.0,,,0.0
560560.SH,20260929,,0,0.0,,,0.0
560570.SH,20260929,0.997015,20100,20040.0,,,0.0
560580.SH,20260929,1.08296,2700,2924.0,,,0.0
560590.SH,20260929,,0,0.0,,,0.0
560610.SH,20260929,1.115,50800,56642.0,,,0.0
560620.SH,20260929,,0,0.0,,,0.0
560630.SH,20260929,1.01601,39800,40437.0,,,0.0
560660.SH,20260929,,0,0.0,,,0.0
560670.SH,20260929,1.08,300,324.0,,,0.0
560680.SH,20260929,,0,0.0,,,0.0
560690.SH,20260929,,0,0.0,,,0.0
560700.SH,20260929,,0,0.0,,,0.0
560710.SH,20260929,0.932,387500,361150.0,,,0.0
560720.SH,20260929,,0,0.0,,,0.0
560730.SH,20260929,,0,0.0,,,0.0
560750.SH,20260929,,0,0.0,,,0.0
560770.SH,20260929,0.892002,114400,102045.0,,,0.0
560780.SH,20260929,0.982,1933700,1898893.0,,,0.0
560790.SH,20260929,,0,0.0,,,0.0
560800.SH,20260929,1.076,103200,111043.0,,,0.0
560810.SH,20260929,,0,0.0,,,0.0
560820.SH,20260929,,0,0.0,,,0.0
560830.SH,20260929,0.890982,11200,9979.0,,,0.0
560850.SH,20260929,,0,0.0,,,0.0
560860.SH,20260929,1.437,487100,699963.0,,,0.0
560870.SH,20260929,,0,0.0,,,0.0
560880.SH,20260929,,0,0.0,,,0.0
560900.SH,20260929,0.899,5000,4495.0,,,0.0
560910.SH,20260929,0.663991,21800,14475.0,,,0.0
560920.SH,20260929,,0,0.0,,,0.0
560930.SH,20260929,0.871995,38100,33223.0,,,0.0
560950.SH,20260929,,0,0.0,,,0.0
560970.SH,20260929,,0,0.0,,,0.0
560980.SH,20260929,0.589,157000,92473.0,,,0.0
560990.SH,20260929,,0,0.0,,,0.0
561000.SH,20260929,,0,0.0,,,0.0
561010.SH,20260929,,0,0.0,,,0.0
561020.SH,20260929,,0,0.0,,,0.0
561030.SH,20260929,,0,0.0,,,0.0
561050.SH,20260929,,0,0.0,,,0.0
561060.SH,20260929,,0,0.0,,,0.0
561080.SH,20260929,,0,0.0,,,0.0
561090.SH,20260929,,0,0.0,,,0.0
561100.SH,20260929,1.516,53800,81561.0,,,0.0
561120.SH,20260929,,0,0.0,,,0.0
561130.SH,20260929,0.972727,1100,1070.0,,,0.0
561160.SH,20260929,0.644004,46200,29753.0,,,0.0
561170.SH,20260929,1.13,14200,16046.0,,,0.0
561180.SH,20260929,,0,0.0,,,0.0
561190.SH,20260929,,0,0.0,,,0.0
561200.SH,20260929,,0,0.0,,,0.0
561220.SH,20260929,,0,0.0,,,0.0
561230.SH,20260929,,0,0.0,,,0.0
561250.SH,20260929,,0,0.0,,,0.0
561260.SH,20260929,,0,0.0,,,0.0
561280.SH,20260929,1.542,10500,16191.0,,,0.0
561300.SH,20260929,1.026,500,513.0,,,0.0
561310.SH,20260929,,0,0.0,,,0.0
561320.SH,20260929,,0,0.0,,,0.0
561330.SH,20260929,0.832999,86700,72221.0,,,0.0
561350.SH,20260929,,0,0.0,,,0.0
561360.SH,20260929,1.447,75900,109827.0,,,0.0
561370.SH,20260929,,0,0.0,,,0.0
561380.SH,20260929,0.67,440900,295403.0,,,0.0
561390.SH,20260929,,0,0.0,,,0.0
561400.SH,20260929,,0,0.0,,,0.0
561410.SH,20260929,,0,0.0,,,0.0
561420.SH,20260929,,0,0.0,,,0.0
561430.SH,20260929,,0,0.0,,,0.0
561450.SH,20260929,0.96,100,96.0,,,0.0
561460.SH,20260929,0.776923,5200,4040.0,,,0.0
561470.SH,20260929,1.02,100,102.0,,,0.0
561490.SH,20260929,,0,0.0,,,0.0
561500.SH,20260929,,0,0.0,,,0.0
561510.SH,20260929,,0,0.0,,,0.0
561530.SH,20260929,,0,0.0,,,0.0
561550.SH,20260929,1.323,81300,107560.0,,,0.0
561560.SH,20260929,1.246,174000,216804.0,,,0.0
561570.SH,20260929,,0,0.0,,,0.0
561580.SH,20260929,1.248,66900,83491.0,,,0.0
561590.SH,20260929,,0,0.0,,,0.0
561600.SH,20260929,0.692308,1300,900.0,,,0.0
561610.SH,20260929,,0,0.0,,,0.0
561620.SH,20260929,,0,0.0,,,0.0
561630.SH,20260929,,0,0.0,,,0.0
561660.SH,20260929,,0,0.0,,,0.0
561680.SH,20260929,,0,0.0,,,0.0
561690.SH,20260929,,0,0.0,,,0.0
561700.SH,20260929,1.08596,8900,9665.0,,,0.0
561730.SH,20260929,,0,0.0,,,0.0
561750.SH,20260929,,0,0.0,,,0.0
561760.SH,20260929,,0,0.0,,,0.0
561770.SH,20260929,,0,0.0,,,0.0
561780.SH,20260929,,0,0.0,,,0.0
561790.SH,20260929,,0,0.0,,,0.0
561800.SH,20260929,0.881,200000,176200.0,,,0.0
561810.SH,20260929,,0,0.0,,,0.0
561830.SH,20260929,0.85,100,85.0,,,0.0
561870.SH,20260929,,0,0.0,,,0.0
561880.SH,20260929,,0,0.0,,,0.0
561890.SH,20260929,,0,0.0,,,0.0
561900.SH,20260929,,0,0.0,,,0.0
561910.SH,20260929,0.639,277100,177067.0,,,0.0
561920.SH,20260929,0.66,1900,1254.0,,,0.0
561930.SH,20260929,1.50333,1200,1804.0,,,0.0
561950.SH,20260929,,0,0.0,,,0.0
561960.SH,20260929,,0,0.0,,,0.0
561980.SH,20260929,0.64,599000,383360.0,,,0.0
561990.SH,20260929,0.979091,2200,2154.0,,,0.0
562000.SH,20260929,0.565,400,226.0,,,0.0
562010.SH,20260929,,0,0.0,,,0.0
562030.SH,20260929,0.473014,20900,9886.0,,,0.0
562050.SH,20260929,,0,0.0,,,0.0
562060.SH,20260929,0.605031,16100,9741.0,,,0.0
562070.SH,20260929,1.00516,3100,3116.0,,,0.0
562080.SH,20260929,0.599231,1300,779.0,,,0.0
562110.SH,20260929,0.971936,6200,6026.0,,,0.0
562150.SH,20260929,,0,0.0,,,0.0
562170.SH,20260929,,0,0.0,,,0.0
562180.SH,20260929,,0,0.0,,,0.0
562300.SH,20260929,,0,0.0,,,0.0
562310.SH,20260929,0.989,1000,989.0,,,0.0
562320.SH,20260929,,0,0.0,,,0.0
562330.SH,20260929,,0,0.0,,,0.0
562340.SH,20260929,,0,0.0,,,0.0
562350.SH,20260929,1.07895,5700,6150.0,,,0.0
562360.SH,20260929,0.965,600,579.0,,,0.0
562380.SH,20260929,,0,0.0,,,0.0
562390.SH,20260929,,0,0.0,,,0.0
562450.SH,20260929,,0,0.0,,,0.0
562500.SH,20260929,0.891,2123000,1891593.0,,,0.0
562510.SH,20260929,0.543996,98600,53638.0,,,0.0
562520.SH,20260929,,0,0.0,,,0.0
562530.SH,20260929,,0,0.0,,,0.0
562550.SH,20260929,1.123,43600,48963.0,,,0.0
562560.SH,20260929,,0,0.0,,,0.0
562570.SH,20260929,1.29301,14300,18490.0,,,0.0
562580.SH,20260929,,0,0.0,,,0.0
562590.SH,20260929,0.94,1539000,1446660.0,,,0.0
562600.SH,20260929,0.775,200,155.0,,,0.0
562660.SH,20260929,1.89401,43900,83147.0,,,0.0
562700.SH,20260929,,0,0.0,,,0.0
562800.SH,20260929,0.822,759600,624391.0,,,0.0
562810.SH,20260929,1.14333,300,343.0,,,0.0
562820.SH,20260929,0.913001,503500,459696.0,,,0.0
562850.SH,20260929,,0,0.0,,,0.0
562860.SH,20260929,0.657029,17500,11498.0,,,0.0
562870.SH,20260929,0.87,300,261.0,,,0.0
562880.SH,20260929,0.662969,6400,4243.0,,,0.0
562890.SH,20260929,,0,0.0,,,0.0
562900.SH,20260929,0.684054,7400,5062.0,,,0.0
562910.SH,20260929,0.752,13000,9776.0,,,0.0
562920.SH,20260929,,0,0.0,,,0.0
562930.SH,20260929,0.666042,4800,3197.0,,,0.0
562950.SH,20260929,1.459,79300,115699.0,,,0.0
562960.SH,20260929,1.128,20000,22560.0,,,0.0
562970.SH,20260929,0.91,100,91.0,,,0.0
562990.SH,20260929,,0,0.0,,,0.0
563000.SH,20260929,1.06,100,106.0,,,0.0
563010.SH,20260929,2.09,200,418.0,,,0.0
563020.SH,20260929,1.158,1320600,1529255.0,,,0.0
563030.SH,20260929,,0,0.0,,,0.0
563050.SH,20260929,1.253,59000,73927.0,,,0.0
563060.SH,20260929,,0,0.0,,,0.0
563080.SH,20260929,1.29,1000,1290.0,,,0.0
563090.SH,20260929,,0,0.0,,,0.0
563150.SH,20260929,,0,0.0,,,0.0
563180.SH,20260929,,0,0.0,,,0.0
563200.SH,20260929,,0,0.0,,,0.0
563210.SH,20260929,1.908,44900,85669.0,,,0.0
563220.SH,20260929,1.19,14400,17136.0,,,0.0
563230.SH,20260929,1.042,217200,226322.0,,,0.0
563280.SH,20260929,1.32929,1400,1861.0,,,0.0
563300.SH,20260929,1.415,3352500,4743788.0,,,0.0
563320.SH,20260929,,0,0.0,,,0.0
563330.SH,20260929,4.0012,2500,10003.0,,,0.0
563350.SH,20260929,1.32201,33400,44155.0,,,0.0
563360.SH,20260929,1.208,1559800,1884238.0,,,0.0
563380.SH,20260929,0.931,6000,5586.0,,,0.0
563390.SH,20260929,1.15193,5700,6566.0,,,0.0
563500.SH,20260929,0.6,100,60.0,,,0.0
563510.SH,20260929,,0,0.0,,,0.0
563520.SH,20260929,1.14,100,114.0,,,0.0
563530.SH,20260929,1.041,357900,372574.0,,,0.0
563550.SH,20260929,,0,0.0,,,0.0
563560.SH,20260929,1.11698,4300,4803.0,,,0.0
563570.SH,20260929,,0,0.0,,,0.0
563580.SH,20260929,1.06692,1300,1387.0,,,0.0
563590.SH,20260929,,0,0.0,,,0.0
563600.SH,20260929,,0,0.0,,,0.0
563620.SH,20260929,,0,0.0,,,0.0
563630.SH,20260929,,0,0.0,,,0.0
563650.SH,20260929,,0,0.0,,,0.0
563660.SH,20260929,,0,0.0,,,0.0
563670.SH,20260929,,0,0.0,,,0.0
563680.SH,20260929,,0,0.0,,,0.0
563690.SH,20260929,,0,0.0,,,0.0
563700.SH,20260929,,0,0.0,,,0.0
563750.SH,20260929,1.03783,2300,2387.0,,,0.0
563760.SH,20260929,,0,0.0,,,0.0
563770.SH,20260929,,0,0.0,,,0.0
563780.SH,20260929,,0,0.0,,,0.0
563790.SH,20260929,0.785034,14900,11697.0,,,0.0
563800.SH,20260929,1.144,82000,93808.0,,,0.0
563830.SH,20260929,,0,0.0,,,0.0
563850.SH,20260929,,0,0.0,,,0.0
563860.SH,20260929,1.23,300,369.0,,,0.0
563870.SH,20260929,,0,0.0,,,0.0
563880.SH,20260929,,0,0.0,,,0.0
563890.SH,20260929,,0,0.0,,,0.0
563900.SH,20260929,1.13,100,113.0,,,0.0
563930.SH,20260929,1.038,500,519.0,,,0.0
563960.SH,20260929,,0,0.0,,,0.0
563980.SH,20260929,,0,0.0,,,0.0
563990.SH,20260929,,0,0.0,,,0.0
588000.SH,20260929,1.642,18778400,30834133.0,,,0.0
588010.SH,20260929,0.981,179000,175599.0,,,0.0
588020.SH,20260929,0.81,608700,493047.0,,,0.0
588030.SH,20260929,1.67,79000,131930.0,,,0.0
588040.SH,20260929,1.57897,5800,9158.0,,,0.0
588050.SH,20260929,1.59,141000,224190.0,,,0.0
588060.SH,20260929,0.984,3270200,3217877.0,,,0.0
588070.SH,20260929,2.07714,1400,2908.0,,,0.0
588080.SH,20260929,1.588,2471400,3924583.0,,,0.0
588090.SH,20260929,1.6,131600,210560.0,,,0.0
588100.SH,20260929,,0,0.0,,,0.0
588110.SH,20260929,0.595002,298300,177489.0,,,0.0
588120.SH,20260929,0.84501,50100,42335.0,,,0.0
588130.SH,20260929,,0,0.0,,,0.0
588140.SH,20260929,,0,0.0,,,0.0
588150.SH,20260929,,0,0.0,,,0.0
588160.SH,20260929,1.001,358500,358859.0,,,0.0
588170.SH,20260929,0.938,35570171,33364820.0,,,0.0
588180.SH,20260929,1.01591,4400,4470.0,,,0.0
588190.SH,20260929,1.669,6000,10014.0,,,0.0
588200.SH,20260929,1.102,8624000,9503648.0,,,0.0
588210.SH,20260929,1.69,100,169.0,,,0.0
588220.SH,20260929,1.661,700100,1162866.0,,,0.0
588230.SH,20260929,1.762,126800,223422.0,,,0.0
588240.SH,20260929,1.629,3000,4887.0,,,0.0
588250.SH,20260929,,0,0.0,,,0.0
588260.SH,20260929,,0,0.0,,,0.0
588270.SH,20260929,1.653,1000,1653.0,,,0.0
588280.SH,20260929,1.11399,40600,45228.0,,,0.0
588290.SH,20260929,1.077,323200,348086.0,,,0.0
588300.SH,20260929,1.029,48200,49598.0,,,0.0
588310.SH,20260929,1.07,100,107.0,,,0.0
588320.SH,20260929,1.59,110100,175059.0,,,0.0
588330.SH,20260929,1.01,361300,364913.0,,,0.0
588350.SH,20260929,,0,0.0,,,0.0
588360.SH,20260929,1.08592,4900,5321.0,,,0.0
588370.SH,20260929,,0,0.0,,,0.0
588380.SH,20260929,1.012,134200,135810.0,,,0.0
588390.SH,20260929,,0,0.0,,,0.0
588400.SH,20260929,,0,0.0,,,0.0
588410.SH,20260929,,0,0.0,,,0.0
588420.SH,20260929,,0,0.0,,,0.0
588430.SH,20260929,1.176,500,588.0,,,0.0
588450.SH,20260929,,0,0.0,,,0.0
588460.SH,20260929,1.95,11700,22815.0,,,0.0
588470.SH,20260929,0.806,500,403.0,,,0.0
588480.SH,20260929,,0,0.0,,,0.0
588500.SH,20260929,2.41798,8400,20311.0,,,0.0
588510.SH,20260929,0.826,500,413.0,,,0.0
588520.SH,20260929,,0,0.0,,,0.0
588530.SH,20260929,,0,0.0,,,0.0
588550.SH,20260929,1.27604,10100,12888.0,,,0.0
588660.SH,20260929,,0,0.0,,,0.0
588670.SH,20260929,,0,0.0,,,0.0
588680.SH,20260929,,0,0.0,,,0.0
588690.SH,20260929,,0,0.0,,,0.0
588700.SH,20260929,,0,0.0,,,0.0
588710.SH,20260929,0.962,2565400,2467915.0,,,0.0
588720.SH,20260929,1.586,1000,1586.0,,,0.0
588730.SH,20260929,1.41,16100,22701.0,,,0.0
588750.SH,20260929,2.2,259300,570460.0,,,0.0
588760.SH,20260929,0.714002,170900,122023.0,,,0.0
588770.SH,20260929,,0,0.0,,,0.0
588780.SH,20260929,0.936,254000,237744.0,,,0.0
588790.SH,20260929,0.753998,184600,139188.0,,,0.0
588800.SH,20260929,1.651,232300,383527.0,,,0.0
588810.SH,20260929,1.17901,45500,53645.0,,,0.0
588820.SH,20260929,1.87701,14700,27592.0,,,0.0
588830.SH,20260929,1.11405,7900,8801.0,,,0.0
588840.SH,20260929,,0,0.0,,,0.0
588850.SH,20260929,1.68396,10100,17008.0,,,0.0
588860.SH,20260929,,0,0.0,,,0.0
588870.SH,20260929,1.573,864900,1360488.0,,,0.0
588880.SH,20260929,,0,0.0,,,0.0
588890.SH,20260929,1.24501,44100,54905.0,,,0.0
588900.SH,20260929,,0,0.0,,,0.0
588910.SH,20260929,,0,0.0,,,0.0
588920.SH,20260929,1.05899,36800,38971.0,,,0.0
588930.SH,20260929,1.486,10000,14860.0,,,0.0
588940.SH,20260929,0.803,520700,418122.0,,,0.0
588950.SH,20260929,1.619,34100,55208.0,,,0.0
588960.SH,20260929,1.02833,600,617.0,,,0.0
588980.SH,20260929,,0,0.0,,,0.0
588990.SH,20260929,3.45,6200,21390.0,,,0.0
589000.SH,20260929,1.474,7000,10318.0,,,0.0
589010.SH,20260929,1.33902,9200,12319.0,,,0.0
589020.SH,20260929,1.135,2608900,2961102.0,,,0.0
589030.SH,20260929,1.082,171300,185347.0,,,0.0
589050.SH,20260929,,0,0.0,,,0.0
589060.SH,20260929,,0,0.0,,,0.0
589070.SH,20260929,1.014,1247400,1264864.0,,,0.0
589080.SH,20260929,1.46,14000,20440.0,,,0.0
589090.SH,20260929,1.01,4700,4747.0,,,0.0
589100.SH,20260929,0.85,140200,119170.0,,,0.0
589110.SH,20260929,,0,0.0,,,0.0
589120.SH,20260929,0.821999,244100,200650.0,,,0.0
589130.SH,20260929,1.306,834200,1089465.0,,,0.0
589150.SH,20260929,1.12,491400,550368.0,,,0.0
589160.SH,20260929,1.193,226300,269976.0,,,0.0
589170.SH,20260929,,0,0.0,,,0.0
589180.SH,20260929,1.606,3000,4818.0,,,0.0
589190.SH,20260929,0.605007,66900,40475.0,,,0.0
589200.SH,20260929,,0,0.0,,,0.0
589210.SH,20260929,0.645006,77900,50246.0,,,0.0
589220.SH,20260929,0.995993,27700,27589.0,,,0.0
589230.SH,20260929,,0,0.0,,,0.0
589250.SH,20260929,,0,0.0,,,0.0
589260.SH,20260929,1.18502,31100,36854.0,,,0.0
589270.SH,20260929,,0,0.0,,,0.0
589280.SH,20260929,0.89,100,89.0,,,0.0
589290.SH,20260929,0.757,1000,757.0,,,0.0
589300.SH,20260929,,0,0.0,,,0.0
589310.SH,20260929,,0,0.0,,,0.0
589320.SH,20260929,,0,0.0,,,0.0
589330.SH,20260929,0.858065,6200,5320.0,,,0.0
589350.SH,20260929,,0,0.0,,,0.0
589360.SH,20260929,0.803988,16300,13105.0,,,0.0
589380.SH,20260929,,0,0.0,,,0.0
589390.SH,20260929,,0,0.0,,,0.0
589400.SH,20260929,0.728958,9600,6998.0,,,0.0
589410.SH,20260929,,0,0.0,,,0.0
589420.SH,20260929,,0,0.0,,,0.0
589430.SH,20260929,,0,0.0,,,0.0
589460.SH,20260929,0.946,50000,47300.0,,,0.0
589480.SH,20260929,,0,0.0,,,0.0
589500.SH,20260929,,0,0.0,,,0.0
589510.SH,20260929,,0,0.0,,,0.0
589520.SH,20260929,0.568025,15700,8918.0,,,0.0
589550.SH,20260929,,0,0.0,,,0.0
589560.SH,20260929,0.897025,15800,14173.0,,,0.0
589580.SH,20260929,,0,0.0,,,0.0
589600.SH,20260929,,0,0.0,,,0.0
589630.SH,20260929,,0,0.0,,,0.0
589660.SH,20260929,,0,0.0,,,0.0
589680.SH,20260929,1.42699,58900,84050.0,,,0.0
589700.SH,20260929,,0,0.0,,,0.0
589720.SH,20260929,0.888,1468300,1303850.0,,,0.0
589770.SH,20260929,,0,0.0,,,0.0
589780.SH,20260929,,0,0.0,,,0.0
589800.SH,20260929,1.48099,35200,52131.0,,,0.0
589820.SH,20260929,1.22098,8200,10012.0,,,0.0
589850.SH,20260929,1.485,544600,808731.0,,,0.0
589860.SH,20260929,1.47889,3600,5324.0,,,0.0
589880.SH,20260929,,0,0.0,,,0.0
589890.SH,20260929,1.49198,10600,15815.0,,,0.0
589900.SH,20260929,,0,0.0,,,0.0
589950.SH,20260929,,0,0.0,,,0.0
589960.SH,20260929,0.787979,9400,7407.0,,,0.0
589980.SH,20260929,,0,0.0,,,0.0
589990.SH,20260929,,0,0.0,,,0.0
000001.SZ,20260929,11.3,130000,1469000.0,0.0,1.8722132912146012,45.0
000002.SZ,20260929,3.78,5462100,20646738.0,1.8867924528301883,6.499595104448641,56.32075471698113
000006.SZ,20260929,7.48,464100,3471468.0,2.1857923497267784,8.814639701567666,58.11475409836067
000007.SZ,20260929,10.99,23600,259364.0,0.7332722273143855,3.365258988275972,49.39963336388631
000008.SZ,20260929,2.35,144800,340280.0,0.0,5.592268333718768,45.0
000009.SZ,20260929,6.72,114600,770112.0,-0.591715976331364,8.566263898897686,41.44970414201182
000010.SZ,20260929,1.46,102900,150234.0,-0.6802721088435382,12.924088593416917,40.91836734693877
000011.SZ,20260929,11.13,8900602,99063700.26,9.980237154150217,211.80016157724427,100.0
000012.SZ,20260929,3.65,80000,292000.0,-0.544959128065392,6.7832529249783855,41.73024523160765
000014.SZ,20260929,11.5,462720,5321280.0,2.6785714285714413,17.53710000806259,61.07142857142865
000016.SZ,20260929,,0,0.0,,,0.0
000017.SZ,20260929,7.32,414800,3036336.0,-0.5434782608695676,10.360448961113974,41.739130434782595
000019.SZ,20260929,6.61,18700,123607.0,-0.7507507507507505,1.1778726791405687,40.4954954954955
000020.SZ,20260929,15.0,1010900,15163500.0,2.4590163934426146,24.098616510958944,59.75409836065569
000021.SZ,20260929,33.61,150500,5058305.0,-0.20783847980997416,4.416886666878032,43.752969121140154
000025.SZ,20260929,14.89,33600,500304.0,-0.4679144385026812,3.5452035583935944,42.19251336898391
000026.SZ,20260929,18.58,12100,224818.0,-0.9594882729211274,3.008349745921528,39.24307036247323
000027.SZ,20260929,6.17,41100,253587.0,-0.16181229773462036,2.508596022754361,44.02912621359228
000028.SZ,20260929,19.44,3300,64152.0,-0.10277492291880241,1.9809125721840102,44.383350462487186
000029.SZ,20260929,21.47,31600,678452.0,-0.46360686138156026,3.688671846263762,42.21835883171064
000030.SZ,20260929,3.85,29200,112420.0,-0.2590673575129432,4.408223268768096,43.44559585492234
000031.SZ,20260929,2.3,639100,1469930.0,1.3215859030836885,6.376948963280456,52.929515418502135
000032.SZ,20260929,13.3,35800,476140.0,-0.820283370618935,1.8615145242917304,40.07829977628639
000034.SZ,20260929,22.7,98400,2233680.0,0.0,3.0685720159604712,45.0
000035.SZ,20260929,4.69,61400,287966.0,-0.21276595744680327,3.0813073665528257,43.72340425531918
000036.SZ,20260929,3.89,231400,900146.0,1.5665796344647598,4.454300041385948,54.39947780678856
000037.SZ,20260929,8.97,38500,345345.0,0.11160714285713969,2.448520919161757,45.66964285714284
000039.SZ,20260929,8.51,33100,281681.0,-0.7001166861143604,2.1416976604419826,40.799299883313836
000042.SZ,20260929,8.12,19500,158340.0,-0.4901960784313819,2.648518220059747,42.05882352941171
000045.SZ,20260929,11.21,8800,98648.0,-0.3555555555555534,1.3678828679160224,42.86666666666668
000048.SZ,20260929,17.97,17100,307287.0,0.055679287305121505,1.9951322769368838,45.33407572383073
000049.SZ,20260929,21.65,11300,244645.0,0.0,2.5545990643004375,45.0
000050.SZ,20260929,6.22,19500,121290.0,-0.6389776357827448,1.320035059478182,41.166134185303534
000055.SZ,20260929,3.83,51200,196096.0,-0.5194805194805197,3.4479209364497,41.883116883116884
000056.SZ,20260929,2.68,130900,350812.0,-1.831501831501825,7.411761539251055,34.01098901098905
000058.SZ,20260929,7.23,65100,470673.0,1.54494382022472,3.5477956578557643,54.26966292134832
000059.SZ,20260929,5.6,118700,664720.0,-0.3558718861210064,4.331721136241277,42.864768683273965
000060.SZ,20260929,5.73,166600,954618.0,-0.17421602787456303,4.1119530434471665,43.95470383275262
000061.SZ,20260929,5.83,73000,425590.0,-0.6814310051107331,6.917781649661419,40.9114139693356
000062.SZ,20260929,21.8,20700,451260.0,-0.1831501831501825,2.496506416548996,43.901098901098905
000063.SZ,20260929,30.6,181900,5566140.0,-0.6170834686586524,5.662899936938931,41.297499188048086
000065.SZ,20260929,9.57,10000,95700.0,-0.10438413361169019,0.984277822408726,44.373695198329855
000066.SZ,20260929,14.06,755000,10615300.0,-0.7062146892655385,7.8225079903720385,40.76271186440677
000068.SZ,20260929,3.2,32700,104640.0,-0.6211180124223614,0.8584171729358593,41.273291925465834
000069.SZ,20260929,1.9,2020800,3839520.0,2.1505376344086002,13.085804563774678,57.9032258064516
000070.SZ,20260929,15.7,310400,4873280.0,-2.786377708978327,6.347603426543799,28.281733746130037
000078.SZ,20260929,1.5,326700,490050.0,0.0,12.12551927805393,45.0
000088.SZ,20260929,4.55,139300,633815.0,-0.4376367614879806,5.390225522785367,42.374179431072115
000089.SZ,20260929,6.54,67700,442758.0,-0.304878048780477,5.319629854945575,43.17073170731714
000090.SZ,20260929,3.6,126000,453600.0,1.1235955056179803,2.774630563991558,51.74157303370788
000096.SZ,20260929,7.88,7700,60676.0,-0.37926675094817064,2.704913499221437,42.72439949431097
000099.SZ,20260929,12.74,2600,33124.0,0.0,0.48971234470734265,45.0
000100.SZ,20260929,4.75,1843500,8756625.0,-1.041666666666663,8.009005285271936,38.75000000000002
000151.SZ,20260929,10.0,187200,1872000.0,-1.3806706114398493,24.041656719688053,36.715976331360906
000153.SZ,20260929,6.1,200,1220.0,0.0,0.026943800052056304,4.849884009370134
000155.SZ,20260929,10.85,18800,203980.0,-0.36730945821855654,0.96375989695376,42.79614325068866
000156.SZ,20260929,6.88,21800,149984.0,0.0,2.1543258529602225,45.0
000157.SZ,20260929,5.89,348600,2053254.0,-0.16949152542373724,6.975810967251436,43.98305084745758
000158.SZ,20260929,12.2,66800,814960.0,0.0,5.53079054663807,45.0
000159.SZ,20260929,5.46,16500,90090.0,-0.5464480874316946,1.8773198857020805,41.721311475409834
000166.SZ,20260929,4.33,129100,559003.0,-0.23041474654377225,2.614858948617052,43.61751152073737
000301.SZ,20260929,13.12,56100,736032.0,-0.8314436885865528,2.2288855145741295,40.01133786848068
000333.SZ,20260929,81.66,145400,11873364.0,-0.4146341463414638,6.392234752860726,42.512195121951216
000338.SZ,20260929,24.5,308800,7565600.0,-0.4874086108854647,5.564215273634273,42.07554833468721
000400.SZ,20260929,20.48,64500,1320960.0,-0.5342399222923677,3.407518683490063,41.79456046624579
000401.SZ,20260929,3.52,56600,199232.0,0.2849002849002913,4.827850521177383,46.709401709401746
000402.SZ,20260929,2.62,311100,815082.0,0.3831417624521105,2.6075031717578376,47.29885057471266
000403.SZ,20260929,9.75,5400,52650.0,-0.5102040816326592,1.3320893307393749,41.938775510204046
000404.SZ,20260929,6.73,12200,82106.0,-0.2962962962962945,3.133180447336017,43.222222222222236
000407.SZ,20260929,4.14,28400,117576.0,-0.7194244604316613,2.514871980447824,40.683453237410035
000408.SZ,20260929,70.22,35000,2457700.0,0.4577968526466192,5.849908592244605,47.74678111587971
000409.SZ,20260929,8.66,7600,65816.0,-0.8018327605956554,2.290455804056333,40.18900343642607
000410.SZ,20260929,5.09,99000,503910.0,-0.5859375,8.004366762900448,41.484375
000411.SZ,20260929,10.03,9400,94282.0,-0.6930693069306937,1.8711126662900228,40.84158415841584
000415.SZ,20260929,4.05,65000,263250.0,-0.24630541871920597,1.895694646302319,43.52216748768476
000417.SZ,20260929,5.69,59400,337986.0,-0.17543859649122862,3.540815226905015,43.94736842105263
000419.SZ,20260929,4.97,28100,139657.0,-0.7984031936127733,6.5502210031818455,40.20958083832336
000420.SZ,20260929,3.45,128800,444360.0,-0.5763688760806907,6.4960904487308335,41.54178674351586
000421.SZ,20260929,5.64,12000,67680.0,0.1776198934280604,2.3545482841907774,46.065719360568366
000422.SZ,20260929,11.48,11200,128576.0,-0.5199306759098632,1.5668494998637745,41.88041594454082
000423.SZ,20260929,45.21,4500,203445.0,-0.15459363957597283,1.3001812020767711,44.07243816254416
000425.SZ,20260929,7.04,266300,1874752.0,-0.28328611898016387,2.650406287806725,43.30028328611902
000426.SZ,20260929,30.77,303800,9347926.0,-1.2832852101379633,9.591092617472368,37.30028873917222
000428.SZ,20260929,3.84,51900,199296.0,-0.7751937984496138,2.2908999244502826,40.34883720930232
000429.SZ,20260929,12.34,71200,878608.0,-0.3231017770597866,15.344952419920451,43.06138933764128
000430.SZ,20260929,6.75,25100,169425.0,0.44642857142858094,3.6930110860838194,47.67857142857149
000488.SZ,20260929,2.13,41100,87543.0,0.4716981132075304,5.359387282751834,47.83018867924518
000498.SZ,20260929,5.73,1328000,7609440.0,-0.5208333333333259,29.95757758375506,41.87500000000004
000501.SZ,20260929,6.97,15300,106641.0,0.0,3.7574878492090007,45.0
000503.SZ,20260929,7.31,1820300,13306393.0,-1.7473118279569988,19.96869247278067,34.51612903225801
000504.SZ,20260929,11.28,7297300,82313544.0,-8.737864077669899,76.1648124517066,15.0
000505.SZ,20260929,6.1,68000,414800.0,-0.4893964110929905,4.4534874910533535,42.06362153344206
000506.SZ,20260929,16.06,891400,14315884.0,-1.9536019536019578,27.191304975298685,33.27838827838825
000507.SZ,20260929,4.9,21200,103880.0,0.0,5.954454828991502,45.0
000509.SZ,20260929,3.45,68600,236670.0,-1.1461318051575908,2.685804456140769,38.123209169054455
000510.SZ,20260929,17.0,54300,923100.0,-0.6428988895382792,2.5275023930812814,41.142606662770326
000513.SZ,20260929,31.0,1923600,59631600.0,2.175346077785112,29.355538871640512,58.05207646671067
000514.SZ,20260929,4.36,6300,27468.0,0.4608294930875667,0.34966024857396466,47.7649769585254
000516.SZ,20260929,4.24,32000,135680.0,-0.46948356807510194,2.518118697337555,42.18309859154939
000517.SZ,20260929,2.02,212200,428644.0,0.4975124378109541,4.933199618247431,47.985074626865725
000518.SZ,20260929,3.69,139500,514755.0,-0.8064516129032362,6.233101390753369,40.161290322580584
000519.SZ,20260929,14.41,189500,2730695.0,-0.3457814661134262,9.748609756917086,42.925311203319445
000520.SZ,20260929,4.05,74500,301725.0,0.0,5.287391938858249,45.0
000521.SZ,20260929,4.27,3800,16226.0,-0.23364485981309802,0.7680836010631223,43.59813084112141
000523.SZ,20260929,3.16,791500,2501140.0,-0.6289308176100628,9.485826170344742,41.22641509433962
000524.SZ,20260929,8.77,9500,83315.0,0.11415525114155667,2.3416271854242243,45.68493150684934
000525.SZ,20260929,4.36,14100,61476.0,-0.6833712984054552,1.3810997524657718,40.89977220956727
000526.SZ,20260929,35.15,4300,151145.0,-0.6500847936687482,2.770964807935697,41.09949123798751
000528.SZ,20260929,7.42,47800,354676.0,-0.1345895020188448,2.164689328791739,44.192462987886934
000529.SZ,20260929,4.97,140400,697788.0,-0.7984031936127733,41.07789687565851,40.20958083832336
000530.SZ,20260929,5.15,52500,270375.0,-0.3868471953578201,4.304515893948954,42.67891682785308
000531.SZ,20260929,5.47,9100,49777.0,0.0,3.438574964620661,45.0
000532.SZ,20260929,12.49,143300,1789817.0,0.3212851405622663,6.9980724842842115,46.927710843373596
000533.SZ,20260929,10.12,153500,1553420.0,0.7968127490039834,10.256250040308279,49.7808764940239
000534.SZ,20260929,21.66,27000,584820.0,-0.6422018348623881,3.0520178679732175,41.14678899082567
000536.SZ,20260929,3.4,738800,2511920.0,0.2949852507374562,14.375687683521985,46.76991150442474
000537.SZ,20260929,7.26,22500,163350.0,-0.27472527472528485,2.5346890073912682,43.351648351648294
000538.SZ,20260929,50.29,11400,573306.0,-0.07947546195111732,2.4558154249789976,44.5231472282933
000539.SZ,20260929,4.94,50700,250458.0,0.20283975659229903,1.200006416899417,46.2170385395538
000541.SZ,20260929,4.83,6400,30912.0,-0.412371134020606,1.8813890128561463,42.52577319587636
000543.SZ,20260929,7.19,94600,680174.0,0.2789400278940146,4.006374970542896,46.673640167364084
000544.SZ,20260929,7.13,10700,76291.0,-0.2797202797202858,6.229414937898756,43.321678321678284
000545.SZ,20260929,2.16,116800,252288.0,0.0,3.3211872751322398,45.0
000546.SZ,20260929,4.26,6100,25986.0,0.0,0.6088362081589113,45.0
000547.SZ,20260929,14.0,351400,4919600.0,-0.42674253200569723,6.921601063124202,42.43954480796582
000548.SZ,20260929,4.58,13200,60456.0,0.0,2.9929539637778113,45.0
000550.SZ,20260929,16.03,17200,275716.0,-0.5583126550868456,3.1206832452301936,41.65012406947893
000551.SZ,20260929,11.6,11100,128760.0,-0.257953568357705,1.7704045010469243,43.45227858985377
000552.SZ,20260929,2.45,86600,212170.0,0.4098360655737876,1.934566271348889,47.459016393442724
000553.SZ,20260929,5.4,20400,110160.0,0.3717472118959231,6.095690143878606,47.23048327137554
000554.SZ,20260929,6.18,35900,221862.0,-0.9615384615384692,5.321571645072073,39.230769230769184
000555.SZ,20260929,9.72,19800,192456.0,-0.5117707267144223,0.8783893974108012,41.92937563971347
000557.SZ,20260929,3.57,106700,380919.0,0.0,16.377315673903045,45.0
000558.SZ,20260929,3.52,44800,157696.0,0.0,2.5836302767665766,45.0
000559.SZ,20260929,10.81,237100,2563051.0,-0.9165902841429818,5.763978941388909,39.50045829514211
000560.SZ,20260929,3.79,13341600,50564664.0,2.156334231805923,16.60880890694996,57.93800539083554
000561.SZ,20260929,7.55,18800,141940.0,0.13262599469496816,3.012930958816562,45.79575596816981
000563.SZ,20260929,2.87,64020,183737.4,-0.3472222222222099,2.476726193817264,42.91666666666674
000564.SZ,20260929,1.44,463800,667872.0,0.0,3.3667238016759167,45.0
000565.SZ,20260929,6.36,39400,250584.0,0.15748031496063408,5.367580031625774,45.944881889763806
000566.SZ,20260929,4.59,165200,758268.0,-1.0775862068965525,3.4092972664633923,38.53448275862068
000567.SZ,20260929,5.78,28800,166464.0,-0.6872852233676952,2.3884745328793167,40.87628865979383
000568.SZ,20260929,69.98,21200,1483576.0,0.028587764436838192,3.091577916262007,45.17152658662103
000570.SZ,20260929,5.23,4600,24058.0,0.19157088122607746,0.7341905277825258,46.149425287356465
000571.SZ,20260929,6.4,205400,1314560.0,0.9463722397476504,10.89511445498041,50.678233438485904
000572.SZ,20260929,3.89,505700,1967173.0,-1.7676767676767624,4.228921264881366,34.39393939393943
000573.SZ,20260929,3.81,4700,17907.0,0.263157894736854,0.2736939782076662,46.578947368421126
000576.SZ,20260929,8.23,24300,199989.0,0.7343941248470154,3.859690433720697,49.406364749082094
000581.SZ,20260929,17.9,13600,243440.0,-0.22296544035675936,4.323796517844754,43.662207357859444
000582.SZ,20260929,9.01,163500,1473135.0,-1.5300546448087537,6.676216404392349,35.81967213114748
000586.SZ,20260929,12.64,12200,154208.0,-0.6289308176100628,2.019300446641634,41.22641509433962
000589.SZ,20260929,4.15,41000,170150.0,-0.24038461538461453,3.822797546025943,43.557692307692314
000590.SZ,20260929,8.83,41200,363796.0,-1.0089686098654682,10.315891250781608,38.94618834080719
000591.SZ,20260929,4.12,53100,218772.0,-0.48309178743960457,2.7963045766204075,42.10144927536237
000592.SZ,20260929,8.75,8626900,75485375.0,-3.7403740374037375,21.605785386689796,22.557755775577576
000593.SZ,20260929,21.29,45500,968695.0,-0.6069094304388511,2.8599744972947927,41.358543417366896
000595.SZ,20260929,5.39,74700,402633.0,-0.9191176470588314,4.459828005284648,39.485294117647015
000596.SZ,20260929,87.47,7500,656025.0,-0.4891922639363,3.711203176186962,42.0648464163822
000597.SZ,20260929,4.74,44700,211878.0,0.21141649048626032,5.17310205693054,46.26849894291756
000598.SZ,20260929,6.96,20600,143376.0,-0.42918454935623185,2.05374154604371,42.42489270386261
000599.SZ,20260929,4.4,200,880.0,-0.22675736961450532,0.025023935251886977,3.1437641276526236
000600.SZ,20260929,7.02,50600,355212.0,-0.42553191489361764,5.16176845629538,42.44680851063829
000601.SZ,20260929,5.99,60300,361197.0,0.5033557046979942,2.7868927117402427,48.02013422818796
000603.SZ,20260929,29.51,196200,5789862.0,-1.829673985362601,8.585933907845533,34.02195608782439
000605.SZ,20260929,5.96,10600,63176.0,0.0,2.745230025950802,45.0
000607.SZ,20260929,3.75,1065100,3994125.0,0.0,10.394459235345174,45.0
000608.SZ,20260929,6.93,20500,142065.0,-1.0000000000000009,0.9358035268324338,38.99999999999999
000609.SZ,20260929,9.25,29000,268250.0,0.10822510822510178,9.722616910934505,45.64935064935061
000610.SZ,20260929,7.41,59500,440895.0,2.9166666666666563,7.770100132331117,62.499999999999936
000612.SZ,20260929,10.23,102200,1045506.0,0.39254170755642637,2.50380254926969,47.35525024533856
000615.SZ,20260929,3.15,154100,485415.0,-0.31645569620254443,22.43207483725575,43.10126582278473
000617.SZ,20260929,6.53,121900,796007.0,-0.1529051987767538,3.574006779165563,44.08256880733948
000619.SZ,20260929,5.23,13100,68513.0,0.19157088122607746,3.1561129078858925,46.149425287356465
000620.SZ,20260929,3.04,972700,2957008.0,0.0,4.5390304941313735,45.0
000623.SZ,20260929,17.18,10500,180390.0,-0.11627906976744429,1.804473185854962,44.30232558139534
000625.SZ,20260929,7.05,308082,2171978.1,0.0,6.764801015121875,45.0
000626.SZ,20260929,8.69,29200,253748.0,-0.11494252873562871,3.361046678584182,44.31034482758623
000628.SZ,20260929,54.61,27300,1490853.0,-0.25570776255707806,5.023009224030931,43.465753424657535
000629.SZ,20260929,2.78,134500,373910.0,0.3610108303248927,2.8044347308003728,47.166064981949354
000630.SZ,20260929,5.7,1101900,6280830.0,0.17574692442881013,9.684419714703376,46.05448154657286
000631.SZ,20260929,2.97,19100,56727.0,0.33783783783785104,1.5354735894049372,47.0270270270271
000632.SZ,20260929,3.61,13200,47652.0,-0.2762430939226568,1.249708664880152,43.34254143646406
000633.SZ,20260929,5.23,8200,42886.0,-0.5703422053231821,1.3314534979170387,41.577946768060905
000635.SZ,20260929,7.36,48500,356960.0,0.13605442176871652,3.6134178086130757,45.8163265306123
000636.SZ,20260929,49.98,631800,31577364.0,-0.8726695755652658,10.01204750741865,39.7639825466084
000637.SZ,20260929,4.17,15600,65052.0,-0.7142857142857229,2.0242358775614235,40.714285714285666
000639.SZ,20260929,1.5,239700,359550.0,0.6711409395973256,12.69996137756482,49.02684563758395
000650.SZ,20260929,5.12,23600,120832.0,-0.38910505836574627,2.74923159077149,42.66536964980552
000651.SZ,20260929,38.38,40600,1558228.0,-0.05208333333331927,1.8993960584067615,44.687500000000085
000652.SZ,20260929,3.27,27400,89598.0,0.0,2.2696545004643647,45.0
000655.SZ,20260929,7.07,7900,55853.0,0.28368794326241176,1.034776837498874,46.70212765957447
000656.SZ,20260929,1.22,3658400,4463248.0,0.8264462809917328,16.34430611116436,49.9586776859504
000657.SZ,20260929,53.57,265500,14222835.0,0.6009389671361554,7.991617621198261,48.60563380281693
000659.SZ,20260929,2.73,220300,601419.0,-0.36496350364964014,9.26609599754276,42.81021897810216
000661.SZ,20260929,70.2,3900,273780.0,-0.42553191489361764,1.0718379518823373,42.44680851063829
000663.SZ,20260929,6.0,152500,915000.0,-1.3157894736842146,12.74450240817471,37.10526315789471
000665.SZ,20260929,3.94,65700,258858.0,0.0,1.3843829053961634,45.0
000668.SZ,20260929,17.4,57200,995280.0,1.2805587892898762,15.166458002406447,52.683352735739255
000669.SZ,20260929,4.06,31800,129108.0,-0.9756097560975618,8.081375599000324,39.14634146341463
000670.SZ,20260929,7.53,316900,2386257.0,-1.825293350717072,8.838087142230986,34.04823989569756
000672.SZ,20260929,14.6,138900,2027940.0,-0.747790618626798,9.979118495501178,40.51325628823921
000676.SZ,20260929,6.32,1219142,7704977.44,-0.7849293563579218,13.120060453503227,40.29042386185247
000677.SZ,20260929,1.74,35000,60900.0,0.0,2.4172267534529133,45.0
000678.SZ,20260929,11.72,3348005,39238618.6,10.046948356807505,354.2785579783719,100.0
000679.SZ,20260929,6.33,4000,25320.0,0.0,0.8057939769382528,45.0
000680.SZ,20260929,8.88,9700,86136.0,-0.4484304932735328,0.92131513472035,42.3094170403588
000681.SZ,20260929,15.5,32300,500650.0,-0.6410256410256387,2.122296780595873,41.15384615384617
000682.SZ,20260929,10.22,7700,78694.0,-0.4868549172346581,1.5758682016808179,42.07887049659205
000683.SZ,20260929,5.48,117600,644448.0,-0.18214936247722413,3.7517203961097727,43.90710382513666
000685.SZ,20260929,10.62,18700,198594.0,-0.09407337723426057,3.9008880121294176,44.435559736594435
000686.SZ,20260929,7.48,49400,369512.0,-0.2666666666666595,6.430147690858166,43.40000000000004
000688.SZ,20260929,23.99,48000,1151520.0,0.3345880384776123,5.42686684244122,47.007528230865674
000690.SZ,20260929,5.16,174000,897840.0,-0.7692307692307665,4.731799549825642,40.3846153846154
000691.SZ,20260929,8.97,300,2691.0,0.0,0.05975242777267086,10.755436999080755
000692.SZ,20260929,4.14,43200,178848.0,0.4854368932038833,4.449199927663087,47.9126213592233
000695.SZ,20260929,12.7,40900,519430.0,0.7936507936507908,9.638721715817535,49.761904761904745
000697.SZ,20260929,9.07,20100,182307.0,1.0022271714922093,2.6027896799357064,51.01336302895326
000698.SZ,20260929,3.59,2200,7898.0,0.0,0.9664580148911992,45.0
000700.SZ,20260929,12.0,281500,3378000.0,-0.8264462809917328,4.829101429598747,40.0413223140496
000701.SZ,20260929,5.12,61700,315904.0,-0.9671179883945835,3.5859073509198107,39.197292069632496
000702.SZ,20260929,5.73,46300,265299.0,-0.865051903114189,6.15266441110407,39.809688581314866
000703.SZ,20260929,17.2,144100,2478520.0,-0.34762456546930665,1.1825038890442907,42.91425260718416
000705.SZ,20260929,7.05,44000,310200.0,0.0,11.381071889265574,45.0
000707.SZ,20260929,4.52,110600,499912.0,0.22172949002217113,17.384471501453007,46.33037694013303
000708.SZ,20260929,12.78,10600,135468.0,-0.07818608287724071,1.0761108128406138,44.53088350273656
000709.SZ,20260929,1.98,84100,166518.0,-0.5025125628140725,1.3003222184057601,41.98492462311557
000710.SZ,20260929,10.11,532200,5380542.0,-1.6536964980544688,13.005098055253095,35.07782101167319
000711.SZ,20260929,4.63,703500,3257205.0,-1.4893617021276673,13.367574166868513,36.063829787234
000712.SZ,20260929,9.74,108400,1055816.0,-0.10256410256409554,3.794066138421913,44.38461538461543
000713.SZ,20260929,6.04,95600,577424.0,-1.1456628477905073,6.156947996075827,38.12602291325695
000715.SZ,20260929,5.29,21300,112677.0,0.379506641366234,4.402331419270985,47.277039848197404
000716.SZ,20260929,4.91,18400,90344.0,-1.0080645161290258,1.4133623757003295,38.95161290322584
000717.SZ,20260929,2.13,12000,25560.0,0.0,0.5704573400685687,45.0
000718.SZ,20260929,2.05,340000,697000.0,0.4901960784313708,6.713117718403169,47.941176470588225
000719.SZ,20260929,11.85,12800,151680.0,-0.0843170320404707,2.5534088080563735,44.49409780775718
000720.SZ,20260929,3.52,66000,232320.0,-0.28328611898016387,3.0308959213275855,43.30028328611902
000721.SZ,20260929,6.06,45800,277548.0,0.0,6.424540788431438,45.0
000722.SZ,20260929,12.89,32400,417636.0,-0.8461538461538409,3.16208529688882,39.923076923076955
000723.SZ,20260929,3.45,244600,843870.0,0.29069767441860517,6.643772554118647,46.74418604651163
000725.SZ,20260929,5.72,13418800,76755536.0,-1.379310344827589,15.253101213266515,36.72413793103446
000726.SZ,20260929,5.95,52900,314755.0,-0.1677852348993203,13.247754125400741,43.99328859060408
000727.SZ,20260929,2.14,61300,131182.0,-0.46511627906975495,0.9967797325723288,42.20930232558147
000728.SZ,20260929,7.17,32700,234459.0,-0.139275766016711,1.7299964349104684,44.16434540389973
000729.SZ,20260929,10.78,21000,226380.0,-0.6451612903225823,1.7022369889114595,41.129032258064505
000731.SZ,20260929,8.08,56600,457328.0,0.12391573729864103,5.962138530502561,45.743494423791844
000733.SZ,20260929,38.92,24800,965216.0,-0.536672629695889,4.799002307817118,41.77996422182466
000735.SZ,20260929,5.63,418000,2353340.0,-0.7054673721340388,7.629737630152259,40.767195767195766
000736.SZ,20260929,4.63,115400,534302.0,0.6521739130434856,4.420327766201061,48.91304347826092
000737.SZ,20260929,13.08,395000,5166600.0,0.22988505747125743,8.668072615685778,46.379310344827545
000738.SZ,20260929,18.75,34600,648750.0,-0.37194473963868546,4.299095934159969,42.76833156216789
000739.SZ,20260929,26.51,114300,3030093.0,-1.118985453189103,6.506006438184068,38.28608728086538
000750.SZ,20260929,3.55,48100,170755.0,0.0,1.6370211112027593,45.0
000751.SZ,20260929,4.32,77100,333072.0,-0.6896551724137834,5.268118032256637,40.8620689655173
000752.SZ,20260929,8.8,33900,298320.0,-2.3307436182019914,10.209911705072367,31.01553829078805
000753.SZ,20260929,5.47,2683100,14676557.0,-0.9057971014492683,31.98102815578139,39.56521739130439
000755.SZ,20260929,4.65,5800,26970.0,-0.6410256410256276,1.8742124034117653,41.15384615384623
000756.SZ,20260929,13.87,689300,9560591.0,-3.2100488485694356,14.930129815007232,25.739706908583386
000757.SZ,20260929,4.27,7000,29890.0,0.23474178403755097,0.9715330960754819,46.4084507042253
000758.SZ,20260929,5.62,83600,469832.0,-0.1776198934280604,5.3012605693826185,43.934280639431634
000759.SZ,20260929,6.18,210200,1299036.0,0.0,4.857131841688919,45.0
000761.SZ,20260929,2.21,53200,117572.0,0.4545454545454408,2.141454457974439,47.72727272727265
000762.SZ,20260929,20.36,34600,704456.0,1.0421836228287962,5.586044397657829,51.25310173697278
000766.SZ,20260929,15.08,12300,185484.0,-0.6587615283267456,2.005401426418236,41.047430830039524
000767.SZ,20260929,3.24,128900,417636.0,-0.6134969325153228,3.508044631525793,41.319018404908064
000768.SZ,20260929,22.93,97800,2242554.0,0.04363001745200101,3.5013816780553744,45.261780104712
000776.SZ,20260929,19.71,222900,4393359.0,-0.5047955577990759,8.394832121344606,41.97122665320555
000777.SZ,20260929,16.04,8300,133132.0,0.0,4.03974440932928,45.0
000778.SZ,20260929,3.49,122200,426478.0,-0.28571428571427804,4.479632174341153,43.285714285714334
000779.SZ,20260929,8.34,47700,397818.0,-0.23923444976076125,3.071995608403364,43.56459330143543
000782.SZ,20260929,8.06,6800,54808.0,0.0,1.141379991467972,45.0
000783.SZ,20260929,7.9,329600,2603840.0,-0.2525252525252486,8.083254628918398,43.484848484848506
000785.SZ,20260929,2.21,36400,80444.0,-0.45045045045045695,0.48205225933169543,42.297297297297256
000786.SZ,20260929,15.91,39500,628445.0,0.3785488958990557,2.159777123433469,47.271293375394336
000788.SZ,20260929,5.39,7400,39886.0,-0.18518518518519933,0.611134699554684,43.8888888888888
000789.SZ,20260929,4.09,37900,155011.0,0.0,7.593851482173469,45.0
000790.SZ,20260929,4.34,7996200,34703508.0,-1.8099547511312264,72.08548853193462,34.14027149321264
000791.SZ,20260929,7.04,39200,275968.0,-0.7052186177715081,3.4095220940505855,40.76868829337095
000792.SZ,20260929,23.14,201300,4658082.0,0.04323389537397304,5.039227109860499,45.25940337224384
000793.SZ,20260929,1.99,50100,99699.0,-0.995024875621886,5.151133552666012,39.029850746268686
000795.SZ,20260929,8.15,110700,902205.0,-1.0922330097087318,15.771066424001074,38.44660194174761
000796.SZ,20260929,3.5,71000,248500.0,0.0,2.6931536731507815,45.0
000797.SZ,20260929,2.6,391800,1018680.0,-0.3831417624520994,4.9283930565800596,42.701149425287404
000798.SZ,20260929,9.72,26100,253692.0,-0.3076923076922977,2.2206349428793453,43.15384615384622
000799.SZ,20260929,36.07,6500,234455.0,0.13881177123820088,2.580621877798923,45.8328706274292
000800.SZ,20260929,5.85,48100,281385.0,0.1712328767123239,5.41800387107322,46.02739726027394
000801.SZ,20260929,11.58,22900,265182.0,0.34662045060658286,3.5670339525818946,47.0797227036395
000802.SZ,20260929,3.78,193900,732942.0,-0.26385224274406704,3.1803461334636256,43.4168865435356
000803.SZ,20260929,6.88,16500,113520.0,0.0,3.3177306237149096,45.0
000807.SZ,20260929,25.35,235562,5971496.7,-0.07883326763894472,3.367350472790802,44.52700039416633
000809.SZ,20260929,3.4,282000,958800.0,-0.2932551319648202,10.27215511112607,43.24046920821108
000810.SZ,20260929,9.0,135200,1216800.0,-0.22172949002217113,14.817496732292016,43.66962305986697
000811.SZ,20260929,37.4,68500,2561900.0,-1.319261213720313,2.901817712915479,37.08443271767812
000812.SZ,20260929,3.66,108900,398574.0,-0.5434782608695676,4.791269830192367,41.739130434782595
000813.SZ,20260929,3.22,152000,489440.0,0.6250000000000089,7.299941623883379,48.75000000000006
000815.SZ,20260929,14.58,47100,686718.0,0.0,2.9871487046746132,45.0
000816.SZ,20260929,2.77,44200,122434.0,-0.3597122302158251,2.422902724347413,42.84172661870505
000818.SZ,20260929,11.3,33800,381940.0,-0.08841732979664174,4.574538021245096,44.46949602122015
000819.SZ,20260929,11.84,10800,127872.0,0.08453085376161074,2.511132670498468,45.507185122569666
000820.SZ,20260929,3.51,11300,39663.0,0.0,1.3823098430307033,45.0
000821.SZ,20260929,7.24,5600,40544.0,-0.13793103448275223,1.5669608711968521,44.17241379310349
000822.SZ,20260929,4.2,9100,38220.0,0.23866348448686736,1.4814545771615215,46.431980906921204
000823.SZ,20260929,22.32,1920000,42854400.0,0.6311992786294018,15.590357939050477,48.78719567177641
000825.SZ,20260929,3.31,96900,320739.0,0.3030303030303161,3.2432044672591327,46.8181818181819
000826.SZ,20260929,1.74,301300,524262.0,-1.1363636363636354,26.5627777184411,38.18181818181819
000828.SZ,20260929,9.84,49900,491016.0,0.6134969325153339,11.25622322461714,48.68098159509201
000829.SZ,20260929,8.63,91200,787056.0,-0.34642032332562467,2.3633079087369775,42.921478060046255
000830.SZ,20260929,11.34,38600,437724.0,0.17667844522968323,2.4026896399581936,46.0600706713781
000831.SZ,20260929,52.88,69900,3696312.0,1.1283228150698044,4.183037511505244,51.769936890418826
000833.SZ,20260929,18.39,38700,711693.0,-0.3252032520325132,4.423559208334204,43.04878048780492
000837.SZ,20260929,9.52,61800,588336.0,0.5279831045406524,9.855985824942191,48.167898627243915
000838.SZ,20260929,2.13,110400,235152.0,-1.388888888888895,4.681411038348841,36.66666666666663
000839.SZ,20260929,2.8,574700,1609160.0,-1.0600706713780994,5.724280508930504,38.639575971731404
000848.SZ,20260929,8.0,17800,142400.0,-0.24937655860348684,2.4029587700184054,43.50374064837908
000850.SZ,20260929,4.63,3608400,16706892.0,-9.922178988326847,261.4517367803266,15.0
000852.SZ,20260929,5.2,11500,59800.0,-0.19193857965450478,1.3071710714452158,43.848368522072974
000856.SZ,20260929,8.82,36500,321930.0,0.0,8.510084184090625,45.0
000858.SZ,20260929,68.87,61100,4207957.0,-0.058046727615723714,5.5908170475363,44.65171963430566
000859.SZ,20260929,8.66,92500,801050.0,-0.23041474654377225,5.271938062088674,43.61751152073737
000860.SZ,20260929,10.09,31700,319853.0,-0.1978239366963397,5.666280693497351,43.81305637982196
000862.SZ,20260929,5.23,12900,67467.0,-0.1908396946564861,0.9356928913552474,43.854961832061086
000863.SZ,20260929,4.29,12200,52338.0,-2.27790432801821,0.5681618923053521,31.33257403189074
000868.SZ,20260929,4.11,2572626,10573492.86,-1.6746411483253398,29.224742268985995,34.95215311004796
000869.SZ,20260929,17.14,41700,714738.0,0.5278592375366653,17.755151929763997,48.16715542521999
000875.SZ,20260929,4.56,66300,302328.0,0.0,3.9629754039152187,45.0
000876.SZ,20260929,6.82,238700,1627934.0,0.0,10.037869245289652,45.0
000877.SZ,20260929,3.58,185400,663732.0,-0.5555555555555536,7.580840999973887,41.66666666666668
000878.SZ,20260929,15.57,105300,1639521.0,-0.2562459961563013,4.019634557336007,43.462524023062194
000880.SZ,20260929,23.73,63500,1506855.0,0.042158516020252,8.435380346916885,45.252951096121514
000881.SZ,20260929,6.31,12200,76982.0,-0.15822784810127777,3.6308942567772835,44.050632911392334
000882.SZ,20260929,1.49,230600,343594.0,-0.666666666666671,3.769158073198196,40.99999999999997
000883.SZ,20260929,4.32,12300,53136.0,-0.4608294930875445,0.7829146730418459,42.23502304147473
000885.SZ,20260929,11.53,1700,19601.0,-0.08665511265164572,1.1644473393082275,44.480069324090124
000886.SZ,20260929,4.55,10100,45955.0,-0.21929824561403022,0.7132600342280694,43.684210526315816
000887.SZ,20260929,18.55,37091,688038.05,0.0,2.36129403159113,45.0
000888.SZ,20260929,9.13,6800,62084.0,-0.1094091903719896,1.494152254634105,44.343544857768066
000889.SZ,20260929,3.63,76900,279147.0,0.0,3.0146425545492845,45.0
000890.SZ,20260929,7.03,90300,634809.0,0.14245014245015675,5.908015567865649,45.85470085470094
000892.SZ,20260929,4.3,2149400,9242420.0,-0.6928406466512715,13.033111808282177,40.84295612009237
000893.SZ,20260929,36.49,13500,492615.0,0.5511160099201051,1.1571995329006763,48.30669605952063
000895.SZ,20260929,23.54,38300,901582.0,-0.12728044123886395,3.5190754579438726,44.236317352566815
000897.SZ,20260929,1.89,95300,180117.0,0.5319148936170137,1.7067612094452937,48.19148936170208
000898.SZ,20260929,1.97,108600,213942.0,0.0,2.980090775496755,45.0
000899.SZ,20260929,8.95,21700,194215.0,-0.444938820912133,4.29123507585266,42.3303670745272
000900.SZ,20260929,3.52,15800,55616.0,0.0,1.6070112597531223,45.0
000901.SZ,20260929,13.86,27200,376992.0,-0.07209805335255393,4.22014534666539,44.56741167988468
000902.SZ,20260929,13.5,7100,95850.0,-0.7352941176470562,1.5595601746651293,40.588235294117666
000903.SZ,20260929,1.93,40700,78551.0,0.5208333333333259,4.580263575390214,48.12499999999996
000905.SZ,20260929,9.24,583700,5393388.0,-1.9108280254777066,19.910710594381374,33.53503184713376
000906.SZ,20260929,6.19,28900,178891.0,0.0,5.7930210642252264,45.0
000908.SZ,20260929,5.97,17500,104475.0,0.0,1.9228765902497686,45.0
000909.SZ,20260929,5.16,23400,120744.0,-0.5780346820809301,11.359069418793151,41.53179190751442
000910.SZ,20260929,6.29,8728100,54899749.0,-8.040935672514616,105.35063612822852,15.0
000911.SZ,20260929,4.93,8400,41412.0,-1.0040160642570406,1.866679372034491,38.975903614457756
000912.SZ,20260929,3.86,106300,410318.0,0.5208333333333259,4.781196139393127,48.12499999999996
000913.SZ,20260929,10.52,2900,30508.0,-0.09496676163343043,0.8482780661506744,44.430199430199416
000915.SZ,20260929,23.57,1200,28284.0,0.0,1.1826758648753803,45.0
000917.SZ,20260929,6.65,22100,146965.0,-0.15015015015015232,1.3810371741240706,44.099099099099085
000919.SZ,20260929,6.43,20900,134387.0,-0.4643962848297267,2.676137179078158,42.213622291021636
000920.SZ,20260929,12.15,100300,1218645.0,-0.7352941176470562,10.89232044595478,40.588235294117666
000921.SZ,20260929,26.31,11300,297303.0,-0.7169811320754782,3.0196187308178324,40.69811320754713
000922.SZ,20260929,11.97,96740,1157977.8,1.0979729729729826,17.043526845873586,51.587837837837895
000923.SZ,20260929,15.1,48900,738390.0,0.3989361702127603,4.581563387848926,47.39361702127656
000925.SZ,20260929,7.78,41800,325204.0,0.2577319587628857,2.4731991714444197,46.546391752577314
000926.SZ,20260929,2.11,44600,94106.0,0.0,1.140712315280354,45.0
000927.SZ,20260929,2.42,266400,644688.0,0.0,8.366392308925237,45.0
000928.SZ,20260929,5.22,25900,135198.0,-0.5714285714285783,2.9009258433634684,41.57142857142853
000929.SZ,20260929,9.2,26300,241960.0,-0.10857763300762269,6.282528914174142,44.348534201954266
000930.SZ,20260929,5.03,103300,519599.0,-1.178781925343808,3.6729225883227947,37.92730844793715
000931.SZ,20260929,4.51,31700,142967.0,-0.22123893805309214,2.4561138819573958,43.67256637168145
000932.SZ,20260929,3.41,136500,465465.0,0.2941176470588225,2.7033810762591237,46.764705882352935
000933.SZ,20260929,25.24,71500,1804660.0,0.3578528827037797,1.8256724483711335,47.147117296222675
000935.SZ,20260929,19.2,3400,65280.0,-0.31152647975078995,0.916513360210053,43.13084112149526
000936.SZ,20260929,5.3,15600,82680.0,0.0,1.0368727741060226,45.0
000937.SZ,20260929,4.38,8900,38982.0,0.0,0.41352016745207987,45.0
000938.SZ,20260929,31.47,545700,17173179.0,0.031786395422761515,8.959366092091555,45.190718372536566
000948.SZ,20260929,13.09,7900,103411.0,0.0,2.11348971283474,45.0
000949.SZ,20260929,6.57,33500,220095.0,-0.1519756838905706,0.8782511613409651,44.08814589665658
000950.SZ,20260929,5.19,50600,262614.0,-0.38387715930900956,4.506039138937708,42.69673704414594
000951.SZ,20260929,19.86,30600,607716.0,-0.3012048192771233,4.261376338556531,43.19277108433726
000952.SZ,20260929,6.48,96400,624672.0,-1.0687022900763288,16.566617439480485,38.58778625954203
000953.SZ,20260929,5.99,2000,11980.0,0.0,0.47993464556065263,45.0
000955.SZ,20260929,3.99,16600,66234.0,-0.4987531172069737,1.7202789450204572,42.00748129675816
000957.SZ,20260929,9.69,14700,142443.0,-0.30864197530865445,1.052508574352728,43.148148148148074
000958.SZ,20260929,4.97,29600,147112.0,0.0,2.752556212382288,45.0
000959.SZ,20260929,3.35,15400,51590.0,-0.8875739644970349,0.7168929889541533,39.674556213017794
000960.SZ,20260929,30.12,237300,7147476.0,-0.7251153592616966,13.142028612975162,40.64930784442982
000962.SZ,20260929,55.44,54300,3010392.0,-0.14409221902018654,5.248143788558695,44.13544668587888
000963.SZ,20260929,26.73,203900,5450247.0,-1.0732790525536662,10.111084335050316,38.560325684678006
000965.SZ,20260929,3.33,82600,275058.0,0.909090909090926,1.8349599701629258,50.45454545454555
000966.SZ,20260929,3.92,169500,664440.0,-0.75949367088608,5.155345224932748,40.44303797468352
000967.SZ,20260929,7.68,176500,1355520.0,1.1857707509881354,2.2401719090153906,52.114624505928816
000968.SZ,20260929,6.85,22200,152070.0,-0.43604651162790775,2.502045344327393,42.383720930232556
000969.SZ,20260929,16.16,74100,1197456.0,0.2481389578163684,8.315680570022597,46.48883374689821
000970.SZ,20260929,10.92,241600,2638272.0,-0.09149130832570851,23.763643566681132,44.45105215004575
000972.SZ,20260929,3.82,96100,367102.0,-0.7792207792207906,9.876388696490329,40.324675324675255
000973.SZ,20260929,11.3,208200,2352660.0,1.2544802867383575,10.129960226666366,52.52688172043015
000975.SZ,20260929,21.99,197800,4349622.0,-0.6326253953908734,5.668558416943146,41.20424762765476
000977.SZ,20260929,66.92,156600,10479672.0,-0.1938851603281111,5.527108858799302,43.83668903803133
000978.SZ,20260929,7.1,1178900,8370190.0,-0.2808988764045006,13.678128797822843,43.314606741572995
000980.SZ,20260929,2.21,9896300,21870823.0,-1.3392857142857206,16.10843134372836,36.96428571428568
000981.SZ,20260929,2.66,3078600,8189076.0,-1.1152416356877248,6.345922902657018,38.30855018587365
000983.SZ,20260929,6.45,84900,547605.0,-0.462962962962965,1.563675192118633,42.22222222222221
000985.SZ,20260929,17.35,78200,1356770.0,0.0,39.697847292159565,45.0
000987.SZ,20260929,7.11,60100,427311.0,-0.28050490883589907,4.860299397268211,43.31697054698461
000988.SZ,20260929,92.45,313400,28973830.0,-0.1727675197062961,10.12176986583371,43.96339488176223
000989.SZ,20260929,8.52,15400,131208.0,-0.4672897196261738,1.7825849193295447,42.196261682242955
000990.SZ,20260929,6.11,137000,837070.0,-0.6504065040650375,7.093665462824228,41.097560975609774
000993.SZ,20260929,16.65,2051406,34155909.9,-4.255319148936176,25.231157451591702,19.468085106382944
000995.SZ,20260929,11.38,243800,2774444.0,0.44130626654899086,22.208420091603156,47.64783759929394
000997.SZ,20260929,19.15,16800,321720.0,-0.20844189682127645,2.3689998185200487,43.74934861907234
000998.SZ,20260929,8.4,47600,399840.0,-0.3558718861209842,3.4738194188562836,42.86476868327409
000999.SZ,20260929,23.47,13300,312151.0,-0.08514261387824185,3.010723137828206,44.489144316730545
001201.SZ,20260929,16.29,352900,5748741.0,0.9919404835709855,25.210044304864063,50.95164290142591
001202.SZ,20260929,14.88,6100,90768.0,0.1345895020188559,6.287913361132846,45.80753701211314
001203.SZ,20260929,21.59,136000,2936240.0,-0.9633027522935822,9.520835625001004,39.220183486238504
001205.SZ,20260929,14.37,2100,30177.0,-0.2083333333333437,1.1066748685612267,43.749999999999936
001206.SZ,20260929,17.06,3100,52886.0,0.05865102639295294,1.892516613426638,45.35190615835772
001207.SZ,20260929,18.45,17000,313650.0,-1.3368983957219305,2.9806152082120874,36.97860962566842
001208.SZ,20260929,13.16,12500,164500.0,-0.5291005291005346,2.233456660383938,41.825396825396794
001209.SZ,20260929,18.68,5200,97136.0,-0.5854177754124557,2.19933626849871,41.487493347525266
001210.SZ,20260929,26.78,7200,192816.0,0.11214953271028172,1.7991258786018647,45.67289719626169
001211.SZ,20260929,27.01,105100,2838751.0,-1.0260168559911964,14.714658465330977,38.84389886405282
001212.SZ,20260929,36.92,36000,1329120.0,-0.216216216216214,10.729794552024122,43.702702702702716
001213.SZ,20260929,3.46,10500,36330.0,0.0,2.553291257792177,45.0
001215.SZ,20260929,32.64,14600,476544.0,0.061312078479480725,12.651172933668436,45.36787247087688
001216.SZ,20260929,26.0,913700,23756200.0,-7.275320970042798,20.703052507044912,15.0
001217.SZ,20260929,11.01,5400,59454.0,-0.6317689530685899,1.1350218048333716,41.20938628158846
001218.SZ,20260929,23.4,4400,102960.0,-0.3831417624521105,3.384469191567465,42.70114942528734
001219.SZ,20260929,12.87,5100,65637.0,-0.46403712296984034,3.9215262197436,42.21577726218096
001220.SZ,20260929,31.43,500,15715.0,-0.6008855154965298,1.2083060243228902,41.39468690702082
001221.SZ,20260929,32.96,10700,352672.0,0.12150668286754485,5.748839520833105,45.72904009720527
001222.SZ,20260929,15.71,6200,97402.0,0.06369426751593465,1.6923069828951969,45.38216560509561
001223.SZ,20260929,42.0,18800,789600.0,-0.7561436672967825,15.986665572457424,40.4631379962193
001225.SZ,20260929,34.64,15700,543848.0,3.5575485799701045,12.15921146394875,66.34529147982063
001226.SZ,20260929,46.19,2300,106237.0,0.41304347826085497,1.5639543150626767,47.47826086956513
001227.SZ,20260929,2.05,288100,590605.0,-0.4854368932038944,5.393048382194578,42.087378640776635
001228.SZ,20260929,36.5,38600,1408900.0,-0.3549003549003671,10.61397707541491,42.8705978705978
001229.SZ,20260929,37.49,8800,329912.0,0.2406417112299497,2.8889506645131635,46.4438502673797
001230.SZ,20260929,19.65,63400,1245810.0,1.5503875968992054,20.140344795221054,54.30232558139523
001231.SZ,20260929,22.64,2500,56600.0,-0.35211267605632646,2.119589565073328,42.88732394366204
001232.SZ,20260929,192.0,18400,3532800.0,0.4184100418409997,7.54392396702601,47.510460251046
001233.SZ,20260929,43.3,5000,216500.0,-0.48264766720294006,4.204763977621299,42.10411399678236
001234.SZ,20260929,30.85,1173400,36199390.0,-3.1701192718141757,61.70566762192381,25.979284369114946
001236.SZ,20260929,7.65,4400,33660.0,-0.13054830287205776,0.47301018087018104,44.216710182767656
001237.SZ,20260929,49.0,4700,230300.0,-0.32546786004881145,7.453108028119293,43.04719283970713
001238.SZ,20260929,26.49,2600,68874.0,0.0,3.0389980959561034,45.0
001239.SZ,20260929,12.16,6200,75392.0,-0.49099836333879043,2.824011920698503,42.054009819967256
001248.SZ,20260929,11.5,86700,997050.0,-0.08688097306689402,4.3778413879416975,44.47871416159864
001255.SZ,20260929,27.3,9400,256620.0,-0.1097694840834107,6.544098071197094,44.34138309549954
001256.SZ,20260929,21.19,5900,125021.0,-0.6563525550867144,4.322893570084378,41.06188466947971
001257.SZ,20260929,21.3,18100,385530.0,0.0,4.563782817477371,45.0
001258.SZ,20260929,10.19,63000,641970.0,-0.4882812500000111,2.114566297501695,42.070312499999936
001259.SZ,20260929,43.83,1000,43830.0,0.09134505594885489,0.980428802381053,45.548070335693126
001260.SZ,20260929,19.26,68000,1309680.0,0.36477331943720603,21.094993636272715,47.18863991662324
001266.SZ,20260929,35.81,52700,1887187.0,-0.7208206265594597,12.58925378037367,40.67507624064324
001267.SZ,20260929,33.76,300500,10144880.0,1.6561276723878304,12.024437582787579,54.93676603432698
001268.SZ,20260929,25.53,26300,671439.0,0.11764705882353343,6.505720531099026,45.7058823529412
001269.SZ,20260929,19.45,2700,52515.0,0.0,0.9936636745813244,45.0
001270.SZ,20260929,95.01,16900,1605669.0,-1.0312499999999947,4.690364883177018,38.81250000000003
001277.SZ,20260929,30.02,3300,99066.0,-0.596026490066226,3.100983778072909,41.423841059602644
001278.SZ,20260929,16.64,4400,73216.0,-0.418910831837227,1.3642199263534398,42.48653500897664
001279.SZ,20260929,26.01,800,20808.0,-0.15355086372360605,1.9070021198993672,44.078694817658366
001280.SZ,20260929,60.2,13800,830760.0,-0.09956853634250917,7.377373467132074,44.40258878194494
001282.SZ,20260929,16.64,44000,732160.0,-0.418910831837227,14.773814883720153,42.48653500897664
001283.SZ,20260929,46.62,18600,867132.0,0.843608046722899,5.676343868917141,50.061648280337394
001285.SZ,20260929,41.85,2300,96255.0,-0.3571428571428559,3.03714734970757,42.85714285714286
001286.SZ,20260929,9.49,17000,161330.0,0.0,1.586667422381814,45.0
001287.SZ,20260929,22.96,118700,2725352.0,-0.43365134431916363,12.234773928396146,42.398091934085016
001288.SZ,20260929,33.6,23700,796320.0,0.0,4.6069714453890755,45.0
001289.SZ,20260929,14.9,1600,23840.0,0.0671591672263272,0.762992205023277,45.40295500335796
001296.SZ,20260929,19.79,800,15832.0,0.3549695740365122,0.5654261683673559,47.12981744421907
001298.SZ,20260929,16.2,9600,155520.0,-0.3076923076923088,2.2123349337387763,43.153846153846146
001299.SZ,20260929,9.9,18800,186120.0,-1.296111665004973,5.4531979287762775,37.22333000997016
001300.SZ,20260929,12.07,4700,56729.0,-1.6299918500407462,2.0723424278732305,35.220048899755525
001301.SZ,20260929,46.96,21900,1028424.0,0.36332549690105687,4.7836338179533815,47.179952981406345
001306.SZ,20260929,57.01,1400,79814.0,-0.0876270592358952,1.892651502503356,44.474237644584626
001308.SZ,20260929,17.91,4100,73431.0,-0.5552470849528146,2.8972869998419823,41.668517490283115
001309.SZ,20260929,374.0,50700,18961800.0,0.73260073260073,7.145809918201456,49.39560439560438
001311.SZ,20260929,16.66,41900,698054.0,-0.7742703990470501,13.574124031686402,40.3543776057177
001312.SZ,20260929,17.76,18600,330336.0,-0.39259674705550696,10.892876578405964,42.64441951766696
001313.SZ,20260929,7.18,20300,145754.0,0.0,3.4894542131052595,45.0
001314.SZ,20260929,51.08,6300,321804.0,0.23547880690737433,2.405483991493198,46.41287284144425
001316.SZ,20260929,27.66,9300,257238.0,0.21739130434781373,4.841279816174055,46.30434782608688
001317.SZ,20260929,65.14,341316,22233324.24,1.3063763608087253,23.27957495166769,52.83825816485235
001318.SZ,20260929,11.77,17600,207152.0,-0.3386960203217715,6.3198679598143865,42.96782387806937
001319.SZ,20260929,20.89,300,6267.0,-0.4764173415912287,0.18374899122661428,30.2163143712432
001322.SZ,20260929,6.36,78000,496080.0,0.15748031496063408,10.445957878607889,45.944881889763806
001323.SZ,20260929,17.98,4500,80910.0,-1.2630422844590927,3.445490653233413,37.42174629324544
001324.SZ,20260929,20.01,9500,190095.0,-0.19950124688279391,2.9296447272816177,43.802992518703235
001325.SZ,20260929,35.29,5300,187037.0,-2.56764218663722,8.263382980756083,29.59414688017668
001326.SZ,20260929,102.1,15400,1572340.0,-1.4098107377365832,7.280331157508247,36.541135573580505
001328.SZ,20260929,30.52,4200,128184.0,0.0,4.5398574745915905,45.0
001330.SZ,20260929,6.8,19801200,134648160.0,6.91823899371069,64.47532407285728,86.50943396226414
001331.SZ,20260929,40.2,13200,530640.0,-1.3254786450662692,1.5943311410554748,37.047128129602385
001332.SZ,20260929,26.44,13100,346364.0,-0.07558578987150177,4.854376098863307,44.54648526077099
001333.SZ,20260929,20.0,2200,44000.0,0.30090270812437314,2.0340962612016296,46.80541624874624
001335.SZ,20260929,33.2,800,26560.0,0.0,1.119784084312173,45.0
001336.SZ,20260929,19.03,12400,235972.0,-0.052521008403350056,6.592436883023875,44.6848739495799
001337.SZ,20260929,43.33,83700,3626721.0,-0.8466819221968014,12.36360915249235,39.919908466819194
001338.SZ,20260929,9.17,21000,192570.0,-1.0787486515641764,2.843564466075387,38.527508090614944
001339.SZ,20260929,69.5,27300,1897350.0,0.24520409635078178,6.256694268185906,46.47122457810469
001356.SZ,20260929,9.42,18300,172386.0,0.6410256410256387,6.135624836008194,48.84615384615383
001358.SZ,20260929,24.59,5700,140163.0,-0.3646677471636939,5.071536059929406,42.81199351701784
001359.SZ,20260929,82.31,12300,1012413.0,1.6172839506172876,4.6371121397843735,54.703703703703724
001360.SZ,20260929,19.37,8700,168519.0,-1.0219724067450198,2.217341912425538,38.868165559529885
001365.SZ,20260929,36.41,53200,1937012.0,-0.6819421713038731,8.532267868451342,40.90834697217676
001366.SZ,20260929,13.0,2800,36400.0,-0.7633587786259555,0.7989607189206585,40.419847328244266
001367.SZ,20260929,21.69,1900,41211.0,1.071761416589001,0.8202520608409577,51.430568499534004
001368.SZ,20260929,39.72,180900,7185348.0,-4.976076555023923,107.28033440818493,15.143540669856463
001369.SZ,20260929,11.96,3000,35880.0,0.08368200836821327,0.972524709232493,45.50209205020928
001373.SZ,20260929,31.46,5900,185614.0,0.0,2.5342674599445103,45.0
001376.SZ,20260929,12.75,209800,2674950.0,1.1904761904761862,12.322205540626012,52.14285714285712
001378.SZ,20260929,22.35,15500,346425.0,0.0,4.252010843342609,45.0
001379.SZ,20260929,15.69,7000,109830.0,0.0,4.578116372146724,45.0
001380.SZ,20260929,18.55,4400,81620.0,-0.7490636704119868,2.0786974039992896,40.505617977528075
001382.SZ,20260929,16.38,1700,27846.0,0.18348623853210455,1.8607099401057476,46.10091743119263
001386.SZ,20260929,15.71,5400,84834.0,-0.44359949302914536,2.0530357968361193,42.33840304182513
001387.SZ,20260929,12.3,41700,512910.0,-0.4854368932038722,8.491227577138348,42.08737864077677
001388.SZ,20260929,19.72,13900,274108.0,-0.3537139969681635,5.723684135629008,42.877716018191016
001389.SZ,20260929,178.0,25700,4574600.0,0.2308688552283389,1.6315217181635049,46.38521313137004
001390.SZ,20260929,17.42,2900,50518.0,0.0,1.6057481192820573,45.0
001391.SZ,20260929,3.8,72300,274740.0,-0.2624671916010568,6.101499090290004,43.42519685039366
001393.SZ,20260929,40.1,4000,160400.0,0.42574505384422867,1.1102652583389325,47.554470323065374
001395.SZ,20260929,29.97,2500,74925.0,-0.8600727753886872,2.967972073240224,39.83956334766788
001396.SZ,20260929,31.35,200,6270.0,-0.7283090563647732,0.28439419318493403,40.63014566181136
001399.SZ,20260929,22.57,97800,2207346.0,-0.7912087912087862,4.890879811311269,40.252747252747284
001400.SZ,20260929,82.77,17400,1440198.0,-0.10861694424331159,3.144262897468618,44.34829833454013
001696.SZ,20260929,15.7,80900,1270130.0,-0.9463722397476393,2.7827243623480293,39.32176656151417
001872.SZ,20260929,24.12,30300,730836.0,0.0,7.319984955948361,45.0
001896.SZ,20260929,10.52,102000,1073040.0,-0.1897533206831059,3.1864856731931646,43.86148007590136
001914.SZ,20260929,9.08,51300,465804.0,0.22075055187638082,2.7658009557116174,46.32450331125828
001965.SZ,20260929,9.82,25900,254338.0,-0.3045685279187804,2.059090919908114,43.17258883248732
001979.SZ,20260929,7.32,853089,6244611.48,1.8080667593880273,4.756501667394764,55.848400556328166
002001.SZ,20260929,25.55,23600,602980.0,0.03915426781520015,1.0362641608051586,45.2349256068912
002003.SZ,20260929,11.32,3000,33960.0,-0.2643171806167355,0.23612548677399467,40.91668453561862
002004.SZ,20260929,4.28,13100,56068.0,-0.46511627906975495,0.84609176654258,42.20930232558147
002005.SZ,20260929,2.77,80200,222154.0,0.0,2.719945946798763,45.0
002006.SZ,20260929,13.09,3900,51051.0,-0.15255530129671957,1.1122255569603736,44.08466819221968
002007.SZ,20260929,13.11,21700,284487.0,-0.6065200909780133,2.869860664010214,41.36087945413192
002008.SZ,20260929,81.0,145700,11801700.0,-1.2195121951219523,4.804268831901852,37.68292682926828
002009.SZ,20260929,15.53,28000,434840.0,1.106770833333326,3.5606795323319194,51.64062499999996
002010.SZ,20260929,4.46,4300,19178.0,-0.22371364653243075,0.2892282377819464,43.65771812080541
002011.SZ,20260929,12.74,78100,994994.0,-0.7014809041309467,2.03335247521507,40.79111457521432
002012.SZ,20260929,6.92,4100,28372.0,-0.1443001443001357,0.7274961349646009,44.134199134199186
002014.SZ,20260929,10.95,21700,237615.0,-0.2732240437158584,11.707254113519614,43.360655737704846
002015.SZ,20260929,14.5,143500,2080750.0,-0.13774104683195176,5.301573709942087,44.17355371900829
002016.SZ,20260929,4.66,51797,241374.02,1.0845986984815648,3.2337986438109247,51.50759219088939
002017.SZ,20260929,13.76,40500,557280.0,0.07272727272726875,5.142990870112182,45.43636363636361
002019.SZ,20260929,9.37,8900,83393.0,-0.10660980810236476,1.1593194145957582,44.36034115138581
002020.SZ,20260929,11.34,69700,790398.0,-0.08810572687224516,6.559462220730707,44.47136563876653
002021.SZ,20260929,2.58,73200,188856.0,0.78125,2.765855418203209,49.6875
002022.SZ,20260929,6.01,83600,502436.0,-0.4966887417218624,4.675444258433855,42.019867549668824
002023.SZ,20260929,9.36,14000,131040.0,-0.2132196162047073,1.5871848953206449,43.720682302771756
002024.SZ,20260929,1.15,95900,110285.0,0.8771929824561431,5.210187864866099,50.26315789473686
002025.SZ,20260929,68.0,10500,714000.0,-0.8168028004667427,2.2268393273884994,40.099183197199544
002026.SZ,20260929,10.7,31700,339190.0,-1.7447199265381186,3.4833456067581636,34.53168044077129
002027.SZ,20260929,4.67,229600,1072232.0,-0.21367521367521292,1.775996120547302,43.71794871794872
002028.SZ,20260929,122.8,49000,6017200.0,1.4289254150491537,5.76235679323649,53.57355249029492
002029.SZ,20260929,8.99,1073500,9650765.0,1.4672686230248422,27.316717620853417,53.80361173814905
002030.SZ,20260929,5.59,61600,344344.0,-0.5338078291814985,4.214297163502126,41.79715302491101
002031.SZ,20260929,5.45,1225300,6677885.0,-1.978417266187038,5.273494776072091,33.12949640287777
002032.SZ,20260929,39.41,5400,212814.0,-0.6303580433686284,2.9463407870380744,41.21785173978823
002033.SZ,20260929,8.19,42400,347256.0,0.0,5.797137121487835,45.0
002034.SZ,20260929,13.84,3400,47056.0,0.0,0.7387209680761958,45.0
002035.SZ,20260929,4.79,261400,1252106.0,-0.2083333333333326,11.140609997880818,43.75000000000001
002036.SZ,20260929,5.95,81000,481950.0,-0.335008375209378,5.071266995434046,42.98994974874373
002037.SZ,20260929,6.71,4400,29524.0,0.0,1.4584332206625665,45.0
002038.SZ,20260929,5.58,13800,77004.0,-0.35714285714284477,0.9088908472837756,42.85714285714293
002039.SZ,20260929,19.41,29400,570654.0,-0.35934291581108946,3.9212563317403735,42.84394250513346
002040.SZ,20260929,8.89,157700,1401953.0,-0.4479283314669513,14.131094311295149,42.312430011198295
002041.SZ,20260929,9.35,49000,458150.0,-0.5319148936170248,3.1001583042939505,41.808510638297854
002042.SZ,20260929,3.62,541280,1959433.6,-1.3623978201634857,17.825303830098065,36.825613079019085
002043.SZ,20260929,11.33,5800,65714.0,-0.17621145374449032,0.5393776881225477,43.942731277533056
002044.SZ,20260929,4.39,93200,409148.0,-0.45351473922903285,2.1135256275621566,42.2789115646258
002045.SZ,20260929,8.65,34000,294100.0,0.2317497103128563,3.2767234768033093,46.39049826187714
002046.SZ,20260929,60.95,24400,1487180.0,-0.8620689655172264,2.647578831382205,39.82758620689664
002047.SZ,20260929,3.09,54500,168405.0,-0.6430868167202619,3.848397652720806,41.14147909967843
002048.SZ,20260929,17.71,17700,313467.0,-0.8398656215005573,1.6925836467527762,39.960806270996656
002049.SZ,20260929,58.36,22200,1295592.0,-0.46051509466144,3.3737772512913846,42.23690943203136
002050.SZ,20260929,35.19,214400,7544736.0,-0.7054176072234797,6.9045782485620295,40.76749435665912
002051.SZ,20260929,8.46,90400,764784.0,-0.5875440658049236,6.283212325262555,41.47473560517046
002052.SZ,20260929,8.08,34300,277144.0,0.7481296758104827,7.781110967361695,49.4887780548629
002053.SZ,20260929,9.38,5500,51590.0,-0.31880977683315104,0.9524249083302426,43.08714133900109
002054.SZ,20260929,6.95,29600,205720.0,-0.5722460658083017,5.401701459812971,41.56652360515019
002055.SZ,20260929,6.47,94200,609474.0,-0.4615384615384688,9.001319816668303,42.230769230769184
002056.SZ,20260929,19.37,34900,676013.0,0.0,2.5447420165811336,45.0
002057.SZ,20260929,8.68,47900,415772.0,0.4629629629629539,5.874992515945252,47.77777777777772
002058.SZ,20260929,17.08,4100,70028.0,2.33672857998799,0.7608133784689011,59.02037147992794
002059.SZ,20260929,4.23,326200,1379826.0,0.47505938242280443,11.127406304657676,47.85035629453682
002060.SZ,20260929,2.99,24100,72059.0,-0.33333333333332993,1.8217753616657295,43.00000000000002
002061.SZ,20260929,3.26,71400,232764.0,0.0,4.99927988926068,45.0
002062.SZ,20260929,8.8,80200,705760.0,0.0,4.610202211509546,45.0
002063.SZ,20260929,5.2,20300,105560.0,0.0,1.7671553738647663,45.0
002064.SZ,20260929,9.5,46300,439850.0,-0.31479538300104304,1.2879581390391406,43.11122770199374
002065.SZ,20260929,6.45,20200,130290.0,-0.1547987616099089,1.5098290972796096,44.07120743034055
002066.SZ,20260929,19.65,2700,53055.0,0.0,1.8415139406996066,45.0
002067.SZ,20260929,3.94,53000,208820.0,-0.25316455696202667,2.990393962714852,43.48101265822784
002068.SZ,20260929,9.04,184300,1666072.0,-0.8771929824561431,5.895941028914695,39.73684210526314
002069.SZ,20260929,3.69,30000,110700.0,0.5449591280654031,4.198456553844213,48.26975476839242
002072.SZ,20260929,7.11,34800,247428.0,0.28208744710860323,4.940049776250453,46.69252468265162
002073.SZ,20260929,5.58,20300,113274.0,0.0,2.2777984268264535,45.0
002074.SZ,20260929,27.5,1178700,32414250.0,5.485232067510548,24.898552906610867,77.91139240506328
002075.SZ,20260929,3.46,199000,688540.0,0.0,11.27265666015132,45.0
002076.SZ,20260929,2.09,27600,57684.0,0.0,1.2458647039052122,45.0
002077.SZ,20260929,14.5,323500,4690750.0,-1.9607843137254832,6.475618469524072,33.2352941176471
002078.SZ,20260929,13.6,33600,456960.0,0.4431314623338345,2.1326555282132493,47.65878877400301
002079.SZ,20260929,8.54,88400,754936.0,-0.11695906432750425,7.030233237475081,44.298245614034975
002080.SZ,20260929,52.88,344200,18201296.0,0.26545316647705874,7.276704073536679,46.59271899886235
002081.SZ,20260929,4.73,488700,2311551.0,-0.6302521008403228,3.6737468870404273,41.21848739495806
002082.SZ,20260929,13.2,719400,9496080.0,0.0,27.613800353527935,45.0
002083.SZ,20260929,9.38,82600,774788.0,1.8458197611292082,5.649471730803772,56.07491856677525
002084.SZ,20260929,5.8,2004400,11625520.0,0.0,21.83703602340699,45.0
002085.SZ,20260929,9.26,14300,132418.0,-0.21551724137930384,0.7985669625457633,43.70689655172418
002086.SZ,20260929,2.01,253000,508530.0,-0.4950495049505066,6.68227410140936,42.02970297029696
002088.SZ,20260929,7.96,300,2388.0,0.0,0.20361133869595122,36.65004096527122
002090.SZ,20260929,8.9,6400,56960.0,0.5649717514124353,1.7702225078943656,48.38983050847461
002091.SZ,20260929,7.45,6200,46190.0,-0.5340453938584733,0.8596100307166822,41.79572763684916
002092.SZ,20260929,4.3,84700,364210.0,0.0,3.6214462402316356,45.0
002093.SZ,20260929,8.0,735500,5884000.0,-1.9607843137254943,18.01157606362909,33.23529411764703
002094.SZ,20260929,5.0,286300,1431500.0,-1.1857707509881354,12.83447905033288,37.885375494071184
002095.SZ,20260929,15.8,94900,1499420.0,-0.12642225031604948,10.481161729136447,44.241466498103705
002096.SZ,20260929,8.91,14000,124740.0,-0.5580357142857206,6.189188150188505,41.65178571428568
002097.SZ,20260929,6.73,19200,129216.0,0.0,2.251409012382471,45.0
002098.SZ,20260929,8.21,71500,587015.0,-1.3221153846153744,14.908872089291084,37.06730769230775
002099.SZ,20260929,6.03,223600,1348308.0,0.5000000000000115,6.370152227125353,48.00000000000007
002100.SZ,20260929,7.81,69800,545138.0,-0.6361323155216425,3.4914338019954476,41.183206106870145
002101.SZ,20260929,8.38,1600,13408.0,-0.7109004739336289,0.5471584119151174,40.73459715639822
002102.SZ,20260929,2.53,21000,53130.0,-1.171875000000011,3.1920270769689743,37.968749999999936
002103.SZ,20260929,6.65,30900,205485.0,0.9104704097116834,5.102997048762361,50.4628224582701
002104.SZ,20260929,10.15,129200,1311380.0,-0.587659157688547,7.121943417593841,41.47404505386872
002105.SZ,20260929,5.95,5900,35105.0,-0.5016722408026753,0.9614677258797314,41.98996655518395
002106.SZ,20260929,11.78,999400,11772932.0,-3.125000000000011,27.004675919811355,26.249999999999932
002107.SZ,20260929,7.09,43300,306997.0,-0.2812939521800395,3.7237494326381704,43.31223628691976
002108.SZ,20260929,4.25,46700,198475.0,0.2358490566037652,4.164102457586238,46.41509433962259
002109.SZ,20260929,2.77,20200,55954.0,-0.7168458781361964,8.515258190955814,40.69892473118282
002110.SZ,20260929,2.83,27100,76693.0,-0.35211267605632646,1.0458944829612749,42.88732394366204
002111.SZ,20260929,9.22,37000,341140.0,-1.0729613733905574,5.704681606475398,38.562231759656655
002112.SZ,20260929,13.92,7400,103008.0,0.21598272138227959,1.3633949784424289,46.29589632829368
002114.SZ,20260929,7.13,36900,263097.0,0.1404494382022392,5.445177162842827,45.842696629213435
002115.SZ,20260929,9.46,130700,1236422.0,-0.8385744234800652,5.378714381871562,39.96855345911961
002116.SZ,20260929,7.06,16500,116490.0,-0.14144271570014633,7.318763828483521,44.15134370579912
002117.SZ,20260929,7.85,3800,29830.0,0.512163892445594,0.6483462444663222,48.07298335467357
002119.SZ,20260929,29.07,909300,26433351.0,-2.1541568495456076,9.94238324267057,32.075058902726354
002120.SZ,20260929,6.75,16300,110025.0,-0.2954209748892156,0.7588704598768174,43.227474150664705
002121.SZ,20260929,4.09,169200,692028.0,-0.9685230024213065,11.570215293412895,39.18886198547216
002122.SZ,20260929,2.7,31900,86130.0,0.0,2.9753543039676265,45.0
002123.SZ,20260929,7.5,63600,477000.0,-0.3984063745019917,5.682977975866666,42.60956175298805
002124.SZ,20260929,2.0,377800,755600.0,0.0,7.315997204607429,45.0
002125.SZ,20260929,11.7,32200,376740.0,0.42918454935620964,3.1690611876200223,47.57510729613726
002126.SZ,20260929,34.4,50600,1740640.0,0.08728542333431566,4.3540257972521035,45.523712540005896
002127.SZ,20260929,2.9,944100,2737890.0,-1.6949152542372947,19.965321031710427,34.830508474576234
002128.SZ,20260929,27.82,35500,987610.0,0.2883922134102379,2.530325917303523,46.73035328046143
002129.SZ,20260929,9.25,983400,9096450.0,1.4254385964912464,12.092592737279793,53.55263157894748
002130.SZ,20260929,15.66,71700,1122822.0,-0.12755102040815647,5.8334940915754485,44.23469387755106
002131.SZ,20260929,4.18,284100,1187538.0,-0.4761904761904856,1.8301887104192147,42.14285714285709
002132.SZ,20260929,3.98,56600,225268.0,-0.25062656641604564,2.842167189196726,43.49624060150373
002133.SZ,20260929,2.83,71200,201496.0,0.0,3.9700825278659333,45.0
002134.SZ,20260929,24.06,89200,2146152.0,-0.9876543209876631,5.5624279213821834,39.07407407407402
002135.SZ,20260929,5.87,19400,113878.0,0.0,2.0632287545411447,45.0
002136.SZ,20260929,11.61,5100,59211.0,-0.08605851979345269,1.370248156382029,44.48364888123928
002137.SZ,20260929,7.71,146500,1129515.0,-0.3875968992248069,3.5015853338122813,42.67441860465116
002138.SZ,20260929,47.53,72200,3431666.0,-0.7517226978492331,3.926072437009908,40.4896638129046
002139.SZ,20260929,9.53,11400,108642.0,-0.7291666666666696,1.4269298947954399,40.624999999999986
002140.SZ,20260929,9.0,17900,161100.0,0.0,2.6615565661723926,45.0
002141.SZ,20260929,6.25,1023300,6395625.0,-0.6359300476947549,6.2659966122216595,41.184419713831474
002142.SZ,20260929,34.48,106900,3685912.0,-0.20260492040521383,5.518184422673393,43.784370477568714
002144.SZ,20260929,10.85,8500,92225.0,0.27726432532346745,2.376441837961376,46.6635859519408
002145.SZ,20260929,4.6,362800,1668880.0,-0.8620689655172376,7.2516088371382095,39.82758620689658
002146.SZ,20260929,1.23,3669200,4513116.0,1.6528925619834656,9.343476305394391,54.9173553719008
002148.SZ,20260929,6.12,20600,126072.0,-0.4878048780487809,2.783335750803229,42.073170731707314
002149.SZ,20260929,31.56,44500,1404420.0,0.03169572107764029,4.416469425940936,45.19017432646584
002150.SZ,20260929,20.02,3900,78078.0,-0.1994017946161497,0.7594679176212217,43.8035892323031
002151.SZ,20260929,28.39,51400,1459246.0,-0.2108963093145788,4.856798634592983,43.73462214411253
002152.SZ,20260929,8.88,85300,757464.0,0.0,10.680598081005055,45.0
002153.SZ,20260929,7.26,17600,127776.0,-0.4115226337448541,1.6414041008931468,42.530864197530875
002154.SZ,20260929,3.8,15600,59280.0,-0.2624671916010568,0.8624981746553054,43.42519685039366
002155.SZ,20260929,22.6,377700,8536020.0,-0.30877812086458345,12.633561606009408,43.1473312748125
002156.SZ,20260929,58.91,333600,19652376.0,0.016977928692685218,4.929501666456255,45.10186757215611
002157.SZ,20260929,2.9,322600,935540.0,-0.3436426116838587,4.757092792543604,42.93814432989685
002158.SZ,20260929,24.55,43800,1075290.0,-0.44606650446066265,4.294385487681042,42.323600973236026
002159.SZ,20260929,13.23,1200,15876.0,-0.15094339622641062,0.8193428917488362,44.094339622641535
002160.SZ,20260929,3.81,4700,17907.0,0.263157894736854,0.3392720742147793,46.578947368421126
002161.SZ,20260929,6.26,54300,339918.0,-0.31847133757962887,1.9571292328740213,43.08917197452223
002162.SZ,20260929,4.12,40100,165212.0,-0.2421307506053183,2.2240901187983333,43.54721549636809
002163.SZ,20260929,7.27,85600,622312.0,-0.6830601092896238,3.667900523509706,40.90163934426226
002164.SZ,20260929,12.2,382700,4668940.0,-0.8935824532900205,13.261809928653575,39.63850528025988
002165.SZ,20260929,6.77,158800,1075076.0,0.14792899408284654,6.659360017601975,45.88757396449708
002166.SZ,20260929,6.68,19000,126920.0,-0.44709388971684305,2.80087331106258,42.31743666169894
002167.SZ,20260929,15.21,126800,1928628.0,0.06578947368423016,4.453673878665627,45.39473684210538
002168.SZ,20260929,3.54,6800,24072.0,-0.28169014084505895,2.2860715827588876,43.30985915492965
002169.SZ,20260929,12.16,80800,982528.0,-0.815660685154973,4.5020903164081405,40.106035889070164
002170.SZ,20260929,10.45,22000,229900.0,-0.38131553860820677,2.241433938266432,42.71210676835076
002171.SZ,20260929,9.65,226400,2184760.0,-0.20682523267838704,9.033538348975378,43.75904860392968
002172.SZ,20260929,5.01,1096100,5491461.0,-1.183431952662728,4.520827345433448,37.899408284023636
002173.SZ,20260929,17.17,30500,523685.0,0.05827505827507018,2.467196481411294,45.34965034965042
002174.SZ,20260929,13.09,138800,1816892.0,-1.132930513595165,3.051511694074431,38.20241691842901
002175.SZ,20260929,2.44,58200,142008.0,0.0,8.846726574736081,45.0
002176.SZ,20260929,8.02,60900,488418.0,-0.7425742574257432,2.3683598011814273,40.54455445544554
002177.SZ,20260929,5.38,5900,31742.0,-0.18552875695732052,0.4083105415453276,43.88682745825608
002178.SZ,20260929,4.84,227300,1100132.0,-1.224489795918382,4.89274710874116,37.653061224489704
002179.SZ,20260929,33.27,27300,908271.0,0.0,1.6996801629687004,45.0
002180.SZ,20260929,16.11,19700,317367.0,0.24891101431236962,2.640851948539372,46.49346608587422
002181.SZ,20260929,8.35,742200,6197370.0,-3.912543153049486,8.478628799436741,21.524741081703084
002182.SZ,20260929,10.96,14900,163304.0,-0.09115770282588365,2.047231418510265,44.453053783044695
002183.SZ,20260929,4.06,40200,163212.0,-0.4901960784313819,1.2975126392694294,42.05882352941171
002184.SZ,20260929,,0,0.0,,0.0,0.0
002185.SZ,20260929,16.92,738600,12497112.0,-0.41200706297820355,5.039228563973962,42.52795762213078
002186.SZ,20260929,9.39,24900,233811.0,0.7510729613734002,9.375127673969168,49.5064377682404
002187.SZ,20260929,5.41,6900,37329.0,0.18518518518517713,1.112346805340884,46.111111111111065
002188.SZ,20260929,5.58,43200,241056.0,0.17953321364452268,3.7193052131233815,46.07719928186714
002189.SZ,20260929,18.92,1400,26488.0,0.0,0.7164317272646199,45.0
002190.SZ,20260929,23.07,1000,23070.0,0.13020833333334814,0.4104991280481615,45.781250000000085
002191.SZ,20260929,3.47,17100,59337.0,-0.5730659025787954,2.278245835621018,41.56160458452723
002192.SZ,20260929,56.56,56100,3173016.0,0.8379390265644382,6.0597652442777985,50.02763415938663
002193.SZ,20260929,4.51,400,1804.0,-0.6607929515418554,0.19910031819630122,31.87329956608309
002194.SZ,20260929,10.01,123900,1240239.0,0.09999999999998899,8.174503810848636,45.59999999999994
002195.SZ,20260929,5.86,116100,680346.0,-0.340136054421758,2.0080615865015896,42.959183673469454
002196.SZ,20260929,10.15,140800,1429120.0,-1.0721247563352798,6.730495034761242,38.56725146198832
002197.SZ,20260929,6.38,20600,131428.0,0.0,1.3216554793707898,45.0
002198.SZ,20260929,3.55,19500,69225.0,-0.5602240896358524,9.042578018053616,41.638655462184886
002199.SZ,20260929,11.46,7600,87096.0,0.0,2.5215379192593113,45.0
002200.SZ,20260929,6.66,23600,157176.0,-0.29940119760478723,5.5588025011603674,43.20359281437128
002201.SZ,20260929,9.28,90300,837984.0,-0.5359056806002238,3.527908889913992,41.784565916398655
002202.SZ,20260929,17.07,207700,3545439.0,-0.9286128845037767,4.380428065870564,39.42832269297734
002203.SZ,20260929,17.07,26700,455769.0,-0.1170275014628408,1.9588839885573457,44.297834991222956
002204.SZ,20260929,5.22,105200,549144.0,0.19193857965451588,5.699227141515523,46.1516314779271
002205.SZ,20260929,10.86,495600,5382216.0,-6.379310344827593,17.013502254989714,15.0
002206.SZ,20260929,4.87,40700,198209.0,0.6198347107438051,8.535084644679925,48.71900826446283
002207.SZ,20260929,5.56,126300,702228.0,-1.4184397163120588,14.862970757413837,36.489361702127646
002208.SZ,20260929,9.76,79900,779824.0,0.7223942208462342,2.878424484876452,49.33436532507741
002209.SZ,20260929,13.23,19700,260631.0,0.0,6.57137805830252,45.0
002210.SZ,20260929,2.07,123600,255852.0,0.0,4.086099324927687,45.0
002211.SZ,20260929,3.7,3400,12580.0,0.27100271002711285,1.6964461745138764,46.62601626016268
002212.SZ,20260929,7.21,3167100,22834791.0,-0.9615384615384692,17.28167146116726,39.230769230769184
002213.SZ,20260929,27.75,31000,860250.0,0.0,3.678532496661556,45.0
002214.SZ,20260929,17.72,14000,248080.0,0.9686609686609504,2.8373397452343903,50.811965811965706
002215.SZ,20260929,9.39,36800,345552.0,0.643086816720273,2.942965002773182,48.858520900321636
002216.SZ,20260929,11.47,12000,137640.0,-0.08710801393727596,3.1428489140652793,44.47735191637634
002217.SZ,20260929,1.51,375300,566703.0,0.0,5.929220113415221,45.0
002218.SZ,20260929,3.67,87900,322593.0,-0.27173913043478937,2.0582569308929073,43.36956521739126
002219.SZ,20260929,2.06,91800,189108.0,-0.48309178743960457,1.6267088075257077,42.10144927536237
002221.SZ,20260929,5.59,4200,23478.0,0.0,0.5564430182042673,45.0
002222.SZ,20260929,62.34,116965,7291598.1,1.004536616979923,7.485372850695005,51.02721970187954
002223.SZ,20260929,26.22,11900,312018.0,-0.4177744018230123,0.9735108153315015,42.493353589061925
002224.SZ,20260929,3.67,12600,46242.0,-0.5420054200542035,1.8092010089928348,41.74796747967478
002225.SZ,20260929,3.39,32900,111531.0,0.5934718100890191,2.2692857619135176,48.56083086053411
002226.SZ,20260929,4.83,24200,116886.0,-0.6172839506172867,1.6840640513848995,41.296296296296276
002227.SZ,20260929,6.46,1700,10982.0,0.4665629860031162,1.840272337516202,47.7993779160187
002228.SZ,20260929,3.2,40500,129600.0,-0.9287925696594312,2.012696487009734,39.427244582043414
002229.SZ,20260929,10.16,38200,388112.0,-0.9746588693957059,3.01681921250626,39.152046783625764
002230.SZ,20260929,37.1,99300,3684030.0,-0.402684563758382,8.881130644908465,42.583892617449706
002232.SZ,20260929,16.35,941400,15391890.0,0.4299754299754266,21.94249171091401,47.579852579852556
002233.SZ,20260929,6.67,38170,254593.9,0.0,4.2450601477917145,45.0
002234.SZ,20260929,7.95,23500,186825.0,1.7925736235595569,5.384270632563971,55.755441741357345
002235.SZ,20260929,7.67,15900,121953.0,0.0,1.5397329607490244,45.0
002236.SZ,20260929,15.2,35800,544160.0,-0.13140604467806183,3.185278507754281,44.211563731931626
002237.SZ,20260929,12.24,147600,1806624.0,0.0,8.98253649894205,45.0
002238.SZ,20260929,6.83,2341900,15995177.0,-10.013175230566528,24.731807555076085,15.0
002239.SZ,20260929,2.42,87000,210540.0,0.0,1.9138143852321856,45.0
002240.SZ,20260929,24.57,87200,2142504.0,0.5319148936170137,4.042349434163021,48.19148936170208
002241.SZ,20260929,23.0,176600,4061800.0,-0.647948164146861,3.6968010488840033,41.112311015118834
002242.SZ,20260929,11.05,3048483,33685737.15,6.969990319457886,157.07133616199786,86.81994191674733
002243.SZ,20260929,6.81,22000,149820.0,0.0,3.224197707870591,45.0
002244.SZ,20260929,8.73,393800,3437874.0,1.5116279069767424,4.476386292387868,54.069767441860456
002245.SZ,20260929,16.24,197100,3200904.0,0.0,4.073489544512362,45.0
002246.SZ,20260929,24.7,27500,679250.0,-0.9225832330525541,1.1221889125385198,39.464500601684676
002247.SZ,20260929,2.46,41300,101598.0,-0.4048582995951455,2.5116347093588365,42.57085020242913
002248.SZ,20260929,9.21,2700,24867.0,-0.8611410118406715,0.36106101497014403,39.83315392895597
002249.SZ,20260929,6.42,81000,520020.0,0.15600624024960652,4.106058261656114,45.93603744149764
002250.SZ,20260929,14.23,83500,1188205.0,0.6364922206506307,6.357365898704701,48.818953323903784
002251.SZ,20260929,3.35,241600,809360.0,0.0,4.6582803768287295,45.0
002252.SZ,20260929,5.06,127700,646162.0,-0.3937007874015852,1.9741892782453128,42.63779527559049
002253.SZ,20260929,8.55,74200,634410.0,0.8254716981132004,8.675495069941144,49.9528301886792
002254.SZ,20260929,11.54,13300,153482.0,-0.7738607050731039,1.2566858491303772,40.35683576956138
002255.SZ,20260929,7.29,9100,66339.0,0.8298755186721962,2.2203423850694723,49.97925311203318
002256.SZ,20260929,3.11,167500,520925.0,-0.3205128205128305,8.726399405901871,43.076923076923016
002258.SZ,20260929,13.9,24400,339160.0,-0.2153625269203152,2.005728814729495,43.70782483847811
002259.SZ,20260929,4.75,240100,1140475.0,-1.2474012474012364,6.320266955751282,37.51559251559258
002261.SZ,20260929,24.11,50100,1207911.0,0.04149377593360981,3.5251766114274674,45.24896265560166
002262.SZ,20260929,21.55,9400,202570.0,0.0,2.6097594632654157,45.0
002263.SZ,20260929,3.09,54300,167787.0,0.0,0.8485963225084676,45.0
002264.SZ,20260929,7.4,1040600,7700440.0,-3.141361256544495,18.319070984645126,26.151832460733033
002265.SZ,20260929,18.94,22800,431832.0,-0.052770448548800086,3.679328014235915,44.6833773087072
002266.SZ,20260929,4.53,71500,323895.0,0.0,1.4833477036024432,45.0
002267.SZ,20260929,7.14,48600,347004.0,-0.13986013986014845,13.490948258133534,44.16083916083911
002268.SZ,20260929,14.78,55900,826202.0,-0.40431266846361336,2.898161392671687,42.57412398921832
002269.SZ,20260929,1.36,337400,458864.0,0.0,8.30963648585534,45.0
002270.SZ,20260929,16.99,18700,317713.0,-0.1762632197414904,2.249609806452523,43.942420681551056
002271.SZ,20260929,10.13,33400,338342.0,0.09881422924902239,0.9309209775241458,45.592885375494134
002272.SZ,20260929,14.28,92900,1326612.0,-0.9708737864077666,6.789028753449104,39.1747572815534
002273.SZ,20260929,23.85,171500,4090275.0,0.0,6.1158890442387515,45.0
002274.SZ,20260929,5.76,20300,116928.0,-0.8605851979345935,2.0593534288505113,39.83648881239244
002275.SZ,20260929,12.13,4200,50946.0,0.4971002485501197,5.400168994571339,47.98260149130072
002276.SZ,20260929,9.73,7300,71029.0,0.0,1.2894333644124734,45.0
002277.SZ,20260929,4.99,291100,1452589.0,-1.5779092702169595,9.728198244782948,35.53254437869825
002278.SZ,20260929,7.88,32400,255312.0,-0.12674271229403677,1.0008804935189484,44.23954372623578
002279.SZ,20260929,6.45,22500,145125.0,-0.3091190108191588,0.7814556456313682,43.14528593508505
002281.SZ,20260929,164.38,218000,35834840.0,0.35409035409035283,9.083912358235027,47.12454212454212
002282.SZ,20260929,6.03,4000,24120.0,-0.4950495049504844,1.0365326401743333,42.029702970297095
002283.SZ,20260929,7.68,106200,815616.0,-0.13003901170351995,4.348349417097844,44.21976592977888
002284.SZ,20260929,9.22,22500,207450.0,0.0,2.2773945698193376,45.0
002285.SZ,20260929,3.33,5779500,19245735.0,2.147239263803691,19.129017830701596,57.883435582822145
002286.SZ,20260929,8.27,86900,718663.0,-0.48134777376656057,6.584631331589393,42.11191335740064
002287.SZ,20260929,19.16,14100,270156.0,-0.6739243131156036,12.925187913298704,40.95645412130638
002289.SZ,20260929,34.26,6100,208986.0,1.1216056670601882,3.384040505112081,51.72963400236113
002290.SZ,20260929,69.01,44500,3070945.0,-0.8477011494252729,6.788279936187615,39.91379310344836
002291.SZ,20260929,5.42,400400,2170168.0,1.1194029850746245,9.07513107066521,51.716417910447745
002292.SZ,20260929,8.53,138600,1182258.0,-0.2339181286549863,4.092275736725849,43.59649122807008
002293.SZ,20260929,10.6,56900,603140.0,-0.5628517823639823,12.713231775694071,41.62288930581611
002294.SZ,20260929,29.86,12700,379222.0,0.0,2.0548672395783325,45.0
002295.SZ,20260929,9.69,24400,236436.0,0.4145077720207224,3.152284054023202,47.48704663212433
002296.SZ,20260929,9.67,112000,1083040.0,-0.8205128205128198,8.110130740407818,40.07692307692308
002297.SZ,20260929,19.8,593700,11755260.0,-2.8459273797840967,11.805150002486085,27.92443572129542
002298.SZ,20260929,8.53,237400,2025022.0,-0.9291521486643473,3.185613929826878,39.42508710801392
002299.SZ,20260929,15.7,7700,120890.0,-0.6329113924050778,0.9713434557407945,41.202531645569536
002300.SZ,20260929,7.69,329100,2530779.0,-1.7879948914431676,9.754789637726283,34.272030651341
002301.SZ,20260929,8.39,94100,789499.0,-1.0613207547169767,2.8834171870011156,38.63207547169814
002302.SZ,20260929,4.62,24500,113190.0,0.2169197396963085,4.716197139290397,46.30151843817785
002303.SZ,20260929,6.08,214500,1304160.0,-0.16420361247947435,1.3675116296470087,44.01477832512315
002304.SZ,20260929,37.01,10000,370100.0,0.0,2.825014788654727,45.0
002305.SZ,20260929,2.02,60800,122816.0,0.0,2.5581405957120777,45.0
002306.SZ,20260929,2.1,11400,23940.0,-0.4739336492890933,1.555392234317696,42.15639810426544
002307.SZ,20260929,2.89,86500,249985.0,0.3472222222222321,4.559800258418912,47.08333333333339
002309.SZ,20260929,2.77,294700,816319.0,0.36231884057971175,4.951711232870483,47.17391304347827
002310.SZ,20260929,2.29,366300,838827.0,0.43859649122808264,4.497113230916002,47.631578947368496
002311.SZ,20260929,41.36,22300,922328.0,-0.048332527791206115,3.6567163820924127,44.71000483325276
002312.SZ,20260929,8.05,59200,476560.0,-0.7398273736128114,5.749585795343971,40.56103575832313
002313.SZ,20260929,8.61,91400,786954.0,-0.2317497103128785,3.6095364017231866,43.60950173812273
002314.SZ,20260929,2.29,318700,729823.0,0.8810572687224738,6.749258164490828,50.286343612334846
002315.SZ,20260929,24.22,32500,787150.0,0.3314001657000798,3.4900289039338865,46.988400994200475
002316.SZ,20260929,4.33,152000,658160.0,-0.6880733944954143,7.870981251826374,40.871559633027516
002317.SZ,20260929,23.0,23400,538200.0,-0.47598442232799076,1.5252314603369272,42.144093466032054
002318.SZ,20260929,18.0,2900,52200.0,-0.4424778761061843,0.44625402537673065,42.345132743362896
002319.SZ,20260929,9.79,98800,967252.0,-1.9038076152304684,11.94156316633723,33.57715430861719
002320.SZ,20260929,6.25,303600,1897500.0,-1.4195583596214534,13.992447254233614,36.48264984227128
002321.SZ,20260929,2.07,5338300,11050281.0,-2.358490566037752,44.53871710705816,30.849056603773487
002322.SZ,20260929,11.91,5000,59550.0,-0.8326394671107407,0.7913426923415887,40.00416319733556
002323.SZ,20260929,1.21,118200,143022.0,-0.8196721311475419,4.749647962756097,40.08196721311475
002324.SZ,20260929,8.65,9500,82175.0,-0.23068050749711633,0.593302025890686,43.615916955017305
002326.SZ,20260929,15.89,39000,619710.0,-0.6253908692933074,3.176072388732738,41.247654784240154
002327.SZ,20260929,6.05,4900,29645.0,-0.16501650165016146,3.155299711430306,44.009900990099034
002328.SZ,20260929,8.31,393700,3271647.0,0.6053268765133346,9.755120430130184,48.63196125908001
002329.SZ,20260929,3.52,13500,47520.0,-0.5649717514124353,0.5005536871133938,41.61016949152539
002330.SZ,20260929,4.06,30900,125454.0,-0.9756097560975618,4.350456164335678,39.14634146341463
002331.SZ,20260929,6.72,4500,30240.0,-0.29673590504452063,0.3184331120309412,43.21958456973287
002332.SZ,20260929,8.67,6100,52887.0,0.23121387283235872,0.7128167221515825,46.38728323699415
002333.SZ,20260929,5.51,259000,1427090.0,-1.2544802867383575,15.401374935518229,37.47311827956985
002334.SZ,20260929,6.33,2800,17724.0,-0.4716981132075526,0.457707979003899,42.16981132075468
002335.SZ,20260929,30.4,185600,5642240.0,0.0,7.903493170019243,45.0
002337.SZ,20260929,4.7,2600,12220.0,0.0,0.3172273231268168,45.0
002338.SZ,20260929,43.72,19400,848168.0,0.1144950767116848,5.349169885937308,45.68697046027011
002339.SZ,20260929,6.99,150900,1054791.0,-0.5689900426742556,10.431855346388671,41.586059743954465
002340.SZ,20260929,5.99,168600,1009914.0,0.0,4.4499301800079465,45.0
002342.SZ,20260929,8.83,4809000,42463470.0,1.7281105990783363,26.608444621404363,55.36866359447002
002343.SZ,20260929,5.63,32400,182412.0,0.7155635062611854,2.5692184003760943,49.293381037567116
002344.SZ,20260929,3.95,20600,81370.0,0.0,2.5438050999044344,45.0
002345.SZ,20260929,8.23,15400,126742.0,-0.8433734939759074,0.9990524277564753,39.93975903614456
002346.SZ,20260929,17.86,22900,408994.0,-0.6121313299944364,5.214042938192162,41.32721202003338
002347.SZ,20260929,6.31,2774800,17508988.0,-1.7133956386292892,23.649661858555596,34.719626168224266
002348.SZ,20260929,10.41,30500,317505.0,-0.7626310772164024,3.8093489621601186,40.424213536701586
002349.SZ,20260929,8.51,713100,6068481.0,-1.9585253456221197,11.38375012202969,33.24884792626728
002350.SZ,20260929,13.28,22100,293488.0,-1.0432190760059634,5.272382792751236,38.74068554396422
002351.SZ,20260929,9.83,3300,32439.0,-0.405268490374866,0.9173112530515066,42.56838905775081
002352.SZ,20260929,30.44,19700,599668.0,0.0,1.246940147877702,45.0
002353.SZ,20260929,110.0,47700,5247000.0,-0.36231884057971175,4.645855882942899,42.82608695652173
002354.SZ,20260929,7.15,792900,5669235.0,0.0,7.914044182973357,45.0
002355.SZ,20260929,4.59,8300,38097.0,-0.21739130434782483,1.1548808105618684,43.695652173913054
002356.SZ,20260929,2.61,17000,44370.0,-0.3816793893129833,1.3615475526850165,42.7099236641221
002357.SZ,20260929,11.27,7000,78890.0,-0.8795074758135457,1.214922425994184,39.722955145118725
002358.SZ,20260929,5.09,6600,33594.0,0.0,1.223247336067051,45.0
002360.SZ,20260929,5.57,19600,109172.0,-0.17921146953404632,3.451258872944343,43.924731182795725
002361.SZ,20260929,10.0,268900,2689000.0,-1.3806706114398493,4.050155646943048,36.715976331360906
002362.SZ,20260929,15.6,52100,812760.0,-1.577287066246058,10.601123301264947,35.536277602523654
002363.SZ,20260929,6.81,20700,140967.0,-1.017441860465118,3.9205718328858294,38.89534883720929
002364.SZ,20260929,32.35,136400,4412540.0,-0.7973014412756774,13.134255178043436,40.21619135234594
002365.SZ,20260929,13.11,46900,614859.0,-0.531107738998482,3.6495754247926135,41.813353566009106
002366.SZ,20260929,5.46,110900,605514.0,-0.36496350364964014,9.994578506406231,42.81021897810216
002367.SZ,20260929,5.81,199200,1157352.0,1.043478260869568,4.844804165411312,51.260869565217405
002368.SZ,20260929,12.51,13400,167634.0,-0.6354249404289081,2.5797936219950373,41.18745035742655
002369.SZ,20260929,5.51,20600,113506.0,0.0,2.6774674046467197,45.0
002370.SZ,20260929,5.09,13900,70751.0,0.0,1.0302622254794065,45.0
002371.SZ,20260929,633.94,24700,15658318.0,0.0015774612339036764,5.903998102529954,45.00946476740342
002372.SZ,20260929,8.09,7200,58248.0,0.0,0.7160034235957905,45.0
002373.SZ,20260929,7.26,10600,76956.0,0.0,1.2213598830592383,45.0
002374.SZ,20260929,3.26,28700,93562.0,-0.3058103975535187,1.6575918582302407,43.16513761467889
002375.SZ,20260929,3.79,44600,169034.0,0.5305039787798504,2.114540905728396,48.1830238726791
002376.SZ,20260929,6.65,21300,141645.0,-0.2998500749625155,1.5625943953682122,43.200899550224904
002377.SZ,20260929,2.9,79800,231420.0,0.34602076124565784,2.542376406180953,47.07612456747395
002378.SZ,20260929,21.32,125500,2675660.0,-0.1872659176029967,12.262415376687251,43.87640449438202
002379.SZ,20260929,15.79,47900,756341.0,0.12682308180087531,1.9770222394162118,45.76093849080525
002380.SZ,20260929,26.68,2300,61364.0,0.22539444027047661,1.1724812737177441,46.35236664162286
002381.SZ,20260929,5.58,25300,141174.0,0.3597122302158251,7.674907505863663,47.15827338129495
002382.SZ,20260929,6.03,282000,1700460.0,-0.9852216748768461,13.871438843715675,39.088669950738925
002383.SZ,20260929,7.98,63700,508326.0,-1.4814814814814725,2.6184668378887292,36.111111111111164
002384.SZ,20260929,169.01,455617,77003829.17,0.43380080817683186,12.505121807478899,47.60280484906099
002385.SZ,20260929,3.06,255400,781524.0,0.0,9.663989866959325,45.0
002386.SZ,20260929,5.84,295900,1728056.0,1.5652173913043521,32.89785022959592,54.391304347826114
002387.SZ,20260929,6.84,112800,771552.0,2.0895522388059584,11.334047137838608,57.53731343283575
002388.SZ,20260929,7.78,179500,1396510.0,0.0,2.784308200346402,45.0
002389.SZ,20260929,18.03,11500,207345.0,-0.27654867256635685,1.111884778498958,43.34070796460186
002390.SZ,20260929,2.91,85100,247641.0,0.0,3.8866575017631377,45.0
002391.SZ,20260929,5.04,19300,97272.0,-0.591715976331364,3.4285384978766817,41.44970414201182
002392.SZ,20260929,7.48,25400,189992.0,0.0,3.5708141910055935,45.0
002393.SZ,20260929,13.83,1600,22128.0,-0.14440433212996595,1.0758680430147487,44.133574007220204
002394.SZ,20260929,10.35,29400,304290.0,0.6809338521400754,2.9430448167282512,49.08560311284045
002395.SZ,20260929,13.84,1173700,16244008.0,-1.0014306151645225,62.987917558017145,38.99141630901286
002396.SZ,20260929,31.53,462765,14590980.45,-4.4255835101545955,9.911058272126644,18.446498939072427
002397.SZ,20260929,3.55,38200,135610.0,-0.5602240896358524,2.9058341525745712,41.638655462184886
002398.SZ,20260929,4.22,53100,224082.0,-0.9389671361502372,4.266245237898851,39.36619718309858
002399.SZ,20260929,9.65,300,2895.0,-0.10351966873706209,0.10353322601163763,18.0148626696724
002400.SZ,20260929,6.28,82400,517472.0,0.31948881789138905,1.303870125270111,46.91693290734833
002401.SZ,20260929,11.92,800,9536.0,-0.5838198498749003,0.4368763476748837,41.497080900750596
002402.SZ,20260929,17.7,10900,192930.0,-0.6176305446378372,0.9266159102271567,41.29421673217298
002403.SZ,20260929,10.37,194400,2015928.0,-0.9551098376313405,9.852861268829413,39.26934097421196
002404.SZ,20260929,5.78,20700,119646.0,-0.34482758620688614,4.337531483954476,42.93103448275868
002405.SZ,20260929,5.87,42900,251823.0,-0.3395585738539819,2.4520034824032653,42.96264855687611
002406.SZ,20260929,6.41,7400,47434.0,0.0,1.2684622169994046,45.0
002407.SZ,20260929,29.7,85100,2527470.0,-0.1680672268907557,2.607217024484022,43.991596638655466
002408.SZ,20260929,5.2,45100,234520.0,-0.5736137667304075,2.4230136639311413,41.55831739961756
002409.SZ,20260929,124.4,31900,3968360.0,-0.2405773857257376,3.588030120613405,43.55653568564557
002410.SZ,20260929,8.3,16000,132800.0,-0.12033694344163459,1.0678944227401248,44.27797833935019
002412.SZ,20260929,8.88,92600,822288.0,0.452488687782826,2.0545566192821236,47.71493212669696
002413.SZ,20260929,8.94,5085610,45465353.4,-2.614379084967322,25.77984208175529,29.313725490196067
002414.SZ,20260929,11.33,154500,1750485.0,-0.3518029903254116,6.0859218825723564,42.88918205804753
002415.SZ,20260929,32.17,62600,2013842.0,0.031094527363206836,2.3772186929230084,45.18656716417924
002416.SZ,20260929,8.76,9900,86724.0,-0.454545454545463,1.1961508009565014,42.272727272727224
002418.SZ,20260929,4.28,321300,1375164.0,0.0,5.315389830892119,45.0
002419.SZ,20260929,4.54,32800,148912.0,-0.43859649122806044,3.450075881443243,42.36842105263164
002420.SZ,20260929,6.02,20700,124614.0,0.0,3.525902170206452,45.0
002421.SZ,20260929,3.09,959100,2963619.0,-1.2779552715655007,6.353103233388885,37.332268370607
002422.SZ,20260929,38.77,9600,372192.0,0.4404145077720356,0.5653534675283829,47.64248704663221
002423.SZ,20260929,9.04,6800,61472.0,-0.11049723756907381,0.791263866135948,44.337016574585554
002424.SZ,20260929,4.68,18800,87984.0,-0.6369426751592355,1.9023730451832626,41.17834394904459
002425.SZ,20260929,3.02,29300,88486.0,-0.3300330033003229,0.9819776701345174,43.01980198019806
002426.SZ,20260929,2.63,770200,2025626.0,-1.4981273408239737,6.362903276040881,36.01123595505616
002427.SZ,20260929,4.48,3500,15680.0,0.0,0.43512673815510367,45.0
002428.SZ,20260929,86.81,163500,14193435.0,-1.0937678022103103,6.491183060797213,38.437393186738134
002429.SZ,20260929,8.0,92600,740800.0,-0.37359900373598043,1.8299777020107229,42.75840597758412
002430.SZ,20260929,24.0,6400,153600.0,-0.4975124378109541,0.8326717535795515,42.014925373134275
002431.SZ,20260929,1.29,172100,222009.0,0.0,18.64236689547453,45.0
002432.SZ,20260929,58.79,55400,3256966.0,-0.6590064210882041,5.88559040962146,41.045961473470776
002434.SZ,20260929,6.22,121900,758218.0,0.6472491909385036,11.787883310026464,48.883495145631024
002436.SZ,20260929,41.1,475000,19522500.0,-0.0972289742343202,5.443916681451987,44.41662615459408
002437.SZ,20260929,3.44,297100,1022024.0,-0.28985507246377384,1.5403412303209931,43.260869565217355
002438.SZ,20260929,13.95,51900,724005.0,0.0717360114777632,9.952884552161713,45.43041606886658
002439.SZ,20260929,14.29,237900,3399591.0,-0.4181184668989535,4.228626891803098,42.49128919860628
002440.SZ,20260929,13.13,232200,3048786.0,-0.5303030303030143,7.086997708441172,41.81818181818191
002441.SZ,20260929,8.14,18400,149776.0,0.0,4.461403209821618,45.0
002442.SZ,20260929,5.23,133200,696636.0,0.0,6.742677149167657,45.0
002443.SZ,20260929,12.3,209800,2580540.0,-0.9661835748792202,6.008593914072105,39.202898550724676
002444.SZ,20260929,27.05,19500,527475.0,0.3338278931750649,1.9372472725847125,47.00296735905039
002445.SZ,20260929,3.08,39300,121044.0,0.0,1.569580632716924,45.0
002446.SZ,20260929,7.81,110800,865348.0,0.774193548387081,7.113029815862724,49.645161290322484
002448.SZ,20260929,10.73,12200,130906.0,-0.09310986964617962,1.7178976521129303,44.44134078212292
002449.SZ,20260929,6.44,13200,85008.0,-0.46367851622873824,2.2066889734104365,42.21792890262757
002451.SZ,20260929,7.45,10700,79715.0,-0.13404825737265424,1.4687002771765285,44.19571045576407
002452.SZ,20260929,11.13,92900,1033977.0,-0.8021390374331583,12.64038960943463,40.18716577540105
002453.SZ,20260929,4.64,801700,3719888.0,0.8695652173912993,12.900024320915755,50.2173913043478
002454.SZ,20260929,5.11,32700,167097.0,0.0,5.0611300869574585,45.0
002455.SZ,20260929,6.75,84500,570375.0,1.5037593984962294,4.526407179475023,54.02255639097738
002456.SZ,20260929,6.5,110500,718250.0,-0.1536098310291778,3.0132820240908345,44.07834101382493
002457.SZ,20260929,10.84,52900,573436.0,-0.2759889604415755,4.165665284423265,43.344066237350546
002458.SZ,20260929,8.09,82000,663380.0,-0.3694581280788145,4.521921622392351,42.78325123152711
002459.SZ,20260929,6.56,58300,382448.0,0.0,2.813042575871453,45.0
002460.SZ,20260929,42.49,184500,7839405.0,1.4081145584725618,5.1844642888344294,53.44868735083537
002461.SZ,20260929,8.27,25000,206750.0,-0.24125452352231624,6.098738112825653,43.5524728588661
002462.SZ,20260929,12.3,1700,20910.0,0.4901960784313708,0.9371772990648843,47.941176470588225
002463.SZ,20260929,117.3,325200,38145960.0,0.08532423208189588,12.487194833275407,45.51194539249138
002465.SZ,20260929,9.98,110500,1102790.0,-0.20000000000000018,2.8985482094710613,43.8
002466.SZ,20260929,39.69,109400,4342086.0,0.7104795737122638,3.863185744257087,49.262877442273584
002467.SZ,20260929,4.88,1220600,5956528.0,-2.2044088176352727,12.664805309557106,31.773547094188363
002468.SZ,20260929,14.52,16900,245388.0,-0.6160164271047264,1.7334215536787239,41.30390143737164
002469.SZ,20260929,6.04,15200,91808.0,0.8347245409014992,4.495990714188575,50.008347245409
002470.SZ,20260929,1.97,1174300,2313371.0,1.025641025641022,13.78946150291612,51.15384615384613
002471.SZ,20260929,5.21,163900,853919.0,-0.9505703422053147,4.01715888466669,39.29657794676811
002472.SZ,20260929,38.61,167900,6482619.0,-0.46403712296984034,9.531943107291541,42.21577726218096
002474.SZ,20260929,6.35,24100,153035.0,-0.6259780907668211,0.4910029569785283,41.24413145539907
002475.SZ,20260929,49.92,360500,17996160.0,0.0,6.619442582284818,45.0
002476.SZ,20260929,4.9,15700,76930.0,0.6160164271047375,3.2985376840243585,48.69609856262842
002478.SZ,20260929,6.36,67700,430572.0,-0.7800312012480437,5.533465926471796,40.31981279251174
002479.SZ,20260929,5.71,110800,632668.0,-1.551724137931032,11.85615609524856,35.68965517241381
002480.SZ,20260929,5.65,3285700,18564205.0,0.0,87.87781912464982,45.0
002481.SZ,20260929,4.25,12700,53975.0,0.0,1.3154168401211424,45.0
002482.SZ,20260929,1.33,96500,128345.0,0.0,1.1248887344633205,45.0
002483.SZ,20260929,5.89,31900,187891.0,0.5119453924914641,3.8068863320820934,48.07167235494879
002484.SZ,20260929,51.0,209600,10689600.0,-2.223926380368091,6.169449595059648,31.656441717791456
002485.SZ,20260929,5.83,6400,37312.0,1.2152777777777901,4.653619984284554,52.29166666666674
002486.SZ,20260929,2.67,24500,65415.0,-0.3731343283582156,1.0585482614588801,42.76119402985071
002487.SZ,20260929,40.6,932300,37851380.0,-1.8849685838569386,9.322822326065436,33.69018849685837
002488.SZ,20260929,7.2,81900,589680.0,0.13908205841446364,8.956155939621299,45.834492350486784
002489.SZ,20260929,2.89,118900,343621.0,-1.0273972602739656,5.821990802629969,38.835616438356205
002490.SZ,20260929,6.89,56000,385840.0,-1.0057471264367845,5.176853098145215,38.965517241379295
002491.SZ,20260929,20.01,1088000,21770880.0,-6.582633053221287,8.640345560661325,15.0
002492.SZ,20260929,6.36,17700,112572.0,0.0,1.485572460264216,45.0
002493.SZ,20260929,13.69,329300,4508117.0,0.0,6.125369408452138,45.0
002494.SZ,20260929,4.81,51300,246753.0,-0.6198347107438051,1.615713410101151,41.28099173553717
002495.SZ,20260929,2.42,49800,120516.0,0.0,2.7674129825489753,45.0
002496.SZ,20260929,2.09,16400,34276.0,0.0,1.2399147050389567,45.0
002497.SZ,20260929,15.46,74900,1157954.0,0.12953367875647714,3.772556942576285,45.77720207253886
002498.SZ,20260929,6.05,50900,307945.0,-0.8196721311475419,2.086884070003286,40.08196721311475
002500.SZ,20260929,5.07,19800,100386.0,-0.39292730844793233,1.1814797510592387,42.6424361493124
002501.SZ,20260929,1.27,120900,153543.0,0.0,6.902558050439927,45.0
002506.SZ,20260929,2.3,227000,522100.0,-0.43290043290044045,1.5065890587647461,42.40259740259736
002507.SZ,20260929,11.07,2900,32103.0,-0.18034265103696878,0.8260513781004873,43.91794409377819
002508.SZ,20260929,16.4,8500,139400.0,-0.9063444108761476,1.8825857128506158,39.56193353474311
002510.SZ,20260929,5.57,31200,173784.0,-0.7130124777183555,1.942033551742063,40.721925133689865
002511.SZ,20260929,6.84,10900,74556.0,-0.291545189504383,2.0297603884141813,43.2507288629737
002512.SZ,20260929,3.7,389600,1441520.0,0.0,32.550946492292965,45.0
002513.SZ,20260929,5.24,73000,382520.0,-1.5037593984962405,8.619508201309277,35.97744360902256
002514.SZ,20260929,2.5,271800,679500.0,-1.5748031496062964,7.060428169910609,35.55118110236222
002515.SZ,20260929,7.07,126200,892234.0,-0.14124293785310327,2.6734231506622788,44.15254237288138
002516.SZ,20260929,5.57,12900,71853.0,-0.3577817531305816,1.1809510682538904,42.85330948121651
002517.SZ,20260929,15.66,25300,396198.0,-0.12755102040815647,1.263783557967797,44.23469387755106
002518.SZ,20260929,33.84,53300,1803672.0,-0.1769911504424626,6.050852390280198,43.938053097345225
002519.SZ,20260929,5.64,217200,1225008.0,-0.5291005291005346,6.139841854301318,41.825396825396794
002520.SZ,20260929,6.36,148600,945096.0,-0.7800312012480437,6.057950840170188,40.31981279251174
002521.SZ,20260929,6.09,26900,163821.0,-0.6525285481239762,8.706709159810831,41.084828711256144
002522.SZ,20260929,5.21,294000,1531740.0,-0.7619047619047636,9.606946954076632,40.428571428571416
002523.SZ,20260929,3.4,65400,222360.0,0.0,3.029673437929802,45.0
002524.SZ,20260929,4.14,554900,2297286.0,2.7295285359801413,17.128325558896577,61.37717121588085
002526.SZ,20260929,2.56,20500,52480.0,0.0,1.4179947379858073,45.0
002527.SZ,20260929,10.57,11700,123669.0,0.9551098376313183,3.0896949630423816,50.73065902578791
002528.SZ,20260929,5.92,182400,1079808.0,0.0,7.056074490764483,45.0
002529.SZ,20260929,6.62,15100,99962.0,0.1512859304084735,2.6564217365145977,45.90771558245084
002530.SZ,20260929,6.96,14300,99528.0,0.28818443804032867,1.9144949042962025,46.72910662824197
002531.SZ,20260929,7.59,856500,6500835.0,-2.4421593830334265,4.645205228682972,30.347043701799443
002532.SZ,20260929,11.69,130800,1529052.0,-0.5106382978723456,2.109619703742238,41.93617021276593
002533.SZ,20260929,10.74,14900,160026.0,0.2801120448179262,3.198809932843713,46.68067226890756
002534.SZ,20260929,16.98,50300,854094.0,1.6766467065868262,6.384138667748883,55.05988023952096
002535.SZ,20260929,2.42,24400,59048.0,0.0,1.3334889040277187,45.0
002536.SZ,20260929,46.06,94200,4338852.0,-0.9462365591397792,5.0799703289350155,39.322580645161324
002537.SZ,20260929,5.55,27700,153735.0,-0.35906642728905647,2.1005040676899682,42.84560143626566
002538.SZ,20260929,6.92,140700,973644.0,1.317715959004384,15.195257198598789,52.9062957540263
002539.SZ,20260929,11.75,13400,157450.0,-0.1699235344095107,1.3926201246231718,43.98045879354294
002540.SZ,20260929,4.89,3300,16137.0,-0.40733197556008793,0.5803280626364963,42.55600814663947
002541.SZ,20260929,18.12,38900,704868.0,-0.766703176341732,3.2775081333001435,40.39978094194961
002542.SZ,20260929,1.54,199900,307846.0,0.6535947712418277,11.898602006524529,48.92156862745097
002543.SZ,20260929,7.31,118700,867697.0,-0.8141112618724633,9.896877426787151,40.11533242876522
002544.SZ,20260929,15.48,51900,803412.0,1.4416775884665833,7.926475284738717,53.6500655307995
002545.SZ,20260929,13.71,113500,1556085.0,-0.7959479015918869,5.904187140211075,40.224312590448676
002546.SZ,20260929,7.25,43600,316100.0,-0.13774104683195176,8.689224014993098,44.17355371900829
002547.SZ,20260929,2.38,251600,598808.0,-0.8333333333333304,8.34053114712194,40.000000000000014
002548.SZ,20260929,3.92,308700,1210104.0,1.5544041450777257,14.519947183486938,54.326424870466354
002549.SZ,20260929,12.49,13500,168615.0,-0.47808764940239223,1.5301552619672694,42.131474103585646
002550.SZ,20260929,6.31,3800,23978.0,-0.6299212598425252,0.5258495032055569,41.220472440944846
002551.SZ,20260929,3.36,29200,98112.0,0.0,2.516150440622535,45.0
002552.SZ,20260929,45.9,42800,1964520.0,-1.1202068074106064,3.5848053719521538,38.27875915553636
002553.SZ,20260929,16.83,235200,3958416.0,-2.941176470588247,9.95535378931206,27.352941176470516
002554.SZ,20260929,2.71,12300,33333.0,0.0,1.0868261721749415,45.0
002555.SZ,20260929,17.0,81300,1382100.0,-0.2932551319648091,8.194164355787024,43.240469208211145
002556.SZ,20260929,5.03,40800,205224.0,-0.5928853754940566,5.571640322523325,41.44268774703566
002557.SZ,20260929,18.44,10900,200996.0,0.0,1.9186431030353166,45.0
002558.SZ,20260929,22.06,230500,5084830.0,-0.5410279531109174,5.505462198933467,41.753832281334496
002559.SZ,20260929,8.7,86500,752550.0,0.23041474654377225,9.12021379802605,46.38248847926263
002560.SZ,20260929,6.45,158100,1019745.0,-0.7692307692307665,5.71803671573925,40.3846153846154
002561.SZ,20260929,7.26,3800,27588.0,-0.27472527472528485,0.9724003332836231,43.351648351648294
002562.SZ,20260929,4.78,74200,354676.0,-0.20876826722338038,6.479546312644778,43.74739039665972
002563.SZ,20260929,5.38,57700,310426.0,-0.5545286506469571,5.131514460798381,41.67282809611826
002564.SZ,20260929,5.09,418000,2127620.0,-0.19607843137254832,13.733886718472636,43.82352941176471
002565.SZ,20260929,8.4,507300,4261320.0,-1.5240328253223745,6.649020994641619,35.85580304806575
002566.SZ,20260929,7.01,24400,171044.0,0.0,4.770160687683571,45.0
002567.SZ,20260929,3.61,52700,190247.0,-0.5509641873278293,2.725837887276242,41.69421487603302
002568.SZ,20260929,19.21,51300,985473.0,-1.0303967027305516,3.477834704786037,38.81761978361669
002569.SZ,20260929,11.52,6600,76032.0,-0.6039689387402958,2.70127706326503,41.376186367558226
002570.SZ,20260929,4.44,712400,3163056.0,1.6018306636155666,23.36065275022208,54.6109839816934
002571.SZ,20260929,10.6,8900,94340.0,-2.0332717190388205,3.195321999819065,32.80036968576708
002572.SZ,20260929,7.38,4600,33948.0,-0.5390835579514808,0.4176362989523712,41.765498652291114
002573.SZ,20260929,3.09,9100,28119.0,0.32467532467532756,1.1998790545467668,46.94805194805197
002574.SZ,20260929,4.94,17000,83980.0,0.0,1.4463702015359632,45.0
002575.SZ,20260929,5.05,38400,193920.0,1.2024048096192397,2.5759013878213346,52.21442885771544
002576.SZ,20260929,14.45,2400,34680.0,-0.550584996558845,1.0344428361131917,41.696490020646934
002577.SZ,20260929,21.39,10800,231012.0,-0.09341429238672871,2.0123251171216063,44.439514245679625
002578.SZ,20260929,4.18,88100,368258.0,1.4563106796116498,4.977390029608914,53.7378640776699
002579.SZ,20260929,16.69,417000,6959730.0,-3.5260115606936426,3.816940065383642,23.843930635838145
002580.SZ,20260929,18.48,185800,3433584.0,1.4827018121911006,4.068220923180648,53.8962108731466
002581.SZ,20260929,4.71,8000,37680.0,-1.0504201680672232,2.932391336340072,38.69747899159666
002582.SZ,20260929,9.3,21100,196230.0,-0.10741138560687036,4.2343330808874144,44.35553168635878
002583.SZ,20260929,8.05,1649800,13280890.0,-4.846335697399528,23.95396406342672,15.92198581560283
002584.SZ,20260929,8.51,867500,7382425.0,-0.7001166861143604,12.78696689071928,40.799299883313836
002585.SZ,20260929,10.37,520700,5399659.0,-0.8604206500956169,6.5311906796828225,39.8374760994263
002586.SZ,20260929,3.64,8300,30212.0,-0.2739726027397249,1.383784583965522,43.35616438356165
002587.SZ,20260929,5.16,23400,120744.0,-0.5780346820809301,2.0308171637117547,41.53179190751442
002588.SZ,20260929,7.32,35500,259860.0,-0.5434782608695676,5.502211726499621,41.739130434782595
002589.SZ,20260929,3.21,504000,1617840.0,-1.2307692307692353,5.524545444326798,37.615384615384585
002590.SZ,20260929,9.51,3400,32334.0,0.42238648363250864,0.7558078977273683,47.534318901795054
002591.SZ,20260929,6.32,33300,210456.0,-0.3154574132492094,2.585098012166567,43.107255520504744
002592.SZ,20260929,6.22,3400,21148.0,0.4846526655896577,2.44432932471646,47.90791599353795
002593.SZ,20260929,4.57,26500,121105.0,-0.43572984749454813,2.8277429497717153,42.38562091503271
002594.SZ,20260929,83.2,81000,6739200.0,-0.179964007198552,3.7938288559112343,43.92021595680869
002595.SZ,20260929,38.24,15000,573600.0,0.0,3.0173613361070633,45.0
002596.SZ,20260929,3.22,34200,110124.0,0.0,1.312058403150387,45.0
002597.SZ,20260929,20.87,15100,315137.0,-0.19129603060735745,3.7470632198648834,43.85222381635585
002598.SZ,20260929,6.77,8100,54837.0,-0.2945508100147376,8.383606126299117,43.23269513991158
002599.SZ,20260929,5.46,6300,34398.0,-0.9074410163339319,0.9720727621336532,39.55535390199641
002600.SZ,20260929,11.9,316700,3768730.0,-0.9159034138218058,6.462324883248211,39.50457951706917
002601.SZ,20260929,14.74,7800,114972.0,-0.06779661016949046,0.7811066202450552,44.59322033898306
002602.SZ,20260929,13.77,223200,3073464.0,-0.7209805335255948,4.310375318934781,40.674116798846434
002603.SZ,20260929,15.14,10300,155942.0,-0.06600660066006236,0.9786157290277063,44.603960396039625
002605.SZ,20260929,16.3,3400,55420.0,0.18438844499077955,1.5512281335123188,46.106330669944676
002606.SZ,20260929,11.84,26000,307840.0,0.0,3.901480759901496,45.0
002607.SZ,20260929,1.84,290400,534336.0,0.5464480874316946,2.806414225807157,48.278688524590166
002608.SZ,20260929,7.25,32400,234900.0,0.0,4.150102328555456,45.0
002609.SZ,20260929,7.86,21300,167418.0,-0.5063291139240533,3.517661391437356,41.96202531645568
002611.SZ,20260929,14.56,139100,2025296.0,-1.0197144799456215,7.639296599357438,38.88171312032627
002612.SZ,20260929,16.68,118000,1968240.0,-1.824602707474976,11.923616898686996,34.052383755150146
002613.SZ,20260929,3.3,154200,508860.0,0.3039513677811412,5.304876571224356,46.823708206686845
002614.SZ,20260929,8.29,6801500,56384435.0,-2.4705882352941244,50.49214545572739,30.176470588235254
002615.SZ,20260929,6.33,88400,559572.0,-0.31496062992125706,19.028480797326438,43.11023622047246
002616.SZ,20260929,4.76,23200,110432.0,-0.20964360587001352,4.67053151175578,43.74213836477992
002617.SZ,20260929,6.65,442200,2940630.0,-1.4814814814814725,6.051662293408221,36.111111111111164
002620.SZ,20260929,5.2,39100,203320.0,0.0,5.395388545594363,45.0
002622.SZ,20260929,2.58,841900,2172102.0,1.1764705882353121,13.035363009080163,52.058823529411875
002623.SZ,20260929,18.56,122200,2268032.0,-1.1714589989350488,13.3697792231917,37.971246006389705
002624.SZ,20260929,9.35,129700,1212695.0,-0.2134471718249653,3.3469949717820158,43.71931696905021
002625.SZ,20260929,22.09,1889489,41738812.01,-1.6911437472185042,43.48003896716664,34.853137516688975
002626.SZ,20260929,15.96,2000,31920.0,-0.3745318352059823,0.8456093384199702,42.75280898876411
002627.SZ,20260929,6.48,12300,79704.0,-0.3076923076922977,2.1848948625927616,43.15384615384622
002628.SZ,20260929,4.86,2800,13608.0,0.0,0.23335853621529845,42.004536518753724
002629.SZ,20260929,4.31,41400,178434.0,0.0,3.8184075124000882,45.0
002630.SZ,20260929,1.48,120500,178340.0,-0.6711409395973145,6.607251003389645,40.97315436241611
002631.SZ,20260929,13.3,470500,6257650.0,2.386451116243271,10.309022674912711,59.318706697459625
002632.SZ,20260929,9.1,59800,544180.0,-0.21929824561403022,4.494983265586921,43.684210526315816
002633.SZ,20260929,15.29,42300,646767.0,0.1309757694826441,8.280519625553854,45.78585461689586
002634.SZ,20260929,4.04,46100,186244.0,0.0,8.528241799035731,45.0
002635.SZ,20260929,14.69,375100,5510219.0,-0.20380434782609758,9.939256587302907,43.77717391304341
002636.SZ,20260929,77.81,222720,17329843.2,-1.8789407313997364,4.775095418624774,33.72635561160158
002637.SZ,20260929,10.15,28400,288260.0,-0.29469548133594925,2.347244241943442,43.2318271119843
002638.SZ,20260929,4.85,302800,1468580.0,-0.4106776180698213,5.738495672182029,42.53593429158107
002639.SZ,20260929,13.98,1200700,16785786.0,-1.8947368421052602,15.161465969659917,33.63157894736844
002640.SZ,20260929,4.05,29891600,121060980.0,2.2727272727272707,63.2453815379658,58.636363636363626
002641.SZ,20260929,3.78,34300,129654.0,0.8000000000000007,6.743919191900362,49.800000000000004
002642.SZ,20260929,6.81,10500,71505.0,-1.017441860465118,0.8662649342166586,38.89534883720929
002643.SZ,20260929,12.47,31100,387817.0,-0.7165605095541427,2.888542394525904,40.700636942675146
002644.SZ,20260929,8.21,9700,79637.0,-0.6053268765133013,2.762604362195616,41.36803874092019
002645.SZ,20260929,17.09,68000,1162120.0,0.17584994138335475,4.637860339075262,46.05509964830013
002646.SZ,20260929,7.08,98100,694548.0,0.0,9.979329488278683,45.0
002647.SZ,20260929,11.45,33600,384720.0,-0.5212858384013974,2.8035352303798575,41.87228496959162
002648.SZ,20260929,26.75,52200,1396350.0,-0.1493094438223208,1.220844300648969,44.10414333706608
002649.SZ,20260929,9.08,9100,82628.0,0.33149171270716593,1.5793927422610377,46.988950276242996
002650.SZ,20260929,6.4,3600,23040.0,1.2658227848101333,1.0904888499644954,52.5949367088608
002651.SZ,20260929,7.88,8000,63040.0,-0.7556675062972307,1.176047524978937,40.46599496221661
002652.SZ,20260929,4.46,29700,132462.0,0.0,2.1974606289498415,45.0
002653.SZ,20260929,60.59,1400,84826.0,-0.19766101136550196,0.3846869693514571,43.81403393180699
002654.SZ,20260929,12.5,108400,1355000.0,0.0,4.142765453368268,45.0
002655.SZ,20260929,34.53,94600,3266538.0,0.028968713789101486,7.474156918672209,45.17381228273461
002656.SZ,20260929,2.76,26400,72864.0,0.0,1.9731160768178628,45.0
002657.SZ,20260929,14.4,6100,87840.0,-0.6211180124223614,0.979755464966118,41.273291925465834
002658.SZ,20260929,7.23,131300,949299.0,-0.5502063273727487,26.485682057048184,41.69876203576351
002659.SZ,20260929,4.64,5300,24592.0,-0.42918454935623185,0.38834548419484094,42.42489270386261
002660.SZ,20260929,7.84,500,3920.0,1.0309278350515427,0.06622100605317432,18.105348099880636
002661.SZ,20260929,7.55,4500,33975.0,-0.1322751322751281,1.0799626766043298,44.20634920634923
002662.SZ,20260929,3.1,9500,29450.0,0.0,0.9906977897834397,45.0
002663.SZ,20260929,1.7,59400,100980.0,-0.5847953216374324,1.6352753157246116,41.4912280701754
002664.SZ,20260929,14.53,16200,235386.0,1.2543554006968716,5.106912962297852,52.526132404181226
002666.SZ,20260929,4.16,39100,162656.0,-0.23980815347721673,4.525569484279951,43.5611510791367
002667.SZ,20260929,21.9,156700,3431730.0,-0.454545454545463,4.509297876867445,42.272727272727224
002668.SZ,20260929,8.72,30500,265960.0,-0.45662100456620447,4.121752470399448,42.260273972602775
002669.SZ,20260929,13.55,1467600,19885980.0,-8.19783197831978,35.27371723095659,15.0
002670.SZ,20260929,10.97,44400,487068.0,-0.5439709882139487,3.099013715152694,41.73617407071631
002671.SZ,20260929,4.02,3100,12462.0,0.0,0.4254641560617,45.0
002672.SZ,20260929,3.66,532800,1950048.0,-0.27247956403269047,18.45670628714448,43.365122615803855
002673.SZ,20260929,6.53,29800,194594.0,0.0,1.867835592865007,45.0
002674.SZ,20260929,19.31,16800,324408.0,-0.9743589743589798,2.5083779830820676,39.15384615384612
002675.SZ,20260929,12.61,1800,22698.0,-0.3162055335968472,0.32000088423893996,43.10276679841892
002676.SZ,20260929,5.22,50000,261000.0,-0.3816793893129833,5.799096243067719,42.7099236641221
002677.SZ,20260929,6.19,45800,283502.0,0.16181229773464256,6.598727258382459,45.97087378640786
002678.SZ,20260929,4.35,54799,238375.65,0.23041474654377225,8.196992922665288,46.38248847926263
002679.SZ,20260929,11.25,525700,5914125.0,-5.143338954468801,19.172416142564046,15.0
002681.SZ,20260929,4.4,36800,161920.0,-0.4524886877827927,1.6403505263135123,42.28506787330324
002682.SZ,20260929,4.89,65100,318339.0,-0.6097560975609762,4.092225277300392,41.34146341463414
002683.SZ,20260929,27.6,24396,673329.6,1.9955654101995624,7.172647770627913,56.97339246119738
002685.SZ,20260929,5.29,207100,1095559.0,0.9541984732824416,12.31572617239706,50.72519083969465
002686.SZ,20260929,6.18,33100,204558.0,-0.8025682182985716,4.83222751188639,40.18459069020857
002687.SZ,20260929,5.58,29599,165162.42,-2.1052631578947434,2.5031748502094673,32.36842105263154
002688.SZ,20260929,5.15,19699,101449.85,0.0,4.074741186275593,45.0
002689.SZ,20260929,2.86,100,286.0,0.0,0.028593271145501326,5.146788806190239
002690.SZ,20260929,15.43,1700,26231.0,0.2599090318388564,0.4340233806106796,46.55945419103314
002691.SZ,20260929,3.97,8200,32554.0,-0.7499999999999951,9.084526222730236,40.50000000000003
002692.SZ,20260929,4.24,4699,19923.76,0.0,0.5150874989188307,45.0
002693.SZ,20260929,9.03,39599,357578.97,-0.7692307692307776,3.270832727225235,40.38461538461534
002694.SZ,20260929,2.49,12700,31623.0,-1.1904761904761862,4.07332211665908,37.85714285714288
002695.SZ,20260929,10.6,200,2120.0,0.569259962049351,0.02334740229881501,7.618092186082808
002696.SZ,20260929,6.45,46299,298628.55,-0.6163328197226536,3.455430930321974,41.302003081664076
002697.SZ,20260929,4.6,9900,45540.0,-0.21691973969633072,0.8106234213646214,43.698481561822014
002698.SZ,20260929,11.08,7700,85316.0,-0.3597122302158251,1.3960347346905555,42.84172661870505
002700.SZ,20260929,6.31,10999,69403.69,0.0,3.458413323368118,45.0
002701.SZ,20260929,4.25,84000,357000.0,0.2358490566037652,4.799857982286039,46.41509433962259
002702.SZ,20260929,5.37,212799,1142730.63,-1.2867647058823595,9.027667606008658,37.27941176470584
002703.SZ,20260929,14.95,193400,2891330.0,-2.0314547837483654,7.14557310485496,32.811271297509805
002705.SZ,20260929,11.93,232200,2770146.0,-0.4173622704507607,16.83382037478783,42.49582637729544
002706.SZ,20260929,8.38,33799,283235.62,-0.23809523809523725,3.6712675579439975,43.57142857142858
002707.SZ,20260929,5.03,64399,323926.97,0.19920318725101804,5.343883693783386,46.19521912350611
002708.SZ,20260929,16.97,119500,2027915.0,-0.23515579071136106,3.198313509747864,43.58906525573183
002709.SZ,20260929,30.78,128600,3958308.0,1.0173941581884005,3.52503662963884,51.1043649491304
002712.SZ,20260929,4.97,33399,165993.03,1.8442622950819665,1.7200375805196535,56.065573770491795
002713.SZ,20260929,10.04,22500,225900.0,0.0,1.686682151554179,45.0
002714.SZ,20260929,41.68,172500,7189800.0,-0.07192519779429807,5.463768906035938,44.56844881323421
002715.SZ,20260929,13.02,5900,76818.0,0.0,2.037640242941211,45.0
002716.SZ,20260929,8.52,3079599,26238183.48,-0.11723329425556983,32.71970875498674,44.29660023446658
002717.SZ,20260929,0.69,2200700,1518483.0,-10.389610389610393,122.55251375492838,15.0
002718.SZ,20260929,79.95,600,47970.0,-0.2992891881780757,0.5558151414905241,43.204264870931546
002719.SZ,20260929,6.05,2200,13310.0,0.3316749585406287,1.0317694447533121,46.990049751243774
002721.SZ,20260929,2.56,519700,1330432.0,0.0,16.596832698407063,45.0
002722.SZ,20260929,13.2,16700,220440.0,0.0,5.471865276993528,45.0
002723.SZ,20260929,7.32,6799,49768.68,-0.5434782608695676,0.7949283977501929,41.739130434782595
002724.SZ,20260929,6.9,512599,3536933.1,-1.4285714285714235,11.22163750192584,36.42857142857146
002725.SZ,20260929,10.65,2000,21300.0,-0.5602240896358635,0.5228146879902078,41.63865546218482
002726.SZ,20260929,2.44,222700,543388.0,0.411522633744843,8.349047576852515,47.469135802469054
002727.SZ,20260929,10.66,7000,74620.0,-0.1872659176029967,2.444961979235713,43.87640449438202
002728.SZ,20260929,9.62,101600,977392.0,-0.5170630816959787,6.343075876614096,41.89762150982413
002729.SZ,20260929,13.45,12400,166780.0,-0.07429420505201678,3.321473772047482,44.5542347696879
002730.SZ,20260929,20.93,3000,62790.0,-0.23832221163012646,0.5364987242241478,43.57006673021924
002731.SZ,20260929,,0,0.0,,,0.0
002732.SZ,20260929,14.08,15900,223872.0,0.0710732054015617,12.884961921297743,45.42643923240937
002733.SZ,20260929,17.0,24400,414800.0,0.5322294500295754,2.175954444046537,48.19337670017745
002734.SZ,20260929,18.93,522000,9881460.0,2.1035598705501757,23.04789792349356,57.621359223301056
002735.SZ,20260929,10.73,62300,668479.0,0.0,4.716107758499472,45.0
002736.SZ,20260929,9.72,66100,642492.0,0.4132231404958775,6.426727195687427,47.47933884297527
002737.SZ,20260929,11.29,7700,86933.0,-0.08849557522124796,2.1571060967520883,44.46902654867251
002738.SZ,20260929,40.67,79400,3229198.0,0.09844942160963654,2.4791841442232267,45.59069652965782
002739.SZ,20260929,8.25,270600,2232450.0,0.73260073260073,7.816205142283096,49.39560439560438
002741.SZ,20260929,25.5,276868,7060134.0,-0.932400932400923,7.449042191525791,39.405594405594464
002742.SZ,20260929,4.11,77300,317703.0,0.24390243902441266,5.789008955269032,46.463414634146474
002743.SZ,20260929,4.36,700600,3054616.0,-2.8953229398663627,43.742687698243905,27.628062360801824
002745.SZ,20260929,11.25,56300,633375.0,-0.3542958370239102,0.97130994430166,42.87422497785654
002746.SZ,20260929,6.25,82200,513750.0,-1.2638230647709303,6.480964502004062,37.41706161137442
002747.SZ,20260929,28.41,118900,3377949.0,-0.14059753954305254,6.502963423573434,44.15641476274168
002748.SZ,20260929,11.95,11600,138620.0,0.251677852348986,3.70701489323051,46.510067114093914
002749.SZ,20260929,8.4,8200,68880.0,-0.4739336492890933,6.458366573535639,42.15639810426544
002752.SZ,20260929,6.02,14200,85484.0,0.0,2.837624330540416,45.0
002753.SZ,20260929,6.71,21400,143594.0,0.0,4.6735365705781,45.0
002755.SZ,20260929,12.5,33800,422500.0,0.0,4.407452673868531,45.0
002756.SZ,20260929,37.76,10300,388928.0,-0.29046738843411246,1.1919593129312596,43.25719566939532
002757.SZ,20260929,18.6,127100,2364060.0,-0.9057005860415468,5.860883262327819,39.56579648375072
002758.SZ,20260929,8.47,22100,187187.0,-0.1179245283018826,5.152320974895638,44.29245283018871
002759.SZ,20260929,13.65,109700,1497405.0,1.5625,6.158309750891322,54.375
002760.SZ,20260929,17.37,8500,147645.0,-0.742857142857134,3.5179597386855264,40.542857142857194
002761.SZ,20260929,7.26,4500,32670.0,0.13793103448276334,0.3387021897973962,45.827586206896584
002762.SZ,20260929,9.75,2300,22425.0,0.0,0.20926422279337642,37.667560102807755
002763.SZ,20260929,7.33,9000,65970.0,0.0,3.1197882390459424,45.0
002765.SZ,20260929,6.75,1699,11468.25,-0.4424778761061954,0.3881992354209024,42.345132743362825
002766.SZ,20260929,3.97,51999,206436.03,-0.5012531328320802,3.263793565631477,41.99248120300752
002767.SZ,20260929,18.27,4900,89523.0,0.0,2.7123483702035127,45.0
002768.SZ,20260929,69.07,162700,11237689.0,-1.623700327588662,16.911289795511532,35.257798034468024
002769.SZ,20260929,6.62,10499,69503.38,0.1512859304084735,1.2083767065216213,45.90771558245084
002771.SZ,20260929,13.29,9200,122268.0,-0.07518796992482812,1.0083336779430043,44.54887218045103
002772.SZ,20260929,10.26,96427,989341.02,0.0,10.131066507774563,45.0
002773.SZ,20260929,21.4,1019900,21825860.0,1.42180094786728,37.800366026419866,53.53080568720368
002774.SZ,20260929,16.52,12700,209804.0,-0.7211538461538547,2.0429143664600287,40.67307692307687
002775.SZ,20260929,3.3,44100,145530.0,-0.6024096385542133,3.5682628069569082,41.38554216867472
002777.SZ,20260929,12.37,9600,118752.0,-0.8019246190858142,1.9937303064735794,40.18845228548511
002778.SZ,20260929,15.71,7700,120967.0,0.1274697259400881,4.131722737826554,45.76481835564053
002779.SZ,20260929,76.15,8300,632045.0,-0.40544075333506235,4.109858948818963,42.56735547998963
002780.SZ,20260929,14.92,65000,969800.0,0.5390835579514919,13.747700967062448,48.23450134770895
002782.SZ,20260929,14.42,63900,921438.0,1.980198019801982,9.914407033106933,56.88118811881189
002783.SZ,20260929,7.99,3899,31153.01,-0.37406483790523026,0.7003909097299088,42.75561097256862
002785.SZ,20260929,35.5,51900,1842450.0,-3.7940379403794022,5.961964298855677,22.235772357723587
002786.SZ,20260929,7.56,5799,43840.44,-0.39525691699605625,1.3035330991872027,42.62845849802366
002787.SZ,20260929,25.1,17200,431720.0,-0.039824771007557214,1.556661892535746,44.76105137395466
002788.SZ,20260929,10.61,18600,197346.0,-0.7483629560336769,1.8314117489055108,40.509822263797936
002789.SZ,20260929,13.7,8700,119190.0,-0.29112081513829047,3.4830926812125065,43.25327510917026
002790.SZ,20260929,6.39,35300,225567.0,-0.15625000000001332,2.1445910451429437,44.06249999999992
002791.SZ,20260929,15.12,5800,87696.0,0.06618133686300265,0.8997055643366628,45.397088021178014
002792.SZ,20260929,30.59,139900,4279541.0,0.6250000000000089,8.807912090790413,48.75000000000006
002793.SZ,20260929,4.69,94300,442267.0,-1.2631578947368327,2.9142799310516003,37.421052631579
002795.SZ,20260929,7.52,92599,696344.48,0.2666666666666595,7.607216682165206,46.59999999999996
002796.SZ,20260929,25.91,41900,1085629.0,-1.2576219512195008,4.249754308824482,37.454268292683
002797.SZ,20260929,6.1,33700,205570.0,0.0,1.775525582677805,45.0
002798.SZ,20260929,6.61,39000,257790.0,0.60882800608828,4.034556063614572,48.65296803652968
002799.SZ,20260929,6.86,3199,21945.14,0.0,0.17775916152034968,31.996649073662944
002800.SZ,20260929,14.49,4900,71001.0,-0.6854009595613442,2.311168326007901,40.887594242631934
002801.SZ,20260929,26.78,7700,206206.0,1.362604087812258,11.488644290276499,53.17562452687355
002802.SZ,20260929,12.35,23600,291460.0,0.7340946166394691,11.025252323260416,49.40456769983682
002803.SZ,20260929,19.86,62800,1247208.0,-1.731815932706593,2.8600770229991737,34.60910440376044
002805.SZ,20260929,15.39,28900,444771.0,-0.25923525599480524,2.4317573650612343,43.44458846403117
002806.SZ,20260929,14.75,9300,137175.0,0.0,1.300996496594975,45.0
002807.SZ,20260929,4.15,288580,1197607.0,0.0,8.130755624203028,45.0
002809.SZ,20260929,8.39,6599,55365.61,0.11933174224343368,1.4648422093087747,45.715990453460606
002810.SZ,20260929,20.36,5100,103836.0,-0.09813542688910104,1.8013772325229234,44.411187438665394
002811.SZ,20260929,15.87,21100,334857.0,0.0,1.9455463169748894,45.0
002812.SZ,20260929,45.31,41500,1880365.0,0.48791306276336766,3.4653475244432688,47.927478376580204
002813.SZ,20260929,23.98,104900,2515502.0,0.0,10.869366383094391,45.0
002815.SZ,20260929,21.84,1339700,29259048.0,-1.7101710171017026,15.115372743346924,34.73897389738978
002816.SZ,20260929,21.03,7700,161931.0,-0.8018867924528217,7.314633259661959,40.18867924528307
002817.SZ,20260929,6.75,12100,81675.0,0.0,2.9076521661955237,45.0
002818.SZ,20260929,10.71,101600,1088136.0,-1.8331805682859748,11.258966072938776,34.00091659028415
002819.SZ,20260929,23.81,1135100,27026731.0,-4.645574689627551,50.2959223036573,17.12655186223469
002820.SZ,20260929,9.68,16699,161646.32,-0.10319917440659854,3.21562744083416,44.38080495356041
002821.SZ,20260929,180.16,25100,4522016.0,-0.20495208552595567,3.28070483968274,43.77028748684427
002822.SZ,20260929,2.9,7300,21170.0,-0.3436426116838587,0.568353816020479,42.93814432989685
002823.SZ,20260929,12.62,13900,175418.0,-0.3159557661927437,5.760480337510752,43.10426540284354
002824.SZ,20260929,25.3,69900,1768470.0,0.3968253968253954,7.474496897145117,47.38095238095237
002825.SZ,20260929,9.24,800,7392.0,-0.108108108108107,0.271375310247841,44.351351351351354
002826.SZ,20260929,17.5,9100,159250.0,-0.22805017103761926,2.586745263872463,43.631698973774284
002827.SZ,20260929,66.89,381000,25485090.0,-2.9595241549398077,17.21149631523084,27.242855070361152
002828.SZ,20260929,10.73,9000,96570.0,0.0,1.7880471199686003,45.0
002829.SZ,20260929,19.3,4600,88780.0,-0.7201646090534974,1.6899607444542737,40.67901234567901
002830.SZ,20260929,14.64,6800,99552.0,-0.47586675730795225,3.30022565730522,42.144799456152285
002831.SZ,20260929,27.96,17900,500484.0,1.7097126227719306,4.249134111128382,55.25827573663158
002832.SZ,20260929,24.8,9300,230640.0,-0.6808169803764419,1.6787530970882918,40.91509811774135
002833.SZ,20260929,18.35,5500,100925.0,-0.6497022198159064,1.0848502217834202,41.101786681104564
002835.SZ,20260929,13.0,11900,154700.0,-0.23023791250958991,5.17049049004084,43.61857252494246
002836.SZ,20260929,11.85,416900,4940265.0,2.420051858254091,24.152254995335745,59.520311149524545
002837.SZ,20260929,54.3,119560,6492108.0,-0.11037527593819041,5.058762440645215,44.33774834437086
002838.SZ,20260929,24.47,13800,337686.0,-0.040849673202625336,3.9938272721038923,44.754901960784245
002839.SZ,20260929,4.21,100500,423105.0,-0.23696682464454666,5.513458245962581,43.57819905213272
002840.SZ,20260929,7.92,77700,615384.0,-1.0000000000000009,6.420134251439601,38.99999999999999
002841.SZ,20260929,44.06,47100,2075226.0,-0.09070294784579991,7.641980046033594,44.4557823129252
002842.SZ,20260929,31.2,142900,4458480.0,1.2658227848101333,12.7549858284241,52.5949367088608
002843.SZ,20260929,14.84,5600,83104.0,0.0,1.0529459072167118,45.0
002845.SZ,20260929,13.64,18900,257796.0,-0.727802037845704,4.0821913365751525,40.63318777292578
002846.SZ,20260929,10.98,117200,1286856.0,1.6666666666666607,4.864884806963447,54.999999999999964
002847.SZ,20260929,43.2,4000,172800.0,-0.4837595024187791,2.728539361236638,42.097442985487326
002848.SZ,20260929,14.72,27200,400384.0,-0.6747638326585648,3.214074522756685,40.95141700404861
002849.SZ,20260929,20.17,739600,14917732.0,-9.470377019748655,20.00313018809502,15.0
002850.SZ,20260929,162.18,12200,1978596.0,-0.5030674846625671,1.7895979998689315,41.9815950920246
002851.SZ,20260929,114.54,128474,14715411.96,-0.7452339688041598,4.619478455073088,40.52859618717504
002852.SZ,20260929,8.8,830900,7311920.0,-1.1235955056179692,38.13241284439242,38.258426966292184
002853.SZ,20260929,20.45,1100,22495.0,-0.5833738454059323,0.9698546162277307,41.499756927564405
002855.SZ,20260929,12.69,61800,784242.0,0.07886435331230235,7.731461229824062,45.473186119873816
002856.SZ,20260929,18.03,89500,1613685.0,0.05549389567147678,12.87962139010895,45.332963374028864
002857.SZ,20260929,17.93,3800,68134.0,1.643990929705219,2.475113635847626,54.863945578231316
002858.SZ,20260929,11.54,15200,175408.0,-0.08658008658010141,4.02097588301612,44.48051948051939
002859.SZ,20260929,59.8,20500,1225900.0,-0.30010003334445257,2.972808233165858,43.19939979993328
002860.SZ,20260929,,0,0.0,,,0.0
002861.SZ,20260929,13.99,8400,117516.0,-0.4978662873399764,2.448994851579963,42.01280227596014
002862.SZ,20260929,14.95,71900,1074905.0,0.0,12.536244070600771,45.0
002863.SZ,20260929,4.72,55699,262899.28,-0.6315789473684275,7.189500521600923,41.21052631578944
002864.SZ,20260929,21.07,9700,204379.0,0.620821394460358,6.937939104604642,48.72492836676215
002865.SZ,20260929,36.3,32800,1190640.0,0.4427227448810189,6.186356295022353,47.65633646928612
002866.SZ,20260929,14.26,104800,1494448.0,2.1489971346704717,7.905327562465513,57.89398280802283
002867.SZ,20260929,10.03,19900,199597.0,-0.09960159362549792,3.619070109148643,44.40239043824701
002868.SZ,20260929,22.09,1200,26508.0,-0.45065344749888325,0.8850359028997021,42.2960793150067
002869.SZ,20260929,16.71,23400,391014.0,0.05988023952097077,5.990594423878033,45.35928143712582
002870.SZ,20260929,46.23,1200,55476.0,-0.06485084306095956,0.5574519970132968,44.61089494163424
002871.SZ,20260929,17.6,9400,165440.0,0.0,4.91962169584094,45.0
002872.SZ,20260929,6.02,9800,58996.0,-0.33112582781458233,1.7547091705474642,43.013245033112504
002873.SZ,20260929,8.44,8999,75951.56,0.0,1.7130881556708213,45.0
002875.SZ,20260929,12.84,500,6420.0,0.943396226415083,0.15706657305035704,33.93236050755476
002876.SZ,20260929,32.0,5800,185600.0,1.4584654407102216,2.514764062609484,53.75079264426133
002877.SZ,20260929,7.38,8999,66412.62,-0.4048582995951455,2.1829694016694243,42.57085020242913
002878.SZ,20260929,12.38,2500,30950.0,-0.32206119162639935,0.424307171850944,43.0676328502416
002879.SZ,20260929,17.24,79000,1361960.0,-0.9764503159104043,6.6717608346662995,39.141298104537576
002880.SZ,20260929,21.91,7300,159943.0,-0.2730996813837039,3.5602899554026064,43.361401911697776
002881.SZ,20260929,42.45,76900,3264405.0,-0.35211267605633756,15.429064527695036,42.887323943661976
002882.SZ,20260929,22.55,511100,11525305.0,1.2118491921005337,26.140499278326626,52.2710951526032
002883.SZ,20260929,,0,0.0,,0.0,0.0
002884.SZ,20260929,15.24,600,9144.0,-0.06557377049180024,0.699483564338571,44.6065573770492
002885.SZ,20260929,26.09,33900,884451.0,-0.7229832572298367,3.2446224862923216,40.662100456620976
002886.SZ,20260929,24.19,96700,2339173.0,0.04135649296941324,5.984330869104539,45.24813895781648
002887.SZ,20260929,9.46,197900,1872134.0,-0.10559662090813271,19.168781512655936,44.3664202745512
002888.SZ,20260929,18.44,2700,49788.0,0.0,1.257312904135073,45.0
002889.SZ,20260929,11.72,7400,86728.0,-2.006688963210701,3.8644991407729874,32.95986622073579
002890.SZ,20260929,15.28,100,1528.0,0.592495062541154,0.08849871201939928,19.484738538738796
002891.SZ,20260929,27.69,44693,1237549.17,-0.4314994606256617,12.83238514405558,42.41100323624603
002892.SZ,20260929,8.51,99,842.49,-0.5841121495327228,0.03257402708734208,2.358651978525238
002893.SZ,20260929,10.15,36100,366415.0,-0.29469548133594925,3.8050314571213004,43.2318271119843
002895.SZ,20260929,30.02,600,18012.0,-0.033300033300043275,0.2516151262190311,44.80019980019974
002896.SZ,20260929,61.9,59600,3689240.0,-2.2271363133786193,7.3023118345122935,31.637182119728283
002897.SZ,20260929,58.45,21000,1227450.0,-1.1667230300980713,3.0773907259877786,37.99966181941157
002899.SZ,20260929,20.62,2900,59798.0,0.048520135856389146,1.0596359490081166,45.291120815138335
002900.SZ,20260929,12.81,173800,2226378.0,-1.9142419601837712,6.073443850953248,33.514548238897376
002901.SZ,20260929,40.98,4500,184410.0,-0.7748184019370497,3.007080717735955,40.351089588377704
002902.SZ,20260929,25.42,50800,1291336.0,-0.547730829420956,3.00725874823752,41.71361502347426
002903.SZ,20260929,29.19,11100,324009.0,-0.4094165813715356,2.6060955464940103,42.54350051177079
002905.SZ,20260929,8.61,19799,170469.39,-1.7123287671232945,4.543270550462165,34.72602739726023
002906.SZ,20260929,26.73,28000,748440.0,0.22497187851517886,8.440497951563582,46.34983127109108
002907.SZ,20260929,14.39,44800,644672.0,-0.6901311249137287,5.020309775522132,40.85921325051763
002908.SZ,20260929,6.96,1199,8345.04,-0.2865329512894088,0.2537900651794785,43.280802292263544
002909.SZ,20260929,6.71,960100,6442271.0,-10.053619302949057,7.571691285111904,15.0
002910.SZ,20260929,9.8,38299,375330.2,-0.6085192697768638,6.277043191170435,41.34888438133882
002911.SZ,20260929,11.27,23800,268226.0,-0.08865248226950229,4.75424083583145,44.468085106382986
002912.SZ,20260929,27.55,1676100,46176555.0,4.080090668681535,58.51073351330363,69.48054401208921
002913.SZ,20260929,82.8,39400,3262320.0,0.0,4.045168516070037,45.0
002915.SZ,20260929,16.2,3700,59940.0,0.0,1.0109488700688065,45.0
002916.SZ,20260929,371.07,25900,9610713.0,0.02426006792817237,4.305998958096153,45.145560407569036
002917.SZ,20260929,10.14,11400,115596.0,0.9960159362550014,4.853284458451907,50.97609561753001
002918.SZ,20260929,10.4,193600,2013440.0,-1.6083254493850507,15.998173241011465,35.35004730368969
002919.SZ,20260929,15.68,6100,95648.0,-0.2544529262086592,1.7263657319004184,43.473282442748044
002920.SZ,20260929,80.01,11600,928116.0,0.012500000000015277,2.1489529219501695,45.07500000000009
002921.SZ,20260929,19.8,4600,91080.0,0.050530570995466206,1.6008503281050401,45.3031834259728
002922.SZ,20260929,21.56,38400,827904.0,0.983606557377037,4.663934897878762,50.90163934426222
002923.SZ,20260929,10.63,17100,181773.0,-1.116279069767434,4.43630911569516,38.302325581395394
002925.SZ,20260929,22.2,17100,379620.0,0.3616636528028794,2.088315817714146,47.16998191681728
002926.SZ,20260929,8.05,26299,211706.95,-0.3712871287128605,2.632730426896838,42.77227722772284
002927.SZ,20260929,19.11,36100,689871.0,0.0,4.3619454333158805,45.0
002928.SZ,20260929,6.07,406999,2470483.93,-0.1644736842105199,27.30821357119726,44.01315789473688
002929.SZ,20260929,47.35,7400,350390.0,-0.7337526205450806,1.7692241995283802,40.59748427672952
002930.SZ,20260929,9.09,13899,126341.91,0.8879023307436285,3.3983407723714607,50.32741398446177
002931.SZ,20260929,38.61,3700,142857.0,-0.6433350488934675,1.104489273747126,41.1399897066392
002932.SZ,20260929,,0,0.0,,0.0,0.0
002933.SZ,20260929,27.34,15900,434706.0,0.6998158379373898,10.771543031983986,49.19889502762434
002935.SZ,20260929,17.8,151700,2700260.0,-2.5191675794085433,9.472890261157183,29.88499452354874
002936.SZ,20260929,1.7,176400,299880.0,0.0,2.997876941997839,45.0
002937.SZ,20260929,27.09,57000,1544130.0,-0.5141388174807249,3.7802220274772766,41.91516709511565
002938.SZ,20260929,79.9,43800,3499620.0,0.3012804418779824,2.9985751662974165,46.807682651267896
002939.SZ,20260929,7.68,40300,309504.0,0.1303780964797996,4.945112964862777,45.7822685788788
002940.SZ,20260929,22.47,6300,141561.0,0.04452359750666268,1.7707285998811209,45.26714158503998
002941.SZ,20260929,10.3,2700,27810.0,-0.3868471953578201,0.42355985066397583,42.67891682785308
002942.SZ,20260929,16.36,16100,263396.0,-0.728155339805836,6.36221300162367,40.63106796116499
002943.SZ,20260929,28.8,7900,227520.0,-0.6211180124223614,1.4822097873851794,41.273291925465834
002945.SZ,20260929,14.1,13800,194580.0,0.2132196162046851,1.8966778476755053,46.27931769722811
002946.SZ,20260929,14.5,10400,150800.0,-0.27510316368637433,2.6270398951720493,43.349381017881754
002947.SZ,20260929,57.76,8000,462080.0,-0.8412017167382047,1.7632594110305875,39.95278969957077
002948.SZ,20260929,6.03,354399,2137025.97,-0.4950495049504844,11.266691741684012,42.029702970297095
002949.SZ,20260929,12.97,49000,635530.0,-1.7424242424242342,5.620147610776498,34.5454545454546
002950.SZ,20260929,8.52,1600,13632.0,0.35335689045936647,0.30279779088158665,47.1201413427562
002951.SZ,20260929,15.85,52700,835295.0,0.25300442757747454,9.379579702930661,46.51802656546485
002952.SZ,20260929,18.99,8200,155718.0,-0.6799163179916468,3.2883596717671457,40.92050209205012
002953.SZ,20260929,9.9,32000,316800.0,-0.4024144869215207,6.718362563623206,42.585513078470875
002955.SZ,20260929,36.01,3000,108030.0,-0.7715624138881272,0.9157245126137021,40.37062551667124
002956.SZ,20260929,17.8,14900,265220.0,-0.2801120448179262,3.3132098785927195,43.31932773109244
002957.SZ,20260929,36.87,89800,3310926.0,-1.046698872785834,5.6620942313508555,38.71980676328499
002958.SZ,20260929,2.87,80300,230461.0,-0.3472222222222099,1.4795958504925084,42.91666666666674
002959.SZ,20260929,33.0,69800,2303400.0,-2.3090586145648295,9.95017004260889,31.145648312611023
002960.SZ,20260929,8.45,1899,16046.55,0.11848341232227888,0.4171803591408402,45.71090047393368
002961.SZ,20260929,13.08,41724,545749.92,-0.22883295194507935,2.9041670670956665,43.62700228832952
002962.SZ,20260929,14.23,932900,13275167.0,-3.590785907859073,16.918750048403982,23.455284552845562
002963.SZ,20260929,22.06,57100,1259626.0,-0.18099547511313263,8.973910766686727,43.91402714932121
002965.SZ,20260929,30.21,21400,646494.0,-0.7555847568988194,2.791051307771674,40.46649145860708
002966.SZ,20260929,9.29,87400,811946.0,0.0,3.192225898912282,45.0
002967.SZ,20260929,17.92,25400,455168.0,-0.49972237645752315,4.594361816999741,42.00166574125486
002968.SZ,20260929,9.75,22399,218390.25,0.20554984583760483,4.174633806335872,46.23329907502563
002969.SZ,20260929,10.69,105900,1132071.0,0.0,7.988745090833522,45.0
002970.SZ,20260929,39.75,16100,639975.0,-0.3759398496240518,5.7694212299808365,42.74436090225569
002971.SZ,20260929,38.9,110300,4290670.0,-1.3441541973116977,5.175127214422134,36.93507481612981
002972.SZ,20260929,13.11,300,3933.0,-0.22831050228311334,0.047510880335878664,7.1820954467594795
002973.SZ,20260929,12.2,8900,108580.0,0.0,2.033990990420236,45.0
002975.SZ,20260929,100.0,103100,10310000.0,0.0,12.745081449158334,45.0
002976.SZ,20260929,22.5,41000,922500.0,-0.9247027741083214,7.2074322833569395,39.451783355350074
002977.SZ,20260929,18.86,700,13202.0,0.37253858435337683,0.6845702724451754,47.23523150612026
002978.SZ,20260929,24.22,3200,77504.0,-0.24711696869852418,2.165245354700261,43.517298187808855
002979.SZ,20260929,51.81,35800,1854798.0,-0.36538461538461187,8.741751360205253,42.80769230769233
002980.SZ,20260929,101.5,48600,4932900.0,1.2165935380933357,5.0242824214153385,52.299561228560016
002981.SZ,20260929,23.21,3000,69630.0,0.04310344827587187,0.978301225429978,45.25862068965523
002982.SZ,20260929,12.63,11400,143982.0,-0.7075471698113178,3.62379816709375,40.75471698113209
002983.SZ,20260929,21.61,5300,114533.0,-0.5522319374137163,4.02591550420716,41.6866083755177
002984.SZ,20260929,12.72,6500,82680.0,0.0,1.2781382174958276,45.0
002985.SZ,20260929,,0,0.0,,0.0,0.0
002986.SZ,20260929,12.79,3800,48602.0,1.0268562401263726,1.8410382183696552,51.16113744075824
002987.SZ,20260929,10.49,2400,25176.0,-0.09523809523809268,0.43626706674477717,44.428571428571445
002988.SZ,20260929,31.26,8200,256332.0,2.0234986945169675,2.767387604756782,57.14099216710181
002989.SZ,20260929,24.16,28600,690976.0,-0.983606557377048,3.5105337989352,39.098360655737714
002990.SZ,20260929,51.16,172300,8814868.0,0.29405998823759383,12.329971706797748,46.76435992942557
002991.SZ,20260929,37.17,2100,78057.0,-0.1879699248120259,4.856604352951268,43.872180451127846
002992.SZ,20260929,32.43,6600,214038.0,-0.24607812980620425,5.3239084581055405,43.52353122116278
002993.SZ,20260929,32.3,12800,413440.0,-0.5847953216374435,4.215489899735855,41.49122807017534
002995.SZ,20260929,16.22,7400,120028.0,-1.875378100423486,0.8884200572722579,33.747731397459084
002996.SZ,20260929,5.83,1400,8162.0,-0.1712328767123239,0.3394027125280187,43.97260273972606
002997.SZ,20260929,25.36,6200,157232.0,-0.39277297721916904,4.7771873916075265,42.643362136684985
002998.SZ,20260929,8.04,34700,278988.0,0.49999999999998934,4.7947271818657065,47.999999999999936
002999.SZ,20260929,6.25,104500,653125.0,-0.9508716323296307,11.998064199026066,39.294770206022214
003000.SZ,20260929,9.53,3300,31449.0,0.0,1.2951808950933101,45.0
003001.SZ,20260929,19.97,321700,6424349.0,0.7060010085728763,12.667974623831409,49.23600605143726
003002.SZ,20260929,15.48,16900,261612.0,-0.3861003861003742,3.521460337535874,42.68339768339776
003003.SZ,20260929,11.02,18100,199462.0,0.09082652134422275,4.79511711672446,45.54495912806534
003004.SZ,20260929,57.0,3500,199500.0,0.0,1.332227555524974,45.0
003005.SZ,20260929,14.78,21000,310380.0,-0.26990553306343035,1.7468753663173107,43.380566801619416
003006.SZ,20260929,22.28,286100,6374308.0,-0.9337483325922546,5.67788160104003,39.397510004446474
003007.SZ,20260929,39.51,4300,169893.0,-0.42842741935483764,2.8424941234993955,42.429435483870975
003008.SZ,20260929,19.6,8700,170520.0,-0.254452926208637,9.667000408347432,43.47328244274818
003009.SZ,20260929,45.0,3500,157500.0,-0.5085120495246453,2.207037862451292,41.94892770285213
003010.SZ,20260929,27.71,11900,329749.0,-1.0003572704537222,2.321813858117894,38.997856377277664
003011.SZ,20260929,19.73,7400,146002.0,-0.8542713567839089,4.168167138700371,39.874371859296545
003012.SZ,20260929,4.55,41600,189280.0,0.0,4.3805351033768565,45.0
003013.SZ,20260929,15.51,3200,49632.0,0.064516129032266,0.4446604845677417,45.387096774193594
003015.SZ,20260929,12.04,11600,139664.0,-0.7419620774938296,2.5072528010378288,40.54822753503702
003016.SZ,20260929,7.48,599,4480.52,-0.6640106241699861,0.2215518143528672,35.89526283849618
003017.SZ,20260929,22.62,10400,235248.0,0.04422821760283746,8.333633901694288,45.26536930561703
003018.SZ,20260929,44.93,17700,795261.0,-0.06672597864768592,2.8924211841339678,44.59964412811389
003019.SZ,20260929,26.14,900,23526.0,0.15325670498083088,0.33512671672638544,45.91954022988499
003020.SZ,20260929,16.9,5000,84500.0,-0.23612750885479983,2.2308739868643865,43.5832349468712
003021.SZ,20260929,68.2,9700,661540.0,-1.0303294151792097,5.20164272849883,38.81802350892474
003022.SZ,20260929,18.38,15400,283052.0,0.43715846994534235,2.6080456399650154,47.622950819672056
003023.SZ,20260929,26.3,5800,152540.0,2.3346303501945664,3.447265137265741,59.0077821011674
003025.SZ,20260929,11.97,2400,28728.0,-0.08347245409014992,0.6704543638370875,44.4991652754591
003026.SZ,20260929,33.79,85200,2878908.0,-0.11823825007389877,5.1032012745187165,44.29057049955661
003027.SZ,20260929,16.36,3000,49080.0,0.06116207951070152,1.358272823819589,45.36697247706421
003028.SZ,20260929,23.9,23700,566430.0,1.8321261184490734,23.208994113557765,55.99275671069444
003029.SZ,20260929,17.71,28600,506506.0,0.0,4.840223046635793,45.0
003030.SZ,20260929,26.44,42400,1121056.0,0.8390541571319687,17.676812113861367,50.03432494279181
003031.SZ,20260929,117.12,56500,6617280.0,0.11112060859903572,8.603883413749806,45.66672365159421
003032.SZ,20260929,8.7,92800,807360.0,-0.5714285714285783,4.287626045407142,41.57142857142853
003033.SZ,20260929,86.59,31400,2718926.0,-0.9267734553775719,14.38818324759525,39.43935926773457
003035.SZ,20260929,5.22,65200,340344.0,0.0,3.8431189928807625,45.0
003036.SZ,20260929,48.17,112900,5438393.0,-5.363457760314338,7.924813101480692,15.0
003037.SZ,20260929,5.76,1399,8058.24,0.17391304347824654,0.5140125562140955,46.04347826086948
003038.SZ,20260929,10.64,6200,65968.0,0.09407337723423836,2.9272727628527133,45.56444026340543
003039.SZ,20260929,12.42,57000,707940.0,-0.6399999999999961,16.295819253131516,41.160000000000025
003040.SZ,20260929,14.0,165800,2321200.0,-0.3558718861210064,5.775314383527283,42.864768683273965
003041.SZ,20260929,38.52,10400,400608.0,-0.413650465356763,5.655231849641032,42.51809720785942
003042.SZ,20260929,14.0,67600,946400.0,-1.1997177134791759,12.960727038721062,37.80169371912494
003043.SZ,20260929,59.99,5400,323946.0,0.1168224299065379,1.594168473007255,45.70093457943923
003816.SZ,20260929,4.25,289500,1230375.0,-0.23474178403755097,3.183017254136324,43.5915492957747
200011.SZ,20260929,2.92,1000,2920.0,,,0.0
200012.SZ,20260929,,0,0.0,,,0.0
200016.SZ,20260929,,0,0.0,,,0.0
200017.SZ,20260929,1.59,500,795.0,,,0.0
200019.SZ,20260929,,0,0.0,,,0.0
200020.SZ,20260929,,0,0.0,,,0.0
200025.SZ,20260929,3.93,1000,3930.0,,,0.0
200026.SZ,20260929,,0,0.0,,,0.0
200028.SZ,20260929,,0,0.0,,,0.0
200029.SZ,20260929,,0,0.0,,,0.0
200030.SZ,20260929,,0,0.0,,,0.0
200037.SZ,20260929,,0,0.0,,,0.0
200045.SZ,20260929,,0,0.0,,,0.0
200055.SZ,20260929,,0,0.0,,,0.0
200056.SZ,20260929,,0,0.0,,,0.0
200058.SZ,20260929,,0,0.0,,,0.0
200429.SZ,20260929,9.2,700,6440.0,,,0.0
200468.SZ,20260929,,0,0.0,,,0.0
200488.SZ,20260929,,0,0.0,,,0.0
200505.SZ,20260929,,0,0.0,,,0.0
200512.SZ,20260929,,0,0.0,,,0.0
200521.SZ,20260929,,0,0.0,,,0.0
200530.SZ,20260929,,0,0.0,,,0.0
200539.SZ,20260929,,0,0.0,,,0.0
200541.SZ,20260929,,0,0.0,,,0.0
200550.SZ,20260929,,0,0.0,,,0.0
200553.SZ,20260929,,0,0.0,,,0.0
200570.SZ,20260929,,0,0.0,,,0.0
200581.SZ,20260929,,0,0.0,,,0.0
200596.SZ,20260929,,0,0.0,,,0.0
200625.SZ,20260929,3.23,800,2584.0,,,0.0
200706.SZ,20260929,,0,0.0,,,0.0
200725.SZ,20260929,,0,0.0,,,0.0
200726.SZ,20260929,,0,0.0,,,0.0
200761.SZ,20260929,,0,0.0,,,0.0
200869.SZ,20260929,,0,0.0,,,0.0
200992.SZ,20260929,,0,0.0,,,0.0
201872.SZ,20260929,,0,0.0,,,0.0
300001.SZ,20260929,34.85,35300,1230205.0,0.34552260293696513,4.418357541473138,47.07313561762179
300002.SZ,20260929,7.84,9500,74480.0,0.12771392081736277,0.6215744877569616,45.766283524904175
300003.SZ,20260929,11.48,34700,398356.0,0.7017543859649145,3.01301673315068,49.21052631578949
300004.SZ,20260929,7.72,67600,521872.0,1.4454664914586024,7.831351978013174,53.67279894875161
300005.SZ,20260929,10.49,56400,591636.0,-0.3798670465337106,2.2851851868898287,42.720797720797734
300006.SZ,20260929,5.39,25100,135289.0,0.9363295880149725,1.4164572737723078,50.61797752808984
300007.SZ,20260929,30.11,18200,548002.0,-0.4628099173553779,3.393208586420055,42.22314049586773
300008.SZ,20260929,6.2,56200,348440.0,0.0,1.9909992283510622,45.0
300009.SZ,20260929,8.35,77100,643785.0,-0.8313539192399078,3.716606702060615,40.01187648456055
300010.SZ,20260929,5.05,273100,1379155.0,1.4056224899598346,4.427230141601948,53.433734939759006
300011.SZ,20260929,5.77,2900,16733.0,0.0,0.8118318143366403,45.0
300012.SZ,20260929,13.81,37200,513732.0,0.21770682148041232,1.3559594942339068,46.306240928882474
300013.SZ,20260929,4.24,47700,202248.0,0.4739336492891155,3.540832673421808,47.84360189573469
300014.SZ,20260929,47.88,94400,4519872.0,0.6305170239596647,3.0979758092556104,48.783102143757986
300015.SZ,20260929,7.84,42100,330064.0,-0.2544529262086592,1.2952781858125395,43.473282442748044
300016.SZ,20260929,9.45,84900,802305.0,-0.42149631190727677,2.6583193969786314,42.47102212855634
300017.SZ,20260929,14.7,187200,2751840.0,-0.40650406504065817,2.4514927265147586,42.56097560975605
300018.SZ,20260929,11.45,4800,54960.0,-0.08726003490402423,0.7421300806483061,44.47643979057585
300019.SZ,20260929,13.65,1700,23205.0,0.0,0.8890832905295571,45.0
300020.SZ,20260929,3.67,2500,9175.0,0.5479452054794498,0.23198861857516054,45.04562257640559
300021.SZ,20260929,3.74,5800,21692.0,0.2680965147453085,0.49317305610665957,46.60857908847185
300022.SZ,20260929,7.75,1000,7750.0,0.0,0.19802328304104075,35.64419094738734
300024.SZ,20260929,12.86,57100,734306.0,-0.38729666924864903,5.0346041832632205,42.67621998450811
300025.SZ,20260929,5.78,10700,61846.0,0.521739130434784,1.1005270154573015,48.1304347826087
300026.SZ,20260929,3.17,69500,220315.0,-0.9375000000000022,2.367540989923892,39.374999999999986
300027.SZ,20260929,1.64,409200,671088.0,0.0,10.952142059984508,45.0
300030.SZ,20260929,6.81,32700,222687.0,-0.7288629737609464,6.94285524216128,40.62682215743432
300031.SZ,20260929,20.0,12500,250000.0,0.0,2.2874516723405827,45.0
300032.SZ,20260929,3.7,41700,154290.0,-0.8042895442359144,3.686428745853588,40.17426273458452
300033.SZ,20260929,199.01,15300,3044853.0,0.48472607927290134,3.021470115194257,47.908356475637405
300034.SZ,20260929,15.25,64500,983625.0,-1.166558651976668,10.707667793581088,38.00064808813999
300035.SZ,20260929,11.87,76200,904494.0,0.2533783783783772,5.721954763173323,46.52027027027026
300036.SZ,20260929,9.96,7600,75696.0,-0.39999999999998925,1.2073188125766072,42.600000000000065
300037.SZ,20260929,66.34,12600,835884.0,-0.49497525123743946,0.8974905222148726,42.030148492575364
300039.SZ,20260929,5.15,7900,40685.0,-0.5791505791505669,0.6013501967199848,41.5250965250966
300040.SZ,20260929,5.63,64000,360320.0,-0.8802816901408383,4.434593077861737,39.71830985915497
300041.SZ,20260929,10.68,29400,313992.0,0.09372071227740086,3.3874494325332827,45.5623242736644
300042.SZ,20260929,36.83,10300,379349.0,0.0,1.8567143175736212,45.0
300043.SZ,20260929,4.3,85400,367220.0,0.7025761124121788,5.145342401645523,49.215456674473074
300044.SZ,20260929,5.99,40900,244991.0,-0.4983388704318803,4.229567026796741,42.00996677740872
300045.SZ,20260929,11.16,33700,376092.0,0.17953321364452268,3.1069369869237384,46.07719928186714
300046.SZ,20260929,24.2,3800,91960.0,0.24855012427504874,1.1931859210411828,46.49130074565029
300047.SZ,20260929,8.93,5700,50901.0,-0.22346368715083775,0.6158079416454302,43.659217877094974
300048.SZ,20260929,4.66,81300,378858.0,-0.6396588486140775,12.4849863999995,41.16204690831553
300049.SZ,20260929,46.08,9900,456192.0,-0.08673026886383273,2.678520964010552,44.479618386817
300050.SZ,20260929,7.04,31300,220352.0,0.0,1.7998487078959704,45.0
300051.SZ,20260929,7.82,56200,439484.0,-0.3821656050955302,5.754403814401242,42.70700636942682
300052.SZ,20260929,9.96,3300,32868.0,-0.30030030030029353,0.44200172344094174,43.19819819819824
300053.SZ,20260929,11.7,22000,257400.0,0.08554319931566301,2.8885048950680554,45.51325919589398
300054.SZ,20260929,67.07,94266,6322420.62,-0.6370370370370471,6.748600162321792,41.17777777777772
300055.SZ,20260929,5.67,63800,361746.0,0.7104795737122638,4.340500337431227,49.262877442273584
300056.SZ,20260929,7.54,34600,260884.0,1.072386058981234,3.1300168802864716,51.434316353887404
300057.SZ,20260929,6.06,17800,107868.0,-0.49261083743842304,0.9936589241408983,42.04433497536946
300058.SZ,20260929,12.61,546200,6887582.0,-0.5520504731861275,3.708052666039334,41.68769716088323
300059.SZ,20260929,17.92,484244,8677652.48,0.2797985450475604,3.769102576581085,46.67879127028536
300061.SZ,20260929,6.86,360300,2471658.0,1.479289940828421,8.658921031268228,53.87573964497052
300062.SZ,20260929,5.94,69600,413424.0,-0.8347245409014992,10.968046750646641,39.991652754591
300063.SZ,20260929,8.18,47700,390186.0,-0.48661800486619056,1.3364688860063134,42.080291970802854
300065.SZ,20260929,14.76,13700,202212.0,-0.60606060606061,0.9097359876156216,41.36363636363634
300066.SZ,20260929,4.5,27600,124200.0,-0.8810572687224627,4.076365676205426,39.713656387665225
300067.SZ,20260929,5.17,33000,170610.0,0.3883495145631022,1.2772655106426232,47.33009708737861
300068.SZ,20260929,4.05,70200,284310.0,0.7462686567164312,2.404622294530328,49.47761194029859
300069.SZ,20260929,23.73,19200,455616.0,0.42319085907744913,3.08666297327938,47.53914515446469
300070.SZ,20260929,3.33,60500,201465.0,0.0,1.8894675337503157,45.0
300071.SZ,20260929,3.97,70800,281076.0,0.0,2.374299924013381,45.0
300072.SZ,20260929,3.4,24300,82620.0,0.0,2.5875764360002305,45.0
300073.SZ,20260929,36.99,67900,2511621.0,1.872762324428523,3.592228072115931,56.23657394657114
300074.SZ,20260929,3.77,11000,41470.0,-0.7894736842105177,0.8419991305529567,40.26315789473689
300075.SZ,20260929,10.18,17400,177132.0,0.0983284169124854,0.6771481712067658,45.58997050147491
300076.SZ,20260929,4.09,3000,12270.0,0.2450980392156854,0.9694299317456541,46.470588235294116
300077.SZ,20260929,21.3,48600,1035180.0,-0.23419203747072626,2.1405740485143188,43.594847775175644
300078.SZ,20260929,2.69,82000,220580.0,-0.37037037037037646,4.245531478226573,42.77777777777774
300079.SZ,20260929,4.66,54500,253970.0,-0.6396588486140775,3.5871720869659884,41.16204690831553
300080.SZ,20260929,3.6,100400,361440.0,-0.27700831024930483,6.939239288354309,43.33795013850417
300081.SZ,20260929,3.29,15700,51653.0,-0.9036144578313143,3.392037678654454,39.57831325301211
300082.SZ,20260929,,0,0.0,,,0.0
300083.SZ,20260929,11.5,51400,591100.0,-0.5190311418685201,2.0403514690524798,41.88581314878888
300084.SZ,20260929,,0,0.0,,0.0,0.0
300085.SZ,20260929,29.53,52600,1553278.0,0.27164685908320774,2.7538411936500804,46.629881154499245
300086.SZ,20260929,5.31,78100,414711.0,-0.5617977528089901,4.6563827748273665,41.62921348314606
300087.SZ,20260929,5.5,67300,370150.0,0.0,16.440444258601566,45.0
300088.SZ,20260929,6.84,468000,3201120.0,-1.5827338129496438,6.222127934745958,35.50359712230214
300091.SZ,20260929,2.36,3200,7552.0,0.0,1.2267086571812242,45.0
300092.SZ,20260929,11.15,20200,225230.0,1.0879419764279419,10.775354948411183,51.52765185856765
300093.SZ,20260929,19.82,12700,251714.0,0.30364372469635637,4.161137294059856,46.821862348178136
300094.SZ,20260929,2.86,128300,366938.0,-0.34843205574913716,3.63375525937297,42.90940766550518
300095.SZ,20260929,8.78,44700,392466.0,0.0,4.5675010613813605,45.0
300096.SZ,20260929,8.95,55800,499410.0,-3.0335861321776902,3.407432033582334,26.79848320693386
300097.SZ,20260929,9.81,15600,153036.0,-2.0958083832335217,1.3384744667383681,32.425149700598865
300098.SZ,20260929,4.17,11100,46287.0,0.24038461538460343,0.5990106014282763,46.44230769230762
300099.SZ,20260929,6.21,18200,113022.0,-0.32102728731943087,2.285558586906947,43.07383627608341
300100.SZ,20260929,21.93,151500,3322395.0,-0.1366120218579292,6.493790718104762,44.18032786885242
300101.SZ,20260929,13.82,145000,2003900.0,0.0,20.435270248760958,45.0
300102.SZ,20260929,15.9,27100,430890.0,-0.12562814070351536,2.3268163213011452,44.24623115577891
300103.SZ,20260929,7.91,3500,27685.0,0.0,0.5758523847703986,45.0
300105.SZ,20260929,7.04,60600,426624.0,0.14224751066855834,10.341012895387353,45.85348506401135
300106.SZ,20260929,10.41,10800,112428.0,-0.5730659025788065,1.7178867462672198,41.56160458452716
300107.SZ,20260929,6.55,42100,275755.0,0.0,5.149171751181616,45.0
300109.SZ,20260929,12.5,2100,26250.0,-0.23942537909017458,0.3333554962459729,43.56344772545895
300110.SZ,20260929,3.22,1377800,4436516.0,-1.8292682926829174,12.414365907868515,34.024390243902495
300111.SZ,20260929,2.95,42200,124490.0,0.0,1.7875349332126609,45.0
300112.SZ,20260929,10.03,186000,1865580.0,-2.2417153996101447,6.949462747576259,31.549707602339133
300113.SZ,20260929,15.71,16100,252931.0,-0.12714558169103496,1.2226376133807746,44.23712650985379
300115.SZ,20260929,22.3,50700,1130610.0,-0.8888888888888835,3.6981502497446175,39.6666666666667
300118.SZ,20260929,8.72,48200,420304.0,0.0,3.367810789885997,45.0
300119.SZ,20260929,16.51,2000,33020.0,-0.24169184290029344,0.8723058377179337,43.54984894259824
300120.SZ,20260929,7.12,63500,452120.0,-1.2482662968099856,1.383003064735648,37.51040221914009
300121.SZ,20260929,9.4,22500,211500.0,-0.5291005291005124,3.5900925666751484,41.82539682539692
300122.SZ,20260929,12.9,30300,390870.0,-0.23201856148491462,1.0294992629789308,43.60788863109051
300123.SZ,20260929,4.19,102500,429475.0,0.4796163069544557,5.024522148318256,47.877697841726736
300124.SZ,20260929,52.74,71900,3792006.0,0.8605851979345935,3.2736999445243065,50.16351118760756
300125.SZ,20260929,8.65,4900,42385.0,0.6984866123399325,1.4218266713952425,49.19091967403959
300126.SZ,20260929,6.59,26000,171340.0,0.1519756838905817,7.664845294420445,45.91185410334349
300127.SZ,20260929,22.84,3100,70804.0,-0.6524575902566276,1.6592565821571337,41.085254458460234
300128.SZ,20260929,4.66,13800,64308.0,-0.21413276231262435,0.8151658523528925,43.715203426124255
300129.SZ,20260929,7.25,43300,313925.0,-0.9562841530054711,1.937176534934283,39.262295081967174
300130.SZ,20260929,17.65,38600,681290.0,0.0,6.786216055572206,45.0
300131.SZ,20260929,13.33,131000,1746230.0,-0.5223880597014952,5.522812239598842,41.86567164179103
300132.SZ,20260929,6.1,14700,89670.0,0.0,2.6884705717558703,45.0
300133.SZ,20260929,7.34,157400,1155316.0,-0.27173913043478937,1.5687757595286815,43.36956521739126
300134.SZ,20260929,8.08,17900,144632.0,-0.49261083743841194,2.806436599830202,42.04433497536953
300135.SZ,20260929,3.42,6400,21888.0,0.0,0.521101776952774,45.0
300136.SZ,20260929,52.46,119000,6242740.0,-0.6439393939393856,4.885068284254774,41.13636363636368
300137.SZ,20260929,9.78,9500,92910.0,-0.40733197556008793,0.5303954626320155,42.55600814663947
300138.SZ,20260929,11.24,600,6744.0,0.5366726296959001,0.24040084488206775,46.492187856947595
300139.SZ,20260929,41.29,422100,17428509.0,-1.3145315487571807,26.66738359092,37.112810707456916
300140.SZ,20260929,5.18,10100,52318.0,-0.5758157389635365,1.765333887608178,41.54510556621878
300141.SZ,20260929,9.8,9100,89180.0,0.4098360655737876,1.879105063886833,47.459016393442724
300142.SZ,20260929,13.51,310300,4192153.0,-0.6617647058823506,4.343335098809299,41.0294117647059
300143.SZ,20260929,7.73,8200,63386.0,-0.3865979381443174,1.1677147551066576,42.680412371134096
300144.SZ,20260929,5.6,50600,283360.0,0.17889087656528524,3.177805271330958,46.073345259391715
300145.SZ,20260929,4.69,132900,623301.0,-0.21276595744680327,3.2769911053390888,43.72340425531918
300146.SZ,20260929,9.25,4200,38850.0,-0.10799136069113979,0.7293665306183751,44.35205183585316
300147.SZ,20260929,5.2,109200,567840.0,0.0,4.345206295516421,45.0
300148.SZ,20260929,3.46,19400,67124.0,-0.5747126436781658,0.7273919087214484,41.551724137931004
300149.SZ,20260929,9.74,45700,445118.0,0.4123711340206171,1.8973691826440717,47.4742268041237
300150.SZ,20260929,4.11,42100,173031.0,0.0,7.068407351150181,45.0
300151.SZ,20260929,20.26,91400,1851764.0,1.962757926522407,3.9988524904067555,56.77654755913444
300152.SZ,20260929,1.57,101600,159512.0,0.0,13.785082448036093,45.0
300153.SZ,20260929,24.77,16600,411182.0,0.0,1.9376294950751554,45.0
300154.SZ,20260929,13.3,31800,422940.0,0.37735849056603765,2.384223563255431,47.264150943396224
300155.SZ,20260929,4.42,465000,2055300.0,-0.22573363431150906,11.03609112120584,43.64559819413095
300157.SZ,20260929,3.59,19500,70005.0,-0.2777777777777879,1.7550349199151354,43.33333333333327
300158.SZ,20260929,5.13,48900,250857.0,0.0,4.171824654351385,45.0
300159.SZ,20260929,2.72,47400,128928.0,-0.3663003663003539,2.8099204786489262,42.802197802197874
300160.SZ,20260929,4.4,40600,178640.0,-0.4524886877827927,11.060462727807051,42.28506787330324
300161.SZ,20260929,25.72,34828,895776.16,0.27290448343080254,19.88467217624271,46.63742690058481
300162.SZ,20260929,8.4,2733000,22957200.0,-3.114186851211065,42.27907489456854,26.31487889273361
300163.SZ,20260929,7.67,353900,2714413.0,0.5242463958060384,9.299824697842094,48.14547837483623
300164.SZ,20260929,8.8,447200,3935360.0,-1.0123734533183382,10.465509180239723,38.92575928008997
300165.SZ,20260929,4.91,11000,54010.0,-0.40567951318457585,1.1957286209213056,42.56592292089255
300166.SZ,20260929,11.83,66900,791427.0,0.25423728813558366,3.294193098602203,46.5254237288135
300167.SZ,20260929,3.8,300,1140.0,0.0,0.06976579058020153,12.557842304436276
300168.SZ,20260929,4.67,17200,80324.0,0.0,1.1657602170798436,45.0
300169.SZ,20260929,5.66,33600,190176.0,0.5328596802842034,2.7044985497109466,48.19715808170522
300170.SZ,20260929,14.89,94800,1411572.0,-0.06711409395973034,1.672059436572316,44.597315436241615
300171.SZ,20260929,16.13,55900,901667.0,-0.8604794099569824,3.3783951220356285,39.837123540258105
300172.SZ,20260929,4.51,45000,202950.0,-0.22123893805309214,5.603291802375948,43.67256637168145
300173.SZ,20260929,3.25,1300,4225.0,0.0,0.30615722394455286,45.0
300174.SZ,20260929,17.25,27000,465750.0,-0.057937427578225176,2.8810981198312455,44.65237543453065
300175.SZ,20260929,5.3,14700,77910.0,-0.9345794392523366,2.7396449184585356,39.39252336448598
300176.SZ,20260929,4.4,127400,560560.0,-0.4524886877827927,16.357191670015517,42.28506787330324
300177.SZ,20260929,6.05,4200,25410.0,0.3316749585406287,0.6217050079570791,46.990049751243774
300179.SZ,20260929,42.9,216700,9296430.0,-3.4653465346534684,5.942815236424923,24.20792079207919
300180.SZ,20260929,4.28,135000,577800.0,0.0,6.285188503635874,45.0
300181.SZ,20260929,12.92,13700,177004.0,-0.38550501156515704,3.6072604425144856,42.68696993060906
300182.SZ,20260929,4.96,661900,3283024.0,-0.8000000000000007,5.46774513987081,40.199999999999996
300183.SZ,20260929,10.68,42200,450696.0,-0.5586592178770999,8.443235226380521,41.6480446927374
300184.SZ,20260929,11.12,76100,846232.0,-0.8028545941124121,3.305314335769081,40.18287243532553
300185.SZ,20260929,2.73,148100,404313.0,-0.36496350364964014,1.2274048905767525,42.81021897810216
300187.SZ,20260929,4.48,28800,129024.0,0.4484304932735439,6.070370978821011,47.69058295964126
300188.SZ,20260929,10.5,43800,459900.0,-1.2229539040451654,3.2846131711068387,37.66227657572901
300189.SZ,20260929,5.82,560100,3259782.0,-1.0204081632652962,6.442847960821422,38.87755102040822
300190.SZ,20260929,3.78,8900,33642.0,0.0,0.9340672108553009,45.0
300191.SZ,20260929,30.31,10200,309162.0,-0.6229508196721301,2.5684123127579785,41.26229508196722
300192.SZ,20260929,24.09,205300,4945677.0,1.388888888888884,6.545667440834906,53.3333333333333
300193.SZ,20260929,7.8,7700,60060.0,0.0,2.47836234210307,45.0
300194.SZ,20260929,3.85,500,1925.0,0.0,0.047016438192422384,8.46295887463603
300195.SZ,20260929,6.21,25300,157113.0,-0.48076923076924016,4.6921713909876726,42.115384615384556
300196.SZ,20260929,17.28,25700,444096.0,-0.6325474410580734,2.5889036450995855,41.20471535365156
300197.SZ,20260929,1.89,219300,414477.0,0.0,3.7742310288408962,45.0
300198.SZ,20260929,2.19,10800,23652.0,-0.454545454545463,0.4143703473894025,42.272727272727224
300199.SZ,20260929,22.28,44800,998144.0,-0.5357142857142727,1.565269835543468,41.78571428571436
300200.SZ,20260929,8.23,2100,17283.0,0.12165450121655041,0.7217669596860391,45.7299270072993
300201.SZ,20260929,12.66,21700,274722.0,-0.07892659826361781,1.2397034392120296,44.526440410418296
300203.SZ,20260929,13.79,32900,453691.0,0.43699927166787056,3.0843846652626796,47.62199563000722
300204.SZ,20260929,19.7,25700,506290.0,-0.25316455696202667,2.4416253174605176,43.48101265822784
300205.SZ,20260929,5.17,30900,159753.0,-0.576923076923086,4.514629626316922,41.53846153846148
300206.SZ,20260929,11.54,7700,88858.0,-0.688468158347677,2.4660715753448836,40.86919104991394
300207.SZ,20260929,21.02,1132300,23800946.0,-1.6838166510757646,5.627239914080932,34.89710009354541
300209.SZ,20260929,33.19,149700,4968543.0,-1.0435301132975638,4.271994315715416,38.73881932021462
300210.SZ,20260929,6.97,25400,177038.0,0.4322766570605152,6.148147940912958,47.59365994236309
300211.SZ,20260929,7.49,1302400,9754976.0,7.306590257879653,41.54810312348694,88.83954154727792
300212.SZ,20260929,7.6,14300,108680.0,1.4686248331108098,2.6212857350428886,53.81174899866486
300213.SZ,20260929,6.28,4500,28260.0,-0.6329113924050667,0.2490973258527673,41.040050299067715
300214.SZ,20260929,9.52,12900,122808.0,-0.4184100418410108,1.3410689652466425,42.48953974895394
300215.SZ,20260929,6.1,24200,147620.0,-0.326797385620925,1.5941973893262857,43.03921568627445
300217.SZ,20260929,3.94,21600,85104.0,-0.25316455696202667,2.499832008022689,43.48101265822784
300218.SZ,20260929,12.48,34700,433056.0,0.7263922518159882,20.7741032144655,49.35835351089593
300219.SZ,20260929,6.6,287500,1897500.0,-1.19760479041916,20.221158838729682,37.81437125748504
300220.SZ,20260929,11.27,13600,153272.0,0.5352363960749118,5.031911198152778,48.21141837644947
300221.SZ,20260929,12.87,142400,1832688.0,0.3117692907248504,10.241529078933906,46.8706157443491
300222.SZ,20260929,9.59,11400,109326.0,0.10438413361169019,1.2461234427419705,45.626304801670145
300223.SZ,20260929,132.57,51200,6787584.0,0.23438681385150595,2.9514364166644826,46.40632088310903
300224.SZ,20260929,11.61,10300,119583.0,-0.08605851979345269,1.4111360151410006,44.48364888123928
300225.SZ,20260929,7.94,21800,173092.0,1.7948717948718107,2.018397346889381,55.769230769230866
300226.SZ,20260929,16.8,5500,92400.0,-0.11890606420926764,1.224475727591223,44.286563614744395
300227.SZ,20260929,10.02,97900,980958.0,-0.5952380952381042,6.342102877135134,41.428571428571374
300228.SZ,20260929,6.4,7000,44800.0,0.15649452269170805,1.1977757731669352,45.93896713615025
300229.SZ,20260929,12.53,7100,88963.0,-0.07974481658692412,0.47380842236192283,44.521531100478455
300230.SZ,20260929,4.34,22300,96782.0,0.2309468822170757,3.0299832366557813,46.385681293302454
300231.SZ,20260929,8.2,26000,213200.0,1.2345679012345734,3.1915544642661464,52.40740740740744
300232.SZ,20260929,5.21,23600,122956.0,0.19230769230769162,1.8563843703052905,46.153846153846146
300233.SZ,20260929,13.1,15100,197810.0,-0.5315110098709219,2.4621144182072547,41.81093394077447
300234.SZ,20260929,10.04,83500,838340.0,1.0060362173038184,5.580291519037817,51.03621730382291
300235.SZ,20260929,11.75,12800,150400.0,0.0,2.902014428298623,45.0
300236.SZ,20260929,86.79,16800,1458072.0,0.43976391621340927,4.057797383156137,47.63858349728046
300237.SZ,20260929,2.29,215300,493037.0,-0.43478260869563856,8.938324082680872,42.39130434782617
300238.SZ,20260929,11.9,4400,52360.0,0.0841042893187538,1.4972236595080066,45.504625735912526
300239.SZ,20260929,5.39,33300,179487.0,0.18587360594795044,3.511821392614929,46.1152416356877
300240.SZ,20260929,6.03,29500,177885.0,-0.8223684210526327,5.432634540705374,40.065789473684205
300241.SZ,20260929,5.66,118700,671842.0,-0.35211267605632646,10.173123333521747,42.88732394366204
300242.SZ,20260929,3.81,281600,1072896.0,-1.8041237113401998,16.29932285928166,34.1752577319588
300243.SZ,20260929,21.47,139100,2986477.0,0.0,4.0792096709663905,45.0
300244.SZ,20260929,20.2,44000,888800.0,-0.7371007371007487,1.937539303203033,40.57739557739551
300245.SZ,20260929,5.83,15000,87450.0,-0.34188034188032956,2.9753352718445014,42.94871794871802
300246.SZ,20260929,15.5,3500,54250.0,1.9066403681788247,0.49206949731980626,56.43984220907295
300247.SZ,20260929,3.7,26700,98790.0,0.27100271002711285,3.560678861709552,46.62601626016268
300248.SZ,20260929,8.15,500,4075.0,0.8663366336633782,0.06909662518610868,17.63541233547983
300249.SZ,20260929,12.51,10500,131355.0,-0.3187250996016022,1.7071148611646416,43.08764940239038
300250.SZ,20260929,14.5,3200,46400.0,0.20732550103661485,0.6197421092805152,46.24395300621969
300251.SZ,20260929,10.82,229400,2482108.0,-0.4599816007359592,10.434340943866623,42.240110395584246
300252.SZ,20260929,11.17,45500,508235.0,-0.9751773049645363,2.5172890467485365,39.148936170212785
300253.SZ,20260929,6.82,26000,177320.0,-0.14641288433381305,0.8702416821919421,44.12152269399712
300254.SZ,20260929,9.07,57700,523339.0,-0.11013215859030367,5.90942536628452,44.33920704845818
300255.SZ,20260929,22.4,42800,958720.0,-0.267141585040076,2.3968134399516035,43.39715048975955
300256.SZ,20260929,2.6,117600,305760.0,1.1673151750972943,8.814813575586681,52.00389105058377
300257.SZ,20260929,17.83,15600,278148.0,0.0,2.545417646720516,45.0
300258.SZ,20260929,9.05,16400,148420.0,-0.8762322015334112,1.3848477926592673,39.742606790799535
300259.SZ,20260929,3.94,159500,628430.0,-0.7556675062972307,5.077409986382352,40.46599496221661
300260.SZ,20260929,58.87,44200,2602054.0,0.4607508532423088,4.177868995307232,47.76450511945385
300261.SZ,20260929,4.78,500,2390.0,0.0,0.04222623903963814,7.600723027134865
300263.SZ,20260929,10.13,106000,1073780.0,-0.09861932938856066,4.49576430185475,44.408284023668635
300264.SZ,20260929,5.98,158900,950222.0,-1.967213114754085,11.781875803350152,33.196721311475486
300265.SZ,20260929,12.01,37100,445571.0,-0.8257638315441795,3.4046062678232056,40.04541701073492
300266.SZ,20260929,1.81,100,181.0,-0.5494505494505475,0.006238021963903014,0.0
300267.SZ,20260929,3.21,23200,74472.0,0.0,0.9368043851712635,45.0
300268.SZ,20260929,12.02,6600,79332.0,0.585774058577404,4.479577217172481,48.514644351464426
300269.SZ,20260929,4.52,698700,3158124.0,-5.833333333333335,17.246686485265776,15.0
300270.SZ,20260929,9.99,15700,156843.0,-1.3820335636722691,0.9273972496939283,36.70779861796639
300271.SZ,20260929,5.73,6000,34380.0,0.0,0.49168531064760734,45.0
300272.SZ,20260929,5.95,62000,368900.0,0.0,6.239329271257673,45.0
300274.SZ,20260929,80.81,155700,12582117.0,-0.3084135208487493,4.313656837629525,43.14951887490751
300275.SZ,20260929,8.91,1000,8910.0,0.0,0.37018539308266835,45.0
300276.SZ,20260929,6.11,430900,2632799.0,-1.9261637239165297,7.6484914246627795,33.44301765650082
300277.SZ,20260929,12.61,20100,253461.0,-0.7086614173228312,2.326607631699266,40.748031496063014
300278.SZ,20260929,3.5,1800,6300.0,0.0,0.15513711818816,27.9246812738688
300279.SZ,20260929,5.99,72500,434275.0,0.6722689075630228,9.744151093359944,49.03361344537814
300281.SZ,20260929,7.09,8200,58138.0,0.0,2.0203554161653106,45.0
300283.SZ,20260929,13.1,227000,2973700.0,-0.5315110098709219,6.699873058906321,41.81093394077447
300284.SZ,20260929,5.01,43400,217434.0,0.4008016032064132,4.062463735709371,47.40480961923848
300285.SZ,20260929,65.0,594000,38610000.0,-0.09222256378728089,10.65641596988371,44.44666461727631
300286.SZ,20260929,18.79,5500,103345.0,0.21333333333333204,2.59765161736785,46.279999999999994
300287.SZ,20260929,3.52,29600,104192.0,-0.28328611898016387,1.1875940251100072,43.30028328611902
300288.SZ,20260929,,0,0.0,,0.0,0.0
300289.SZ,20260929,,0,0.0,,0.0,0.0
300290.SZ,20260929,7.07,71500,505505.0,-1.3947001394700065,2.4016005977275148,36.63179916317996
300291.SZ,20260929,4.74,1022800,4848072.0,-1.8633540372670732,9.7974483243703,33.81987577639756
300292.SZ,20260929,4.36,150600,656616.0,-0.6833712984054552,5.261975551896855,40.89977220956727
300293.SZ,20260929,13.99,5000,69950.0,-0.1427551748750866,2.232521795117699,44.14346895074948
300294.SZ,20260929,14.31,2300,32913.0,-0.5559416261292527,0.7832409670648449,41.66435024322448
300295.SZ,20260929,11.39,200,2278.0,-0.34995625546805353,0.14051703112063627,23.193328068906204
300296.SZ,20260929,4.71,48500,228435.0,-0.21186440677966045,2.1299056068967395,43.728813559322035
300298.SZ,20260929,16.27,47700,776079.0,0.49413218035823103,14.191920509457146,47.964793082149384
300299.SZ,20260929,5.34,34700,185298.0,0.9451795841209698,2.703149137760328,50.671077504725815
300300.SZ,20260929,10.64,3916178,41668133.92,-3.971119133574008,24.25325546339739,21.173285198555952
300301.SZ,20260929,3.8,105200,399760.0,-1.5544041450777257,7.103949569208438,35.673575129533646
300302.SZ,20260929,26.08,30200,787616.0,-0.4959938954597565,3.0528149388457777,42.02403662724146
300303.SZ,20260929,6.44,56500,363860.0,-0.3095975232198067,2.6581224955889753,43.14241486068116
300304.SZ,20260929,11.88,13100,155628.0,0.25316455696202667,1.1824113223245654,46.51898734177216
300305.SZ,20260929,6.41,406400,2605024.0,0.0,19.39258092409413,45.0
300306.SZ,20260929,10.37,1700,17629.0,0.0,0.7046705471127043,45.0
300307.SZ,20260929,6.93,50000,346500.0,-0.5738880918220945,6.74349922296011,41.55667144906743
300308.SZ,20260929,814.0,171300,139438200.0,-0.12269938650306678,10.644831722992727,44.263803680981596
300310.SZ,20260929,4.18,34300,143374.0,-0.4761904761904856,2.145913528757934,42.14285714285709
300311.SZ,20260929,6.05,1323400,8006570.0,-2.5764895330112725,14.611714366564419,29.541062801932366
300313.SZ,20260929,11.82,132500,1566150.0,-3.5889070146818858,9.154726076262952,23.466557911908687
300314.SZ,20260929,12.88,19800,255024.0,-0.15503875968991832,2.1770376963996663,44.06976744186049
300315.SZ,20260929,3.91,75500,295205.0,0.0,2.200692048479954,45.0
300316.SZ,20260929,38.56,17100,659376.0,-0.20703933747411307,1.4905183570954275,43.75776397515532
300317.SZ,20260929,4.24,496800,2106432.0,1.193317422434359,7.951342479264077,52.159904534606156
300318.SZ,20260929,5.17,21700,112189.0,0.0,2.708916054283196,45.0
300319.SZ,20260929,18.54,338200,6270228.0,-1.38297872340426,6.223650183418582,36.702127659574444
300320.SZ,20260929,8.01,4900,39249.0,-0.988875154511748,1.7851340317122664,39.06674907292951
300321.SZ,20260929,33.0,4100,135300.0,-0.2116722104626545,2.649308844177141,43.729966737224075
300322.SZ,20260929,16.33,62600,1022258.0,0.0,3.84270200020915,45.0
300323.SZ,20260929,10.88,405900,4416192.0,-0.5484460694698212,12.80098424158216,41.709323583181074
300324.SZ,20260929,3.78,480900,1817802.0,-1.0471204188481686,6.460047914552672,38.71727748691099
300326.SZ,20260929,6.13,12900,79077.0,0.0,2.7707782527702265,45.0
300327.SZ,20260929,25.18,16800,423024.0,-0.7880220646178104,2.0881055827569712,40.271867612293136
300328.SZ,20260929,12.3,21900,269370.0,-0.646203554119551,1.503415124493618,41.122778675282696
300329.SZ,20260929,11.58,600,6948.0,-0.17241379310344307,0.33396007725494425,43.965517241379345
300331.SZ,20260929,43.0,8700,374100.0,-1.1039558417663242,1.591262422124168,38.37626494940206
300332.SZ,20260929,4.76,22100,105196.0,-0.8333333333333304,2.313510705711521,40.000000000000014
300333.SZ,20260929,11.29,45100,509179.0,0.08865248226950229,3.291959952666698,45.531914893617014
300334.SZ,20260929,8.58,11700,100386.0,1.1792452830188704,1.3610046819260635,52.07547169811322
300335.SZ,20260929,5.46,32900,179634.0,0.18348623853210455,2.450602162952813,46.10091743119263
300337.SZ,20260929,8.9,23300,207370.0,0.33821871476888976,2.956734676795112,47.02931228861334
300338.SZ,20260929,2.7,4900,13230.0,0.3717472118959231,0.6479226353927519,47.23048327137554
300339.SZ,20260929,33.77,20200,682154.0,0.4461629982153603,2.8532285513190607,47.67697798929216
300340.SZ,20260929,8.4,23000,193200.0,-0.9433962264150941,0.8439050650167744,39.339622641509436
300341.SZ,20260929,12.67,4800,60816.0,-0.1576044129235621,2.232592480176546,44.054373522458626
300342.SZ,20260929,29.99,49100,1472509.0,-0.23286759813706537,4.9893643731834025,43.602794411177605
300343.SZ,20260929,5.22,41100,214542.0,0.9671179883945724,5.801981363303089,50.80270793036743
300345.SZ,20260929,6.6,22000,145200.0,-0.6024096385542133,1.0279698422691965,41.38554216867472
300346.SZ,20260929,51.9,60500,3139950.0,-0.47938638542665,3.441315935182763,42.1236816874401
300347.SZ,20260929,56.83,15900,903597.0,0.05281690140845896,1.6369799788821078,45.316901408450754
300348.SZ,20260929,9.16,5800,53128.0,-0.2178649237472685,0.6512466308191697,43.69281045751639
300349.SZ,20260929,10.06,6300,63378.0,-0.3960396039603853,1.3825268828374588,42.623762376237686
300350.SZ,20260929,4.66,112300,523318.0,-0.21413276231262435,2.9135599111954322,43.715203426124255
300351.SZ,20260929,13.44,18200,244608.0,0.0,4.845143807862656,45.0
300352.SZ,20260929,2.92,478795,1398081.4,-2.9900332225913595,13.020165813180354,27.059800664451842
300353.SZ,20260929,16.31,21000,342510.0,0.061349693251511184,3.7422539600058915,45.36809815950907
300354.SZ,20260929,27.98,8100,226638.0,0.6474820143884896,6.352107191420674,48.884892086330936
300355.SZ,20260929,2.71,6100,16531.0,0.0,0.4346985959460182,45.0
300357.SZ,20260929,19.9,4900,97510.0,0.0,0.9471827616158163,45.0
300358.SZ,20260929,9.59,40400,387436.0,-0.41536863966771254,1.3222727597126214,42.50778816199372
300359.SZ,20260929,4.05,6900,27945.0,-0.24630541871920597,0.5591256407435785,43.52216748768476
300360.SZ,20260929,10.84,4800,52032.0,-0.2759889604415755,2.3902967886428796,43.344066237350546
300363.SZ,20260929,23.79,42700,1015833.0,-0.5018820577164407,2.4643012779865368,41.988707653701354
300364.SZ,20260929,23.0,197318,4538314.0,-0.6050129645635338,3.7876088889311337,41.369922212618796
300365.SZ,20260929,4.45,9400,41830.0,0.0,0.9916942230468718,45.0
300366.SZ,20260929,5.33,5000,26650.0,-0.1872659176029967,0.6094154016399654,43.87640449438202
300368.SZ,20260929,9.2,189700,1745240.0,-0.8620689655172376,5.347153060283231,39.82758620689658
300369.SZ,20260929,8.97,859000,7705230.0,0.22346368715084886,7.328767654076357,46.3407821229051
300370.SZ,20260929,2.09,15800,33022.0,-0.4761904761904856,0.7573948614967416,42.14285714285709
300371.SZ,20260929,10.01,6000,60060.0,-0.9891196834816984,3.0261266036566443,39.065281899109806
300373.SZ,20260929,85.54,38295,3275754.3,0.623456063992478,5.960711888890752,48.74073638395487
300374.SZ,20260929,9.98,9000,89820.0,-0.49850448654036317,2.3235225849049375,42.00897308075782
300375.SZ,20260929,4.05,8900,36045.0,0.0,1.1152552918961063,45.0
300376.SZ,20260929,4.06,7500,30450.0,0.0,0.6287097374222214,45.0
300377.SZ,20260929,13.14,59500,781830.0,-0.07604562737641984,3.3294300895971523,44.54372623574148
300378.SZ,20260929,37.8,67000,2532600.0,-0.34273662008964534,4.19367197203079,42.943580279462125
300380.SZ,20260929,27.59,1700,46903.0,1.3592946362968483,1.2906943354253957,53.15576781778109
300381.SZ,20260929,5.65,200,1130.0,-0.17667844522968323,0.028308739778701426,4.035502488788158
300382.SZ,20260929,14.59,130500,1903995.0,-0.6807351940095296,4.108464096203633,40.91558883594282
300383.SZ,20260929,10.82,297096,3214578.72,-0.6427915518824601,11.097413291811101,41.14325068870524
300384.SZ,20260929,11.81,6300,74403.0,-0.08460236886632666,3.1234529298729012,44.49238578680204
300385.SZ,20260929,12.8,31700,405760.0,-0.9287925696594312,9.411274822744717,39.427244582043414
300386.SZ,20260929,10.68,6600,70488.0,1.1363636363636243,1.5401337613862818,51.81818181818174
300387.SZ,20260929,,0,0.0,,0.0,0.0
300388.SZ,20260929,6.64,3300,21912.0,0.0,1.3752638079778243,45.0
300389.SZ,20260929,12.65,23100,292215.0,-0.8620689655172376,7.108523285203008,39.82758620689658
300390.SZ,20260929,48.2,49200,2371440.0,0.4166666666666652,2.3128502072001753,47.49999999999999
300393.SZ,20260929,5.82,15300,89046.0,0.0,1.4469936467825306,45.0
300394.SZ,20260929,245.2,132080,32386016.0,0.16339869281045694,4.400568225760898,45.98039215686274
300395.SZ,20260929,88.17,38200,3368094.0,-0.36162278223527133,2.0836576663145303,42.83026330658837
300396.SZ,20260929,7.01,200,1402.0,0.28612303290413976,0.24261554089248602,45.38753555807232
300397.SZ,20260929,11.2,155000,1736000.0,-0.7092198581560294,8.710133843834198,40.744680851063826
300398.SZ,20260929,35.55,70900,2520495.0,-0.1404494382022614,2.720705911662546,44.15730337078643
300399.SZ,20260929,18.9,2500,47250.0,-0.10570824524314126,0.8381093504630184,44.365750528541156
300400.SZ,20260929,33.0,8400,277200.0,-0.39239360096590126,1.2812297261399654,42.645638394204596
300401.SZ,20260929,15.21,12600,191646.0,-0.19685039370078705,0.7840238958433002,43.818897637795274
300402.SZ,20260929,14.44,400,5776.0,-0.13831258644537714,0.2868460619949031,44.17012448132774
300403.SZ,20260929,8.74,4900,42826.0,0.2293577981651307,1.1164231830412121,46.37614678899078
300404.SZ,20260929,14.14,159300,2252502.0,-0.6324666198172846,2.8950596704416536,41.205200281096296
300405.SZ,20260929,5.75,46700,268525.0,-0.17361111111110494,5.601113281677076,43.95833333333337
300406.SZ,20260929,11.78,27000,318060.0,-0.7582139848357206,8.247030909408235,40.45071609098568
300407.SZ,20260929,10.38,1000,10380.0,-0.19230769230769162,0.27150691832585383,43.846153846153854
300408.SZ,20260929,115.81,161700,18726477.0,0.23368530379088703,5.5838482781804615,46.402111822745326
300409.SZ,20260929,16.44,63500,1043940.0,0.7970570202330052,3.859636888803578,49.78234212139803
300410.SZ,20260929,8.42,67200,565824.0,0.5973715651135025,2.1720621655500763,48.58422939068102
300411.SZ,20260929,8.12,89000,722680.0,-0.12300123001232066,7.378979950265504,44.261992619926076
300412.SZ,20260929,4.46,24000,107040.0,-0.6681514476614803,3.4607440773708826,40.99109131403112
300413.SZ,20260929,18.51,297722,5510834.22,-1.3326226012793208,3.3446222874100373,37.004264392324075
300414.SZ,20260929,10.5,10900,114450.0,-0.4739336492891044,2.404352104446269,42.15639810426537
300415.SZ,20260929,18.79,2800,52612.0,-0.10632642211589882,1.240598397208745,44.36204146730461
300416.SZ,20260929,13.62,8200,111684.0,-0.511322132943759,1.1858019308572825,41.93206720233745
300417.SZ,20260929,12.05,8600,103630.0,0.0,2.832198274645582,45.0
300418.SZ,20260929,40.47,111500,4512405.0,0.27254707631318986,3.6743618431157525,46.63528245787914
300419.SZ,20260929,7.53,4500,33885.0,0.13297872340425343,0.443115723519118,45.79787234042552
300420.SZ,20260929,7.4,95900,709660.0,-0.5376344086021501,3.741468412408061,41.7741935483871
300421.SZ,20260929,17.18,8700,149466.0,0.0,2.1083438739242357,45.0
300422.SZ,20260929,4.0,10500,42000.0,-0.990099009900991,1.2247147213825533,39.059405940594054
300423.SZ,20260929,5.3,8600,45580.0,-0.5628517823639823,1.1527449822083244,41.62288930581611
300424.SZ,20260929,13.01,58900,766289.0,-0.30651340996169507,7.824984662929886,43.16091954022983
300425.SZ,20260929,3.98,33900,134922.0,-0.5000000000000004,4.735751310613436,42.0
300426.SZ,20260929,7.46,271100,2022406.0,-1.192052980132452,9.684034629227847,37.84768211920529
300427.SZ,20260929,6.03,86600,522198.0,-0.16556291390728006,3.0891160127773887,44.00662251655632
300428.SZ,20260929,19.0,9900,188100.0,-0.2624671916010568,2.585851610026087,43.42519685039366
300429.SZ,20260929,10.97,16900,185393.0,-0.9927797833934937,2.1670584332777696,39.04332129963904
300430.SZ,20260929,4.32,43100,186192.0,0.0,5.274737819428932,45.0
300432.SZ,20260929,12.66,56700,717822.0,0.23752969121140222,2.357970720841224,46.42517814726841
300433.SZ,20260929,31.29,286900,8977101.0,-0.9810126582278533,8.182954637464723,39.11392405063288
300434.SZ,20260929,12.46,200000,2492000.0,-0.9538950715421213,6.773979907765609,39.276629570747275
300435.SZ,20260929,15.44,5700,88008.0,-0.898587933247752,1.5431340581406372,39.60847240051349
300436.SZ,20260929,83.9,3700,310430.0,0.40689325035903057,2.0265498971161944,47.441359502154185
300437.SZ,20260929,10.55,1600,16880.0,0.2851711026616188,0.373600399778987,46.711026615969715
300438.SZ,20260929,46.62,56860,2650813.2,-0.4696840307429673,3.4686706819747504,42.1818958155422
300439.SZ,20260929,10.32,22700,234264.0,0.09699321047527132,5.191393753068945,45.581959262851626
300440.SZ,20260929,16.4,10300,168920.0,1.3597033374536327,1.5303339096727386,53.1582200247218
300441.SZ,20260929,7.04,13500,95040.0,0.42796005706133844,3.7379134897679496,47.56776034236803
300442.SZ,20260929,65.19,86800,5658492.0,0.21521906225980825,4.186741823201185,46.29131437355885
300443.SZ,20260929,20.35,123400,2511190.0,-2.771141901576679,8.609489030918212,28.373148590539927
300444.SZ,20260929,8.41,37300,313693.0,-0.23724792408066353,3.888829526888004,43.57651245551602
300445.SZ,20260929,18.82,2000,37640.0,1.0198604401502998,1.2362444079893207,51.1191626409018
300446.SZ,20260929,12.31,6500,80015.0,-0.5654281098546043,1.870577375547704,41.607431340872374
300447.SZ,20260929,13.74,10900,149766.0,0.0,3.329293895591613,45.0
300448.SZ,20260929,5.45,24600,134070.0,0.18382352941175295,2.5857080388112887,46.102941176470516
300449.SZ,20260929,6.62,5000,33100.0,-0.6006006006005982,0.43998793236723505,41.39639639639641
300450.SZ,20260929,31.77,432200,13730994.0,1.8269230769230704,4.358154859050088,55.961538461538424
300451.SZ,20260929,3.43,107800,369754.0,0.0,4.426798748662278,45.0
300452.SZ,20260929,13.2,2200,29040.0,-0.37735849056603765,0.7069072818977722,42.735849056603776
300453.SZ,20260929,9.04,3600,32544.0,0.0,1.0822728082147817,45.0
300454.SZ,20260929,139.07,62300,8664061.0,-0.21525435890077382,4.478497958029385,43.70847384659535
300455.SZ,20260929,16.45,15500,254975.0,0.5501222493887514,4.692476036349827,48.30073349633251
300456.SZ,20260929,34.8,47659,1658533.2,-0.7132667617689048,1.7387671253802335,40.720399429386575
300457.SZ,20260929,20.7,87400,1809180.0,2.1213616181549044,5.97658705587505,57.72816970892943
300458.SZ,20260929,32.28,74700,2411316.0,0.030988534242326615,3.297468716202462,45.18593120545396
300459.SZ,20260929,3.43,166800,572124.0,-0.29069767441859407,2.3759129826208123,43.255813953488435
300460.SZ,20260929,8.94,20100,179694.0,0.33670033670032407,6.672951308808117,47.02020202020194
300461.SZ,20260929,35.43,8300,294069.0,0.3398470688190214,0.8759168685862425,47.03908241291413
300462.SZ,20260929,,0,0.0,,0.0,0.0
300463.SZ,20260929,9.29,3400,31586.0,-0.10752688172044333,0.857430732854848,44.35483870967734
300464.SZ,20260929,10.6,256000,2713600.0,1.8251681075888593,7.587777893365065,55.95100864553316
300465.SZ,20260929,10.9,5000,54500.0,-0.1831501831501825,0.7560180178653022,43.901098901098905
300466.SZ,20260929,7.15,137000,979550.0,1.9971469329529423,21.360930163222807,56.98288159771765
300467.SZ,20260929,32.32,600,19392.0,0.03095017022594071,0.3423096833976114,45.18570102135564
300468.SZ,20260929,20.75,13200,273900.0,0.0,1.1525119481805717,45.0
300469.SZ,20260929,46.05,22500,1036125.0,-0.8397932816537446,3.418911239312966,39.961240310077535
300470.SZ,20260929,27.07,9500,257165.0,0.03695491500370629,9.85766453908317,45.22172949002224
300471.SZ,20260929,9.75,2300,22425.0,-0.10245901639344135,0.49620594363670834,44.38524590163935
300472.SZ,20260929,,0,0.0,,0.0,0.0
300473.SZ,20260929,36.4,62100,2260440.0,0.9148877183254633,3.823901693553761,50.48932630995278
300474.SZ,20260929,51.79,42000,2175180.0,-0.5950095969289859,8.180254943022762,41.42994241842609
300475.SZ,20260929,158.01,94500,14931945.0,-1.0582341891045677,6.345144891095895,38.6505948653726
300476.SZ,20260929,214.0,166400,35609600.0,0.23419203747072626,9.126778817789846,46.405152224824356
300477.SZ,20260929,2.64,57800,152592.0,0.0,6.355348760342144,45.0
300478.SZ,20260929,33.67,15500,521885.0,-0.8539458186101245,3.448988481932179,39.87632508833925
300479.SZ,20260929,14.73,9600,141408.0,0.0,4.221929636558981,45.0
300480.SZ,20260929,29.97,24600,737262.0,-0.19980019980020414,3.492957747413076,43.80119880119877
300481.SZ,20260929,13.46,5200,69992.0,-0.4437869822485063,0.9731525223084152,42.33727810650896
300482.SZ,20260929,16.38,5100,83538.0,0.0,1.3026877249375226,45.0
300483.SZ,20260929,23.14,29200,675688.0,0.7839721254355281,3.9752133392427496,49.70383275261317
300484.SZ,20260929,12.85,27800,357230.0,-0.3103180760279378,5.6178968240328455,43.138091543832374
300485.SZ,20260929,8.46,1700,14382.0,-0.2358490566037652,0.47050857487123193,43.58490566037741
300486.SZ,20260929,17.29,17100,295659.0,1.467136150234749,4.070750785648885,53.80281690140849
300487.SZ,20260929,66.68,3800,253384.0,-0.29904306220094323,1.8345644607020895,43.20574162679434
300488.SZ,20260929,36.22,7200,260784.0,-0.8486175745962332,2.255052974386398,39.9082945524226
300489.SZ,20260929,250.01,120400,30101204.0,-3.059325319891426,12.070776486705139,26.644048080651444
300490.SZ,20260929,10.2,24700,251940.0,0.3937007874015741,1.361482821992795,47.362204724409445
300491.SZ,20260929,34.5,34900,1204050.0,-0.5477082732775918,3.0490458723728575,41.71375036033445
300492.SZ,20260929,20.65,8500,175525.0,0.04844961240308976,4.085896276068672,45.29069767441854
300493.SZ,20260929,12.69,34800,441612.0,-0.3142183817753441,3.6321537077626807,43.114689709347935
300494.SZ,20260929,7.84,900,7056.0,0.512820512820511,0.17957012286846433,35.399545193246645
300496.SZ,20260929,53.02,16400,869528.0,-0.3570757376432976,3.657002162692076,42.85754557414022
300497.SZ,20260929,17.44,206600,3603104.0,-0.2858776443681932,7.485046289912478,43.28473413379084
300498.SZ,20260929,14.82,60100,890682.0,-0.6036217303822977,1.7210859085921384,41.378269617706216
300499.SZ,20260929,33.55,48800,1637240.0,0.14925373134326847,4.154292182755431,45.89552238805961
300500.SZ,20260929,9.64,22300,214972.0,-0.8230452674897082,4.148407501056843,40.06172839506175
300501.SZ,20260929,10.35,148200,1533870.0,-0.9569377990430561,6.708028277683823,39.25837320574166
300502.SZ,20260929,400.37,185220,74156531.4,0.167625719289477,7.370032679575216,46.005754315736866
300503.SZ,20260929,61.78,36900,2279682.0,-0.04853583562530739,6.408085157784353,44.708784986248155
300504.SZ,20260929,17.18,15300,262854.0,-0.8083140877598205,2.5597127540584586,40.150115473441076
300505.SZ,20260929,18.65,69500,1296175.0,-1.58311345646438,7.828668941178719,35.50131926121372
300506.SZ,20260929,4.61,180400,831644.0,-1.9148936170212738,16.28202779222036,33.51063829787236
300507.SZ,20260929,6.21,202000,1254420.0,-0.9569377990430561,27.852399591056468,39.25837320574166
300508.SZ,20260929,37.06,900,33354.0,-0.2691065662001946,0.624897317421371,43.38536060279883
300509.SZ,20260929,8.91,22400,199584.0,-0.3355704697986517,4.024102542673601,42.98657718120809
300510.SZ,20260929,3.38,18600,62868.0,-0.2949852507374673,1.0385461839516403,43.230088495575195
300511.SZ,20260929,4.74,32400,153576.0,-0.21052631578947212,2.8351351492925696,43.736842105263165
300512.SZ,20260929,7.36,13900,102304.0,-0.8086253369272156,3.8817359096883237,40.14824797843671
300513.SZ,20260929,7.33,17200,126076.0,-0.13623978201634523,3.2299819585437435,44.18256130790193
300514.SZ,20260929,10.08,30000,302400.0,-0.29673590504450953,10.363654253277634,43.219584569732945
300515.SZ,20260929,16.54,18500,305990.0,1.285976729944882,7.9341006065234465,52.715860379669294
300516.SZ,20260929,33.66,5400,181764.0,-1.000000000000012,1.7246992780230852,38.99999999999993
300517.SZ,20260929,11.48,29200,335216.0,0.4374453193350947,8.735521759224257,47.62467191601057
300518.SZ,20260929,26.29,36900,970101.0,1.9387359441644048,3.559412961958567,56.632415664986425
300519.SZ,20260929,14.71,5400,79434.0,0.4095563139931757,2.1178829531725345,47.457337883959056
300520.SZ,20260929,22.41,42800,959148.0,-0.7528786536758147,4.261027040880191,40.48272807794511
300521.SZ,20260929,24.16,4500,108720.0,0.5828476269775118,1.9615688039833992,48.49708576186507
300522.SZ,20260929,14.07,32600,458682.0,-0.4950495049504955,1.6397203518652566,42.02970297029702
300523.SZ,20260929,22.0,26800,589600.0,0.5944215820758991,3.3350664016825555,48.566529492455395
300525.SZ,20260929,7.68,3200,24576.0,0.0,0.43771584568763866,45.0
300527.SZ,20260929,,0,0.0,,,0.0
300528.SZ,20260929,13.28,152900,2030512.0,-0.4497751124437843,15.400267936229595,42.30134932533729
300529.SZ,20260929,15.02,2300,34546.0,0.13333333333334085,0.9003206779318278,45.80000000000005
300530.SZ,20260929,18.98,19500,370110.0,1.7148981779206984,2.7219643832493863,55.28938906752419
300531.SZ,20260929,14.86,7400,109964.0,-0.26845637583893245,1.5919437180450442,43.389261744966404
300532.SZ,20260929,7.3,55100,402230.0,-0.815217391304357,7.810347869717395,40.10869565217386
300533.SZ,20260929,13.64,11300,154132.0,-0.073260073260073,4.0715450978987455,44.56043956043956
300534.SZ,20260929,12.81,205300,2629893.0,-1.4615384615384586,5.410932652486177,36.23076923076925
300535.SZ,20260929,15.65,5500,86075.0,0.0,2.9985564327500245,45.0
300536.SZ,20260929,8.17,2600,21242.0,0.0,0.5729514121180815,45.0
300537.SZ,20260929,20.44,15700,320908.0,0.2944062806673253,3.230258153903459,46.766437684003954
300538.SZ,20260929,14.31,9400,134514.0,0.0,3.3113658767579306,45.0
300539.SZ,20260929,17.29,14800,255892.0,-0.5750431282346202,3.191484721455163,41.549741230592275
300540.SZ,20260929,25.5,24000,612000.0,0.3937007874015741,4.438803624403269,47.362204724409445
300541.SZ,20260929,9.25,4300,39775.0,0.0,1.134680589172867,45.0
300542.SZ,20260929,12.28,500,6140.0,0.49099836333876823,0.16187608054162209,32.08368467752459
300543.SZ,20260929,7.87,4700,36989.0,0.8974358974358942,1.5361503343356095,50.384615384615365
300545.SZ,20260929,26.68,37300,995164.0,-0.18705574261129732,6.150705177986474,43.87766554433222
300546.SZ,20260929,,0,0.0,,0.0,0.0
300547.SZ,20260929,23.67,7100,168057.0,0.0,1.8102603848497436,45.0
300548.SZ,20260929,209.01,32700,6834627.0,-1.8778461105112387,2.818071452807642,33.73292333693257
300549.SZ,20260929,14.91,9300,138663.0,0.1343183344526544,4.2665635607908765,45.805910006715926
300550.SZ,20260929,14.0,8500,119000.0,1.0101010101010166,2.9305659271320996,51.0606060606061
300551.SZ,20260929,11.52,7300,84096.0,-0.5181347150259086,1.1051955942730742,41.89119170984455
300552.SZ,20260929,19.99,2800,55972.0,1.6785350966429302,0.87415571914837,55.07121057985758
300553.SZ,20260929,59.29,11600,687764.0,-1.0018367006177975,3.0956320852906245,38.988979796293215
300554.SZ,20260929,22.85,56800,1297880.0,-1.3385146804835824,11.381592250274643,36.96891191709851
300555.SZ,20260929,,0,0.0,,0.0,0.0
300556.SZ,20260929,15.77,10200,160854.0,-0.37902716361339905,3.101659017544194,42.72583701831961
300557.SZ,20260929,23.96,1800,43128.0,0.419111483654655,1.0319354574388946,47.514668901927934
300558.SZ,20260929,47.86,15900,760974.0,0.3143994969607933,1.237371510582429,46.88639698176476
300559.SZ,20260929,12.8,12000,153600.0,1.0260457774269982,3.188370749812014,51.15627466456199
300560.SZ,20260929,15.78,15000,236700.0,-0.8793969849246297,1.2237410453020436,39.72361809045222
300561.SZ,20260929,14.35,27300,391755.0,0.0,3.243258698184214,45.0
300562.SZ,20260929,15.98,67500,1078650.0,-0.37406483790523026,5.8067384684561345,42.75561097256862
300563.SZ,20260929,24.0,6700,160800.0,-0.45624222314392116,1.5245538755188544,42.262546661136476
300564.SZ,20260929,12.51,9400,117594.0,0.48192771084338837,5.0673763826191935,47.891566265060334
300565.SZ,20260929,9.62,16700,160654.0,0.41753653444676075,2.5075654832080043,47.505219206680565
300566.SZ,20260929,24.18,40400,976872.0,-0.3708281829419069,3.519565406741822,42.77503090234856
300567.SZ,20260929,194.15,4600,893090.0,0.0,0.9547405440409289,45.0
300568.SZ,20260929,16.08,167800,2698224.0,-0.24813895781639062,3.322846502156457,43.511166253101656
300569.SZ,20260929,5.33,528700,2817971.0,-3.0909090909090886,8.670777650031102,26.454545454545467
300570.SZ,20260929,199.92,40100,8016792.0,-1.210653753026647,2.3085444262979706,37.73607748184012
300571.SZ,20260929,27.11,10300,279233.0,-1.3105205678922482,2.9933877746781388,37.13687659264651
300572.SZ,20260929,23.18,1200,27816.0,-0.08620689655172153,0.35834218119204364,44.48275862068967
300573.SZ,20260929,36.13,68100,2460453.0,1.5458122540753294,19.60210977596437,54.274873524451976
300575.SZ,20260929,6.06,9200,55752.0,-0.328947368421062,1.0781644981577494,43.02631578947363
300576.SZ,20260929,27.4,17700,484980.0,-0.9041591320072317,2.781158622573462,39.575045207956606
300577.SZ,20260929,18.67,14700,274449.0,-0.426666666666653,10.04427254790947,42.44000000000008
300578.SZ,20260929,15.07,17600,265232.0,-1.050558108995403,6.361428796402188,38.69665134602758
300579.SZ,20260929,23.5,6200,145700.0,-0.5922165820642977,1.0908705786241468,41.44670050761421
300580.SZ,20260929,17.92,9000,161280.0,-0.9944751381215422,1.7033194737490478,39.03314917127075
300581.SZ,20260929,10.0,4100,41000.0,0.8064516129032251,0.6418568560909756,49.83870967741935
300582.SZ,20260929,,0,0.0,,0.0,0.0
300583.SZ,20260929,13.51,21400,289114.0,0.0,6.8678674646056495,45.0
300584.SZ,20260929,29.71,3100,92101.0,0.0,0.7922087603973215,45.0
300585.SZ,20260929,13.49,162400,2190776.0,-2.4584237165582112,13.432400879105405,30.249457700650733
300586.SZ,20260929,8.6,14400,123840.0,-0.4629629629629761,0.8955162322274502,42.22222222222214
300587.SZ,20260929,4.4,27900,122760.0,-0.22675736961450532,1.358046449156278,43.639455782312965
300588.SZ,20260929,21.1,500,10550.0,-0.23640661938533203,0.32311481950959314,43.581560283688006
300589.SZ,20260929,13.07,15400,201278.0,-0.9848484848484773,0.7647950862769802,39.090909090909136
300590.SZ,20260929,11.08,15100,167308.0,-0.27002700270026825,1.6525404867060842,43.37983798379839
300591.SZ,20260929,6.31,2600,16406.0,-1.0971786833855801,0.1841651817680035,26.56666061792715
300592.SZ,20260929,19.06,16200,308772.0,-0.9870129870129918,2.2192098859011375,39.07792207792205
300593.SZ,20260929,30.01,14500,435145.0,-0.06660006660006434,1.1779232605181262,44.60039960039961
300594.SZ,20260929,15.16,12900,195564.0,0.06600660066007347,9.449904642767471,45.39603960396044
300595.SZ,20260929,10.03,9700,97291.0,0.09980039920158834,2.281770367772033,45.59880239520953
300596.SZ,20260929,39.0,1700,66300.0,-0.6116207951070374,1.0012769074479886,41.330275229357774
300597.SZ,20260929,7.95,11300,89835.0,0.2522068095838659,3.369362843303418,46.51324085750319
300598.SZ,20260929,30.44,2800,85232.0,-0.29479200786112214,0.7088171128705625,43.231247952833264
300599.SZ,20260929,14.6,348400,5086640.0,-0.9497964721845387,13.25858366441888,39.301221166892766
300600.SZ,20260929,10.01,300,3003.0,-0.8910891089108919,0.06293924493172393,5.982529434244956
300601.SZ,20260929,12.76,35497,452941.72,-0.7776049766718529,3.1532990660170257,40.33437013996888
300602.SZ,20260929,35.4,39800,1408920.0,0.653966448677834,3.799686279387241,48.923798692067
300603.SZ,20260929,7.91,22200,175602.0,1.1508951406649537,2.961385414717857,51.90537084398972
300604.SZ,20260929,250.59,62100,15561639.0,0.6668541357008007,5.738033253702596,49.0011248142048
300605.SZ,20260929,10.3,22700,233810.0,-1.151631477927051,2.5405812847806377,38.090211132437695
300606.SZ,20260929,32.76,2700,88452.0,0.0,0.5283526781006291,45.0
300607.SZ,20260929,30.61,18200,557102.0,0.03267973856209139,1.702341887697472,45.19607843137255
300608.SZ,20260929,9.63,17600,169488.0,-0.413650465356763,2.3807664553121466,42.51809720785942
300609.SZ,20260929,23.98,2800,67144.0,0.33472803347280866,1.6323394589255629,47.008368200836856
300610.SZ,20260929,10.31,2400,24744.0,0.19436345966958868,0.8106423475709658,46.16618075801753
300611.SZ,20260929,27.15,4100,111315.0,0.03684598378776993,1.2737044869495042,45.22107590272662
300612.SZ,20260929,12.17,11400,138738.0,1.5012510425354453,1.811528201176733,54.007506255212675
300613.SZ,20260929,82.45,58900,4856305.0,0.499756216479752,5.55722678705218,47.99853729887851
300614.SZ,20260929,10.35,3900,40365.0,0.4854368932038833,1.4670155376080418,47.9126213592233
300615.SZ,20260929,13.1,8500,111350.0,-0.8327024981075071,1.1113222196387293,40.00378501135496
300616.SZ,20260929,10.55,13200,139260.0,0.38058991436726863,2.2932551998792214,47.28353948620361
300617.SZ,20260929,34.06,4200,143052.0,-0.4966403739409708,2.076211183117143,42.02015775635417
300618.SZ,20260929,30.1,7300,219730.0,-0.36411784177424744,4.006725048662882,42.815292949354514
300619.SZ,20260929,23.64,23300,550812.0,0.8102345415778256,3.0565025763110953,49.86140724946695
300620.SZ,20260929,254.0,36500,9271000.0,-0.4975124378109541,5.351434764139919,42.014925373134275
300621.SZ,20260929,7.09,11800,83662.0,0.7102272727272707,3.040808502792899,49.261363636363626
300622.SZ,20260929,14.67,4900,71883.0,-0.47489823609226933,1.088935252474329,42.15061058344639
300623.SZ,20260929,32.78,20500,671990.0,-0.8169440242057346,1.5601815128076195,40.098335854765594
300624.SZ,20260929,47.33,31969,1513092.77,0.7664466680860071,3.1771145584237592,49.59868000851604
300625.SZ,20260929,9.94,17300,171962.0,0.0,9.762792334058707,45.0
300626.SZ,20260929,28.46,2100,59766.0,-0.7324729682595121,0.2801249986512077,40.605162190442925
300627.SZ,20260929,26.0,15500,403000.0,-0.03844675124952124,3.1750107062168555,44.76931949250287
300628.SZ,20260929,41.4,28500,1179900.0,0.7299270072992581,3.899707256075677,49.379562043795545
300629.SZ,20260929,18.39,36100,663879.0,-0.5945945945945885,4.440521613612001,41.43243243243247
300631.SZ,20260929,20.95,1100,23045.0,0.527831094049902,0.6185102719137022,48.166986564299414
300632.SZ,20260929,17.65,53200,938980.0,-1.065022421524675,5.057706980982698,38.60986547085195
300633.SZ,20260929,19.26,5500,105930.0,-0.15552099533435726,1.9698570938914859,44.066874027993855
300634.SZ,20260929,20.57,31700,652069.0,-0.290838584585551,2.95717722431798,43.2549684924867
300635.SZ,20260929,11.8,3600,42480.0,0.5110732538330609,1.3077009177179069,48.066439522998365
300636.SZ,20260929,7.09,21300,151017.0,0.4249291784702569,4.831346871092924,47.54957507082154
300637.SZ,20260929,9.28,4700,43616.0,-0.5359056806002238,1.9079328774725732,41.784565916398655
300638.SZ,20260929,19.95,11000,219450.0,-0.10015022533800266,1.3260488255172924,44.39909864797198
300639.SZ,20260929,6.25,164000,1025000.0,-0.6359300476947549,10.906367535625279,41.184419713831474
300640.SZ,20260929,6.26,27800,174028.0,0.0,3.2212931035507206,45.0
300641.SZ,20260929,13.0,300,3900.0,0.15408320493066618,0.11506077764293894,21.635439205313006
300642.SZ,20260929,20.5,381200,7814600.0,0.8858267716535417,14.668515542332207,50.31496062992125
300643.SZ,20260929,17.25,10000,172500.0,0.29069767441860517,1.567236475672249,46.74418604651163
300644.SZ,20260929,20.65,8200,169330.0,0.14548981571289588,4.492743753723475,45.872938894277375
300645.SZ,20260929,13.82,16100,222502.0,-0.5039596832253412,6.003874717503369,41.97624190064795
300647.SZ,20260929,9.45,387300,3659985.0,-0.7352941176470673,4.715395676242607,40.588235294117595
300648.SZ,20260929,37.48,2600,97448.0,-0.3986181238373798,2.1743779053001657,42.60829125697572
300649.SZ,20260929,26.64,6200,165168.0,0.22573363431153126,2.1271454812091837,46.35440180586919
300650.SZ,20260929,12.25,2300,28175.0,0.7401315789473673,0.7489299444454746,49.440789473684205
300651.SZ,20260929,15.96,6600,105336.0,0.0,3.0084270572679004,45.0
300652.SZ,20260929,27.86,2400,66864.0,0.5050505050504972,0.9865333910416809,48.03030303030298
300653.SZ,20260929,15.5,4500,69750.0,-0.6410256410256387,2.0004295259182068,41.15384615384617
300654.SZ,20260929,9.3,7000,65100.0,0.0,0.7029334974909155,45.0
300655.SZ,20260929,12.75,85000,1083750.0,-0.390625,3.8835472143965646,42.65625
300656.SZ,20260929,28.26,24832,701752.32,-0.1413427561837377,2.759252546508479,44.15194346289758
300657.SZ,20260929,33.11,61500,2036265.0,-0.9572240502542684,3.6601717097135276,39.25665569847439
300658.SZ,20260929,10.12,19300,195316.0,0.0,3.0365921984132442,45.0
300659.SZ,20260929,11.5,309200,3555800.0,-0.8620689655172376,13.657051331351653,39.82758620689658
300660.SZ,20260929,23.31,6700,156177.0,-0.4271678769756537,2.2905376731989606,42.436992738146074
300661.SZ,20260929,115.98,47900,5555442.0,-0.8717948717948731,4.599199850467299,39.76923076923076
300662.SZ,20260929,20.28,3200,64896.0,0.09871668311944859,1.8710759043966017,45.59230009871669
300663.SZ,20260929,7.4,17900,132460.0,-0.5376344086021501,1.8381555851939062,41.7741935483871
300664.SZ,20260929,4.53,37900,171687.0,-0.8752735229759279,6.298044336673824,39.748358862144435
300665.SZ,20260929,8.71,23500,204685.0,0.5773672055427337,6.038340400853053,48.4642032332564
300666.SZ,20260929,232.67,16200,3769254.0,0.01289546079779047,2.63063684142837,45.077372764786745
300667.SZ,20260929,14.5,46500,674250.0,-0.27510316368637433,10.528971540342962,43.349381017881754
300668.SZ,20260929,31.01,20400,632604.0,-1.6492229622581678,6.962012458335766,35.104662226451
300669.SZ,20260929,24.51,33300,816183.0,-1.0895883777239712,18.34537169470463,38.46246973365617
300670.SZ,20260929,7.24,28100,203444.0,0.13831258644536604,2.374559550419651,45.829875518672196
300671.SZ,20260929,56.54,37200,2103288.0,-0.6326889279437586,2.549807640475818,41.20386643233745
300672.SZ,20260929,175.82,23300,4096606.0,0.011376564277587597,2.2929564215416223,45.06825938566553
300673.SZ,20260929,14.71,18400,270664.0,0.0,6.036377309095692,45.0
300674.SZ,20260929,15.75,9900,155925.0,-0.5053695514845247,1.322420254534954,41.96778269109285
300675.SZ,20260929,14.06,486300,6837378.0,0.933237616654714,32.1892805462209,50.59942569992828
300676.SZ,20260929,44.01,80800,3556008.0,-1.3228699551569578,5.895658090658437,37.06278026905825
300677.SZ,20260929,48.2,14100,679620.0,-0.4132231404958553,1.6814675866316058,42.52066115702487
300678.SZ,20260929,20.67,3100,64077.0,0.04840271055179812,1.4002407617806234,45.29041626331079
300679.SZ,20260929,40.6,19500,791700.0,-0.999756157034859,1.9445454039179433,39.00146305779084
300680.SZ,20260929,20.22,6600,133452.0,0.0,1.9218491982178338,45.0
300681.SZ,20260929,21.2,108200,2293840.0,0.0,7.532760604623041,45.0
300682.SZ,20260929,8.67,6400,55488.0,0.0,0.7476814164211499,45.0
300683.SZ,20260929,25.0,1900,47500.0,0.725221595487513,0.5389937893731417,49.35132957292508
300684.SZ,20260929,109.32,172198,18824685.36,0.1098901098901095,9.096997216430443,45.65934065934066
300685.SZ,20260929,20.75,25600,531200.0,-0.47961630695444457,2.2753254078830643,42.122302158273335
300686.SZ,20260929,14.36,50500,725180.0,1.555869872701554,6.594398084743382,54.335219236209326
300687.SZ,20260929,27.6,25400,701040.0,0.10881392818280489,2.031043375214637,45.65288356909683
300688.SZ,20260929,33.1,30900,1022790.0,0.1209921355111998,2.4341566514880353,45.725952813067195
300689.SZ,20260929,58.88,17700,1042176.0,-0.5909167651527825,4.133195075993056,41.454499409083304
300690.SZ,20260929,25.26,80300,2028378.0,-2.8461538461538427,4.390506887522824,27.923076923076945
300691.SZ,20260929,20.58,206800,4255944.0,1.5293537247163203,10.338532577671995,54.17612234829792
300692.SZ,20260929,8.8,3100,27280.0,-0.5649717514124131,0.36422825153789967,41.610169491525525
300693.SZ,20260929,35.39,33300,1178487.0,-1.2555803571428603,5.8528901039919,37.46651785714284
300694.SZ,20260929,10.65,3000,31950.0,0.7568590350047311,1.0831406930602006,49.54115421002839
300695.SZ,20260929,48.0,200,9600.0,-0.9696719620383765,0.21101716554852207,32.165058026503715
300696.SZ,20260929,19.4,1200,23280.0,-0.25706940874036244,0.2231070945620485,38.61686056872655
300697.SZ,20260929,14.03,12400,173972.0,0.0,2.12724401350473,45.0
300698.SZ,20260929,26.62,1600,42592.0,0.37707390648566985,0.6653153957687803,47.26244343891402
300699.SZ,20260929,22.52,18600,418872.0,-0.26572187776793266,4.395114017624211,43.4056687333924
300700.SZ,20260929,16.66,12100,201586.0,-1.0101010101009944,2.1135454230847532,38.93939393939404
300701.SZ,20260929,9.89,15100,149339.0,0.0,4.40578865620127,45.0
300702.SZ,20260929,21.85,90400,1975240.0,-1.7977528089887618,16.501191697578626,34.21348314606743
300703.SZ,20260929,13.75,24000,330000.0,1.0286554004408588,3.907451976260737,51.171932402645155
300705.SZ,20260929,10.77,1200,12924.0,-0.09276437847866026,0.3116720157018645,44.44341372912804
300706.SZ,20260929,47.6,10600,504560.0,-0.8746355685131268,2.5894362282174184,39.75218658892124
300707.SZ,20260929,12.03,4600,55338.0,0.5852842809364489,1.5301108156587258,48.51170568561869
300708.SZ,20260929,9.08,63300,574764.0,-0.6564551422319487,3.0689827117797024,41.06126914660831
300709.SZ,20260929,35.41,6300,223083.0,0.028248587570622874,1.416263940557328,45.16949152542374
300710.SZ,20260929,29.84,14800,441632.0,0.471380471380467,6.084436043681542,47.8282828282828
300711.SZ,20260929,16.88,51700,872696.0,-0.8225616921269108,12.933141266853026,40.064629847238535
300712.SZ,20260929,19.73,3300,65109.0,0.0,2.6808025485102602,45.0
300713.SZ,20260929,13.66,2900,39614.0,2.0164301717699784,0.4352868190410333,57.09858103061987
300715.SZ,20260929,13.88,45500,631540.0,-1.4204545454545414,8.182424560426922,36.47727272727275
300716.SZ,20260929,17.03,2100,35763.0,-2.2948938611589087,2.300554447580996,31.230636833046546
300717.SZ,20260929,19.07,13600,259352.0,0.31562335612833614,4.029867810478371,46.89374013677002
300718.SZ,20260929,56.0,88800,4972800.0,-1.9436175801085587,9.635149484943746,33.33829451934865
300719.SZ,20260929,11.7,1900,22230.0,-0.5947323704333041,0.8711084981426461,41.43160577740018
300720.SZ,20260929,58.2,38700,2252340.0,0.1721170395869276,7.645487266461885,46.03270223752156
300721.SZ,20260929,20.74,14700,304878.0,-1.191043353978083,2.8442468685376348,37.8537398761315
300722.SZ,20260929,20.95,4700,98465.0,-0.1905669366364937,3.672738638683752,43.85659838018104
300723.SZ,20260929,32.51,900,29259.0,0.030769230769234213,0.30958571932404566,45.184615384615405
300724.SZ,20260929,53.27,23457,1249554.39,-0.8930232558139517,4.911482094627704,39.64186046511629
300725.SZ,20260929,51.59,114200,5891578.0,0.019387359441647156,4.632839412505502,45.11632415664988
300726.SZ,20260929,51.79,43900,2273581.0,-1.1452567283832815,4.8995265807554,38.12845962970031
300727.SZ,20260929,32.91,6100,200751.0,-0.060734892195579704,1.3471068298021351,44.63559064682652
300729.SZ,20260929,11.24,31600,355184.0,0.3571428571428559,10.460821770896962,47.14285714285714
300730.SZ,20260929,11.18,1300,14534.0,-0.44523597506679335,0.17783697965745868,29.339240487941805
300731.SZ,20260929,45.2,52400,2368480.0,-1.2884909368857778,8.038901269352236,37.26905437868533
300732.SZ,20260929,5.75,13500,77625.0,-0.34662045060658286,2.624975240269775,42.9202772963605
300733.SZ,20260929,12.89,1300,16757.0,0.0,0.3335578778137093,45.0
300735.SZ,20260929,17.56,20100,352956.0,-0.22727272727274261,2.5577447954124004,43.63636363636354
300736.SZ,20260929,33.62,1400,47068.0,0.0,0.3045875306753821,45.0
300737.SZ,20260929,4.43,50000,221500.0,-0.22522522522524513,1.986595110559539,43.64864864864853
300738.SZ,20260929,18.62,40000,744800.0,-0.48102618920363716,2.5855716792517134,42.11384286477818
300739.SZ,20260929,28.01,18100,506981.0,-0.6385242993969475,0.7678249732789731,41.16885420361832
300740.SZ,20260929,20.2,194100,3920820.0,-0.7858546168958758,7.802086525919857,40.28487229862475
300741.SZ,20260929,25.59,242961,6217371.99,0.3529411764705781,10.226432467131845,47.117647058823465
300743.SZ,20260929,14.46,6200,89652.0,0.8368200836820217,3.6503225789965343,50.02092050209213
300745.SZ,20260929,25.94,19000,492860.0,-1.1809523809523714,3.6673999443083525,37.91428571428577
300746.SZ,20260929,14.84,11700,173628.0,-0.8021390374331583,0.551557467108446,40.18716577540105
300747.SZ,20260929,36.0,68700,2473200.0,-0.3873824017708971,5.954449144143049,42.675705589374616
300748.SZ,20260929,24.0,9400,225600.0,-0.4149377593361092,1.0261564408445698,42.51037344398335
300749.SZ,20260929,22.05,3200,70560.0,-0.8543165467625791,0.7390077862566271,39.874100719424526
300750.SZ,20260929,291.0,541712,157638192.0,-0.339052707284504,18.31163349768929,42.965683756292975
300751.SZ,20260929,180.21,4600,828966.0,-1.3088718510405162,1.5869872329769983,37.1467688937569
300752.SZ,20260929,12.74,17200,219128.0,-0.9331259720062102,3.8887516978157293,39.40124416796274
300753.SZ,20260929,20.55,5700,117135.0,0.0,2.035181333125205,45.0
300755.SZ,20260929,11.0,38900,427900.0,-0.9900990099009799,6.862538087306904,39.05940594059412
300756.SZ,20260929,31.88,102700,3274076.0,3.2717849044379577,19.701484421953847,64.63070942662775
300757.SZ,20260929,533.47,35300,18831491.0,0.5958778827478417,6.6101456257856,48.57526729648705
300758.SZ,20260929,10.96,10500,115080.0,-0.27297543221109777,2.3547362722998364,43.36214740673341
300759.SZ,20260929,42.85,119500,5120575.0,-0.6492000927428743,3.139055529794403,41.10479944354275
300760.SZ,20260929,158.13,16800,2656584.0,-0.1010802956598611,2.6930217247810813,44.39351822604083
300761.SZ,20260929,20.84,27400,571016.0,-0.19157088122604415,4.001363509870071,43.850574712643734
300762.SZ,20260929,24.95,23200,578840.0,-0.438946528331996,2.35903738669887,42.36632083000802
300763.SZ,20260929,52.25,14000,731500.0,0.0,2.6356401433210364,45.0
300765.SZ,20260929,43.6,16000,697600.0,-0.9766068589597943,1.558753896725146,39.140358846241234
300766.SZ,20260929,21.01,11000,231110.0,-0.4265402843601884,1.1209611884303887,42.44075829383887
300767.SZ,20260929,19.35,31500,609525.0,0.4151530877011034,4.8282044078811195,47.49091852620662
300768.SZ,20260929,15.0,9900,148500.0,-0.19960079840318778,1.210791058140237,43.80239520958087
300769.SZ,20260929,38.61,32900,1270269.0,1.3119916032537482,3.6814311421296257,52.87194961952249
300770.SZ,20260929,34.71,11900,413049.0,-0.6866952789699621,3.665802827095409,40.87982832618023
300771.SZ,20260929,11.2,20200,226240.0,-0.267141585040076,5.295320459726784,43.39715048975955
300772.SZ,20260929,9.71,171700,1667207.0,-1.4213197969543012,5.152846497494554,36.47208121827419
300773.SZ,20260929,14.33,55100,789583.0,-0.3477051460361702,3.4201656872219086,42.91376912378298
300774.SZ,20260929,9.51,7200,68472.0,0.10526315789474161,1.2667388207551804,45.63157894736845
300775.SZ,20260929,20.15,5100,102765.0,-0.19811788013869291,0.7739005740243958,43.811292719167845
300776.SZ,20260929,125.68,169800,21340464.0,-3.129335594265459,13.826084423073757,26.223986434407248
300777.SZ,20260929,20.0,13600,272000.0,-0.3984063745019806,2.9216191890154115,42.609561752988114
300778.SZ,20260929,10.96,10700,117272.0,1.0138248847926468,2.2088004666371623,51.08294930875588
300779.SZ,20260929,50.6,16900,855140.0,-0.37408938767473643,2.901673515949019,42.75546367395158
300780.SZ,20260929,19.07,7000,133490.0,0.5271481286241553,2.357719863302903,48.16288877174493
300781.SZ,20260929,25.7,6600,169620.0,-0.3489724699495933,1.0504850131295294,42.90616518030244
300782.SZ,20260929,70.13,22100,1549873.0,-0.1708185053380884,2.9137132270700516,43.97508896797147
300783.SZ,20260929,16.42,7200,118224.0,0.0,2.220445695795697,45.0
300784.SZ,20260929,41.97,1500,62955.0,-0.4978662873399764,3.437965036411643,42.01280227596014
300785.SZ,20260929,33.99,32300,1097877.0,1.402147971360379,1.2873891591933375,53.412887828162276
300786.SZ,20260929,14.26,13400,191084.0,0.5641748942172065,2.919972202470986,48.38504936530324
300787.SZ,20260929,11.56,2200,25432.0,-1.1965811965811812,0.32144676553958057,37.82051282051291
300788.SZ,20260929,28.59,37400,1069266.0,-0.244242847173759,2.7959030108598837,43.53454291695745
300789.SZ,20260929,15.9,4500,71550.0,-0.8109794135995108,3.0309907044111357,40.13412351840294
300790.SZ,20260929,18.02,28200,508164.0,-0.33185840707964376,2.1147629816309252,43.00884955752214
300791.SZ,20260929,17.52,900,15768.0,0.5163511187607606,0.46275996987432594,48.098106712564565
300792.SZ,20260929,23.86,26500,632290.0,0.0,2.8540380415210373,45.0
300793.SZ,20260929,11.85,5900,69915.0,0.08445945945945166,1.842237599690554,45.50675675675671
300795.SZ,20260929,12.66,169000,2139540.0,-1.1709601873536313,11.431781923722497,37.974238875878214
300796.SZ,20260929,6.89,16400,112996.0,-0.28943560057888007,6.040041448680625,43.26338639652672
300797.SZ,20260929,13.04,32500,423800.0,-0.381970970206269,9.924248122751601,42.708174178762384
300798.SZ,20260929,8.2,50900,417380.0,-0.7263922518159882,2.2781051466094766,40.64164648910407
300800.SZ,20260929,10.54,13700,144398.0,0.0,4.800002340199759,45.0
300801.SZ,20260929,20.71,3800,78698.0,-0.48053820278710635,1.5668005050919822,42.11677078327736
300802.SZ,20260929,25.01,27900,697779.0,-0.07990411506192396,4.081231403092751,44.520575309628455
300803.SZ,20260929,53.7,42470,2280639.0,-0.5002779321845341,3.7019290410697514,41.99833240689279
300804.SZ,20260929,43.73,4300,188039.0,-1.3979706877113918,1.4087758903804528,36.61217587373165
300805.SZ,20260929,8.41,37200,312852.0,-0.4733727810650734,2.197930200196896,42.15976331360956
300806.SZ,20260929,47.98,80200,3847996.0,-0.5595854922279875,5.12193903815536,41.64248704663208
300807.SZ,20260929,34.9,100,3490.0,-0.02864508736750704,0.09646463737685176,17.191764203628274
300808.SZ,20260929,20.07,3300,66231.0,0.0,1.445805246105307,45.0
300809.SZ,20260929,23.82,900,21438.0,0.12610340479193294,0.3694479588482634,45.756620428751596
300810.SZ,20260929,,0,0.0,,0.0,0.0
300811.SZ,20260929,77.3,17100,1321830.0,-0.8974358974359053,2.2237494492303655,39.61538461538457
300812.SZ,20260929,19.09,19700,376073.0,0.5795574288725014,4.4141494131986425,48.47734457323501
300813.SZ,20260929,22.12,7900,174748.0,0.0,4.136832150637164,45.0
300814.SZ,20260929,125.5,7600,953800.0,-1.0408452925406042,1.7855854607217356,38.75492824475637
300815.SZ,20260929,15.15,7200,109080.0,1.2024048096192397,3.4397731137763365,52.21442885771544
300816.SZ,20260929,58.21,5800,337618.0,-0.3594659363231778,3.864924385400747,42.84320438206093
300817.SZ,20260929,17.17,167200,2870824.0,-2.6091888825864884,16.020850051500474,29.34486670448107
300818.SZ,20260929,15.76,5000,78800.0,-0.18999366687776353,1.759939688206941,43.86003799873342
300819.SZ,20260929,44.71,7500,335325.0,-0.952591936198488,3.862888488129208,39.284448382809074
300820.SZ,20260929,67.19,15500,1041445.0,-0.4149992589298934,3.9706711055108848,42.51000444642064
300821.SZ,20260929,14.59,94100,1372919.0,-0.4774897680764001,3.749201788706349,42.1350613915416
300822.SZ,20260929,11.34,900,10206.0,0.7104795737122638,0.44276654943229965,49.262877442273584
300823.SZ,20260929,14.5,3600,52200.0,-0.3436426116838587,1.639455788229016,42.93814432989685
300824.SZ,20260929,7.96,108100,860476.0,-1.4851485148514865,9.571685654673116,36.089108910891085
300825.SZ,20260929,11.57,136500,1579305.0,-0.6013745704467333,7.6438597018110395,41.3917525773196
300826.SZ,20260929,14.62,23000,336260.0,0.6194081211287061,4.305571124382743,48.716448726772235
300827.SZ,20260929,24.54,17100,419634.0,-0.24390243902440156,3.4220184185783067,43.53658536585359
300828.SZ,20260929,17.85,62800,1120980.0,-0.8333333333333304,5.127302829247924,40.000000000000014
300829.SZ,20260929,22.46,396100,8896406.0,-1.057268722466953,12.067702408612396,38.65638766519828
300830.SZ,20260929,7.82,10300,80546.0,-0.6353240152477735,1.04988516879337,41.18805590851336
300831.SZ,20260929,13.36,11000,146960.0,-0.29850746268657025,4.333620338762121,43.20895522388058
300832.SZ,20260929,49.39,11200,553168.0,-0.44345898004434225,2.736308369755318,42.33924611973394
300833.SZ,20260929,44.21,14300,632203.0,-0.4951609273013746,6.952172598094317,42.02903443619175
300834.SZ,20260929,,0,0.0,,0.0,0.0
300835.SZ,20260929,184.99,11700,2164383.0,-0.4252341479168864,3.1652702152567014,42.44859511249868
300836.SZ,20260929,53.64,2300,123372.0,-1.2154696132596676,1.4459369136803357,37.707182320441994
300837.SZ,20260929,21.8,5300,115540.0,-1.978417266187038,3.6161351039453122,33.12949640287777
300838.SZ,20260929,14.29,13200,188628.0,-0.13976240391335715,6.148632903165681,44.16142557651986
300839.SZ,20260929,12.58,5600,70448.0,0.07955449482894839,1.5042635199719008,45.47732696897369
300840.SZ,20260929,18.78,5800,108924.0,1.3491635186184459,0.9696057216244562,53.09498111171067
300841.SZ,20260929,54.88,5200,285376.0,0.0,2.209000325114168,45.0
300842.SZ,20260929,60.0,3900,234000.0,-0.6951340615690249,1.4123979944665543,40.82919563058585
300843.SZ,20260929,116.82,7710,900682.2,-0.06843455945253485,1.715810400100472,44.58939264328479
300844.SZ,20260929,24.17,5900,142603.0,-1.7479674796747946,2.018929412401569,34.51219512195124
300845.SZ,20260929,14.28,10000,142800.0,-1.17647058823529,1.447036506120709,37.94117647058826
300846.SZ,20260929,18.52,23600,437072.0,-0.5904455179817414,1.9819010034504052,41.45732689210955
300847.SZ,20260929,14.41,67400,971234.0,-1.7723244717109732,10.827497401337748,34.36605316973416
300848.SZ,20260929,10.75,18500,198875.0,-1.3761467889908285,11.727143296492168,36.74311926605503
300849.SZ,20260929,21.48,2400,51552.0,-0.04653327128896212,1.1067783950639813,44.720800372266226
300850.SZ,20260929,29.89,148100,4426709.0,-1.091992058239566,4.010564188591065,38.44804765056261
300851.SZ,20260929,24.89,3700,92093.0,-0.04016064257027496,2.877844059789868,44.75903614457835
300852.SZ,20260929,68.17,42600,2904042.0,0.38285966720661424,2.68482712377587,47.29715800323969
300853.SZ,20260929,29.01,6600,191466.0,-0.1376936316695332,1.8707711220544696,44.173838209982804
300854.SZ,20260929,15.02,9500,142690.0,0.805369127516764,3.381487862811798,49.83221476510059
300855.SZ,20260929,33.85,12400,419740.0,-0.08854781582054994,4.216268696264748,44.4687131050767
300856.SZ,20260929,10.28,3100,31868.0,-0.09718172983479434,2.5918890169454416,44.416909620991234
300857.SZ,20260929,245.05,50100,12277005.0,-0.3821293548518234,5.694995618615655,42.70722387088906
300858.SZ,20260929,14.59,3400,49606.0,0.0,1.0660047234199537,45.0
300859.SZ,20260929,23.07,17300,399111.0,-0.043327556325811756,7.316658545723392,44.74003466204513
300860.SZ,20260929,28.84,6800,196112.0,1.3352073085031613,2.285436523627184,53.01124385101897
300861.SZ,20260929,15.19,8000,121520.0,-0.39344262295082366,1.4145182516011696,42.639344262295054
300862.SZ,20260929,47.4,370149,17545062.6,-0.16849199663016012,18.38431515791017,43.98904802021904
300863.SZ,20260929,37.88,19300,731084.0,-0.13182177695754138,4.992720469268423,44.20906933825475
300864.SZ,20260929,25.32,13600,344352.0,1.9323671497584627,6.278467203330177,56.594202898550776
300865.SZ,20260929,28.99,13300,385567.0,0.4156563907169897,2.8498373276958295,47.49393834430194
300866.SZ,20260929,120.06,15500,1860930.0,-0.8587943848059387,4.039660589385738,39.84723369116437
300867.SZ,20260929,16.9,6600,111540.0,0.2967359050444873,2.743441831386882,46.78041543026693
300868.SZ,20260929,77.63,18700,1451681.0,0.10315925209543053,8.479602624860679,45.61895551257258
300869.SZ,20260929,11.39,1900,21641.0,0.35242290748900285,0.5974067242975142,47.114537444934015
300870.SZ,20260929,180.32,9800,1767136.0,-0.9937956404765802,2.750599116656214,39.037226157140516
300871.SZ,20260929,20.54,4800,98592.0,-0.7729468599033784,1.9891528126991196,40.36231884057973
300872.SZ,20260929,14.81,21600,319896.0,-0.4034969737726879,3.337698560303828,42.579018157363876
300873.SZ,20260929,14.22,18700,265914.0,-0.42016806722687816,1.1925693271748576,42.47899159663873
300875.SZ,20260929,30.78,4800,147744.0,-0.6134969325153339,3.047011618874588,41.31901840490799
300876.SZ,20260929,15.6,100500,1567800.0,1.7612524461839474,29.517819638293517,55.56751467710369
300877.SZ,20260929,26.3,1200,31560.0,0.038037276530999975,0.779553834367436,45.228223659186
300878.SZ,20260929,30.5,400,12200.0,2.348993288590595,0.2922668350552934,59.09395973154357
300879.SZ,20260929,17.37,5900,102483.0,0.28868360277136684,1.6053921418063377,46.7321016166282
300880.SZ,20260929,18.24,7800,142272.0,0.05485463521666123,3.51007096058752,45.32912781129997
300881.SZ,20260929,30.21,1800,54378.0,1.3418316001341912,2.9339610147380797,53.050989600805146
300882.SZ,20260929,13.13,2300,30199.0,0.4590665646518888,2.1422242613278373,47.754399387911334
300883.SZ,20260929,6.4,4000,25600.0,1.2658227848101333,0.7834729083178473,52.5949367088608
300884.SZ,20260929,12.02,13800,165876.0,0.7544006705783701,4.660919301002374,49.52640402347022
300885.SZ,20260929,18.82,3700,69634.0,1.400862068965525,2.061269029925394,53.40517241379315
300886.SZ,20260929,23.65,2300,54395.0,0.0,1.746235104914717,45.0
300887.SZ,20260929,6.95,1800,12510.0,0.0,0.29188814782338,45.0
300888.SZ,20260929,29.24,5700,166668.0,0.0,2.4600669766031547,45.0
300889.SZ,20260929,21.37,5300,113261.0,0.0,1.383973590055051,45.0
300890.SZ,20260929,25.7,49600,1274720.0,1.022012578616338,3.6034845189851876,51.13207547169803
300891.SZ,20260929,7.45,5400,40230.0,-0.6666666666666599,0.8225259041836814,41.00000000000004
300892.SZ,20260929,22.28,5000,111400.0,-0.7130124777183555,2.513492735292673,40.721925133689865
300893.SZ,20260929,13.29,2000,26580.0,0.834597875569032,0.2663128010641669,50.007587253414194
300894.SZ,20260929,9.93,3100,30783.0,0.10080645161290036,0.6343222718677789,45.6048387096774
300895.SZ,20260929,60.59,14800,896732.0,2.5038064625275025,3.667526013637269,60.02283877516501
300896.SZ,20260929,91.9,3960,363924.0,0.29466331987342276,1.9087863342735414,46.76797991924054
300897.SZ,20260929,17.0,47700,810900.0,1.1904761904761862,13.344049811545904,52.14285714285712
300898.SZ,20260929,19.98,64400,1286712.0,-1.3333333333333308,16.81159841810969,37.000000000000014
300899.SZ,20260929,29.8,3100,92380.0,1.016949152542379,4.443487145585244,51.10169491525427
300900.SZ,20260929,21.58,23600,509288.0,-0.4153207198892672,1.9888457635088461,42.5080756806644
300901.SZ,20260929,16.73,3200,53536.0,0.0,0.9075227352134203,45.0
300902.SZ,20260929,17.7,14800,261960.0,-0.9513150531617276,2.857601025154877,39.292109681029636
300903.SZ,20260929,93.72,82100,7694412.0,-0.9302325581395321,5.271137844026681,39.41860465116281
300904.SZ,20260929,46.8,33400,1563120.0,-2.33722871452422,8.843872740287301,30.97662771285468
300905.SZ,20260929,35.05,43200,1514160.0,0.22876751501286208,3.2981520316221054,46.37260509007717
300906.SZ,20260929,28.16,2000,56320.0,0.0,2.0331535071990596,45.0
300907.SZ,20260929,50.85,10600,539010.0,-1.3387660069848595,4.0427958486387805,36.96740395809084
300908.SZ,20260929,17.28,6900,119232.0,0.057903879559928484,3.3076939383685864,45.34742327735957
300909.SZ,20260929,60.1,40600,2440060.0,-1.7973856209150374,5.967738501728102,34.21568627450978
300910.SZ,20260929,27.23,6100,166103.0,-0.21986075485525003,1.3824132355851033,43.6808354708685
300911.SZ,20260929,32.53,49400,1606982.0,-0.9137983551629536,3.2531771067812127,39.51720986902228
300912.SZ,20260929,19.38,5300,102714.0,-0.30864197530865445,2.7188242007805905,43.148148148148074
300913.SZ,20260929,35.41,23400,828594.0,-1.7207882320288803,2.68338674119725,34.67527060782672
300915.SZ,20260929,23.28,5300,123384.0,0.04297378599056323,2.952472219509443,45.25784271594338
300916.SZ,20260929,27.5,6500,178750.0,-0.10897203051217774,2.396846508511237,44.346167816926936
300917.SZ,20260929,33.3,357700,11911410.0,4.4542032622333805,11.390220534378702,71.72521957340028
300918.SZ,20260929,10.62,15600,165672.0,-0.747663551401867,3.642128232134424,40.514018691588795
300919.SZ,20260929,36.15,14700,531405.0,-0.05529444290849339,1.7052730092199206,44.66823334254904
300920.SZ,20260929,31.39,10300,323317.0,0.0956632653061229,8.093765161790902,45.57397959183674
300921.SZ,20260929,15.63,4800,75024.0,-0.06393861892582953,0.5603564133762037,44.616368286445024
300922.SZ,20260929,16.95,6700,113565.0,-0.8191925102399078,2.3185140485138978,40.08484493856055
300923.SZ,20260929,23.74,2400,56976.0,0.16877637130801038,1.9859596251647604,46.012658227848064
300925.SZ,20260929,13.64,1400,19096.0,0.5899705014749346,0.30063459744308246,48.53982300884961
300926.SZ,20260929,16.07,4000,64280.0,0.3121098626716723,1.3362357115803982,46.872659176030034
300927.SZ,20260929,27.01,6600,178266.0,0.8212019410227756,1.5978495107172297,49.927211646136655
300928.SZ,20260929,24.13,6600,159258.0,0.29093931837074205,4.698810462576054,46.74563591022445
300929.SZ,20260929,15.6,4300,67080.0,-0.3831417624521105,1.8939206249057168,42.70114942528734
300930.SZ,20260929,25.39,4700,119333.0,-0.23575638506875274,4.950214940868964,43.58546168958748
300931.SZ,20260929,16.8,80600,1354080.0,-1.17647058823529,5.655020701659382,37.94117647058826
300932.SZ,20260929,10.8,52200,563760.0,0.0,5.905071256624004,45.0
300933.SZ,20260929,6.32,23200,146624.0,0.31746031746031633,2.8171650289448413,46.9047619047619
300935.SZ,20260929,26.92,2800,75376.0,-1.0294117647058787,2.293492517065634,38.823529411764724
300936.SZ,20260929,72.08,7300,526184.0,0.40395598272737754,2.734076018890946,47.42373589636426
300937.SZ,20260929,24.58,4800,117984.0,1.991701244813271,2.6316213296134054,56.950207468879626
300938.SZ,20260929,30.6,52800,1615680.0,0.9567799406136723,5.118122173159225,50.740679643682036
300939.SZ,20260929,97.0,34300,3327100.0,0.0515729757607053,7.276305290466215,45.30943785456423
300940.SZ,20260929,13.33,5700,75981.0,0.0,2.1502665217021226,45.0
300941.SZ,20260929,,0,0.0,,0.0,0.0
300942.SZ,20260929,6.52,6800,44336.0,0.0,2.1300269616368386,45.0
300943.SZ,20260929,32.3,12500,403750.0,-2.032150439793756,1.723313710580077,32.80709736123747
300945.SZ,20260929,11.14,16500,183810.0,0.0,4.455426389504806,45.0
300946.SZ,20260929,35.8,2700,96660.0,-1.4859658778206053,3.540201112847973,36.08420473307637
300947.SZ,20260929,15.34,35900,550706.0,0.8547008547008517,6.465440208218896,50.12820512820511
300948.SZ,20260929,17.93,5000,89650.0,-1.103143960286812,1.6279611414664275,38.381136238279126
300949.SZ,20260929,23.61,4900,115689.0,-0.5475989890480149,5.010844324890858,41.71440606571191
300950.SZ,20260929,20.51,12700,260477.0,0.04878048780487809,5.424940193974299,45.29268292682927
300951.SZ,20260929,78.0,29700,2316600.0,-1.3906447534765998,4.7988061807148545,36.6561314791404
300952.SZ,20260929,16.79,24200,406318.0,-0.059523809523820415,6.62510091071177,44.642857142857075
300953.SZ,20260929,93.75,7100,665625.0,0.0,1.4878866018659056,45.0
300955.SZ,20260929,27.63,2900,80127.0,-0.8967001434720179,2.1966001434901554,39.619799139167895
300956.SZ,20260929,10.97,3100,34007.0,-0.5439709882139487,0.849708531259052,41.73617407071631
300957.SZ,20260929,32.38,12500,404750.0,-0.21571648690292822,2.926716923490912,43.70570107858243
300958.SZ,20260929,12.34,19200,236928.0,-0.40355125100888234,9.405695839585476,42.578692493946704
300959.SZ,20260929,85.88,4600,395048.0,-0.13953488372093759,1.342394681791214,44.162790697674374
300960.SZ,20260929,18.54,23100,428274.0,-2.2667369530838144,3.545534304905484,31.399578281497114
300961.SZ,20260929,11.6,300,3480.0,0.17271157167528806,0.03438627296030979,7.225798562907491
300962.SZ,20260929,12.98,16300,211574.0,0.15432098765431057,9.685926709880437,45.92592592592587
300963.SZ,20260929,10.75,14400,154800.0,1.3195098963242335,4.009271847253896,52.9170593779454
300964.SZ,20260929,71.45,12000,857400.0,-0.5982192543127374,2.234485804004686,41.41068447412358
300965.SZ,20260929,41.83,1300,54379.0,-0.688509021842354,2.77537433154125,40.86894586894588
300966.SZ,20260929,24.48,2700,66096.0,-1.0509296685529468,1.4539145456684068,38.69442198868232
300967.SZ,20260929,16.05,4000,64200.0,-0.6191950464396134,1.6244148437712698,41.28482972136232
300968.SZ,20260929,9.55,10000,95500.0,0.0,2.721747153052478,45.0
300969.SZ,20260929,74.08,800,59264.0,-0.6437768240343367,0.6874941899293407,41.13733905579398
300970.SZ,20260929,17.0,22600,384200.0,-0.17615971814445297,3.7690716199967307,43.94304169113328
300971.SZ,20260929,17.43,4300,74949.0,0.17241379310346527,2.2448353422007363,46.03448275862079
300972.SZ,20260929,154.77,6500,1006005.0,-0.533419023136239,4.186224935896841,41.79948586118257
300973.SZ,20260929,25.57,9300,237801.0,0.23520188161505473,5.240565862982794,46.41121128969033
300975.SZ,20260929,24.03,141800,3407454.0,0.459866220735794,6.529358779923859,47.759197324414764
300976.SZ,20260929,57.8,4300,248540.0,0.3646466400416548,1.504155614244708,47.18787984024993
300977.SZ,20260929,19.29,23400,451386.0,2.063492063492056,4.07909970487599,57.38095238095234
300978.SZ,20260929,8.71,800,6968.0,-0.3432494279176135,0.22274455166043453,38.03452273137253
300979.SZ,20260929,33.75,27700,934875.0,-0.7936507936508019,11.889133110571779,40.23809523809519
300980.SZ,20260929,22.87,15600,356772.0,-0.47867711053088957,5.6424209780315575,42.12793733681466
300981.SZ,20260929,18.71,376700,7048057.0,0.7539041464728058,17.4971353403089,49.523424878836835
300982.SZ,20260929,14.22,1000,14220.0,0.0,0.6800393064632045,45.0
300983.SZ,20260929,37.32,2500,93300.0,0.21482277121374072,3.09762167867816,46.288936627282446
300984.SZ,20260929,30.62,13200,404184.0,-0.8740692780835224,1.7670368662573375,39.755584331498866
300985.SZ,20260929,34.89,200,6978.0,0.0,0.11865459499325778,21.3578270987864
300986.SZ,20260929,11.08,45500,504140.0,0.36231884057971175,3.9749955800665293,47.17391304347827
300987.SZ,20260929,14.03,41800,586454.0,-0.142348754448407,5.094726887972398,44.145907473309556
300988.SZ,20260929,16.13,5800,93554.0,-0.061957868649331616,1.1018818634404102,44.62825278810401
300989.SZ,20260929,14.73,7700,113421.0,0.0,3.107902222898698,45.0
300990.SZ,20260929,98.41,8000,787280.0,-0.6962663975782046,2.2173730006032,40.822401614530776
300991.SZ,20260929,25.67,14000,359380.0,-2.0229007633587703,3.0879892643985,32.86259541984738
300992.SZ,20260929,27.64,5300,146492.0,-0.18057060310581186,2.771794914876841,43.91657638136513
300993.SZ,20260929,9.77,6200,60574.0,0.5144032921810648,2.7250830404319313,48.08641975308639
300994.SZ,20260929,11.43,14300,163449.0,0.616197183098599,6.379523363436749,48.697183098591594
300995.SZ,20260929,25.9,900,23310.0,-0.5758157389635365,0.7790225773562869,41.54510556621878
300996.SZ,20260929,11.96,76100,910156.0,-0.7468879668049766,7.584864078172103,40.51867219917014
300997.SZ,20260929,15.01,23300,349733.0,-0.5301524188204065,4.8431876956485445,41.81908548707756
300998.SZ,20260929,29.7,34800,1033560.0,1.2960436562073685,12.491487412575436,52.776261937244215
300999.SZ,20260929,24.1,64700,1559270.0,-0.3308519437551616,9.036240372184103,43.01488833746903
301000.SZ,20260929,23.81,9300,221433.0,0.3371260008428134,5.325026053172068,47.02275600505688
301001.SZ,20260929,25.25,3500,88375.0,-0.2370604504148499,3.5320431994841566,43.577637297510904
301002.SZ,20260929,26.05,10800,281340.0,-0.9128946367439994,2.0485943815476513,39.522632179536004
301003.SZ,20260929,57.78,2200,127116.0,2.4468085106382986,1.6014737795907306,59.68085106382979
301004.SZ,20260929,36.9,187300,6911370.0,-3.6050156739811934,57.921439977933474,23.369905956112838
301005.SZ,20260929,58.17,4360,253621.2,-0.3255654557916321,1.1184372642702702,43.04660726525021
301006.SZ,20260929,13.83,16900,233727.0,0.5087209302325535,12.712445874325146,48.05232558139532
301007.SZ,20260929,30.31,4000,121240.0,-0.2960526315789469,1.6283112678304628,43.223684210526315
301008.SZ,20260929,54.88,39200,2151296.0,-0.9386281588447565,3.4434959657053437,39.36823104693146
301009.SZ,20260929,9.29,10400,96616.0,0.9782608695652062,6.120866976688554,50.86956521739124
301010.SZ,20260929,19.47,7200,140184.0,0.051387461459384554,1.7924604693649648,45.30832476875631
301011.SZ,20260929,15.36,5000,76800.0,0.06514657980456473,1.5129514685695493,45.39087947882739
301012.SZ,20260929,22.12,2100,46452.0,-0.2255299954894041,0.778089758888188,43.646820027063576
301013.SZ,20260929,34.56,65900,2277504.0,0.057903879559928484,7.380357475064192,45.34742327735957
301015.SZ,20260929,25.1,20600,517060.0,0.6012024048096309,4.127170809980704,48.60721442885779
301016.SZ,20260929,15.27,3800,58026.0,1.0589013898080646,1.265550548878865,51.35340833884839
301017.SZ,20260929,13.12,12900,169248.0,1.156515034695449,0.8825085031850132,51.93909020817269
301018.SZ,20260929,91.69,28400,2603996.0,-0.05450185306300481,4.641333209230333,44.67298888162197
301019.SZ,20260929,15.65,1100,17215.0,-0.06385696040868138,0.5687347194666523,44.61685823754791
301020.SZ,20260929,22.5,38700,870750.0,-0.5744586831639364,6.9200978890225295,41.553247901016384
301021.SZ,20260929,79.85,34800,2778780.0,-1.601971657424539,5.996211843030342,35.38817005545276
301022.SZ,20260929,22.5,3000,67500.0,1.3970256872465114,2.9610364296390896,53.38215412347907
301023.SZ,20260929,29.0,1100,31900.0,0.20732550103661485,0.39800221264726265,46.24395300621969
301024.SZ,20260929,33.64,11100,373404.0,0.14885382554330473,10.302536055482518,45.89312295325983
301025.SZ,20260929,9.84,19700,193848.0,0.0,2.115648616853462,45.0
301026.SZ,20260929,18.4,1900,34960.0,-0.16277807921867282,0.9749791214049831,44.02333152468796
301027.SZ,20260929,18.88,3600,67968.0,0.5324813631522707,1.220869803633381,48.19488817891362
301028.SZ,20260929,13.05,4300,56115.0,0.07668711656443339,1.0571802148539104,45.4601226993866
301029.SZ,20260929,24.22,16400,397208.0,-0.6155108740254489,3.3846318020955755,41.30693475584731
301030.SZ,20260929,4.8,313100,1502880.0,-1.0309278350515427,20.8967168988546,38.814432989690744
301031.SZ,20260929,95.0,7100,674500.0,0.8171495277512486,6.065642705866229,49.90289716650749
301032.SZ,20260929,10.26,8900,91314.0,-0.1945525291828787,2.868887559426036,43.83268482490273
301033.SZ,20260929,54.57,3400,185538.0,1.1867235305025092,4.955769968052798,52.12034118301506
301035.SZ,20260929,49.0,6900,338100.0,0.4716013942997588,4.320034385725764,47.82960836579855
301036.SZ,20260929,22.11,1300,28743.0,-0.6738544474393593,1.3093249978298747,40.95687331536384
301037.SZ,20260929,13.18,11900,156842.0,0.1519756838905817,5.084259307325636,45.91185410334349
301038.SZ,20260929,16.3,14500,236350.0,-0.3667481662591565,1.957526703858732,42.79951100244506
301039.SZ,20260929,7.21,29000,209090.0,-0.688705234159781,2.3304422856145313,40.86776859504131
301040.SZ,20260929,26.02,900,23418.0,0.5409582689335446,0.8661441174600607,48.24574961360127
301041.SZ,20260929,35.77,64400,2303588.0,1.5616127200454466,3.103984268129813,54.36967632027268
301042.SZ,20260929,29.01,7400,214674.0,-0.6506849315068397,3.326600339845214,41.09589041095896
301043.SZ,20260929,,0,0.0,,0.0,0.0
301045.SZ,20260929,65.9,4700,309730.0,-1.0807565295706922,2.6627937435969335,38.51546082257585
301046.SZ,20260929,33.11,24400,807884.0,-1.6047548291233227,6.653472327884481,35.371471025260064
301047.SZ,20260929,138.06,110230,15218353.8,-5.438356164383562,10.049558489258878,15.0
301048.SZ,20260929,8.9,1200,10680.0,-0.11223344556677839,0.41487489753959356,44.32659932659933
301049.SZ,20260929,20.41,3000,61230.0,0.14720314033367377,2.8690032231566733,45.883218842002044
301050.SZ,20260929,26.89,2900,77981.0,-0.25964391691394306,1.6026816888571274,43.44213649851634
301051.SZ,20260929,17.37,10800,187596.0,0.46269519953732186,1.691974611692043,47.77617119722393
301052.SZ,20260929,23.61,9000,212490.0,0.0,1.8812744656815976,45.0
301053.SZ,20260929,35.0,30000,1050000.0,0.7774258566081382,20.797943404279874,49.664555139648826
301055.SZ,20260929,30.03,800,24024.0,1.1111111111111072,0.5178078574095071,51.66666666666664
301056.SZ,20260929,13.02,2700,35154.0,-0.38255547054323324,0.9702063870529505,42.7046671767406
301057.SZ,20260929,22.28,10600,236168.0,-0.3577817531305816,1.5946407920924794,42.85330948121651
301058.SZ,20260929,8.54,119200,1017968.0,1.7878426698450411,20.057214174405562,55.72705601907025
301059.SZ,20260929,13.05,6500,84825.0,0.0,2.8562750094109757,45.0
301060.SZ,20260929,11.8,29500,348100.0,-0.42194092827003704,1.8962378527151598,42.468354430379776
301061.SZ,20260929,40.9,12200,498980.0,-0.9205426356589164,4.125530633117996,39.4767441860465
301062.SZ,20260929,,0,0.0,,0.0,0.0
301063.SZ,20260929,18.53,16600,307598.0,0.0,4.554777226529664,45.0
301065.SZ,20260929,20.0,25900,518000.0,0.0,18.3977600336473,45.0
301066.SZ,20260929,12.4,74900,928760.0,0.08071025020177647,23.778379846842512,45.48426150121066
301067.SZ,20260929,32.16,1700,54672.0,-1.5007656967840788,0.9921739088931661,35.99540581929553
301068.SZ,20260929,23.99,8600,206314.0,0.6291946308724761,6.767273194714564,48.775167785234856
301069.SZ,20260929,15.31,6300,96453.0,-0.19556714471968828,2.353375881774586,43.82659713168187
301070.SZ,20260929,64.37,2300,148051.0,0.0,1.4193423121269355,45.0
301071.SZ,20260929,65.3,80300,5243590.0,-1.0306153379812222,6.373164140832225,38.81630797211267
301072.SZ,20260929,44.99,3000,134970.0,-0.6623978803267816,1.4189199327558484,41.02561271803931
301073.SZ,20260929,17.15,14500,248675.0,-0.34863451481698116,3.998795426294937,42.90819291109811
301075.SZ,20260929,63.78,1800,114804.0,-0.09398496240602405,2.6387502744101234,44.43609022556386
301076.SZ,20260929,20.8,1400,29120.0,1.5625,0.7018282548432658,54.375
301077.SZ,20260929,21.52,1500,32280.0,0.7019185774450154,1.5646219602176903,49.211511464670096
301078.SZ,20260929,6.82,13500,92070.0,-0.4379562043795526,1.6016488816411099,42.37226277372268
301079.SZ,20260929,27.0,7800,210600.0,0.0741289844329085,3.1708706842590146,45.44477390659745
301080.SZ,20260929,120.64,132600,15996864.0,-0.14898195662969016,9.1192877385084,44.10610826022186
301081.SZ,20260929,17.51,115500,2022405.0,-0.4548038658328535,8.593747153486312,42.27117680500288
301082.SZ,20260929,9.62,10200,98124.0,0.7329842931937058,3.194355700179023,49.397905759162235
301083.SZ,20260929,14.3,28000,400400.0,0.28050490883591017,17.259102754249344,46.683029453015465
301085.SZ,20260929,76.9,35613,2738639.7,0.9451299553688619,8.348927338946426,50.67077973221317
301086.SZ,20260929,157.0,6600,1036200.0,-0.6266219380973492,3.2127017316132136,41.24026837141591
301087.SZ,20260929,53.2,1000,53200.0,-0.05635919594212391,0.6132087635016679,44.661844824347256
301088.SZ,20260929,13.39,19600,262444.0,0.6010518407212562,18.979863616122874,48.60631104432754
301089.SZ,20260929,24.39,24400,595116.0,-0.12285012285012664,13.395986164066453,44.26289926289924
301090.SZ,20260929,6.95,6200,43090.0,0.28860028860029363,1.356851173838826,46.731601731601764
301091.SZ,20260929,19.55,16100,314755.0,0.3078501795792832,1.8131548152514942,46.8471010774757
301092.SZ,20260929,42.39,500,21195.0,0.0,0.5131217662398108,45.0
301093.SZ,20260929,62.25,4500,280125.0,-1.7828968128747236,1.1903461782466824,34.30261912275166
301095.SZ,20260929,70.19,9300,652767.0,-0.524376417233563,3.0810170244893578,41.85374149659862
301096.SZ,20260929,46.1,2700,124470.0,0.23918243096325842,0.962472414169626,46.43509458577955
301097.SZ,20260929,34.3,400,13720.0,-0.29069767441860517,0.46799032349369946,43.25581395348837
301098.SZ,20260929,8.62,18200,156884.0,0.34924330616996624,3.612361744857944,47.095459837019796
301099.SZ,20260929,56.1,131200,7360320.0,-0.6728045325778975,8.473304169653996,40.96317280453262
301100.SZ,20260929,16.33,33300,543789.0,1.3656114214773307,10.400299156446534,53.19366852886398
301101.SZ,20260929,29.99,800,23992.0,0.3010033444815985,0.6566601232423179,46.80602006688959
301102.SZ,20260929,9.47,6800,64396.0,0.31779661016950733,3.0243161291218237,46.90677966101704
301103.SZ,20260929,16.5,11500,189750.0,0.3039513677811634,2.1378683106639254,46.82370820668698
301105.SZ,20260929,48.26,600,28956.0,0.228452751817243,1.1740133864123397,46.370716510903456
301106.SZ,20260929,18.6,1700,31620.0,-0.48154093097912964,1.045470888188621,42.110754414125225
301107.SZ,20260929,23.26,11100,258186.0,-1.063377286261169,4.076613259863494,38.61973628243299
301108.SZ,20260929,52.55,58680,3083634.0,0.0,14.392692434353483,45.0
301109.SZ,20260929,12.58,1600,20128.0,0.15923566878981443,0.6975996489221633,45.955414012738885
301110.SZ,20260929,35.56,8700,309372.0,0.7365439093484527,3.514976284332122,49.41926345609072
301111.SZ,20260929,21.5,4000,86000.0,-0.6010171058714708,1.131840904201524,41.39389736477118
301112.SZ,20260929,29.4,600,17640.0,-0.20366598778004397,1.1693826196729533,43.778004073319735
301113.SZ,20260929,17.57,2800,49196.0,0.0,2.8587984169822738,45.0
301115.SZ,20260929,33.56,32700,1097412.0,-1.0029498525073621,5.042810603219204,38.982300884955826
301116.SZ,20260929,9.1,3200,29120.0,-0.6550218340611424,1.1072572664527145,41.06986899563314
301117.SZ,20260929,11.92,80000,953600.0,0.08396305625524292,16.95186982083057,45.50377833753146
301118.SZ,20260929,22.92,5300,121476.0,-0.8221549112938042,2.609998583232025,40.067070532237175
301119.SZ,20260929,26.25,3500,91875.0,0.038109756097570724,1.5979867693896217,45.22865853658543
301120.SZ,20260929,14.1,19900,280590.0,-0.35335689045936647,5.467230485700865,42.8798586572438
301121.SZ,20260929,,0,0.0,,0.0,0.0
301122.SZ,20260929,65.78,60400,3973112.0,1.6535311389275442,4.923498510992216,54.921186833565265
301123.SZ,20260929,69.59,7800,542802.0,-0.3579610538373412,2.1255868857693296,42.852233676975956
301125.SZ,20260929,14.49,5600,81144.0,0.8350730688935437,1.259167656939865,50.010438413361264
301126.SZ,20260929,10.59,16000,169440.0,2.7158098933074637,6.0108735809110225,61.29485935984478
301127.SZ,20260929,14.96,99900,1494504.0,-0.5319148936170137,6.0389479145982845,41.80851063829792
301128.SZ,20260929,106.58,12000,1278960.0,-0.947955390334565,3.3246128280826843,39.31226765799261
301129.SZ,20260929,23.49,2700,63423.0,-0.7604562737642762,1.7296280356490696,40.43726235741434
301130.SZ,20260929,27.91,5300,147923.0,-0.8525754884546988,1.576036148735551,39.884547069271804
301131.SZ,20260929,33.37,2000,66740.0,0.9071666162685066,2.2419465669827034,50.44299969761104
301132.SZ,20260929,64.26,51900,3335094.0,-0.756756756756749,3.011591765614254,40.45945945945951
301133.SZ,20260929,25.6,3300,84480.0,0.03907776475187141,1.824023416087152,45.234466588511225
301135.SZ,20260929,18.01,3800,68438.0,-0.055493895671465676,1.6212717106290326,44.66703662597121
301136.SZ,20260929,12.55,227800,2858890.0,-1.5686274509803866,10.594045646506363,35.58823529411768
301137.SZ,20260929,30.11,15400,463694.0,0.8372404554588098,10.044202584021498,50.023442732752855
301138.SZ,20260929,28.58,7300,208634.0,0.5983808518127409,8.784762698108075,48.590285110876444
301139.SZ,20260929,,0,0.0,,,0.0
301141.SZ,20260929,35.83,2600,93158.0,0.19574944071587552,2.6069170319845223,46.17449664429525
301148.SZ,20260929,,0,0.0,,0.0,0.0
301149.SZ,20260929,7.5,1001457,7510927.5,-12.383177570093462,26.83451845440409,15.0
301150.SZ,20260929,42.02,225226,9463996.52,0.7432270438743727,5.579450970036959,49.459362263246234
301151.SZ,20260929,20.82,2000,41640.0,0.0,0.7012115399615808,45.0
301152.SZ,20260929,20.75,4300,89225.0,0.38703434929849845,0.3276640387948693,47.32220609579099
301153.SZ,20260929,16.78,7400,124172.0,-0.8274231678487065,3.1187697317718186,40.03546099290776
301155.SZ,20260929,41.95,22000,922900.0,-1.0846498467342425,2.8474340029029683,38.49210091959455
301156.SZ,20260929,11.85,2900,34365.0,-0.2525252525252597,0.8984406082835863,43.48484848484844
301157.SZ,20260929,63.19,800,50552.0,0.30158730158729163,1.8253937503807267,46.80952380952375
301158.SZ,20260929,14.11,9500,134045.0,-0.2826855123674976,4.459826241549732,43.30388692579501
301159.SZ,20260929,31.73,1000,31730.0,0.2844500632111169,0.8176885666649264,46.7067003792667
301160.SZ,20260929,41.29,29300,1209797.0,0.0,11.700886510918453,45.0
301161.SZ,20260929,29.37,6600,193842.0,0.41025641025640436,3.8788254155772175,47.461538461538424
301162.SZ,20260929,36.75,2800,102900.0,0.35499726925178887,2.606730802975335,47.12998361551073
301163.SZ,20260929,23.68,6400,151552.0,0.16920473773265332,4.85297708474956,46.01522842639592
301165.SZ,20260929,102.13,30300,3094539.0,-0.23444368467325782,3.9294275787143995,43.59333789196045
301166.SZ,20260929,33.09,14000,463260.0,-0.18099547511311043,6.706805788895723,43.914027149321335
301167.SZ,20260929,13.5,7800,105300.0,0.0,3.8347286741987383,45.0
301168.SZ,20260929,39.6,2700,106920.0,-0.9504752376187975,1.8738318453936607,39.29714857428721
301169.SZ,20260929,50.84,400,20336.0,-0.39184952978055243,0.4986462426370539,42.64890282131668
301170.SZ,20260929,23.1,1700,39270.0,0.5659555942533867,2.2746831239699135,48.39573356552032
301171.SZ,20260929,32.32,198979,6431001.28,0.40385212799005643,4.75539075140655,47.42311276794034
301172.SZ,20260929,17.35,6400,111040.0,-0.5730659025787843,1.0094075215628033,41.561604584527295
301173.SZ,20260929,33.11,8800,291368.0,-1.2526096033402934,12.562792295394463,37.48434237995824
301175.SZ,20260929,5.52,45400,250608.0,0.0,4.924335203552188,45.0
301176.SZ,20260929,52.08,46800,2437344.0,-2.726933134105347,3.907291458135368,28.63840119536792
301177.SZ,20260929,22.8,2300,52440.0,-0.2624671916010457,2.8987805467043066,43.425196850393725
301178.SZ,20260929,34.83,200,6966.0,0.37463976945244504,0.15759053688326882,30.614135255703058
301179.SZ,20260929,19.43,5600,108808.0,-0.051440329218110925,3.1304420193222704,44.69135802469133
301180.SZ,20260929,11.36,7700,87472.0,-0.4382120946538226,1.8885518046730043,42.37072743207706
301181.SZ,20260929,25.64,4600,117944.0,0.5490196078431486,2.795036054925952,48.29411764705889
301182.SZ,20260929,61.62,14600,899652.0,0.4728517854231118,6.558678807782633,47.837110712538674
301183.SZ,20260929,286.24,28500,8157840.0,1.5035460992907757,7.745850658639887,54.02127659574465
301185.SZ,20260929,17.22,2400,41328.0,0.7017543859648923,1.7309052913608902,49.21052631578935
301186.SZ,20260929,33.36,15900,530424.0,0.4214328717639937,6.328358470947467,47.52859723058396
301187.SZ,20260929,15.66,43900,687474.0,-0.6345177664974555,9.238497772916224,41.19289340101527
301188.SZ,20260929,33.57,142200,4773654.0,-0.9149940968122827,12.952854365950113,39.510035419126304
301189.SZ,20260929,70.2,34000,2386800.0,0.48668766103636685,8.447861494445576,47.9201259662182
301190.SZ,20260929,26.0,831500,21619000.0,4.208416833667328,36.47041932526347,70.25050100200397
301191.SZ,20260929,78.23,6900,539787.0,-1.1123751738086107,3.1149784923781914,38.325748957148335
301192.SZ,20260929,19.65,3500,68775.0,0.1529051987767538,2.417912221114585,45.91743119266052
301193.SZ,20260929,22.43,29200,654956.0,-0.35539760106619855,5.052704005345819,42.86761439360281
301195.SZ,20260929,,0,0.0,,0.0,0.0
301196.SZ,20260929,81.38,10900,887042.0,-0.9975669099756779,2.526619763601842,39.01459854014593
301197.SZ,20260929,26.21,8900,233269.0,-0.7196969696969591,3.6223984680099828,40.681818181818244
301198.SZ,20260929,13.78,22500,310050.0,-0.5772005772005762,4.971030456238602,41.536796536796544
301199.SZ,20260929,18.09,4200,75978.0,0.33277870216306127,4.05299943562711,46.99667221297837
301200.SZ,20260929,233.38,4100,956858.0,0.0,1.7643622494005795,45.0
301201.SZ,20260929,29.35,5600,164360.0,-0.20401224073444135,1.0688115867183372,43.77592655559335
301202.SZ,20260929,36.32,3400,123488.0,0.0,3.8218825928611193,45.0
301203.SZ,20260929,33.52,9200,308384.0,1.391409558378709,13.8100718353557,53.348457350272255
301205.SZ,20260929,267.0,34700,9264900.0,0.07496251874061777,6.615209883530505,45.4497751124437
301206.SZ,20260929,23.3,8700,202710.0,-0.7666098807495692,2.8399703684852615,40.40034071550259
301207.SZ,20260929,19.6,78800,1544480.0,-0.9100101112234582,8.488940438802196,39.53993933265925
301208.SZ,20260929,30.23,2000,60460.0,0.8675342008675369,2.373243121256773,50.20520520520522
301209.SZ,20260929,,0,0.0,,0.0,0.0
301210.SZ,20260929,29.65,2900,85985.0,1.1945392491467421,1.0567172982145003,52.16723549488045
301211.SZ,20260929,12.24,31600,386784.0,-1.528559935639573,3.338500883878475,35.82864038616256
301212.SZ,20260929,26.08,2100,54768.0,0.2305918524212025,1.4868597184207284,46.383551114527215
301213.SZ,20260929,42.31,1100,46541.0,-0.936548817607119,0.6485706088235051,39.380707094357284
301215.SZ,20260929,5.2,15600,81120.0,-0.3831417624520994,2.4377322599220075,42.701149425287404
301216.SZ,20260929,16.4,54800,898720.0,0.0,7.74023529942733,45.0
301217.SZ,20260929,99.0,76700,7593300.0,-1.4925373134328401,4.81201031593551,36.04477611940296
301218.SZ,20260929,51.6,86600,4468560.0,-3.007518796992481,3.542066009965371,26.954887218045116
301219.SZ,20260929,38.92,17130,666699.6,0.43870967741936884,5.2913217190896376,47.632258064516215
301220.SZ,20260929,29.76,2000,59520.0,0.43874451569356765,1.5293347369227699,47.632467094161406
301221.SZ,20260929,26.61,4600,122406.0,-0.2623688155922066,4.121021294305755,43.42578710644676
301222.SZ,20260929,25.38,3800,96444.0,1.9277108433734869,1.261254554463313,56.56626506024092
301223.SZ,20260929,18.08,4900,88592.0,-0.8771929824561431,8.469624178830562,39.73684210526314
301225.SZ,20260929,57.69,6700,386523.0,-0.06928806513077923,2.5666515286089897,44.58427160921532
301226.SZ,20260929,36.11,17800,642758.0,-2.1143941447546832,3.9298512321628416,32.3136351314719
301227.SZ,20260929,31.16,1900,59204.0,0.0,0.7291469215289996,45.0
301228.SZ,20260929,51.6,700,36120.0,-0.3091190108191588,0.4130772887756825,43.14528593508505
301229.SZ,20260929,11.74,2400,28176.0,-0.42408821034773947,0.8551026275882521,42.455470737913565
301230.SZ,20260929,38.05,102600,3903930.0,-0.1312335958005395,7.487585995002494,44.21259842519676
301231.SZ,20260929,28.51,16400,467564.0,-1.3494809688581189,4.343288050758296,36.90311418685128
301232.SZ,20260929,84.19,1100,92609.0,-0.3078744819419832,0.20716619613655785,35.44266841292851
301233.SZ,20260929,35.94,25200,905688.0,2.480752780153961,10.562561551469376,59.88451668092377
301234.SZ,20260929,123.56,37200,4596432.0,-3.476290914772273,13.144902491607281,24.14225451136636
301235.SZ,20260929,42.25,12400,523900.0,-0.9842981017108121,2.906917545824525,39.09421138973513
301236.SZ,20260929,35.6,38700,1377720.0,0.14064697609001975,4.62154476905679,45.84388185654012
301237.SZ,20260929,37.2,7700,286440.0,-0.40160642570280514,5.903343759982007,42.59036144578317
301238.SZ,20260929,15.3,56400,862920.0,0.45961917268548813,6.7887669029151985,47.75771503611293
301239.SZ,20260929,31.74,16700,530058.0,0.06305170239595537,5.95454859016073,45.37831021437573
301246.SZ,20260929,17.03,5700,97071.0,-0.4093567251462038,1.2604426948826537,42.54385964912278
301248.SZ,20260929,55.53,1900,105507.0,1.6474464579901094,0.55776840327608,54.884678747940654
301251.SZ,20260929,83.11,95400,7928694.0,0.5200774068698566,5.991199103435989,48.12046444121914
301252.SZ,20260929,37.85,2000,75700.0,0.0,1.0412469919175626,45.0
301255.SZ,20260929,18.93,400,7572.0,-0.10554089709762238,0.3193483083869586,44.366754617414266
301256.SZ,20260929,9.81,3100,30411.0,0.30674846625768915,1.1930057405187604,46.84049079754614
301257.SZ,20260929,40.31,13500,544185.0,-0.39535458364219345,4.154900803933622,42.62787249814684
301258.SZ,20260929,26.97,4500,121365.0,2.0045385779122515,3.4057368699604273,57.02723146747351
301259.SZ,20260929,19.42,5600,108752.0,-0.05146680391147074,2.27541397031391,44.69119917653118
301260.SZ,20260929,11.74,4300,50482.0,0.6861063464836947,3.645794719868926,49.11663807890217
301261.SZ,20260929,53.6,1800,96480.0,-0.018653236336496626,1.673373096416368,44.88808058198102
301262.SZ,20260929,19.9,31300,622870.0,-0.7976071784646099,2.879427525439786,40.21435692921234
301263.SZ,20260929,18.89,6300,119007.0,0.4787234042553212,2.034739765296937,47.87234042553193
301265.SZ,20260929,21.38,8700,186006.0,-1.3837638376383743,0.9620853787903942,36.697416974169755
301266.SZ,20260929,24.26,8300,201358.0,-0.5737704918032716,3.449344136585934,41.557377049180374
301267.SZ,20260929,14.97,9100,136227.0,0.26791694574681557,2.6534594746651687,46.60750167448089
301268.SZ,20260929,11.57,35300,408421.0,-0.5159071367153989,11.122650785388133,41.90455717970761
301269.SZ,20260929,86.67,9800,849366.0,0.2544823597455226,2.9059035878958914,46.526894158473134
301270.SZ,20260929,31.38,400,12552.0,-0.12730744748569167,0.2582095793844945,44.23615531508585
301272.SZ,20260929,35.44,700,24808.0,0.9111617312072884,1.411322153570608,50.466970387243734
301273.SZ,20260929,36.55,400,14620.0,1.0226644555002773,0.19775129926174503,41.73122060011577
301275.SZ,20260929,38.96,7400,288304.0,0.0,3.359280165582506,45.0
301276.SZ,20260929,17.43,16600,289338.0,0.7514450867051936,9.880770951393153,49.50867052023116
301277.SZ,20260929,10.35,4200,43470.0,0.0,1.4700858783689519,45.0
301278.SZ,20260929,28.8,5700,164160.0,-0.034710170079821356,5.738585744434194,44.79173897952107
301279.SZ,20260929,23.54,1500,35310.0,0.04249893752654721,1.1917478212900707,45.25499362515929
301280.SZ,20260929,41.5,2100,87150.0,0.07234145165180283,1.1196479316091756,45.43404870991082
301281.SZ,20260929,46.9,2400,112560.0,0.0,1.66254329048707,45.0
301282.SZ,20260929,39.69,56800,2254392.0,-0.8493629777666878,2.5293887227553227,39.90382213339987
301283.SZ,20260929,,0,0.0,,0.0,0.0
301285.SZ,20260929,91.4,6500,594100.0,0.439560439560438,4.408199250606128,47.63736263736263
301286.SZ,20260929,43.99,700,30793.0,0.43378995433791534,0.45755731055131876,47.602739726027494
301287.SZ,20260929,41.38,2500,103450.0,-0.024160425223473947,3.4030789937643924,44.855037448659154
301288.SZ,20260929,16.84,7400,124616.0,0.17846519928614857,6.101762071332192,46.07079119571689
301289.SZ,20260929,44.77,3700,165649.0,-0.6876663708961783,5.450874980128783,40.87400177462293
301290.SZ,20260929,28.49,18500,527065.0,0.8138711960367973,10.881377474764728,49.883227176220785
301291.SZ,20260929,33.8,13200,446160.0,-0.5589879376287299,1.626360567367104,41.64607237422762
301292.SZ,20260929,55.02,8400,462168.0,0.0,1.9674408533809864,45.0
301293.SZ,20260929,48.35,3700,178895.0,0.124249326982806,1.666070806967158,45.745495961896836
301295.SZ,20260929,36.08,3500,126280.0,-0.7427785419532373,3.2141530612954323,40.54332874828057
301296.SZ,20260929,6.35,18500,117475.0,0.4746835443037778,7.560049121045103,47.84810126582266
301297.SZ,20260929,46.06,101200,4661272.0,-1.8119803879769636,6.007090377440527,34.12811767213822
301298.SZ,20260929,12.79,8000,102320.0,0.0,5.991160578912872,45.0
301299.SZ,20260929,,0,0.0,,0.0,0.0
301300.SZ,20260929,32.12,900,28908.0,0.0,0.829696895895168,45.0
301301.SZ,20260929,7.97,3500,27895.0,-0.4993757802746579,0.5054768033830045,42.00374531835205
301302.SZ,20260929,20.7,2200,45540.0,-1.098901098901106,0.8475250156499756,38.406593406593366
301303.SZ,20260929,,0,0.0,,0.0,0.0
301305.SZ,20260929,24.63,1000,24630.0,-0.20259319286872746,0.2873936795235925,43.78444084278763
301306.SZ,20260929,90.11,4500,405495.0,-0.3097687797322779,2.4596202261935898,43.14138732160633
301307.SZ,20260929,57.04,19600,1117984.0,0.0,4.291946753511626,45.0
301308.SZ,20260929,312.44,42602,13310568.88,0.1410256410256494,6.5706675998750805,45.846153846153896
301309.SZ,20260929,29.85,1000,29850.0,0.0,2.587961907829427,45.0
301310.SZ,20260929,55.99,25300,1416547.0,-2.473436683504604,2.176618729058752,30.159379898972375
301311.SZ,20260929,18.57,561000,10417770.0,1.4754098360655776,20.012420941976586,53.85245901639347
301312.SZ,20260929,80.11,10300,825133.0,-0.9887529353602709,2.6094546902164404,39.067482387838375
301313.SZ,20260929,30.54,66800,2040072.0,4.019073569482279,19.618496460927087,69.11444141689367
301314.SZ,20260929,45.57,3900,177723.0,-0.6540222367560466,1.2524137154659367,41.07586657946372
301315.SZ,20260929,43.39,11000,477290.0,-1.0715914272685811,6.910909491468812,38.57045143638851
301316.SZ,20260929,38.53,139000,5355670.0,0.07792207792207684,7.780120113085555,45.467532467532465
301317.SZ,20260929,44.31,100,4431.0,-0.11271415689809716,0.06983623348085838,11.894237085165926
301318.SZ,20260929,21.36,3300,70488.0,0.9929078014184523,3.490202880490462,50.95744680851071
301319.SZ,20260929,86.0,8100,696600.0,-0.7615970459266097,1.8403892508357762,40.43041772444034
301320.SZ,20260929,14.01,10800,151308.0,-0.4264392324093813,6.202227913164353,42.44136460554371
301321.SZ,20260929,46.11,79100,3647301.0,-2.0603228547153796,16.951833441861197,32.638062871707724
301322.SZ,20260929,43.55,22200,966810.0,0.0,6.05343476090882,45.0
301323.SZ,20260929,74.3,1500,111450.0,0.4325493376588163,1.7750257575986481,47.5952960259529
301325.SZ,20260929,30.2,17400,525480.0,0.13262599469496816,4.3741377212669414,45.79575596816981
301326.SZ,20260929,93.46,900,84114.0,-1.0062493379938586,0.6326522775456156,38.96250397203685
301327.SZ,20260929,41.09,1000,41090.0,0.4645476772616286,1.3664219833432456,47.78728606356977
301328.SZ,20260929,46.04,5800,267032.0,-0.9892473118279566,2.3093974132170367,39.06451612903226
301329.SZ,20260929,19.9,3500,69650.0,-0.15052684395384652,0.8190995332148274,44.096838936276924
301330.SZ,20260929,25.75,7000,180250.0,0.6645817044566238,3.2121563796403425,48.987490226739745
301331.SZ,20260929,21.36,1800,38448.0,0.04683840749413193,1.9213302033427788,45.28103044496479
301332.SZ,20260929,7.62,19900,151638.0,0.13140604467805073,4.174797014887158,45.7884362680683
301333.SZ,20260929,64.98,3700,240426.0,-1.8280707055446377,1.6712776222178818,34.031575766732175
301335.SZ,20260929,25.62,1600,40992.0,-0.774593338497287,0.8893276614734789,40.35243996901628
301336.SZ,20260929,41.5,1900,78850.0,-0.4557447829215633,2.7073906361947793,42.26553130247062
301337.SZ,20260929,27.52,4600,126592.0,1.0650018362100555,2.541213826265221,51.390011017260335
301338.SZ,20260929,89.0,14100,1254900.0,-0.24658148397219692,3.058920860860083,43.52051109616682
301339.SZ,20260929,12.33,201200,2480796.0,-2.2204599524187074,17.326487588496185,31.677240285487756
301345.SZ,20260929,234.2,2000,468400.0,1.9990418535777987,2.5925511666720187,56.99425112146679
301348.SZ,20260929,21.84,20057,438044.88,-0.5011389521640042,4.037081351040167,41.993166287015974
301349.SZ,20260929,43.16,14900,643084.0,-0.3923378721440107,5.2312726294181555,42.64597276713594
301353.SZ,20260929,20.41,11100,226551.0,0.5914243469689495,8.480031380057591,48.5485460818137
301355.SZ,20260929,11.97,10700,128079.0,-0.663900414937757,2.3281061613617577,41.01659751037346
301356.SZ,20260929,19.55,47600,930580.0,-1.610468042274793,24.528657140666475,35.33719174635124
301357.SZ,20260929,88.88,3100,275528.0,-0.4257226081111454,1.535323488481473,42.44566435133313
301358.SZ,20260929,49.6,28600,1418560.0,0.20202020202020332,2.819462954567645,46.21212121212122
301359.SZ,20260929,19.33,4700,90851.0,-0.514668039114774,2.9708833419712,41.911991765311356
301360.SZ,20260929,62.0,2700,167400.0,-0.8951406649616356,1.7772131114266752,39.62915601023019
301361.SZ,20260929,26.78,900,24102.0,0.0,1.1707672145540358,45.0
301362.SZ,20260929,105.99,3500,370965.0,-0.028296547821171636,1.9488193783653178,44.83022071307297
301363.SZ,20260929,16.06,63100,1013386.0,-0.5572755417956654,8.068137839513698,41.65634674922601
301365.SZ,20260929,34.41,600,20646.0,-0.3475238922676094,0.2741719723577921,42.91485664639434
301366.SZ,20260929,68.41,118700,8120267.0,-0.4945454545454586,5.314518260166978,42.03272727272725
301367.SZ,20260929,46.34,500,23170.0,0.0,0.403731015024278,45.0
301368.SZ,20260929,38.8,4700,182360.0,0.5181347150258864,2.800050114325312,48.10880829015532
301369.SZ,20260929,139.19,25500,3549345.0,-0.22937423840584392,8.52758658248639,43.62375456956494
301370.SZ,20260929,8.55,3100,26505.0,0.0,2.100504858185213,45.0
301371.SZ,20260929,20.58,4200,86436.0,-0.14556040756914523,2.946165933478744,44.12663755458513
301372.SZ,20260929,34.5,5300,182850.0,1.3513513513513598,4.438440521597491,53.108108108108155
301373.SZ,20260929,120.22,39000,4688580.0,-1.8772445315050623,4.409437837987862,33.73653281096963
301376.SZ,20260929,22.33,59600,1330868.0,-1.4128035320088328,20.79766047963193,36.523178807947005
301377.SZ,20260929,346.91,11700,4058847.0,-0.9705689246667148,4.943288509211032,39.17658645199971
301378.SZ,20260929,24.95,2600,64870.0,0.08022462896108973,1.7823195339734963,45.48134777376654
301379.SZ,20260929,19.83,14000,277620.0,-0.8004002001000488,2.119922711322961,40.19759879939971
301380.SZ,20260929,33.83,11600,392428.0,-0.05908419497785422,3.789019713696392,44.645494830132876
301381.SZ,20260929,23.9,9900,236610.0,0.2937473772555599,2.4921056751938604,46.76248426353336
301382.SZ,20260929,38.5,728900,28062650.0,2.149111170071638,25.61645989537723,57.89466702042983
301383.SZ,20260929,23.04,4900,112896.0,-0.3891050583657574,5.128308832477817,42.665369649805456
301386.SZ,20260929,21.09,600,12654.0,0.0,0.45245069953583583,45.0
301387.SZ,20260929,48.5,3000,145500.0,-4.320378772933509,1.3570677877237207,19.077727362398946
301388.SZ,20260929,25.2,6100,153720.0,-0.7092198581560294,5.460173412720627,40.744680851063826
301389.SZ,20260929,52.9,11200,592480.0,-1.4346934972983116,1.8384777698678703,36.39183901621013
301390.SZ,20260929,40.19,83000,3335770.0,0.0,22.64283366333869,45.0
301391.SZ,20260929,44.11,3500,154385.0,0.09076469253459507,4.099701685858091,45.54458815520757
301392.SZ,20260929,157.0,6800,1067600.0,-0.4123057405645447,2.8167290642269207,42.52616555661273
301393.SZ,20260929,65.97,10800,712476.0,-0.12112036336108245,3.217430217176178,44.2732778198335
301395.SZ,20260929,11.89,3000,35670.0,0.5071851225697532,0.864369155052081,48.04311073541852
301396.SZ,20260929,163.2,25900,4226880.0,-1.1328527291452173,3.8657392248429048,38.2028836251287
301397.SZ,20260929,22.3,1600,35680.0,0.04486316733962603,1.4784617399523121,45.26917900403775
301398.SZ,20260929,37.76,200,7552.0,-0.6315789473684275,0.15623062713459313,24.332039200016197
301399.SZ,20260929,20.58,1800,37044.0,0.7835455435847072,0.6269077537291478,49.70127326150824
301408.SZ,20260929,14.57,22900,333653.0,0.0,2.2959689993779504,45.0
301413.SZ,20260929,52.5,5900,309750.0,-0.4927975739196344,2.3938631078389196,42.04321455648219
301418.SZ,20260929,34.47,1700,58599.0,-0.08695652173913437,1.8622710726082643,44.47826086956519
301419.SZ,20260929,41.6,51700,2150720.0,0.16855285335901637,8.010706190229987,46.0113171201541
301421.SZ,20260929,72.7,1900,138130.0,-0.6015859994531025,1.030726263851825,41.39048400328139
301428.SZ,20260929,,0,0.0,,0.0,0.0
301429.SZ,20260929,17.39,25100,436489.0,0.11514104778354017,14.822774133866602,45.690846286701245
301439.SZ,20260929,13.85,3700,51245.0,0.0,1.9666104883948297,45.0
301446.SZ,20260929,40.7,2500,101750.0,4.332222507049477,1.7143592366966987,70.99333504229686
301448.SZ,20260929,54.36,12400,674064.0,2.0078814036404546,5.757312071499953,57.04728842184273
301449.SZ,20260929,39.8,1600,63680.0,0.1006036217303885,1.761835761637653,45.60362173038233
301456.SZ,20260929,25.49,19300,491957.0,-0.8171206225681016,3.6109834849625346,40.09727626459139
301458.SZ,20260929,35.62,15800,562796.0,-0.39149888143177325,2.844059907958176,42.65100671140936
301459.SZ,20260929,31.3,2300,71990.0,-0.6664550936210767,4.87603064278365,41.00126943827354
301468.SZ,20260929,30.77,300,9231.0,-0.06495615459564119,0.1738782303233157,30.90834453062298
301469.SZ,20260929,28.74,3400,97716.0,0.41928721174002703,3.382440942881769,47.51572327044016
301479.SZ,20260929,48.45,5200,251940.0,-0.7172131147540894,3.8238209464846302,40.696721311475464
301486.SZ,20260929,182.08,31400,5717312.0,0.04395604395606156,5.735618127121302,45.26373626373637
301487.SZ,20260929,15.05,28400,427420.0,0.1997336884154599,1.4150943889407979,46.19840213049276
301488.SZ,20260929,89.99,600,53994.0,-0.7718601830411287,0.9099277353117955,40.36883890175323
301489.SZ,20260929,111.34,10500,1169070.0,-1.1190053285967894,3.6133689981859036,38.28596802841926
301491.SZ,20260929,36.08,2400,86592.0,-0.05540166204986985,6.586145100035673,44.66759002770078
301498.SZ,20260929,38.83,12700,493141.0,-0.38481272447408177,4.604671155659724,42.69112365315551
301499.SZ,20260929,25.59,3300,84447.0,-0.5054432348367,2.2175256922062694,41.9673405909798
301500.SZ,20260929,23.75,45100,1071125.0,-0.5027230833682506,3.9913398732901126,41.9836614997905
301501.SZ,20260929,27.06,4300,116358.0,0.5200594353640398,7.201344983835995,48.12035661218424
301502.SZ,20260929,50.08,1800,90144.0,0.34061310358646235,2.0662056945808924,47.04367862151877
301503.SZ,20260929,22.1,3500,77350.0,0.0,4.9190538370696295,45.0
301505.SZ,20260929,18.08,9300,168144.0,-0.11049723756907381,6.292231145953883,44.337016574585554
301507.SZ,20260929,13.08,4300,56244.0,-0.15267175572518665,1.1255769779753786,44.08396946564888
301508.SZ,20260929,24.19,5200,125788.0,0.9599332220367351,7.082747914837167,50.75959933222041
301509.SZ,20260929,30.98,9900,306702.0,0.5844155844155763,4.429566548068601,48.506493506493456
301510.SZ,20260929,26.66,5000,133300.0,-0.26187803965581624,0.8772898549723762,43.428731762065105
301511.SZ,20260929,93.0,102100,9495300.0,-0.8528784648187626,5.053825908830596,39.88272921108742
301512.SZ,20260929,31.1,10500,326550.0,0.7124352331606243,8.762498196301934,49.27461139896374
301513.SZ,20260929,42.99,2000,85980.0,0.3267211201867015,0.5990816613250189,46.96032672112021
301515.SZ,20260929,20.24,2200,44528.0,0.24764735017333006,2.1712858866488074,46.48588410103998
301516.SZ,20260929,18.45,8500,156825.0,-0.431732325957912,2.0079212675174203,42.40960604425253
301517.SZ,20260929,35.8,9800,350840.0,0.0,4.089147664412971,45.0
301518.SZ,20260929,23.99,2100,50379.0,-0.04166666666667318,1.2075317247627273,44.74999999999996
301519.SZ,20260929,12.04,7100,85484.0,-0.16583747927032544,4.770257397138326,44.00497512437805
301520.SZ,20260929,72.45,108500,7860825.0,0.5970563732296652,7.5079634601154,48.58233823937799
301522.SZ,20260929,22.01,2700,59427.0,-0.04541326067211138,1.1676898927516122,44.727520435967335
301525.SZ,20260929,39.08,400,15632.0,-0.12777919754665135,0.4176434278289527,44.23332481472009
301526.SZ,20260929,27.69,315700,8741733.0,0.10845986984815426,5.089684764865774,45.650759219088926
301528.SZ,20260929,72.1,3580,258118.0,0.3479471120389599,3.814410699925197,47.08768267223376
301529.SZ,20260929,133.49,16300,2175887.0,0.8461131676361644,4.770936027185972,50.076679005816985
301531.SZ,20260929,48.29,19100,922339.0,-1.0450819672131129,6.933000397415583,38.729508196721326
301533.SZ,20260929,28.26,5800,163908.0,-0.07072135785006761,6.679101212272109,44.575671852899596
301535.SZ,20260929,13.66,2000,27320.0,1.5613382899628325,1.3944403072872777,54.36802973977699
301536.SZ,20260929,124.12,37600,4666912.0,0.088702523990003,3.216343743961618,45.53221514394002
301538.SZ,20260929,39.5,2000,79000.0,0.9197751660705134,1.622919455263428,50.51865099642308
301539.SZ,20260929,15.23,5600,85288.0,0.06570302233903647,4.2349556240327875,45.39421813403422
301548.SZ,20260929,51.98,4900,254702.0,-0.4405286343612369,5.0279246452140445,42.35682819383258
301550.SZ,20260929,91.26,17900,1633554.0,-0.12038962460325653,1.735084900136208,44.27766225238046
301551.SZ,20260929,21.8,19900,433820.0,0.09182736455464191,3.364255242274151,45.55096418732785
301552.SZ,20260929,24.24,2500,60600.0,-0.8588957055214785,2.8104112435816537,39.84662576687113
301555.SZ,20260929,35.78,2500,89450.0,0.3646563814866832,1.7550149181447738,47.1879382889201
301556.SZ,20260929,60.02,600,36012.0,0.0,0.5465707488568744,45.0
301557.SZ,20260929,80.2,4000,320800.0,-2.4330900243308973,5.371899093582302,30.401459854014618
301558.SZ,20260929,6.7,432900,2900430.0,-0.7407407407407418,27.70108288777574,40.55555555555555
301559.SZ,20260929,12.52,11800,147736.0,-0.7923930269413626,8.008272801225374,40.24564183835182
301560.SZ,20260929,28.91,47100,1361661.0,2.4087849805171757,2.9854385831167036,59.452709883103054
301563.SZ,20260929,108.0,29600,3196800.0,3.250478011472291,20.37526031930174,64.50286806883375
301565.SZ,20260929,19.32,900,17388.0,0.0,0.35270292037158013,45.0
301566.SZ,20260929,24.13,50900,1228217.0,-0.8220304151253521,3.811253524358071,40.06781750924789
301567.SZ,20260929,36.7,2500,91750.0,-0.48806941431670525,3.406613671441294,42.07158351409977
301568.SZ,20260929,68.5,13900,952150.0,-1.2541444428427306,6.103878202595721,37.475133342943614
301571.SZ,20260929,67.08,10200,684216.0,-0.28244388286011723,3.2637815337910263,43.3053367028393
301575.SZ,20260929,24.7,21000,518700.0,0.24350649350648457,6.376602877749569,46.46103896103891
301577.SZ,20260929,55.26,1900,104994.0,-0.10845986984816536,1.8242584043608927,44.34924078091101
301578.SZ,20260929,23.03,1980,45599.4,0.04344048653346366,1.0638127680905565,45.260642919200784
301580.SZ,20260929,51.92,20100,1043592.0,-0.6505931879066118,5.8767672098668875,41.09644087256033
301581.SZ,20260929,36.91,33600,1240176.0,2.1023513139695638,35.44893246342348,57.61410788381738
301583.SZ,20260929,138.09,110000,15189900.0,0.7000656311529241,11.627975645664614,49.200393786917545
301584.SZ,20260929,18.3,3700,67710.0,0.1094091903719896,1.397011968506892,45.656455142231934
301585.SZ,20260929,28.0,10600,296800.0,0.39440659734670813,24.279286994236294,47.36643958408025
301586.SZ,20260929,,0,0.0,,0.0,0.0
301587.SZ,20260929,23.39,66100,1546079.0,4.048042704626331,8.70904280121433,69.28825622775798
301588.SZ,20260929,25.25,5300,133825.0,-2.131782945736438,3.259149856274913,32.209302325581376
301589.SZ,20260929,157.89,1600,252624.0,1.1920784464525935,2.8666301279352773,52.15247067871556
301590.SZ,20260929,64.2,500,32100.0,-0.40335091529629663,0.6260445550963915,42.57989450822222
301591.SZ,20260929,40.7,11100,451770.0,-0.9973242520068037,1.9186793117833256,39.01605448795918
301592.SZ,20260929,111.4,900,100260.0,0.0,0.7569172393144638,45.0
301595.SZ,20260929,47.38,10200,483276.0,1.1744608157164382,6.217030001296381,52.04676489429863
301596.SZ,20260929,45.5,900,40950.0,-0.45941807044410643,0.9303454600269894,42.24349157733536
301598.SZ,20260929,,0,0.0,,0.0,0.0
301599.SZ,20260929,31.24,9000,281160.0,0.6443298969072142,1.0728429819232432,48.86597938144328
301600.SZ,20260929,76.8,200,15360.0,0.7081038552321006,0.3873046970803779,49.248623131392606
301601.SZ,20260929,16.59,137100,2274489.0,1.7791411042944683,21.365794919700413,55.67484662576681
301602.SZ,20260929,16.1,400,6440.0,0.0,0.19667525381975273,35.40154568755549
301603.SZ,20260929,115.78,2800,324184.0,0.8536585365853666,2.4968728241785687,50.1219512195122
301606.SZ,20260929,50.3,20300,1021090.0,0.4995004995004937,7.129565520399213,47.997002997002966
301607.SZ,20260929,41.92,40900,1714528.0,-1.015348288075557,6.878323347865248,38.907910271546655
301608.SZ,20260929,50.0,1900,95000.0,-0.3984063745020028,0.8745682176617368,42.609561752987986
301609.SZ,20260929,30.23,100,3023.0,0.23209549071618873,0.13520627947518138,25.72970324982978
301611.SZ,20260929,88.95,9200,818340.0,-0.05617977528089568,1.98266232921242,44.662921348314626
301613.SZ,20260929,,0,0.0,,0.0,0.0
301616.SZ,20260929,35.73,4000,142920.0,-0.0838926174496657,5.438414370730976,44.496644295302005
301617.SZ,20260929,51.81,13700,709797.0,0.9744689144416396,4.405843062430545,50.846813486649836
301618.SZ,20260929,29.8,1100,32780.0,-0.7659007659007622,1.729854483036629,40.404595404595426
301622.SZ,20260929,36.39,1700,61863.0,0.5248618784530423,1.6926756237272038,48.149171270718256
301626.SZ,20260929,298.18,1900,566542.0,-1.0683477106834705,1.0989902077235403,38.589913735899174
301628.SZ,20260929,104.76,4700,492372.0,-0.4750142504275079,0.8841998919335631,42.14991449743495
301629.SZ,20260929,263.01,600,157806.0,-0.5858784396734262,0.6963929272135065,41.484729361959445
301630.SZ,20260929,195.5,3800,742900.0,-0.2856268489238034,3.325554921996582,43.28623890645718
301631.SZ,20260929,59.29,2100,124509.0,-0.8694198294599609,1.4024225916347084,39.783481023240235
301632.SZ,20260929,12.86,10700,137602.0,-0.2327385570209506,3.853375555712633,43.6035686578743
301633.SZ,20260929,59.5,3400,202300.0,-0.5016722408026753,2.252438308643842,41.98996655518395
301636.SZ,20260929,39.55,2800,110740.0,0.05059448520110532,1.3986005917208577,45.30356691120663
301638.SZ,20260929,20.63,10800,222804.0,0.5360623781676344,3.4875210798433165,48.216374269005804
301655.SZ,20260929,23.43,77400,1813482.0,-1.7610062893081868,4.53072415366705,34.43396226415088
301656.SZ,20260929,13.82,4800,66336.0,0.14492753623187582,1.1808749759106072,45.869565217391255
301658.SZ,20260929,21.27,12500,265875.0,-1.0237319683573665,6.218987018408957,38.8576081898558
301662.SZ,20260929,64.93,31400,2038802.0,3.391719745222943,4.629131713235609,65.35031847133766
301665.SZ,20260929,21.77,12100,263417.0,0.600739371534198,15.518837523816837,48.60443622920519
301666.SZ,20260929,359.19,4200,1508598.0,-0.3633841886269029,2.913687769933342,42.819694868238585
301667.SZ,20260929,55.4,7300,404420.0,2.02578268876612,5.394366055398342,57.15469613259672
301668.SZ,20260929,29.68,7800,231504.0,-0.4360952700436016,8.346100164393846,42.38342837973839
301669.SZ,20260929,25.0,11100,277500.0,-0.3984063745020028,3.0216550703199925,42.609561752987986
301677.SZ,20260929,53.0,23076,1223028.0,-2.2500922168941284,7.028961374098613,31.49944669863523
301678.SZ,20260929,51.8,75100,3890180.0,0.0,11.30150754869935,45.0
301680.SZ,20260929,96.86,2900,280894.0,0.0,4.825582998324236,45.0
301682.SZ,20260929,102.6,12489,1281371.4,-0.89829035062301,4.788708187888574,39.61025789626194
301683.SZ,20260929,98.9,9500,939550.0,-0.6030150753768782,15.868244251530538,41.38190954773873
301686.SZ,20260929,225.0,35500,7987500.0,-2.8790952648163337,8.277975932299212,27.725428411101998
301687.SZ,20260929,50.09,1400,70126.0,-0.15945784333266655,0.6694619041663337,44.043252940004
301688.SZ,20260929,39.85,28100,1119785.0,-0.374999999999992,5.94753769840783,42.75000000000005
301689.SZ,20260929,80.99,376838,30520109.62,-4.829612220916568,16.61597276883174,16.022326674500594
301696.SZ,20260929,89.24,2000,178480.0,-0.011204481792725929,2.010397287490609,44.93277310924364
301697.SZ,20260929,27.91,118400,3304544.0,-2.378454004896813,9.203163409204032,30.729275970619124
301699.SZ,20260929,39.95,1184300,47312785.0,-1.7944936086528918,31.6098027369563,34.23303834808265
301707.SZ,20260929,72.42,37600,2722992.0,-0.4946413849958753,8.60687351988397,42.03215169002475
301716.SZ,20260929,600.0,761100,456660000.0,680.64012490242,73.28421517483332,100.0
301717.SZ,20260929,353.0,4200,1482600.0,-0.6333567909922566,2.8416598560390933,41.19985925404646
302132.SZ,20260929,58.67,15900,932853.0,-0.10216243827685378,2.133145374072032,44.387025370338876
920000.BJ,20260929,13.7,938,12850.6,0.0,0.631978818180381,45.0
920001.BJ,20260929,10.9,28622,311979.8,-3.1971580817051426,16.878800031786135,25.817051509769144
920002.BJ,20260929,53.68,18603,998609.04,0.6185567010309256,9.485528957585162,48.711340206185554
920003.BJ,20260929,15.9,11415,181498.5,0.2522068095838659,5.304523180624698,46.51324085750319
920005.BJ,20260929,26.0,15367,399542.0,-1.2908124525436548,11.570524410658757,37.25512528473807
920006.BJ,20260929,16.97,365,6194.05,0.7719714964370405,0.30704908314961843,49.631828978622245
920007.BJ,20260929,31.72,100,3172.0,-0.3142677561282281,0.9993086907233641,43.114393463230634
920008.BJ,20260929,,0,0.0,,0.0,0.0
920009.BJ,20260929,,0,0.0,,0.0,0.0
920010.BJ,20260929,8.47,13299,112642.53,0.0,4.619538716848617,45.0
920011.BJ,20260929,,0,0.0,,0.0,0.0
920012.BJ,20260929,50.77,3083,156523.91,0.0,4.865513394805493,45.0
920014.BJ,20260929,8.56,2445,20929.2,1.4218009478673022,6.414463334329079,53.53080568720381
920015.BJ,20260929,43.96,16219,712987.24,-0.38522547020167774,6.298205337731622,42.688647178789935
920016.BJ,20260929,,0,0.0,,0.0,0.0
920017.BJ,20260929,15.58,1066,16608.28,0.77619663648123,1.5917643806116966,49.65717981888738
920018.BJ,20260929,,0,0.0,,0.0,0.0
920019.BJ,20260929,15.59,7630,118951.7,-2.0113136392206132,3.750922860859958,32.932118164676325
920020.BJ,20260929,14.87,4100,60967.0,0.950441276306857,23.360701375717593,50.70264765784114
920021.BJ,20260929,7.66,58569,448638.54,0.0,3.0901150853879313,45.0
920022.BJ,20260929,18.43,3000,55290.0,-0.27056277056277667,1.6398462769009468,43.37662337662334
920023.BJ,20260929,1.39,200,278.0,0.0,0.08093943926565637,14.569099067818147
920025.BJ,20260929,14.23,283469,4033763.87,-6.381578947368416,15.130123566975652,15.0
920026.BJ,20260929,16.6,1100,18260.0,-0.6582884500299202,1.4730592848891881,41.05026929982048
920027.BJ,20260929,,0,0.0,,0.0,0.0
920028.BJ,20260929,14.83,2100,31143.0,0.9530292716133371,2.2596762756698108,50.71817562968002
920029.BJ,20260929,31.4,5300,166420.0,-1.1335012594458571,11.52514679653645,38.198992443324855
920030.BJ,20260929,4.81,154071,741081.51,-1.836734693877562,19.920023708446298,33.97959183673463
920033.BJ,20260929,,0,0.0,,0.0,0.0
920035.BJ,20260929,,0,0.0,,0.0,0.0
920036.BJ,20260929,30.61,100,3061.0,-0.6168831168831157,0.39228528251925326,41.2987012987013
920037.BJ,20260929,,0,0.0,,0.0,0.0
920038.BJ,20260929,35.5,27012,958926.0,-2.6063100137174278,14.846996119976623,29.362139917695433
920039.BJ,20260929,,0,0.0,,0.0,0.0
920045.BJ,20260929,479.75,5784,2774874.0,-0.8535174010085189,4.741241267639065,39.87889559394888
920046.BJ,20260929,18.9,300,5670.0,0.6925945657964894,0.28595905758951706,49.155567394778934
920047.BJ,20260929,15.16,2512,38081.92,0.3973509933774766,0.8353889455411713,47.38410596026486
920050.BJ,20260929,27.34,100,2734.0,0.0,0.6731795416669648,45.0
920055.BJ,20260929,24.69,1,24.69,-0.523771152296526,0.00815231452959448,0.0
920056.BJ,20260929,13.8,2538,35024.4,0.0,7.670157189255169,45.0
920057.BJ,20260929,,0,0.0,,0.0,0.0
920058.BJ,20260929,22.72,480,10905.6,0.7538802660753907,0.8903764695836879,49.52328159645234
920059.BJ,20260929,12.15,1363,16560.45,0.0,1.2188905134048218,45.0
920060.BJ,20260929,26.17,83022,2172685.74,-0.4185692541856856,10.471499112815634,42.48858447488588
920061.BJ,20260929,,0,0.0,,0.0,0.0
920062.BJ,20260929,,0,0.0,,0.0,0.0
920065.BJ,20260929,35.22,22998,809989.56,-1.2061711079943915,9.594370626203863,37.762973352033654
920066.BJ,20260929,,0,0.0,,0.0,0.0
920068.BJ,20260929,15.21,8600,130806.0,-0.6531678641410799,18.60147586810894,41.08099281515352
920069.BJ,20260929,31.61,500,15805.0,0.44486812837623013,5.172820902555951,47.669208770257384
920071.BJ,20260929,26.88,46198,1241802.24,-0.4444444444444473,6.556063413420277,42.333333333333314
920072.BJ,20260929,,0,0.0,,0.0,0.0
920075.BJ,20260929,,0,0.0,,0.0,0.0
920076.BJ,20260929,,0,0.0,,0.0,0.0
920077.BJ,20260929,,0,0.0,,0.0,0.0
920078.BJ,20260929,,0,0.0,,0.0,0.0
920079.BJ,20260929,12.49,7900,98671.0,0.4019292604501734,4.444572674744673,47.41157556270104
920080.BJ,20260929,,0,0.0,,0.0,0.0
920081.BJ,20260929,41.63,32686,1360718.18,-1.467455621301772,27.586129385767048,36.19526627218937
920082.BJ,20260929,,0,0.0,,0.0,0.0
920083.BJ,20260929,40.71,43398,1766732.58,-0.024557956777992995,12.37083981630403,44.85265225933204
920086.BJ,20260929,,0,0.0,,0.0,0.0
920087.BJ,20260929,14.12,23174,327216.88,0.0,2.690097834370924,45.0
920088.BJ,20260929,40.06,22040,882922.4,-1.5724815724815766,8.095270398262599,35.565110565110544
920089.BJ,20260929,,0,0.0,,0.0,0.0
920090.BJ,20260929,3.32,8950,29714.0,0.911854103343468,10.46321001162922,50.471124620060806
920091.BJ,20260929,27.0,2501,67527.0,1.1614837017609458,10.495807673469182,51.96890221056567
920092.BJ,20260929,23.89,100,2389.0,-0.49979175343607407,0.1720134171703832,27.963664570052533
920093.BJ,20260929,18.6,9640,179304.0,-0.16103059581319412,12.37852122826367,44.03381642512083
920096.BJ,20260929,,0,0.0,,0.0,0.0
920098.BJ,20260929,,0,0.0,,0.0,0.0
920099.BJ,20260929,16.23,1900,30837.0,0.12338062924119875,3.7872096247104188,45.740283775447196
920100.BJ,20260929,29.56,40005,1182547.8,-2.7951331798750423,22.50460377767182,28.229200920749747
920101.BJ,20260929,15.75,1600,25200.0,0.31847133757962887,7.841685286209003,46.91082802547777
920106.BJ,20260929,32.79,1034,33904.86,-0.6363636363636349,2.095584085765265,41.18181818181819
920107.BJ,20260929,19.01,300,5703.0,0.36958817317847004,0.48775723106595065,47.21752903907082
920108.BJ,20260929,8.43,650,5479.5,0.0,2.1902365215614488,45.0
920110.BJ,20260929,,0,0.0,,0.0,0.0
920111.BJ,20260929,25.02,300,7506.0,0.3207698476343168,0.26504824952141093,46.9246190858059
920112.BJ,20260929,,0,0.0,,0.0,0.0
920116.BJ,20260929,42.87,3620,155189.4,0.07002801120445934,4.129725388687975,45.420168067226754
920117.BJ,20260929,27.06,12990,351509.4,0.9701492537313339,4.026556118462429,50.820895522388
920118.BJ,20260929,,0,0.0,,0.0,0.0
920119.BJ,20260929,52.62,150,7893.0,-0.5104934770277958,0.5967360312740304,41.937039137833224
920121.BJ,20260929,27.13,779,21134.27,-0.2573529411764697,20.489075964173992,43.45588235294118
920122.BJ,20260929,25.04,89972,2252898.88,-1.0276679841897285,32.39189854011055,38.83399209486163
920123.BJ,20260929,10.68,100,1068.0,0.09372071227740086,0.15311684806456455,28.123356925286025
920124.BJ,20260929,12.27,300,3681.0,0.9876543209876409,0.9676116308579346,50.925925925925846
920125.BJ,20260929,139.93,1591,222628.63,-0.04999999999999449,2.4665673244128343,44.70000000000003
920126.BJ,20260929,,0,0.0,,0.0,0.0
920128.BJ,20260929,18.5,300,5550.0,0.5434782608695787,0.3363535728685868,48.260869565217476
920130.BJ,20260929,15.87,5200,82524.0,-0.8744534665834025,4.029664296272294,39.753279200499584
920132.BJ,20260929,8.8,4482,39441.6,0.5714285714285783,6.720535720835159,48.42857142857147
920136.BJ,20260929,20.58,300,6174.0,0.0,0.5535510628382586,45.0
920138.BJ,20260929,35.01,11440,400514.4,-0.821529745042493,3.306380613632056,40.07082152974504
920139.BJ,20260929,14.66,5069,74311.54,0.0,1.8333509507118022,45.0
920145.BJ,20260929,9.37,150,1405.5,0.0,0.2841735270917605,45.0
920146.BJ,20260929,5.6,40204,225142.4,0.17889087656528524,4.136719637195056,46.073345259391715
920149.BJ,20260929,8.31,5714,47483.34,0.0,7.8067667694497365,45.0
920152.BJ,20260929,11.46,100,1146.0,-0.607111882046818,0.11150537233419054,16.42829572787339
920156.BJ,20260929,34.86,100,3486.0,1.014198782961473,0.2888502084450325,51.08519269776884
920158.BJ,20260929,7.75,200,1550.0,0.7802340702210531,0.3178162182485554,49.68140442132632
920159.BJ,20260929,,0,0.0,,0.0,0.0
920160.BJ,20260929,,0,0.0,,0.0,0.0
920161.BJ,20260929,19.3,747,14417.1,-0.5154639175257603,0.3509233127628555,41.907216494845436
920163.BJ,20260929,9.25,200,1850.0,-0.21574973031283085,0.4370580964648549,43.705501618123016
920165.BJ,20260929,32.9,9548,314129.2,0.9202453987730008,48.03906118880015,50.521472392638
920166.BJ,20260929,,0,0.0,,0.0,0.0
920167.BJ,20260929,,0,0.0,,0.0,0.0
920168.BJ,20260929,14.82,2000,29640.0,-0.5369127516778538,14.638462570280918,41.77852348993288
920169.BJ,20260929,19.88,200,3976.0,0.05032712632107028,0.16085181730510625,29.255289872845548
920171.BJ,20260929,15.28,933,14256.24,-0.39113428943937656,1.1618910569626182,42.653194263363744
920174.BJ,20260929,,0,0.0,,0.0,0.0
920175.BJ,20260929,7.53,793,5971.29,0.6684491978609541,1.0675779817784283,49.01069518716572
920176.BJ,20260929,60.01,6524,391505.24,-0.3983402489626586,7.896949928853528,42.60995850622405
920177.BJ,20260929,,0,0.0,,0.0,0.0
920178.BJ,20260929,81.2,1185,96222.0,-0.8304836345871869,2.3058036326421507,40.01709819247688
920179.BJ,20260929,55.8,6117,341328.6,-0.4992867332382356,2.9821373062435135,42.004279600570584
920180.BJ,20260929,11.48,865,9930.2,0.5253940455341555,4.043495917590799,48.15236427320493
920181.BJ,20260929,65.68,1623,106598.64,0.04569687738005257,6.123864465718252,45.274181264280315
920183.BJ,20260929,,0,0.0,,0.0,0.0
920184.BJ,20260929,11.02,300,3306.0,0.45578851412944044,0.4606742166423758,47.73473108477664
920185.BJ,20260929,,0,0.0,,0.0,0.0
920186.BJ,20260929,66.8,22190,1482292.0,-0.29850746268657025,14.522167240863372,43.20895522388058
920187.BJ,20260929,16.82,2700,45414.0,1.1425135297654876,21.42880327768301,51.855081178592926
920188.BJ,20260929,,0,0.0,,0.0,0.0
920189.BJ,20260929,19.55,31290,611719.5,-1.2127337038908448,11.886982187841452,37.723597776654934
920190.BJ,20260929,22.58,2479,55975.82,0.08865248226950229,1.5975758807487899,45.531914893617014
920191.BJ,20260929,,0,0.0,,0.0,0.0
920193.BJ,20260929,28.43,2168,61636.24,-0.1755617977528101,1.3310460817744192,43.94662921348314
920195.BJ,20260929,12.43,100,1243.0,-0.4006410256410353,0.4384443853526292,42.59615384615379
920198.BJ,20260929,7.85,60000,471000.0,0.7702182284980763,35.838973328798886,49.621309370988456
920199.BJ,20260929,22.84,2300,52532.0,-1.2537829658452182,4.731485116759686,37.47730220492869
920200.BJ,20260929,32.6,13829,450825.4,-0.609756097560965,3.727266639538936,41.34146341463421
920201.BJ,20260929,50.0,47058,2352900.0,-3.8646414151124797,13.877365330125857,21.812151509325123
920202.BJ,20260929,21.0,1148628,24121188.0,178.1456953642384,37.452207921432475,100.0
920204.BJ,20260929,,0,0.0,,0.0,0.0
920206.BJ,20260929,,0,0.0,,0.0,0.0
920207.BJ,20260929,20.84,6922,144254.48,0.048007681229012,4.250394001939279,45.28804608737407
920208.BJ,20260929,10.51,170,1786.7,0.3820439350525229,0.05726361998166723,12.599715207015239
920211.BJ,20260929,88.81,200,17762.0,-0.11247328759419473,0.7866498454575181,44.32516027443483
920212.BJ,20260929,10.1,2973,30027.3,0.0,2.4817247534864335,45.0
920218.BJ,20260929,14.41,1876,27033.16,-0.6206896551724128,3.8738427751354685,41.27586206896552
920220.BJ,20260929,39.2,1663,65189.6,-0.2798270160264571,6.338803274749908,43.32103790384126
920221.BJ,20260929,11.95,1885,22525.75,-0.08361204013379586,3.1490824087692904,44.498327759197224
920222.BJ,20260929,23.7,204,4834.8,0.9799744354495044,0.22626620687983173,46.607763851066736
920223.BJ,20260929,12.2,6354,77518.8,0.0,2.592649813764158,45.0
920225.BJ,20260929,15.5,1380,21390.0,0.3236245954692629,0.5695259417029571,46.94174757281558
920227.BJ,20260929,48.25,945,45596.25,-0.9443646068569067,1.0201124170561855,39.33381235885856
920229.BJ,20260929,54.8,44730,2451204.0,-1.9327129563350143,8.89891561985413,33.40372226198991
920230.BJ,20260929,11.18,5700,63726.0,0.9936766034327027,4.23231806040643,50.962059620596214
920237.BJ,20260929,,0,0.0,,0.0,0.0
920238.BJ,20260929,60.01,3151,189091.51,-0.5633802816901512,2.647373088244416,41.619718309859095
920239.BJ,20260929,19.8,6200,122760.0,1.382488479262678,5.247440532027275,53.29493087557607
920242.BJ,20260929,13.5,500,6750.0,0.6711409395973034,2.124909268735235,49.02684563758382
920245.BJ,20260929,13.32,2200,29304.0,0.15037593984961184,5.107822820991001,45.902255639097675
920247.BJ,20260929,14.82,3298,48876.36,-1.002004008016033,1.4844356866502133,38.9879759519038
920249.BJ,20260929,8.67,6214,53875.38,0.3472222222222099,3.3007893119511085,47.08333333333326
920252.BJ,20260929,14.27,4637,66169.99,2.2939068100358506,1.120260758956243,58.763440860215105
920258.BJ,20260929,9.78,100,978.0,0.6172839506172645,0.0928458227529403,20.415951799232843
920260.BJ,20260929,8.01,311,2491.11,-0.496894409937898,0.6427194570657244,42.01863354037261
920261.BJ,20260929,13.13,200,2626.0,-0.6056018168054456,0.5181485342149194,41.36638909916733
920262.BJ,20260929,14.66,18920,277367.2,-0.20422055820285,14.50821793784694,43.7746766507829
920263.BJ,20260929,,0,0.0,,0.0,0.0
920266.BJ,20260929,,0,0.0,,0.0,0.0
920267.BJ,20260929,,0,0.0,,0.0,0.0
920268.BJ,20260929,31.44,29598,930561.12,1.945525291828809,9.712620810927215,56.673151750972856
920269.BJ,20260929,33.67,3580,120538.6,-0.5317577548005881,4.752863234620172,41.80945347119647
920270.BJ,20260929,11.04,100,1104.0,0.45495905368515555,0.21963767435239967,42.264535705542876
920271.BJ,20260929,,0,0.0,,0.0,0.0
920273.BJ,20260929,,0,0.0,,0.0,0.0
920274.BJ,20260929,14.68,1071,15722.28,0.7549759780370646,2.3073331785922355,49.529855868222384
920275.BJ,20260929,6.55,8597,56310.35,-0.1524390243902385,13.071720775814319,44.08536585365857
920278.BJ,20260929,6.21,1500,9315.0,0.0,1.65851204278355,45.0
920284.BJ,20260929,16.27,30992,504239.84,4.294871794871802,3.833200526508018,70.7692307692308
920288.BJ,20260929,17.38,11576,201190.88,-0.7424328954883097,7.5912933542865595,40.54540262707014
920289.BJ,20260929,26.75,5863,156835.25,-0.07471049682480357,2.0325676082560533,44.55173701905118
920298.BJ,20260929,86.0,96778,8322908.0,-2.1615472127417545,18.09978790664387,32.030716723549475
920299.BJ,20260929,,0,0.0,,0.0,0.0
920300.BJ,20260929,9.48,100,948.0,0.0,0.13579596177732728,24.44327311991891
920304.BJ,20260929,8.89,2369,21060.41,0.11261261261261701,2.311652445522671,45.675675675675706
920339.BJ,20260929,10.37,1520,15762.4,0.09652509652509078,3.7518772715871664,45.57915057915054
920344.BJ,20260929,22.53,39859,898023.27,0.0,7.628835363782314,45.0
920346.BJ,20260929,15.19,4500,68355.0,1.131824234354184,3.9991336737363388,51.790945406125104
920351.BJ,20260929,12.16,1242,15102.72,-0.40950040950041844,1.910912338858899,42.54299754299749
920357.BJ,20260929,14.5,8366,121307.0,-0.8207934336525224,7.089617177708712,40.07523939808487
920363.BJ,20260929,,0,0.0,,0.0,0.0
920367.BJ,20260929,25.5,26406,673353.0,-1.5444015444015413,8.592466026183203,35.73359073359075
920368.BJ,20260929,22.32,3500,78120.0,-0.4460303300624524,1.9547840047889065,42.323818019625286
920370.BJ,20260929,2.86,2033,5814.38,0.35087719298245723,1.3455020665065835,47.10526315789474
920371.BJ,20260929,7.02,800,5616.0,-0.42553191489361764,0.4235583504466946,42.44680851063829
920374.BJ,20260929,14.38,183,2631.54,-0.5532503457814641,0.6253531489505324,41.680497925311215
920375.BJ,20260929,6.22,100,622.0,0.3225806451612856,0.06443157323519161,13.533167053302202
920378.BJ,20260929,6.95,4800,33360.0,-0.8559201141226769,4.853582821069505,39.864479315263935
920392.BJ,20260929,13.4,2400,32160.0,0.0,5.258425655874471,45.0
920394.BJ,20260929,45.64,1000,45640.0,-0.8903365906623217,1.2791489751240641,39.65798045602607
920395.BJ,20260929,6.65,500,3325.0,1.6819571865443583,0.8063731269619573,55.09174311926615
920396.BJ,20260929,,0,0.0,,0.0,0.0
920402.BJ,20260929,7.98,18929,151053.42,-0.6226650062266414,6.773939713562528,41.26400996264015
920403.BJ,20260929,19.2,989,18988.8,-0.5696530295183799,0.45234540211978563,41.58208182288972
920405.BJ,20260929,17.24,2703,46599.72,-1.4857142857142902,3.372622352091962,36.08571428571426
920407.BJ,20260929,,0,0.0,,0.0,0.0
920414.BJ,20260929,7.78,24346,189411.88,-0.12836970474967568,37.62246698072359,44.22978177150195
920415.BJ,20260929,8.71,100,871.0,1.279069767441876,0.09109671534320118,24.07182736642747
920418.BJ,20260929,18.8,58901,1107338.8,-0.15932023366966863,18.542076312351565,44.044078597981986
920419.BJ,20260929,10.56,884,9335.04,-0.5649717514124131,1.9377668067456757,41.610169491525525
920422.BJ,20260929,,0,0.0,,0.0,0.0
920425.BJ,20260929,,0,0.0,,0.0,0.0
920427.BJ,20260929,10.14,69649,706240.86,2.114803625377659,5.811683031181278,57.68882175226595
920429.BJ,20260929,10.05,9633,96811.65,0.3996003996004083,10.478150964757981,47.39760239760245
920433.BJ,20260929,4.65,160,744.0,0.6493506493506551,0.2595727544803226,48.89610389610393
920436.BJ,20260929,,0,0.0,,0.0,0.0
920438.BJ,20260929,112.89,86312,9743761.68,-2.7648578811369506,21.58755704039988,28.410852713178297
920445.BJ,20260929,7.25,21457,155563.25,-0.9562841530054711,5.403782477558298,39.262295081967174
920454.BJ,20260929,11.32,100,1132.0,-0.5272407732864748,0.1380589936544074,21.68717421807448
920455.BJ,20260929,6.37,22639,144210.43,-0.15673981191222097,55.43602136357429,44.059561128526674
920469.BJ,20260929,5.61,4500,25245.0,-1.232394366197176,3.331623526631231,37.605633802816946
920471.BJ,20260929,,0,0.0,,0.0,0.0
920475.BJ,20260929,,0,0.0,,0.0,0.0
920476.BJ,20260929,22.5,2353,52942.5,0.1335113484646211,4.521711571732969,45.80106809078772
920478.BJ,20260929,11.03,5969,65838.07,-0.8093525179856065,0.692439772626411,40.14388489208636
920489.BJ,20260929,12.03,8154,98092.62,-0.9060955518945701,5.787380640815041,39.56342668863258
920491.BJ,20260929,21.03,1239,26056.17,0.9601536245799513,1.176503535282687,50.760921747479706
920493.BJ,20260929,107.0,1205,128935.0,-0.8800370541917624,2.1769295407630196,39.719777674849425
920496.BJ,20260929,6.18,100,618.0,0.0,0.12032929290932656,21.659272723678782
920504.BJ,20260929,,0,0.0,,0.0,0.0
920505.BJ,20260929,24.67,4993,123177.31,-1.2409927942353849,10.536422939357422,37.55404323458769
920508.BJ,20260929,14.39,1962,28233.18,0.911640953716697,4.803420761005524,50.46984572230018
920509.BJ,20260929,22.97,123700,2841389.0,1.9529516200621266,37.65855676407957,56.71770972037276
920510.BJ,20260929,20.82,45511,947539.02,-2.8917910447761264,7.146669062253169,27.649253731343244
920519.BJ,20260929,10.82,18835,203794.7,-0.7339449541284404,6.1484738418563065,40.596330275229356
920522.BJ,20260929,17.22,62371,1074028.62,2.683363148479434,3.874589287366557,61.100178890876606
920523.BJ,20260929,14.2,6089,86463.8,0.21171489061397875,3.7398873814031957,46.27028934368387
920526.BJ,20260929,21.41,3078,65899.98,-1.0628465804066511,1.1272335262244695,38.62292051756009
920527.BJ,20260929,14.87,200,2974.0,-0.6016042780748743,0.5110722628598279,41.39037433155075
920533.BJ,20260929,16.18,600,9708.0,0.12376237623761277,0.6009218062514338,45.74257425742567
920541.BJ,20260929,,0,0.0,,0.0,0.0
920547.BJ,20260929,18.59,500,9295.0,-0.5350454788657144,1.514090351229802,41.789727126805715
920553.BJ,20260929,6.68,1200,8016.0,0.0,1.4413752731126084,45.0
920556.BJ,20260929,6.36,1600,10176.0,0.0,1.779482838814219,45.0
920564.BJ,20260929,13.23,272,3598.56,0.15140045420136694,0.3790663115434773,45.908402725208205
920566.BJ,20260929,,0,0.0,,0.0,0.0
920570.BJ,20260929,24.43,1000,24430.0,-0.24499795835034588,3.5184050946137075,43.53001224989792
920571.BJ,20260929,8.8,107152,942937.6,-0.6772009029345272,6.858615928888365,40.936794582392835
920575.BJ,20260929,5.03,36692,184560.76,1.2072434607645954,11.967014595527793,52.243460764587574
920576.BJ,20260929,36.81,400,14724.0,-0.13564839934887551,0.34379977386969157,44.18610960390674
920578.BJ,20260929,17.31,409,7079.79,-0.5172413793103403,0.48860014466071267,41.89655172413796
920579.BJ,20260929,,0,0.0,,0.0,0.0
920580.BJ,20260929,11.5,111615,1283572.5,5.990783410138256,26.651373776881034,80.94470046082954
920592.BJ,20260929,25.78,12862,331582.36,-0.07751937984495916,2.6481354168553493,44.534883720930246
920593.BJ,20260929,23.49,1698,39886.02,-0.16999575010625545,1.0516096960400765,43.98002549936247
920599.BJ,20260929,,0,0.0,,0.0,0.0
920608.BJ,20260929,13.42,100,1342.0,0.0,0.3003103420949457,45.0
920627.BJ,20260929,13.0,18436,239668.0,1.5625,6.810432954722216,54.375
920634.BJ,20260929,,0,0.0,,0.0,0.0
920639.BJ,20260929,5.92,600,3552.0,-0.5042016806722782,0.3042391073800007,41.97478991596633
920640.BJ,20260929,26.8,13219,354269.2,-1.2163656468853645,4.091506769984458,37.70180611868781
920641.BJ,20260929,,0,0.0,,0.0,0.0
920642.BJ,20260929,,0,0.0,,0.0,0.0
920651.BJ,20260929,19.79,400,7916.0,0.05055611729019027,0.5230637275862063,45.30333670374114
920656.BJ,20260929,,0,0.0,,0.0,0.0
920662.BJ,20260929,,0,0.0,,0.0,0.0
920663.BJ,20260929,11.84,878,10395.52,0.08453085376161074,2.9763257484361176,45.507185122569666
920665.BJ,20260929,,0,0.0,,0.0,0.0
920670.BJ,20260929,12.05,1100,13255.0,-0.1657000828500399,1.8178959544949387,44.00579950289976
920675.BJ,20260929,7.26,200,1452.0,1.2552301255230214,0.33236557877034,52.53138075313813
920679.BJ,20260929,15.35,311,4773.85,0.06518904823988869,1.641840940942402,45.391134289439336
920682.BJ,20260929,5.64,21216,119658.24,-0.35335689045937757,23.403010547240317,42.87985865724374
920685.BJ,20260929,12.6,1983,24985.8,0.9615384615384581,2.0828676260046946,50.769230769230745
920689.BJ,20260929,,0,0.0,,0.0,0.0
920690.BJ,20260929,,0,0.0,,0.0,0.0
920693.BJ,20260929,,0,0.0,,0.0,0.0
920694.BJ,20260929,,0,0.0,,0.0,0.0
920699.BJ,20260929,,0,0.0,,0.0,0.0
920701.BJ,20260929,,0,0.0,,0.0,0.0
920703.BJ,20260929,,0,0.0,,0.0,0.0
920706.BJ,20260929,15.67,68444,1072517.48,-1.3224181360201537,19.041258058144386,37.065491183879075
920717.BJ,20260929,,0,0.0,,0.0,0.0
920718.BJ,20260929,10.0,642,6420.0,0.0,0.4774542886974507,45.0
920719.BJ,20260929,,0,0.0,,0.0,0.0
920720.BJ,20260929,,0,0.0,,0.0,0.0
920725.BJ,20260929,87.0,23681,2060247.0,-3.3870072182121014,5.869041462536213,24.67795669072739
920726.BJ,20260929,14.75,100,1475.0,0.0,0.12875733264825703,23.176319876686264
920729.BJ,20260929,,0,0.0,,0.0,0.0
920735.BJ,20260929,24.9,11495,286225.5,-0.43982407037186366,7.525206100141072,42.361055577768816
920748.BJ,20260929,30.91,140456,4341494.96,-4.598765432098761,23.827342632413483,17.407407407407433
920751.BJ,20260929,,0,0.0,,0.0,0.0
920753.BJ,20260929,15.16,14998,227369.68,-2.570694087403602,10.8387700632658,29.575835475578387
920765.BJ,20260929,11.06,100,1106.0,-0.3603603603603567,0.16169829573782898,26.943531070647076
920768.BJ,20260929,,0,0.0,,0.0,0.0
920770.BJ,20260929,9.83,350,3440.5,-0.10162601626015899,0.2536805562961177,44.390243902439046
920779.BJ,20260929,23.04,35822,825338.88,5.446224256292886,5.071622153714039,77.67734553775732
920781.BJ,20260929,5.44,4000,21760.0,-0.5484460694698212,6.602984882957693,41.709323583181074
920786.BJ,20260929,6.96,11443,79643.28,-0.5714285714285672,3.4029699595240186,41.5714285714286
920790.BJ,20260929,22.04,283,6237.32,0.8695652173912993,0.2589935740961707,50.2173913043478
920792.BJ,20260929,,0,0.0,,0.0,0.0
920799.BJ,20260929,30.43,3483,105987.69,0.06576783952647602,1.4011126052949703,45.394607037158856
920802.BJ,20260929,10.64,2400,25536.0,0.0,6.307382443621786,45.0
920806.BJ,20260929,,0,0.0,,0.0,0.0
920807.BJ,20260929,8.95,200,1790.0,0.561797752808979,0.10202954573181294,21.736104748580203
920808.BJ,20260929,55.77,15468,862650.36,-2.6871401151631447,14.1080057371244,28.87715930902113
920809.BJ,20260929,6.75,36436,245943.0,1.5037593984962294,2.9804760643573682,54.02255639097738
920810.BJ,20260929,,0,0.0,,0.0,0.0
920819.BJ,20260929,3.04,14416,43824.64,0.33003300330034513,5.724507429454781,46.980198019802074
920821.BJ,20260929,19.38,7311,141687.18,0.0,1.568710487640649,45.0
920826.BJ,20260929,8.4,3800,31920.0,-0.11890606420926764,2.9866962974885074,44.286563614744395
920832.BJ,20260929,,0,0.0,,0.0,0.0
920833.BJ,20260929,9.5,200,1900.0,0.21097046413500742,0.46719229635901705,46.26582278481004
920834.BJ,20260929,8.8,4057,35701.6,0.4566210045662267,7.5239717908549375,47.73972602739736
920837.BJ,20260929,,0,0.0,,0.0,0.0
920839.BJ,20260929,23.43,500,11715.0,0.9043927648578753,1.6602321534010747,50.426356589147254
920855.BJ,20260929,12.73,1100,14003.0,0.39432176656151174,1.816047379790357,47.36593059936907
920856.BJ,20260929,10.74,2100,22554.0,-0.37105751391465214,1.8651100125845972,42.773654916512086
920857.BJ,20260929,16.3,2900,47270.0,1.431238332296214,3.8950174328068314,53.587429993777285
920866.BJ,20260929,,0,0.0,,0.0,0.0
920870.BJ,20260929,11.17,100,1117.0,0.0,0.2924488260045077,45.0
920871.BJ,20260929,,0,0.0,,0.0,0.0
920873.BJ,20260929,7.22,6375,46027.5,-0.5509641873278293,2.0456831694200925,41.69421487603302
920876.BJ,20260929,15.7,1100,17270.0,-0.443880786303108,2.542077506085545,42.33671528218135
920879.BJ,20260929,12.0,5230,62760.0,-0.33222591362125353,7.073333090755726,43.00664451827248
920885.BJ,20260929,,0,0.0,,0.0,0.0
920892.BJ,20260929,,0,0.0,,0.0,0.0
920895.BJ,20260929,20.64,95026,1961336.64,2.3809523809523725,18.04261935671659,59.285714285714235
920896.BJ,20260929,12.4,29190,361956.0,2.0576131687242816,46.64475255754274,57.34567901234569
920906.BJ,20260929,14.85,438,6504.3,-0.5358338914936422,1.5364633342417986,41.78499665103815
920914.BJ,20260929,16.07,100,1607.0,0.24953212726137597,0.08986660981668768,17.673182530572035
920924.BJ,20260929,14.19,500,7095.0,0.424628450106157,0.6382541503090089,47.547770700636946
920925.BJ,20260929,11.05,2100,23205.0,0.0,4.563512560692209,45.0
920926.BJ,20260929,10.6,96132,1018999.2,-2.752293577981657,23.554599147158722,28.486238532110058
920931.BJ,20260929,9.81,200,1962.0,0.0,0.5362132756218445,45.0
920932.BJ,20260929,10.02,300,3006.0,0.20000000000000018,0.2719092787337186,46.2
920942.BJ,20260929,16.39,200,3278.0,0.0,0.42003401301662086,45.0
920943.BJ,20260929,13.71,317,4346.07,-0.43572984749454813,0.7251900167892132,42.38562091503271
920946.BJ,20260929,10.34,3933,40667.22,-0.09661835748792091,0.5739490403391937,44.420289855072475
920950.BJ,20260929,13.07,1450,18951.5,0.7710100231302919,4.5729965248942435,49.62606013878175
920953.BJ,20260929,22.14,2000,44280.0,-0.49438202247190643,1.8250735443843817,42.03370786516856
920957.BJ,20260929,9.6,6700,64320.0,1.0526315789473717,9.854979774446663,51.315789473684234
920961.BJ,20260929,22.43,57426,1288065.18,-1.1894273127753263,11.86024893088222,37.863436123348045
920964.BJ,20260929,,0,0.0,,0.0,0.0
920970.BJ,20260929,6.22,20512,127584.64,-0.797448165869219,9.246523640463852,40.21531100478469
920971.BJ,20260929,28.0,60324,1689072.0,-3.978052126200271,12.546744134025634,21.131687242798375
920974.BJ,20260929,,0,0.0,,0.0,0.0
920976.BJ,20260929,22.24,3307,73547.68,-1.5057573073516406,1.4755820348545319,35.96545615589015
920978.BJ,20260929,,0,0.0,,0.0,0.0
920981.BJ,20260929,28.62,7000,200340.0,-0.13956734124214165,6.323806781987132,44.16259595254715
920982.BJ,20260929,135.01,32026,4323830.26,5.782339575334938,14.885529399143685,79.69403745200964
920985.BJ,20260929,,0,0.0,,0.0,0.0
920992.BJ,20260929,13.3,19663,261517.9,-0.15015015015015232,6.820268196708446,44.099099099099085
