ts_code,trade_date,auction_price,auction_vol,auction_amount,auction_pct_chg,auction_amount_ratio,auction_strength_score
600000.SH,20260901,9.13,289100,2639483.0,-0.3275109170305601,2.771452035285269,43.034934497816636
600004.SH,20260901,7.68,14900,114432.0,-0.13003901170351995,1.0416004660113494,44.21976592977888
600006.SH,20260901,5.35,22000,117700.0,0.0,1.7647544794701477,45.0
600007.SH,20260901,18.79,19200,360768.0,-0.5293806246691402,5.07464711265087,41.82371625198516
600008.SH,20260901,2.78,322499,896547.0,0.0,3.1622468861648754,45.0
600009.SH,20260901,23.28,43000,1001040.0,-0.21431633090440716,6.394116778925986,43.714102014573555
600010.SH,20260901,2.25,1740400,3915900.0,0.0,4.651516185451782,45.0
600011.SH,20260901,6.68,266000,1776880.0,0.0,3.542105325835874,45.0
600012.SH,20260901,16.63,18900,314307.0,-0.35949670461356,3.4146952455626707,42.84301977231864
600015.SH,20260901,6.2,1994700,12367140.0,-0.48154093097914075,11.308259203635354,42.110754414125154
600016.SH,20260901,3.51,1463700,5137587.0,-0.5665722379603388,2.865741662534825,41.600566572237966
600017.SH,20260901,2.84,147100,417764.0,0.35335689045936647,2.7604899878318503,47.1201413427562
600018.SH,20260901,5.26,332600,1749476.0,0.0,1.7807327677739406,45.0
600019.SH,20260901,5.8,107000,620600.0,-0.3436426116838587,1.1405687987929143,42.93814432989685
600020.SH,20260901,3.9,44600,173940.0,-0.2557544757033292,2.3429555070405446,43.465473145780024
600021.SH,20260901,13.35,135100,1803585.0,0.3005259203606281,5.3348547517514024,46.80315552216377
600022.SH,20260901,1.34,238700,319858.0,0.0,2.5067750003172087,45.0
600023.SH,20260901,4.88,92100,449448.0,0.0,2.676763271678566,45.0
600025.SH,20260901,9.57,17800,170346.0,0.20942408376962707,0.5365111699634448,46.256544502617764
600026.SH,20260901,18.96,190252,3607178.0,-1.3527575442247586,3.462431461326172,36.88345473465145
600027.SH,20260901,4.59,444500,2040255.0,0.0,6.246999882023006,45.0
600028.SH,20260901,5.45,513500,2798575.0,-0.1831501831501825,2.046360071996864,43.901098901098905
600029.SH,20260901,5.0,148000,740000.0,-0.19960079840318778,3.4494824415190597,43.80239520958087
600030.SH,20260901,27.69,482100,13349349.0,-0.3956834532374054,4.150578265387793,42.62589928057557
600031.SH,20260901,20.02,374200,7491484.0,0.04997501249375258,3.716593174135395,45.299850074962514
600032.SH,20260901,6.78,21400,145092.0,-0.2941176470588225,1.388536339224408,43.235294117647065
600033.SH,20260901,3.52,46400,163328.0,0.0,1.3423749015870086,45.0
600035.SH,20260901,3.66,120200,439932.0,0.0,4.1734180952753634,45.0
600036.SH,20260901,40.04,318000,12732720.0,-0.1994017946161497,2.7323672927930267,43.8035892323031
600037.SH,20260901,7.11,202000,1436220.0,-0.42016806722687816,7.00547782007687,42.47899159663873
600038.SH,20260901,27.54,5300,145962.0,0.07267441860465684,0.872352451667071,45.43604651162794
600039.SH,20260901,9.07,137100,1243497.0,0.1103752759381793,2.402096028269225,45.66225165562908
600048.SH,20260901,4.9,8746500,42857850.0,-1.4084507042253391,34.860540103417186,36.549295774647966
600050.SH,20260901,4.29,265600,1139424.0,-0.23255813953487747,2.22319110433851,43.60465116279074
600051.SH,20260901,6.45,8800,56760.0,-0.3091190108191588,1.4653820151000954,43.14528593508505
600052.SH,20260901,3.95,68300,269785.0,0.0,5.464053672223414,45.0
600053.SH,20260901,7.75,9500,73625.0,-1.273885350318471,4.888402988455866,37.35668789808918
600054.SH,20260901,11.33,46600,527978.0,-0.4393673110720586,4.204210918825742,42.36379613356765
600055.SH,20260901,11.05,900,9945.0,0.0,0.22255260112968103,40.05946820334258
600056.SH,20260901,9.15,60600,554490.0,0.0,7.1820762608035205,45.0
600057.SH,20260901,6.52999,71899,469500.0,0.15322085889570847,2.891406512596639,45.91932515337425
600058.SH,20260901,9.89,6700,66263.0,0.10121457489877805,1.0074369226856055,45.60728744939267
600059.SH,20260901,8.15,118100,962515.0,-0.48840048840047556,8.167297381504289,42.069597069597144
600060.SH,20260901,27.89,26400,736296.0,-0.39285714285713924,1.6942250329038213,42.64285714285717
600061.SH,20260901,6.51,109500,712845.0,-0.15337423312883347,2.682397306576509,44.079754601227
600062.SH,20260901,16.02,9900,158598.0,-0.3731343283582045,1.6150877082607267,42.76119402985077
600063.SH,20260901,5.88,106000,623280.0,0.0,3.8837891861931895,45.0
600064.SH,20260901,7.61,323900,2464879.0,-0.652741514360311,17.225670852789367,41.08355091383813
600066.SH,20260901,29.88,43100,1287828.0,0.30211480362538623,2.4822001946146814,46.81268882175232
600067.SH,20260901,2.9,162400,470960.0,0.34602076124565784,6.343415313068679,47.07612456747395
600071.SH,20260901,16.23,2600,42198.0,0.0,0.3810480439384749,45.0
600072.SH,20260901,8.7,26500,230550.0,-0.2293577981651529,1.9672737295385934,43.623853211009084
600073.SH,20260901,5.67,135100,766017.0,-0.7005253940455369,5.49082133172873,40.79684763572678
600075.SH,20260901,4.82,210500,1014610.0,-0.6185567010309145,5.908135501012668,41.28865979381451
600076.SH,20260901,3.24,63300,205092.0,0.0,3.887978772741487,45.0
600078.SH,20260901,11.0,125200,1377200.0,-1.4336917562724039,5.755186413567787,36.39784946236558
600079.SH,20260901,18.59,14900,276991.0,-0.10746910263299547,1.3303727719002154,44.35518538420203
600080.SH,20260901,4.88,1100,5368.0,0.411522633744843,0.4791417150881262,47.469135802469054
600081.SH,20260901,10.42,7200,75024.0,0.09606147934677622,3.4729469679831455,45.57636887608066
600082.SH,20260901,2.93,46400,135952.0,0.0,9.45939730853317,45.0
600084.SH,20260901,4.27,9700,41419.0,0.7075471698112956,4.1945797267887395,49.245283018867774
600085.SH,20260901,23.81,18100,430961.0,-0.334868145667655,3.8689071575487137,42.99079112599407
600088.SH,20260901,11.81,92300,1090063.0,-0.9228187919463005,9.715353648781903,39.463087248322196
600089.SH,20260901,19.14,247600,4739064.0,0.0522739153162588,4.777507335489238,45.31364349189755
600094.SH,20260901,3.88,151800,588984.0,-1.0204081632653073,7.439027994492191,38.877551020408156
600095.SH,20260901,9.52,1111900,10585288.0,0.0,8.754434454246455,45.0
600096.SH,20260901,31.2,335000,10452000.0,-0.7633587786259555,6.146782104434304,40.419847328244266
600097.SH,20260901,9.17,29100,266847.0,-0.650054171180936,5.329861836883382,41.099674972914386
600098.SH,20260901,5.93,377100,2236203.0,-0.8361204013378032,10.21995244095161,39.98327759197318
600099.SH,20260901,9.49,22000,208780.0,-0.31512605042015585,6.8551541841657295,43.109243697479066
600100.SH,20260901,7.02,112800,791856.0,-0.14224751066856944,5.008253705274842,44.146514935988584
600101.SH,20260901,7.84,12500,98000.0,0.0,1.6867299464633636,45.0
600103.SH,20260901,3.67,7588700,27850529.0,-3.6745406824147064,9.163085513530277,22.95275590551176
600104.SH,20260901,10.35,107400,1111590.0,-0.48076923076924016,2.3484060421363484,42.115384615384556
600105.SH,20260901,40.25,283900,11426975.0,-0.0744786494538241,2.875192840325313,44.553128103277054
600106.SH,20260901,4.4,6600,29040.0,0.0,0.3590183784771746,45.0
600107.SH,20260901,6.2,15600,96720.0,1.4729950900163713,10.801006530521722,53.837970540098226
600108.SH,20260901,3.68,4343800,15985184.0,-0.5405405405405461,13.182821187024032,41.75675675675672
600109.SH,20260901,8.69,60700,527483.0,-0.11494252873562871,1.948029449127453,44.31034482758623
600110.SH,20260901,12.0,6743100,80917200.0,-0.24937655860348684,20.986060244222525,43.50374064837908
600111.SH,20260901,40.45,78100,3159145.0,-0.41851304775971654,2.58578969316749,42.4889217134417
600113.SH,20260901,30.29,6600,199914.0,0.765136393878918,1.5632616848169048,49.590818363273506
600114.SH,20260901,31.21,57700,1800817.0,0.0,3.07942050620691,45.0
600115.SH,20260901,3.48,479000,1666920.0,-0.2865329512894088,3.1404381987791505,43.280802292263544
600116.SH,20260901,6.28,110500,693940.0,0.15948963317384823,7.07555713945729,45.95693779904309
600117.SH,20260901,2.32,8600,19952.0,0.0,0.676776111594248,45.0
600118.SH,20260901,60.3,56100,3382830.0,-0.18208905810296327,3.40740993422765,43.90746565138222
600119.SH,20260901,5.0,7300,36500.0,0.6036217303823088,3.842273514292836,48.621730382293855
600120.SH,20260901,4.9,73600,360640.0,0.0,1.4632620619135537,45.0
600121.SH,20260901,4.8,7132300,34235040.0,-2.2403258655804503,26.874675812581387,31.558044806517298
600123.SH,20260901,7.31,171300,1252203.0,-1.0825439783491264,4.572031410065329,38.50473612990524
600125.SH,20260901,5.46,15100,82446.0,-0.1828153564899404,1.296434090779005,43.903107861060356
600126.SH,20260901,6.53,132100,862613.0,-0.60882800608828,3.2388129469119513,41.34703196347032
600127.SH,20260901,12.05,11149600,134352680.0,0.08305647840531893,75.91792392679184,45.498338870431915
600128.SH,20260901,8.61,17100,147231.0,-0.2317497103128785,2.366931007267231,43.60950173812273
600129.SH,20260901,13.89,39200,544488.0,0.07204610951008217,3.1483143380077703,45.43227665706049
600130.SH,20260901,4.47,69300,309771.0,-0.22321428571430157,1.5634177438069727,43.66071428571419
600131.SH,20260901,14.67,16300,239121.0,-0.5423728813559348,1.8377563228770954,41.745762711864394
600132.SH,20260901,40.01,10300,412103.0,0.1000750562922148,2.196422988376999,45.60045033775329
600133.SH,20260901,8.55,60100,513855.0,0.11709601873537423,3.6229271035734403,45.702576112412245
600135.SH,20260901,7.56,34000,257040.0,0.0,6.488679344734264,45.0
600136.SH,20260901,1.45,227800,330310.0,-0.6849315068493178,22.83764694592191,40.89041095890409
600137.SH,20260901,18.65,26100,486765.0,-0.1605995717344766,26.876259880758667,44.03640256959314
600138.SH,20260901,7.2,7900,56880.0,-0.1386962552011095,0.6406095719931802,44.16782246879335
600141.SH,20260901,31.1,89100,2771010.0,-0.4162664105027192,2.957671212252205,42.50240153698368
600143.SH,20260901,14.01,49500,693495.0,-0.2846975088968029,2.476245395895524,43.29181494661918
600148.SH,20260901,16.04,14700,235788.0,0.5012531328320691,8.006171925027857,48.007518796992414
600149.SH,20260901,5.07,57400,291018.0,-0.7827788649706457,6.3580852702828565,40.303326810176124
600150.SH,20260901,33.99,343986,11692084.0,-0.2640845070422393,4.163960715592164,43.415492957746565
600151.SH,20260901,10.0,61300,613000.0,0.0,4.177955467124967,45.0
600152.SH,20260901,8.34,31700,264378.0,-0.35842293906809264,2.3370481553750104,42.84946236559144
600153.SH,20260901,8.21,278000,2282380.0,-0.3640776699029069,7.616034890448048,42.81553398058256
600155.SH,20260901,6.21,163900,1017819.0,-0.32102728731943087,4.541502638176476,43.07383627608341
600156.SH,20260901,8.7,39300,341910.0,0.4618937644341736,6.0874147849170415,47.77136258660504
600157.SH,20260901,1.57,2637800,4141346.0,0.0,6.818480729496265,45.0
600158.SH,20260901,7.18,32400,232632.0,-0.2777777777777879,0.992357788818062,43.33333333333327
600159.SH,20260901,2.65,2473600,6555040.0,-1.85185185185186,31.702909020867214,33.88888888888884
600160.SH,20260901,40.54,152500,6182350.0,0.0,5.4004615857900085,45.0
600161.SH,20260901,12.33,45300,558549.0,0.7352941176470562,5.302894156862862,49.411764705882334
600162.SH,20260901,4.9,11257900,55163710.0,-1.4084507042253391,33.88954129923136,36.549295774647966
600163.SH,20260901,5.05,77400,390870.0,0.0,3.895026664694656,45.0
600165.SH,20260901,3.21,102300,328383.0,0.943396226415083,6.869572202648646,50.6603773584905
600166.SH,20260901,2.89,460600,1331134.0,-0.34482758620688614,3.1955237633828557,42.93103448275868
600167.SH,20260901,5.59,39200,219128.0,0.17921146953405742,3.1027699664248427,46.075268817204346
600168.SH,20260901,4.43,38800,171884.0,-0.44943820224719877,6.113615492340712,42.30337078651681
600169.SH,20260901,2.12,184900,391988.0,0.4739336492891155,10.62642180183437,47.84360189573469
600170.SH,20260901,2.25,1979700,4454325.0,-0.8810572687224627,13.66709553792009,39.713656387665225
600171.SH,20260901,23.21,23500,545435.0,-0.08609556607834801,2.417416121730321,44.483426603529914
600172.SH,20260901,14.46,651800,9425028.0,0.0,3.4281078352479515,45.0
600173.SH,20260901,6.2,58000,359600.0,-0.6410256410256387,11.905195445832355,41.15384615384617
600176.SH,20260901,45.68,6084710,277949553.0,3.9836102890962843,21.66258540342385,68.90166173457771
600177.SH,20260901,8.0,101200,809600.0,-0.24937655860348684,2.1883587224976986,43.50374064837908
600178.SH,20260901,9.79,12600,123354.0,0.30737704918031294,1.9551254070443858,46.844262295081876
600179.SH,20260901,4.52,39300,177636.0,-0.6593406593406681,1.112508430506793,41.043956043955994
600180.SH,20260901,1.49,70900,105641.0,-0.666666666666671,4.839394238545887,40.99999999999997
600182.SH,20260901,13.11,10300,135033.0,-0.07621951219511924,5.395075523785749,44.542682926829286
600183.SH,20260901,152.0,509300,77413600.0,-0.9126466753585416,6.72659024016295,39.52411994784875
600184.SH,20260901,18.24,48700,888288.0,-0.05479452054795164,5.193204157119331,44.67123287671229
600185.SH,20260901,4.6,110300,507380.0,0.4366812227074135,1.7425656562303304,47.62008733624448
600186.SH,20260901,11.69,895300,10466057.0,1.037165082108893,3.8043818349983396,51.22299049265336
600187.SH,20260901,1.35,490400,662040.0,0.746268656716409,20.00801420640332,49.47761194029845
600188.SH,20260901,23.33,402600,9392658.0,-1.2277730736663939,6.791298671326114,37.63336155800164
600189.SH,20260901,7.87,51200,402944.0,0.2547770700636942,3.600398286197406,46.52866242038216
600191.SH,20260901,10.69,41700,445773.0,-1.0185185185185297,4.081724517139964,38.88888888888882
600192.SH,20260901,7.05,9400,66270.0,-0.14164305949008194,1.1304798398188367,44.150141643059506
600195.SH,20260901,6.81,6500,44265.0,-0.2928257686676483,0.6645282263937551,43.24304538799411
600196.SH,20260901,22.32,46400,1035648.0,-0.17889087656529634,3.502547235905222,43.92665474060822
600197.SH,20260901,9.48,29200,276816.0,-0.3154574132492094,4.084313717302831,43.107255520504744
600198.SH,20260901,7.81,1012900,7910749.0,-2.73972602739726,36.22578020137713,28.56164383561644
600199.SH,20260901,7.11,70900,504099.0,0.0,1.7070767401159028,45.0
600201.SH,20260901,12.6,8300,104580.0,-0.15847860538826808,0.5943344683200803,44.04912836767039
600202.SH,20260901,5.21,18400,95864.0,-0.19157088122604415,3.3559755962909508,43.850574712643734
600203.SH,20260901,10.92,110300,1204476.0,-0.2739726027397249,3.312719619878683,43.35616438356165
600206.SH,20260901,51.8,267500,13856500.0,0.15467904098993568,4.232988021863404,45.92807424593961
600207.SH,20260901,4.45,37700,167765.0,0.22522522522521182,3.0649362180314856,46.35135135135127
600208.SH,20260901,2.9,1269900,3682710.0,-0.6849315068493178,16.56350518889172,40.89041095890409
600210.SH,20260901,6.12,49300,301716.0,0.0,2.620417906612859,45.0
600211.SH,20260901,38.3,3000,114900.0,-0.2344360510549759,0.975452818951678,43.59338369367015
600212.SH,20260901,6.23,31500,196245.0,1.1363636363636465,3.1848749429629137,51.81818181818188
600215.SH,20260901,6.77,25400,171958.0,0.5943536404160454,2.336954422634398,48.56612184249627
600216.SH,20260901,12.92,40300,520676.0,-0.07733952049496784,2.3739071658936166,44.535962877030194
600217.SH,20260901,3.27,49500,161865.0,-0.6079027355623157,3.512173516929321,41.3525835866261
600218.SH,20260901,7.66,10100,77366.0,-0.39011703511053764,1.3253430845163263,42.659297789336776
600219.SH,20260901,4.83,335800,1621914.0,-0.20661157024792765,1.8668095452510194,43.76033057851244
600221.SH,20260901,1.3,2592100,3369730.0,0.0,14.613275701704088,45.0
600222.SH,20260901,8.11,26300,213293.0,-0.24600246002461912,1.014743778516134,43.52398523985229
600223.SH,20260901,5.66,34500,195270.0,0.35460992907803135,2.9052703764947423,47.12765957446819
600226.SH,20260901,6.21,295600,1835676.0,-0.48076923076924016,3.217190231044231,42.115384615384556
600227.SH,20260901,5.04,10169400,51253776.0,0.0,20.598012467413263,45.0
600228.SH,20260901,9.03,275300,2485959.0,1.9187358916478603,9.283490999124265,56.51241534988716
600229.SH,20260901,5.29,35700,188853.0,0.379506641366234,4.6694064533213275,47.277039848197404
600230.SH,20260901,15.12,111800,1690416.0,0.3984063745019917,6.404180929795074,47.39043824701195
600231.SH,20260901,1.75,109500,191625.0,0.5747126436781658,6.453334987542411,48.448275862068996
600232.SH,20260901,6.61,26100,172521.0,-0.151057401812682,5.290225867601059,44.093655589123905
600233.SH,20260901,16.84,59800,1007032.0,-0.5903187721369663,2.609223063252626,41.4580873671782
600234.SH,20260901,21.51,2700,58077.0,-0.32437442075994305,2.0247192361087167,43.053753475440345
600235.SH,20260901,5.92,45500,269360.0,-1.0033444816053616,7.908445706799719,38.97993311036783
600236.SH,20260901,9.8,41900,410620.0,-0.40650406504064707,3.034299727967514,42.56097560975612
600237.SH,20260901,8.6,65900,566740.0,-0.23201856148491462,3.3518325819654775,43.60788863109051
600238.SH,20260901,4.62,17400,80388.0,-0.6451612903225823,4.801777352907041,41.129032258064505
600239.SH,20260901,1.42,664900,944158.0,-0.6993006993006978,48.65300869274495,40.804195804195814
600241.SH,20260901,7.58,19700,149326.0,0.0,4.464199630794552,45.0
600243.SH,20260901,3.85,200,770.0,0.7853403141361293,0.03630029812916278,11.246095548066076
600246.SH,20260901,13.5,4153900,56077650.0,1.275318829707417,25.354746073757482,52.6519129782445
600248.SH,20260901,2.9,19000,55100.0,0.0,0.9824652070466969,45.0
600249.SH,20260901,5.31,6600,35046.0,0.18867924528300772,0.9482183905558034,46.132075471698045
600250.SH,20260901,10.14,1513200,15343848.0,0.0,34.37155698602544,45.0
600251.SH,20260901,11.4,720800,8217120.0,-0.2624671916010457,11.140156347757104,43.425196850393725
600252.SH,20260901,2.33,356800,831344.0,0.8658008658008587,5.755587900282964,50.194805194805156
600255.SH,20260901,3.36,262900,883344.0,-0.29673590504452063,5.4107093153960975,43.21958456973287
600256.SH,20260901,6.71,777600,5217696.0,-0.7396449704141994,3.9618259278731456,40.5621301775148
600257.SH,20260901,5.77,87900,507183.0,0.0,3.771481966287279,45.0
600258.SH,20260901,11.76,169300,1990968.0,0.08510638297871687,6.792861825971418,45.510638297872305
600259.SH,20260901,83.63,17300,1446799.0,-0.09556803249313184,3.218482344734614,44.42659180504121
600261.SH,20260901,3.26,93199,303829.0,-0.3058103975535187,8.648179962434389,43.16513761467889
600262.SH,20260901,15.25,26200,399550.0,0.06561679790026975,2.560250535076663,45.39370078740162
600265.SH,20260901,23.1,900,20790.0,0.0,1.6017020723205082,45.0
600266.SH,20260901,4.17,1392100,5805057.0,-1.1848341232227444,40.648058268674966,37.89099526066353
600267.SH,20260901,11.95,133600,1596520.0,0.08375209380233617,5.997368118118506,45.50251256281402
600268.SH,20260901,10.61,8700,92307.0,-0.09416195856873921,0.8413930487135648,44.435028248587564
600269.SH,20260901,3.85,20700,79695.0,0.0,1.0200364233446437,45.0
600271.SH,20260901,6.89,21400,147446.0,0.0,1.7531195852609356,45.0
600272.SH,20260901,18.26,642100,11724746.0,0.0,12.338831713731084,45.0
600273.SH,20260901,6.82,27800,189596.0,-0.14641288433381305,1.4028705868310012,44.12152269399712
600276.SH,20260901,46.05,185900,8560695.0,-0.043412198827874615,3.988398840651863,44.73952680703275
600278.SH,20260901,6.48,28700,185976.0,-0.15408320493065508,3.361381111639402,44.07550077041607
600279.SH,20260901,4.38,7000,30660.0,0.22883295194506825,1.2011047813489817,46.37299771167041
600280.SH,20260901,3.04,367300,1116592.0,0.33003300330034513,7.96765028035505,46.980198019802074
600281.SH,20260901,4.85,93300,452505.0,-0.2057613168724437,5.929014094073821,43.76543209876534
600282.SH,20260901,4.69,69900,327831.0,-0.21276595744680327,1.6310893203987544,43.72340425531918
600283.SH,20260901,8.03,10500,84315.0,-0.12437810945273853,2.2898238289960706,44.25373134328357
600284.SH,20260901,5.19,18600,96534.0,-0.38387715930900956,2.029725873046107,42.69673704414594
600285.SH,20260901,19.72,22300,439756.0,-0.10131712259371373,3.3417530175390056,44.392097264437716
600287.SH,20260901,5.03,13700,68911.0,-0.1984126984126977,3.410356653991304,43.80952380952381
600288.SH,20260901,11.25,67100,754875.0,-0.8810572687224627,3.199964100207356,39.713656387665225
600289.SH,20260901,4.5,5500,24750.0,-1.098901098901095,2.3608363293697674,38.40659340659343
600292.SH,20260901,12.32,35400,436128.0,0.0,3.372454881194403,45.0
600293.SH,20260901,3.0,328700,986100.0,0.33444816053511683,9.480898182277896,47.0066889632107
600295.SH,20260901,13.9,107700,1497030.0,-0.07189072609633529,8.889957589101082,44.56865564342199
600298.SH,20260901,41.29,5600,231224.0,-0.41003376748673936,0.7790590317709042,42.53979739507956
600299.SH,20260901,8.64,169500,1464480.0,0.0,3.7431789408765055,45.0
600300.SH,20260901,3.21,166000,532860.0,0.0,2.6193640629808064,45.0
600301.SH,20260901,48.53,38100,1848993.0,1.4847344207444602,5.948182040653852,53.90840652446676
600302.SH,20260901,6.43,10600,68158.0,-0.4643962848297267,3.3240947513803127,42.213622291021636
600303.SH,20260901,3.06,134700,412182.0,0.990099009900991,6.209424471036598,50.940594059405946
600305.SH,20260901,6.8,28800,195840.0,0.0,3.0360976099800547,45.0
600307.SH,20260901,1.49,161500,240635.0,-0.666666666666671,4.073424184000719,40.99999999999997
600308.SH,20260901,3.3,25000,82500.0,-0.6024096385542133,3.174263365053138,41.38554216867472
600309.SH,20260901,76.1,102700,7815470.0,-0.2882599580712797,2.2280333623766366,43.270440251572325
600310.SH,20260901,4.28,66500,284620.0,-0.2331002331002252,1.3513617006004357,43.60139860139865
600312.SH,20260901,19.8,19000,376200.0,-0.3522898842476141,1.8153748438527912,42.88626069451431
600313.SH,20260901,7.06,4124900,29121794.0,-1.671309192200554,41.2733483524863,34.972144846796674
600315.SH,20260901,17.92,38600,691712.0,-0.720221606648197,3.638300236026754,40.678670360110814
600316.SH,20260901,31.05,70100,2176605.0,-1.1461318051575908,4.044319470730272,38.123209169054455
600318.SH,20260901,6.78,86300,585114.0,-0.4405286343612258,2.5032891302667575,42.35682819383265
600319.SH,20260901,6.64,21200,140768.0,0.0,3.6824124363665014,45.0
600320.SH,20260901,4.1,97200,398520.0,-0.24330900243311193,2.2282714721943933,43.54014598540133
600322.SH,20260901,2.69,1057300,2844137.0,-1.465201465201471,37.30519027530966,36.20879120879117
600323.SH,20260901,30.35,5600,169960.0,-0.2956636005256197,1.0080496106550725,43.226018396846285
600325.SH,20260901,2.4,1149500,2758800.0,-0.4149377593361092,12.634118960323386,42.51037344398335
600326.SH,20260901,7.51,446700,3354717.0,-1.0540184453227908,14.65208019809327,38.675889328063256
600327.SH,20260901,3.99,53800,214662.0,-0.24999999999999467,2.5450833676581253,43.50000000000003
600328.SH,20260901,6.38,74400,474672.0,-0.6230529595015577,3.8217701448152277,41.26168224299065
600329.SH,20260901,35.95,12000,431400.0,-0.2497225305216344,6.277877453998504,43.501664816870196
600330.SH,20260901,28.41,236300,6713283.0,-0.03518648838846117,3.2024805810596475,44.78888106966923
600331.SH,20260901,13.29,64100,851889.0,0.45351473922901064,2.0566207037428783,47.721088435374064
600332.SH,20260901,20.28,17700,358956.0,-0.6856023506366382,1.7675470404013924,40.88638589618017
600333.SH,20260901,6.72,51300,344736.0,-0.4444444444444473,3.8928391942562732,42.333333333333314
600335.SH,20260901,5.27,131800,694586.0,0.0,8.895043858534192,45.0
600336.SH,20260901,6.29,7500,47175.0,0.4792332268370725,1.44038157608613,47.87539936102243
600337.SH,20260901,3.27,47800,156306.0,-0.304878048780477,3.4966683041243733,43.17073170731714
600338.SH,20260901,14.12,186700,2636204.0,0.07087172218285254,5.206415794711348,45.42523033309712
600339.SH,20260901,3.43,137000,469910.0,0.29239766081872176,2.383903987420966,46.75438596491233
600340.SH,20260901,1.09,3386500,3691285.0,-0.909090909090915,69.32451211500212,39.54545454545451
600343.SH,20260901,18.31,44500,814795.0,-0.2723311546841023,4.348833682937657,43.36601307189539
600345.SH,20260901,50.7,32200,1632540.0,-0.09852216748768017,2.601556061157115,44.40886699507392
600346.SH,20260901,19.46,89000,1731940.0,0.568475452196382,1.8379432481829228,48.41085271317829
600348.SH,20260901,9.38,249700,2342186.0,-0.10649627263045192,4.495628107013049,44.36102236421729
600350.SH,20260901,10.3,43500,448050.0,0.0,2.245113747068236,45.0
600351.SH,20260901,6.92,180900,1251828.0,0.0,6.245205634735721,45.0
600352.SH,20260901,13.13,1952200,25632386.0,3.061224489795933,20.87687853912515,63.3673469387756
600353.SH,20260901,36.5,381900,13939350.0,-0.2732240437158473,6.212930375648738,43.36065573770492
600354.SH,20260901,8.29,6436400,53357756.0,0.0,47.61686147565362,45.0
600356.SH,20260901,8.84,15900,140556.0,0.0,3.3088569198345392,45.0
600358.SH,20260901,5.15,29600,152440.0,-0.19379844961240345,6.384209910677599,43.837209302325576
600359.SH,20260901,7.14,988900,7060746.0,-2.7247956403269824,15.039514268027165,28.651226158038106
600360.SH,20260901,10.48,226800,2376864.0,-0.7575757575757569,6.339749073950918,40.45454545454546
600361.SH,20260901,3.73,480800,1793384.0,-0.5333333333333301,8.837333887106423,41.80000000000002
600362.SH,20260901,49.2,710300,34946760.0,1.6528925619834878,9.830916316366755,54.917355371900925
600363.SH,20260901,16.01,4633357,74180046.0,-2.199144777031148,57.46358586607152,31.805131337813112
600365.SH,20260901,2.81,5500,15455.0,0.3571428571428559,1.6753472890322585,47.14285714285714
600366.SH,20260901,11.6,98300,1140280.0,-0.5998286203941716,3.951621011058769,41.40102827763497
600367.SH,20260901,40.59,173000,7022070.0,-1.1687363038714316,3.868674849574328,37.98758217677141
600368.SH,20260901,4.34,210100,911834.0,0.0,5.862104803402379,45.0
600369.SH,20260901,4.1,258900,1061490.0,-0.7263922518159882,5.499781682775272,40.64164648910407
600370.SH,20260901,1.56,45500,70980.0,-1.2658227848101222,2.513156184973677,37.405063291139264
600371.SH,20260901,13.61,6659504,90635849.0,7.249802994483856,144.3020099307288,88.49881796690313
600372.SH,20260901,11.18,61900,692042.0,-0.2676181980374781,2.2755130302156674,43.39429081177513
600373.SH,20260901,7.25,129900,941775.0,-0.4120879120879106,5.29689403946986,42.52747252747254
600375.SH,20260901,3.81,51400,195834.0,-0.5221932114882533,1.8315050174618368,41.86684073107048
600376.SH,20260901,3.34,4575100,15280834.0,-4.571428571428571,47.91068531036819,17.571428571428573
600377.SH,20260901,12.48,38700,482976.0,0.16051364365969878,3.0159143659560455,45.963081861958194
600378.SH,20260901,52.39,1406291,73675585.0,-1.1695906432748537,14.853576674315658,37.98245614035088
600379.SH,20260901,14.38,57200,822536.0,-1.2362637362637319,4.669427039203383,37.582417582417605
600380.SH,20260901,9.22,140400,1294488.0,0.10857763300760048,10.633997147351453,45.65146579804561
600381.SH,20260901,4.58,70600,323348.0,1.7777777777777892,6.375020223341398,55.666666666666735
600382.SH,20260901,6.51,51600,335916.0,0.0,6.19119999424959,45.0
600383.SH,20260901,2.24,4259200,9540608.0,-0.8849557522123686,30.614520441456612,39.69026548672579
600386.SH,20260901,3.49,47700,166473.0,-0.5698005698005604,5.611526549404156,41.581196581196636
600388.SH,20260901,18.12,6500,117780.0,-0.22026431718060735,0.7917219041924136,43.678414096916356
600389.SH,20260901,19.0,40000,760000.0,0.3697834125726329,1.8013229778688369,47.218700475435796
600390.SH,20260901,5.02,96500,484430.0,-0.19880715705766772,1.7267814481271224,43.807157057653995
600391.SH,20260901,34.45,14900,513305.0,-0.14492753623187582,1.9971980047948938,44.130434782608745
600392.SH,20260901,23.34,412900,9637086.0,0.34393809114359186,10.80726878098237,47.06362854686155
600395.SH,20260901,5.87,898200,5272434.0,-1.1784511784511786,9.51333737969341,37.92929292929293
600396.SH,20260901,13.63,390200,5318426.0,-0.8005822416302766,3.1628297689375335,40.19650655021834
600397.SH,20260901,19.2,379000,7276800.0,0.15649452269168584,5.201304820736395,45.93896713615011
600398.SH,20260901,5.93,85300,505829.0,-0.3361344537815225,1.8650826904184594,42.98319327731087
600399.SH,20260901,4.38,67700,296526.0,0.0,1.9766745523399691,45.0
600400.SH,20260901,2.91,156600,455706.0,-0.3424657534246478,5.956935492074628,42.94520547945211
600403.SH,20260901,7.4,4358700,32254380.0,-3.26797385620915,23.26002933782489,25.3921568627451
600405.SH,20260901,4.83,86590,418230.0,-0.6172839506172867,3.501773996043832,41.296296296296276
600406.SH,20260901,22.9,109900,2516710.0,-0.30474531998259113,4.124699534402154,43.17152808010445
600408.SH,20260901,3.07,662100,2032647.0,-0.967741935483879,9.085356442996869,39.193548387096726
600409.SH,20260901,7.38,316100,2332818.0,-0.6729475100942128,10.581004852515342,40.96231493943472
600410.SH,20260901,14.26,745000,10623700.0,3.0346820809248554,5.282435255826843,63.20809248554913
600415.SH,20260901,12.38,81600,1010208.0,-0.8012820512820484,0.8125299164096159,40.19230769230771
600416.SH,20260901,8.46,71000,600660.0,-0.704225352112664,5.87073332512008,40.774647887324015
600418.SH,20260901,20.98,260400,5463192.0,0.04768717215068996,5.337058421646733,45.28612303290414
600419.SH,20260901,8.83,19300,170419.0,0.3409090909090917,1.1556033205922607,47.04545454545455
600420.SH,20260901,8.51,8300,70633.0,0.0,1.0128942863773787,45.0
600422.SH,20260901,8.57,16100,137977.0,0.0,3.2915312341568654,45.0
600423.SH,20260901,2.96,26000,76960.0,-0.33670033670034627,13.905117448194131,42.97979797979792
600425.SH,20260901,3.78,46100,174258.0,0.0,2.2857803065501896,45.0
600426.SH,20260901,21.43,176190,3775752.0,-0.09324009324008786,2.6926086388440984,44.440559440559475
600428.SH,20260901,11.53,149200,1720276.0,0.3481288076588207,2.776041958590103,47.088772845952924
600429.SH,20260901,4.68,49900,233532.0,0.21413276231263545,2.2309414339374825,46.28479657387581
600433.SH,20260901,3.4,25200,85680.0,0.0,0.7679243656880208,45.0
600435.SH,20260901,10.8,20800,224640.0,-0.4608294930875445,0.6703062449721063,42.23502304147473
600436.SH,20260901,122.33,48000,5871840.0,0.1637599279456392,17.484728964442553,45.98255956767383
600438.SH,20260901,11.58,68500,793230.0,-0.08628127696289623,1.7096048366193508,44.48231233822262
600439.SH,20260901,1.93,117100,226003.0,0.0,8.104490599184649,45.0
600444.SH,20260901,14.7,23800,349860.0,0.0,8.739173950477316,45.0
600446.SH,20260901,11.06,50200,555212.0,0.09049773755656076,2.1561690184672897,45.542986425339365
600448.SH,20260901,3.05,68100,207705.0,0.0,4.5957650635075415,45.0
600449.SH,20260901,12.65,105000,1328250.0,0.6364359586316537,10.152852387027512,48.81861575178992
600452.SH,20260901,9.17,50300,461251.0,0.10917030567685337,2.802868502577509,45.65502183406112
600455.SH,20260901,24.99,12100,302379.0,0.04003202562048447,7.01399584197038,45.24019215372291
600456.SH,20260901,27.11,4800,130128.0,-0.2575423105224406,1.4790927262857685,43.45474613686535
600458.SH,20260901,11.79,34500,406755.0,-0.6739679865206405,2.448153117934299,40.95619208087616
600459.SH,20260901,20.85,93900,1957815.0,-0.1436781609195248,6.216463013706495,44.137931034482854
600460.SH,20260901,34.0,450500,15317000.0,-0.4683840749414414,4.261376990946691,42.18969555035135
600461.SH,20260901,8.87,11700,103779.0,-0.11261261261262812,0.7959772465510356,44.32432432432423
600463.SH,20260901,8.31,32200,267582.0,-0.3597122302158251,9.6164869587568,42.84172661870505
600467.SH,20260901,2.4,46100,110640.0,-0.4149377593361092,0.8056380273440275,42.51037344398335
600468.SH,20260901,6.38,170400,1087152.0,-0.31250000000000444,5.801830808198054,43.12499999999997
600469.SH,20260901,5.35,59100,316185.0,-0.9259259259259411,3.1206392746287515,39.44444444444435
600470.SH,20260901,6.23,591400,3684422.0,0.0,10.872365045213973,45.0
600475.SH,20260901,14.95,6700,100165.0,0.0,0.6008022781265948,45.0
600476.SH,20260901,9.97,8200,81754.0,0.10040160642570406,6.414386604371832,45.60240963855422
600477.SH,20260901,2.47,58500,144495.0,-0.8032128514056214,2.074368795107777,40.18072289156627
600478.SH,20260901,4.89,36600,178974.0,0.0,1.8141508877990644,45.0
600479.SH,20260901,12.04,1849500,22267980.0,-0.9053497942386968,16.5454454737805,39.56790123456782
600480.SH,20260901,8.28,15500,128340.0,0.0,1.1880474209211374,45.0
600481.SH,20260901,4.28,20900,89452.0,-0.2331002331002252,0.8082855357659392,43.60139860139865
600482.SH,20260901,32.38,38200,1236916.0,-1.460742544126592,1.6975998717345318,36.23554473524045
600483.SH,20260901,10.97,23100,253407.0,-0.3633060853769243,1.2781217991410714,42.820163487738455
600486.SH,20260901,55.65,13900,773535.0,0.0,1.2134284164296012,45.0
600487.SH,20260901,67.67,792100,53601407.0,0.4303947758979021,4.894312617183934,47.58236865538741
600488.SH,20260901,5.3,198400,1051520.0,-0.375939849624074,3.4474382884793426,42.74436090225556
600489.SH,20260901,25.62,894289,22911684.0,0.0,12.030312299993858,45.0
600490.SH,20260901,7.75,641900,4974725.0,0.12919896640826156,9.65421339945106,45.77519379844957
600491.SH,20260901,1.61,779700,1255317.0,-0.6172839506172867,11.273131001168176,41.296296296296276
600493.SH,20260901,6.36,57300,364428.0,0.0,6.493787896822992,45.0
600495.SH,20260901,4.1,23900,97990.0,0.24449877750609694,2.3618740548677395,46.466992665036585
600496.SH,20260901,3.36,79400,266784.0,0.0,1.8595900754835317,45.0
600497.SH,20260901,10.64,1583800,16851632.0,1.623686723973261,11.969216412326343,54.74212034383957
600498.SH,20260901,42.58,336500,14328170.0,0.28261893546868144,3.701180117120311,46.695713612812085
600499.SH,20260901,14.05,52000,730600.0,0.0,0.8729125203919342,45.0
600500.SH,20260901,5.69,444300,2528067.0,0.17605633802817433,5.121796579430736,46.056338028169044
600501.SH,20260901,14.54,10700,155578.0,0.27586206896550447,2.092844556149153,46.655172413793025
600502.SH,20260901,4.46,123600,551256.0,0.0,3.5937608453387924,45.0
600503.SH,20260901,2.19,549200,1202748.0,-1.3513513513513598,13.905564417826492,36.891891891891845
600505.SH,20260901,10.55,6100,64355.0,0.0,1.0517058331963989,45.0
600506.SH,20260901,16.26,105900,1721934.0,0.6188118811881305,6.153316243563625,48.712871287128785
600507.SH,20260901,4.26,76900,327594.0,0.23529411764704466,2.7590521138229898,46.41176470588227
600508.SH,20260901,11.51,2103573,24212125.0,-2.951096121416519,19.22167750595668,27.293423271500888
600509.SH,20260901,7.52,112200,843744.0,0.0,5.118603605644638,45.0
600510.SH,20260901,7.01,29300,205393.0,-0.5673758865248235,4.502353710824352,41.595744680851055
600511.SH,20260901,26.63,3900,103857.0,-0.22480329711502822,1.1350140135002373,43.65118021730983
600512.SH,20260901,2.06,43600,89816.0,-0.48309178743960457,1.6233110473875212,42.10144927536237
600513.SH,20260901,16.12,22600,364312.0,0.062073246430793816,3.0501489847813463,45.37243947858477
600515.SH,20260901,2.75,491100,1350525.0,-0.36231884057970065,4.074370434383625,42.8260869565218
600516.SH,20260901,5.24,670400,3512896.0,-0.7575757575757569,10.403471541922576,40.45454545454546
600517.SH,20260901,5.1,38200,194820.0,-0.3906250000000111,1.2076443178661176,42.656249999999936
600518.SH,20260901,1.38,362500,500250.0,0.0,1.8657001490803509,45.0
600519.SH,20260901,1295.0,42300,54778500.0,-0.3478207338094008,12.912024420556797,42.913075597143596
600520.SH,20260901,25.91,100600,2606546.0,-1.031321619556913,6.066547701744732,38.812070282658524
600521.SH,20260901,16.1,56700,912870.0,-0.06207324643077161,2.58002996494232,44.62756052141537
600522.SH,20260901,35.3,794800,28056440.0,0.34110289937463456,4.868349920168607,47.04661739624781
600523.SH,20260901,12.11,9900,119889.0,-0.24711696869852418,2.430412418418378,43.517298187808855
600525.SH,20260901,5.33,70300,374699.0,0.37664783427495685,4.40891598856997,47.259887005649745
600526.SH,20260901,4.7,16600,78020.0,-0.2123142250530785,1.6437393954633257,43.72611464968153
600527.SH,20260901,2.26,84600,191196.0,-0.440528634361248,2.1246507796136873,42.35682819383251
600528.SH,20260901,6.94,9200,63848.0,0.14430014430015792,0.8908529971863651,45.86580086580095
600529.SH,20260901,19.16,12300,235668.0,-0.10427528675703845,2.6428564812122337,44.37434827945777
600530.SH,20260901,3.89,10700,41623.0,-0.5115089514066473,1.0418943508164389,41.93094629156012
600531.SH,20260901,13.57,208400,2827988.0,-0.586080586080584,5.157994708403907,41.483516483516496
600533.SH,20260901,2.21,387800,857038.0,0.9132420091324311,7.524893297880863,50.479452054794585
600535.SH,20260901,14.63,36800,538384.0,-0.34059945504086864,2.8548376329920484,42.95640326975479
600536.SH,20260901,33.5,168600,5648100.0,-1.1216056670602215,4.691780908200743,38.27036599763867
600537.SH,20260901,2.14,114800,245672.0,0.46948356807512415,9.113444901982206,47.81690140845075
600538.SH,20260901,5.25,1300,6825.0,0.7677543186180413,0.11750076745647785,25.75666405387426
600539.SH,20260901,14.8,67900,1004920.0,-0.33670033670032407,5.805333396740709,42.97979797979806
600540.SH,20260901,6.11,26988600,164900346.0,9.892086330935257,409.6670172852487,100.0
600543.SH,20260901,4.23,100,423.0,0.0,0.04597249431973424,8.275048977552164
600545.SH,20260901,4.4,172900,760760.0,0.917431192660545,3.575520214668075,50.50458715596327
600546.SH,20260901,14.15,219300,3103095.0,-0.7713884992987308,4.997732841383793,40.37166900420762
600547.SH,20260901,38.0,1115900,42404200.0,0.39630118890356947,10.659447221984664,47.37780713342141
600548.SH,20260901,8.28,5400,44712.0,0.2421307506053294,0.5215406360780145,46.452784503631975
600549.SH,20260901,53.53,112800,6038184.0,-0.7232937685459961,2.5456662289080505,40.66023738872402
600550.SH,20260901,11.06,94300,1042958.0,0.5454545454545601,6.620693924528528,48.27272727272736
600551.SH,20260901,8.73,5667700,49479021.0,5.818181818181833,50.67685533599632,79.90909090909099
600552.SH,20260901,18.41,201100,3702251.0,0.10875475802065715,4.259042568731582,45.65252854812394
600556.SH,20260901,4.75,930600,4420350.0,-1.2474012474012364,8.515761942615148,37.51559251559258
600557.SH,20260901,12.58,17800,223924.0,0.0,2.222579477558835,45.0
600558.SH,20260901,4.89,32500,158925.0,-0.20408163265307477,2.341579735994749,43.77551020408155
600559.SH,20260901,11.34,38800,439992.0,0.08826125330978485,2.379052374416923,45.52956751985871
600560.SH,20260901,11.7,11000,128700.0,0.34305317324183626,4.934347301446868,47.05831903945102
600561.SH,20260901,6.12,90900,556308.0,-0.6493506493506551,13.326264103017463,41.10389610389607
600562.SH,20260901,30.23,62400,1886352.0,-0.1980851766259395,4.281090131631893,43.81148894024436
600563.SH,20260901,129.25,48900,6320325.0,0.10068153655513612,16.69907062138311,45.60408921933082
600566.SH,20260901,25.74,22200,571428.0,-0.5409582689335446,2.087317566690227,41.75425038639873
600567.SH,20260901,1.36,168900,229704.0,0.0,1.826901729231394,45.0
600568.SH,20260901,2.14,1200,2568.0,0.0,0.2823334773952362,45.0
600569.SH,20260901,1.83,44300,81069.0,-0.5434782608695676,2.318717102956199,41.739130434782595
600570.SH,20260901,21.98,31600,694568.0,-0.09090909090908594,1.5665363152624516,44.45454545454548
600571.SH,20260901,10.9,10800,117720.0,-0.2744739249771255,1.398156137055645,43.35315645013725
600572.SH,20260901,4.43,174400,772592.0,-0.22522522522524513,2.8177619724065375,43.64864864864853
600573.SH,20260901,9.96,13100,130476.0,-0.5988023952095634,3.0071456700902885,41.40718562874262
600575.SH,20260901,3.35,427500,1432125.0,0.9036144578313365,8.46401585677705,50.421686746988016
600576.SH,20260901,5.58,28100,156798.0,-0.35714285714284477,1.5065265812231012,42.85714285714293
600577.SH,20260901,8.33,97800,814674.0,-0.3588516746411363,2.1709797387829095,42.846889952153184
600578.SH,20260901,5.47,169600,927712.0,0.0,3.6393855208686543,45.0
600579.SH,20260901,7.0,6400,44800.0,-0.2849002849002802,2.083511803791973,43.29059829059832
600580.SH,20260901,29.4,92700,2725380.0,-0.27137042062416183,3.3766639244090455,43.371777476255026
600581.SH,20260901,2.47,52400,129428.0,0.0,5.139266424792208,45.0
600582.SH,20260901,4.84,41700,201828.0,-0.20618556701030855,1.5765914308551492,43.76288659793815
600583.SH,20260901,6.16,178700,1100792.0,0.0,2.858987335897856,45.0
600584.SH,20260901,75.75,341800,25891350.0,0.0,6.049767932978392,45.0
600585.SH,20260901,17.6,270700,4764320.0,-0.28328611898015277,11.684064678411945,43.30028328611908
600586.SH,20260901,4.24,17600,74624.0,0.0,1.1530576841890827,45.0
600587.SH,20260901,12.68,4500,57060.0,0.0,0.7835988611037373,45.0
600588.SH,20260901,10.25,274900,2817725.0,-0.38872691933915515,3.81954428763584,42.66763848396507
600589.SH,20260901,8.09,698500,5650865.0,-0.85784313725491,9.356091496442648,39.85294117647054
600590.SH,20260901,8.58,31800,272844.0,-0.11641443538998875,1.7640174993608246,44.301513387660066
600592.SH,20260901,15.08,16000,241280.0,0.8695652173912993,2.893129721015626,50.2173913043478
600593.SH,20260901,41.81,21300,890553.0,-0.45238095238094855,3.8326919712571668,42.285714285714306
600594.SH,20260901,4.05,364400,1475820.0,-0.49140049140050657,4.883135362674859,42.05159705159696
600595.SH,20260901,6.29,501300,3153177.0,0.8012820512820484,3.7362639576225045,49.80769230769229
600596.SH,20260901,11.0,210700,2317700.0,-0.5424954792043413,3.920974052850585,41.745027124773955
600597.SH,20260901,7.01,216700,1519067.0,0.42979942693408546,12.350771816017554,47.57879656160451
600598.SH,20260901,13.01,1203900,15662739.0,0.8527131782945618,10.474727643263874,50.11627906976737
600600.SH,20260901,50.5,49600,2504800.0,-0.39447731755424265,12.098373825058104,42.63313609467454
600601.SH,20260901,12.73,574700,7315931.0,-0.4691164972634776,4.47420568939001,42.18530101641913
600602.SH,20260901,18.56,94500,1753920.0,-1.1188066062866375,2.5464910586733422,38.287160362280176
600603.SH,20260901,4.86,100800,489888.0,1.0395010395010562,5.292212987071744,51.23700623700634
600604.SH,20260901,4.74,2144179,10163408.0,-1.2499999999999956,47.18073007436003,37.50000000000003
600605.SH,20260901,27.18,29500,801810.0,1.2667660208643738,7.040476227397065,52.60059612518624
600606.SH,20260901,1.3,12854700,16711110.0,-1.5151515151515138,78.34851218908179,35.90909090909092
600609.SH,20260901,3.33,40900,136197.0,0.0,2.6136507344961712,45.0
600610.SH,20260901,9.38,961040,9014555.0,-2.5960539979231534,10.370111645244176,29.42367601246108
600611.SH,20260901,4.77,1398900,6672753.0,0.6329113924050445,9.488190990928775,48.797468354430265
600612.SH,20260901,33.39,6500,217035.0,0.9981851179673207,4.088231354469371,50.989110707803924
600613.SH,20260901,10.04,2459600,24694384.0,-10.035842293906816,12.298267683310442,15.0
600615.SH,20260901,9.91,20300,201173.0,0.0,7.149651594289533,45.0
600616.SH,20260901,4.32,19400,83808.0,-0.2309468822170868,2.047088307063246,43.61431870669748
600617.SH,20260901,3.42,331200,1132704.0,-0.5813953488372103,10.241053401864397,41.51162790697674
600618.SH,20260901,10.53,5700,60021.0,-0.28409090909091717,0.5583831903597242,43.2954545454545
600619.SH,20260901,14.25,32100,457425.0,-0.34965034965035446,2.2210180631149314,42.90209790209787
600620.SH,20260901,4.45,46200,205590.0,-0.4474272930648726,10.231824303068636,42.31543624161076
600621.SH,20260901,13.4,30800,412720.0,-0.3717472118959009,2.2280616646837053,42.769516728624595
600622.SH,20260901,2.31,3459100,7990521.0,-0.4310344827586077,58.17235626318684,42.413793103448356
600623.SH,20260901,8.74,56800,496432.0,-0.22831050228310223,3.7528413996936054,43.63013698630139
600624.SH,20260901,4.47,5300,23691.0,-0.22321428571430157,0.8935061102828896,43.66071428571419
600626.SH,20260901,3.64,21600,78624.0,0.5524861878453136,1.6999241645806973,48.31491712707188
600628.SH,20260901,6.28,20800,130624.0,-0.31746031746030523,2.19790396850353,43.095238095238166
600629.SH,20260901,16.3,42500,692750.0,-0.18371096142068,1.8455888040506223,43.89773423147592
600630.SH,20260901,7.03,100700,707921.0,0.0,4.455439559311882,45.0
600633.SH,20260901,10.45,75100,784795.0,-0.09560229445507717,2.534567041485488,44.42638623326954
600635.SH,20260901,4.73,86500,409145.0,0.0,2.3493940616733036,45.0
600637.SH,20260901,8.47,556800,4716096.0,-0.5868544600938885,10.872126531935821,41.478873239436666
600638.SH,20260901,5.03,534100,2686523.0,-0.5928853754940566,31.838068171919875,41.44268774703566
600639.SH,20260901,9.42,99300,935406.0,-0.5279831045406636,19.952748083069196,41.83210137275602
600640.SH,20260901,11.11,119500,1327645.0,0.27075812274368616,7.474789584570444,46.62454873646212
600641.SH,20260901,34.75,278600,9681350.0,0.05758710048950899,4.89225922836295,45.34552260293705
600642.SH,20260901,8.58,44700,383526.0,-0.23255813953487747,1.679036856274369,43.60465116279074
600643.SH,20260901,4.06,18900,76734.0,-0.24570024570026439,0.8058842425538282,43.525798525798415
600644.SH,20260901,8.8,26900,236720.0,-0.3397508493771184,1.7835412997590372,42.96149490373729
600645.SH,20260901,19.27,8500,163795.0,-0.10368066355624928,1.3346132322711834,44.3779160186625
600648.SH,20260901,9.13,47600,434588.0,-0.6528835690968293,15.980340035431297,41.082698585419024
600649.SH,20260901,3.84,1236900,4749696.0,-0.5181347150259086,32.27981033344222,41.89119170984455
600650.SH,20260901,10.85,41200,447020.0,-0.36730945821855654,3.8273207601397052,42.79614325068866
600651.SH,20260901,5.66,97400,551284.0,0.35460992907803135,6.238631890899333,47.12765957446819
600653.SH,20260901,1.73,64000,110720.0,0.0,2.3164817930640282,45.0
600654.SH,20260901,3.34,3340800,11158272.0,-0.5952380952380931,14.45733485932972,41.428571428571445
600655.SH,20260901,4.55,32300,146965.0,0.22026431718060735,1.6840293436025682,46.321585903083644
600657.SH,20260901,2.67,1659900,4431933.0,-0.3731343283582156,25.28477017818918,42.76119402985071
600658.SH,20260901,4.08,103000,420240.0,0.49261083743843415,7.386173025743213,47.955665024630605
600660.SH,20260901,56.5,12200,689300.0,-0.1590386994168691,1.0491700012771321,44.045767803498784
600661.SH,20260901,8.98,38100,342138.0,-0.22222222222221255,4.909698205914841,43.66666666666673
600662.SH,20260901,4.25002,12599,53546.0,0.00047058823529066984,0.9917774856286634,45.00282352941174
600663.SH,20260901,9.0,101500,913500.0,-1.6393442622950838,5.49598972941206,35.163934426229496
600664.SH,20260901,9.06,3373600,30564816.0,-0.6578947368420907,9.756143970407367,41.052631578947455
600665.SH,20260901,3.45,262300,904935.0,-0.5763688760806907,9.68573877809707,41.54178674351586
600666.SH,20260901,3.58,606600,2171628.0,-0.5555555555555536,5.334334486609964,41.66666666666668
600667.SH,20260901,19.34,925100,17891434.0,0.0,6.7504916430648265,45.0
600668.SH,20260901,7.51,7600,57076.0,0.0,0.9895323270429652,45.0
600671.SH,20260901,22.6,222300,5023980.0,-1.1373578302712128,20.278310915243086,38.17585301837272
600673.SH,20260901,32.92,56500,1859980.0,-0.6638503319251643,1.80453175574426,41.01689800844901
600674.SH,20260901,15.52,20100,311952.0,-0.19292604501608412,0.7623872028848322,43.84244372990349
600675.SH,20260901,2.24,1080500,2420320.0,-1.3215859030836885,21.780243327303282,37.070484581497865
600676.SH,20260901,6.78,24800,168144.0,-0.4405286343612258,2.3901118758683833,42.35682819383265
600678.SH,20260901,5.97,74400,444168.0,0.5050505050504972,6.789743013405985,48.03030303030298
600679.SH,20260901,10.14,7200,73008.0,-0.09852216748768017,1.5614220618064183,44.40886699507392
600681.SH,20260901,3.41,43500,148335.0,-0.29239766081871066,1.3417608961188063,43.24561403508773
600682.SH,20260901,5.67,19300,109431.0,0.0,1.4502936184907287,45.0
600683.SH,20260901,10.38,3144300,32637834.0,-6.402164111812436,57.03240035915602,15.0
600684.SH,20260901,3.66,465500,1703730.0,-1.0810810810810811,18.693792263759068,38.513513513513516
600685.SH,20260901,25.93,26700,692331.0,-0.3075740099961588,2.284701355185351,43.154555940023045
600686.SH,20260901,11.15,36300,404745.0,-0.26833631484793896,2.2760193429675453,43.389982110912364
600688.SH,20260901,2.92,236600,690872.0,-0.34129692832765013,2.4601792421290347,42.9522184300341
600689.SH,20260901,11.5,124300,1429450.0,0.7005253940455258,15.564694397196735,49.20315236427315
600690.SH,20260901,21.12,101100,2135232.0,-0.28328611898016387,2.831306046086143,43.30028328611902
600691.SH,20260901,3.19,5688600,18146634.0,-1.2383900928792602,22.070691543601423,37.569659442724436
600692.SH,20260901,6.52,162100,1056892.0,-0.45801526717557106,21.12356258404944,42.251908396946575
600693.SH,20260901,9.5,365600,3473200.0,2.0408163265306145,7.676096622740263,57.24489795918369
600694.SH,20260901,14.2,32390,459938.0,0.07047216349542751,4.090540852179854,45.422832980972565
600697.SH,20260901,11.16,19500,217620.0,0.0,4.173386028484693,45.0
600698.SH,20260901,7.4,103800,768120.0,0.0,1.9930312716601257,45.0
600699.SH,20260901,19.36,252500,4888400.0,1.0438413361169019,7.376163848663203,51.26304801670141
600702.SH,20260901,34.72,27900,968688.0,-0.4587155963302836,3.0917336295783,42.2477064220183
600703.SH,20260901,13.16,400800,5274528.0,0.5347593582887722,5.495277403777229,48.20855614973263
600704.SH,20260901,4.95,25499,126220.0,-0.20161290322580072,0.5934547303238878,43.790322580645196
600706.SH,20260901,8.4,30200,253680.0,0.23866348448686736,1.7306018467407303,46.431980906921204
600707.SH,20260901,9.34,322900,3015886.0,0.0,3.9790633509750157,45.0
600708.SH,20260901,3.03,267700,811131.0,-0.9803921568627527,19.698228169473374,39.117647058823486
600710.SH,20260901,10.59,5400,57186.0,0.0945179584120881,0.7172483760537777,45.56710775047253
600711.SH,20260901,11.87,719900,8545213.0,0.16877637130801038,8.627012503632795,46.012658227848064
600712.SH,20260901,5.56,126800,705008.0,0.7246376811594235,4.718121915930875,49.347826086956545
600713.SH,20260901,5.23,14700,76881.0,0.0,1.091459991746864,45.0
600714.SH,20260901,18.15,381800,6929670.0,-2.0507285483000626,8.320706729982968,32.69562871019963
600715.SH,20260901,1.67,495400,827318.0,-0.5952380952380931,6.541375911679984,41.428571428571445
600716.SH,20260901,3.65,35600,129940.0,-0.2732240437158584,4.096556020876483,43.360655737704846
600717.SH,20260901,4.28,75800,324424.0,-0.2331002331002252,2.4255885929328977,43.60139860139865
600718.SH,20260901,8.3,31100,258130.0,0.12062726176118588,3.207606180767453,45.723763570567115
600719.SH,20260901,7.17,6000,43020.0,0.13966480446927498,0.7207275065669634,45.837988826815646
600720.SH,20260901,5.25,18900,99225.0,-0.3795066413662118,2.4375384607825916,42.72296015180273
600721.SH,20260901,12.92,9260100,119640492.0,-7.050359712230215,63.01067213590451,15.0
600722.SH,20260901,17.0,4254279,72322743.0,1.1904761904761862,23.216486734804214,52.14285714285712
600724.SH,20260901,5.06,143300,725098.0,-0.19723865877713243,12.99980078032725,43.816568047337206
600725.SH,20260901,3.42,88300,301986.0,0.2932551319648091,4.699541577371237,46.759530791788855
600726.SH,20260901,5.5,266100,1463550.0,0.0,3.816401115937538,45.0
600727.SH,20260901,7.81,108800,849728.0,0.0,4.210306736033441,45.0
600728.SH,20260901,4.77,46600,222282.0,0.0,1.4620110360976668,45.0
600729.SH,20260901,19.22,2000,38440.0,0.0,0.44157280190912,45.0
600730.SH,20260901,10.0,104400,1044000.0,-0.6951340615690249,7.388497383452823,40.82919563058585
600731.SH,20260901,5.8,51200,296960.0,0.0,5.445849493745608,45.0
600732.SH,20260901,11.54,41600,480064.0,0.0,2.6807984582728426,45.0
600733.SH,20260901,5.08,359600,1826768.0,0.0,5.980506676955885,45.0
600734.SH,20260901,1.73,295800,511734.0,0.0,9.440936127372034,45.0
600735.SH,20260901,5.97,10300,61491.0,-0.5000000000000004,4.193780756335957,42.0
600736.SH,20260901,6.84,862700,5900868.0,-0.7256894049346818,25.564099019313492,40.64586357039191
600737.SH,20260901,15.05,596000,8969800.0,0.06648936170214892,6.104637795787491,45.39893617021289
600738.SH,20260901,4.19,21200,88828.0,0.4796163069544557,1.3801959378534567,47.877697841726736
600739.SH,20260901,11.1,46700,518370.0,-0.09000900090009312,3.1586025579885266,44.459945994599444
600740.SH,20260901,3.98,504200,2006716.0,-0.5000000000000004,6.40495994713676,42.0
600741.SH,20260901,15.48,41000,634680.0,0.1941747572815622,2.1854319747781012,46.16504854368937
600742.SH,20260901,7.72,8700,67164.0,-0.3870967741935516,1.5245824621398418,42.67741935483869
600743.SH,20260901,2.28,1474000,3360720.0,-2.564102564102566,22.919510788009788,29.615384615384603
600744.SH,20260901,6.23,350500,2183615.0,0.1607717041800738,6.547651278326575,45.96463022508044
600745.SH,20260901,19.4,897100,17403740.0,1.464435146443499,16.800482520464342,53.786610878660994
600746.SH,20260901,7.31,307900,2250749.0,0.966850828729271,11.989190669797003,50.801104972375626
600748.SH,20260901,3.86,561000,2165460.0,-0.5154639175257714,32.02393325612842,41.90721649484537
600749.SH,20260901,14.89,114800,1709372.0,1.017639077340582,9.164678273133159,51.10583446404349
600750.SH,20260901,23.86,17400,415164.0,0.0,4.46757045462149,45.0
600751.SH,20260901,3.12,15000,46800.0,-0.31948881789136685,0.5863525026708796,43.0830670926518
600753.SH,20260901,10.08,1400,14112.0,-0.591715976331364,1.2500515982891158,41.44970414201182
600754.SH,20260901,19.18,104900,2011982.0,0.10438413361169019,5.407526086366323,45.626304801670145
600755.SH,20260901,5.69,27100,154199.0,0.0,1.2988728944729517,45.0
600756.SH,20260901,14.58,28600,416988.0,0.0,2.071386678751461,45.0
600757.SH,20260901,7.32,45100,330132.0,-0.13642564802182067,2.6427701853108383,44.18144611186908
600758.SH,20260901,3.76,1354600,5093296.0,-1.5706806282722474,8.963035005383931,35.575916230366516
600759.SH,20260901,2.6,1349700,3509220.0,0.0,14.295471411360849,45.0
600760.SH,20260901,46.7,49000,2288300.0,-0.4688832054560943,2.582396656397268,42.18670076726343
600761.SH,20260901,16.23,48600,788778.0,0.18518518518519933,3.3894095589146107,46.1111111111112
600763.SH,20260901,34.55,20800,718640.0,0.14492753623187582,2.4849832170961204,45.869565217391255
600764.SH,20260901,17.91,12500,223875.0,-0.6655574043261336,2.06250289855935,41.0066555740432
600765.SH,20260901,13.23,210700,2787561.0,-0.3765060240963791,11.071701526518105,42.740963855421725
600768.SH,20260901,15.61,31200,487032.0,0.5798969072164928,9.331966140026436,48.479381443298955
600769.SH,20260901,15.41,37500,577875.0,0.0,4.050715980478476,45.0
600770.SH,20260901,5.12,92100,471552.0,-0.5825242718446644,5.560205122177664,41.504854368932016
600771.SH,20260901,13.76,25400,349504.0,-0.3620564808110127,3.421660874368555,42.82766111513392
600773.SH,20260901,10.72,231200,2478464.0,-0.8325624421831601,8.842840956749562,40.00462534690104
600774.SH,20260901,7.64,28900,220796.0,0.2624671916010346,3.1563515785910687,46.57480314960621
600775.SH,20260901,9.71,18000,174780.0,-0.20554984583761593,0.8707277646079802,43.7667009249743
600776.SH,20260901,13.03,31800,414354.0,-0.1532567049808531,2.2174623784260628,44.080459770114885
600777.SH,20260901,4.07,127800,520146.0,0.0,4.109930677898673,45.0
600778.SH,20260901,5.66,38300,216778.0,0.35460992907803135,2.3533817842639424,47.12765957446819
600779.SH,20260901,26.91,15000,403650.0,0.07437709185571517,4.551855478492706,45.44626255113429
600780.SH,20260901,6.24,377500,2355600.0,0.48309178743961567,9.229262002845063,47.898550724637694
600782.SH,20260901,2.82,40000,112800.0,0.3558718861209842,1.1238028995967888,47.13523131672591
600783.SH,20260901,16.03,54600,875238.0,-0.3109452736318241,3.631899467013676,43.13432835820905
600784.SH,20260901,7.8,16800,131040.0,-0.5102040816326481,0.8481299013982972,41.93877551020411
600785.SH,20260901,11.37,1473700,16755969.0,-1.2163336229365829,23.38054467901005,37.7019982623805
600787.SH,20260901,4.6,36000,165600.0,0.0,2.03390007868958,45.0
600789.SH,20260901,7.88,370500,2919540.0,1.546391752577314,11.06477637623969,54.278350515463885
600790.SH,20260901,3.40001,59299,201617.0,0.0002941176470594442,2.6695522234190796,45.00176470588236
600791.SH,20260901,7.12,391700,2788904.0,-3.5230352303523005,18.759861963022846,23.861788617886198
600792.SH,20260901,4.01,439000,1760390.0,-0.24875621890546595,7.2940845930672396,43.5074626865672
600793.SH,20260901,15.31,68800,1053328.0,1.3236267372600974,10.021456363849513,52.94176042356058
600794.SH,20260901,3.25,80500,261625.0,0.30864197530864335,6.335630143045391,46.85185185185186
600795.SH,20260901,5.18,209600,1085728.0,0.0,2.485623544332582,45.0
600796.SH,20260901,5.21,3400,17714.0,0.19230769230769162,0.4982348580227541,46.153846153846146
600797.SH,20260901,6.9,35800,247020.0,-0.14471780028942893,1.302071445865212,44.13169319826343
600798.SH,20260901,3.28,10700,35096.0,0.0,0.6150103531532581,45.0
600800.SH,20260901,3.5,40600,142100.0,0.0,2.2530189423241422,45.0
600801.SH,20260901,23.46,51600,1210536.0,0.471092077087798,3.99347637446833,47.82655246252679
600802.SH,20260901,4.76,65100,309876.0,-0.20964360587001352,9.167998703422093,43.74213836477992
600803.SH,20260901,18.28,54200,990776.0,-0.054674685620548225,3.985348301250395,44.67195188627671
600805.SH,20260901,4.59,27500,126225.0,0.0,3.87443675634641,45.0
600807.SH,20260901,2.7,88300,238410.0,-0.36900369003689537,6.75274813141679,42.785977859778626
600808.SH,20260901,2.61,73500,191835.0,0.38461538461538325,1.1204796282452614,47.3076923076923
600809.SH,20260901,115.96,62400,7235904.0,-0.6851661527920605,5.944503039524865,40.88900308324764
600810.SH,20260901,6.56,24200,158752.0,-0.3039513677811634,1.8887503981346447,43.17629179331302
600812.SH,20260901,4.79,31800,152322.0,0.0,2.1855944499945297,45.0
600814.SH,20260901,6.84,7300,49932.0,0.14641288433381305,0.5289294662302761,45.87847730600288
600815.SH,20260901,4.51,737800,3327478.0,-0.879120879120876,7.680760081686341,39.725274725274744
600816.SH,20260901,2.48,132500,328600.0,-0.40160642570281624,1.2297849053805516,42.5903614457831
600817.SH,20260901,9.57,15600,149292.0,-0.8290155440414559,3.933845976328151,40.02590673575126
600818.SH,20260901,7.5,6200,46500.0,-0.3984063745019917,2.0922158770838917,42.60956175298805
600819.SH,20260901,5.75,43900,252425.0,0.0,8.199527365502332,45.0
600820.SH,20260901,5.5,48000,264000.0,-0.1814882032667886,2.1535443865565185,43.91107078039927
600821.SH,20260901,5.99,207500,1242925.0,0.3350083752093891,2.3619140403720507,47.01005025125633
600822.SH,20260901,8.49,500,4245.0,-0.35211267605632646,0.11623807265939239,18.81017702235267
600824.SH,20260901,3.66,45300,165798.0,-0.5434782608695676,2.1687459016682933,41.739130434782595
600825.SH,20260901,5.16,42200,217752.0,-0.19342359767891004,2.6243679880906012,43.839458413926536
600826.SH,20260901,7.59996,9399,71432.0,-0.13193166885676622,1.366543236749254,44.2084099868594
600827.SH,20260901,7.69,93700,720553.0,0.0,4.2096570737829495,45.0
600828.SH,20260901,3.96,14400,57024.0,-0.25188916876575096,0.8168662598522568,43.48866498740549
600829.SH,20260901,10.05,104400,1049220.0,-0.593471810089008,4.249741239355,41.43916913946595
600830.SH,20260901,8.39,25800,216462.0,0.0,1.6166057378129453,45.0
600831.SH,20260901,3.49,83000,289670.0,0.0,4.567801488932665,45.0
600833.SH,20260901,10.79,16400,176956.0,0.09276437847867136,1.7045198847681522,45.55658627087203
600834.SH,20260901,7.69,57500,442175.0,-1.2836970474967901,11.561506613806696,37.29781771501926
600835.SH,20260901,18.2,8100,147420.0,-0.7092198581560183,1.3426878963152762,40.74468085106389
600838.SH,20260901,8.28,204200,1690776.0,0.0,6.430160427021651,45.0
600839.SH,20260901,6.97,166300,1159111.0,-0.14326647564470996,1.4178490722756367,44.14040114613174
600841.SH,20260901,5.79,17600,101904.0,0.17301038062282892,1.654521188104807,46.03806228373698
600843.SH,20260901,7.15,2100,15015.0,-0.13966480446927498,0.377472937968287,44.162011173184354
600844.SH,20260901,3.9,615400,2400060.0,-0.5102040816326481,4.105913925200936,41.93877551020411
600845.SH,20260901,17.71,64900,1149379.0,0.33994334277622773,5.136057057301016,47.03966005665737
600846.SH,20260901,11.96,13100,156676.0,0.5887300252312988,4.030652676778783,48.53238015138779
600847.SH,20260901,13.03,4400,57332.0,-0.4583651642475206,1.999171138317906,42.249809014514874
600848.SH,20260901,8.46,95200,805392.0,-0.47058823529411153,8.770428391659294,42.17647058823533
600850.SH,20260901,14.7,17100,251370.0,0.13623978201635634,2.1389590210526515,45.817438692098136
600851.SH,20260901,8.49,7400,62826.0,-0.11764705882352233,0.5873709139151485,44.29411764705887
600853.SH,20260901,3.37,51700,174229.0,0.0,4.389007612804226,45.0
600854.SH,20260901,4.67,62000,289540.0,-0.638297872340432,7.340250180996464,41.17021276595741
600855.SH,20260901,12.47,11000,137170.0,0.16064257028114426,1.527879404969777,45.963855421686866
600857.SH,20260901,20.3,20600,418180.0,0.8946322067594492,2.6823411312779175,50.36779324055669
600858.SH,20260901,4.97,27600,137172.0,0.20161290322580072,2.8444914696983026,46.209677419354804
600859.SH,20260901,9.87,49600,489552.0,0.10141987829614951,2.5267065807428564,45.6085192697769
600860.SH,20260901,8.4,21400,179760.0,0.0,4.103665306372538,45.0
600861.SH,20260901,12.68,28000,355040.0,0.0,7.492538219932545,45.0
600862.SH,20260901,17.91,24900,445959.0,-0.16722408026756952,1.7758766487235398,43.99665551839458
600863.SH,20260901,4.61,511300,2357093.0,0.0,4.821606533384419,45.0
600864.SH,20260901,5.78,206800,1195304.0,-0.5163511187607495,4.0473611933291505,41.901893287435506
600865.SH,20260901,9.19,85700,787583.0,0.7675438596491224,3.504934198090527,49.60526315789473
600866.SH,20260901,4.37,85400,373198.0,-0.22831050228310223,4.16706114573067,43.63013698630139
600867.SH,20260901,8.1,11100,89910.0,-0.12330456226880004,0.5978170680835514,44.2601726263872
600868.SH,20260901,2.85,63000,179550.0,-0.6968641114982632,1.7399707475594621,40.81881533101042
600869.SH,20260901,18.89,2141900,40460491.0,-0.9958071278825864,10.460182491672047,39.02515723270448
600871.SH,20260901,2.29,270100,618529.0,0.0,2.2960221405001224,45.0
600872.SH,20260901,18.37,11800,216766.0,0.27292576419213344,1.0792363975554469,46.6375545851528
600873.SH,20260901,7.79,25900,201761.0,-0.12820512820512775,0.9067283878870263,44.23076923076923
600874.SH,20260901,5.56998,21899,121977.0,-0.0003590664272912214,1.788582947038988,44.997845601436254
600875.SH,20260901,25.5,212500,5418750.0,-0.9708737864077666,5.8780954564583325,39.1747572815534
600876.SH,20260901,7.24,8700,62988.0,0.8356545961002881,2.7711560438725016,50.01392757660173
600877.SH,20260901,12.37,19600,242452.0,-0.08077544426495775,2.2380387760442746,44.51534733441025
600879.SH,20260901,14.64,695400,10180656.0,-1.2811867835468616,11.239773333375183,37.31287929871883
600880.SH,20260901,4.05,113900,461295.0,0.0,4.501580317733824,45.0
600881.SH,20260901,1.89,1616000,3054240.0,-1.0471204188481686,11.8579332290629,38.71727748691099
600882.SH,20260901,19.99,7200,143928.0,-0.050000000000005596,0.9112892566823716,44.69999999999997
600883.SH,20260901,8.05,68900,554645.0,-0.49443757725585735,8.008975562866823,42.033374536464855
600884.SH,20260901,11.9,78500,934150.0,-0.1677852348993203,2.757776049448774,43.99328859060408
600885.SH,20260901,34.62,29900,1035138.0,-0.08658008658009031,4.082019320819904,44.48051948051946
600886.SH,20260901,13.71,38400,526464.0,0.07299270072993469,1.4959251876920623,45.43795620437961
600887.SH,20260901,26.43,247600,6544068.0,-0.26415094339622414,3.7344584591914507,43.415094339622655
600888.SH,20260901,10.54,223600,2356744.0,0.5725190839694472,4.28219367487813,48.435114503816685
600889.SH,20260901,13.63,1300,17719.0,0.5162241887905594,0.9220085080378754,48.09734513274336
600892.SH,20260901,4.86,2723000,13233780.0,9.954751131221728,338.3239112878176,100.0
600893.SH,20260901,38.44,51600,1983504.0,-0.5690636316606268,1.9361793373362808,41.58561821003624
600894.SH,20260901,7.34,11800,86612.0,0.0,1.2604540064754204,45.0
600895.SH,20260901,30.01,161500,4846615.0,-0.8261731658955718,10.224760212910722,40.04296100462657
600897.SH,20260901,15.0,9500,142500.0,-0.06662225183211579,4.454809335567219,44.6002664890073
600900.SH,20260901,28.02,509500,14276190.0,-0.24919900320399258,4.070512472695696,43.50480598077604
600901.SH,20260901,6.54,95100,621954.0,0.0,2.795636224885402,45.0
600903.SH,20260901,6.63,2738600,18156918.0,3.5937499999999956,31.79729816487589,66.56249999999997
600905.SH,20260901,3.69,425700,1570833.0,-0.5390835579514808,4.329688249563082,41.765498652291114
600906.SH,20260901,6.7,190100,1273670.0,-0.5934718100890191,4.699956173546145,41.43916913946589
600908.SH,20260901,5.54999,37499,208119.0,-0.3592459605026965,1.5361441047677162,42.84452423698382
600909.SH,20260901,8.27,451700,3735559.0,-0.6009615384615419,4.538677469981318,41.394230769230745
600916.SH,20260901,7.96,1068200,8502872.0,0.12578616352201255,16.947513090710892,45.75471698113208
600917.SH,20260901,4.91,37500,184125.0,0.4089979550102374,4.079892369281744,47.45398773006143
600918.SH,20260901,5.7,188200,1072740.0,0.17574692442881013,3.5482879237883562,46.05448154657286
600919.SH,20260901,12.04,272800,3284512.0,-0.41356492969396585,2.4039435233090316,42.51861042183621
600925.SH,20260901,4.41,106900,471429.0,0.0,4.678871875675512,45.0
600926.SH,20260901,16.68,268800,4483584.0,-0.298864315600722,4.562276452769249,43.20681410639567
600927.SH,20260901,12.85,13700,176045.0,-0.3875968992248069,1.1727642681001005,42.67441860465116
600928.SH,20260901,3.46,72400,250504.0,-0.2881844380403509,1.389981535957674,43.27089337175789
600930.SH,20260901,3.91,327900,1282089.0,-0.5089058524173073,4.141752165567668,41.94656488549616
600933.SH,20260901,13.38,44100,590058.0,-0.7418397626112738,6.166850803969607,40.548961424332354
600935.SH,20260901,2.32,21700,50344.0,-0.42918454935623185,1.002939231114321,42.42489270386261
600936.SH,20260901,5.15,397300,2046095.0,-0.5791505791505669,6.240644652695397,41.5250965250966
600938.SH,20260901,34.77,216900,7541613.0,0.17286084701815252,5.777753383950685,46.03716508210891
600939.SH,20260901,2.65,99100,262615.0,0.7604562737642651,5.233906273825644,49.56273764258559
600941.SH,20260901,99.0,14000,1386000.0,-0.05047955577990315,1.2534337131524165,44.69712266532058
600955.SH,20260901,12.96,3500,45360.0,-0.2309468822170868,1.1618589076553976,43.61431870669748
600956.SH,20260901,7.14,23700,169218.0,-0.6954102920723293,2.3124845893464916,40.827538247566025
600958.SH,20260901,9.16,199000,1822840.0,-0.32644178454841466,3.2543345368173715,43.04134929270951
600959.SH,20260901,3.12,267200,833664.0,-0.31948881789136685,6.21800835655261,43.0830670926518
600960.SH,20260901,4.09,17800,72802.0,0.0,2.021684076553963,45.0
600961.SH,20260901,27.53,217700,5993281.0,0.6581352833638032,7.05023926340841,48.948811700182816
600962.SH,20260901,25.25,39800,1004950.0,-1.2128325508607096,9.638175904119068,37.723004694835744
600963.SH,20260901,3.46,65500,226630.0,0.28985507246375164,2.220606491402158,46.73913043478251
600965.SH,20260901,2.77,15100,41827.0,-0.7168458781361964,1.3358227898068293,40.69892473118282
600966.SH,20260901,4.88,69900,341112.0,0.8264462809917328,3.5301146581472778,49.9586776859504
600967.SH,20260901,11.05,36500,403325.0,-0.27075812274367506,0.49438104940853583,43.37545126353795
600968.SH,20260901,3.96,262599,1039892.0,-0.25188916876575096,5.084733836877598,43.48866498740549
600969.SH,20260901,9.81,186700,1831527.0,0.0,4.770837172055397,45.0
600970.SH,20260901,7.66,19500,149370.0,-0.26041666666666297,0.9604552098589811,43.43750000000002
600971.SH,20260901,9.11,231800,2111698.0,-0.8705114254624613,5.073048301132723,39.77693144722523
600973.SH,20260901,6.31,18200,114842.0,-0.3159557661927437,0.9844515596204821,43.10426540284354
600975.SH,20260901,5.2,50800,264160.0,-0.19193857965450478,3.1950679839129488,43.848368522072974
600976.SH,20260901,27.52,1500,41280.0,-0.036324010170729615,0.9136926538889287,44.782055938975624
600977.SH,20260901,12.5,405100,5063750.0,-0.7936507936507908,10.945540706738784,40.238095238095255
600979.SH,20260901,3.95,60800,240160.0,0.2538071065989911,2.3600003215323557,46.52284263959395
600980.SH,20260901,19.9,7300,145270.0,-0.10040160642571516,2.3259403430806036,44.39759036144571
600981.SH,20260901,2.48,29700,73656.0,0.0,1.6234937728821788,45.0
600982.SH,20260901,4.88,33600,163968.0,0.411522633744843,1.8242918802923271,47.469135802469054
600983.SH,20260901,7.7,2100,16170.0,0.0,0.9884486600866265,45.0
600984.SH,20260901,3.88,686500,2663620.0,-2.020202020202022,10.765421544568534,32.87878787878787
600985.SH,20260901,18.5,249900,4623150.0,-1.2806830309498363,4.833149494919962,37.315901814300986
600986.SH,20260901,7.46,290500,2167130.0,0.0,2.4254216040616594,45.0
600987.SH,20260901,6.58,21700,142786.0,0.15220700152207556,3.1799953159510395,45.91324200913245
600988.SH,20260901,46.5,593100,27579150.0,-0.6622516556291425,12.872509412440968,41.02649006622514
600989.SH,20260901,24.29,479000,11634910.0,-0.04115226337448874,5.287659269664797,44.75308641975307
600990.SH,20260901,19.16,34000,651440.0,-0.1563314226159518,9.865479707587811,44.06201146430429
600992.SH,20260901,10.0,14800,148000.0,-0.3984063745019806,3.1765576910632376,42.609561752988114
600993.SH,20260901,23.01,9200,211692.0,-0.08684324793747367,3.2898882280009474,44.47894051237516
600995.SH,20260901,12.76,18500,236060.0,-0.0783085356303781,1.8839423665589838,44.53014878621773
600996.SH,20260901,7.12,374100,2663592.0,-0.835654596100277,14.559173987953717,39.98607242339834
600997.SH,20260901,5.82,22100,128622.0,-0.8517887563884163,1.1169372864401919,39.889267461669505
600998.SH,20260901,4.81,300899,1447324.0,-0.6198347107438051,6.786267000851367,41.28099173553717
600999.SH,20260901,18.6,170400,3169440.0,-0.5879208979155504,2.8075888795049146,41.4724746125067
601000.SH,20260901,4.56,74200,338352.0,0.0,1.0342814638024598,45.0
601001.SH,20260901,18.18,121100,2201598.0,-0.5470459518599591,3.858918789462316,41.717724288840245
601002.SH,20260901,5.61,151000,847110.0,0.0,7.660584358682141,45.0
601003.SH,20260901,3.82,545100,2082282.0,-0.520833333333337,17.710223436689084,41.87499999999998
601005.SH,20260901,1.21,271800,328878.0,0.0,2.704726454336344,45.0
601006.SH,20260901,4.75,252100,1197475.0,-0.21008403361344463,1.5750249300084753,43.73949579831933
601007.SH,20260901,6.94,16400,113816.0,-0.2873563218390718,1.9283722612385976,43.275862068965566
601008.SH,20260901,4.44,4100,18204.0,0.22573363431153126,0.35122037504177545,46.35440180586919
601009.SH,20260901,11.62,201400,2340268.0,-0.34305317324185847,2.8740207180539366,42.94168096054885
601010.SH,20260901,1.5,285200,427800.0,0.0,8.44622675579838,45.0
601011.SH,20260901,3.05,1079200,3291560.0,-0.9740259740259827,10.834971068965574,39.15584415584411
601012.SH,20260901,12.04,423900,5103756.0,-0.24855012427507095,5.902838268667043,43.50869925434957
601015.SH,20260901,3.83,1242000,4756860.0,-1.2886597938144284,11.882772175612867,37.26804123711343
601016.SH,20260901,3.34,213100,711754.0,-0.29850746268657025,2.9884718106690578,43.20895522388058
601018.SH,20260901,3.44,21300,73272.0,0.0,0.28501416324578294,45.0
601019.SH,20260901,6.91,88700,612917.0,-0.4322766570605263,6.211957062368032,42.40634005763684
601020.SH,20260901,23.37,86400,2019168.0,0.7327586206896664,4.202568239893007,49.396551724138
601021.SH,20260901,43.39,20400,885156.0,-0.43597980725103014,4.684936937677736,42.38412115649382
601022.SH,20260901,8.32,11300,94016.0,0.24096385542167198,2.100987752074506,46.44578313253003
601026.SH,20260901,15.78,23600,372408.0,0.5095541401273884,5.625092242205287,48.05732484076433
601033.SH,20260901,14.63,8300,121429.0,0.0,1.974092276267442,45.0
601038.SH,20260901,14.59,109700,1600523.0,0.13726835964309458,4.860388035657323,45.82361015785857
601058.SH,20260901,15.2,419200,6371840.0,0.0,5.225101212575619,45.0
601059.SH,20260901,16.77,25300,424281.0,-0.35650623885917776,1.6015145306186676,42.86096256684493
601061.SH,20260901,11.83,75000,887250.0,0.5097706032285432,5.13781707149905,48.05862361937126
601065.SH,20260901,6.9,2200,15180.0,-0.14471780028942893,0.3559187041351681,44.13169319826343
601066.SH,20260901,25.47,50600,1288782.0,-0.5078125000000044,2.9986421112885204,41.95312499999997
601068.SH,20260901,4.59,27000,123930.0,-0.4338394793926392,2.274941796055626,42.39696312364416
601069.SH,20260901,29.59,153600,4545024.0,-1.234979973297734,8.446628050943808,37.590120160213594
601077.SH,20260901,6.79,210800,1431332.0,-0.14705882352941124,2.1975216599891425,44.117647058823536
601083.SH,20260901,13.25,26600,352450.0,0.0,2.097155349342585,45.0
601086.SH,20260901,10.08,3904800,39360384.0,9.92366412213741,129.48276190866034,100.0
601088.SH,20260901,48.78,262100,12785238.0,0.0,8.086213350102877,45.0
601089.SH,20260901,16.3,5000,81500.0,0.06138735420504471,1.5141891506879612,45.36832412523027
601096.SH,20260901,4.18,30300,126654.0,-0.4761904761904856,1.9285618681837235,42.14285714285709
601098.SH,20260901,10.04,43700,438748.0,0.09970089730806375,2.7377692448427364,45.59820538384838
601099.SH,20260901,3.56,861100,3065516.0,-0.5586592178770999,3.738005324194089,41.6480446927374
601100.SH,20260901,102.01,4400,448844.0,-0.4780487804878053,1.3581659928517966,42.131707317073165
601101.SH,20260901,14.7,603800,8875860.0,-2.130492676431428,11.931075322088061,32.21704394141143
601106.SH,20260901,3.04,291000,884640.0,-0.6535947712418277,4.952700794845661,41.07843137254903
601107.SH,20260901,5.95,39500,235025.0,0.0,3.0571130503951416,45.0
601108.SH,20260901,8.84,329000,2908360.0,-0.5624296962879693,5.530601656860137,41.62542182227219
601111.SH,20260901,5.83,138100,805123.0,0.0,2.230005571503245,45.0
601112.SH,20260901,15.68,8200,128576.0,0.06381620931716903,1.7348929108826279,45.38289725590302
601113.SH,20260901,3.52,12900,45408.0,0.2849002849002913,1.2857399636228013,46.709401709401746
601116.SH,20260901,10.9,69500,757550.0,0.4608294930875667,2.4335843415521796,47.7649769585254
601117.SH,20260901,7.44,406900,3027336.0,0.0,4.556529821749237,45.0
601118.SH,20260901,6.49,1398900,9078861.0,0.0,8.181339407739078,45.0
601121.SH,20260901,7.43,31800,236274.0,0.26990553306343035,2.3793391263072046,46.619433198380584
601123.SH,20260901,23.0,3625419,83384637.0,245.86466165413535,42.139155531548276,100.0
601126.SH,20260901,42.27,37800,1597806.0,0.0,2.2238036991461927,45.0
601127.SH,20260901,49.6,68400,3392640.0,0.0,3.7643138911146954,45.0
601128.SH,20260901,6.18,248300,1534494.0,-0.1615508885298933,1.9833158398893067,44.030694668820644
601133.SH,20260901,25.62,24100,617442.0,0.0,1.9664608362155893,45.0
601136.SH,20260901,15.86,2438900,38680954.0,0.0,41.14018451532431,45.0
601137.SH,20260901,21.44,85900,1841696.0,0.4215456674472984,5.081464857421021,47.52927400468379
601138.SH,20260901,64.35,391788,25211558.0,-0.7557063541024145,5.315714026348051,40.46576187538551
601139.SH,20260901,6.4,77700,497280.0,-0.4665629860031051,2.316757170584273,42.20062208398137
601155.SH,20260901,11.43,983600,11242548.0,0.3511852502194879,29.25813057335893,47.10711150131693
601156.SH,20260901,19.07,14200,270794.0,0.15756302521008347,1.3447098906621857,45.9453781512605
601158.SH,20260901,4.11001,10699,43973.0,-0.4840193704600426,1.4373231436025162,42.09588377723974
601162.SH,20260901,3.83,1077600,4127208.0,-0.5194805194805197,4.677741999558507,41.883116883116884
601163.SH,20260901,12.44,6700,83348.0,-0.3205128205128305,1.3203916114102126,43.076923076923016
601166.SH,20260901,17.51,384800,6737848.0,-0.17103762827820335,2.23201726681133,43.97377423033078
601168.SH,20260901,40.81,1512800,61737368.0,3.5786802030457032,23.261785093879464,66.47208121827421
601169.SH,20260901,5.33,1961600,10455328.0,-0.37383177570092796,5.1234438328945915,42.75700934579443
601177.SH,20260901,13.69,37100,507899.0,-0.7971014492753725,2.2613808008561187,40.217391304347764
601179.SH,20260901,12.66,160500,2031930.0,0.0,3.174605307348002,45.0
601186.SH,20260901,6.07,48900,296823.0,0.0,1.431935989972439,45.0
601187.SH,20260901,7.33,44300,324719.0,-0.2721088435374108,1.8198961714427282,43.36734693877553
601188.SH,20260901,2.93,45800,134194.0,-0.340136054421758,3.2807029956308957,42.959183673469454
601198.SH,20260901,14.02,88500,1240770.0,-0.3553660270078196,2.8992161349260517,42.86780383795308
601199.SH,20260901,6.02,93100,560462.0,-0.33112582781458233,11.67063213949352,43.013245033112504
601200.SH,20260901,6.98,15400,107492.0,-0.28571428571427804,2.3138415737050195,43.285714285714334
601208.SH,20260901,52.2,325400,16985880.0,0.019160758766045838,4.9740897640454715,45.11496455259628
601211.SH,20260901,17.82,201300,3587166.0,-0.6688963210702448,2.9299620922678296,40.98662207357853
601212.SH,20260901,6.78,4711488,31943889.0,-1.3100436681222738,13.328344032491733,37.13973799126636
601216.SH,20260901,4.75,202900,963775.0,-0.8350730688935326,2.296556215809692,39.98956158663881
601218.SH,20260901,4.55,14900,67795.0,0.0,0.8849327418483525,45.0
601222.SH,20260901,5.82,436200,2538684.0,-0.17152658662091813,6.309198628011167,43.97084048027449
601225.SH,20260901,27.47,176100,4837467.0,-0.5430847212165135,3.9543516051667487,41.74149167270092
601226.SH,20260901,6.63,198100,1313403.0,0.6069802731411222,21.71343832105611,48.64188163884673
601228.SH,20260901,3.08,69200,213136.0,-0.3236245954692518,2.1142342375443586,43.05825242718449
601229.SH,20260901,9.47,428200,4055054.0,-0.10548523206750371,4.504138538427641,44.36708860759498
601231.SH,20260901,26.91,81500,2193165.0,-0.6644518272425293,3.0187336277507235,41.013289036544826
601233.SH,20260901,27.65,284600,7869190.0,-0.03615328994939215,4.703250258640393,44.78308026030365
601236.SH,20260901,6.93,34000,235620.0,0.0,1.2673194270709305,45.0
601238.SH,20260901,5.18,175400,908572.0,-0.7662835249042099,4.742366621395487,40.40229885057474
601279.SH,20260901,3.4,9700,32980.0,0.0,1.0150166449803548,45.0
601288.SH,20260901,6.9,1643200,11338080.0,-0.28901734104045396,4.216577410674499,43.26589595375728
601298.SH,20260901,9.08,17700,160716.0,-0.7650273224043769,1.7311719299125485,40.40983606557374
601311.SH,20260901,7.45007,6399,47673.0,-0.2668005354752312,0.12179571786459469,20.322426002775657
601318.SH,20260901,55.78,187700,10469906.0,-0.07165890361877647,1.7006005925835113,44.57004657828734
601319.SH,20260901,7.43,511800,3802674.0,-0.26845637583893245,2.003274549987309,43.389261744966404
601326.SH,20260901,3.52,42700,150304.0,0.0,0.9961277574673859,45.0
601328.SH,20260901,7.24,579700,4197028.0,0.0,2.5847883315867866,45.0
601330.SH,20260901,7.82,1422100,11120822.0,0.1280409731114096,23.04527032436334,45.768245838668456
601333.SH,20260901,3.05,179500,547475.0,0.3289473684210398,1.070696176911868,46.97368421052624
601336.SH,20260901,59.82,62600,3744732.0,-0.499001996007975,1.5507747351880545,42.00598802395215
601339.SH,20260901,7.86,47800,375708.0,0.0,3.3676959182162647,45.0
601360.SH,20260901,9.22,1665800,15358676.0,0.0,9.577464315157906,45.0
601366.SH,20260901,3.72,31300,116436.0,0.0,1.680062246972873,45.0
601368.SH,20260901,4.59,16000,73440.0,0.0,4.208945487794374,45.0
601369.SH,20260901,8.85,39600,350460.0,0.0,3.941021554259464,45.0
601375.SH,20260901,4.2,115700,485940.0,-0.23752969121139111,2.572585147954643,43.57482185273165
601377.SH,20260901,5.91,90900,537219.0,-0.16891891891891442,1.3879324871509175,43.98648648648651
601388.SH,20260901,3.47,337000,1169390.0,-0.8571428571428563,8.657157777642547,39.85714285714286
601390.SH,20260901,4.37,354699,1550035.0,-0.22831050228310223,3.4473351557804017,43.63013698630139
601398.SH,20260901,8.04,1330400,10696416.0,-0.3717472118959231,3.6882921812724634,42.76951672862446
601399.SH,20260901,3.18,124400,395592.0,-0.31347962382444194,1.4994680609080475,43.11912225705335
601456.SH,20260901,8.87,42900,380523.0,-0.11261261261262812,1.6244349773286553,44.32432432432423
601500.SH,20260901,4.0,23100,92400.0,0.25062656641603454,1.1635356832279644,46.50375939849621
601512.SH,20260901,8.0,58900,471200.0,-0.7444168734491385,6.142063851289893,40.53349875930517
601515.SH,20260901,3.47,42300,146781.0,-0.8571428571428563,3.375173813483757,39.85714285714286
601518.SH,20260901,2.8,23800,66640.0,-0.3558718861210064,1.3068150029814167,42.864768683273965
601519.SH,20260901,8.79,209600,1842384.0,-0.7900677200902928,4.45470389262728,40.25959367945824
601528.SH,20260901,5.07,75700,383799.0,-0.39292730844793233,3.170686286177703,42.6424361493124
601555.SH,20260901,8.37,789800,6610626.0,-1.5294117647058902,10.538307027395517,35.82352941176466
601566.SH,20260901,8.5,19800,168300.0,-0.7009345794392607,1.1775701640803735,40.794392523364436
601567.SH,20260901,14.2,29300,416060.0,0.07047216349542751,2.3051409085665853,45.422832980972565
601568.SH,20260901,3.84,39400,151296.0,-0.25974025974027093,1.8947696987431895,43.44155844155837
601577.SH,20260901,9.71,70700,686497.0,0.20639834881321928,2.1160780112629105,46.238390092879314
601579.SH,20260901,19.35,184200,3564270.0,0.0,7.8683046941747685,45.0
601588.SH,20260901,1.74,894000,1555560.0,-1.1363636363636354,20.275426251421617,38.18181818181819
601595.SH,20260901,19.25,1080800,20805400.0,5.019094380796507,33.0019902046139,75.11456628477904
601598.SH,20260901,6.82,35300,240746.0,0.0,1.680166168298652,45.0
601599.SH,20260901,3.34,3402200,11363348.0,0.0,48.434025823926504,45.0
601600.SH,20260901,9.8,1158200,11350360.0,0.3070624360286711,6.814416972218284,46.84237461617202
601601.SH,20260901,31.9,87000,2775300.0,-0.31250000000000444,1.1387598853640504,43.12499999999997
601606.SH,20260901,31.69,79800,2528862.0,-0.5647944775651115,1.6245139131637993,41.61123313460933
601607.SH,20260901,16.2,71300,1155060.0,-0.3076923076923088,5.8926487408645345,43.153846153846146
601608.SH,20260901,4.76,24300,115668.0,-0.20964360587001352,0.7243539103228341,43.74213836477992
601609.SH,20260901,13.6,244600,3326560.0,0.8154188287620379,5.974531751623634,49.89251297257223
601611.SH,20260901,10.69,74300,794267.0,-0.4655493482309203,3.5482118223851735,42.20670391061448
601615.SH,20260901,10.6,38100,403860.0,-0.2822201317027373,0.6783205915542744,43.306679209783574
601616.SH,20260901,3.88,37700,146276.0,0.2583979328165231,2.6540536280098057,46.55038759689914
601618.SH,20260901,2.55,812200,2071110.0,-0.3906250000000111,10.300058332731824,42.656249999999936
601619.SH,20260901,4.06,140500,570430.0,-0.4901960784313819,5.7183514190243985,42.05882352941171
601628.SH,20260901,38.42,136600,5248172.0,-0.2077922077922012,2.6318295834946692,43.75324675324679
601633.SH,20260901,15.18,13600,206448.0,0.0,1.1126391131689382,45.0
601636.SH,20260901,5.77,120900,697593.0,0.17361111111111605,2.70900320931561,46.0416666666667
601658.SH,20260901,5.24,2245000,11763800.0,-0.3802281368821214,5.010703488019326,42.71863117870727
601665.SH,20260901,6.97,969800,6759506.0,-0.8534850640113834,12.40236722348344,39.8790896159317
601666.SH,20260901,9.92,244900,2429408.0,-1.3916500994035852,4.464847705757397,36.65009940357849
601668.SH,20260901,4.33,1526900,6611477.0,0.0,6.413439082560279,45.0
601669.SH,20260901,4.61,250000,1152500.0,0.0,4.161173721781759,45.0
601677.SH,20260901,17.05,98500,1679425.0,0.35314891112421254,4.708241296819082,47.11889346674528
601678.SH,20260901,6.61,599200,3960712.0,-0.7507507507507505,4.4069962891995305,40.4954954954955
601686.SH,20260901,5.21,20200,105242.0,0.3853564547205979,2.6806961577545954,47.31213872832359
601688.SH,20260901,19.4,174500,3385300.0,-0.1029866117404854,3.1615873530200074,44.382080329557084
601689.SH,20260901,47.09,172365,8116668.0,0.5551996583386787,11.283589796683026,48.33119795003207
601696.SH,20260901,11.95,108400,1295380.0,-0.4995836802664466,2.4597754658210946,42.00249791840132
601698.SH,20260901,24.38,57600,1404288.0,-0.08196721311475308,4.288686196436919,44.50819672131148
601699.SH,20260901,17.6,369900,6510240.0,-1.949860724233976,7.095018614353885,33.30083565459614
601700.SH,20260901,7.91,2080900,16459919.0,-1.3715710723191998,10.054346963112039,36.7705735660848
601702.SH,20260901,16.0,27900,446400.0,-0.12484394506866447,3.496295477569996,44.250936329588015
601717.SH,20260901,14.11,142800,2014908.0,-0.8432888264230609,4.201020166440927,39.94026704146164
601718.SH,20260901,1.87,163800,306306.0,0.0,5.814121231107229,45.0
601727.SH,20260901,6.62,156900,1038678.0,-0.4511278195488799,3.7970271239744533,42.29323308270672
601728.SH,20260901,6.37,450600,2870322.0,0.0,5.080875139030207,45.0
601766.SH,20260901,6.2,180199,1117234.0,-0.3215434083601254,0.9141917551970449,43.070739549839246
601777.SH,20260901,8.29,45100,373879.0,-0.2406738868832914,2.0948696310529584,43.555956678700255
601778.SH,20260901,3.65,53100,193815.0,-0.2732240437158584,0.8436835124209006,43.360655737704846
601788.SH,20260901,14.67,78300,1148661.0,-0.33967391304348116,3.2246631464325826,42.96195652173911
601789.SH,20260901,4.29,118300,507507.0,-0.46403712296982924,3.6348724118650857,42.21577726218102
601798.SH,20260901,7.85,16000,125600.0,-0.3807106598984755,3.2642684983509858,42.715736040609144
601799.SH,20260901,77.36,29300,2266648.0,-1.3139431049878803,2.9039346787243674,37.11634137007272
601800.SH,20260901,5.93,80700,478551.0,0.0,3.408445398517516,45.0
601801.SH,20260901,5.18,115800,599844.0,-0.7662835249042099,5.492937436671136,40.40229885057474
601808.SH,20260901,12.88,54900,707112.0,-0.07757951900697613,4.6300715799799725,44.53452288595814
601811.SH,20260901,11.1,15000,166500.0,-0.35906642728905647,1.9799639304084418,42.84560143626566
601816.SH,20260901,4.89,545100,2665539.0,0.0,3.5986667153124223,45.0
601818.SH,20260901,2.96,1270100,3759496.0,-0.33670033670034627,4.573281974882158,42.97979797979792
601825.SH,20260901,8.9,306800,2730520.0,0.0,11.483030784848534,45.0
601827.SH,20260901,8.28,8500,70380.0,0.0,1.365715870594482,45.0
601828.SH,20260901,2.18,324400,707192.0,-0.45662100456620447,3.7771366732629152,42.260273972602775
601838.SH,20260901,18.93,78900,1493577.0,-0.6299212598425252,2.676907081244279,41.220472440944846
601857.SH,20260901,11.46,515900,5912214.0,0.3502626970227851,4.531894996267646,47.10157618213671
601858.SH,20260901,22.12,58200,1287384.0,0.09049773755656076,3.82504340641837,45.542986425339365
601860.SH,20260901,2.59,173500,449365.0,0.3875968992248069,1.9591425831330165,47.32558139534884
601865.SH,20260901,9.94,42600,423444.0,-0.8973080757726848,3.3519441630778575,39.61615154536389
601866.SH,20260901,2.43,99200,241056.0,0.0,1.3616580685979311,45.0
601868.SH,20260901,2.48,675600,1675488.0,-0.40160642570281624,3.336224111088827,42.5903614457831
601869.SH,20260901,412.38,62800,25897464.0,-1.4788446376950093,5.917112863597883,36.12693217382994
601872.SH,20260901,18.57,236220,4386605.0,-0.9599999999999942,3.072445892092659,39.24000000000004
601877.SH,20260901,25.67,93000,2387310.0,-0.038940809968834866,4.91041048819301,44.76635514018699
601878.SH,20260901,9.37,72300,677451.0,-0.21299254526092604,2.3435533672721474,43.72204472843444
601880.SH,20260901,1.46,260900,380914.0,0.6896551724137945,2.1635036807120813,49.13793103448277
601881.SH,20260901,12.32,88200,1086624.0,-0.3236245954692518,2.7239356140819275,43.05825242718449
601882.SH,20260901,22.2,493900,10964580.0,1.3235965312642595,20.973484150747577,52.94157918758556
601886.SH,20260901,13.9,481500,6692850.0,1.3858497447118756,15.565733748131798,53.31509846827125
601888.SH,20260901,52.5,72000,3780000.0,0.038109756097570724,2.680999454297455,45.22865853658543
601890.SH,20260901,8.76,40900,358284.0,-0.454545454545463,1.9251923360016985,42.272727272727224
601898.SH,20260901,15.87,265200,4208724.0,-1.9765287214329907,4.333170806636319,33.14082767140206
601899.SH,20260901,33.67,1128600,37999962.0,0.0,7.066550159965749,45.0
601900.SH,20260901,11.9,53100,631890.0,0.7620660457239525,1.3664396074758693,49.57239627434372
601901.SH,20260901,6.86,138800,952168.0,-0.29069767441859407,2.3312335766854586,43.255813953488435
601908.SH,20260901,3.0,80400,241200.0,-0.6622516556291425,2.8562261377966878,41.02649006622514
601916.SH,20260901,2.9,580500,1683450.0,0.0,1.9668426420583833,45.0
601918.SH,20260901,10.99,152700,1678173.0,-0.9017132551848439,2.4186229736093434,39.58972046889094
601919.SH,20260901,17.01,402900,6853329.0,0.05882352941177782,4.6318775491367505,45.352941176470665
601921.SH,20260901,7.41,65100,482391.0,-0.9358288770053513,5.128764424108377,39.38502673796789
601928.SH,20260901,8.58,53400,458172.0,-0.5793742757821629,3.3098322328299363,41.523754345307026
601929.SH,20260901,2.55,11652000,29712600.0,-0.7782101167315147,31.380896182022013,40.33073929961091
601933.SH,20260901,3.1,469200,1454520.0,0.3236245954692629,0.9997285071634621,46.94174757281558
601939.SH,20260901,10.91,1060800,11573328.0,-0.6375227686703178,8.893262764195228,41.17486338797809
601949.SH,20260901,5.29,56700,299943.0,-0.37664783427494575,3.1465660726737243,42.740112994350326
601952.SH,20260901,9.21,969600,8930016.0,0.10869565217392907,14.775739619914255,45.652173913043576
601956.SH,20260901,5.05,50900,257045.0,0.1984126984126977,10.41597483811364,46.19047619047619
601958.SH,20260901,22.59,210000,4743900.0,-0.13262599469496816,6.479085077960278,44.20424403183019
601963.SH,20260901,11.19,57400,642306.0,0.0,2.399490788206309,45.0
601965.SH,20260901,14.33,17200,246476.0,0.0,1.9046262405144145,45.0
601966.SH,20260901,11.18,8400,93912.0,0.08952551477170445,0.8760574675116329,45.53715308863023
601968.SH,20260901,4.62,61300,283206.0,0.2169197396963085,5.351566874215635,46.30151843817785
601969.SH,20260901,9.64,93500,901340.0,0.0,4.24219490545027,45.0
601975.SH,20260901,4.24,463600,1965664.0,0.23640661938533203,3.6360737433529424,46.418439716311994
601985.SH,20260901,8.85,438100,3877185.0,-0.4499437570303799,6.929944706666676,42.30033745781772
601988.SH,20260901,6.51,2890500,18817155.0,0.0,8.80743407551821,45.0
601990.SH,20260901,6.77,123900,838803.0,-0.4411764705882337,4.181599642489465,42.352941176470594
601991.SH,20260901,5.85,1172800,6860880.0,0.0,6.433559545875698,45.0
601992.SH,20260901,1.4,659400,923160.0,-0.7092198581560294,12.261452971551494,40.744680851063826
601995.SH,20260901,34.54,105000,3626700.0,-0.5470774546501467,5.472224972769581,41.71753527209912
601996.SH,20260901,2.7,43800,118260.0,0.3717472118959231,1.4244407705880082,47.23048327137554
601997.SH,20260901,5.51,152400,839724.0,0.0,1.7295601334836235,45.0
601998.SH,20260901,8.91,756400,6739524.0,0.6779661016949268,11.134569226520156,49.06779661016956
601999.SH,20260901,6.24,85300,532272.0,-1.2658227848101222,7.545374675202589,37.405063291139264
603000.SH,20260901,17.0,148100,2517700.0,-1.1052937754508552,5.879541425567014,38.368237347294865
603001.SH,20260901,9.28,270300,2508384.0,2.7685492801771794,10.494645669504154,61.611295681063076
603002.SH,20260901,17.55,373700,6558435.0,0.05701254275942702,5.815823572932038,45.34207525655656
603004.SH,20260901,,0,0.0,,0.0,0.0
603005.SH,20260901,30.96,90100,2789496.0,0.1293661060802087,4.240871328559392,45.77619663648125
603006.SH,20260901,11.03,2600,28678.0,0.0,0.5241723165952539,45.0
603007.SH,20260901,5.08,621600,3157728.0,0.19723865877712132,13.583575648402968,46.18343195266273
603008.SH,20260901,8.54,48900,417606.0,-0.11695906432750425,5.427742673637213,44.298245614034975
603009.SH,20260901,47.68,24500,1168160.0,-0.16750418760468344,4.813155195005117,43.9949748743719
603010.SH,20260901,12.1,20200,244420.0,-0.5751848808545623,2.8708812860871613,41.54889071487263
603011.SH,20260901,26.95,278100,7494795.0,0.5597014925373012,6.139752174080994,48.35820895522381
603012.SH,20260901,10.4,262600,2731040.0,-0.4784688995215225,6.252115409237471,42.12918660287087
603013.SH,20260901,14.67,40300,591201.0,-0.5423728813559348,4.928634419685499,41.745762711864394
603014.SH,20260901,31.88,27500,876700.0,1.1421319796954377,16.851789996672125,51.852791878172624
603015.SH,20260901,11.27,21400,241178.0,0.0,4.224745131964735,45.0
603016.SH,20260901,32.48,77200,2507456.0,1.1207970112079746,9.705038557004698,51.724782067247844
603017.SH,20260901,10.09,16000,161440.0,-0.4930966469428033,3.4680460713938013,42.04142011834318
603018.SH,20260901,5.26,18200,95732.0,-0.1897533206831059,2.5852767715506997,43.86148007590136
603019.SH,20260901,88.0,182100,16024800.0,-0.3058796873229852,6.740925261568622,43.16472187606209
603020.SH,20260901,10.31,15700,161867.0,0.0970873786407811,1.6256113768352,45.58252427184469
603021.SH,20260901,5.38,58400,314192.0,-0.7380073800738018,4.079555910724579,40.57195571955719
603022.SH,20260901,9.31,30800,286748.0,0.0,10.176637492725916,45.0
603023.SH,20260901,4.26,57900,246654.0,-0.4672897196261738,5.878922147553428,42.196261682242955
603025.SH,20260901,13.76,9900,136224.0,-0.14513788098693414,1.1634052676780953,44.12917271407839
603026.SH,20260901,63.2,20000,1264000.0,0.7171314741035939,3.561825159352719,49.30278884462156
603027.SH,20260901,7.32,32100,234972.0,-0.27247956403269047,1.2388990512392835,43.365122615803855
603028.SH,20260901,7.19,38000,273220.0,0.1392757660167332,6.152401529656086,45.8356545961004
603029.SH,20260901,16.58,336200,5574196.0,-1.48544266191325,18.5945509006765,36.087344028520505
603030.SH,20260901,2.14,170500,364870.0,-0.46511627906975495,5.715350602776272,42.20930232558147
603031.SH,20260901,40.4,8900,359560.0,-0.7371007371007487,1.0226716660737298,40.57739557739551
603032.SH,20260901,20.1,42800,860280.0,0.0,4.770022911114021,45.0
603033.SH,20260901,7.49,118300,886067.0,-1.4473684210526194,18.16734803080941,36.31578947368428
603035.SH,20260901,10.8,12500,135000.0,0.0,2.4053840834452327,45.0
603036.SH,20260901,15.96,36500,582540.0,0.0,4.823246927465276,45.0
603037.SH,20260901,10.51,3800,39938.0,0.3820439350525229,1.2710299314214142,47.29226361031514
603038.SH,20260901,17.84,43400,774256.0,-0.5574136008918651,4.512813724167737,41.65551839464881
603039.SH,20260901,41.97,187000,7848390.0,-0.047630388187669404,8.671713402428244,44.714217670873985
603040.SH,20260901,51.11,3000,153330.0,0.01956947162427003,1.657224156563099,45.11741682974562
603041.SH,20260901,11.56,30200,349112.0,0.2601908065915204,10.749034467529425,46.56114483954912
603042.SH,20260901,14.4,54400,783360.0,0.9817671809256634,8.633521970101471,50.89060308555398
603043.SH,20260901,13.86,1800,24948.0,0.07220216606498298,0.3956441526250763,45.4332129963899
603045.SH,20260901,58.82,76100,4476202.0,0.0,7.183885210649397,45.0
603048.SH,20260901,23.64,21100,498804.0,0.9824861170439902,6.659409463844803,50.89491670226394
603049.SH,20260901,50.78,3800,192964.0,-0.3140950137416554,0.8589721707377102,43.11542991755007
603050.SH,20260901,18.05,1500,27075.0,0.6131549609810438,0.819117348793509,48.67892976588627
603051.SH,20260901,21.52,34300,738136.0,1.1278195488721776,5.689101927995869,51.766917293233064
603052.SH,20260901,60.41,18100,1093421.0,0.49908501081350476,4.024378150191354,47.99451006488103
603053.SH,20260901,8.84,3400,30056.0,0.22675736961450532,1.0064014107835162,46.360544217687035
603055.SH,20260901,9.47,31100,294517.0,0.0,2.122187310272904,45.0
603057.SH,20260901,19.79,23400,463086.0,-0.5027652086475709,7.321220307728208,41.98340874811458
603058.SH,20260901,10.75,1198000,12878500.0,4.166666666666674,27.02366778715828,70.00000000000004
603059.SH,20260901,25.09,8800,220792.0,-0.43650793650793496,8.513507411820408,42.380952380952394
603060.SH,20260901,5.58,38400,214272.0,0.0,6.8033835428110505,45.0
603061.SH,20260901,344.28,11300,3890364.0,0.6137120813606733,3.584339436061216,48.68227248816404
603062.SH,20260901,40.0,2900,116000.0,1.0356150543066267,10.040821131427423,51.213690325839764
603063.SH,20260901,32.15,35700,1147755.0,0.0,2.8038103092115017,45.0
603065.SH,20260901,17.32,124500,2156340.0,-0.9719839908519101,4.409122473047216,39.16809605488854
603066.SH,20260901,9.18,15500,142290.0,-0.5417118093174467,2.694129252086317,41.74972914409532
603067.SH,20260901,36.8,454300,16718240.0,3.3707865168539186,17.376276678604263,65.22471910112351
603068.SH,20260901,40.41,392300,15852843.0,2.798270160264549,22.43605414984045,61.78962096158729
603069.SH,20260901,13.23,11800,156114.0,-0.30143180105500766,2.57523086622882,43.191409193669955
603070.SH,20260901,11.88,7300,86724.0,0.5076142131979822,2.2558392901009743,48.04568527918789
603071.SH,20260901,12.62,4800,60576.0,-0.39463299131807794,1.0814209888932265,42.63220205209153
603072.SH,20260901,32.1,5900,189390.0,-0.6499535747446661,4.433318064810199,41.100278551532
603073.SH,20260901,17.16,8100,138996.0,0.0,6.634171970895479,45.0
603075.SH,20260901,19.32,5900,113988.0,-0.25813113061435855,3.0070916268110337,43.451213216313846
603076.SH,20260901,20.72,2100,43512.0,0.048285852245277816,1.2972530118901444,45.289715113471665
603077.SH,20260901,2.37,895300,2121861.0,-0.42016806722687816,3.2817738354592687,42.47899159663873
603078.SH,20260901,36.15,47800,1727970.0,0.0,2.1372796419939033,45.0
603079.SH,20260901,13.06,20900,272954.0,-0.9855951478392688,1.7855474757000331,39.08642911296439
603080.SH,20260901,20.25,8300,168075.0,-0.3935071323167616,2.212134331036298,42.638957206099434
603081.SH,20260901,9.93,2700,26811.0,0.10080645161290036,1.0263388303128989,45.6048387096774
603082.SH,20260901,44.43,39200,1741656.0,-0.3811659192825112,4.9785251977509475,42.71300448430493
603083.SH,20260901,189.0,85800,16216200.0,0.7462686567164312,4.039322567310088,49.47761194029859
603085.SH,20260901,10.21,31900,325699.0,-0.6809338521400643,5.597239873450091,40.91439688715961
603086.SH,20260901,6.16,4321200,26618592.0,-3.749999999999998,74.3274467153965,22.500000000000014
603087.SH,20260901,68.92,13600,937312.0,-0.014507471347746659,1.4437182532087944,44.912955171913524
603088.SH,20260901,10.62,10500,111510.0,0.0,0.9762767977518685,45.0
603089.SH,20260901,10.3,135100,1391530.0,-1.5296367112810683,11.649423812162997,35.822179732313586
603090.SH,20260901,42.2,58500,2468700.0,0.16615238547352806,7.641993135820423,45.99691431284117
603091.SH,20260901,52.35,2100,109935.0,0.0,3.438966716489219,45.0
603092.SH,20260901,43.18,6200,267716.0,-0.06942837306179728,5.077252791966548,44.58342976162922
603093.SH,20260901,13.2,192275,2538030.0,-0.5275056518462717,4.723975167618032,41.83496608892237
603095.SH,20260901,16.2,36200,586440.0,-1.2195121951219523,3.1454346617770867,37.68292682926828
603096.SH,20260901,15.46,15800,244268.0,0.0,4.344536074644746,45.0
603097.SH,20260901,19.6,7100,139160.0,1.5544041450777257,3.8965113902957604,54.326424870466354
603098.SH,20260901,10.59,26000,275340.0,0.18921475875117721,4.551625089184344,46.13528855250706
603099.SH,20260901,39.81,23900,951459.0,0.0,3.4527383935543106,45.0
603100.SH,20260901,18.81,6800,127908.0,-0.42350449973531656,1.4609052456843943,42.4589730015881
603101.SH,20260901,7.59,87901,667169.0,1.0652463382157196,5.795073366371129,51.39147802929432
603102.SH,20260901,39.87,18400,733608.0,0.25144581342719796,5.761607120263457,46.50867488056319
603103.SH,20260901,15.51,105000,1628550.0,-1.6487000634115345,9.436585519506066,35.107799619530795
603105.SH,20260901,7.56,66700,504252.0,-0.7874015748031593,2.469303459977713,40.27559055118105
603106.SH,20260901,7.89,113400,894726.0,-0.7547169811320864,2.8377649235622004,40.47169811320748
603107.SH,20260901,12.15,6200,75330.0,-0.0822368421052655,3.311538198283196,44.50657894736841
603108.SH,20260901,9.95,59400,591030.0,0.8105369807497542,2.9036056997490522,49.86322188449853
603109.SH,20260901,17.8,24000,427200.0,0.5649717514124353,7.315428126612183,48.38983050847461
603110.SH,20260901,24.06,13500,324810.0,0.04158004158003603,1.309203663056806,45.249480249480214
603111.SH,20260901,6.27,27000,169290.0,0.31999999999998696,3.0683602163907167,46.91999999999992
603112.SH,20260901,17.0,107200,1822400.0,0.47281323877068626,6.435772748414586,47.836879432624116
603113.SH,20260901,5.92,1209900,7162608.0,-2.471169686985175,14.962652278961517,30.172981878088947
603115.SH,20260901,83.55,373800,31230990.0,10.00658327847268,25.216042455060677,100.0
603116.SH,20260901,6.49,2000,12980.0,-0.4601226993864893,0.5088169789638676,42.23926380368106
603117.SH,20260901,4.09,24000,98160.0,0.49140049140048436,3.23015687090992,47.94840294840291
603118.SH,20260901,18.53,1499400,27783882.0,-0.37634408602150726,13.808966750782819,42.741935483870954
603119.SH,20260901,51.48,17600,906048.0,0.3117692907248504,2.9761801232268414,46.8706157443491
603120.SH,20260901,46.61,3700,172457.0,-0.8086826984464834,2.470623162141212,40.1479038093211
603121.SH,20260901,13.51,53400,721434.0,0.2969561989606406,5.39260246203681,46.781737193763846
603122.SH,20260901,11.95,18800,224660.0,-0.25041736227046085,0.9682315246461598,43.49749582637723
603123.SH,20260901,9.58,114900,1100742.0,0.9483667017913477,2.013301428213582,50.69020021074809
603124.SH,20260901,125.45,10600,1329770.0,0.0,3.2129934317447244,45.0
603125.SH,20260901,23.5,18000,423000.0,0.5562687205819428,5.698823330400707,48.337612323491655
603126.SH,20260901,6.23,4200,26166.0,-0.31999999999999806,0.5997918539344773,43.08000000000001
603127.SH,20260901,46.41,255800,11871678.0,-0.12911555842479716,7.897371449201552,44.22530664945122
603128.SH,20260901,5.61,19000,106590.0,-0.3552397868561208,2.221433370347497,42.868561278863275
603129.SH,20260901,297.01,1100,326711.0,-0.2384791078866133,0.7393416870715009,43.56912535268032
603130.SH,20260901,39.56,700,27692.0,0.0,0.7000377270079368,45.0
603131.SH,20260901,14.78,6400,94592.0,-0.06761325219742931,1.4441183877237724,44.59432048681543
603132.SH,20260901,20.28,79100,1604148.0,2.9441624365482255,4.680736532078232,62.66497461928935
603135.SH,20260901,9.27,65200,604404.0,-0.42964554242750363,7.901905215966832,42.42212674543498
603136.SH,20260901,9.25,22000,203500.0,-0.3232758620689613,4.193246301870998,43.060344827586235
603137.SH,20260901,22.9,217698,4985284.0,2.0044543429843964,14.76114282802748,57.02672605790638
603138.SH,20260901,12.99,19400,252006.0,-0.6880733944954143,3.4728601134796175,40.871559633027516
603139.SH,20260901,39.0,83600,3260400.0,2.3890784982935065,14.30205824182031,59.33447098976104
603150.SH,20260901,57.68,10100,582568.0,1.3708260105448122,4.229186007792017,53.22495606326888
603151.SH,20260901,16.79,11900,199801.0,0.0,1.460663013994178,45.0
603153.SH,20260901,13.34,3500,46690.0,-0.07490636704119424,2.5561535303880065,44.550561797752835
603155.SH,20260901,14.04,16000,224640.0,-0.0711743772242146,2.6171329213314007,44.57295373665471
603156.SH,20260901,42.88,96200,4125056.0,0.09337068160597539,7.328010070243894,45.56022408963585
603158.SH,20260901,11.44,94600,1082224.0,0.35087719298245723,5.426355932264154,47.10526315789474
603159.SH,20260901,24.68,24500,604660.0,1.1475409836065653,6.097555257090269,51.885245901639394
603160.SH,20260901,51.5,31900,1642850.0,-0.5983400887859536,5.051572268006263,41.40995946728428
603161.SH,20260901,15.76,6300,99288.0,0.0,2.095895051234362,45.0
603162.SH,20260901,12.47,361100,4502917.0,0.0,11.258338793715794,45.0
603163.SH,20260901,80.41,10900,876469.0,0.0,5.985838310075451,45.0
603165.SH,20260901,14.59,13700,199883.0,0.6901311249137398,2.500066915935824,49.14078674948244
603166.SH,20260901,11.4,43900,500460.0,0.0,6.025737433722878,45.0
603167.SH,20260901,8.15,6900,56235.0,0.0,1.3727820635056527,45.0
603168.SH,20260901,5.91,71900,424929.0,0.5102040816326481,5.943120955222752,48.06122448979589
603169.SH,20260901,6.47,27400,177278.0,0.0,2.4485255167399447,45.0
603170.SH,20260901,12.37,8400,103908.0,0.32441200324411223,2.303987653882996,46.94647201946467
603171.SH,20260901,45.45,209300,9512685.0,0.022007042253524567,13.686454260758682,45.13204225352115
603172.SH,20260901,18.87,20200,381174.0,0.10610079575597009,3.7096968494058347,45.63660477453582
603173.SH,20260901,31.45,8900,279905.0,-0.1270244522070474,14.459361525467937,44.23785328675771
603175.SH,20260901,93.37,1200,112044.0,-0.34155192656633027,0.7381515441247636,42.95068844060202
603176.SH,20260901,5.38,19500,104910.0,-0.5545286506469571,3.4047420452734305,41.67282809611826
603177.SH,20260901,10.94,18300,200202.0,-0.9954751131221795,3.7788037951797064,39.027149321266926
603178.SH,20260901,17.97,730400,13125288.0,0.6722689075630006,26.83836210973778,49.033613445378
603179.SH,20260901,40.18,45100,1812118.0,1.4902753220510156,2.2866934113295705,53.941651932306094
603180.SH,20260901,15.7,10500,164850.0,-0.06365372374285139,8.737599472680438,44.61807765754289
603181.SH,20260901,13.22,84100,1111802.0,0.9931245225363039,23.868208738810026,50.95874713521782
603182.SH,20260901,13.81,20500,283105.0,-0.6474820143884896,6.109449403311988,41.115107913669064
603183.SH,20260901,4.83,21500,103845.0,0.0,2.1167139068888443,45.0
603185.SH,20260901,15.0,48300,724500.0,0.1335113484646211,5.2287124717371665,45.80106809078772
603186.SH,20260901,180.91,97200,17584452.0,-0.8712328767123356,5.492724971105109,39.77260273972598
603187.SH,20260901,11.08,20700,229356.0,-0.27002700270026825,3.4424820500308115,43.37983798379839
603188.SH,20260901,4.85,133300,646505.0,0.20661157024792765,3.2545352264644656,46.23966942148756
603189.SH,20260901,9.46,8500,80410.0,-0.21097046413501852,4.67378997751338,43.73417721518989
603190.SH,20260901,16.97,13000,220610.0,-0.05889281507657218,4.127054461124002,44.64664310954057
603191.SH,20260901,14.8,43000,636400.0,-0.5376344086021501,2.9991691066844273,41.7741935483871
603192.SH,20260901,20.91,3500,73185.0,-0.3811338732729763,1.7871116685828334,42.713196760362145
603193.SH,20260901,20.6,3600,74160.0,-0.4349927501208328,0.9698816818894017,42.390043499275
603194.SH,20260901,33.92,6400,217088.0,0.08852168781352532,4.341462783457844,45.53113012688115
603195.SH,20260901,38.71,8600,332906.0,-0.3603603603603567,2.438380403163881,42.83783783783786
603196.SH,20260901,19.44,1100,21384.0,-0.917431192660545,0.8054606192132943,39.49541284403673
603197.SH,20260901,29.72,14600,433912.0,-0.10084033613445564,3.3209517328819396,44.394957983193265
603198.SH,20260901,39.84,30000,1195200.0,-1.0677924012912787,3.310810450137728,38.59324559225233
603199.SH,20260901,34.01,15600,530556.0,-0.29316915860452264,5.69436326555048,43.24098504837286
603200.SH,20260901,42.08,68000,2861440.0,-0.6140765233821566,5.577085449533087,41.31554085970706
603201.SH,20260901,16.4,121300,1989320.0,0.18326206475258733,15.37836988196986,46.099572388515526
603202.SH,20260901,52.4,900,47160.0,-0.09532888465205724,0.8575503884043185,44.428026692087656
603203.SH,20260901,45.14,19500,880230.0,-0.3311989401633908,2.208394810081772,43.012806359019656
603205.SH,20260901,22.23,400,8892.0,-0.17961383026492417,0.14115536843773582,24.3302833372029
603206.SH,20260901,14.13,3500,49455.0,0.35511363636364646,1.431906152427778,47.13068181818188
603207.SH,20260901,23.09,10400,240136.0,0.0,1.6202643974940338,45.0
603208.SH,20260901,11.57,33000,381810.0,0.0,17.1129612764626,45.0
603209.SH,20260901,14.23,4800,68304.0,-0.3501400560223966,1.2926069539809102,42.89915966386562
603210.SH,20260901,13.7,3600,49320.0,-0.363636363636366,1.4174566046177817,42.818181818181806
603211.SH,20260901,22.14,29600,655344.0,0.6821282401091588,6.770108801866652,49.092769440654955
603212.SH,20260901,11.62,6900,80178.0,0.0,1.1696618615482612,45.0
603213.SH,20260901,14.16,15200,215232.0,0.2832861189801861,5.686583217720691,46.69971671388112
603214.SH,20260901,13.94,20800,289952.0,0.0,7.891937032711478,45.0
603215.SH,20260901,14.74,19100,281534.0,0.7518796992481258,11.604194316898447,49.51127819548876
603216.SH,20260901,23.0,318600,7327800.0,1.5452538631346657,24.35631301620141,54.271523178807996
603217.SH,20260901,30.08,13200,397056.0,-0.2321724709784423,3.5411741810323454,43.60696517412934
603218.SH,20260901,9.3,17700,164610.0,0.21551724137931494,2.4216612234089503,46.293103448275886
603219.SH,20260901,13.55,16500,223575.0,-0.8052708638360162,6.118504827071336,40.1683748169839
603220.SH,20260901,19.19,304600,5845274.0,1.5881418740074205,18.763223761200255,54.528851244044525
603221.SH,20260901,29.52,1097300,32392296.0,6.301764494058326,118.68764352666425,82.81058696434997
603222.SH,20260901,7.95,9500,75525.0,-0.6249999999999978,0.7917176552754089,41.250000000000014
603223.SH,20260901,10.4,9500,98800.0,0.19267822736031004,1.3548762496762112,46.15606936416186
603225.SH,20260901,21.2,56500,1197800.0,0.8083689966714047,3.1735541548377393,49.85021398002843
603226.SH,20260901,37.9,13600,515440.0,-0.15806111696523573,3.5312285350559627,44.051633298208586
603227.SH,20260901,7.7,3900,30030.0,0.0,0.5390318858092452,45.0
603228.SH,20260901,96.49,73800,7120962.0,0.0,1.9384260595284661,45.0
603229.SH,20260901,7.77,40000,310800.0,0.5174644243208126,7.5184019418958155,48.104786545924874
603230.SH,20260901,9.24,10300,95172.0,0.0,1.0202401770929066,45.0
603231.SH,20260901,16.63,4200,69846.0,-0.299760191846532,1.2240856437235694,43.20143884892081
603232.SH,20260901,15.4,26500,408100.0,0.26041666666667407,3.3559019452324037,46.56250000000004
603233.SH,20260901,18.43,31700,584231.0,-0.10840108401083404,3.9451450543140396,44.349593495935
603235.SH,20260901,23.71,11500,272665.0,-0.12636899747261454,12.765222527278572,44.241786015164315
603236.SH,20260901,61.67,347320,21419224.0,0.04866969500325613,14.654479533519497,45.29201817001954
603237.SH,20260901,15.6,32000,499200.0,-0.31948881789137795,4.396911180465221,43.08306709265173
603238.SH,20260901,12.44,9800,121912.0,-0.08032128514056103,2.2070554845298016,44.518072289156635
603239.SH,20260901,14.46,600,8676.0,0.13850415512466352,0.20569723979008733,37.8565280929637
603248.SH,20260901,18.02,3400,61268.0,0.0,1.2094461081094952,45.0
603255.SH,20260901,31.89,15500,494295.0,-0.9934802856255809,5.631188510071904,39.03911828624651
603256.SH,20260901,150.21,135800,20398518.0,1.8027787190782796,6.393577598435867,55.81667231446968
603257.SH,20260901,66.35,1900,126065.0,0.0,1.5805777245099604,45.0
603258.SH,20260901,13.26,23100,306306.0,-0.22573363431150906,5.799844526312232,43.64559819413095
603259.SH,20260901,154.7,200300,30986410.0,-0.05168626437525026,6.878117320977791,44.6898824137485
603260.SH,20260901,34.7,26620,923714.0,-0.05760368663593196,4.326991137241342,44.654377880184406
603261.SH,20260901,56.55,25400,1436370.0,0.7303170644816559,8.184702717285745,49.381902386889934
603262.SH,20260901,18.81,8500,159885.0,-0.9478672985781977,0.6988452306497849,39.31279620853081
603266.SH,20260901,16.53,58900,973617.0,-0.3015681544028759,13.667311332490737,43.190591073582745
603267.SH,20260901,49.49,14500,717605.0,0.0,3.261317897469361,45.0
603268.SH,20260901,194.0,19700,3821800.0,-0.11841631055964363,2.539577058804731,44.28950213664214
603269.SH,20260901,25.86,1355300,35048058.0,5.983606557377064,12.612032995251905,80.90163934426238
603270.SH,20260901,31.0,265800,8239800.0,2.4793388429751984,21.862239680670257,59.87603305785119
603271.SH,20260901,41.91,4200,176022.0,0.07163323782233277,1.9456863655095562,45.429799426934
603272.SH,20260901,15.94,63400,1010596.0,-1.055245189323406,13.32020129742912,38.66852886405957
603273.SH,20260901,15.06,13900,209334.0,0.0,5.152978733051657,45.0
603275.SH,20260901,37.0,2500,92500.0,-0.1618996222342184,2.6929944674830524,44.02860226659469
603276.SH,20260901,15.68,9400,147392.0,1.2919896640826822,1.9264757104954224,52.751937984496095
603277.SH,20260901,11.72,17000,199240.0,-0.5937234944868419,5.174833344471363,41.43765903307895
603278.SH,20260901,9.41,21500,202315.0,0.64171122994654,3.453174407146459,48.85026737967924
603279.SH,20260901,11.24,30800,346192.0,-0.2661934338952898,2.6865099473782643,43.40283939662826
603280.SH,20260901,26.78,14500,388310.0,-0.4460966542750855,5.8381808306111616,42.323420074349485
603281.SH,20260901,19.75,13600,268600.0,-0.2525252525252597,6.139098673806123,43.48484848484844
603282.SH,20260901,17.43,19100,332913.0,-0.22896393817972704,5.733887793041637,43.62621637092164
603283.SH,20260901,49.77,95100,4733127.0,1.199674664497774,5.56544084303191,52.198047986986644
603284.SH,20260901,41.99,10400,436696.0,0.40650406504065817,8.074396510527079,47.43902439024395
603285.SH,20260901,34.44,29700,1022868.0,1.5030946065428763,6.55368941809894,54.018567639257256
603286.SH,20260901,45.87,41800,1917366.0,-0.2826086956521756,7.231302271637693,43.304347826086946
603288.SH,20260901,33.6,46200,1552320.0,-0.0892060660124927,2.908774961869549,44.46476360392504
603289.SH,20260901,8.9,12800,113920.0,-0.22421524663677195,3.900859144366133,43.65470852017937
603290.SH,20260901,91.11,16000,1457760.0,-0.09868421052632304,2.7624443664528666,44.40789473684206
603291.SH,20260901,8.98,800,7184.0,0.3351955307262733,0.19927361660033552,37.88042417241803
603293.SH,20260901,36.0,7600,273600.0,0.3904071388733943,1.3837668050285115,47.34244283324037
603296.SH,20260901,80.96,115400,9342784.0,-0.7843137254901933,7.304585471937708,40.29411764705884
603297.SH,20260901,115.86,15900,1842174.0,0.0,5.120384731937947,45.0
603298.SH,20260901,26.03,11700,304551.0,0.03843197540354115,2.292715296909345,45.23059185242125
603299.SH,20260901,8.98,11300,101474.0,0.0,2.7967086294228776,45.0
603300.SH,20260901,4.84,120800,584672.0,-0.20618556701030855,2.279676130432245,43.76288659793815
603301.SH,20260901,81.7,5600,457520.0,0.0,4.796087502935051,45.0
603303.SH,20260901,25.5,6000,153000.0,0.31471282454760274,2.465228873218161,46.88827694728562
603305.SH,20260901,11.45,91000,1041950.0,0.5267778753292207,4.695376864209269,48.160667251975326
603306.SH,20260901,79.8,114400,9129120.0,1.9287265295695466,11.687035952663742,56.57235917741728
603307.SH,20260901,25.05,2900,72645.0,0.0,2.2243229631821504,45.0
603308.SH,20260901,44.88,468970,21047374.0,1.3550135501354976,13.106616987822896,53.13008130081299
603309.SH,20260901,11.39,12300,140097.0,-0.08771929824561431,3.5673772180375445,44.473684210526315
603310.SH,20260901,14.59,1300,18967.0,-0.1368925393566034,0.7113536955437687,44.178644763860376
603311.SH,20260901,27.89,1700,47413.0,-0.10744985673353247,0.5129751510370633,44.355300859598806
603312.SH,20260901,32.56,5800,188848.0,1.401432575521655,6.022779006956487,53.408595453129934
603313.SH,20260901,6.74,908600,6123964.0,0.0,21.64947461199372,45.0
603315.SH,20260901,11.86,497700,5902722.0,-2.6272577996716007,29.142772877971474,29.236453201970395
603316.SH,20260901,14.16,56600,801456.0,0.5681818181818121,9.40423598960617,48.40909090909087
603317.SH,20260901,13.43,21600,290088.0,-0.14869888475835813,1.6649078807275395,44.10780669144985
603318.SH,20260901,10.0,837100,8371000.0,-0.5964214711729698,10.639580005051405,41.42147117296218
603319.SH,20260901,29.0,493000,14297000.0,2.3649841157783236,23.504221324941224,59.18990469466994
603320.SH,20260901,17.61,22900,403269.0,0.3990877993158559,5.166117736739051,47.39452679589513
603321.SH,20260901,6.64,16900,112216.0,-0.15037593984963404,4.102783096457595,44.0977443609022
603322.SH,20260901,26.13,12500,326625.0,0.654853620955298,4.347738291565738,48.92912172573179
603323.SH,20260901,4.34,227300,986482.0,-0.22988505747125743,2.542132662066124,43.620689655172455
603324.SH,20260901,27.25,17400,474150.0,-0.1831501831501825,5.395396110717647,43.901098901098905
603325.SH,20260901,55.9,1100,61490.0,-0.28540849090260556,3.0027922696240825,43.28754905458437
603326.SH,20260901,7.42,126700,940114.0,-0.669344042838016,18.250613947062515,40.9839357429719
603327.SH,20260901,9.7,145900,1415230.0,-0.4106776180698213,4.760636025924666,42.53593429158107
603328.SH,20260901,11.16,27300,304668.0,-0.2680965147452974,2.227901917237467,43.391420911528215
603329.SH,20260901,10.51,11300,118763.0,-0.47348484848485084,3.2016450583549503,42.15909090909089
603330.SH,20260901,10.76,1141700,12284692.0,1.9905213270142053,11.16683539555321,56.94312796208523
603331.SH,20260901,12.91,13800,178158.0,-0.5392912172573205,4.530146497825106,41.764252696456076
603332.SH,20260901,12.15,25700,312255.0,0.9975062344139696,5.842698294309318,50.98503740648382
603333.SH,20260901,10.07,18700,188309.0,-0.39564787339266827,1.1114215755323482,42.62611275964399
603334.SH,20260901,32.13,2600,83538.0,-0.3102699348432991,1.8031378717317939,43.138380390940206
603335.SH,20260901,6.78,36100,244758.0,0.4444444444444473,3.258956414670201,47.666666666666686
603336.SH,20260901,9.21,58000,534180.0,-0.754310344827569,3.009803463687776,40.47413793103458
603337.SH,20260901,38.28,2800,107184.0,-0.1304461257500611,0.7625188465243435,44.217323245499635
603338.SH,20260901,57.11,11500,656765.0,-0.8162556443209401,3.1351038257751727,40.10246613407436
603339.SH,20260901,15.68,1787093,28021618.0,4.672897196261672,43.797230649693574,73.03738317757004
603341.SH,20260901,37.29,9500,354255.0,-0.16064257028113316,1.596214521985782,44.0361445783132
603344.SH,20260901,23.97,10700,256479.0,-0.12500000000000844,4.62400198114594,44.24999999999995
603345.SH,20260901,74.91,32100,2404611.0,0.0,4.984087968804121,45.0
603348.SH,20260901,14.65,44300,648995.0,1.2439530062197557,9.424699426012506,52.463718037318536
603350.SH,20260901,28.5,200,5700.0,0.0,0.3599503344317502,45.0
603351.SH,20260901,26.38,4700,123986.0,0.4569687738004369,4.361397959148856,47.74181264280262
603352.SH,20260901,25.71,2500,64275.0,-0.69524913093858,1.5164318574269524,40.82850521436852
603353.SH,20260901,34.0,38700,1315800.0,0.41346721795629815,10.856512678225275,47.48080330773779
603355.SH,20260901,27.69,4400,121836.0,0.3260869565217428,1.7186357578930347,46.95652173913046
603356.SH,20260901,17.23,4700,80981.0,0.11621150493899002,1.821713540455421,45.697269029633944
603357.SH,20260901,6.08,2900,17632.0,0.16474464579900872,0.854835444176996,45.988467874794054
603358.SH,20260901,49.59,282000,13984380.0,-0.2614641995172917,13.374746956333803,43.43121480289625
603359.SH,20260901,2.29,44300,101447.0,-0.8658008658008698,3.805155570012282,39.80519480519478
603360.SH,20260901,13.43,35100,471393.0,-0.29695619896066283,2.8390985083941507,43.21826280623603
603363.SH,20260901,2.96,170900,505864.0,0.0,3.1665268669818034,45.0
603365.SH,20260901,17.23,1600,27568.0,-0.3470213996529692,0.7572996400189567,42.91787160208219
603366.SH,20260901,7.69,1319399,10146178.0,-0.38860103626942033,33.66444752637177,42.668393782383475
603367.SH,20260901,14.56,17100,248976.0,-0.6143344709897636,1.853832414461102,41.313993174061416
603368.SH,20260901,15.77,23600,372172.0,0.0,5.907884422038442,45.0
603369.SH,20260901,28.32,25500,722160.0,0.0,1.008421336129365,45.0
603370.SH,20260901,32.78,100,3278.0,0.0,0.17877300202627583,32.17914036472965
603373.SH,20260901,43.01,8800,378488.0,0.3031716417910335,6.018325388017397,46.819029850746205
603375.SH,20260901,40.48,7400,299552.0,-0.22183879714074983,3.925623205723364,43.6689672171555
603376.SH,20260901,26.38,39000,1028820.0,1.8926226342216967,7.365257812158049,56.355735805330184
603377.SH,20260901,2.92,2000,5840.0,0.0,1.0496108262324346,45.0
603378.SH,20260901,6.41,130000,833300.0,-1.0802469135802517,15.217039300300335,38.51851851851849
603379.SH,20260901,58.14,39500,2296530.0,-1.0045973097224548,5.8069783634762056,38.97241614166527
603380.SH,20260901,35.8,18600,665880.0,0.30820958251611685,5.253738081037372,46.8492574950967
603381.SH,20260901,15.32,8100,124092.0,0.06531678641410466,2.5477860272829425,45.39190071848463
603382.SH,20260901,19.8,2500,49500.0,-0.1512859304084624,0.9525780842688677,44.09228441754922
603383.SH,20260901,29.0,9400,272600.0,-0.5145797598627766,2.3089785086700827,41.91252144082334
603385.SH,20260901,5.8,123600,716880.0,-1.0238907849829393,15.969617628704253,38.85665529010237
603386.SH,20260901,14.53,16400,238292.0,0.1378359751895264,3.7902605833577065,45.82701585113716
603387.SH,20260901,9.3,31400,292020.0,-0.21459227467810482,2.8289986016307,43.71244635193137
603389.SH,20260901,44.01,9900,435699.0,-0.31710079275197867,7.0791381382187915,43.09739524348813
603390.SH,20260901,10.23,13600,139128.0,0.0,3.0502609684525956,45.0
603391.SH,20260901,72.1,44200,3186820.0,-0.4693539480949749,13.245056508402161,42.183876311430154
603392.SH,20260901,29.0,44100,1278900.0,0.034494653328742686,5.146492479861406,45.206967919972456
603393.SH,20260901,26.21,27400,718154.0,-0.19040365575019313,3.7717946040470705,43.85757806549884
603395.SH,20260901,29.06,811520,23582771.0,-0.13745704467355013,32.27440391376664,44.1752577319587
603396.SH,20260901,31.17,112300,3500391.0,1.004536616979923,11.717120233872768,51.02721970187954
603398.SH,20260901,10.41,11400,118674.0,0.0,4.880196188212875,45.0
603399.SH,20260901,15.16,135000,2046600.0,-0.19749835418038098,3.805048593729728,43.81500987491771
603400.SH,20260901,45.0,21300,958500.0,-1.7038007863695914,6.028913309604512,34.777195281782454
603402.SH,20260901,72.0,70000,5040000.0,-1.813718805400244,14.40454838019653,34.11768716759853
603406.SH,20260901,31.38,47800,1499964.0,-1.937500000000003,10.307195680285297,33.374999999999986
603407.SH,20260901,57.38,10300,591014.0,-0.017424638438745532,2.725434219982164,44.89545216936753
603408.SH,20260901,11.85,46700,553395.0,0.3386960203217493,6.760336821249912,47.0321761219305
603409.SH,20260901,18.52,2000,37040.0,0.3250270855904569,1.0110399889244173,46.95016251354274
603416.SH,20260901,48.01,2400,115224.0,-0.7032057911065204,1.132437618263853,40.780765253360876
603418.SH,20260901,45.01,5300,238553.0,0.35674470457078833,4.370974077508865,47.14046822742473
603421.SH,20260901,6.01,23400,140634.0,-0.16611295681062677,3.247286273658993,44.00332225913624
603429.SH,20260901,9.04,2800,25312.0,0.0,1.1849235332966697,45.0
603435.SH,20260901,52.5,13300,698250.0,0.6711409395973256,5.16433146802784,49.02684563758395
603439.SH,20260901,11.94,1000,11940.0,-0.25062656641604564,0.14518815801607898,24.630109044397944
603444.SH,20260901,383.99,2900,1113571.0,0.1303814962580585,1.6797960213532133,45.78228897754835
603456.SH,20260901,15.29,9300,142197.0,0.0,0.5958474864588392,45.0
603458.SH,20260901,9.3,9530,88629.0,0.0,0.7590127529711728,45.0
603459.SH,20260901,94.01,163800,15398838.0,-1.0108455301674146,10.555416657192065,38.934926818995514
603466.SH,20260901,11.8,1232600,14544680.0,-0.6734006734006703,11.201915534118207,40.95959595959598
603468.SH,20260901,23.64,11300,267132.0,0.0,5.461735435091043,45.0
603477.SH,20260901,15.27,118900,1815603.0,0.19685039370078705,10.421159239205664,46.181102362204726
603486.SH,20260901,52.69,9900,521631.0,0.03797228023540988,1.4895777744308056,45.22783368141246
603488.SH,20260901,8.43,9100,76713.0,0.11876484560569,1.7301845401618408,45.71258907363414
603489.SH,20260901,27.91,3100,86521.0,-0.2145155523775477,0.8153592686142264,43.712906685734715
603496.SH,20260901,23.7,27900,661230.0,-0.3783102143757877,4.034027589788609,42.730138713745276
603499.SH,20260901,12.95,21500,278425.0,-0.15420200462606948,3.7373887375983426,44.074787972243584
603500.SH,20260901,9.68,31000,300080.0,0.20703933747412417,3.878231141464568,46.24223602484474
603501.SH,20260901,82.77,31000,2565870.0,-0.6004563468235857,4.304787295521723,41.39726191905849
603505.SH,20260901,15.99,40483,647323.0,-0.37383177570093906,5.310116956399968,42.757009345794366
603506.SH,20260901,11.35,546700,6205045.0,-0.6129597197898407,53.64115925718192,41.322241681260955
603507.SH,20260901,23.31,11400,265734.0,-0.38461538461538325,2.658368203653809,42.6923076923077
603508.SH,20260901,21.37,11100,237207.0,-0.18682858477346853,3.9987419506410333,43.879028491359186
603511.SH,20260901,13.12,500,6560.0,-0.07616146230008392,0.20244243714401491,35.982669912122184
603515.SH,20260901,15.53,23600,366508.0,-0.703324808184147,8.451305837757932,40.78005115089512
603516.SH,20260901,96.5,30100,2904650.0,1.0471204188481575,8.627444059201544,51.28272251308894
603517.SH,20260901,11.62,25200,292824.0,0.0,3.168306958852811,45.0
603518.SH,20260901,8.09,9400,76046.0,-0.49200492004921603,1.1057469264798252,42.0479704797047
603519.SH,20260901,17.02,34400,585488.0,0.17657445556209517,4.761694972710862,46.05944673337257
603520.SH,20260901,8.89,60400,536956.0,-0.4479283314669513,9.706231211503257,42.312430011198295
603527.SH,20260901,10.22,11700,119574.0,0.5905511811023612,1.9909377649211897,48.54330708661416
603528.SH,20260901,6.41,20100,128841.0,-0.46583850931677384,2.1896797205280643,42.204968944099356
603529.SH,20260901,21.6,7000,151200.0,-0.36900369003689537,1.0202288644594308,42.785977859778626
603530.SH,20260901,46.5,8700,404550.0,-0.3215434083601254,2.9772866258599437,43.070739549839246
603533.SH,20260901,24.7,2396100,59183670.0,9.34041611332448,47.35170401354326,100.0
603535.SH,20260901,6.4,5000,32000.0,0.0,1.2635638146122863,45.0
603536.SH,20260901,9.64,6700,64588.0,0.0,1.1833601837443892,45.0
603538.SH,20260901,26.45,116640,3085128.0,0.0,4.466427479829969,45.0
603551.SH,20260901,9.42,9400,88548.0,0.0,3.0463819810297115,45.0
603556.SH,20260901,24.5,10300,252350.0,-0.6085192697768749,2.082955960070803,41.34888438133875
603557.SH,20260901,3.4,9300,31620.0,-0.8746355685131268,1.2983065926793411,39.75218658892124
603558.SH,20260901,12.04,12600,151704.0,0.16638935108153063,3.309556783712227,45.998336106489184
603559.SH,20260901,10.54,1735100,18287954.0,0.0,28.04637516604767,45.0
603565.SH,20260901,12.71,86100,1094331.0,-0.7806401249024209,4.089629156445779,40.31615925058547
603566.SH,20260901,10.44,2500,26100.0,0.09587727708533222,0.7482496119422701,45.57526366251199
603567.SH,20260901,5.68,43100,244808.0,0.17636684303350414,1.5017611745783503,46.05820105820102
603568.SH,20260901,14.46,28300,409218.0,0.0,2.655749274237455,45.0
603569.SH,20260901,5.94,13900,82566.0,-0.3355704697986517,3.1249901830737987,42.98657718120809
603577.SH,20260901,10.4,9570,99528.0,-0.5736137667304075,1.8621997273571058,41.55831739961756
603578.SH,20260901,13.2,6800,89760.0,-1.2715033657441976,2.482305621656192,37.370979805534816
603579.SH,20260901,18.0,6200,111600.0,0.22271714922048602,1.2003150891642125,46.336302895322916
603580.SH,20260901,85.01,106400,9045064.0,-0.9553769078410768,11.527287055556135,39.26773855295354
603583.SH,20260901,25.0,5800,145000.0,0.0,0.9576718297727096,45.0
603585.SH,20260901,10.66,12800,136448.0,-0.1872659176029967,0.8245896640881278,43.87640449438202
603586.SH,20260901,13.82,16300,225266.0,0.07241129616220032,9.027125698034778,45.4344677769732
603587.SH,20260901,12.76,36700,468292.0,0.5516154452324784,4.9323509610401866,48.30969267139487
603588.SH,20260901,15.33,74300,1139019.0,-0.0651890482398998,1.3579743828665263,44.6088657105606
603589.SH,20260901,18.87,15200,286824.0,-0.052966101694906786,2.3036483974470388,44.68220338983056
603590.SH,20260901,30.1,6400,192640.0,-0.3311258278145601,3.1992260742637955,43.01324503311264
603595.SH,20260901,26.31,3600,94716.0,-0.5293005671077489,1.45431785044341,41.824196597353506
603596.SH,20260901,28.63,171032,4896646.0,1.995012468827917,3.8622821559060885,56.9700748129675
603598.SH,20260901,17.95,466600,8375470.0,0.1115448968209698,12.160461578538829,45.66926938092582
603599.SH,20260901,10.06,55800,561348.0,0.09950248756218638,1.5528058854194464,45.59701492537312
603600.SH,20260901,10.17,46500,472905.0,-0.09823182711198308,7.218243962221799,44.4106090373281
603601.SH,20260901,9.16,110500,1012180.0,-0.10905125408942062,3.169295107004822,44.34569247546348
603602.SH,20260901,11.88,7800,92664.0,-0.1680672268907557,2.347099442381513,43.991596638655466
603605.SH,20260901,60.3,13400,808020.0,-0.04972650422675473,1.641608615618403,44.701640974639474
603606.SH,20260901,33.84,31060,1051070.0,0.02955956251848857,3.889255126329617,45.17735737511093
603607.SH,20260901,22.67,10000,226700.0,0.0,3.3342964110968913,45.0
603608.SH,20260901,19.66,138600,2724876.0,0.10183299389001643,8.954376228103401,45.6109979633401
603609.SH,20260901,6.44,6500,41860.0,0.0,1.1842128862843875,45.0
603610.SH,20260901,14.65,11100,162615.0,-0.7452574525745215,2.1787122867837314,40.52845528455287
603611.SH,20260901,16.2,15300,247860.0,-0.49140049140050657,5.5428295395647575,42.05159705159696
603612.SH,20260901,17.39,25100,436489.0,0.46216060080879195,2.4429780286619307,47.77296360485275
603613.SH,20260901,18.92,71100,1345212.0,0.21186440677967155,4.059214871020096,46.27118644067803
603615.SH,20260901,18.73,10000,187300.0,-0.37234042553191404,2.560996776589717,42.765957446808514
603616.SH,20260901,5.66,156600,886356.0,-0.5272407732864748,12.056441638280797,41.83655536028115
603617.SH,20260901,7.07,33200,234724.0,0.0,4.547722185486593,45.0
603618.SH,20260901,35.02,916300,32088826.0,0.08573878250928146,11.464757775706328,45.51443269505569
603619.SH,20260901,24.51,161100,3948561.0,0.040816326530612734,6.267351623464779,45.244897959183675
603626.SH,20260901,20.42,514529,10506682.0,-1.7324350336862304,11.540738734181527,34.605389797882616
603628.SH,20260901,9.78,17100,167238.0,0.0,1.5504601980175696,45.0
603629.SH,20260901,121.0,125100,15137100.0,-0.9495743287491809,4.4699811913694685,39.30255402750491
603630.SH,20260901,14.19,57000,808830.0,-0.5606166783461819,6.910939257335701,41.636299929922906
603633.SH,20260901,6.73,55200,371496.0,0.29806259314457684,7.864877285845872,46.78837555886746
603636.SH,20260901,7.1,151500,1075650.0,0.0,8.240856189141565,45.0
603637.SH,20260901,15.16,17300,262268.0,-1.4944769330734298,1.991046666983947,36.03313840155942
603638.SH,20260901,19.22,146200,2809964.0,1.104681746449221,11.561310135397637,51.62809047869533
603639.SH,20260901,10.68,39300,419724.0,0.09372071227740086,9.784681021669298,45.5623242736644
603648.SH,20260901,9.38,17200,161336.0,0.3208556149732811,6.548532285076765,46.92513368983968
603650.SH,20260901,63.02,22200,1399044.0,0.03174603174602719,2.241352018429095,45.19047619047616
603655.SH,20260901,30.95,500,15475.0,-0.32206119162641045,0.36834819980320327,43.06763285024154
603656.SH,20260901,17.63,1300,22919.0,0.28441410693971214,1.0340073322078462,46.70648464163827
603657.SH,20260901,24.7,11500,284050.0,-1.200000000000001,2.5356400024994867,37.8
603658.SH,20260901,32.99,29600,976504.0,0.21263669501823124,9.112753735142878,46.275820170109384
603659.SH,20260901,23.42,46900,1098398.0,-0.42517006802720303,2.3532350112791485,42.44897959183678
603660.SH,20260901,10.87,48100,522847.0,-0.18365472910928382,3.670467193939775,43.8980716253443
603661.SH,20260901,31.4,3900,122460.0,-1.0400252127324316,2.807103572035857,38.75984872360541
603662.SH,20260901,52.2,17000,887400.0,-0.3816793893129722,4.25079498823894,42.709923664122165
603663.SH,20260901,43.53,41200,1793436.0,-0.6617982656321297,1.9933111094683413,41.02921040620722
603665.SH,20260901,20.76,2300,47748.0,0.0,1.239166795541086,45.0
603666.SH,20260901,26.1,9800,255780.0,0.11507479861909697,2.021674647531245,45.69044879171458
603667.SH,20260901,52.11,19600,1021356.0,-0.17241379310345417,1.9219548647259672,43.965517241379274
603668.SH,20260901,10.7,15600,166920.0,-0.9259259259259411,1.628073495911538,39.44444444444435
603669.SH,20260901,5.36,135400,725744.0,0.3745318352059934,10.316185930323186,47.24719101123596
603676.SH,20260901,9.15,19500,178425.0,-0.21810250817884125,8.770227989554076,43.69138495092695
603677.SH,20260901,13.94,6600,92004.0,-0.21474588403722628,4.710609141297384,43.711524695776646
603678.SH,20260901,47.31,94600,4475526.0,0.6595744680851112,6.434907985541565,48.95744680851067
603679.SH,20260901,23.66,41700,986622.0,0.0,5.841588083141837,45.0
603680.SH,20260901,10.41,15600,162396.0,0.0,4.460983330976883,45.0
603681.SH,20260901,18.46,8000,147680.0,0.38064165307232223,1.5292805658636328,47.28384991843393
603682.SH,20260901,11.01,113400,1248534.0,-1.7841213202497874,8.674457657592262,34.29527207850128
603683.SH,20260901,16.92,159600,2700432.0,-0.2358490566037652,4.966091289049466,43.58490566037741
603685.SH,20260901,27.0,113800,3072600.0,2.156640181611813,22.779707822037594,57.93984108967088
603686.SH,20260901,13.08,51200,669696.0,1.0819165378670892,3.934108615248823,51.49149922720254
603687.SH,20260901,15.96,168900,2695644.0,-0.31230480949406836,5.743363107989092,43.12617114303559
603688.SH,20260901,51.02,61700,3147934.0,-0.15655577299412693,4.157490220035491,44.06066536203524
603689.SH,20260901,7.77,34400,267288.0,0.2580645161290196,6.406273933977999,46.54838709677412
603690.SH,20260901,25.1,60100,1508510.0,0.35985605757697936,3.7831964573485384,47.159136345461874
603693.SH,20260901,11.21,6500,72865.0,-0.17809439002670624,1.3149738097064252,43.93143365983976
603696.SH,20260901,13.98,60500,845790.0,0.14326647564468775,2.9188444461211835,45.85959885386813
603697.SH,20260901,9.41,2300,21643.0,0.10638297872340718,0.44579753483829565,45.638297872340445
603698.SH,20260901,22.24,23400,520416.0,0.0,2.777217426934758,45.0
603699.SH,20260901,51.0,5300,270300.0,0.11778563015312216,0.803101370105199,45.70671378091873
603700.SH,20260901,11.81,41900,494839.0,-0.7563025210084007,5.752597358059337,40.462184873949596
603701.SH,20260901,19.31,2900,55999.0,-0.46391752577319423,1.679596541708951,42.216494845360835
603703.SH,20260901,10.36,36800,381248.0,0.4849660523763344,3.672525984232976,47.909796314258
603706.SH,20260901,17.58,9000,158220.0,-0.11363636363638241,4.237087401161742,44.318181818181706
603707.SH,20260901,7.87,13800,108606.0,-0.8816120906801062,0.3985355384028307,39.71032745591936
603708.SH,20260901,9.35,41600,388960.0,0.42964554242748143,4.016355455222851,47.57787325456489
603709.SH,20260901,12.68,113660,1441209.0,0.8750994431185211,20.335108415984525,50.250596658711125
603711.SH,20260901,11.8,71400,842520.0,-0.16920473773265332,9.342400647008814,43.98477157360408
603712.SH,20260901,11.75,49400,580450.0,0.08517887563883608,4.629641556632488,45.51107325383302
603713.SH,20260901,62.32,2800,174496.0,-0.06414368184733954,1.9505588943232048,44.61513790891596
603716.SH,20260901,17.27,31600,545732.0,0.9351256575102385,2.0392296301247548,50.61075394506143
603717.SH,20260901,6.68,47800,319304.0,0.9063444108761365,5.293560387369706,50.43806646525682
603718.SH,20260901,3.14,80600,253084.0,-0.31746031746030523,11.507501105240092,43.095238095238166
603719.SH,20260901,9.36,100700,942552.0,-2.3983315954118956,19.481954525239903,30.61001042752863
603721.SH,20260901,21.01,1559100,32756691.0,10.000000000000009,321.0719456122106,100.0
603722.SH,20260901,30.35,6100,185135.0,-0.6546644844517169,6.601656035588144,41.0720130932897
603725.SH,20260901,11.0,58900,647900.0,-1.0791366906474753,4.396694969307587,38.525179856115145
603726.SH,20260901,24.35,9000,219150.0,-0.531045751633985,2.7948726820395335,41.81372549019609
603727.SH,20260901,18.22,2900,52838.0,0.4964147821290732,1.0060783407868268,47.97848869277444
603728.SH,20260901,50.5,31000,1565500.0,-1.1548248189469645,4.665153420625332,38.071051086318214
603729.SH,20260901,12.23,2900,35467.0,0.4105090311987025,2.3894695986530525,47.46305418719221
603730.SH,20260901,10.3,592800,6105840.0,-1.717557251908397,28.313522074040893,34.69465648854962
603733.SH,20260901,20.6,20700,426420.0,-0.33865505563619447,1.586752116454641,42.968069666182835
603737.SH,20260901,24.87,10462,260190.0,-0.7185628742514938,0.6489420172514871,40.688622754491035
603738.SH,20260901,39.39,122600,4829214.0,0.0,4.69619520078443,45.0
603739.SH,20260901,12.99,12100,157179.0,0.15420200462605838,1.7988839112100594,45.92521202775635
603755.SH,20260901,24.4,17400,424560.0,-0.4487964096287378,4.796449163468356,42.30722154222757
603757.SH,20260901,69.38,96300,6681294.0,0.0,7.901262028623228,45.0
603758.SH,20260901,11.71,98700,1155777.0,0.8613264427218104,2.927394975627065,50.16795865633086
603759.SH,20260901,7.51,13600,102136.0,-0.6613756613756627,2.707878727141105,41.031746031746025
603766.SH,20260901,14.84,9800,145432.0,0.0,0.7159367746581617,45.0
603767.SH,20260901,14.16,20700,293112.0,0.07067137809186885,5.9883190269239,45.42402826855121
603768.SH,20260901,11.84,7700,91168.0,-0.08438818565400519,3.1378712506314086,44.49367088607597
603773.SH,20260901,95.5,49700,4746350.0,0.02094679514033082,4.199683948156189,45.12568077084198
603776.SH,20260901,20.42,28400,579928.0,-0.8737864077669855,14.642871571122692,39.75728155339809
603777.SH,20260901,13.83,3700,51171.0,-0.07225433526011349,0.39395355546952443,44.56647398843932
603778.SH,20260901,9.78,459800,4496844.0,-0.20408163265307477,7.776257607227513,43.77551020408155
603779.SH,20260901,8.17,33300,272061.0,-0.4872107186358221,2.443903564562986,42.07673568818507
603786.SH,20260901,39.0,4200,163800.0,-0.48481755549885097,0.9312377936002166,42.09109466700689
603787.SH,20260901,10.42,11000,114620.0,0.9689922480620172,3.7954019410788846,50.81395348837211
603788.SH,20260901,13.8,6300,86940.0,-0.43290043290041824,4.176033601939939,42.40259740259749
603789.SH,20260901,6.38,4300,27434.0,-0.15649452269169695,0.9814025048122135,44.06103286384982
603790.SH,20260901,23.83,2500,59575.0,-0.20938023450586263,0.8103363085427688,43.743718592964825
603797.SH,20260901,4.89,50500,246945.0,0.4106776180698102,5.6961458582403,47.46406570841886
603798.SH,20260901,13.37,5300,70861.0,0.30007501875468634,2.1023835667249777,46.80045011252812
603799.SH,20260901,39.49,131200,5181088.0,-0.20217336365933036,3.698132922345672,43.78695981804402
603800.SH,20260901,63.37,19100,1210367.0,0.28485519860736996,4.375679918182677,46.70913119164422
603801.SH,20260901,6.58,1132900,7454482.0,0.0,36.08569039247118,45.0
603803.SH,20260901,11.44,24600,281424.0,-0.521739130434784,1.4912054755023543,41.8695652173913
603806.SH,20260901,15.15,56200,851430.0,-0.8507853403141308,2.9510484377430037,39.89528795811522
603808.SH,20260901,8.98,31600,283768.0,0.672645739910327,7.670468076198881,49.03587443946196
603809.SH,20260901,8.98,10200,91596.0,-0.33296337402884957,1.8413504024320395,43.0022197558269
603810.SH,20260901,12.48,8100,101088.0,-0.5577689243027928,4.154008995914781,41.65338645418324
603811.SH,20260901,7.18006,3199,22969.0,-0.13824756606398703,0.48498178082505894,44.17051460361608
603813.SH,20260901,28.22,1900,53618.0,-0.9824561403508847,2.1698578904552397,39.10526315789469
603815.SH,20260901,5.49,16800,92232.0,0.7339449541284404,2.6228266280374744,49.403669724770644
603816.SH,20260901,23.6,40800,962880.0,-0.042354934349841944,3.805240196875812,44.74587039390095
603817.SH,20260901,5.79,5700,33003.0,0.17301038062282892,0.7744702975633954,46.03806228373698
603818.SH,20260901,3.96,46400,183744.0,0.50761421319796,2.5144509358701974,48.04568527918776
603819.SH,20260901,14.9,31200,464880.0,-1.0624169986719778,3.791828454705191,38.62549800796813
603822.SH,20260901,61.46,2300,141358.0,-0.9189102047396425,2.7673079442810247,39.486538771562145
603823.SH,20260901,65.93,99200,6540256.0,0.7795781106695321,4.373457525107416,49.67746866401719
603825.SH,20260901,8.62,5000,43100.0,-0.5767012687427964,1.9868436835288998,41.53979238754322
603826.SH,20260901,16.21,20700,335547.0,-0.30750307503075724,3.0579205402154046,43.15498154981546
603828.SH,20260901,5.13,5300,27189.0,-1.1560693641618602,2.4573275566387833,38.063583815028835
603829.SH,20260901,15.83,4700,74401.0,-1.124297314178646,1.3245361813469323,38.25421611492813
603833.SH,20260901,32.0,21500,688000.0,-0.031240237425800288,5.208298163442029,44.812558575445195
603836.SH,20260901,9.47,34800,329556.0,0.7446808510638281,9.591601943571556,49.46808510638297
603838.SH,20260901,11.99,57700,691823.0,2.9184549356223055,21.618452682723913,62.51072961373383
603839.SH,20260901,6.91,173200,1196812.0,0.5822416302765587,15.087366105223012,48.49344978165935
603843.SH,20260901,7.5,72000,540000.0,0.40160642570281624,5.095836356312429,47.4096385542169
603848.SH,20260901,13.85,5700,78945.0,-0.5028735632183978,1.6919344886052192,41.982758620689616
603855.SH,20260901,16.73,5200,86996.0,-0.4166666666666652,1.8719720535720203,42.50000000000001
603856.SH,20260901,11.7,21300,249210.0,0.25706940874035134,4.922484449662051,46.54241645244211
603858.SH,20260901,14.85,31700,470745.0,-0.4691689008042954,6.197644488277144,42.18498659517423
603859.SH,20260901,38.66,35200,1360832.0,-0.5658436213991869,5.883947655543264,41.60493827160488
603860.SH,20260901,27.1,11100,300810.0,0.0,9.921293250354326,45.0
603861.SH,20260901,11.69,3000,35070.0,0.0,0.518674630878403,45.0
603863.SH,20260901,12.87,3600,46332.0,-0.617760617760621,0.8238108138344742,41.29343629343627
603866.SH,20260901,4.26,155900,664134.0,0.23529411764704466,7.549279803067208,46.41176470588227
603867.SH,20260901,30.73,19900,611527.0,0.7540983606557417,2.451746192455928,49.52459016393445
603868.SH,20260901,31.0,8700,269700.0,0.6820396232543047,4.998601985362417,49.09223773952583
603869.SH,20260901,8.78,7600,66728.0,0.0,10.607824462824684,45.0
603871.SH,20260901,13.58,27100,368018.0,-0.4398826979472137,3.6446156581767286,42.360703812316714
603876.SH,20260901,22.42,47500,1064950.0,-0.13363028953228273,2.4828453617206807,44.19821826280631
603877.SH,20260901,12.65,5500,69575.0,-0.31520882584711307,3.0414704883593973,43.10874704491732
603878.SH,20260901,5.15,103900,535085.0,0.5859375,10.215876631364296,48.515625
603879.SH,20260901,5.4,61400,331560.0,-0.5524861878452914,7.664152385799136,41.68508287292825
603880.SH,20260901,9.6,115400,1107840.0,0.734522560335793,8.666543226210992,49.407135362014756
603881.SH,20260901,25.3,100400,2540120.0,-0.7064364207221341,3.9206592493788186,40.76138147566719
603882.SH,20260901,27.15,27425,744589.0,-0.8400292184076008,3.406399781899356,39.959824689554395
603883.SH,20260901,13.14,24300,319302.0,0.07616146230007281,2.308985323586791,45.45696877380044
603885.SH,20260901,10.1,53200,537320.0,-0.09891196834816984,3.0487549201969166,44.40652818991098
603886.SH,20260901,12.69,3200,40608.0,0.0,0.5248456269107047,45.0
603887.SH,20260901,9.69,262400,2542656.0,-0.7172131147541005,5.923098991437914,40.6967213114754
603888.SH,20260901,16.49,82100,1353829.0,-0.6626506024096535,6.503634042654134,41.02409638554208
603889.SH,20260901,6.01,130600,784906.0,0.5016722408026641,6.3730938462764515,48.01003344481599
603890.SH,20260901,18.92,239100,4523772.0,0.31813361611878754,6.52025150794253,46.90880169671273
603893.SH,20260901,205.0,1313600,269288000.0,5.349709645922185,38.612873095844925,77.09825787553311
603895.SH,20260901,26.93,500,13465.0,0.3353204172876323,0.48488423366414574,47.01192250372579
603896.SH,20260901,14.75,4000,59000.0,-0.06775067750677266,0.896387142010133,44.593495934959364
603897.SH,20260901,31.09,34800,1081932.0,-0.224646983311938,3.055958293907958,43.65211810012837
603898.SH,20260901,11.47,500,5735.0,0.0,0.24112384650514215,43.402292370925586
603899.SH,20260901,23.22,20200,469044.0,0.0,3.6113420087185633,45.0
603900.SH,20260901,6.92,861400,5960888.0,-2.1216407355021283,15.227255047616964,32.27015558698723
603901.SH,20260901,9.49,5200,49348.0,-0.41972717733472775,0.24436430125954822,41.46721116271031
603903.SH,20260901,14.18,1500,21270.0,0.0,0.23324627738612314,41.98432992950217
603906.SH,20260901,19.38,43400,841092.0,-0.0515729757607053,2.912055052469112,44.69056214543577
603908.SH,20260901,19.85,12200,242170.0,0.0,12.33674520726593,45.0
603909.SH,20260901,9.86,8700,85782.0,0.0,3.1057629930138977,45.0
603912.SH,20260901,9.24,105300,972972.0,0.0,5.331906832762884,45.0
603915.SH,20260901,14.5,102900,1492050.0,0.2766251728907321,10.194200458175693,46.65975103734439
603916.SH,20260901,11.45,67100,768295.0,-0.3481288076588429,5.565662102912362,42.91122715404694
603917.SH,20260901,13.5,5400,72900.0,0.44642857142858094,1.4281022789221272,47.67857142857149
603918.SH,20260901,11.48,16300,187124.0,-0.26064291920069316,1.1058798454846082,43.43614248479584
603919.SH,20260901,17.01,51200,870912.0,-0.874125874125864,6.23895741602378,39.75524475524482
603920.SH,20260901,38.63,24200,934846.0,-0.05174644243207682,1.5586876384493733,44.68952134540754
603922.SH,20260901,14.9,37600,560240.0,-0.2677376171351997,21.284091292886593,43.3935742971888
603926.SH,20260901,17.26,29500,509170.0,1.1130638547158789,4.926412839026981,51.67838312829527
603927.SH,20260901,14.08,15500,218240.0,0.0710732054015617,1.6983798480382726,45.42643923240937
603928.SH,20260901,12.25,24700,302575.0,0.7401315789473673,2.5266450724488076,49.440789473684205
603929.SH,20260901,165.33,6750,1115978.0,0.012098481640565595,1.6563418334237017,45.0725908898434
603931.SH,20260901,36.53,22800,832884.0,0.0,5.456764820173968,45.0
603933.SH,20260901,19.74,15500,305970.0,0.6116207951070152,5.842062010174548,48.66972477064209
603936.SH,20260901,18.26,64300,1174118.0,-0.4362050163576825,2.015607865111952,42.382769901853905
603937.SH,20260901,11.9,21700,258230.0,0.0,5.435236743151756,45.0
603938.SH,20260901,45.66,87000,3972420.0,0.0,6.0037863926671085,45.0
603939.SH,20260901,22.88,10800,247104.0,0.0,1.2471829314084315,45.0
603948.SH,20260901,20.16,1700,34272.0,0.04962779156327812,1.4271340863930808,45.29776674937967
603949.SH,20260901,14.53,19900,289147.0,0.1378359751895264,6.946089498415066,45.82701585113716
603950.SH,20260901,68.27,82200,5611794.0,3.690765492102055,9.73888091784249,67.14459295261233
603955.SH,20260901,20.47,3900,79833.0,-0.14634146341463428,2.0512361181587853,44.1219512195122
603956.SH,20260901,6.2,96800,600160.0,0.4862236628849326,5.125454150030248,47.9173419773096
603958.SH,20260901,21.94,557000,12220580.0,-2.920353982300883,21.427480818054676,27.477876106194703
603959.SH,20260901,4.32,14500,62640.0,0.0,1.4479097478836398,45.0
603960.SH,20260901,16.16,16100,260176.0,-0.3084515731030302,2.938021894234554,43.14929056138182
603966.SH,20260901,7.5,35600,267000.0,0.1335113484646211,3.2936488125859427,45.80106809078772
603967.SH,20260901,11.6,27600,320160.0,-0.5998286203941716,7.541024281481073,41.40102827763497
603968.SH,20260901,10.91,8100,88371.0,0.09174311926605228,4.164769558702015,45.550458715596314
603969.SH,20260901,7.75,30800,238700.0,-0.12886597938144284,2.8876836240756116,44.22680412371135
603970.SH,20260901,11.02,51700,569734.0,0.0,5.077711940401825,45.0
603976.SH,20260901,30.34,30700,931438.0,-0.3612479474548458,4.365208677870148,42.832512315270925
603977.SH,20260901,11.58,13100,151698.0,0.34662045060658286,2.439293356502584,47.0797227036395
603978.SH,20260901,20.92,609300,12746556.0,0.0,23.577168959472846,45.0
603979.SH,20260901,81.98,23200,1901936.0,0.3181595692608896,1.8529451800591532,46.90895741556534
603980.SH,20260901,7.66,4262800,32653048.0,6.388888888888888,70.28268516243004,83.33333333333333
603982.SH,20260901,6.32,32800,207296.0,-0.15797788309636074,7.577249317696289,44.05213270142183
603983.SH,20260901,28.56,12000,342720.0,0.03502626970226519,3.120564245217347,45.21015761821359
603985.SH,20260901,17.97,191100,3434067.0,0.0,14.91558974648179,45.0
603986.SH,20260901,406.0,184610,74951660.0,0.0,7.374099667238584,45.0
603987.SH,20260901,7.53,16600,124998.0,-0.5284015852047519,3.383656784516355,41.82959048877149
603988.SH,20260901,19.42,41900,813698.0,-0.9183673469387754,4.866267557987428,39.48979591836735
603989.SH,20260901,32.31,1084000,35024040.0,2.701843610934529,26.921838236234997,61.211061665607176
603990.SH,20260901,22.55,252600,5696130.0,1.6223524109959309,9.785788901756131,54.73411446597559
603991.SH,20260901,141.99,4900,695751.0,0.9814380200554584,1.4403068047197702,50.888628120332754
603992.SH,20260901,21.8,17300,377140.0,-0.5474452554744547,4.212763760464357,41.71532846715327
603993.SH,20260901,19.12,936415,17904255.0,0.31479538300105414,5.827111249494932,46.88877229800632
603995.SH,20260901,25.38,5700,144666.0,0.5148514851485153,1.1097744404507468,48.08910891089109
603997.SH,20260901,11.4,71800,818520.0,-0.08764241893075564,2.9983192971950117,44.474145486415466
603998.SH,20260901,10.98,382100,4195458.0,0.18248175182480342,15.920476222165492,46.09489051094882
603999.SH,20260901,5.76,64000,368640.0,-0.8605851979345935,7.5268364059748185,39.83648881239244
605001.SH,20260901,5.81,25900,150479.0,0.17241379310344307,3.968516856656366,46.034482758620655
605003.SH,20260901,23.36,5700,133152.0,0.2575107296137302,4.428515847861962,46.54506437768238
605005.SH,20260901,16.05,600,9630.0,0.0,0.3208792317531425,45.0
605006.SH,20260901,15.59,625000,9743750.0,3.0403172504956943,12.839935725248518,63.24190350297417
605007.SH,20260901,15.85,40900,648265.0,-0.9993753903810187,6.062505515279442,39.00374765771389
605008.SH,20260901,13.12,3900,51168.0,0.9230769230769154,0.928542563272886,50.53846153846149
605009.SH,20260901,24.81,1200,29772.0,0.0,0.8001237326906256,45.0
605011.SH,20260901,16.65,1400,23310.0,-0.06002400960385401,0.39847926908611,44.639855942376876
605016.SH,20260901,21.17,41800,884906.0,-0.14150943396225024,4.672439747426168,44.150943396226495
605018.SH,20260901,11.92,9000,107280.0,-0.8319467554076532,2.7315995654291934,40.00831946755408
605020.SH,20260901,34.38,56700,1949346.0,-0.4920405209840606,4.899564083806945,42.04775687409564
605028.SH,20260901,24.41,700,17087.0,-0.32666394446712044,0.5500508443732747,43.04001633319728
605033.SH,20260901,20.3,105100,2133530.0,-1.9797199420569789,18.17230755922528,33.12168034765813
605050.SH,20260901,10.53,2700,28431.0,-0.56657223796035,0.7633235889273056,41.6005665722379
605055.SH,20260901,10.19,22900,233351.0,0.09823182711197198,4.803546692301392,45.58939096267183
605056.SH,20260901,14.06,6300,88578.0,0.2138275124732747,1.6450207285091798,46.28296507483965
605058.SH,20260901,28.25,8500,240125.0,-0.5631819781766967,3.8415293050973047,41.62090813093982
605060.SH,20260901,43.65,3900,170235.0,0.0,1.1524258464215316,45.0
605066.SH,20260901,7.26,8900,64614.0,-0.13755158184318717,1.260366167444836,44.17469050894088
605068.SH,20260901,18.7,42500,794750.0,0.917431192660545,4.3370720085525365,50.50458715596327
605069.SH,20260901,10.72,12600,135072.0,0.0,3.40779663664762,45.0
605077.SH,20260901,11.09,41200,456908.0,-0.18001800180017513,8.478127121176255,43.91989198919895
605080.SH,20260901,23.0,27600,634800.0,-0.30342436064152434,14.436585309109738,43.179453836150856
605086.SH,20260901,26.27,7600,199652.0,0.3437738731856266,6.108532964452825,47.06264323911376
605088.SH,20260901,20.28,6700,135876.0,-0.1477104874445967,1.7299214445111424,44.11373707533242
605089.SH,20260901,20.44,1100,22484.0,0.3436426116838476,0.39982268671171767,47.061855670103085
605090.SH,20260901,34.95,20600,719970.0,-0.45571062375390214,2.0255033482163673,42.26573625747659
605098.SH,20260901,55.58,2600,144508.0,-0.5724508050089505,2.0348707693435935,41.565295169946296
605099.SH,20260901,30.6,8500,260100.0,-0.1956947162426559,3.2817608588811034,43.825831702544065
605100.SH,20260901,32.36,1300,42068.0,0.0,0.5354200784031246,45.0
605108.SH,20260901,12.9,5900,76110.0,0.0,0.9562947900378834,45.0
605111.SH,20260901,59.1,76299,4509271.0,-0.1520527116066872,6.4944631166520725,44.08768373035988
605116.SH,20260901,19.91,5500,109505.0,0.15090543259557165,2.396256670917731,45.90543259557343
605117.SH,20260901,87.92,68400,6013728.0,-0.13630168105407403,4.516520008463743,44.18218991367556
605118.SH,20260901,32.82,132800,4358496.0,0.0,14.514743151168783,45.0
605122.SH,20260901,11.92,14400,171648.0,0.4212299915754114,5.896246020975148,47.52737994945247
605123.SH,20260901,80.67,11000,887370.0,0.09926789924308288,6.782635721831021,45.5956073954585
605128.SH,20260901,24.36,27700,674772.0,2.267002518891692,3.0777092438581986,58.60201511335015
605133.SH,20260901,27.4,1700,46580.0,-0.3273917788286673,0.305588658259987,43.035649327028
605136.SH,20260901,8.38,5200,43576.0,0.6002400960384291,0.5558509963185204,48.60144057623057
605138.SH,20260901,6.29,13800,86802.0,-0.31695721077653616,0.745122517208972,43.09825673534078
605151.SH,20260901,19.26,4900,94374.0,0.20811654526535772,3.8354921981299506,46.248699271592145
605155.SH,20260901,14.56,1200,17472.0,0.0,0.9716347387447027,45.0
605158.SH,20260901,8.42,60700,511094.0,1.5681544028950611,3.5987338588888975,54.40892641737037
605162.SH,20260901,10.23,728200,7449486.0,-3.399433427762033,15.279732983564523,24.603399433427803
605166.SH,20260901,8.61,2000,17220.0,0.0,0.19854443408869576,35.737998135965235
605167.SH,20260901,14.45,36900,533205.0,0.7670850767085069,5.722410651706058,49.60251046025104
605168.SH,20260901,49.33,37500,1849875.0,2.4719567926879904,6.224118052944264,59.83174075612794
605169.SH,20260901,12.3,16300,200490.0,-0.24330900243308973,2.335140632094581,43.54014598540146
605177.SH,20260901,21.45,6900,148005.0,-1.0152284263959532,1.010691484514005,38.90862944162428
605178.SH,20260901,71.6,27600,1976160.0,1.9072018218047049,6.799689737661097,56.44321093082823
605179.SH,20260901,31.52,317100,9994992.0,0.0,8.269924453894191,45.0
605180.SH,20260901,13.33,15400,205282.0,0.07507507507507061,6.614035634316342,45.450450450450425
605183.SH,20260901,15.01,4900,73549.0,-0.26578073089701393,0.9242522333341484,43.40531561461792
605186.SH,20260901,27.45,38200,1048590.0,2.0446096654275214,18.049165114015146,57.26765799256513
605188.SH,20260901,13.78,1006500,13869570.0,1.1747430249632984,31.68677559146514,52.04845814977979
605189.SH,20260901,15.06,55200,831312.0,-0.7905138339920903,6.178005132879815,40.25691699604746
605196.SH,20260901,35.41,15400,545314.0,0.9407069555302128,1.3603447712166639,50.644241733181275
605198.SH,20260901,67.6,7800,527280.0,-0.22140221402214832,3.9348840274872336,43.67158671586711
605199.SH,20260901,,0,0.0,,0.0,0.0
605208.SH,20260901,14.56,20900,304304.0,0.48309178743961567,2.529696378825059,47.898550724637694
605218.SH,20260901,15.21,3100,47151.0,0.0,1.966673864443028,45.0
605222.SH,20260901,21.03,66300,1394289.0,0.0,9.281688377132879,45.0
605228.SH,20260901,10.7,3300,35310.0,-0.0933706816059865,1.0048894660007133,44.439775910364084
605255.SH,20260901,65.0,12300,799500.0,-1.0202527790467486,28.626732154508733,38.87848332571951
605258.SH,20260901,30.55,23900,730145.0,-0.6504065040650375,8.042402935991188,41.097560975609774
605259.SH,20260901,17.77,1100,19547.0,-0.39237668161434813,1.2450725300769383,42.645739910313914
605266.SH,20260901,15.85,7200,114120.0,-0.1260239445494582,3.099979135173732,44.24385633270325
605268.SH,20260901,9.67,49400,477698.0,-0.7186858316221789,13.610134871958351,40.687885010266925
605277.SH,20260901,16.95,87900,1489905.0,0.4146919431279539,6.394105477666594,47.48815165876772
605286.SH,20260901,26.84,14800,397232.0,0.5243445692883819,1.594354097186035,48.14606741573029
605287.SH,20260901,43.0,445700,19165100.0,3.4151034151034265,42.183277515709555,65.49062049062056
605288.SH,20260901,69.0,4900,338100.0,0.3490401396160525,2.8948347132858863,47.09424083769632
605289.SH,20260901,107.99,2900,313171.0,-0.009259259259264407,1.1281828166630137,44.944444444444414
605296.SH,20260901,33.76,37600,1269376.0,0.08894159501926513,11.161136900491572,45.53364957011559
605298.SH,20260901,48.99,100,4899.0,-0.16303240269003316,0.2108704196321351,36.97848111764412
605299.SH,20260901,13.12,36100,473632.0,0.9230769230769154,3.2879995389336503,50.53846153846149
605300.SH,20260901,9.88,32000,316160.0,1.333333333333342,3.693760651062701,53.00000000000005
605303.SH,20260901,24.78,27400,678972.0,0.9368635437881911,6.71293821821267,50.621181262729145
605305.SH,20260901,32.42,11300,366346.0,-0.4605465151980348,2.579325347013696,42.23672090881179
605318.SH,20260901,78.85,1200,94620.0,-0.5674653215636871,1.3003643287718472,41.59520807061788
605319.SH,20260901,27.2,38500,1047200.0,0.8902077151335286,9.601331042277755,50.34124629080117
605333.SH,20260901,17.13,16600,284358.0,0.0,1.6757923422446048,45.0
605336.SH,20260901,11.4369,103,1178.0,-0.2885789014821394,0.07311635238531548,11.429470020463949
605337.SH,20260901,9.3,9700,90210.0,-0.3215434083601254,2.067236684094611,43.070739549839246
605338.SH,20260901,18.69,1800,33642.0,0.1607717041800738,0.7590549145838722,45.96463022508044
605339.SH,20260901,13.61,15300,208233.0,-0.7293946024799491,4.8313796686045665,40.6236323851203
605358.SH,20260901,43.99,100200,4407798.0,0.5945575120055002,3.76437421240332,48.567345072033
605365.SH,20260901,14.23,15700,223411.0,-0.0702247191011196,1.7872328674405051,44.57865168539328
605366.SH,20260901,8.4,53000,445200.0,1.9417475728155331,3.4459204238054864,56.6504854368932
605368.SH,20260901,6.94,33400,231796.0,0.0,3.51630067862892,45.0
605369.SH,20260901,16.65,6700,111555.0,-1.0695187165775333,4.941668773038861,38.5828877005348
605376.SH,20260901,149.18,37900,5653922.0,-0.10713807419311383,3.641304520454561,44.357171554841315
605377.SH,20260901,8.29,39100,324139.0,-0.5995203836930529,5.317360227463113,41.40287769784168
605378.SH,20260901,14.62,1200,17544.0,0.20562028786839104,0.7314928433031754,46.233721727210344
605388.SH,20260901,6.14,8800,54032.0,0.0,0.7748615034731025,45.0
605389.SH,20260901,68.52,1300,89076.0,-0.40697674418604946,0.9091940920552384,42.5581395348837
605398.SH,20260901,20.9,9000,188100.0,-0.523560209424101,3.451887722883261,41.858638743455394
605399.SH,20260901,11.2599,2613,29422.0,-0.0008880994671334186,0.9835249048549467,44.9946714031972
605488.SH,20260901,29.57,6200,183334.0,0.0,1.7477047730889423,45.0
605499.SH,20260901,119.94,18900,2266866.0,-0.03333888981497113,2.289928300712929,44.799966661110176
605500.SH,20260901,7.23,5300,38319.0,0.0,0.6113161691842505,45.0
605507.SH,20260901,14.99,13200,197868.0,-0.1997336884154377,2.1638988104888526,43.801597869507376
605555.SH,20260901,12.46,47700,594342.0,-0.4792332268370503,8.112242129835156,42.1246006389777
605566.SH,20260901,29.13,144600,4212198.0,-0.06861063464836947,15.36066693143244,44.588336192109786
605567.SH,20260901,9.77,25000,244250.0,-0.6103763987792554,5.529155582605595,41.33774160732447
605577.SH,20260901,11.4,1959900,22342860.0,7.344632768361592,74.77809362104627,89.06779661016955
605580.SH,20260901,17.85,16800,299880.0,0.847457627118664,4.0498645993648354,50.08474576271198
605588.SH,20260901,48.2,1200,57840.0,0.020751193193624395,1.3769890933607651,45.124507159161745
605589.SH,20260901,40.7,121700,4953190.0,-0.04911591355598599,4.511226526642595,44.705304518664086
605598.SH,20260901,26.63,7800,207714.0,0.0,3.0616169987796074,45.0
605599.SH,20260901,15.28,42200,644816.0,-0.39113428943937656,3.508624003394314,42.653194263363744
688001.SH,20260901,54.35,12932,702854.0,-0.9837857533248284,1.90643020397754,39.09728548005103
688002.SH,20260901,180.58,88176,15922822.0,-2.389189189189178,7.587396366052533,30.66486486486493
688003.SH,20260901,82.53,10615,876056.0,-0.38624019312009095,1.846801019345387,42.68255884127945
688004.SH,20260901,22.4,8900,199360.0,-0.4444444444444473,3.812172195450925,42.333333333333314
688005.SH,20260901,25.64,21774,558285.0,-0.23346303501945442,2.8581700736648497,43.59922178988327
688006.SH,20260901,21.88,33529,733615.0,0.0,4.85229707319473,45.0
688007.SH,20260901,10.66,11300,120458.0,0.2822201317027151,2.720244310268187,46.69332079021629
688008.SH,20260901,204.0,150985,30800940.0,-0.4635276896804097,5.9299419091431975,42.218833861917545
688009.SH,20260901,4.96,27375,135780.0,0.0,0.998415887968943,45.0
688010.SH,20260901,28.08,13043,366247.0,-0.5313496280552665,3.211220834883573,41.8119022316684
688011.SH,20260901,80.0,6188,495040.0,0.025006251562875725,2.861340190731467,45.150037509377256
688012.SH,20260901,360.01,51992,18717640.0,-0.5497237569060842,3.841685552197536,41.701657458563496
688013.SH,20260901,25.52,4873,124359.0,0.0,4.563576422428229,45.0
688015.SH,20260901,16.5301,8086,133662.0,0.0006049606775526684,3.3824896249263334,45.003629764065316
688016.SH,20260901,88.9099,4795,426323.0,0.011136107986486898,3.181697659292432,45.06681664791892
688017.SH,20260901,300.61,16987,5106462.0,0.039934773203764706,3.300285843849038,45.23960863922259
688018.SH,20260901,124.99,66442,8304586.0,-0.5569257697509822,11.895862277763634,41.658445381494104
688019.SH,20260901,237.0,18429,4367673.0,-0.8368200836820106,3.539384928550878,39.97907949790794
688020.SH,20260901,133.0,13893,1847769.0,-0.8424662640721614,2.825025802834647,39.94520241556703
688021.SH,20260901,21.13,2476,52318.0,0.0,1.834829888599614,45.0
688022.SH,20260901,8.86,3400,30124.0,-0.3374578177727905,2.3489993593354557,42.97525309336326
688023.SH,20260901,40.16,8194,329071.0,-0.09950248756220859,1.6169593743078579,44.40298507462675
688025.SH,20260901,398.04,7099,2825686.0,0.010050251256288334,2.3110002350383203,45.06030150753773
688026.SH,20260901,18.82,110251,2074924.0,0.0,12.509806012346164,45.0
688027.SH,20260901,381.98,1761,672667.0,-0.1281146233691577,2.4356020322585694,44.23131225978506
688028.SH,20260901,96.1,17821,1712598.0,-0.041605991262749775,3.1638282153293433,44.7503640524235
688029.SH,20260901,78.0,4875,380250.0,-0.0768639508070712,2.8137398561533313,44.538816295157574
688030.SH,20260901,17.35,4651,80695.0,-0.17261219792863436,1.7083753070317422,43.9643268124282
688031.SH,20260901,112.21,34060,3821873.0,0.1874999999999849,5.668011163986096,46.12499999999991
688032.SH,20260901,70.8499,4704,333278.0,-0.5336234732556511,4.859064558559471,41.798259160466095
688033.SH,20260901,6.23,13000,80990.0,0.4838709677419395,1.1687980309931065,47.90322580645164
688035.SH,20260901,71.0,65262,4633602.0,1.7921146953405076,10.427320857867846,55.752688172043044
688036.SH,20260901,56.81,48628,2762557.0,-0.5949256342957066,3.1646176139811404,41.43044619422576
688037.SH,20260901,367.29,2500,918225.0,-0.7324324324324283,0.5126058067777004,40.60540540540543
688038.SH,20260901,18.8002,1011,19007.0,0.001063829787240067,0.5970399233657937,45.00638297872344
688039.SH,20260901,33.5,26025,871838.0,-0.29761904761904656,7.419885179600671,43.21428571428572
688041.SH,20260901,252.25,56569,14269530.0,-0.64986215045294,3.784939768656915,41.10082709728236
688045.SH,20260901,60.0,4700,282000.0,-0.9410599306587386,1.6987643880599779,39.35364041604757
688046.SH,20260901,31.91,25944,827873.0,0.0,2.5480804984302803,45.0
688047.SH,20260901,107.2,6271,672251.0,-0.7407407407407418,2.5756545828167807,40.55555555555555
688048.SH,20260901,300.0,110911,33273300.0,1.9367991845055998,12.90017342464123,56.6207951070336
688049.SH,20260901,45.6,153829,7014602.0,-0.3931847968545177,16.543469160342955,42.640891218872895
688050.SH,20260901,40.25,6643,267381.0,0.3490401396160525,3.5665995616318984,47.09424083769632
688051.SH,20260901,25.35,10436,264553.0,0.23724792408066353,10.335212194091639,46.42348754448398
688052.SH,20260901,251.82,7743,1949842.0,-0.6862281116895463,3.4747127338047443,40.88263132986272
688053.SH,20260901,39.78,8658,344415.0,0.5815423514538676,10.429292972879477,48.4892541087232
688055.SH,20260901,3.82,19500,74490.0,0.2624671916010346,2.714707229813105,46.57480314960621
688056.SH,20260901,43.44,800,34752.0,0.25386568197554027,0.8539408317686434,46.52319409185324
688057.SH,20260901,18.55,13019,241502.0,-0.3759398496240629,4.552871989136692,42.74436090225562
688058.SH,20260901,25.07,9335,234028.0,0.0,5.6844253018281234,45.0
688059.SH,20260901,89.49,5425,485483.0,-0.3230118066384513,1.2206604091554083,43.06192916016929
688060.SH,20260901,36.1801,1471,53221.0,0.5002777777777911,5.420699819364327,48.00166666666675
688061.SH,20260901,44.52,69419,3090534.0,-2.003081664098605,20.975191735101166,32.981510015408375
688062.SH,20260901,28.29,12481,353087.0,-0.1411930815390039,2.2921976684615517,44.152841510765974
688063.SH,20260901,42.66,7011,299089.0,-0.6752037252619525,1.2540388948409127,40.94877764842828
688065.SH,20260901,42.0,11659,489678.0,-0.33222591362126463,3.5768882695131166,43.00664451827241
688066.SH,20260901,7.97023,1075,8568.0,0.2544654088050269,0.11721148781474543,22.62486025948434
688067.SH,20260901,24.41,11058,269926.0,2.1338912133891386,11.45651358266146,57.80334728033483
688068.SH,20260901,93.8,3520,330176.0,-1.0444139677181274,1.8276546608390543,38.73351619369124
688069.SH,20260901,37.84,400,15136.0,0.424628450106157,0.1646194443493397,32.179270683518084
688070.SH,20260901,35.51,7100,252121.0,1.4571428571428457,4.660663815130102,53.742857142857076
688071.SH,20260901,36.0,19433,699588.0,0.027785495971088814,8.816500153862917,45.166712975826535
688072.SH,20260901,684.42,11234,7688774.0,0.9677514531023945,3.0062814545181284,50.80650871861437
688073.SH,20260901,60.77,12874,782353.0,0.4794973544973713,3.6703412567800777,47.876984126984226
688075.SH,20260901,29.1405,897,26139.0,0.17359917497421495,1.4079423374385167,46.04159504984529
688076.SH,20260901,27.83,15116,420678.0,0.3968253968253954,6.885711282396659,47.38095238095237
688077.SH,20260901,28.53,4000,114120.0,0.4577464788732444,1.9063665325427892,47.74647887323947
688078.SH,20260901,24.8802,1979,49238.0,0.041013268998790764,1.1346785135540942,45.24607961399275
688079.SH,20260901,16.09,20700,333063.0,0.0,2.21733093280207,45.0
688080.SH,20260901,38.75,2700,104625.0,0.0,2.800187155543525,45.0
688081.SH,20260901,27.9901,3124,87441.0,0.036097212294494696,1.7416010289031758,45.21658327376697
688082.SH,20260901,303.0,6700,2030100.0,0.4308916141862795,1.7612782938467584,47.58534968511768
688083.SH,20260901,52.76,7482,394750.0,0.0,3.0003632890794885,45.0
688084.SH,20260901,43.61,3200,139552.0,-0.8412914961345996,3.0977322172630113,39.9522510231924
688085.SH,20260901,13.1708,650,8561.0,0.3107387661843042,0.4424542988019313,46.864432597105825
688087.SH,20260901,38.2601,4387,167847.0,0.0002613695765818491,1.6888802918968582,45.00156821745949
688088.SH,20260901,30.6,20753,635042.0,-0.4878048780487809,3.384567715998739,42.073170731707314
688089.SH,20260901,,0,0.0,,0.0,0.0
688090.SH,20260901,68.3,71813,4904828.0,-1.5850144092219187,7.78724327501722,35.48991354466849
688091.SH,20260901,39.2099,2253,88340.0,-0.2292620865139927,0.5414555407355716,43.62442748091604
688092.SH,20260901,22.89,9478,216951.0,-0.47826086956521685,10.082035651902721,42.1304347826087
688093.SH,20260901,22.38,10763,240876.0,0.22391401701746805,5.106787329453357,46.34348410210481
688095.SH,20260901,64.5,27565,1777943.0,1.3672795851013664,5.481006054329035,53.2036775106082
688096.SH,20260901,8.98999,33970,305390.0,-0.11122222222221811,5.001121276969888,44.33266666666669
688097.SH,20260901,49.1,22067,1083490.0,0.6147540983606703,3.5535585563784218,48.68852459016402
688098.SH,20260901,8.21,3500,28735.0,-0.2430133657351119,1.2569307252046302,43.54191980558933
688099.SH,20260901,97.0,58976,5720672.0,-0.5026156528874726,6.325694603855215,41.98430608267516
688100.SH,20260901,26.1001,8545,223025.0,-0.4193056085463498,2.3696096586447797,42.4841663487219
688101.SH,20260901,14.9901,2723,40818.0,-0.4641434262948274,1.6030371384015876,42.215139442231035
688102.SH,20260901,32.93,33456,1101706.0,-0.21212121212120794,3.4751481403549582,43.727272727272755
688103.SH,20260901,75.6601,1221,92381.0,0.8129247168554343,0.5582398071215933,49.877548301132606
688105.SH,20260901,21.16,49604,1049621.0,1.3895543842836533,5.464271811431086,53.33732630570192
688106.SH,20260901,27.98,22899,640714.0,-0.1071046054980429,1.3008891956946782,44.35737236701174
688107.SH,20260901,31.56,32825,1035957.0,0.4455760661998598,4.521231368322148,47.67345639719916
688108.SH,20260901,16.61,10320,171415.0,-0.5984440454817608,1.3560189104259306,41.409335727109436
688109.SH,20260901,74.0,4594,339956.0,-0.6311266281724182,5.546844975345488,41.21324023096549
688110.SH,20260901,119.83,97988,11741902.0,-0.008344459279041594,7.559403405693653,44.94993324432575
688111.SH,20260901,248.98,28727,7152448.0,-0.26837572601643434,5.039910366186047,43.38974564390139
688112.SH,20260901,71.69,23062,1653315.0,0.6882022471909943,8.913239001717878,49.12921348314597
688113.SH,20260901,36.5,3500,127750.0,0.32985156679492533,5.512333301000065,46.97910940076955
688114.SH,20260901,62.0,27215,1687330.0,-0.990099009900991,3.566641316829686,39.059405940594054
688115.SH,20260901,67.41,6400,431424.0,1.9972764412165223,3.0875826766275294,56.98365864729914
688116.SH,20260901,33.58,19953,670022.0,-0.32650638171564106,2.79896846443535,43.04096170970615
688117.SH,20260901,23.56,5046,118884.0,-0.4226542688081203,0.9597687332270153,42.46407438715128
688118.SH,20260901,20.88,14584,304514.0,0.38461538461538325,8.278771847782325,47.3076923076923
688119.SH,20260901,3.91003,18461,72183.0,0.257179487179493,2.2896845749587245,46.54307692307696
688120.SH,20260901,259.95,6541,1700333.0,-0.26473296500920673,1.0255644503120227,43.41160220994476
688121.SH,20260901,1.81,311316,563482.0,-1.6304347826086918,52.59167156511281,35.21739130434785
688122.SH,20260901,49.8,18287,910693.0,-0.32025620496397567,3.192238474658986,43.07846277021615
688123.SH,20260901,140.19,16550,2320145.0,-0.5956179536268924,2.5653906368927832,41.42629227823865
688125.SH,20260901,134.96,1395,188269.0,3.8793103448276023,1.3171603254986517,68.27586206896561
688126.SH,20260901,24.68,154368,3809802.0,-0.08097165991902688,3.452321496958002,44.51417004048584
688127.SH,20260901,69.99,9714,679883.0,0.0,1.0771424391441962,45.0
688128.SH,20260901,22.47,3300,74151.0,0.5369127516778427,1.0227687318256689,48.221476510067056
688129.SH,20260901,22.01,2899,63807.0,-0.9896536212325668,1.5126066436636605,39.0620782726046
688130.SH,20260901,24.28,6518,158257.0,-1.3008130081300862,3.4167061270673047,37.195121951219484
688131.SH,20260901,92.86,7595,705272.0,-0.15053763440859846,2.267988070262867,44.09677419354841
688132.SH,20260901,14.18,15829,224455.0,-1.046755059316118,1.8497690366126283,38.71946964410329
688133.SH,20260901,,0,0.0,,0.0,0.0
688135.SH,20260901,28.05,40275,1129714.0,1.0810810810810922,3.5754664011838484,51.486486486486555
688136.SH,20260901,20.75,71764,1489103.0,0.0,11.07379291977568,45.0
688137.SH,20260901,69.5,98164,6822398.0,1.0615093790897312,16.732241191952784,51.36905627453839
688138.SH,20260901,37.88,37719,1428796.0,-0.23702923360546801,3.8081500956924326,43.577824598367194
688139.SH,20260901,31.1901,2152,67121.0,0.0003206155819057699,0.517635582313578,45.001923693491435
688141.SH,20260901,124.9,46020,5747898.0,-0.263515132156833,4.094704688782083,43.418909207059
688143.SH,20260901,164.49,117629,19348794.0,2.18039508013419,7.098080019677881,58.08237048080514
688146.SH,20260901,255.88,52680,13479758.0,-1.5618988997460947,4.007645415384313,35.62860660152343
688147.SH,20260901,125.0,82153,10269125.0,-0.4777070063694211,9.513613495115392,42.13375796178347
688148.SH,20260901,6.42,64303,412825.0,1.1023622047244164,4.003543775091428,51.6141732283465
688150.SH,20260901,42.5,55973,2378853.0,2.632214440956293,5.815775020909968,60.79328664573776
688151.SH,20260901,16.12,3000,48360.0,0.0,1.0047802482642452,45.0
688152.SH,20260901,37.43,79543,2977294.0,-0.3195739014647092,7.734515058151523,43.08255659121174
688153.SH,20260901,28.3,158483,4485069.0,4.351032448377579,17.798106505048324,71.10619469026547
688155.SH,20260901,52.7,10444,550399.0,0.07595898214964869,3.0950560758656303,45.45575389289789
688156.SH,20260901,19.61,7000,137270.0,-1.1094301563287945,2.842224175105359,38.34341906202723
688157.SH,20260901,19.45,8397,163322.0,0.20607934054610588,3.0833476703216753,46.23647604327664
688158.SH,20260901,31.15,137501,4283156.0,0.2897617514488138,8.904963746225336,46.73857050869288
688159.SH,20260901,35.19,31733,1116684.0,0.0,7.0831223388514575,45.0
688160.SH,20260901,100.88,2300,232024.0,-0.11881188118811892,2.5953978512328653,44.28712871287129
688161.SH,20260901,21.7206,519,11273.0,-0.5922196796338652,0.33655066172672915,41.44668192219681
688162.SH,20260901,24.6,4302,105829.0,0.40816326530612734,2.591176206299044,47.44897959183676
688163.SH,20260901,35.9,700,25130.0,0.9845288326300938,0.4974944039798285,50.90717299578056
688165.SH,20260901,16.2599,2863,46552.0,-0.0006150061500842519,0.6064043052725664,44.99630996309949
688166.SH,20260901,36.02,38962,1403411.0,-0.6070640176600417,2.6301277554771736,41.35761589403975
688167.SH,20260901,300.0,62299,18689700.0,3.4518431670057526,5.93194960610678,65.71105900203452
688168.SH,20260901,36.95,17443,644519.0,0.6811989100817373,4.967960030444179,49.087193460490425
688169.SH,20260901,126.81,21403,2714114.0,-0.5255726388453064,1.8818381406991487,41.84656416692816
688170.SH,20260901,55.47,6621,367267.0,0.3074141048824641,1.5103580102057723,46.84448462929478
688171.SH,20260901,27.13,6830,185298.0,0.0,5.118010356832473,45.0
688172.SH,20260901,49.53,63740,3157042.0,0.020193861066242214,3.6125451604475995,45.12116316639745
688173.SH,20260901,14.27,13252,189106.0,-0.2795248078267032,1.3331410174525253,43.32285115303978
688175.SH,20260901,19.48,27086,527635.0,-0.8146639511201648,8.458682852737223,40.11201629327901
688176.SH,20260901,11.87,1200,14244.0,0.0843170320404596,0.15179523926266347,27.829045259522182
688177.SH,20260901,18.17,2788,50658.0,-0.21965952773200792,0.6123893110370014,43.68204283360795
688178.SH,20260901,30.14,8800,265232.0,0.6008010680907949,4.723722888910463,48.60480640854477
688179.SH,20260901,20.25,400,8100.0,0.0988630746416197,0.03902291496386042,7.6173031413445935
688180.SH,20260901,32.89,22176,729369.0,-0.2728926622195149,2.207900750746011,43.36264402668291
688181.SH,20260901,38.97,13014,507156.0,0.7237012147841781,3.2490085452045903,49.34220728870507
688182.SH,20260901,29.34,16910,496139.0,0.4106776180698102,3.6066663284910394,47.46406570841886
688183.SH,20260901,130.0,78828,10247640.0,0.8690254500310468,4.467084179432091,50.21415270018628
688184.SH,20260901,,0,0.0,,0.0,0.0
688185.SH,20260901,74.93,88167,6606353.0,-0.636520355390513,8.179710782367316,41.180877867656925
688186.SH,20260901,14.2199,2506,35635.0,0.069669247009152,1.2223911459569674,45.41801548205491
688187.SH,20260901,46.89,10100,473589.0,-0.4035683942225976,2.896485668457235,42.57858963466441
688188.SH,20260901,99.5,10119,1006841.0,0.5050505050504972,4.340898747261946,48.03030303030298
688189.SH,20260901,6.74,300,2022.0,0.0,0.08627144786273368,15.528860615292063
688190.SH,20260901,72.5315,254,18423.0,-0.3414399560318859,0.40419838002958547,42.95136026380868
688191.SH,20260901,21.7,22600,490420.0,0.6026889197960017,3.592946252778385,48.61613351877601
688192.SH,20260901,59.48,45373,2698786.0,2.05902539464653,11.548192634077969,57.35415236787918
688193.SH,20260901,49.4601,1402,69343.0,-0.502715751357885,3.0963529139488237,41.98370549185269
688195.SH,20260901,195.0,171550,33452250.0,-0.954896383583903,15.854041433702518,39.27062169849658
688196.SH,20260901,32.88,3200,105216.0,-0.27297543221108667,1.0515311738427302,43.36214740673348
688197.SH,20260901,33.11,3000,99330.0,-0.8682634730538874,0.5424100081019116,39.790419161676674
688198.SH,20260901,,0,0.0,,0.0,0.0
688199.SH,20260901,24.63,3900,96057.0,-0.2834008097166052,0.9135873976925635,43.299595141700365
688200.SH,20260901,396.08,3500,1386280.0,0.0,1.0444536014495382,45.0
688201.SH,20260901,7.55,4800,36240.0,0.26560424966799445,3.158367556244478,46.59362549800797
688202.SH,20260901,95.6,13104,1252742.0,0.15715034049239573,2.287660970390692,45.94290204295437
688203.SH,20260901,13.99,15565,217754.0,-0.9206798866855492,1.3147215094848517,39.475920679886705
688205.SH,20260901,183.07,104210,19077725.0,-0.9200627807544604,9.274177966284928,39.47962331547324
688206.SH,20260901,44.88,287186,12888908.0,0.990099009900991,22.090937044490076,50.940594059405946
688207.SH,20260901,17.95,13206,237048.0,0.44767767207609666,0.8275341741682112,47.68606603245658
688208.SH,20260901,26.16,12034,314809.0,0.268302031429668,1.464168890755315,46.609812188578005
688209.SH,20260901,28.9,207988,6010853.0,0.521739130434784,6.565061580713262,48.1304347826087
688210.SH,20260901,33.3,31302,1042357.0,-0.38887227041579653,3.5529427366314446,42.66676637750522
688211.SH,20260901,31.46,7800,245388.0,-0.06353240152477957,13.599275911212668,44.61880559085132
688212.SH,20260901,29.8601,1830,54644.0,-0.06659973226238458,0.7363921088262585,44.60040160642569
688213.SH,20260901,98.51,19567,1927545.0,-0.7955689828801571,4.052878785003944,40.226586102719054
688215.SH,20260901,46.92,14270,669548.0,0.7948442534908784,10.119918406204294,49.76906552094527
688216.SH,20260901,32.0,11007,352224.0,1.169775529560546,3.5846346526122197,52.01865317736328
688217.SH,20260901,25.2599,5594,141304.0,-0.4732072498029982,6.287614208965101,42.16075650118201
688218.SH,20260901,42.42,2050,86961.0,0.5213270142180093,0.9350724793269207,48.127962085308056
688219.SH,20260901,10.69,9712,103821.0,0.0,1.9152142698654435,45.0
688220.SH,20260901,104.65,48577,5083583.0,1.6216741114779554,7.201518635307825,54.730044668867734
688221.SH,20260901,17.65,85430,1507840.0,0.05668934240361523,5.918467063648755,45.34013605442169
688222.SH,20260901,32.06,26100,836766.0,-0.5583126550868456,1.8632545769814834,41.65012406947893
688223.SH,20260901,4.06,697650,2832459.0,-1.2165450121654708,9.057679752640315,37.700729927007174
688225.SH,20260901,12.6001,7451,93883.0,0.0007936507936401327,0.9025507192925367,45.00476190476184
688226.SH,20260901,29.89,22323,667234.0,-1.483190507580745,3.8408070736232647,36.10085695451553
688227.SH,20260901,,0,0.0,,0.0,0.0
688228.SH,20260901,82.46,4172,344023.0,-0.19365770999759668,2.071542588116326,43.838053740014416
688229.SH,20260901,66.15,2700,178605.0,1.534919416730629,4.8357979824781685,54.20951650038377
688230.SH,20260901,60.0,8756,525360.0,-0.7608336089976908,5.624916246179123,40.434998346013856
688231.SH,20260901,33.01,16342,539449.0,1.2576687116564234,3.235801223027759,52.546012269938544
688232.SH,20260901,18.32,8438,154584.0,0.0,3.102358690897111,45.0
688233.SH,20260901,103.78,22723,2358193.0,0.41606192549590304,3.352037145855876,47.49637155297542
688234.SH,20260901,107.16,11788,1263202.0,-0.23275300251373032,1.6806945229740797,43.60348198491762
688235.SH,20260901,269.51,10168,2740378.0,-0.12969687986363887,3.958393843987746,44.22181872081816
688236.SH,20260901,13.92,9316,129679.0,-0.1434720229555153,2.578195084905939,44.13916786226691
688237.SH,20260901,56.4499,2985,168503.0,0.7494199535962753,2.315242538016842,49.496519721577656
688238.SH,20260901,6.6,261192,1723867.0,-1.19760479041916,13.397300795172496,37.81437125748504
688239.SH,20260901,51.9,29411,1526431.0,0.21239621548561072,4.655537780414778,46.27437729291366
688244.SH,20260901,15.43,10064,155288.0,0.0,4.014758908153523,45.0
688246.SH,20260901,17.85,23017,410853.0,0.5633802816901401,7.2947581903414624,48.38028169014084
688247.SH,20260901,9.19,20000,183800.0,0.21810250817884125,3.448049903599991,46.30861504907305
688248.SH,20260901,41.63,16638,692640.0,0.5070014485755614,5.207853380340756,48.04200869145337
688249.SH,20260901,38.7,58597,2267704.0,-0.18055197317513594,3.5082449675740315,43.916688160949185
688251.SH,20260901,20.8,8777,182562.0,0.24096385542169418,3.3828793602573803,46.44578313253017
688252.SH,20260901,21.02,30269,636254.0,-1.4995313964386137,7.562484658950013,36.002811621368316
688253.SH,20260901,57.6,1340,77184.0,-0.10405827263266776,0.9473540256249543,44.37565036420399
688255.SH,20260901,26.5801,6677,177475.0,-0.2622889305816001,2.132054513080976,43.4262664165104
688256.SH,20260901,1112.18,97987,108979182.0,0.0,10.15522151656894,45.0
688257.SH,20260901,56.9,62746,3570247.0,-0.8365284071104928,4.547433989776759,39.980829557337046
688258.SH,20260901,101.06,21642,2187141.0,0.6573705179282907,6.267694276826352,48.94422310756974
688259.SH,20260901,32.0199,2158,69099.0,-0.06273408239699796,1.0418197474076745,44.62359550561801
688260.SH,20260901,103.48,20261,2096608.0,0.15485869144407083,4.482120584360602,45.92915214866443
688261.SH,20260901,72.8801,5644,411335.0,-0.19159134483702767,1.5352592983663271,43.85045193097783
688262.SH,20260901,28.69,19222,551479.0,-0.17397355601947995,2.6713224010552703,43.95615866388312
688265.SH,20260901,39.08,9125,356605.0,-0.9378960709759299,2.793505540064238,39.37262357414442
688266.SH,20260901,116.23,5566,646936.0,-1.156560932052042,1.6886327667205474,38.06063440768775
688267.SH,20260901,19.66,1000,19660.0,-0.5563985837126917,0.5280556844657245,41.66160849772385
688268.SH,20260901,152.22,41508,6318348.0,-0.8790779449111108,4.231418580509464,39.72553233053333
688269.SH,20260901,28.45,2800,79660.0,-0.6634078212290562,1.413704736957926,41.01955307262566
688270.SH,20260901,58.5,26847,1570550.0,-0.18768128305749476,5.6207496223651106,43.87391230165503
688271.SH,20260901,104.7,4195,439217.0,0.191387559808609,0.952765754360074,46.14832535885165
688272.SH,20260901,29.55,10761,317988.0,-0.26999662504217925,10.037230059343102,43.38002024974693
688273.SH,20260901,29.57,4844,143237.0,0.47570506286103154,3.299607022025937,47.85423037716619
688275.SH,20260901,79.5,65249,5187296.0,0.4802831142568298,11.887565684018764,47.88169868554098
688276.SH,20260901,16.2901,5054,82330.0,0.0006138735420435637,1.3725559006441577,45.00368324125226
688277.SH,20260901,15.55,2558,39777.0,0.19329896907216426,0.549581001997376,46.15979381443299
688278.SH,20260901,56.69,10377,588272.0,-0.017636684303357075,4.4833702867612635,44.89417989417986
688279.SH,20260901,200.99,10332,2076629.0,1.7670886075949355,5.284160140468451,55.60253164556961
688280.SH,20260901,5.43998,16660,90630.0,0.9272727272727321,1.661820347703865,50.56363636363639
688281.SH,20260901,50.5,16737,845219.0,-0.7663588131263555,5.84847792355082,40.401847121241865
688282.SH,20260901,55.1498,1308,72136.0,0.58325734087179,2.3396546323887066,48.49954404523074
688283.SH,20260901,28.4301,3753,106698.0,0.7445074415308284,3.378293339701235,49.46704464918497
688285.SH,20260901,7.66998,6033,46273.0,0.13028720626631074,2.554506921867464,45.781723237597866
688286.SH,20260901,51.99,49104,2552917.0,0.6582768635043701,10.27713573895262,48.94966118102622
688288.SH,20260901,19.09,8797,167935.0,-0.6763787721123737,2.561385201265454,40.941727367325754
688289.SH,20260901,15.56,27660,430390.0,0.12870012870014325,4.49446030798608,45.77220077220086
688290.SH,20260901,,0,0.0,,0.0,0.0
688291.SH,20260901,42.3,45586,1928288.0,-1.3526119402985204,19.526496673057366,36.884328358208876
688292.SH,20260901,18.79,36620,688090.0,0.967221923696937,10.29529677346156,50.803331542181624
688293.SH,20260901,52.8302,2638,139366.0,-0.5080979284369236,0.7522397993190936,41.95141242937846
688295.SH,20260901,39.28,26074,1024187.0,-1.0080645161290258,7.887269542024909,38.95161290322584
688296.SH,20260901,24.43,35764,873715.0,0.16400164001639794,6.7713725944989775,45.98400984009839
688297.SH,20260901,38.97,60767,2368090.0,-0.07692307692307443,2.537047896257523,44.538461538461554
688298.SH,20260901,19.1599,1326,25406.0,-0.208854166666661,1.0991223071860388,43.74687500000003
688299.SH,20260901,12.94,8548,110611.0,0.0,1.4818808379762767,45.0
688300.SH,20260901,190.9,71543,13657559.0,-1.0880829015543991,4.443087155725387,38.47150259067361
688301.SH,20260901,98.0,4204,411992.0,-0.628675725005079,1.1203780320254968,41.22794564996953
688302.SH,20260901,33.0,1960,64680.0,-0.1814882032667997,0.8350683035003847,43.9110707803992
688303.SH,20260901,16.66,12291,204768.0,-0.4184100418410108,1.1067362315130829,42.48953974895394
688305.SH,20260901,58.34,13993,816352.0,-0.4436860068259385,5.12798131063783,42.33788395904437
688306.SH,20260901,8.72993,4236,36980.0,-0.0008018327606107434,0.8392386983902526,44.99518900343634
688307.SH,20260901,49.27,12914,636273.0,-0.5249343832020914,3.198342586040637,41.85039370078745
688308.SH,20260901,98.02,178419,17488630.0,-3.4380849177421013,12.254972464101082,24.37149049354739
688309.SH,20260901,78.49,5949,466937.0,0.7832562917308605,2.4594525611301457,49.69953775038516
688310.SH,20260901,15.36,5994,92068.0,-0.5825242718446644,4.521124574984434,41.504854368932016
688311.SH,20260901,23.5901,7423,175109.0,0.4689097103918183,2.8352982807981397,47.813458262350906
688312.SH,20260901,48.0,6661,319728.0,-0.5593536357986428,1.133772048733943,41.643878185208145
688313.SH,20260901,156.36,44319,6929719.0,-0.9941113151396119,3.112840379882349,39.035332109162326
688314.SH,20260901,,0,0.0,,0.0,0.0
688315.SH,20260901,14.7801,3301,48789.0,0.0006765899864591418,0.571201698368835,45.00405953991876
688316.SH,20260901,48.1402,2718,130845.0,0.31298187122317245,1.7453364388926025,46.877891227339035
688317.SH,20260901,17.18,500,8590.0,-0.40579710144927894,0.38159001852910507,42.56521739130433
688318.SH,20260901,87.3,55692,4861912.0,-0.7954545454545436,5.867837132845353,40.22727272727274
688319.SH,20260901,28.91,10594,306273.0,0.0,1.9136476203787187,45.0
688320.SH,20260901,34.9,6727,234772.0,-0.5981201936770209,2.306654854294481,41.41127883793787
688321.SH,20260901,25.39,31343,795799.0,-0.1180173092053538,4.245784267844981,44.291896144767875
688322.SH,20260901,100.77,55657,5608556.0,-0.7289922175155228,8.277939060149468,40.62604669490686
688323.SH,20260901,27.47,35080,963648.0,0.733406674000725,3.143224067051063,49.40044004400435
688325.SH,20260901,116.49,1300,151437.0,0.7263294422827471,1.7150030827972305,49.35797665369648
688326.SH,20260901,62.2402,2298,143028.0,-0.20811287477953133,0.9470041004069857,43.75132275132281
688327.SH,20260901,10.58,58891,623067.0,0.47483380816715215,2.4836191440375694,47.849002849002915
688328.SH,20260901,85.0,28324,2407540.0,-1.151296662402601,4.960130361968416,38.092220025584396
688329.SH,20260901,22.96,9355,214791.0,-0.08703220191470518,6.472287219839995,44.47780678851177
688330.SH,20260901,38.86,69051,2683322.0,-1.069246435845217,16.40275540558144,38.5845213849287
688331.SH,20260901,121.62,23482,2855881.0,-0.13138446378715418,5.883490048866049,44.21169321727707
688332.SH,20260901,95.8,17502,1676692.0,-0.5088794267317565,5.370446671793049,41.946723439609464
688333.SH,20260901,117.26,64789,7597158.0,-0.008527330092944485,7.41838734276683,44.94883601944233
688334.SH,20260901,18.36,4000,73440.0,0.0,2.8310458875762534,45.0
688335.SH,20260901,20.35,6357,129365.0,-0.828460038986345,2.5310821347060437,40.02923976608193
688336.SH,20260901,42.5399,7160,304586.0,-0.14107981220656818,1.8360823892737477,44.153521126760594
688337.SH,20260901,44.0,11341,499004.0,0.4336909381419618,3.778897466807991,47.60214562885177
688338.SH,20260901,30.0999,2162,65076.0,0.299566811062979,0.5220345324447399,46.79740086637787
688339.SH,20260901,17.48,3908,68312.0,-0.568828213879391,1.3747896518702227,41.58703071672365
688343.SH,20260901,59.99,26789,1607072.0,-0.28257978723403854,2.7665567634235813,43.30452127659577
688345.SH,20260901,53.86,2635,141921.0,0.9748781402324713,2.467705016251493,50.84926884139483
688347.SH,20260901,256.96,65246,16765612.0,0.374999999999992,5.174656681724314,47.24999999999995
688348.SH,20260901,30.7803,1884,57990.0,-0.09639727361245853,1.22977206273428,44.42161635832525
688349.SH,20260901,13.38,37301,499087.0,0.14970059880241582,3.6426296719803544,45.8982035928145
688350.SH,20260901,27.92,4462,124579.0,0.0,1.8151261013542321,45.0
688351.SH,20260901,17.55,14406,252825.0,-0.28409090909091717,2.2845491259657966,43.2954545454545
688352.SH,20260901,17.97,22047,396185.0,-0.05561735261402356,1.3271737632963845,44.66629588431586
688353.SH,20260901,90.55,13874,1256291.0,0.2768549280177224,2.9949352785630166,46.66112956810633
688355.SH,20260901,17.85,9439,168486.0,-0.27932960893852776,9.644496087014437,43.324022346368835
688356.SH,20260901,89.0,232394,20683066.0,-2.197802197802201,30.56712268442426,31.813186813186793
688357.SH,20260901,,0,0.0,,0.0,0.0
688358.SH,20260901,28.56,1000,28560.0,-0.06997900629810427,0.5546344769452178,44.580125962211376
688359.SH,20260901,97.94,5788,566877.0,0.020424836601296015,1.6775616966248266,45.122549019607774
688360.SH,20260901,15.25,11200,170800.0,-1.2305699481865218,5.273187545546077,37.61658031088087
688361.SH,20260901,362.06,7756,2808137.0,-1.0737998305964669,1.5300949370342192,38.557201016421196
688362.SH,20260901,64.49,38256,2467129.0,0.3423058969970416,2.540107939470612,47.05383538198225
688363.SH,20260901,35.5001,6181,219426.0,-0.19651391622153014,2.794327779235549,43.82091650267082
688365.SH,20260901,15.11,52963,800271.0,0.0,2.550757946320463,45.0
688366.SH,20260901,,0,0.0,,0.0,0.0
688367.SH,20260901,30.4199,4463,135764.0,0.6281839232550324,4.153617265419857,48.76910353953019
688368.SH,20260901,147.24,21471,3161390.0,-2.328358208955217,3.379762252313018,31.0298507462687
688369.SH,20260901,20.55,15647,321546.0,0.5873715124816492,4.092120602982076,48.524229074889895
688370.SH,20260901,24.03,1734,41668.0,0.12499999999999734,1.863770239729393,45.749999999999986
688371.SH,20260901,30.61,43482,1330984.0,1.9993335554814973,4.013705312855112,56.99600133288898
688372.SH,20260901,132.0,30739,4057548.0,0.9791921664626724,4.525038981062895,50.87515299877603
688373.SH,20260901,5.8,59109,342832.0,0.0,4.022385513067045,45.0
688375.SH,20260901,77.7601,4377,340356.0,0.00012860082303500775,1.6135884747771079,45.00077160493821
688376.SH,20260901,67.64,9310,629728.0,-0.23598820058996495,6.615280363958076,43.58407079646021
688377.SH,20260901,19.09,3800,72542.0,-0.156903765690386,2.2120952349354797,44.05857740585768
688378.SH,20260901,46.0,68118,3133428.0,2.885260568105563,4.387523836416785,62.311563408633376
688379.SH,20260901,59.45,11549,686588.0,-0.1343860238535166,3.3349231405783364,44.1936838568789
688380.SH,20260901,41.02,27716,1136910.0,-0.6298449612403001,3.1130363057698296,41.2209302325582
688381.SH,20260901,36.92,39139,1445012.0,-0.1352447930754619,4.508839217252042,44.18853124154723
688382.SH,20260901,19.85,2000,39700.0,-0.10065425264217387,0.2530773004470027,44.39607448414696
688383.SH,20260901,132.66,5714,758019.0,1.9990773489158897,3.5300977414390697,56.99446409349534
688385.SH,20260901,57.4,51929,2980725.0,-0.20862308762170656,3.9025518036331066,43.74826147426976
688386.SH,20260901,54.15,20732,1122638.0,0.0,4.56020878793737,45.0
688387.SH,20260901,13.76,84057,1156624.0,-0.217548948513413,2.343827082227029,43.69470630891952
688388.SH,20260901,30.07,123424,3711360.0,-0.033244680851052255,3.716686569356874,44.80053191489369
688389.SH,20260901,11.04,1349,14893.0,0.0,0.5183624674526809,45.0
688390.SH,20260901,65.0,40482,2631330.0,0.6503561474140662,3.8136953341203683,48.9021368844844
688391.SH,20260901,26.41,2000,52820.0,-0.33962264150942945,1.4311837434000807,42.962264150943426
688392.SH,20260901,183.46,13243,2429561.0,-0.7841652695906087,3.988835225968015,40.295008382456345
688393.SH,20260901,20.64,3100,63984.0,0.291545189504383,1.6544097256455303,46.7492711370263
688395.SH,20260901,23.23,1400,32522.0,0.1293103448275934,1.1033459078307535,45.77586206896556
688396.SH,20260901,61.0,59064,3602904.0,-0.6352826193191108,3.3425104993390082,41.18830428408533
688398.SH,20260901,20.91,4500,94095.0,0.48053820278712855,4.463581148303747,47.88322921672277
688399.SH,20260901,28.08,13547,380400.0,0.6451612903225712,8.937004199193794,48.87096774193543
688400.SH,20260901,48.48,48615,2356855.0,0.02063131834124654,4.334643692566185,45.12378791004748
688401.SH,20260901,69.9,9967,696693.0,-0.07147962830592602,1.6631273034810161,44.57112223016444
688403.SH,20260901,25.58,110504,2826692.0,0.669027941755207,2.320993223560003,49.01416765053124
688408.SH,20260901,23.98,36561,876733.0,-0.45662100456620447,5.610886550768302,42.260273972602775
688409.SH,20260901,202.53,11007,2229248.0,-1.026242486438933,1.5647831034242503,38.8425450813664
688410.SH,20260901,10.29,97446,1002719.0,-1.4367816091954033,5.369855513351967,36.37931034482758
688411.SH,20260901,184.66,5215,963002.0,-0.29157667386608965,2.311812703171725,43.250539956803465
688416.SH,20260901,79.44,19145,1520879.0,1.4429830162175916,4.148156047717409,53.65789809730555
688418.SH,20260901,33.3405,232,7735.0,0.09156409486639205,0.10091275488950674,18.713680449309564
688419.SH,20260901,52.95,7800,413010.0,0.0,2.032962202344315,45.0
688420.SH,20260901,22.7899,2998,68324.0,-0.00043878894251392353,3.768719211333561,44.99736726634492
688425.SH,20260901,4.04,48931,197681.0,0.0,2.4249844164135483,45.0
688426.SH,20260901,20.99,8333,174910.0,-0.1427212178877313,4.204674446031557,44.14367269267361
688428.SH,20260901,28.1801,3975,112016.0,-0.38847649346058777,0.40383816129445277,42.66914103923647
688429.SH,20260901,10.0101,1987,19890.0,0.3016032064128149,1.2798611752793367,46.80961923847689
688433.SH,20260901,111.8,46037,5146937.0,0.3140421713772934,6.986096916030868,46.88425302826376
688435.SH,20260901,30.18,10731,323862.0,-0.9842519685039353,5.727334645498991,39.094488188976385
688439.SH,20260901,39.44,11394,449379.0,0.07612281146918143,5.761066411687609,45.456736868815085
688443.SH,20260901,23.6,1700,40120.0,-0.33783783783782884,0.36692257382211013,42.972972972973025
688448.SH,20260901,68.68,15896,1091737.0,1.4775413711583862,7.459236537724909,53.865248226950314
688449.SH,20260901,68.42,28197,1929239.0,-0.5667780845807324,3.266752637599246,41.5993314925156
688450.SH,20260901,34.95,6666,232977.0,1.984242777939893,5.382338176676082,56.905456667639356
688455.SH,20260901,16.83,58279,980836.0,0.0,16.142456824339337,45.0
688456.SH,20260901,80.49,12505,1006527.0,-1.3723808356819078,1.5272175991137067,36.76571498590855
688458.SH,20260901,36.2,2500,90500.0,-0.7131102578167847,1.1234117037751277,40.72133845309929
688459.SH,20260901,8.0,200,1600.0,0.12515644555695093,0.08458020413009366,15.975375416758565
688466.SH,20260901,14.42,1950,28119.0,0.41782729805013297,1.6416197875696474,47.506963788300794
688468.SH,20260901,6.37,800,5096.0,-0.312989045383405,0.23905897081923105,41.15268047516116
688469.SH,20260901,8.73,727285,6349198.0,-0.45610034207524963,7.719290793035253,42.263397947548505
688472.SH,20260901,8.95,200124,1791110.0,-1.6483516483516536,4.453906027668064,35.109890109890074
688475.SH,20260901,29.44,31376,923709.0,0.5121201775349915,4.5735733731717385,48.07272106520995
688478.SH,20260901,47.63,14549,692969.0,0.676389769604735,3.0140130300263754,49.05833861762841
688479.SH,20260901,34.99,30097,1053094.0,2.100962941348117,12.342659640425135,57.605777648088704
688480.SH,20260901,,0,0.0,,0.0,0.0
688484.SH,20260901,37.3,4746,177026.0,-0.0803643182426983,0.5481636378787892,44.51781409054381
688485.SH,20260901,88.53,52578,4654730.0,-0.41619797525309643,8.078756459561735,42.502812148481425
688486.SH,20260901,42.7,2707,115589.0,-0.813008130081283,0.9259989459270579,40.121951219512304
688488.SH,20260901,16.49,31075,512427.0,1.5394088669950845,2.073123255478697,54.236453201970505
688489.SH,20260901,24.8901,2756,68597.0,0.0004017677782242046,1.6302052698808782,45.00241060666934
688496.SH,20260901,0.920013,33893,31182.0,0.0014130434782488877,7.400371940956509,45.008478260869495
688498.SH,20260901,1533.0,9777,14988141.0,0.0,3.1909381034262294,45.0
688499.SH,20260901,34.85,4441,154769.0,0.0,1.361929347080499,45.0
688500.SH,20260901,38.42,14447,555054.0,-0.9793814432989545,4.484114050835584,39.12371134020627
688501.SH,20260901,14.21,2900,41209.0,0.7087172218285032,0.8217873333075817,49.25230333097102
688502.SH,20260901,446.82,1400,625548.0,0.4360726488041644,1.1304257607960013,47.61643589282499
688503.SH,20260901,75.89,52376,3974815.0,0.2509907529722577,3.226647650114761,46.50594451783355
688505.SH,20260901,8.05,2500,20125.0,-0.49443757725585735,0.24415096184560417,40.98054766867361
688506.SH,20260901,263.03,1300,341939.0,-1.4278219157547567,0.8774504795745103,36.43306850547146
688507.SH,20260901,158.1,19801,3130538.0,0.11398176291794737,5.4994853577140885,45.68389057750768
688508.SH,20260901,91.5,30977,2834396.0,2.0749665327978617,5.296616304110147,57.44979919678717
688509.SH,20260901,4.34002,3238,14053.0,0.0004608294930985579,0.5735440335952408,45.00276497695859
688510.SH,20260901,24.69,9773,241295.0,-0.28271405492730217,2.1504840841763433,43.30371567043619
688511.SH,20260901,22.6499,2491,56421.0,0.26516157591853773,1.4835311243362683,46.59096945551123
688512.SH,20260901,13.8,9823,135557.0,-0.14471780028942893,1.1204693088225166,44.13169319826343
688513.SH,20260901,43.7397,1045,45708.0,-0.591590909090911,0.45585098926486284,41.450454545454534
688515.SH,20260901,157.68,9021,1422431.0,-0.01268230818007865,2.8932078503645333,44.92390615091953
688516.SH,20260901,45.77,10537,482278.0,-0.26149487905861024,1.4036237829232858,43.43103072564834
688517.SH,20260901,16.0,2334,37344.0,-0.18714909544604863,1.0150868037302048,43.877105427323706
688518.SH,20260901,21.35,17315,369675.0,-0.28024287716019725,1.7230945905354638,43.31854273703882
688519.SH,20260901,311.0,32495,10105945.0,-2.081168728944305,4.993251834910219,32.51298762633417
688520.SH,20260901,36.0,36171,1302156.0,2.651839178785287,15.169648522092315,60.91103507271172
688521.SH,20260901,199.92,61752,12345460.0,-0.1697792869269965,4.296595406513778,43.981324278438024
688522.SH,20260901,18.85,11312,213231.0,0.0,3.447609444190501,45.0
688523.SH,20260901,41.9901,4630,194414.0,-0.023571428571433906,1.752161404479026,44.858571428571395
688525.SH,20260901,235.01,70395,16543529.0,-0.22925068987477148,5.8161770666719494,43.624495860751374
688526.SH,20260901,12.5601,2553,32066.0,-0.5534441805225665,0.7105485931055868,41.679334916864605
688528.SH,20260901,10.35,10556,109255.0,-0.48076923076924016,4.511971001805407,42.115384615384556
688529.SH,20260901,15.87,1400,22218.0,0.44303797468352446,1.038310129468179,47.65822784810115
688530.SH,20260901,61.5,19578,1204047.0,-1.12540192926045,2.789212142379598,38.247588424437296
688531.SH,20260901,135.18,4801,648999.0,-1.3284671532846626,1.7784296467780902,37.02919708029202
688533.SH,20260901,20.6501,2515,51935.0,-0.6729196729196807,1.9933319429073806,40.96248196248192
688535.SH,20260901,105.8,15627,1653337.0,1.418711656441718,2.821787456890835,53.512269938650306
688536.SH,20260901,309.0,8000,2472000.0,-0.048520135856378044,2.747090921283903,44.70887918486173
688538.SH,20260901,2.25,497195,1118689.0,0.0,8.453542716453986,45.0
688539.SH,20260901,23.88,1500,35820.0,-0.9950248756218971,0.5111997266751209,39.029850746268615
688543.SH,20260901,39.62,9258,366802.0,-0.2517623363544885,0.8837380998404999,43.48942598187307
688545.SH,20260901,78.8,19712,1553306.0,0.7672634271099765,2.3154934018620934,49.60358056265986
688548.SH,20260901,33.33,43420,1447189.0,-0.8625817965496663,1.4619916981071523,39.824509220702005
688549.SH,20260901,24.5,155371,3806590.0,-0.3660024400162665,2.9315303079235746,42.8039853599024
688550.SH,20260901,40.0,12749,509960.0,-0.4975124378109541,4.826018192506285,42.014925373134275
688551.SH,20260901,40.96,25406,1040630.0,-0.871248789932233,4.049537766723214,39.7725072604066
688552.SH,20260901,30.98,22607,700365.0,-0.0645161290322549,3.331836183905083,44.61290322580647
688553.SH,20260901,11.51,16215,186635.0,-0.17346053772766545,1.3214547343499305,43.959236773634004
688556.SH,20260901,7.90001,32523,256932.0,-0.1262958280657367,1.570539579297331,44.24222503160558
688557.SH,20260901,21.18,8400,177912.0,-0.28248587570620654,4.266882987919396,43.30508474576276
688558.SH,20260901,33.65,8043,270647.0,-1.4641288433382194,4.948449529268607,36.215226939970684
688559.SH,20260901,56.85,23462,1333815.0,0.0,2.4906021951257618,45.0
688560.SH,20260901,12.4801,3849,48036.0,0.08099438652766633,1.5899201524861717,45.485966319165996
688561.SH,20260901,26.7,49124,1311611.0,-0.5216095380029873,3.3103619545300362,41.870342771982074
688562.SH,20260901,14.35,21824,313174.0,0.7017543859649145,6.365392479757916,49.21052631578949
688563.SH,20260901,49.89,1800,89802.0,-0.1001201441729993,1.4309530039926524,44.399279134962
688565.SH,20260901,11.6,7348,85237.0,-0.5145797598627877,3.425859445110205,41.91252144082328
688566.SH,20260901,25.29,400,10116.0,-0.2366863905325478,0.36508367980674383,43.579881656804716
688567.SH,20260901,9.21,81096,746894.0,-0.21668472372696757,6.910094151228602,43.6998916576382
688568.SH,20260901,32.0,16630,532160.0,-1.1124845488257096,2.165838060773328,38.32509270704574
688569.SH,20260901,18.56,1200,22272.0,0.0,0.3518790875708271,45.0
688570.SH,20260901,14.87,1200,17844.0,-0.33512064343164116,1.118556733342945,42.98927613941015
688571.SH,20260901,,0,0.0,,0.0,0.0
688573.SH,20260901,16.52,11192,184892.0,0.7317073170731714,7.0432034469534885,49.390243902439025
688575.SH,20260901,10.31,73667,759507.0,0.3894839337877487,4.161435082345275,47.336903602726494
688576.SH,20260901,40.5599,6256,253743.0,0.12317946186126694,11.080702931150581,45.7390767711676
688577.SH,20260901,43.3799,2414,104719.0,-0.18430740911182797,2.3810659068829265,43.894155545329035
688578.SH,20260901,110.88,12879,1428024.0,-0.4399748585795171,3.1507858278605565,42.3601508485229
688579.SH,20260901,8.06989,4221,34063.0,-0.24857849196540105,1.0388391595305373,43.50852904820759
688580.SH,20260901,46.0,4900,225400.0,-0.19527012367108743,3.0662576237278825,43.828379257973474
688581.SH,20260901,52.09,200,10418.0,0.03840983291722999,0.6938733672446348,45.230458997503376
688582.SH,20260901,43.82,12845,562868.0,0.0913659205116435,2.3797466860217433,45.548195523069865
688583.SH,20260901,92.0,27479,2528068.0,0.8771929824561431,10.359880138591306,50.26315789473686
688584.SH,20260901,27.76,29670,823639.0,-0.8571428571428563,3.0747462752608907,39.85714285714286
688585.SH,20260901,154.0,3359,517286.0,-0.20736132711248745,1.2152628572405078,43.75583203732508
688586.SH,20260901,11.48,10600,121688.0,-0.08703220191470518,2.2713616403140335,44.47780678851177
688588.SH,20260901,9.5,6962,66139.0,0.10537407797681642,1.4850091737862416,45.6322444678609
688589.SH,20260901,20.0,3110,62200.0,0.30090270812437314,0.6894586701949511,46.80541624874624
688590.SH,20260901,12.47,23991,299168.0,-0.3197442046362853,3.0263918367134712,43.08153477218229
688591.SH,20260901,30.6,28655,876843.0,-1.4175257731958713,5.959162667519068,36.49484536082477
688592.SH,20260901,24.11,11408,275047.0,0.04149377593360981,13.004641012437357,45.24896265560166
688593.SH,20260901,30.26,23807,720400.0,-0.6892024942566355,0.7795495895354354,40.86478503446018
688595.SH,20260901,30.0101,7255,217723.0,-0.4970159151193587,2.3015212135238703,42.017904509283845
688596.SH,20260901,71.1,424792,30202711.0,5.489614243323415,14.01010007673107,77.9376854599405
688597.SH,20260901,6.67002,18171,121201.0,0.15045045045045669,3.5715036085885936,45.90270270270274
688598.SH,20260901,36.5,54662,1995163.0,0.137174211248281,4.510551392013691,45.82304526748969
688599.SH,20260901,12.05,96962,1168392.0,-0.1657000828500399,4.016620451953201,44.00579950289976
688600.SH,20260901,30.4,26947,819189.0,-0.06574621959238858,8.640795301377889,44.60552268244567
688601.SH,20260901,64.08,61153,3918684.0,-0.8969996906897593,8.824664670718905,39.61800185586144
688602.SH,20260901,6.94,17668,122616.0,-0.43041606886655703,4.371622261688454,42.417503586800656
688603.SH,20260901,118.01,21430,2528954.0,-0.965088956025506,4.027186901073442,39.20946626384696
688605.SH,20260901,72.13,76035,5484405.0,1.192480359147008,9.591086555514485,52.154882154882046
688606.SH,20260901,46.44,600,27864.0,-0.08605851979345269,2.4727756400716383,44.48364888123928
688607.SH,20260901,41.68,2100,87528.0,1.1159631246967505,0.9458690739456772,51.6957787481805
688608.SH,20260901,105.05,9289,975809.0,-0.812010197337365,1.996392610337641,40.12793881597581
688609.SH,20260901,9.28002,18006,167096.0,-0.5356913183279688,1.262866764540806,41.785852090032186
688610.SH,20260901,173.95,3194,555596.0,1.1925538103548572,1.8682866958629027,52.15532286212914
688611.SH,20260901,60.59,400,24236.0,-0.19766101136550196,0.2804241518274396,43.81403393180699
688612.SH,20260901,33.78,600,20268.0,-1.7452006980802848,0.2120820489654005,27.703564625290383
688613.SH,20260901,15.75,35218,554684.0,0.7677543186180413,14.666520711141855,49.606525911708246
688615.SH,20260901,99.61,9084,904857.0,-0.3401700850425238,1.8249729160967725,42.958979489744856
688616.SH,20260901,11.3499,3012,34186.0,-0.0008810572687201201,1.7050421686963315,44.99471365638768
688617.SH,20260901,243.98,1649,402323.0,-0.48131832272801933,0.9630397912737406,42.11209006363188
688618.SH,20260901,30.7105,1050,32246.0,-0.5488989637305708,0.5888627941106781,41.706606217616574
688619.SH,20260901,15.12,32378,489555.0,-0.5917159763313751,5.208809745344632,41.44970414201175
688620.SH,20260901,16.87,89849,1515753.0,0.2376708259061333,5.462095775352681,46.4260249554368
688621.SH,20260901,68.52,7367,504787.0,-0.5082038623493657,3.3713873565497177,41.95077682590381
688622.SH,20260901,88.8701,5210,463013.0,-0.011138613861383373,10.650687189266876,44.9331683168317
688623.SH,20260901,58.81,16450,967425.0,-0.3220338983050852,33.956243838701546,43.06779661016949
688625.SH,20260901,58.0,16415,952070.0,1.239308779891779,2.027947198557312,52.435852679350674
688626.SH,20260901,42.89,4037,173147.0,-0.39479795633999837,2.520221140537214,42.63121226196001
688627.SH,20260901,522.0,19002,9919044.0,-0.057438253877073464,2.7584579579379387,44.65537047673756
688628.SH,20260901,80.79,12391,1001069.0,-0.3576714356191335,4.425401802544826,42.853971386285195
688629.SH,20260901,135.31,106592,14422964.0,-0.7190549563430793,10.733286509902117,40.685670261941524
688630.SH,20260901,419.0,7407,3103533.0,0.047755491881562584,2.4230668319221014,45.286532951289374
688631.SH,20260901,40.0499,4345,174017.0,0.09972506873281439,1.6992446775042238,45.59835041239688
688633.SH,20260901,23.67,48644,1151403.0,-0.1687051876845147,7.894994136264487,43.98776887389291
688635.SH,20260901,298.45,8150,2432368.0,2.0830482966206043,5.887093695125058,57.49828977972363
688636.SH,20260901,20.6,21366,440140.0,-0.04852013585636694,3.6103095492236434,44.7088791848618
688638.SH,20260901,33.77,8910,300891.0,-0.47155909224874115,19.76393445034979,42.17064544650755
688639.SH,20260901,16.9801,3263,55406.0,0.11851415094339401,0.4351640069806885,45.711084905660364
688646.SH,20260901,,0,0.0,,0.0,0.0
688648.SH,20260901,33.17,10700,354919.0,-0.060259114191008045,2.446540320503613,44.63844531485395
688651.SH,20260901,23.01,8525,196160.0,-1.8344709897610945,4.853979018121406,33.993174061433436
688652.SH,20260901,145.51,12206,1776095.0,0.3033018542772492,2.4296314123178684,46.81981112566349
688653.SH,20260901,14.36,73726,1058705.0,-0.5540166204986208,6.596830856796981,41.675900277008274
688655.SH,20260901,43.5,41293,1796246.0,0.23041474654377225,4.208546946804795,46.38248847926263
688656.SH,20260901,96.2498,1065,102506.0,-0.19722107009539913,0.9946553359058175,43.81667357942761
688657.SH,20260901,33.3701,3740,124804.0,0.0002996703626134689,4.048748089679881,45.00179802217568
688658.SH,20260901,13.35,56217,750497.0,-0.3731343283582156,3.633064023862544,42.76119402985071
688659.SH,20260901,10.59,5600,59304.0,0.5698005698005826,2.65105928379021,48.41880341880349
688660.SH,20260901,7.48004,8493,63528.0,-0.13297730307076927,0.542475883912142,44.20213618157538
688661.SH,20260901,107.9,6081,656140.0,-0.09259259259258856,1.8271002507496967,44.44444444444447
688662.SH,20260901,91.0,53658,4882878.0,0.5635981876450424,6.744769932179927,48.381589125870256
688663.SH,20260901,54.899,208,11419.0,-0.5452898550724727,0.09318272369943328,13.501151135463155
688665.SH,20260901,46.6,1860,86676.0,1.969365426695835,4.2325878204838965,56.81619256017501
688667.SH,20260901,90.1896,1271,114631.0,-0.2989166482423089,2.5464788877571305,43.206500110546145
688668.SH,20260901,266.29,8735,2326043.0,0.486792452830187,2.1709057141465986,47.92075471698112
688669.SH,20260901,75.7801,3088,234009.0,-0.15797101449275264,1.2787002313150788,44.05217391304348
688670.SH,20260901,16.24,1300,21112.0,0.0,0.6385245461604826,45.0
688671.SH,20260901,25.3,2600,65780.0,0.0,2.5296710454690485,45.0
688676.SH,20260901,66.03,31250,2063438.0,-0.900495272399815,3.190119640872982,39.59702836560111
688677.SH,20260901,94.0,39995,3759530.0,0.0,4.4329008228746,45.0
688678.SH,20260901,21.12,35563,751091.0,-0.4243281471004279,2.414632507560485,42.454031117397435
688679.SH,20260901,43.15,56808,2451265.0,1.0302036993678154,11.182349355869597,51.18122219620689
688680.SH,20260901,33.77,3604,121707.0,-0.14784151389709566,2.4622933699331417,44.11295091661743
688681.SH,20260901,16.85,1600,26960.0,0.1783590963139181,0.6587008654904247,46.07015457788351
688682.SH,20260901,31.8799,4464,142312.0,0.06246076585059157,4.144404263582969,45.37476459510355
688683.SH,20260901,,0,0.0,,0.0,0.0
688685.SH,20260901,39.4299,3573,140883.0,-0.00025361399947909646,1.5391399779654646,44.99847831600312
688686.SH,20260901,152.0,13397,2036344.0,1.2321012321012237,4.696898491791201,52.392607392607346
688687.SH,20260901,17.96,1900,34124.0,0.05571030640669772,0.8536576732164706,45.334261838440185
688689.SH,20260901,40.67,11517,468396.0,0.09844942160963654,2.4877052853051347,45.59069652965782
688690.SH,20260901,36.26,20230,733540.0,-0.7119386637459035,1.8144673606747483,40.72836801752458
688691.SH,20260901,66.89,2600,173914.0,0.0,0.8531018624098476,45.0
688692.SH,20260901,216.44,5116,1107307.0,0.05084824111309949,4.028251686120802,45.30508944667859
688693.SH,20260901,77.49,6600,511434.0,-0.012903225806459862,3.6214014078681775,44.92258064516124
688695.SH,20260901,19.97,3200,63904.0,0.0,2.2998479280261037,45.0
688696.SH,20260901,75.69,23597,1786057.0,0.31809145129224614,5.363079268694392,46.908548707753475
688697.SH,20260901,15.6,29934,466970.0,0.06414368184732844,2.6531551072019943,45.384862091083974
688698.SH,20260901,43.18,1100,47498.0,-0.09254974548820183,0.3773992229141985,44.44470152707079
688699.SH,20260901,62.3699,4982,310727.0,-0.98444197491665,1.5104251206504606,39.0933481505001
688700.SH,20260901,63.51,104596,6642892.0,-0.3608409162221604,6.776994454684887,42.83495450266704
688701.SH,20260901,9.39,22900,215031.0,0.0,6.9307697866384865,45.0
688702.SH,20260901,383.0,44127,16900641.0,-1.7948717948717996,9.104241906646154,34.2307692307692
688707.SH,20260901,10.46,8740,91420.0,0.0956937799043267,1.617923319849813,45.57416267942596
688708.SH,20260901,40.7999,2034,82987.0,-0.77845330739299,1.4129391494115515,40.32928015564206
688709.SH,20260901,25.6001,6451,165146.0,-0.5048581422464005,1.8286931957068573,41.970851146521596
688710.SH,20260901,86.2,6235,537457.0,0.11614401858304202,1.2187122577133176,45.69686411149825
688711.SH,20260901,25.7,21826,560928.0,0.19493177387914784,3.4711681123534484,46.16959064327489
688712.SH,20260901,32.23,2739,88278.0,0.062092517851586315,1.5160964817710083,45.37255510710952
688716.SH,20260901,28.58,3500,100030.0,0.8824567596187771,1.8669738485359935,50.294740557712664
688717.SH,20260901,48.0,24144,1158912.0,0.0,4.3203990732439195,45.0
688718.SH,20260901,14.24,12831,182713.0,-0.7665505226480795,8.336648135712252,40.400696864111524
688719.SH,20260901,52.36,17151,898026.0,0.0,3.382851610940942,45.0
688720.SH,20260901,64.78,15120,979474.0,0.04633204633204269,4.369496307140053,45.277992277992254
688721.SH,20260901,41.98,5400,226692.0,1.5481373971939938,1.5216743852693446,54.28882438316396
688722.SH,20260901,14.56,17234,250927.0,-0.4784688995215336,6.342586202054772,42.129186602870796
688726.SH,20260901,45.2799,4898,221781.0,-0.9625984251968478,0.7832109513176413,39.22440944881891
688727.SH,20260901,49.98,11179,558726.0,-1.0297029702970306,4.033018191725281,38.821782178217816
688728.SH,20260901,15.15,51019,772938.0,-0.06596306068601399,2.5117757299469425,44.60422163588392
688729.SH,20260901,24.87,75400,1875198.0,-0.12048192771083599,2.5478821993343685,44.27710843373498
688733.SH,20260901,30.85,27772,856766.0,0.06487187804087302,4.591486304877057,45.38923126824524
688737.SH,20260901,17.85,4481,79986.0,0.45019696117052366,3.137951956922188,47.701181767023144
688739.SH,20260901,20.7999,3203,66622.0,0.2888138862102263,2.0136619628528303,46.732883317261354
688750.SH,20260901,14.3298,931,13341.0,-0.3490959666203053,0.3541884516723915,42.90542420027817
688755.SH,20260901,27.2494,445,12126.0,-0.9472918938567831,0.4469777854694621,39.3162486368593
688757.SH,20260901,31.3,8889,278226.0,-0.31847133757960666,1.109134468974516,43.08917197452236
688758.SH,20260901,27.58,27613,761567.0,-0.8270406328658719,3.9473806493949564,40.03775620280477
688759.SH,20260901,24.98,13289,331959.0,1.1336032388663986,5.600559868716111,51.80161943319839
688765.SH,20260901,37.5,12179,456713.0,0.8064516129032251,3.8377793403891283,49.83870967741935
688766.SH,20260901,412.0,32776,13503712.0,-0.7228915662650603,5.4593686470493035,40.66265060240964
688767.SH,20260901,39.12,56107,2194906.0,1.3209013209013243,22.037727252961382,52.925407925407946
688768.SH,20260901,43.99,2100,92379.0,1.499769266266715,1.619422339592754,53.99861559760029
688772.SH,20260901,15.94,72785,1160193.0,0.441083805923137,3.8614622016418334,47.646502835538826
688775.SH,20260901,116.72,12169,1420366.0,0.12008920912678356,3.357705157551959,45.720535254760705
688776.SH,20260901,48.62,4200,204204.0,-0.30756612671725136,3.8098668169787024,43.15460323969649
688777.SH,20260901,97.94,75294,7374294.0,0.13291074532255642,6.8728750693882,45.79746447193534
688778.SH,20260901,45.62,7513,342743.0,-0.21872265966754734,1.8261384663419502,43.687664041994715
688779.SH,20260901,8.01,77785,623058.0,0.12499999999999734,4.030820445839181,45.749999999999986
688781.SH,20260901,40.44,12512,505985.0,-1.485992691839222,3.807750605109769,36.08404384896467
688783.SH,20260901,31.0,36749,1139219.0,-0.22529771483746908,2.0994812924694766,43.648213710975185
688785.SH,20260901,273.32,724,197884.0,-0.8956089778454746,1.4200124273691745,39.626346132927154
688786.SH,20260901,27.61,11398,314699.0,-0.7905138339920903,2.127318518384123,40.25691699604746
688787.SH,20260901,99.49,15425,1534633.0,-0.26065162907268347,5.186245998276782,43.4360902255639
688788.SH,20260901,31.6,12387,391429.0,-1.1573350015639527,3.315586322022462,38.05598999061628
688789.SH,20260901,44.1,14629,645139.0,-0.4514672686230181,7.183444243157103,42.291196388261895
688790.SH,20260901,115.99,12105,1404059.0,-1.4528462192013647,12.161446781328584,36.282922684791814
688793.SH,20260901,19.7699,4324,85485.0,-0.0005058168942806418,1.741932297162952,44.99696509863432
688795.SH,20260901,535.8,4534,2429317.0,-0.016794491406824097,7.011106036041837,44.89923305155906
688796.SH,20260901,116.2,6373,740543.0,-0.7177033492822948,1.737920618813073,40.69377990430623
688797.SH,20260901,304.8,9042,2756002.0,0.5774624649397708,4.0014127125422645,48.464774789638625
688798.SH,20260901,67.19,96740,6499961.0,-1.3362701908957386,18.01740527272938,36.982378854625566
688799.SH,20260901,46.2,15708,725710.0,-0.9646302250803762,3.1568040114426545,39.212218649517744
688800.SH,20260901,65.32,19118,1248788.0,-0.36607687614400586,1.712402485982532,42.80353874313597
688802.SH,20260901,685.2,4989,3418463.0,-0.868055555555558,6.6704533631429825,39.79166666666665
688805.SH,20260901,,0,0.0,,0.0,0.0
688806.SH,20260901,23.63,2473,58437.0,0.0,0.7631909617879112,45.0
688807.SH,20260901,324.12,1102,357180.0,0.18545994065282123,0.5801919580638462,46.11275964391693
688808.SH,20260901,2445.0,5559,13591755.0,0.12449016363904608,10.926950990091736,45.74694098183428
688809.SH,20260901,478.76,11051,5290777.0,1.494562337029115,8.7011664031039,53.96737402217469
688811.SH,20260901,21.81,10714,233672.0,-0.7734303912647955,2.464769118339053,40.359417652411224
688813.SH,20260901,120.53,15519,1870505.0,0.27454242928453,4.007888884124288,46.64725457570718
688816.SH,20260901,48.0301,5618,269833.0,0.18794326241133863,4.897637287915632,46.127659574468034
688818.SH,20260901,46.04,24464,1126323.0,-0.021715526601517876,5.286785598842273,44.86970684039089
688819.SH,20260901,21.46,7629,163718.0,-0.4638218923933124,3.6800001618392675,42.217068645640126
688820.SH,20260901,135.29,74007,10012407.0,-0.19181113980082376,7.835691060739447,43.849133161195056
688825.SH,20260901,58.5,2216464,129663144.0,0.8446819513876935,9.836386773583499,50.068091708326165
688826.SH,20260901,833.0,10988,9153004.0,-1.9076778144135664,10.876991824044635,33.5539331135186
688828.SH,20260901,103.02,37446,3857687.0,0.5073170731707322,8.997785376254614,48.04390243902439
688835.SH,20260901,275.85,19118,5273700.0,-3.2105263157894637,5.0232114335481715,25.736842105263218
688836.SH,20260901,561.97,19436,10922449.0,-0.5186758718357165,3.669306351834212,41.887944768985705
688981.SH,20260901,128.0,131554,16838912.0,-0.5439005439005329,5.638898102102742,41.7365967365968
689009.SH,20260901,42.0,15164,636888.0,-0.40313018733697525,1.6137063712365043,42.58121887597815
900901.SH,20260901,,0,0.0,,,0.0
900902.SH,20260901,0.168,3500,588.0,,,0.0
900903.SH,20260901,0.186,500,93.0,,,0.0
900904.SH,20260901,,0,0.0,,,0.0
900905.SH,20260901,2.78,4800,13344.0,,,0.0
900906.SH,20260901,0.215455,1100,237.0,,,0.0
900908.SH,20260901,0.606923,1300,789.0,,,0.0
900909.SH,20260901,0.503962,5300,2671.0,,,0.0
900910.SH,20260901,,0,0.0,,,0.0
900911.SH,20260901,0.683125,1600,1093.0,,,0.0
900912.SH,20260901,0.642,1000,642.0,,,0.0
900913.SH,20260901,,0,0.0,,,0.0
900914.SH,20260901,0.433947,7600,3298.0,,,0.0
900915.SH,20260901,,0,0.0,,,0.0
900916.SH,20260901,,0,0.0,,,0.0
900917.SH,20260901,0.2575,400,103.0,,,0.0
900918.SH,20260901,0.31,1000,310.0,,,0.0
900920.SH,20260901,0.28,600,168.0,,,0.0
900921.SH,20260901,0.196154,1300,255.0,,,0.0
900922.SH,20260901,,0,0.0,,,0.0
900923.SH,20260901,0.582,500,291.0,,,0.0
900924.SH,20260901,,0,0.0,,,0.0
900925.SH,20260901,1.346,2000,2692.0,,,0.0
900926.SH,20260901,0.857,4000,3428.0,,,0.0
900927.SH,20260901,,0,0.0,,,0.0
900928.SH,20260901,,0,0.0,,,0.0
900929.SH,20260901,,0,0.0,,,0.0
900932.SH,20260901,,0,0.0,,,0.0
900934.SH,20260901,1.50833,1200,1810.0,,,0.0
900936.SH,20260901,1.289,25900,33385.0,,,0.0
900937.SH,20260901,0.198,14000,2772.0,,,0.0
900938.SH,20260901,,0,0.0,,,0.0
900939.SH,20260901,0.425,7000,2975.0,,,0.0
900940.SH,20260901,,0,0.0,,,0.0
900941.SH,20260901,0.481944,7200,3470.0,,,0.0
900942.SH,20260901,,0,0.0,,,0.0
900943.SH,20260901,,0,0.0,,,0.0
900945.SH,20260901,,0,0.0,,,0.0
900946.SH,20260901,,0,0.0,,,0.0
900947.SH,20260901,,0,0.0,,,0.0
900948.SH,20260901,3.351,81100,271766.0,,,0.0
501001.SH,20260901,,0,0.0,,,0.0
501005.SH,20260901,1.06,2800,2968.0,,,0.0
501007.SH,20260901,,0,0.0,,,0.0
501008.SH,20260901,,0,0.0,,,0.0
501009.SH,20260901,,0,0.0,,,0.0
501010.SH,20260901,,0,0.0,,,0.0
501011.SH,20260901,,0,0.0,,,0.0
501012.SH,20260901,,0,0.0,,,0.0
501015.SH,20260901,3.0625,400,1225.0,,,0.0
501016.SH,20260901,1.21,200,242.0,,,0.0
501017.SH,20260901,,0,0.0,,,0.0
501018.SH,20260901,1.855,1780800,3303384.0,,,0.0
501019.SH,20260901,,0,0.0,,,0.0
501021.SH,20260901,,0,0.0,,,0.0
501022.SH,20260901,,0,0.0,,,0.0
501025.SH,20260901,1.89,328300,620487.0,,,0.0
501026.SH,20260901,2.514,500,1257.0,,,0.0
501028.SH,20260901,,0,0.0,,,0.0
501029.SH,20260901,1.76,100,176.0,,,0.0
501030.SH,20260901,,0,0.0,,,0.0
501031.SH,20260901,,0,0.0,,,0.0
501032.SH,20260901,,0,0.0,,,0.0
501036.SH,20260901,,0,0.0,,,0.0
501037.SH,20260901,,0,0.0,,,0.0
501038.SH,20260901,,0,0.0,,,0.0
501043.SH,20260901,1.60333,300,481.0,,,0.0
501045.SH,20260901,,0,0.0,,,0.0
501047.SH,20260901,,0,0.0,,,0.0
501048.SH,20260901,,0,0.0,,,0.0
501050.SH,20260901,1.74,100,174.0,,,0.0
501051.SH,20260901,,0,0.0,,,0.0
501053.SH,20260901,,0,0.0,,,0.0
501057.SH,20260901,,0,0.0,,,0.0
501058.SH,20260901,,0,0.0,,,0.0
501059.SH,20260901,,0,0.0,,,0.0
501060.SH,20260901,,0,0.0,,,0.0
501061.SH,20260901,,0,0.0,,,0.0
501062.SH,20260901,,0,0.0,,,0.0
501064.SH,20260901,,0,0.0,,,0.0
501065.SH,20260901,,0,0.0,,,0.0
501070.SH,20260901,,0,0.0,,,0.0
501071.SH,20260901,,0,0.0,,,0.0
501073.SH,20260901,,0,0.0,,,0.0
501075.SH,20260901,,0,0.0,,,0.0
501076.SH,20260901,1.705,400,682.0,,,0.0
501077.SH,20260901,,0,0.0,,,0.0
501078.SH,20260901,,0,0.0,,,0.0
501079.SH,20260901,,0,0.0,,,0.0
501080.SH,20260901,1.60708,2400,3857.0,,,0.0
501081.SH,20260901,,0,0.0,,,0.0
501082.SH,20260901,,0,0.0,,,0.0
501083.SH,20260901,,0,0.0,,,0.0
501085.SH,20260901,3.22701,10700,34529.0,,,0.0
501087.SH,20260901,,0,0.0,,,0.0
501088.SH,20260901,,0,0.0,,,0.0
501089.SH,20260901,,0,0.0,,,0.0
501090.SH,20260901,,0,0.0,,,0.0
501091.SH,20260901,,0,0.0,,,0.0
501092.SH,20260901,,0,0.0,,,0.0
501093.SH,20260901,,0,0.0,,,0.0
501095.SH,20260901,0.895,1600,1432.0,,,0.0
501096.SH,20260901,1.57708,4800,7570.0,,,0.0
501097.SH,20260901,1.995,200,399.0,,,0.0
501098.SH,20260901,1.755,200,351.0,,,0.0
501099.SH,20260901,,0,0.0,,,0.0
501186.SH,20260901,0.8375,800,670.0,,,0.0
501188.SH,20260901,,0,0.0,,,0.0
501189.SH,20260901,1.0625,800,850.0,,,0.0
501200.SH,20260901,1.48308,1300,1928.0,,,0.0
501201.SH,20260901,2.35,200,470.0,,,0.0
501202.SH,20260901,,0,0.0,,,0.0
501203.SH,20260901,,0,0.0,,,0.0
501205.SH,20260901,0.97,8200,7954.0,,,0.0
501206.SH,20260901,,0,0.0,,,0.0
501207.SH,20260901,,0,0.0,,,0.0
501208.SH,20260901,,0,0.0,,,0.0
501209.SH,20260901,,0,0.0,,,0.0
501210.SH,20260901,,0,0.0,,,0.0
501211.SH,20260901,,0,0.0,,,0.0
501212.SH,20260901,,0,0.0,,,0.0
501213.SH,20260901,,0,0.0,,,0.0
501215.SH,20260901,,0,0.0,,,0.0
501216.SH,20260901,,0,0.0,,,0.0
501217.SH,20260901,,0,0.0,,,0.0
501218.SH,20260901,,0,0.0,,,0.0
501219.SH,20260901,,0,0.0,,,0.0
501220.SH,20260901,,0,0.0,,,0.0
501222.SH,20260901,,0,0.0,,,0.0
501225.SH,20260901,3.44,60400,207776.0,,,0.0
501227.SH,20260901,1.1,800,880.0,,,0.0
501300.SH,20260901,0.927,389700,361252.0,,,0.0
501301.SH,20260901,1.22,600,732.0,,,0.0
501302.SH,20260901,,0,0.0,,,0.0
501303.SH,20260901,0.99,100,99.0,,,0.0
501305.SH,20260901,,0,0.0,,,0.0
501306.SH,20260901,,0,0.0,,,0.0
501307.SH,20260901,,0,0.0,,,0.0
501310.SH,20260901,,0,0.0,,,0.0
501311.SH,20260901,,0,0.0,,,0.0
501312.SH,20260901,2.38701,76500,182606.0,,,0.0
502000.SH,20260901,,0,0.0,,,0.0
502003.SH,20260901,1.395,200,279.0,,,0.0
502006.SH,20260901,,0,0.0,,,0.0
502010.SH,20260901,,0,0.0,,,0.0
502013.SH,20260901,,0,0.0,,,0.0
502023.SH,20260901,,0,0.0,,,0.0
502048.SH,20260901,,0,0.0,,,0.0
502053.SH,20260901,,0,0.0,,,0.0
502056.SH,20260901,,0,0.0,,,0.0
506000.SH,20260901,1.32,206100,272052.0,,,0.0
506001.SH,20260901,1.775,200,355.0,,,0.0
506002.SH,20260901,2.17,300,651.0,,,0.0
506003.SH,20260901,1.22,400,488.0,,,0.0
506005.SH,20260901,1.52,10000,15200.0,,,0.0
506006.SH,20260901,1.35833,600,815.0,,,0.0
506008.SH,20260901,,0,0.0,,,0.0
508000.SH,20260901,1.94092,2742,5322.0,,,0.0
508001.SH,20260901,4.72,2100,9912.0,,,0.0
508002.SH,20260901,,0,0.0,,,0.0
508003.SH,20260901,,0,0.0,,,0.0
508005.SH,20260901,,0,0.0,,,0.0
508006.SH,20260901,3.49,400,1396.0,,,0.0
508007.SH,20260901,,0,0.0,,,0.0
508008.SH,20260901,7.44,100,744.0,,,0.0
508009.SH,20260901,,0,0.0,,,0.0
508010.SH,20260901,2.44667,600,1468.0,,,0.0
508011.SH,20260901,3.39,600,2034.0,,,0.0
508012.SH,20260901,,0,0.0,,,0.0
508015.SH,20260901,,0,0.0,,,0.0
508016.SH,20260901,,0,0.0,,,0.0
508017.SH,20260901,3.71,100,371.0,,,0.0
508018.SH,20260901,5.71417,1200,6857.0,,,0.0
508019.SH,20260901,1.36501,37700,51461.0,,,0.0
508020.SH,20260901,,0,0.0,,,0.0
508021.SH,20260901,,0,0.0,,,0.0
508022.SH,20260901,,0,0.0,,,0.0
508026.SH,20260901,,0,0.0,,,0.0
508027.SH,20260901,2.54401,21200,53933.0,,,0.0
508028.SH,20260901,,0,0.0,,,0.0
508029.SH,20260901,,0,0.0,,,0.0
508030.SH,20260901,,0,0.0,,,0.0
508031.SH,20260901,3.84833,600,2309.0,,,0.0
508033.SH,20260901,,0,0.0,,,0.0
508036.SH,20260901,,0,0.0,,,0.0
508039.SH,20260901,,0,0.0,,,0.0
508048.SH,20260901,3.13167,1200,3758.0,,,0.0
508050.SH,20260901,,0,0.0,,,0.0
508055.SH,20260901,,0,0.0,,,0.0
508056.SH,20260901,2.385,1400,3339.0,,,0.0
508058.SH,20260901,,0,0.0,,,0.0
508059.SH,20260901,,0,0.0,,,0.0
508060.SH,20260901,,0,0.0,,,0.0
508066.SH,20260901,5.49167,600,3295.0,,,0.0
508068.SH,20260901,,0,0.0,,,0.0
508069.SH,20260901,,0,0.0,,,0.0
508077.SH,20260901,2.67199,65200,174214.0,,,0.0
508078.SH,20260901,,0,0.0,,,0.0
508080.SH,20260901,2.79803,11700,32737.0,,,0.0
508082.SH,20260901,,0,0.0,,,0.0
508084.SH,20260901,,0,0.0,,,0.0
508085.SH,20260901,,0,0.0,,,0.0
508086.SH,20260901,4.27333,300,1282.0,,,0.0
508087.SH,20260901,,0,0.0,,,0.0
508088.SH,20260901,,0,0.0,,,0.0
508089.SH,20260901,4.21098,11200,47163.0,,,0.0
508090.SH,20260901,,0,0.0,,,0.0
508091.SH,20260901,,0,0.0,,,0.0
508092.SH,20260901,,0,0.0,,,0.0
508093.SH,20260901,,0,0.0,,,0.0
508096.SH,20260901,,0,0.0,,,0.0
508097.SH,20260901,2.2,100,220.0,,,0.0
508098.SH,20260901,,0,0.0,,,0.0
508099.SH,20260901,1.317,183100,241143.0,,,0.0
508600.SH,20260901,3.62333,300,1087.0,,,0.0
508601.SH,20260901,,0,0.0,,,0.0
508602.SH,20260901,,0,0.0,,,0.0
508603.SH,20260901,,0,0.0,,,0.0
510010.SH,20260901,1.77,100,177.0,,,0.0
510020.SH,20260901,3.93571,700,2755.0,,,0.0
510030.SH,20260901,1.07505,9300,9998.0,,,0.0
510040.SH,20260901,,0,0.0,,,0.0
510050.SH,20260901,3.042,2377100,7231138.0,,,0.0
510060.SH,20260901,,0,0.0,,,0.0
510090.SH,20260901,2.58,100,258.0,,,0.0
510100.SH,20260901,2.99501,38100,114110.0,,,0.0
510130.SH,20260901,,0,0.0,,,0.0
510140.SH,20260901,1.04298,22800,23780.0,,,0.0
510150.SH,20260901,0.495997,116400,57734.0,,,0.0
510160.SH,20260901,0.905,200,181.0,,,0.0
510170.SH,20260901,1.44199,73200,105554.0,,,0.0
510180.SH,20260901,3.98502,25100,100024.0,,,0.0
510190.SH,20260901,,0,0.0,,,0.0
510200.SH,20260901,1.20199,20100,24160.0,,,0.0
510210.SH,20260901,1.017,3515300,3575060.0,,,0.0
510230.SH,20260901,1.33302,15900,21195.0,,,0.0
510270.SH,20260901,,0,0.0,,,0.0
510290.SH,20260901,,0,0.0,,,0.0
510300.SH,20260901,4.683,4404400,20625805.0,,,0.0
510310.SH,20260901,4.546,130800,594617.0,,,0.0
510320.SH,20260901,,0,0.0,,,0.0
510330.SH,20260901,4.87501,60700,295913.0,,,0.0
510350.SH,20260901,,0,0.0,,,0.0
510360.SH,20260901,1.79096,11400,20417.0,,,0.0
510370.SH,20260901,,0,0.0,,,0.0
510380.SH,20260901,,0,0.0,,,0.0
510390.SH,20260901,,0,0.0,,,0.0
510410.SH,20260901,2.03599,31900,64948.0,,,0.0
510500.SH,20260901,7.967,1327400,10575396.0,,,0.0
510510.SH,20260901,2.5829,3100,8007.0,,,0.0
510530.SH,20260901,,0,0.0,,,0.0
510550.SH,20260901,,0,0.0,,,0.0
510560.SH,20260901,2.0,100,200.0,,,0.0
510570.SH,20260901,,0,0.0,,,0.0
510580.SH,20260901,4.18199,15600,65239.0,,,0.0
510590.SH,20260901,,0,0.0,,,0.0
510600.SH,20260901,,0,0.0,,,0.0
510630.SH,20260901,0.807985,13400,10827.0,,,0.0
510650.SH,20260901,,0,0.0,,,0.0
510660.SH,20260901,,0,0.0,,,0.0
510670.SH,20260901,,0,0.0,,,0.0
510680.SH,20260901,,0,0.0,,,0.0
510710.SH,20260901,,0,0.0,,,0.0
510720.SH,20260901,1.093,123000,134439.0,,,0.0
510760.SH,20260901,1.354,404200,547287.0,,,0.0
510770.SH,20260901,0.918012,16600,15239.0,,,0.0
510800.SH,20260901,1.40333,600,842.0,,,0.0
510810.SH,20260901,0.845,200,169.0,,,0.0
510850.SH,20260901,3.616,500,1808.0,,,0.0
510880.SH,20260901,3.482,649729,2262356.0,,,0.0
510900.SH,20260901,1.043,284200,296421.0,,,0.0
510910.SH,20260901,0.993015,13600,13505.0,,,0.0
510950.SH,20260901,0.998006,34100,34032.0,,,0.0
510980.SH,20260901,1.414,177000,250278.0,,,0.0
510990.SH,20260901,,0,0.0,,,0.0
511010.SH,20260901,141.143,5100,719829.0,,,0.0
511020.SH,20260901,118.114,500,59057.0,,,0.0
511030.SH,20260901,108.307,13000,1407991.0,,,0.0
511060.SH,20260901,,0,0.0,,,0.0
511070.SH,20260901,,0,0.0,,,0.0
511090.SH,20260901,118.651,64400,7641124.0,,,0.0
511100.SH,20260901,110.52,4400,486288.0,,,0.0
511110.SH,20260901,,0,0.0,,,0.0
511120.SH,20260901,,0,0.0,,,0.0
511130.SH,20260901,108.186,13000,1406418.0,,,0.0
511150.SH,20260901,102.235,200,20447.0,,,0.0
511160.SH,20260901,102.038,600,61223.0,,,0.0
511180.SH,20260901,12.591,44300,557781.0,,,0.0
511190.SH,20260901,,0,0.0,,,0.0
511200.SH,20260901,,0,0.0,,,0.0
511220.SH,20260901,10.408,256100,2665489.0,,,0.0
511260.SH,20260901,135.743,7900,1072370.0,,,0.0
511270.SH,20260901,121.236,5400,654674.0,,,0.0
511360.SH,20260901,113.869,1898226,216149096.0,,,0.0
511380.SH,20260901,13.732,389300,5345868.0,,,0.0
511520.SH,20260901,118.414,37500,4440525.0,,,0.0
511580.SH,20260901,109.658,800,87726.0,,,0.0
511600.SH,20260901,,0,0.0,,,0.0
511620.SH,20260901,100.004,2900,290012.0,,,0.0
511650.SH,20260901,,0,0.0,,,0.0
511660.SH,20260901,100.016,23261,2326472.0,,,0.0
511670.SH,20260901,,0,0.0,,,0.0
511690.SH,20260901,,0,0.0,,,0.0
511700.SH,20260901,100.004,13901,1390156.0,,,0.0
511770.SH,20260901,,0,0.0,,,0.0
511800.SH,20260901,,0,0.0,,,0.0
511810.SH,20260901,100.003,400,40001.0,,,0.0
511820.SH,20260901,,0,0.0,,,0.0
511830.SH,20260901,,0,0.0,,,0.0
511850.SH,20260901,,0,0.0,,,0.0
511860.SH,20260901,,0,0.0,,,0.0
511880.SH,20260901,100.756,2735160,275583781.0,,,0.0
511900.SH,20260901,,0,0.0,,,0.0
511910.SH,20260901,,0,0.0,,,0.0
511920.SH,20260901,,0,0.0,,,0.0
511930.SH,20260901,,0,0.0,,,0.0
511950.SH,20260901,,0,0.0,,,0.0
511960.SH,20260901,,0,0.0,,,0.0
511970.SH,20260901,,0,0.0,,,0.0
511980.SH,20260901,,0,0.0,,,0.0
511990.SH,20260901,99.998,3987546,398746625.0,,,0.0
512000.SH,20260901,0.527,7294600,3844254.0,,,0.0
512010.SH,20260901,0.376,8141300,3061129.0,,,0.0
512020.SH,20260901,,0,0.0,,,0.0
512030.SH,20260901,,0,0.0,,,0.0
512040.SH,20260901,1.225,41400,50715.0,,,0.0
512050.SH,20260901,1.219,64700,78869.0,,,0.0
512060.SH,20260901,,0,0.0,,,0.0
512070.SH,20260901,0.806001,429100,345855.0,,,0.0
512080.SH,20260901,,0,0.0,,,0.0
512090.SH,20260901,,0,0.0,,,0.0
512100.SH,20260901,3.15,3749733,11811659.0,,,0.0
512120.SH,20260901,0.46,11400,5244.0,,,0.0
512130.SH,20260901,,0,0.0,,,0.0
512140.SH,20260901,,0,0.0,,,0.0
512150.SH,20260901,,0,0.0,,,0.0
512160.SH,20260901,,0,0.0,,,0.0
512170.SH,20260901,0.339,9127246,3094136.0,,,0.0
512180.SH,20260901,,0,0.0,,,0.0
512190.SH,20260901,2.932,500,1466.0,,,0.0
512200.SH,20260901,1.202,5586900,6715454.0,,,0.0
512220.SH,20260901,3.90114,3500,13654.0,,,0.0
512240.SH,20260901,,0,0.0,,,0.0
512250.SH,20260901,,0,0.0,,,0.0
512260.SH,20260901,1.92,500,960.0,,,0.0
512290.SH,20260901,1.03,1170400,1205512.0,,,0.0
512330.SH,20260901,1.90579,1900,3621.0,,,0.0
512360.SH,20260901,,0,0.0,,,0.0
512370.SH,20260901,,0,0.0,,,0.0
512380.SH,20260901,,0,0.0,,,0.0
512390.SH,20260901,1.24,200,248.0,,,0.0
512400.SH,20260901,1.951,3856300,7523641.0,,,0.0
512410.SH,20260901,1.09701,49500,54302.0,,,0.0
512420.SH,20260901,,0,0.0,,,0.0
512430.SH,20260901,,0,0.0,,,0.0
512450.SH,20260901,,0,0.0,,,0.0
512460.SH,20260901,0.831005,40800,33905.0,,,0.0
512480.SH,20260901,1.055,11982800,12641854.0,,,0.0
512500.SH,20260901,4.494,135500,608937.0,,,0.0
512510.SH,20260901,2.39,1000,2390.0,,,0.0
512520.SH,20260901,,0,0.0,,,0.0
512530.SH,20260901,,0,0.0,,,0.0
512550.SH,20260901,1.82,100,182.0,,,0.0
512560.SH,20260901,0.716,49000,35084.0,,,0.0
512570.SH,20260901,1.109,149395,165679.0,,,0.0
512580.SH,20260901,1.1675,400,467.0,,,0.0
512600.SH,20260901,0.573333,600,344.0,,,0.0
512620.SH,20260901,0.909,122000,110898.0,,,0.0
512630.SH,20260901,1.11,185900,206349.0,,,0.0
512640.SH,20260901,,0,0.0,,,0.0
512650.SH,20260901,,0,0.0,,,0.0
512660.SH,20260901,1.138,776400,883543.0,,,0.0
512670.SH,20260901,0.777001,84700,65812.0,,,0.0
512680.SH,20260901,1.16901,17200,20107.0,,,0.0
512690.SH,20260901,0.419,5965100,2499377.0,,,0.0
512700.SH,20260901,1.492,230900,344503.0,,,0.0
512710.SH,20260901,0.625,1186600,741625.0,,,0.0
512720.SH,20260901,,0,0.0,,,0.0
512730.SH,20260901,,0,0.0,,,0.0
512750.SH,20260901,,0,0.0,,,0.0
512760.SH,20260901,1.117,610400,681817.0,,,0.0
512770.SH,20260901,2.59588,1700,4413.0,,,0.0
512800.SH,20260901,0.826,3409600,2816330.0,,,0.0
512810.SH,20260901,0.663,399400,264802.0,,,0.0
512820.SH,20260901,1.449,214800,311245.0,,,0.0
512870.SH,20260901,,0,0.0,,,0.0
512880.SH,20260901,1.103,13041600,14384885.0,,,0.0
512890.SH,20260901,1.194,3104600,3706892.0,,,0.0
512900.SH,20260901,1.09301,58200,63613.0,,,0.0
512910.SH,20260901,,0,0.0,,,0.0
512930.SH,20260901,0.63,388400,244692.0,,,0.0
512940.SH,20260901,0.868032,12700,11024.0,,,0.0
512950.SH,20260901,,0,0.0,,,0.0
512960.SH,20260901,,0,0.0,,,0.0
512970.SH,20260901,,0,0.0,,,0.0
512980.SH,20260901,0.841,7946800,6683259.0,,,0.0
512990.SH,20260901,,0,0.0,,,0.0
513000.SH,20260901,2.295,322400,739908.0,,,0.0
513010.SH,20260901,0.595,3814900,2269866.0,,,0.0
513020.SH,20260901,0.945994,72400,68490.0,,,0.0
513030.SH,20260901,1.899,442900,841067.0,,,0.0
513040.SH,20260901,0.916,851400,779882.0,,,0.0
513050.SH,20260901,1.067,12247900,13068509.0,,,0.0
513060.SH,20260901,0.573,1257700,720662.0,,,0.0
513070.SH,20260901,1.087,167300,181855.0,,,0.0
513080.SH,20260901,1.776,275800,489821.0,,,0.0
513090.SH,20260901,1.889,15131900,28584159.0,,,0.0
513110.SH,20260901,2.485,268900,668217.0,,,0.0
513120.SH,20260901,1.291,18271200,23588119.0,,,0.0
513130.SH,20260901,0.569,47109700,26805419.0,,,0.0
513140.SH,20260901,,0,0.0,,,0.0
513150.SH,20260901,,0,0.0,,,0.0
513160.SH,20260901,0.959,743100,712633.0,,,0.0
513170.SH,20260901,1.625,1800,2925.0,,,0.0
513180.SH,20260901,0.577,29229000,16865133.0,,,0.0
513190.SH,20260901,1.841,415600,765120.0,,,0.0
513200.SH,20260901,1.066,61300,65346.0,,,0.0
513210.SH,20260901,1.50211,1900,2854.0,,,0.0
513220.SH,20260901,0.94,69000,64860.0,,,0.0
513230.SH,20260901,0.859,3000,2577.0,,,0.0
513240.SH,20260901,1.042,319700,333127.0,,,0.0
513260.SH,20260901,1.112,375900,418001.0,,,0.0
513280.SH,20260901,1.12,49700,55664.0,,,0.0
513290.SH,20260901,1.769,1392100,2462625.0,,,0.0
513300.SH,20260901,2.694,606500,1633911.0,,,0.0
513310.SH,20260901,4.814,5817300,28004482.0,,,0.0
513320.SH,20260901,1.083,1000,1083.0,,,0.0
513330.SH,20260901,0.369,59900200,22103174.0,,,0.0
513350.SH,20260901,1.355,4339900,5880565.0,,,0.0
513360.SH,20260901,0.475001,556700,264433.0,,,0.0
513380.SH,20260901,0.524,1535300,804497.0,,,0.0
513390.SH,20260901,2.428,113000,274364.0,,,0.0
513400.SH,20260901,1.339,1064600,1425499.0,,,0.0
513500.SH,20260901,2.71,619600,1679116.0,,,0.0
513520.SH,20260901,2.28,1058900,2414292.0,,,0.0
513530.SH,20260901,1.612,468500,755222.0,,,0.0
513550.SH,20260901,1.12502,26900,30263.0,,,0.0
513560.SH,20260901,1.124,105600,118694.0,,,0.0
513580.SH,20260901,0.578001,151100,87336.0,,,0.0
513590.SH,20260901,0.763143,3500,2671.0,,,0.0
513600.SH,20260901,2.76801,25600,70861.0,,,0.0
513620.SH,20260901,1.086,34500,37467.0,,,0.0
513630.SH,20260901,1.58501,74700,118400.0,,,0.0
513650.SH,20260901,2.041,813200,1659741.0,,,0.0
513660.SH,20260901,1.5,12500,18750.0,,,0.0
513690.SH,20260901,1.155,25200,29106.0,,,0.0
513700.SH,20260901,0.633999,288800,183099.0,,,0.0
513720.SH,20260901,,0,0.0,,,0.0
513730.SH,20260901,1.151,144200,165974.0,,,0.0
513750.SH,20260901,1.556,1106900,1722336.0,,,0.0
513770.SH,20260901,0.35,5645300,1975855.0,,,0.0
513780.SH,20260901,1.678,785200,1317566.0,,,0.0
513800.SH,20260901,1.894,129500,245273.0,,,0.0
513810.SH,20260901,,0,0.0,,,0.0
513820.SH,20260901,1.25899,59600,75036.0,,,0.0
513830.SH,20260901,1.21904,11400,13897.0,,,0.0
513850.SH,20260901,1.836,90000,165240.0,,,0.0
513860.SH,20260901,0.608,31500,19152.0,,,0.0
513870.SH,20260901,2.061,90600,186727.0,,,0.0
513880.SH,20260901,2.145,318700,683612.0,,,0.0
513890.SH,20260901,0.888991,43600,38760.0,,,0.0
513900.SH,20260901,,0,0.0,,,0.0
513910.SH,20260901,1.58,190600,301148.0,,,0.0
513920.SH,20260901,1.573,21300,33505.0,,,0.0
513930.SH,20260901,1.03903,6200,6442.0,,,0.0
513950.SH,20260901,,0,0.0,,,0.0
513970.SH,20260901,0.81,329200,266652.0,,,0.0
513980.SH,20260901,0.604,2421500,1462586.0,,,0.0
513990.SH,20260901,1.17,94500,110565.0,,,0.0
515000.SH,20260901,1.29301,52200,67495.0,,,0.0
515010.SH,20260901,1.27,400,508.0,,,0.0
515020.SH,20260901,1.769,28000,49532.0,,,0.0
515030.SH,20260901,1.615,50600,81719.0,,,0.0
515040.SH,20260901,1.08601,18300,19874.0,,,0.0
515050.SH,20260901,1.05,2272300,2385915.0,,,0.0
515060.SH,20260901,0.578,2205600,1274837.0,,,0.0
515070.SH,20260901,1.126,219000,246594.0,,,0.0
515080.SH,20260901,1.62,574500,930690.0,,,0.0
515090.SH,20260901,,0,0.0,,,0.0
515100.SH,20260901,1.41301,58900,83226.0,,,0.0
515110.SH,20260901,1.66769,1300,2168.0,,,0.0
515120.SH,20260901,0.633,4504600,2851412.0,,,0.0
515130.SH,20260901,1.551,3000,4653.0,,,0.0
515150.SH,20260901,,0,0.0,,,0.0
515160.SH,20260901,,0,0.0,,,0.0
515170.SH,20260901,0.463001,380900,176357.0,,,0.0
515180.SH,20260901,1.467,749200,1099076.0,,,0.0
515190.SH,20260901,1.681,1000,1681.0,,,0.0
515200.SH,20260901,2.504,500,1252.0,,,0.0
515210.SH,20260901,1.183,2093800,2476965.0,,,0.0
515220.SH,20260901,1.364,6169600,8415334.0,,,0.0
515230.SH,20260901,0.706,1148900,811123.0,,,0.0
515250.SH,20260901,0.944,1000,944.0,,,0.0
515260.SH,20260901,0.862997,115100,99331.0,,,0.0
515290.SH,20260901,1.48201,40800,60466.0,,,0.0
515300.SH,20260901,1.31,82700,108337.0,,,0.0
515310.SH,20260901,1.388,41100,57047.0,,,0.0
515320.SH,20260901,1.56,4000,6240.0,,,0.0
515330.SH,20260901,1.34538,1300,1749.0,,,0.0
515350.SH,20260901,,0,0.0,,,0.0
515360.SH,20260901,,0,0.0,,,0.0
515370.SH,20260901,0.797,2000,1594.0,,,0.0
515380.SH,20260901,,0,0.0,,,0.0
515390.SH,20260901,1.367,167800,229383.0,,,0.0
515400.SH,20260901,0.886,533300,472504.0,,,0.0
515450.SH,20260901,1.407,365400,514118.0,,,0.0
515460.SH,20260901,,0,0.0,,,0.0
515480.SH,20260901,,0,0.0,,,0.0
515530.SH,20260901,4.4125,400,1765.0,,,0.0
515550.SH,20260901,,0,0.0,,,0.0
515560.SH,20260901,,0,0.0,,,0.0
515580.SH,20260901,,0,0.0,,,0.0
515590.SH,20260901,,0,0.0,,,0.0
515600.SH,20260901,,0,0.0,,,0.0
515630.SH,20260901,1.287,25000,32175.0,,,0.0
515640.SH,20260901,,0,0.0,,,0.0
515650.SH,20260901,1.077,252400,271835.0,,,0.0
515660.SH,20260901,,0,0.0,,,0.0
515680.SH,20260901,,0,0.0,,,0.0
515700.SH,20260901,2.16,800,1728.0,,,0.0
515710.SH,20260901,,0,0.0,,,0.0
515720.SH,20260901,0.717,3000,2151.0,,,0.0
515730.SH,20260901,,0,0.0,,,0.0
515750.SH,20260901,2.07,3000,6210.0,,,0.0
515760.SH,20260901,,0,0.0,,,0.0
515770.SH,20260901,,0,0.0,,,0.0
515790.SH,20260901,0.833001,457500,381098.0,,,0.0
515800.SH,20260901,1.29299,6700,8663.0,,,0.0
515810.SH,20260901,,0,0.0,,,0.0
515840.SH,20260901,,0,0.0,,,0.0
515850.SH,20260901,1.37505,10300,14163.0,,,0.0
515860.SH,20260901,2.199,1000,2199.0,,,0.0
515880.SH,20260901,0.672,16111300,10826794.0,,,0.0
515890.SH,20260901,1.506,12000,18072.0,,,0.0
515900.SH,20260901,1.665,12000,19980.0,,,0.0
515910.SH,20260901,0.685,200,137.0,,,0.0
515920.SH,20260901,1.22699,30200,37055.0,,,0.0
515950.SH,20260901,0.94,400,376.0,,,0.0
515960.SH,20260901,,0,0.0,,,0.0
515970.SH,20260901,,0,0.0,,,0.0
515980.SH,20260901,1.045,486000,507870.0,,,0.0
515990.SH,20260901,1.54107,2800,4315.0,,,0.0
516000.SH,20260901,0.976013,15800,15421.0,,,0.0
516010.SH,20260901,1.09,570200,621518.0,,,0.0
516020.SH,20260901,0.885,296000,261960.0,,,0.0
516050.SH,20260901,1.393,3000,4179.0,,,0.0
516060.SH,20260901,0.59,1200,708.0,,,0.0
516070.SH,20260901,0.57,600,342.0,,,0.0
516080.SH,20260901,0.676,607200,410467.0,,,0.0
516090.SH,20260901,0.486997,30300,14756.0,,,0.0
516100.SH,20260901,1.06501,69100,73592.0,,,0.0
516110.SH,20260901,1.11401,28200,31415.0,,,0.0
516120.SH,20260901,0.907,191000,173237.0,,,0.0
516130.SH,20260901,0.689,43000,29627.0,,,0.0
516150.SH,20260901,1.756,91400,160498.0,,,0.0
516160.SH,20260901,2.453,113300,277925.0,,,0.0
516180.SH,20260901,,0,0.0,,,0.0
516190.SH,20260901,1.014,127700,129488.0,,,0.0
516200.SH,20260901,,0,0.0,,,0.0
516210.SH,20260901,1.40202,8900,12478.0,,,0.0
516220.SH,20260901,0.927273,1100,1020.0,,,0.0
516230.SH,20260901,,0,0.0,,,0.0
516250.SH,20260901,,0,0.0,,,0.0
516260.SH,20260901,1.385,3000,4155.0,,,0.0
516270.SH,20260901,0.568009,23100,13121.0,,,0.0
516290.SH,20260901,0.515,15600,8034.0,,,0.0
516300.SH,20260901,,0,0.0,,,0.0
516310.SH,20260901,1.366,300000,409800.0,,,0.0
516320.SH,20260901,0.923,25000,23075.0,,,0.0
516330.SH,20260901,,0,0.0,,,0.0
516350.SH,20260901,1.669,177600,296414.0,,,0.0
516360.SH,20260901,,0,0.0,,,0.0
516370.SH,20260901,0.914,500,457.0,,,0.0
516380.SH,20260901,0.87,24300,21141.0,,,0.0
516390.SH,20260901,0.863333,900,777.0,,,0.0
516440.SH,20260901,,0,0.0,,,0.0
516460.SH,20260901,,0,0.0,,,0.0
516500.SH,20260901,,0,0.0,,,0.0
516510.SH,20260901,1.722,443300,763363.0,,,0.0
516520.SH,20260901,1.061,450800,478299.0,,,0.0
516530.SH,20260901,,0,0.0,,,0.0
516550.SH,20260901,0.708,2500,1770.0,,,0.0
516560.SH,20260901,0.761986,27700,21107.0,,,0.0
516570.SH,20260901,1.06501,59100,62942.0,,,0.0
516580.SH,20260901,,0,0.0,,,0.0
516590.SH,20260901,,0,0.0,,,0.0
516600.SH,20260901,,0,0.0,,,0.0
516610.SH,20260901,,0,0.0,,,0.0
516620.SH,20260901,0.875,3963200,3467800.0,,,0.0
516630.SH,20260901,1.682,94000,158108.0,,,0.0
516640.SH,20260901,1.474,108200,159487.0,,,0.0
516650.SH,20260901,1.9,145600,276640.0,,,0.0
516660.SH,20260901,,0,0.0,,,0.0
516670.SH,20260901,0.616998,261200,161160.0,,,0.0
516700.SH,20260901,0.925007,71500,66138.0,,,0.0
516710.SH,20260901,,0,0.0,,,0.0
516720.SH,20260901,,0,0.0,,,0.0
516730.SH,20260901,,0,0.0,,,0.0
516750.SH,20260901,0.59,25400,14986.0,,,0.0
516760.SH,20260901,0.59,73600,43424.0,,,0.0
516770.SH,20260901,1.158,131300,152045.0,,,0.0
516780.SH,20260901,0.856002,118800,101693.0,,,0.0
516790.SH,20260901,0.52,100,52.0,,,0.0
516800.SH,20260901,1.004,3000,3012.0,,,0.0
516810.SH,20260901,0.77,65700,50589.0,,,0.0
516820.SH,20260901,0.349005,59300,20696.0,,,0.0
516830.SH,20260901,,0,0.0,,,0.0
516840.SH,20260901,0.746667,600,448.0,,,0.0
516850.SH,20260901,0.905937,3200,2899.0,,,0.0
516860.SH,20260901,1.09901,40300,44290.0,,,0.0
516880.SH,20260901,0.71,600,426.0,,,0.0
516890.SH,20260901,,0,0.0,,,0.0
516900.SH,20260901,0.49,1400,686.0,,,0.0
516910.SH,20260901,1.182,4000,4728.0,,,0.0
516920.SH,20260901,1.432,33500,47972.0,,,0.0
516930.SH,20260901,,0,0.0,,,0.0
516950.SH,20260901,,0,0.0,,,0.0
516960.SH,20260901,,0,0.0,,,0.0
516970.SH,20260901,1.11201,27400,30469.0,,,0.0
516980.SH,20260901,,0,0.0,,,0.0
517000.SH,20260901,,0,0.0,,,0.0
517010.SH,20260901,,0,0.0,,,0.0
517030.SH,20260901,,0,0.0,,,0.0
517050.SH,20260901,0.665,200,133.0,,,0.0
517080.SH,20260901,,0,0.0,,,0.0
517090.SH,20260901,,0,0.0,,,0.0
517100.SH,20260901,,0,0.0,,,0.0
517110.SH,20260901,0.786,40500,31833.0,,,0.0
517120.SH,20260901,0.75201,38300,28802.0,,,0.0
517130.SH,20260901,0.968994,17900,17345.0,,,0.0
517160.SH,20260901,,0,0.0,,,0.0
517170.SH,20260901,,0,0.0,,,0.0
517180.SH,20260901,,0,0.0,,,0.0
517200.SH,20260901,0.59,2600,1534.0,,,0.0
517230.SH,20260901,0.962,500,481.0,,,0.0
517300.SH,20260901,0.949005,21100,20024.0,,,0.0
517330.SH,20260901,,0,0.0,,,0.0
517350.SH,20260901,,0,0.0,,,0.0
517360.SH,20260901,,0,0.0,,,0.0
517380.SH,20260901,0.852,213000,181476.0,,,0.0
517390.SH,20260901,1.95,10500,20475.0,,,0.0
517400.SH,20260901,1.736,255700,443895.0,,,0.0
517520.SH,20260901,2.199,2770200,6091670.0,,,0.0
517550.SH,20260901,0.661091,5500,3636.0,,,0.0
517660.SH,20260901,,0,0.0,,,0.0
517770.SH,20260901,0.882,37500,33075.0,,,0.0
517800.SH,20260901,0.993958,4800,4771.0,,,0.0
517850.SH,20260901,,0,0.0,,,0.0
517880.SH,20260901,,0,0.0,,,0.0
517900.SH,20260901,1.55,53400,82770.0,,,0.0
517950.SH,20260901,,0,0.0,,,0.0
517990.SH,20260901,,0,0.0,,,0.0
518600.SH,20260901,9.51699,48200,458719.0,,,0.0
518660.SH,20260901,9.16501,50900,466499.0,,,0.0
518680.SH,20260901,9.56503,15500,148258.0,,,0.0
518800.SH,20260901,9.565,108900,1041629.0,,,0.0
518850.SH,20260901,9.227,248900,2296600.0,,,0.0
518860.SH,20260901,9.15176,1700,15558.0,,,0.0
518880.SH,20260901,9.128,2527100,23067369.0,,,0.0
518890.SH,20260901,,0,0.0,,,0.0
520500.SH,20260901,1.412,2316800,3271322.0,,,0.0
520510.SH,20260901,0.94,81600,76704.0,,,0.0
520520.SH,20260901,0.948,20000,18960.0,,,0.0
520530.SH,20260901,0.814004,107900,87831.0,,,0.0
520550.SH,20260901,1.099,202200,222218.0,,,0.0
520560.SH,20260901,0.82,3200,2624.0,,,0.0
520570.SH,20260901,0.735,52400,38514.0,,,0.0
520580.SH,20260901,0.949333,1500,1424.0,,,0.0
520590.SH,20260901,0.786,1000,786.0,,,0.0
520600.SH,20260901,1.008,322300,324878.0,,,0.0
520610.SH,20260901,0.95,100,95.0,,,0.0
520620.SH,20260901,0.804006,36200,29105.0,,,0.0
520630.SH,20260901,0.655897,3900,2558.0,,,0.0
520650.SH,20260901,0.593993,29800,17701.0,,,0.0
520660.SH,20260901,1.01,12600,12726.0,,,0.0
520670.SH,20260901,0.774038,5200,4025.0,,,0.0
520680.SH,20260901,0.81193,5700,4628.0,,,0.0
520690.SH,20260901,0.738996,96600,71387.0,,,0.0
520700.SH,20260901,1.62,254000,411480.0,,,0.0
520710.SH,20260901,0.93102,19600,18248.0,,,0.0
520720.SH,20260901,0.745,20000,14900.0,,,0.0
520730.SH,20260901,,0,0.0,,,0.0
520740.SH,20260901,0.905172,2900,2625.0,,,0.0
520750.SH,20260901,0.913969,13100,11973.0,,,0.0
520760.SH,20260901,0.976071,2800,2733.0,,,0.0
520770.SH,20260901,0.928929,2800,2601.0,,,0.0
520780.SH,20260901,0.817,146000,119282.0,,,0.0
520790.SH,20260901,0.825938,3200,2643.0,,,0.0
520810.SH,20260901,1.04115,2600,2707.0,,,0.0
520820.SH,20260901,0.92,2800,2576.0,,,0.0
520830.SH,20260901,0.907999,184400,167435.0,,,0.0
520840.SH,20260901,0.762013,30800,23470.0,,,0.0
520850.SH,20260901,0.9,17400,15660.0,,,0.0
520860.SH,20260901,0.787027,3700,2912.0,,,0.0
520870.SH,20260901,1.097,741400,813316.0,,,0.0
520880.SH,20260901,0.457,2057300,940186.0,,,0.0
520890.SH,20260901,1.33286,2100,2799.0,,,0.0
520900.SH,20260901,1.01899,76600,78055.0,,,0.0
520910.SH,20260901,,0,0.0,,,0.0
520920.SH,20260901,0.680997,129400,88121.0,,,0.0
520930.SH,20260901,0.969005,98500,95447.0,,,0.0
520940.SH,20260901,,0,0.0,,,0.0
520950.SH,20260901,0.848065,3100,2629.0,,,0.0
520960.SH,20260901,0.906897,2900,2630.0,,,0.0
520970.SH,20260901,0.900998,123200,111003.0,,,0.0
520980.SH,20260901,0.864,380200,328493.0,,,0.0
520990.SH,20260901,1.01198,24700,24996.0,,,0.0
526000.SH,20260901,1.215,552500,671288.0,,,0.0
526010.SH,20260901,1.01508,5900,5989.0,,,0.0
526030.SH,20260901,0.89,65200,58028.0,,,0.0
526050.SH,20260901,1.10199,76200,83972.0,,,0.0
526070.SH,20260901,,0,0.0,,,0.0
530000.SH,20260901,1.39333,300,418.0,,,0.0
530050.SH,20260901,1.195,400,478.0,,,0.0
530060.SH,20260901,1.00801,25600,25805.0,,,0.0
530080.SH,20260901,,0,0.0,,,0.0
530100.SH,20260901,,0,0.0,,,0.0
530180.SH,20260901,,0,0.0,,,0.0
530280.SH,20260901,,0,0.0,,,0.0
530300.SH,20260901,,0,0.0,,,0.0
530380.SH,20260901,,0,0.0,,,0.0
530530.SH,20260901,,0,0.0,,,0.0
530580.SH,20260901,,0,0.0,,,0.0
530680.SH,20260901,,0,0.0,,,0.0
530800.SH,20260901,,0,0.0,,,0.0
530880.SH,20260901,,0,0.0,,,0.0
551000.SH,20260901,,0,0.0,,,0.0
551030.SH,20260901,,0,0.0,,,0.0
551060.SH,20260901,,0,0.0,,,0.0
551300.SH,20260901,,0,0.0,,,0.0
551500.SH,20260901,102.23,200,20446.0,,,0.0
551510.SH,20260901,,0,0.0,,,0.0
551520.SH,20260901,102.06,200,20412.0,,,0.0
551550.SH,20260901,,0,0.0,,,0.0
551560.SH,20260901,,0,0.0,,,0.0
551580.SH,20260901,,0,0.0,,,0.0
551800.SH,20260901,,0,0.0,,,0.0
551900.SH,20260901,,0,0.0,,,0.0
560010.SH,20260901,3.22199,50200,161744.0,,,0.0
560020.SH,20260901,,0,0.0,,,0.0
560030.SH,20260901,,0,0.0,,,0.0
560050.SH,20260901,1.1,52598,57858.0,,,0.0
560060.SH,20260901,,0,0.0,,,0.0
560070.SH,20260901,,0,0.0,,,0.0
560080.SH,20260901,0.957002,227800,218005.0,,,0.0
560090.SH,20260901,1.186,274700,325794.0,,,0.0
560100.SH,20260901,1.36333,300,409.0,,,0.0
560110.SH,20260901,1.16901,16100,18821.0,,,0.0
560120.SH,20260901,,0,0.0,,,0.0
560130.SH,20260901,,0,0.0,,,0.0
560150.SH,20260901,,0,0.0,,,0.0
560160.SH,20260901,,0,0.0,,,0.0
560170.SH,20260901,1.266,19500,24687.0,,,0.0
560180.SH,20260901,,0,0.0,,,0.0
560190.SH,20260901,,0,0.0,,,0.0
560210.SH,20260901,0.835035,14300,11941.0,,,0.0
560220.SH,20260901,,0,0.0,,,0.0
560230.SH,20260901,,0,0.0,,,0.0
560250.SH,20260901,1.005,30800,30954.0,,,0.0
560260.SH,20260901,0.86,200,172.0,,,0.0
560270.SH,20260901,,0,0.0,,,0.0
560280.SH,20260901,1.51699,16300,24727.0,,,0.0
560290.SH,20260901,0.85,41900,35615.0,,,0.0
560300.SH,20260901,,0,0.0,,,0.0
560310.SH,20260901,,0,0.0,,,0.0
560320.SH,20260901,,0,0.0,,,0.0
560330.SH,20260901,,0,0.0,,,0.0
560350.SH,20260901,,0,0.0,,,0.0
560360.SH,20260901,1.25698,9600,12067.0,,,0.0
560370.SH,20260901,,0,0.0,,,0.0
560380.SH,20260901,,0,0.0,,,0.0
560390.SH,20260901,0.866,912900,790571.0,,,0.0
560400.SH,20260901,1.00098,13300,13313.0,,,0.0
560410.SH,20260901,,0,0.0,,,0.0
560420.SH,20260901,,0,0.0,,,0.0
560450.SH,20260901,,0,0.0,,,0.0
560460.SH,20260901,,0,0.0,,,0.0
560470.SH,20260901,0.930986,7100,6610.0,,,0.0
560480.SH,20260901,0.889038,10400,9246.0,,,0.0
560490.SH,20260901,,0,0.0,,,0.0
560500.SH,20260901,,0,0.0,,,0.0
560510.SH,20260901,1.193,20000,23860.0,,,0.0
560520.SH,20260901,,0,0.0,,,0.0
560530.SH,20260901,1.224,500,612.0,,,0.0
560550.SH,20260901,,0,0.0,,,0.0
560560.SH,20260901,,0,0.0,,,0.0
560570.SH,20260901,,0,0.0,,,0.0
560580.SH,20260901,1.09,100,109.0,,,0.0
560590.SH,20260901,,0,0.0,,,0.0
560610.SH,20260901,,0,0.0,,,0.0
560620.SH,20260901,,0,0.0,,,0.0
560630.SH,20260901,1.102,112200,123644.0,,,0.0
560660.SH,20260901,1.11102,26500,29442.0,,,0.0
560670.SH,20260901,1.069,8000,8552.0,,,0.0
560680.SH,20260901,0.73,13500,9855.0,,,0.0
560690.SH,20260901,,0,0.0,,,0.0
560700.SH,20260901,1.232,500,616.0,,,0.0
560710.SH,20260901,0.909,129000,117261.0,,,0.0
560720.SH,20260901,,0,0.0,,,0.0
560730.SH,20260901,,0,0.0,,,0.0
560750.SH,20260901,,0,0.0,,,0.0
560770.SH,20260901,0.971818,2200,2138.0,,,0.0
560780.SH,20260901,1.064,1065900,1134118.0,,,0.0
560790.SH,20260901,0.847,460000,389620.0,,,0.0
560800.SH,20260901,1.17613,3100,3646.0,,,0.0
560810.SH,20260901,1.29125,800,1033.0,,,0.0
560820.SH,20260901,,0,0.0,,,0.0
560830.SH,20260901,0.895,2000,1790.0,,,0.0
560850.SH,20260901,1.37538,1300,1788.0,,,0.0
560860.SH,20260901,1.655,137700,227894.0,,,0.0
560870.SH,20260901,,0,0.0,,,0.0
560880.SH,20260901,1.535,200,307.0,,,0.0
560900.SH,20260901,0.91099,39400,35893.0,,,0.0
560910.SH,20260901,,0,0.0,,,0.0
560920.SH,20260901,,0,0.0,,,0.0
560930.SH,20260901,0.878049,4100,3600.0,,,0.0
560950.SH,20260901,,0,0.0,,,0.0
560970.SH,20260901,0.971091,5500,5341.0,,,0.0
560980.SH,20260901,0.637005,20700,13186.0,,,0.0
560990.SH,20260901,,0,0.0,,,0.0
561000.SH,20260901,,0,0.0,,,0.0
561010.SH,20260901,0.885002,262300,232136.0,,,0.0
561020.SH,20260901,,0,0.0,,,0.0
561030.SH,20260901,,0,0.0,,,0.0
561050.SH,20260901,,0,0.0,,,0.0
561060.SH,20260901,,0,0.0,,,0.0
561080.SH,20260901,,0,0.0,,,0.0
561090.SH,20260901,1.234,162000,199908.0,,,0.0
561100.SH,20260901,1.656,46000,76176.0,,,0.0
561120.SH,20260901,1.275,200,255.0,,,0.0
561130.SH,20260901,1.04333,600,626.0,,,0.0
561160.SH,20260901,0.72,244300,175896.0,,,0.0
561170.SH,20260901,1.13095,4200,4750.0,,,0.0
561180.SH,20260901,,0,0.0,,,0.0
561190.SH,20260901,,0,0.0,,,0.0
561200.SH,20260901,,0,0.0,,,0.0
561220.SH,20260901,1.85,800,1480.0,,,0.0
561230.SH,20260901,,0,0.0,,,0.0
561250.SH,20260901,1.046,500,523.0,,,0.0
561260.SH,20260901,,0,0.0,,,0.0
561280.SH,20260901,1.63,200,326.0,,,0.0
561300.SH,20260901,1.07902,16400,17696.0,,,0.0
561310.SH,20260901,0.725,40200,29145.0,,,0.0
561320.SH,20260901,,0,0.0,,,0.0
561330.SH,20260901,0.992987,31800,31577.0,,,0.0
561350.SH,20260901,1.265,200,253.0,,,0.0
561360.SH,20260901,1.508,308200,464766.0,,,0.0
561370.SH,20260901,,0,0.0,,,0.0
561380.SH,20260901,0.733005,59900,43907.0,,,0.0
561390.SH,20260901,,0,0.0,,,0.0
561400.SH,20260901,,0,0.0,,,0.0
561410.SH,20260901,1.0,10,10.0,,,0.0
561420.SH,20260901,,0,0.0,,,0.0
561430.SH,20260901,,0,0.0,,,0.0
561450.SH,20260901,0.969091,1100,1066.0,,,0.0
561460.SH,20260901,0.821008,61500,50492.0,,,0.0
561470.SH,20260901,,0,0.0,,,0.0
561490.SH,20260901,,0,0.0,,,0.0
561500.SH,20260901,,0,0.0,,,0.0
561510.SH,20260901,0.94,100,94.0,,,0.0
561550.SH,20260901,1.439,122400,176134.0,,,0.0
561560.SH,20260901,1.259,46100,58040.0,,,0.0
561570.SH,20260901,,0,0.0,,,0.0
561580.SH,20260901,1.272,195700,248930.0,,,0.0
561590.SH,20260901,1.528,2000,3056.0,,,0.0
561600.SH,20260901,0.754,15500,11687.0,,,0.0
561620.SH,20260901,,0,0.0,,,0.0
561630.SH,20260901,,0,0.0,,,0.0
561660.SH,20260901,,0,0.0,,,0.0
561680.SH,20260901,,0,0.0,,,0.0
561700.SH,20260901,1.097,2000,2194.0,,,0.0
561730.SH,20260901,1.01099,40400,40844.0,,,0.0
561750.SH,20260901,,0,0.0,,,0.0
561760.SH,20260901,1.39,100,139.0,,,0.0
561770.SH,20260901,,0,0.0,,,0.0
561780.SH,20260901,,0,0.0,,,0.0
561790.SH,20260901,,0,0.0,,,0.0
561800.SH,20260901,1.03902,8200,8520.0,,,0.0
561810.SH,20260901,,0,0.0,,,0.0
561870.SH,20260901,,0,0.0,,,0.0
561880.SH,20260901,,0,0.0,,,0.0
561890.SH,20260901,1.025,200,205.0,,,0.0
561900.SH,20260901,,0,0.0,,,0.0
561910.SH,20260901,0.71,167700,119067.0,,,0.0
561920.SH,20260901,0.655,3400,2227.0,,,0.0
561930.SH,20260901,,0,0.0,,,0.0
561950.SH,20260901,,0,0.0,,,0.0
561960.SH,20260901,,0,0.0,,,0.0
561980.SH,20260901,0.7,1371700,960190.0,,,0.0
561990.SH,20260901,1.03,2200,2266.0,,,0.0
562000.SH,20260901,0.602308,1300,783.0,,,0.0
562010.SH,20260901,,0,0.0,,,0.0
562030.SH,20260901,0.516033,12100,6244.0,,,0.0
562050.SH,20260901,0.91,3000,2730.0,,,0.0
562060.SH,20260901,0.61303,3300,2023.0,,,0.0
562070.SH,20260901,,0,0.0,,,0.0
562080.SH,20260901,0.63,200,126.0,,,0.0
562180.SH,20260901,1.001,1001028,1002029.0,,,0.0
562300.SH,20260901,0.655,200,131.0,,,0.0
562310.SH,20260901,,0,0.0,,,0.0
562320.SH,20260901,,0,0.0,,,0.0
562330.SH,20260901,,0,0.0,,,0.0
562340.SH,20260901,,0,0.0,,,0.0
562350.SH,20260901,1.086,40000,43440.0,,,0.0
562360.SH,20260901,1.05601,66600,70330.0,,,0.0
562380.SH,20260901,1.27917,1200,1535.0,,,0.0
562390.SH,20260901,,0,0.0,,,0.0
562500.SH,20260901,0.975,4349100,4240373.0,,,0.0
562510.SH,20260901,0.573,351300,201295.0,,,0.0
562520.SH,20260901,1.39133,1500,2087.0,,,0.0
562530.SH,20260901,,0,0.0,,,0.0
562550.SH,20260901,1.12504,12700,14288.0,,,0.0
562560.SH,20260901,,0,0.0,,,0.0
562570.SH,20260901,1.40198,19700,27619.0,,,0.0
562580.SH,20260901,,0,0.0,,,0.0
562590.SH,20260901,1.025,1207200,1237380.0,,,0.0
562600.SH,20260901,0.783,5000,3915.0,,,0.0
562660.SH,20260901,1.923,227100,436713.0,,,0.0
562700.SH,20260901,1.228,41600,51085.0,,,0.0
562800.SH,20260901,0.962994,49100,47283.0,,,0.0
562810.SH,20260901,1.17408,4900,5753.0,,,0.0
562820.SH,20260901,0.99,97000,96030.0,,,0.0
562850.SH,20260901,,0,0.0,,,0.0
562860.SH,20260901,0.653,59000,38527.0,,,0.0
562870.SH,20260901,0.934003,57200,53425.0,,,0.0
562880.SH,20260901,0.732998,138100,101227.0,,,0.0
562890.SH,20260901,,0,0.0,,,0.0
562900.SH,20260901,0.711996,53100,37807.0,,,0.0
562910.SH,20260901,0.825978,17900,14785.0,,,0.0
562920.SH,20260901,0.953011,27900,26589.0,,,0.0
562930.SH,20260901,0.721002,216500,156097.0,,,0.0
562950.SH,20260901,1.6,456200,729920.0,,,0.0
562960.SH,20260901,1.127,30700,34599.0,,,0.0
562970.SH,20260901,0.972999,465100,452542.0,,,0.0
562990.SH,20260901,0.965,200,193.0,,,0.0
563000.SH,20260901,,0,0.0,,,0.0
563010.SH,20260901,2.18,4000,8720.0,,,0.0
563020.SH,20260901,1.186,917000,1087562.0,,,0.0
563030.SH,20260901,1.603,26300,42159.0,,,0.0
563050.SH,20260901,1.35,134900,182115.0,,,0.0
563060.SH,20260901,,0,0.0,,,0.0
563080.SH,20260901,1.38,200,276.0,,,0.0
563090.SH,20260901,1.427,14000,19978.0,,,0.0
563150.SH,20260901,,0,0.0,,,0.0
563180.SH,20260901,,0,0.0,,,0.0
563200.SH,20260901,1.54707,7500,11603.0,,,0.0
563210.SH,20260901,2.07601,37100,77020.0,,,0.0
563220.SH,20260901,1.27417,1200,1529.0,,,0.0
563230.SH,20260901,1.103,352200,388477.0,,,0.0
563280.SH,20260901,,0,0.0,,,0.0
563300.SH,20260901,1.452,2278600,3308527.0,,,0.0
563320.SH,20260901,,0,0.0,,,0.0
563330.SH,20260901,,0,0.0,,,0.0
563350.SH,20260901,,0,0.0,,,0.0
563360.SH,20260901,1.291,1471800,1900094.0,,,0.0
563380.SH,20260901,0.953,74000,70522.0,,,0.0
563390.SH,20260901,1.23394,3300,4072.0,,,0.0
563500.SH,20260901,0.634,5000,3170.0,,,0.0
563510.SH,20260901,,0,0.0,,,0.0
563520.SH,20260901,,0,0.0,,,0.0
563530.SH,20260901,1.112,43000,47816.0,,,0.0
563550.SH,20260901,,0,0.0,,,0.0
563560.SH,20260901,,0,0.0,,,0.0
563570.SH,20260901,0.768998,90800,69825.0,,,0.0
563580.SH,20260901,,0,0.0,,,0.0
563590.SH,20260901,,0,0.0,,,0.0
563600.SH,20260901,,0,0.0,,,0.0
563620.SH,20260901,,0,0.0,,,0.0
563630.SH,20260901,,0,0.0,,,0.0
563650.SH,20260901,,0,0.0,,,0.0
563660.SH,20260901,,0,0.0,,,0.0
563670.SH,20260901,,0,0.0,,,0.0
563680.SH,20260901,,0,0.0,,,0.0
563690.SH,20260901,,0,0.0,,,0.0
563700.SH,20260901,1.08636,1100,1195.0,,,0.0
563750.SH,20260901,1.11,200,222.0,,,0.0
563760.SH,20260901,,0,0.0,,,0.0
563770.SH,20260901,,0,0.0,,,0.0
563780.SH,20260901,,0,0.0,,,0.0
563790.SH,20260901,0.835997,65200,54507.0,,,0.0
563800.SH,20260901,1.22104,12500,15263.0,,,0.0
563830.SH,20260901,,0,0.0,,,0.0
563850.SH,20260901,,0,0.0,,,0.0
563860.SH,20260901,,0,0.0,,,0.0
563870.SH,20260901,,0,0.0,,,0.0
563880.SH,20260901,,0,0.0,,,0.0
563890.SH,20260901,,0,0.0,,,0.0
563900.SH,20260901,,0,0.0,,,0.0
563930.SH,20260901,,0,0.0,,,0.0
563960.SH,20260901,,0,0.0,,,0.0
563980.SH,20260901,,0,0.0,,,0.0
563990.SH,20260901,1.2625,400,505.0,,,0.0
588000.SH,20260901,1.771,12508400,22152376.0,,,0.0
588010.SH,20260901,1.06801,35600,38021.0,,,0.0
588020.SH,20260901,0.878,1385600,1216557.0,,,0.0
588030.SH,20260901,1.811,96200,174218.0,,,0.0
588040.SH,20260901,1.70897,11700,19995.0,,,0.0
588050.SH,20260901,1.72,510600,878232.0,,,0.0
588060.SH,20260901,1.064,2251500,2395596.0,,,0.0
588070.SH,20260901,2.23602,20100,44944.0,,,0.0
588080.SH,20260901,1.719,1583200,2721521.0,,,0.0
588090.SH,20260901,1.727,95100,164238.0,,,0.0
588100.SH,20260901,,0,0.0,,,0.0
588110.SH,20260901,0.64,240300,153792.0,,,0.0
588120.SH,20260901,0.916,1000,916.0,,,0.0
588130.SH,20260901,1.01195,7700,7792.0,,,0.0
588140.SH,20260901,,0,0.0,,,0.0
588150.SH,20260901,1.19702,27500,32918.0,,,0.0
588160.SH,20260901,1.096,159500,174812.0,,,0.0
588170.SH,20260901,1.006,14176300,14261358.0,,,0.0
588180.SH,20260901,1.099,26100,28684.0,,,0.0
588190.SH,20260901,1.80798,9900,17899.0,,,0.0
588200.SH,20260901,1.19,6723300,8000727.0,,,0.0
588210.SH,20260901,1.83898,9800,18022.0,,,0.0
588220.SH,20260901,1.806,206700,373300.0,,,0.0
588230.SH,20260901,1.816,146700,266407.0,,,0.0
588240.SH,20260901,,0,0.0,,,0.0
588250.SH,20260901,,0,0.0,,,0.0
588260.SH,20260901,,0,0.0,,,0.0
588270.SH,20260901,1.71198,20200,34582.0,,,0.0
588280.SH,20260901,1.20583,2400,2894.0,,,0.0
588290.SH,20260901,1.162,304400,353713.0,,,0.0
588300.SH,20260901,1.13,30200,34126.0,,,0.0
588310.SH,20260901,,0,0.0,,,0.0
588320.SH,20260901,1.738,3000,5214.0,,,0.0
588330.SH,20260901,1.104,86000,94944.0,,,0.0
588350.SH,20260901,,0,0.0,,,0.0
588360.SH,20260901,,0,0.0,,,0.0
588370.SH,20260901,1.78667,300,536.0,,,0.0
588380.SH,20260901,1.108,45600,50525.0,,,0.0
588390.SH,20260901,,0,0.0,,,0.0
588400.SH,20260901,1.105,3400,3757.0,,,0.0
588410.SH,20260901,1.211,2000,2422.0,,,0.0
588420.SH,20260901,1.196,10000,11960.0,,,0.0
588430.SH,20260901,,0,0.0,,,0.0
588450.SH,20260901,2.214,3000,6642.0,,,0.0
588460.SH,20260901,2.082,8500,17697.0,,,0.0
588470.SH,20260901,0.845022,22300,18844.0,,,0.0
588480.SH,20260901,0.903004,22300,20137.0,,,0.0
588500.SH,20260901,2.62792,2400,6307.0,,,0.0
588510.SH,20260901,0.865,105800,91517.0,,,0.0
588520.SH,20260901,,0,0.0,,,0.0
588530.SH,20260901,,0,0.0,,,0.0
588550.SH,20260901,,0,0.0,,,0.0
588660.SH,20260901,,0,0.0,,,0.0
588670.SH,20260901,,0,0.0,,,0.0
588680.SH,20260901,2.64,100,264.0,,,0.0
588690.SH,20260901,,0,0.0,,,0.0
588700.SH,20260901,,0,0.0,,,0.0
588710.SH,20260901,1.037,4580279,4749749.0,,,0.0
588720.SH,20260901,,0,0.0,,,0.0
588730.SH,20260901,1.518,92900,141022.0,,,0.0
588750.SH,20260901,2.388,191261,456731.0,,,0.0
588760.SH,20260901,0.762999,234400,178847.0,,,0.0
588770.SH,20260901,1.87,100,187.0,,,0.0
588780.SH,20260901,1.01,632000,638320.0,,,0.0
588790.SH,20260901,0.808999,379600,307096.0,,,0.0
588800.SH,20260901,1.794,103300,185320.0,,,0.0
588810.SH,20260901,2.565,78200,200583.0,,,0.0
588820.SH,20260901,,0,0.0,,,0.0
588830.SH,20260901,1.215,220300,267665.0,,,0.0
588840.SH,20260901,1.555,1400,2177.0,,,0.0
588850.SH,20260901,1.84501,43100,79520.0,,,0.0
588860.SH,20260901,0.663966,5800,3851.0,,,0.0
588870.SH,20260901,1.705,142400,242792.0,,,0.0
588880.SH,20260901,,0,0.0,,,0.0
588890.SH,20260901,1.34501,85900,115536.0,,,0.0
588900.SH,20260901,1.87103,10700,20020.0,,,0.0
588910.SH,20260901,,0,0.0,,,0.0
588920.SH,20260901,1.145,193400,221443.0,,,0.0
588930.SH,20260901,1.58,9800,15484.0,,,0.0
588940.SH,20260901,0.87,177300,154251.0,,,0.0
588950.SH,20260901,1.754,86900,152423.0,,,0.0
588960.SH,20260901,1.122,37000,41514.0,,,0.0
588980.SH,20260901,,0,0.0,,,0.0
588990.SH,20260901,3.73596,9400,35118.0,,,0.0
589000.SH,20260901,1.586,5000,7930.0,,,0.0
589010.SH,20260901,1.44,208000,299520.0,,,0.0
589020.SH,20260901,1.221,1772400,2164100.0,,,0.0
589030.SH,20260901,1.175,415500,488213.0,,,0.0
589050.SH,20260901,1.41301,21900,30945.0,,,0.0
589060.SH,20260901,1.67,119200,199064.0,,,0.0
589070.SH,20260901,1.099,166300,182764.0,,,0.0
589080.SH,20260901,1.58273,1100,1741.0,,,0.0
589090.SH,20260901,1.08205,7800,8440.0,,,0.0
589100.SH,20260901,0.92,47100,43332.0,,,0.0
589110.SH,20260901,0.938,4500,4221.0,,,0.0
589120.SH,20260901,0.825999,202200,167017.0,,,0.0
589130.SH,20260901,1.419,53100,75349.0,,,0.0
589150.SH,20260901,1.218,2500,3045.0,,,0.0
589160.SH,20260901,1.298,44900,58280.0,,,0.0
589170.SH,20260901,1.10399,20300,22411.0,,,0.0
589180.SH,20260901,1.74202,17800,31008.0,,,0.0
589190.SH,20260901,0.649003,71200,46209.0,,,0.0
589200.SH,20260901,,0,0.0,,,0.0
589210.SH,20260901,0.696003,124100,86374.0,,,0.0
589220.SH,20260901,,0,0.0,,,0.0
589230.SH,20260901,0.882903,3100,2737.0,,,0.0
589250.SH,20260901,1.27401,54900,69943.0,,,0.0
589260.SH,20260901,1.278,29000,37062.0,,,0.0
589270.SH,20260901,,0,0.0,,,0.0
589280.SH,20260901,,0,0.0,,,0.0
589290.SH,20260901,0.818991,43600,35708.0,,,0.0
589300.SH,20260901,,0,0.0,,,0.0
589310.SH,20260901,,0,0.0,,,0.0
589320.SH,20260901,,0,0.0,,,0.0
589330.SH,20260901,0.886066,6100,5405.0,,,0.0
589350.SH,20260901,0.787993,28900,22773.0,,,0.0
589360.SH,20260901,0.865,8800,7612.0,,,0.0
589380.SH,20260901,1.45102,15700,22781.0,,,0.0
589390.SH,20260901,0.772,4500,3474.0,,,0.0
589400.SH,20260901,0.779003,37100,28901.0,,,0.0
589410.SH,20260901,0.848,3000,2544.0,,,0.0
589420.SH,20260901,0.785986,29400,23108.0,,,0.0
589460.SH,20260901,,0,0.0,,,0.0
589500.SH,20260901,,0,0.0,,,0.0
589520.SH,20260901,0.609006,90500,55115.0,,,0.0
589550.SH,20260901,,0,0.0,,,0.0
589560.SH,20260901,0.964074,5400,5206.0,,,0.0
589580.SH,20260901,,0,0.0,,,0.0
589600.SH,20260901,,0,0.0,,,0.0
589630.SH,20260901,0.791994,32600,25819.0,,,0.0
589660.SH,20260901,,0,0.0,,,0.0
589680.SH,20260901,1.539,239400,368437.0,,,0.0
589700.SH,20260901,2.21714,700,1552.0,,,0.0
589720.SH,20260901,0.899,1904700,1712325.0,,,0.0
589770.SH,20260901,,0,0.0,,,0.0
589780.SH,20260901,,0,0.0,,,0.0
589800.SH,20260901,1.604,86800,139227.0,,,0.0
589820.SH,20260901,,0,0.0,,,0.0
589850.SH,20260901,1.615,360800,582692.0,,,0.0
589860.SH,20260901,,0,0.0,,,0.0
589880.SH,20260901,,0,0.0,,,0.0
589890.SH,20260901,,0,0.0,,,0.0
589900.SH,20260901,,0,0.0,,,0.0
589950.SH,20260901,1.36401,38700,52787.0,,,0.0
589960.SH,20260901,0.8625,800,690.0,,,0.0
589980.SH,20260901,,0,0.0,,,0.0
589990.SH,20260901,,0,0.0,,,0.0
000001.SZ,20260901,11.68,360800,4214144.0,-0.34129692832765013,2.331793458999178,42.9522184300341
000002.SZ,20260901,3.1,13229300,41010830.0,-1.273885350318471,75.98477554944489,37.35668789808918
000006.SZ,20260901,7.0,821600,5751200.0,-2.506963788300831,36.308700854791034,29.958217270195014
000007.SZ,20260901,12.8,7400,94720.0,-0.4665629860031051,1.2643174912652038,42.20062208398137
000008.SZ,20260901,2.53,93900,237567.0,0.0,2.612262842046299,45.0
000009.SZ,20260901,7.07,65200,460964.0,0.0,3.4902123259489852,45.0
000010.SZ,20260901,1.66,148300,246178.0,-1.1904761904761862,6.513920197558236,37.85714285714288
000011.SZ,20260901,9.29,1658900,15411181.0,-7.745779543197628,30.315708479880204,15.0
000012.SZ,20260901,3.73,37200,138756.0,0.0,2.0879894516101936,45.0
000014.SZ,20260901,10.72,525600,5634432.0,-1.1070110701106972,44.99936492507147,38.357933579335814
000016.SZ,20260901,2.46,4541600,11172336.0,0.0,34.76997805110777,45.0
000017.SZ,20260901,10.91,4710100,51387191.0,-2.67618198037467,35.89244723462442,28.94290811775198
000019.SZ,20260901,7.17,678100,4861977.0,-0.4166666666666652,25.085295387983333,42.50000000000001
000020.SZ,20260901,12.87,389200,5009004.0,1.4984227129337446,29.37149549434981,53.990536277602466
000021.SZ,20260901,37.7,357500,13477750.0,-0.10598834128245915,6.6423279148351515,44.36406995230524
000025.SZ,20260901,15.65,171900,2690235.0,-0.9493670886076,7.118106045990423,39.303797468354404
000026.SZ,20260901,20.55,88300,1814565.0,1.1816838995568846,12.180828846869682,52.09010339734131
000027.SZ,20260901,6.32,97700,617464.0,-0.6289308176100628,3.7147929176013736,41.22641509433962
000028.SZ,20260901,19.91,33900,674949.0,0.0,11.52635466876988,45.0
000029.SZ,20260901,21.6,123300,2663280.0,-2.218198279764594,24.899530227713086,31.690810321412435
000030.SZ,20260901,4.03,24700,99541.0,0.0,1.8699605820026535,45.0
000031.SZ,20260901,2.21,872000,1927120.0,0.4545454545454408,12.489135669695681,47.72727272727265
000032.SZ,20260901,14.77,36200,534674.0,-0.13522650439485862,1.5022193631179168,44.18864097363085
000034.SZ,20260901,24.15,98300,2373945.0,-0.20661157024793875,4.8927271949669695,43.76033057851237
000035.SZ,20260901,4.78,211400,1010492.0,-0.4166666666666541,6.442693428426499,42.50000000000008
000036.SZ,20260901,4.03,430700,1735721.0,-0.49382716049382047,15.45374322681545,42.03703703703708
000037.SZ,20260901,9.63,23200,223416.0,-0.2072538860103612,2.2968991979673694,43.756476683937834
000039.SZ,20260901,9.02,65100,587202.0,-0.5512679162072875,1.7977903087204714,41.69239250275628
000042.SZ,20260901,8.53,337600,2879728.0,-1.38728323699423,46.338518333065885,36.67630057803462
000045.SZ,20260901,11.11,20300,225533.0,0.0,2.5167627021733234,45.0
000048.SZ,20260901,22.93,63000,1444590.0,-0.043591979075852105,3.456073387297987,44.738448125544885
000049.SZ,20260901,23.43,11700,274131.0,-0.12787723785167016,2.485768526780848,44.232736572889976
000050.SZ,20260901,6.77,88000,595760.0,0.2962962962962834,5.010629552358295,46.7777777777777
000055.SZ,20260901,3.62,22500,81450.0,0.27700831024930483,2.800071386178451,46.66204986149583
000056.SZ,20260901,2.17,137700,298809.0,0.0,5.675063190153218,45.0
000058.SZ,20260901,7.0,11800,82600.0,0.2865329512893977,1.3612912125342118,46.719197707736384
000059.SZ,20260901,5.86,4597282,26940072.52,1.384083044982698,29.903550281072878,53.304498269896186
000060.SZ,20260901,6.96,1846200,12849552.0,1.6058394160584077,16.46284158665664,54.635036496350445
000061.SZ,20260901,6.24,183200,1143168.0,0.16051364365969878,2.6499505543285413,45.963081861958194
000062.SZ,20260901,24.5,274700,6730150.0,-0.20366598778004397,7.7198799052932925,43.778004073319735
000063.SZ,20260901,33.99,266900,9071931.0,-0.5558806319485021,2.8633633119860593,41.66471620830899
000065.SZ,20260901,10.04,74800,750992.0,0.0,3.4040684162593386,45.0
000066.SZ,20260901,14.52,197800,2872056.0,-0.47978067169294203,3.336321731701824,42.12131596984235
000068.SZ,20260901,3.2,77500,248000.0,-0.31152647975076775,5.144196174750833,43.13084112149539
000069.SZ,20260901,1.8,1457400,2623320.0,-0.5524861878453025,23.045398439517705,41.685082872928184
000070.SZ,20260901,15.9,180200,2865180.0,0.952380952380949,4.559721193394129,50.714285714285694
000078.SZ,20260901,1.42,40707292,57804354.64,-2.0689655172413834,313.565844095054,32.5862068965517
000088.SZ,20260901,4.54,53300,241982.0,0.0,2.0273404851283403,45.0
000089.SZ,20260901,6.56,119300,782608.0,0.45941807044409533,6.125176278957488,47.756508422664574
000090.SZ,20260901,3.47,252100,874787.0,-0.5730659025787954,12.127904718144524,41.56160458452723
000096.SZ,20260901,8.27,19800,163746.0,0.4860267314702238,2.634554116477694,47.91616038882134
000099.SZ,20260901,13.69,62200,851518.0,-0.2913328477785915,7.394541133431959,43.252002913328454
000100.SZ,20260901,5.09,2195500,11175095.0,0.0,5.3256883140964,45.0
000151.SZ,20260901,10.19,19400,197686.0,0.1966568338249708,4.064298401376627,46.179941002949825
000153.SZ,20260901,6.33,28800,182304.0,0.0,2.4746410310593814,45.0
000155.SZ,20260901,12.56,151400,1901584.0,0.0,3.991589718213503,45.0
000156.SZ,20260901,7.12,50700,360984.0,0.0,3.8092497633364135,45.0
000157.SZ,20260901,6.7,257400,1724580.0,0.1494768310911887,5.595040740889771,45.89686098654713
000158.SZ,20260901,12.63,35800,452154.0,0.07923930269415624,0.3568745750727823,45.47543581616494
000159.SZ,20260901,6.03,13500,81405.0,0.836120401337781,1.401377668296545,50.01672240802669
000166.SZ,20260901,4.56,275800,1257648.0,-0.2188183807440014,3.6757921811510803,43.68708971553599
000301.SZ,20260901,14.58,417500,6087150.0,-0.1369863013698569,7.205849655629472,44.17808219178086
000333.SZ,20260901,87.9,146200,12850980.0,0.19377635928417014,7.95001156434695,46.16265815570502
000338.SZ,20260901,27.49,415300,11416597.0,1.1777695988222092,4.814206258537694,52.066617592933255
000400.SZ,20260901,21.52,19600,421792.0,-0.278035217794248,2.929693110923669,43.331788693234515
000401.SZ,20260901,3.59,44600,160114.0,0.27932960893854997,4.179635521185127,46.6759776536313
000402.SZ,20260901,2.51,6570706,16492472.06,-3.831417624521072,62.92797265082131,22.011494252873568
000403.SZ,20260901,10.43,8100,84483.0,0.09596928982724684,1.4518285466405692,45.575815738963485
000404.SZ,20260901,7.09,7874,55826.66,0.14124293785311437,1.0331812847669775,45.847457627118686
000407.SZ,20260901,4.25,35100,149175.0,-0.23474178403755097,2.22385642106136,43.5915492957747
000408.SZ,20260901,79.87,238200,19025034.0,1.8879959178466743,21.052036304426743,56.32797550708005
000409.SZ,20260901,8.86,7300,64678.0,0.0,0.28437171783346366,45.0
000410.SZ,20260901,5.21,79800,415758.0,-0.19157088122604415,4.538152014699334,43.850574712643734
000411.SZ,20260901,9.8,5300,51940.0,-0.20366598778003286,0.6834361462289427,43.778004073319806
000415.SZ,20260901,4.42,88100,389402.0,-0.45045045045045695,0.9091376170536499,42.297297297297256
000417.SZ,20260901,5.76,60500,348480.0,-0.17331022530329143,1.4864513114123814,43.96013864818025
000419.SZ,20260901,5.02,13100,65762.0,0.1996007984031989,1.54577605094061,46.19760479041919
000420.SZ,20260901,3.73,178400,665432.0,0.0,3.4278033174099307,45.0
000421.SZ,20260901,5.78,59700,345066.0,-0.6872852233676952,5.785593903707031,40.87628865979383
000422.SZ,20260901,12.92,213800,2762296.0,-0.46224961479198745,7.789570424351048,42.226502311248076
000423.SZ,20260901,47.78,27900,1333062.0,0.3992435385585136,5.45891753923446,47.39546123135108
000425.SZ,20260901,8.0,3066100,24528800.0,1.3941698352344822,10.399850823764398,53.36501901140689
000426.SZ,20260901,40.18,1057794,42502162.92,0.828105395232126,23.440392039470805,49.96863237139276
000428.SZ,20260901,4.57,850600,3887242.0,1.7817371937639104,8.343382375979388,55.690423162583464
000429.SZ,20260901,13.27,16200,214974.0,0.3023431594860071,1.333376110648644,46.81405895691604
000430.SZ,20260901,7.02,84800,595296.0,0.42918454935620964,7.757178826928161,47.57510729613726
000488.SZ,20260901,1.91,20600,39346.0,0.0,2.586936920980509,45.0
000498.SZ,20260901,4.92,49599,244027.08,-0.20283975659228792,3.7258955357425156,43.78296146044627
000501.SZ,20260901,7.19,35300,253807.0,0.5594405594405494,2.143243751483325,48.356643356643296
000503.SZ,20260901,7.05,50800,358140.0,0.5706134094151327,1.8695087584637438,48.4236804564908
000504.SZ,20260901,8.2,11700,95940.0,0.0,2.3552535410552067,45.0
000505.SZ,20260901,6.98,1521700,10621466.0,-0.8522727272727182,32.32737004751392,39.88636363636369
000506.SZ,20260901,20.71,1477687,30602897.77,2.0197044334975267,27.655525773156327,57.11822660098516
000507.SZ,20260901,5.1,15400,78540.0,0.19646365422396617,1.3539941275202494,46.1787819253438
000509.SZ,20260901,3.48,30400,105792.0,0.0,1.7754791111467287,45.0
000510.SZ,20260901,18.0,115800,2084400.0,0.7274762171236571,3.500789990924672,49.36485730274194
000513.SZ,20260901,26.39,26700,704613.0,-0.07572889057174681,4.339962370358833,44.54562665656952
000514.SZ,20260901,4.15,2030200,8425330.0,-4.816513761467888,45.16619523581164,16.10091743119267
000516.SZ,20260901,4.1,52500,215250.0,-0.24330900243311193,5.192255658418905,43.54014598540133
000517.SZ,20260901,2.19,136600,299154.0,-0.9049773755656076,3.675455163866334,39.570135746606354
000518.SZ,20260901,3.94,67400,265556.0,0.5102040816326481,1.409682055161388,48.06122448979589
000519.SZ,20260901,14.42,248700,3586254.0,0.1388888888888884,5.991659610203523,45.83333333333333
000520.SZ,20260901,4.21,46300,194923.0,0.4773269689737347,2.304347503957378,47.86396181384241
000521.SZ,20260901,4.83,20100,97083.0,0.0,1.6515425563643442,45.0
000523.SZ,20260901,3.38,699300,2363634.0,0.29673590504450953,8.428904578051302,46.780415430267055
000524.SZ,20260901,10.23,16200,165726.0,-0.5830903790087327,1.2249348165874483,41.5014577259476
000525.SZ,20260901,4.77,145300,693081.0,0.21008403361344463,3.8290109807884565,46.26050420168067
000526.SZ,20260901,36.09,27500,992475.0,-0.3589177250137965,3.8649932308146973,42.84649364991722
000528.SZ,20260901,7.83,46100,360963.0,0.0,1.2321254280393796,45.0
000529.SZ,20260901,5.08,55000,279400.0,0.39525691699606735,8.735988454737777,47.3715415019764
000530.SZ,20260901,5.26,286989,1509562.14,0.9596928982725572,25.344170407290264,50.75815738963534
000531.SZ,20260901,5.63,26200,147506.0,0.1779359430605032,3.821093638550437,46.06761565836302
000532.SZ,20260901,11.33,21000,237930.0,0.08833922261484162,2.4483841895384226,45.53003533568905
000533.SZ,20260901,11.7,151200,1769040.0,-0.2557544757033292,2.9131521771971425,43.465473145780024
000534.SZ,20260901,23.67,141300,3344571.0,-0.25284450063211006,10.537861811502333,43.48293299620734
000536.SZ,20260901,3.62,781800,2830116.0,0.5555555555555536,4.122319365443125,48.33333333333332
000537.SZ,20260901,7.46,21500,160390.0,0.0,1.2991788008737475,45.0
000538.SZ,20260901,50.29,37100,1865759.0,-0.1984520738241735,3.5445009915232575,43.80928755705496
000539.SZ,20260901,5.14,173400,891276.0,-0.387596899224818,3.8192468754694735,42.674418604651095
000541.SZ,20260901,4.95,7900,39105.0,0.0,0.9297433066390862,45.0
000543.SZ,20260901,7.25,41000,297250.0,0.0,1.643005840160352,45.0
000544.SZ,20260901,7.33,5000,36650.0,-0.13623978201634523,1.1237693612839625,44.18256130790193
000545.SZ,20260901,2.18,3285700,7162826.0,-9.917355371900815,15.93255275951611,15.0
000546.SZ,20260901,4.83,7900,38157.0,0.20746887966804906,0.7601780904357527,46.244813278008294
000547.SZ,20260901,14.2,44000,624800.0,-0.14064697609001975,0.9604440089464124,44.15611814345988
000548.SZ,20260901,4.59,15400,70686.0,0.0,2.6744424234384763,45.0
000550.SZ,20260901,16.18,16900,273442.0,-0.12345679012345512,1.800709741445081,44.25925925925927
000551.SZ,20260901,12.65,33800,427570.0,-0.07898894154818592,3.2063993845805734,44.526066350710884
000552.SZ,20260901,2.71,1282900,3476659.0,-1.4545454545454528,12.064188385393436,36.27272727272728
000553.SZ,20260901,5.63,77000,433510.0,0.0,3.9715473397771737,45.0
000554.SZ,20260901,6.79,207500,1408925.0,1.646706586826352,11.668405119412473,54.88023952095811
000555.SZ,20260901,10.88,42400,461312.0,0.18416206261511192,1.7673384108660053,46.10497237569067
000557.SZ,20260901,3.72,7200,26784.0,0.0,0.7973141643623963,45.0
000558.SZ,20260901,3.73,382600,1427098.0,0.0,6.771629195870191,45.0
000559.SZ,20260901,11.22,26700,299574.0,-0.08904719501335867,1.1581505373318968,44.46571682991985
000560.SZ,20260901,3.05,76395500,233006275.0,5.1724137931034475,85.61682209917404,76.03448275862068
000561.SZ,20260901,7.85,18000,141300.0,0.12755102040815647,2.5008289194794324,45.76530612244894
000563.SZ,20260901,3.02,210400,635408.0,-0.3300330033003229,3.7986271149147064,43.01980198019806
000564.SZ,20260901,1.51,2131800,3219018.0,0.0,4.162007015937193,45.0
000565.SZ,20260901,6.45,1379700,8899065.0,-0.462962962962965,65.52806002588537,42.22222222222221
000566.SZ,20260901,4.94,238100,1176214.0,-0.20202020202019222,2.3751253294313837,43.787878787878846
000567.SZ,20260901,6.88,827400,5692512.0,0.0,13.1869540398111,45.0
000568.SZ,20260901,76.69,27900,2139651.0,-0.4025974025974044,1.9390727078640444,42.584415584415574
000570.SZ,20260901,5.24,36700,192308.0,0.19120458891013214,3.2230884467677297,46.14722753346079
000571.SZ,20260901,6.17,144800,893416.0,0.16233766233766378,7.260122027128838,45.974025974025984
000572.SZ,20260901,3.87,89600,346752.0,0.5194805194805197,1.7443432194372142,48.116883116883116
000573.SZ,20260901,3.84,796800,3059712.0,-0.7751937984496138,37.3374828960004,40.34883720930232
000576.SZ,20260901,8.22,195100,1603722.0,-0.3636363636363549,5.194174989105959,42.81818181818187
000581.SZ,20260901,18.03,39200,706776.0,-0.27654867256635685,3.523495961954982,43.34070796460186
000582.SZ,20260901,11.3,334800,3783240.0,0.6233303650934996,8.326097345438185,48.739982190560994
000586.SZ,20260901,13.6,68800,935680.0,-0.7299270072992692,6.039539766192713,40.620437956204384
000589.SZ,20260901,4.43,642100,2844503.0,0.2262443438914019,17.507423527500812,46.35746606334841
000590.SZ,20260901,9.43,8400,79212.0,0.10615711252652815,2.6799595982861955,45.63694267515917
000591.SZ,20260901,4.27,93300,398391.0,-0.23364485981309802,2.353151585801852,43.59813084112141
000592.SZ,20260901,6.83,2495900,17046997.0,1.94029850746269,8.244481819857107,56.64179104477614
000593.SZ,20260901,22.72,59000,1340480.0,0.48651039363112325,5.3551470195430335,47.91906236178674
000595.SZ,20260901,5.79,93100,539049.0,-0.344234079173833,3.6517154345287604,42.934595524957004
000596.SZ,20260901,91.88,40400,3711952.0,0.18536691745720812,4.878545092704439,46.11220150474325
000597.SZ,20260901,4.9,19200,94080.0,0.0,1.4341402144491386,45.0
000598.SZ,20260901,7.37,493800,3639306.0,0.2721088435374108,16.93541053666881,46.63265306122447
000599.SZ,20260901,4.8,7600,36480.0,-0.4149377593361092,0.8740694638936515,42.51037344398335
000600.SZ,20260901,7.55,119200,899960.0,-0.26420079260238705,5.988312615936664,43.41479524438568
000601.SZ,20260901,6.12,54200,331704.0,0.0,2.4825196883661476,45.0
000603.SZ,20260901,37.26,886783,33041534.58,1.057770545158676,21.905118403723435,51.34662327095206
000605.SZ,20260901,6.05,22500,136125.0,0.0,6.166922660968347,45.0
000607.SZ,20260901,3.81,68200,259842.0,-0.5221932114882533,3.1988234368863813,41.86684073107048
000608.SZ,20260901,7.37,233700,1722369.0,1.2362637362637319,9.59228232775234,52.417582417582395
000609.SZ,20260901,9.71,37600,365096.0,-0.7157464212678821,8.11688405525482,40.705521472392704
000610.SZ,20260901,7.42,4950800,36734936.0,9.925925925925917,190.9568276945822,100.0
000612.SZ,20260901,11.36,583500,6628560.0,0.5309734513274211,13.89491949552608,48.18584070796453
000615.SZ,20260901,3.29,182100,599109.0,-0.6042296072507614,56.14524041005484,41.37462235649543
000617.SZ,20260901,7.34,863500,6338090.0,0.5479452054794498,6.488525719511934,48.2876712328767
000619.SZ,20260901,5.07,79200,401544.0,0.19762845849804478,13.473717553373898,46.18577075098827
000620.SZ,20260901,3.2,5124400,16398080.0,-1.2345679012345734,20.902236234874348,37.59259259259256
000623.SZ,20260901,18.55,38300,710465.0,0.16198704103671524,2.395658148010758,45.97192224622029
000625.SZ,20260901,7.08,131400,930312.0,0.14144271570013522,3.4024751288632777,45.84865629420081
000626.SZ,20260901,8.78,431600,3789448.0,-0.34052213393871433,9.010985937640772,42.95686719636771
000628.SZ,20260901,48.67,70800,3445836.0,-0.4092490280335537,6.1296919379393255,42.54450583179868
000629.SZ,20260901,3.07,281000,862670.0,0.0,3.212080871425311,45.0
000630.SZ,20260901,6.78,4452500,30187950.0,1.6491754122938573,14.923098161723173,54.895052473763144
000631.SZ,20260901,2.97,48200,143154.0,0.0,5.398213665732992,45.0
000632.SZ,20260901,4.35,451600,1964460.0,2.35294117647058,20.299774795065584,59.11764705882348
000633.SZ,20260901,5.47,44800,245056.0,0.0,4.526535014250801,45.0
000635.SZ,20260901,7.22,472200,3409284.0,10.060975609756095,152.98327097801732,100.0
000636.SZ,20260901,55.59,936300,52048917.0,-0.5189692197566154,9.055576572785439,41.88618468146031
000637.SZ,20260901,4.28,50500,216140.0,0.46948356807512415,4.701760083591456,47.81690140845075
000639.SZ,20260901,1.65,940400,1551660.0,0.0,20.09865975948814,45.0
000650.SZ,20260901,5.46,46000,251160.0,0.0,2.328345025001008,45.0
000651.SZ,20260901,38.95,122200,4759690.0,0.0,2.7453003495504817,45.0
000652.SZ,20260901,3.51,352000,1235520.0,0.28571428571428914,27.620316701250708,46.71428571428574
000655.SZ,20260901,7.32,14500,106140.0,0.0,1.730166309621865,45.0
000656.SZ,20260901,1.25,10530400,13163000.0,-1.5748031496062964,48.592591612539934,35.55118110236222
000657.SZ,20260901,65.78,175800,11564124.0,-0.030395136778105236,2.981879865125915,44.81762917933137
000659.SZ,20260901,2.94,792200,2329068.0,1.730103806228378,28.438820970269997,55.38062283737027
000661.SZ,20260901,73.0,16900,1233700.0,-0.2732240437158473,1.9080605475106456,43.36065573770492
000663.SZ,20260901,6.06,128800,780528.0,0.3311258278145601,6.48209887898177,46.98675496688736
000665.SZ,20260901,4.04,314300,1269772.0,-0.7371007371007376,6.629887689665884,40.57739557739558
000668.SZ,20260901,23.0,37600,864800.0,-0.04345936549327023,12.866669353074876,44.73924380704038
000669.SZ,20260901,4.34,100,434.0,1.4018691588784993,0.014996839702838547,11.110646099781935
000670.SZ,20260901,7.09,180900,1282581.0,0.4249291784702569,5.579269760819087,47.54957507082154
000672.SZ,20260901,14.57,113500,1653695.0,-0.0685871056241405,4.984525508089939,44.588477366255155
000676.SZ,20260901,6.87,409900,2816013.0,-0.2902757619738683,3.681289709697672,43.25834542815679
000677.SZ,20260901,1.82,510600,929292.0,0.5524861878453136,8.093977488027399,48.31491712707188
000678.SZ,20260901,9.03,40800,368424.0,-0.22099447513813653,4.272298970945574,43.67403314917118
000679.SZ,20260901,6.34,15900,100806.0,-0.47095761381475976,2.6071171663748305,42.17425431711144
000680.SZ,20260901,10.51,65000,683150.0,0.0,3.0172337847871518,45.0
000681.SZ,20260901,17.18,574100,9863038.0,-0.11627906976744429,10.444521055517797,44.30232558139534
000682.SZ,20260901,11.45,57200,654940.0,-0.08726003490402423,6.414880672684897,44.47643979057585
000683.SZ,20260901,6.24,392500,2449200.0,0.16051364365969878,3.3199590572460913,45.963081861958194
000685.SZ,20260901,11.42,57100,652082.0,0.0,3.8785477412372886,45.0
000686.SZ,20260901,8.11,40100,325211.0,-0.3685503685503799,1.522458678727924,42.78869778869772
000688.SZ,20260901,31.29,107800,3373062.0,-1.6037735849056656,4.1527907851467605,35.37735849056601
000690.SZ,20260901,4.9,49900,244510.0,0.0,0.8271695420240306,45.0
000691.SZ,20260901,10.26,2000,20520.0,0.09756097560975618,0.1753831785916523,32.15433800015595
000692.SZ,20260901,4.28,37300,159644.0,-0.46511627906975495,2.4224353408133483,42.20930232558147
000695.SZ,20260901,15.02,78000,1171560.0,-0.19933554817276322,7.225913793939555,43.80398671096342
000697.SZ,20260901,8.68,105900,919212.0,-1.4755959137344066,15.537206611015392,36.14642451759356
000698.SZ,20260901,3.71,24660,91488.6,-0.26881720430108613,6.90520680788183,43.38709677419348
000700.SZ,20260901,11.54,121800,1405572.0,0.08673026886383273,4.5925541963843495,45.520381613183
000701.SZ,20260901,5.11,3300,16863.0,0.19607843137257053,0.22368884649314108,41.44046295700082
000702.SZ,20260901,5.73,23400,134082.0,-0.5208333333333259,3.0108401488685463,41.87500000000004
000703.SZ,20260901,19.52,575900,11241568.0,0.0,4.8880791944313176,45.0
000705.SZ,20260901,7.28,55500,404040.0,1.1111111111111072,12.033780720295223,51.66666666666664
000707.SZ,20260901,4.72,40400,190688.0,0.2123142250530785,6.996676167872676,46.27388535031847
000708.SZ,20260901,13.76,43400,597184.0,0.07272727272726875,2.510036450628925,45.43636363636361
000709.SZ,20260901,2.12,272700,578124.0,0.0,3.1102350126734977,45.0
000710.SZ,20260901,8.97,105900,949923.0,0.5605381165919354,5.11716670519577,48.36322869955161
000711.SZ,20260901,5.99,2080700,12463393.0,1.697792869269965,16.653615309092213,55.18675721561979
000712.SZ,20260901,12.08,6385300,77134424.0,-6.933744221879823,27.037562246811383,15.0
000713.SZ,20260901,6.49,613900,3984211.0,0.0,7.848896175586647,45.0
000715.SZ,20260901,5.71,14700,83937.0,0.35149384885764245,1.1721911966402503,47.10896309314585
000716.SZ,20260901,5.95,6672800,39703160.0,1.3628620102214661,39.214406801368156,53.1771720613288
000717.SZ,20260901,2.3,29100,66930.0,-0.43290043290044045,1.268561489411248,42.40259740259736
000718.SZ,20260901,1.98,2046500,4052070.0,-1.0000000000000009,53.21017605238606,38.99999999999999
000719.SZ,20260901,12.02,38100,457962.0,0.08326394671107629,5.55327571438419,45.499583680266454
000720.SZ,20260901,3.84,79400,304896.0,0.0,3.6715496798654477,45.0
000721.SZ,20260901,6.95,112200,779790.0,0.7246376811594235,1.8890016705203705,49.347826086956545
000722.SZ,20260901,12.87,41200,530244.0,-0.5409582689335446,4.1863968724352105,41.75425038639873
000723.SZ,20260901,3.87,1132800,4383936.0,-0.7692307692307665,5.705317840224439,40.3846153846154
000725.SZ,20260901,6.01,10175300,61153553.0,0.0,10.512875413541572,45.0
000726.SZ,20260901,5.96,36499,217534.04,-0.33444816053512794,6.528915395070783,42.99331103678923
000727.SZ,20260901,2.3,93400,214820.0,-0.43290043290044045,1.0589177983629638,42.40259740259736
000728.SZ,20260901,7.7,257000,1978900.0,-0.12970168612191912,4.432555873695054,44.221789883268485
000729.SZ,20260901,11.42,96700,1104314.0,0.17543859649122862,3.9755206072114033,46.05263157894737
000731.SZ,20260901,6.73,533400,3589782.0,0.8995502248875686,11.574990543598355,50.39730134932541
000733.SZ,20260901,41.53,73900,3069067.0,0.3624939584340181,8.770734866163055,47.17496375060411
000735.SZ,20260901,5.73,836500,4793145.0,0.7029876977152849,11.11033845689695,49.217926186291706
000736.SZ,20260901,4.6,2939100,13519860.0,-2.9535864978903037,48.20077430666823,27.278481012658176
000737.SZ,20260901,15.67,1957100,30667757.0,3.159973666886118,19.44350103530445,63.95984200131671
000738.SZ,20260901,18.88,18700,353056.0,-0.3693931398416894,1.785137903673756,42.78364116094986
000739.SZ,20260901,21.6,15400,332640.0,-0.36900369003689537,0.9465757447965417,42.785977859778626
000750.SZ,20260901,3.84,99200,380928.0,0.0,1.9169626255715235,45.0
000751.SZ,20260901,5.33,930900,4961697.0,3.0947775628626717,12.046980424711156,63.56866537717603
000752.SZ,20260901,8.55,1300,11115.0,0.35211267605634866,0.5536826596852672,47.11267605633809
000753.SZ,20260901,4.87,16900,82303.0,0.0,0.899736686450046,45.0
000755.SZ,20260901,4.81,25100,120731.0,-0.20746887966806016,3.808286909786707,43.75518672199164
000756.SZ,20260901,13.37,14700,196539.0,0.450788880540931,1.4053138626510744,47.70473328324559
000757.SZ,20260901,4.48,66000,295680.0,0.6741573033707926,6.01038572211406,49.04494382022476
000758.SZ,20260901,6.4,209400,1340160.0,0.15649452269170805,6.882327601798084,45.93896713615025
000759.SZ,20260901,6.14,460100,2825014.0,0.32679738562091387,5.446411992735908,46.96078431372548
000761.SZ,20260901,2.35,46600,109510.0,0.0,1.9977985580688327,45.0
000762.SZ,20260901,23.75,42700,1014125.0,-0.2938706968933724,3.057966261740066,43.236775818639764
000766.SZ,20260901,16.45,18000,296100.0,-0.6642512077294604,1.8258066543828437,41.01449275362324
000767.SZ,20260901,3.4,96400,327760.0,-0.2932551319648202,1.41858427505606,43.24046920821108
000768.SZ,20260901,21.9,53400,1169460.0,-0.2732240437158584,1.0396241824396855,43.360655737704846
000776.SZ,20260901,21.77,217200,4728444.0,-0.22914757103574823,4.01555070427552,43.62511457378551
000777.SZ,20260901,17.2,6000,103200.0,-0.17411491584445882,1.4374807976523447,43.955310504933244
000778.SZ,20260901,3.7,346300,1281310.0,0.5434782608695565,6.298396472144592,48.26086956521734
000779.SZ,20260901,9.68,469000,4539920.0,-0.10319917440659854,5.511203336037769,44.38080495356041
000782.SZ,20260901,7.84,30800,241472.0,1.0309278350515427,2.584983395202781,51.185567010309256
000783.SZ,20260901,9.18,492000,4516560.0,-0.7567567567567601,5.07278833264824,40.45945945945944
000785.SZ,20260901,2.27,82600,187502.0,-0.43859649122806044,1.179259631340507,42.36842105263164
000786.SZ,20260901,16.85,93900,1582215.0,-0.05931198102014923,2.6037370303108456,44.644128113879106
000788.SZ,20260901,5.67,30100,170667.0,0.0,1.8160831136832805,45.0
000789.SZ,20260901,4.16,12200,50752.0,0.24096385542167198,3.2309066369520703,46.44578313253003
000790.SZ,20260901,4.14,11000,45540.0,-0.48076923076924016,0.44728908336212403,42.115384615384556
000791.SZ,20260901,7.18,27000,193860.0,0.1394700139470073,1.417312055617509,45.83682008368204
000792.SZ,20260901,28.19,185187,5220421.53,0.0,2.8125238704345534,45.0
000793.SZ,20260901,2.1,195300,410130.0,0.0,16.566649554298838,45.0
000795.SZ,20260901,8.72,64000,558080.0,-0.34285714285713365,5.369028773145859,42.9428571428572
000796.SZ,20260901,4.31,733100,3159661.0,0.4662004662004504,7.714595767213952,47.7972027972027
000797.SZ,20260901,2.5,3165800,7914500.0,-0.7936507936507908,46.38875607244005,40.238095238095255
000798.SZ,20260901,9.56,838400,8015104.0,-0.6237006237006071,18.61065028445622,41.25779625779636
000799.SZ,20260901,38.81,25600,993536.0,-0.23136246786631398,3.0567191289858067,43.611825192802115
000800.SZ,20260901,6.08,79900,485792.0,-0.49099836333879043,3.879481482898125,42.054009819967256
000801.SZ,20260901,13.0,1429300,18580900.0,3.4208432776451803,34.394914086034134,65.52505966587108
000802.SZ,20260901,4.06,1537900,6243874.0,0.0,9.22219117558703,45.0
000803.SZ,20260901,7.5,23000,172500.0,-0.26595744680850686,3.309406006240347,43.40425531914896
000807.SZ,20260901,27.29,404300,11033347.0,0.6639616377720481,6.547520750563456,48.98376982663229
000809.SZ,20260901,3.47,16300,56561.0,0.28901734104047616,1.7527627830013017,46.734104046242855
000810.SZ,20260901,10.02,90700,908814.0,-0.7920792079207928,5.6802752252858175,40.24752475247524
000811.SZ,20260901,41.9,339900,14241810.0,0.33524904214559115,7.130000205621045,47.01149425287355
000812.SZ,20260901,3.69,4600,16974.0,-0.5390835579514808,0.16198846860951124,25.923423002003137
000813.SZ,20260901,3.3,68200,225060.0,0.0,2.1842441342887327,45.0
000815.SZ,20260901,16.66,433200,7217112.0,0.42194092827003704,7.011788498888909,47.531645569620224
000816.SZ,20260901,2.93,526000,1541180.0,-0.340136054421758,6.806448122330143,42.959183673469454
000818.SZ,20260901,12.51,37400,467874.0,-0.07987220447284171,3.174763216971156,44.52076677316295
000819.SZ,20260901,12.43,25600,318208.0,-0.3207698476343279,5.911247755123794,43.075380914194035
000820.SZ,20260901,3.64,66000,240240.0,0.0,4.566869083722708,45.0
000821.SZ,20260901,7.38,17300,127674.0,-0.2702702702702786,2.858017711459046,43.37837837837833
000822.SZ,20260901,4.5,6500,29250.0,-0.22172949002217113,0.5531044048383872,43.66962305986697
000823.SZ,20260901,15.78,136000,2146080.0,-0.25284450063212116,4.3289752615437855,43.482932996207275
000825.SZ,20260901,3.53,14800,52244.0,0.0,0.550315185417219,45.0
000826.SZ,20260901,1.91,35800,68378.0,-0.520833333333337,3.1603383320357312,41.87499999999998
000828.SZ,20260901,10.22,13700,140014.0,0.0,2.7056506760534527,45.0
000829.SZ,20260901,9.18,391900,3597642.0,2.4553571428571397,11.746198340338598,59.73214285714284
000830.SZ,20260901,12.96,248800,3224448.0,0.0,3.8469494343921364,45.0
000831.SZ,20260901,61.5,104677,6437635.5,-0.9023525620367456,4.390530307039111,39.58588462777953
000833.SZ,20260901,21.04,60700,1277128.0,-0.6610009442870712,3.3340078879866026,41.03399433427757
000837.SZ,20260901,10.3,19600,201880.0,0.0,1.1614054342740168,45.0
000838.SZ,20260901,2.98,180200,536996.0,-1.3245033112582738,6.442809522358639,37.05298013245036
000839.SZ,20260901,2.79,205900,574461.0,0.0,3.453354327619944,45.0
000848.SZ,20260901,8.28,338200,2800296.0,0.7299270072992581,10.588729048634637,49.379562043795545
000850.SZ,20260901,4.3,30900,132870.0,-0.23201856148491462,3.0530030620830293,43.60788863109051
000852.SZ,20260901,5.52,10300,56856.0,0.5464480874316724,0.8285858443811992,48.27868852459004
000856.SZ,20260901,8.87,18300,162321.0,-0.11261261261262812,3.3791617237458333,44.32432432432423
000858.SZ,20260901,71.18,96700,6883106.0,-0.12628034236001895,3.1810192383195695,44.242317945839886
000859.SZ,20260901,9.05,360000,3258000.0,1.1173184357541999,6.612923027827253,51.7039106145252
000860.SZ,20260901,10.48,5100,53448.0,-0.2854424357754404,0.42630708059395495,43.28734538534736
000862.SZ,20260901,5.25,9700,50925.0,-0.1901140684410607,0.6029810826324014,43.859315589353635
000863.SZ,20260901,4.21,175200,737592.0,0.0,8.327134916867806,45.0
000868.SZ,20260901,3.57,23900,85323.0,-0.5571030640668551,2.7495428546237743,41.65738161559887
000869.SZ,20260901,,0,0.0,,0.0,0.0
000875.SZ,20260901,4.92,52300,257316.0,-0.4048582995951455,1.3872890858655795,42.57085020242913
000876.SZ,20260901,7.14,570800,4075512.0,0.5633802816901401,12.028225939257558,48.38028169014084
000877.SZ,20260901,3.75,49500,185625.0,0.2673796791443861,3.717165131451935,46.604278074866315
000878.SZ,20260901,17.59,456300,8026317.0,1.2665515256188753,6.036372283811373,52.59930915371325
000880.SZ,20260901,23.36,23600,551296.0,0.0,2.8635176280361216,45.0
000881.SZ,20260901,6.67,32200,214774.0,0.15015015015014122,4.216962392707673,45.90090090090085
000882.SZ,20260901,1.52,1247500,1896200.0,1.333333333333342,16.917409658646527,53.00000000000005
000883.SZ,20260901,4.44,58499,259735.56,-0.22471910112359383,1.5223135417458722,43.65168539325844
000885.SZ,20260901,12.16,500,6080.0,0.08230452674897748,0.1323029352974029,24.308355514026385
000886.SZ,20260901,4.76,59600,283696.0,0.42194092827003704,3.8121139970954516,47.531645569620224
000887.SZ,20260901,21.37,123700,2643469.0,0.0,4.120779571306246,45.0
000888.SZ,20260901,10.28,78500,806980.0,-0.387596899224818,5.2870267119955425,42.674418604651095
000889.SZ,20260901,4.04,215000,868600.0,0.4975124378109541,5.878874825213119,47.985074626865725
000890.SZ,20260901,8.94,1320300,11803482.0,-0.9966777408637828,11.08575997769123,39.0199335548173
000892.SZ,20260901,4.73,4328499,20473800.27,10.000000000000009,332.5496371839212,100.0
000893.SZ,20260901,47.5,37000,1757500.0,-0.8764607679465852,1.7758134871184712,39.74123539232049
000895.SZ,20260901,24.14,29900,721786.0,0.33250207813799726,1.4631251819606568,46.99501246882798
000897.SZ,20260901,1.84,1185700,2181688.0,-0.5405405405405461,28.57327373264287,41.75675675675672
000898.SZ,20260901,2.05,120800,247640.0,-0.4854368932038944,2.908689104834094,42.087378640776635
000899.SZ,20260901,9.45,30600,289170.0,-0.21119324181627652,4.334045763207349,43.73284054910234
000900.SZ,20260901,3.67,18700,68629.0,0.2732240437158362,1.3076468516342896,46.63934426229502
000901.SZ,20260901,14.05,26500,372325.0,0.14255167498218313,1.9442814721798831,45.8553100498931
000902.SZ,20260901,14.3,26500,378950.0,0.0,1.9075462594253743,45.0
000903.SZ,20260901,1.9,25700,48830.0,0.0,1.4436663901556228,45.0
000905.SZ,20260901,8.73,11900,103887.0,-0.45610034207524963,1.0897008597384932,42.263397947548505
000906.SZ,20260901,5.74,56000,321440.0,-0.17391304347825765,2.467413049375661,43.95652173913045
000908.SZ,20260901,6.45,40000,258000.0,0.0,3.4577440637188572,45.0
000909.SZ,20260901,4.48,4700,21056.0,-0.22271714922048602,1.5592459783842714,43.663697104677084
000910.SZ,20260901,5.47,15199,83138.53,-0.545454545454549,2.25365283919916,41.727272727272705
000911.SZ,20260901,5.16,113100,583596.0,-0.3861003861003742,6.149740907943176,42.68339768339776
000912.SZ,20260901,4.39,3926600,17237774.0,-5.3879310344827624,21.140507331390353,15.0
000913.SZ,20260901,11.39,6700,76313.0,0.0,1.810120016130332,45.0
000915.SZ,20260901,25.09,9400,235846.0,-0.07964954201513663,3.609257816971872,44.52210274790918
000917.SZ,20260901,7.4,2676800,19808320.0,-1.726427622841964,25.50430414663839,34.641434262948216
000919.SZ,20260901,6.71,13900,93269.0,-0.14880952380952328,0.8616920152222985,44.10714285714286
000920.SZ,20260901,11.75,37100,435925.0,0.42735042735042583,6.361422855002783,47.564102564102555
000921.SZ,20260901,26.36,26400,695904.0,0.49561570720548787,3.202602851369741,47.97369424323293
000922.SZ,20260901,12.01,3200,38432.0,-0.3319502074688896,0.43474818398312565,43.008298755186665
000923.SZ,20260901,17.13,137100,2348523.0,2.3297491039426577,8.812102680561683,58.97849462365595
000925.SZ,20260901,9.4,797100,7492740.0,0.32017075773747017,16.02394538205669,46.92102454642482
000926.SZ,20260901,2.23,443400,988782.0,0.9049773755656076,12.069157581679505,50.429864253393646
000927.SZ,20260901,2.49,56200,139938.0,-0.39999999999998925,1.0526634439638136,42.600000000000065
000928.SZ,20260901,5.5,172500,948750.0,0.18214936247722413,7.8967332525787155,46.09289617486334
000929.SZ,20260901,9.46,13700,129602.0,1.1764705882353121,5.751787398046038,52.058823529411875
000930.SZ,20260901,4.98,106600,530868.0,0.201207243460777,1.851437138414607,46.20724346076466
000931.SZ,20260901,4.82,1316240,6344276.8,-2.429149797570851,19.080102276676616,30.425101214574894
000932.SZ,20260901,3.64,292299,1063968.36,0.27548209366392573,4.130825992595519,46.652892561983556
000933.SZ,20260901,27.68,181900,5034992.0,0.727802037845704,4.8170361546668445,49.36681222707422
000935.SZ,20260901,23.29,14000,326060.0,0.0,4.846925958161208,45.0
000936.SZ,20260901,5.7,25200,143640.0,0.35211267605634866,0.9297223738524036,47.11267605633809
000937.SZ,20260901,5.39,198500,1069915.0,-0.18518518518519933,2.9504151686625795,43.8888888888888
000938.SZ,20260901,38.71,2630800,101838268.0,-0.6161745827984677,13.78658820568808,41.30295250320919
000948.SZ,20260901,14.35,13100,187985.0,-0.4163775156141636,1.4524825234914873,42.50173490631502
000949.SZ,20260901,7.46,226000,1685960.0,-0.665778961384822,2.3974249283132645,41.00532623169107
000950.SZ,20260901,5.41,35000,189350.0,-0.36832412523019054,1.2596889507865836,42.790055248618856
000951.SZ,20260901,21.43,47000,1007210.0,0.046685340802987696,3.7483636365980253,45.280112044817926
000952.SZ,20260901,6.63,186900,1239147.0,0.454545454545463,37.17690225773817,47.727272727272776
000953.SZ,20260901,6.25,25100,156875.0,-0.4777070063694322,4.529229026204659,42.13375796178341
000955.SZ,20260901,4.31,6100,26291.0,0.0,0.6650017660765875,45.0
000957.SZ,20260901,10.08,39900,402192.0,-0.49358341559724295,2.5323221552124915,42.03849950641654
000958.SZ,20260901,5.26,64800,340848.0,-0.1897533206831059,6.0767852694001245,43.86148007590136
000959.SZ,20260901,3.74,59900,224026.0,-0.5319148936170137,1.9463893699200445,41.80851063829792
000960.SZ,20260901,37.2,621563,23122143.6,2.7908261950815305,19.679827148363202,61.74495717048919
000962.SZ,20260901,57.18,102326,5851000.68,0.6867406233491913,5.751652335940991,49.12044374009515
000963.SZ,20260901,27.26,42400,1155824.0,0.0,3.3204601795904076,45.0
000965.SZ,20260901,3.5,2752300,9633050.0,-3.314917127071826,22.24391670418145,25.110497237569046
000966.SZ,20260901,4.01,65000,260650.0,-0.24875621890546595,1.646632157746211,43.5074626865672
000967.SZ,20260901,8.6,378400,3254240.0,0.11641443538998875,6.391747141266589,45.698486612339934
000968.SZ,20260901,7.39,228900,1691571.0,0.6811989100817373,7.7827169102041465,49.087193460490425
000969.SZ,20260901,18.12,201600,3652992.0,0.6107717934480839,7.439524083710532,48.6646307606885
000970.SZ,20260901,12.24,532300,6515352.0,0.41017227235440323,19.088951720622727,47.46103363412642
000972.SZ,20260901,3.82,33200,126824.0,-0.26109660574412663,1.4028680730929772,43.43342036553524
000973.SZ,20260901,13.12,145500,1908960.0,0.07627765064834868,4.718276085293758,45.45766590389009
000975.SZ,20260901,26.35,202300,5330605.0,0.0,4.360962403034866,45.0
000977.SZ,20260901,85.9,2278299,195705884.1,0.8452688424512855,20.72577625019851,50.07161305470771
000978.SZ,20260901,6.31,26700,168477.0,-0.15822784810127777,2.545415580761733,44.050632911392334
000980.SZ,20260901,1.69,179200,302848.0,0.0,1.4958677527099764,45.0
000981.SZ,20260901,2.67,378600,1010862.0,-0.3731343283582156,1.0699225550300826,42.76119402985071
000983.SZ,20260901,7.31,1411800,10320258.0,-1.482479784366586,9.700543487097534,36.10512129380048
000985.SZ,20260901,17.0,10200,173400.0,0.0,4.807874815831776,45.0
000987.SZ,20260901,7.66,170400,1305264.0,0.0,3.8854977666194923,45.0
000988.SZ,20260901,104.68,117000,12247560.0,-0.06682577565632064,3.4031808700111243,44.59904534606208
000989.SZ,20260901,8.89,20100,178689.0,-0.11235955056179137,0.7860191874355622,44.32584269662925
000990.SZ,20260901,6.7,234900,1573830.0,-0.14903129657227732,3.9994701309812535,44.105812220566335
000993.SZ,20260901,9.9,12500,123750.0,-0.10090817356205317,1.9845713877946207,44.39455095862768
000995.SZ,20260901,11.18,24100,269438.0,0.902527075812265,2.2885718840220672,50.41516245487359
000997.SZ,20260901,20.52,83900,1721628.0,0.14641288433383526,2.456933074794895,45.87847730600301
000998.SZ,20260901,9.05,892200,8074410.0,-0.11037527593819041,9.196491692752748,44.33774834437086
000999.SZ,20260901,24.38,17400,424212.0,-0.4897959183673528,2.183210249371921,42.06122448979588
001201.SZ,20260901,12.45,93900,1169055.0,-0.7177033492822948,17.891442558323476,40.69377990430623
001202.SZ,20260901,14.44,3200,46208.0,0.2777777777777768,2.012144415891335,46.66666666666666
001203.SZ,20260901,28.25,28800,813600.0,0.21284143313231585,2.512778013437434,46.2770485987939
001205.SZ,20260901,14.8,6300,93240.0,-0.7377598926894713,2.0766486009671383,40.57344064386317
001206.SZ,20260901,16.47,24100,396927.0,-0.7831325301205005,7.518460474477013,40.301204819277
001207.SZ,20260901,17.39,14400,250416.0,-0.28669724770642446,2.4145304936314447,43.27981651376145
001208.SZ,20260901,14.15,13900,196685.0,0.28348688873141015,1.8182679775612873,46.70092133238846
001209.SZ,20260901,18.41,2800,51548.0,-0.21680216802167918,1.8679139041998747,43.69918699186992
001210.SZ,20260901,30.06,68500,2059110.0,1.8292682926829285,8.167739528229314,55.97560975609757
001211.SZ,20260901,23.94,3900,93366.0,0.0,1.1220029013937993,45.0
001212.SZ,20260901,34.8,7200,250560.0,-0.5145797598627766,2.2764597001461513,41.91252144082334
001213.SZ,20260901,3.54,1600,5664.0,0.0,0.1827143003858551,32.88857406945392
001215.SZ,20260901,30.63,7700,235851.0,0.49212598425196763,4.187524433695326,47.95275590551181
001216.SZ,20260901,14.86,2500,37150.0,0.20229265003370855,1.6276197119774674,46.21375590020225
001217.SZ,20260901,10.84,19600,212464.0,-0.09216589861751334,3.1503319878222076,44.44700460829492
001218.SZ,20260901,24.74,6200,153388.0,0.24311183144245518,3.3817459391556115,46.45867098865473
001219.SZ,20260901,12.87,5100,65637.0,0.2336448598130758,1.9473027583208473,46.401869158878455
001220.SZ,20260901,32.38,3000,97140.0,0.12368583797155441,2.031015391841902,45.74211502782933
001221.SZ,20260901,42.01,270760,11374627.6,1.7930700266537203,31.623315272199637,55.75842015992232
001222.SZ,20260901,14.51,24600,356946.0,0.0,5.147241852243026,45.0
001223.SZ,20260901,40.67,29400,1195698.0,-0.9980525803310547,17.431028100332316,39.01168451801367
001225.SZ,20260901,47.24,3800,179512.0,0.2972399150743099,4.651938895697311,46.78343949044586
001226.SZ,20260901,48.84,2300,112332.0,0.804953560371513,3.877940232797932,49.82972136222908
001227.SZ,20260901,2.14,372400,796936.0,0.0,3.536587172405027,45.0
001228.SZ,20260901,29.25,2800,81900.0,0.1369394043135852,2.2160721784720088,45.82163642588151
001229.SZ,20260901,39.63,55200,2187576.0,1.0453850076491689,14.314273243647378,51.27231004589501
001230.SZ,20260901,20.72,154400,3199168.0,-2.4941176470588244,10.374267099627907,30.035294117647055
001231.SZ,20260901,22.18,9900,219582.0,-0.4488330341113178,4.906105617182823,42.30700179533209
001232.SZ,20260901,173.19,36600,6338754.0,0.005774338838193671,9.127353339774595,45.03464603302916
001233.SZ,20260901,45.83,200,9166.0,-0.3912193001521458,0.14248462916128554,23.299917448118524
001234.SZ,20260901,23.33,6700,156311.0,0.0,7.446034222575597,45.0
001236.SZ,20260901,7.97,121500,968355.0,0.0,5.007002062459514,45.0
001237.SZ,20260901,51.8,900,46620.0,-0.21190522057407124,0.8016993472830803,43.728568676555575
001238.SZ,20260901,24.71,2700,66717.0,0.0,2.5314685959245193,45.0
001239.SZ,20260901,12.23,2600,31798.0,0.5756578947368363,1.5796583639800534,48.45394736842102
001248.SZ,20260901,12.27,98500,1208595.0,0.0,3.3857717034489205,45.0
001255.SZ,20260901,27.3,4900,133770.0,0.18348623853210455,5.279073127830701,46.10091743119263
001256.SZ,20260901,23.57,9700,228629.0,0.0,3.0749373567707807,45.0
001257.SZ,20260901,25.22,47200,1190384.0,-0.5520504731861275,6.450045422400395,41.68769716088323
001258.SZ,20260901,13.15,843300,11089395.0,-0.37878787878786735,5.3767906854422,42.7272727272728
001259.SZ,20260901,48.02,5900,283318.0,0.04166666666667318,3.3674299031956787,45.25000000000004
001260.SZ,20260901,18.41,14400,265104.0,0.0,5.642051878810044,45.0
001266.SZ,20260901,34.55,9100,314405.0,0.20301624129930307,4.055715313691112,46.21809744779582
001267.SZ,20260901,39.68,60200,2388736.0,1.0183299389002087,2.3658529860077633,51.10997963340125
001268.SZ,20260901,25.83,15700,405531.0,-0.3472222222222321,2.7831904654379302,42.91666666666661
001269.SZ,20260901,19.54,3400,66436.0,-0.3061224489796066,2.9353685622627874,43.16326530612236
001270.SZ,20260901,102.0,19700,2009400.0,0.09813542688910104,5.35101764786823,45.588812561334606
001277.SZ,20260901,31.82,100100,3185182.0,-0.18820577164365693,15.553400080024385,43.87076537013806
001278.SZ,20260901,16.62,3600,59832.0,0.0,1.610585853861477,45.0
001279.SZ,20260901,25.89,15700,406473.0,-0.46136101499423265,14.653475674483058,42.2318339100346
001280.SZ,20260901,68.3,14600,997180.0,-0.5967108135642496,4.026380335360169,41.419735118614504
001282.SZ,20260901,16.2,9800,158760.0,0.43397396156230617,4.188849717559249,47.60384376937384
001283.SZ,20260901,47.47,19300,916171.0,-0.06315789473684275,6.412698256497227,44.62105263157894
001285.SZ,20260901,44.13,2600,114738.0,-0.045300113250279495,2.2821859074022517,44.72819932049832
001286.SZ,20260901,9.57,207700,1987689.0,0.0,7.6194524976118005,45.0
001287.SZ,20260901,23.33,188900,4407037.0,0.0858000858000807,12.26393527868248,45.514800514800484
001288.SZ,20260901,29.42,96400,2836088.0,0.0,12.739850844284833,45.0
001289.SZ,20260901,15.16,13600,206176.0,-0.06591957811470373,3.8972716116259387,44.604482531311774
001296.SZ,20260901,20.47,56300,1152461.0,-1.775431861804222,12.916276249852983,34.34740882917467
001298.SZ,20260901,18.7,839380,15696406.0,-2.247778358599062,30.509204678316316,31.51332984840563
001299.SZ,20260901,10.0,18600,186000.0,0.0,3.9350401731858398,45.0
001300.SZ,20260901,11.97,8600,102942.0,-0.33305578684429404,0.9634985176692956,43.00166527893423
001301.SZ,20260901,58.05,3500,203175.0,-0.34334763948498104,0.5733007290515157,42.939914163090116
001306.SZ,20260901,54.49,200,10898.0,-0.16489556614143197,0.44447154360464464,44.01062660315141
001308.SZ,20260901,18.27,3600,65772.0,0.10958904109588108,1.0598337491625016,45.65753424657529
001309.SZ,20260901,436.65,66900,29211885.0,0.03436426116838476,6.643437852549694,45.20618556701031
001311.SZ,20260901,17.58,5100,89658.0,0.22805017103761926,1.3718130258290506,46.368301026225716
001312.SZ,20260901,17.53,4900,85897.0,-0.5107832009080604,2.612679394634583,41.93530079455164
001313.SZ,20260901,8.19,48400,396396.0,-0.24360535931792215,2.539239574501916,43.53836784409247
001314.SZ,20260901,53.1,24200,1285020.0,-0.20672805863559685,6.082837014567595,43.75963164818642
001316.SZ,20260901,27.53,10200,280806.0,0.07270083605961375,3.443292746925222,45.43620501635768
001317.SZ,20260901,55.0,29000,1595000.0,0.5116959064327409,6.998552229903503,48.07017543859644
001318.SZ,20260901,11.72,24500,287140.0,0.2566295979469668,4.439607202529039,46.5397775876818
001319.SZ,20260901,20.3,8700,176610.0,0.24691358024691024,4.92025871183331,46.48148148148146
001322.SZ,20260901,6.7,20400,136680.0,-0.4457652303120341,6.039151879961469,42.325408618127796
001323.SZ,20260901,19.31,4000,77240.0,-0.6687242798354087,2.213604999571676,40.987654320987545
001324.SZ,20260901,19.35,6200,119970.0,-0.2577319587628746,1.9723062055989784,43.45360824742275
001325.SZ,20260901,40.03,3800,152114.0,0.07500000000000284,2.0234109029892426,45.45000000000002
001326.SZ,20260901,77.26,49000,3785740.0,4.688346883468841,14.126855410585922,73.13008130081305
001328.SZ,20260901,28.41,3400,96594.0,-0.24578651685392972,1.9960889530646875,43.525280898876424
001330.SZ,20260901,5.71,6416900,36640499.0,1.7825311942959,25.69652582757948,55.6951871657754
001331.SZ,20260901,44.0,10700,470800.0,0.4566210045662267,1.7306257891313344,47.73972602739736
001332.SZ,20260901,28.42,1400,39788.0,-0.2106741573033699,0.7416520211983921,43.73595505617978
001333.SZ,20260901,20.87,2000,41740.0,0.09592326139089558,1.587197046520616,45.57553956834538
001335.SZ,20260901,32.62,900,29358.0,0.0,1.5107983486013785,45.0
001336.SZ,20260901,18.9,26160,494424.0,0.0,12.090638175410936,45.0
001337.SZ,20260901,53.65,204468,10969708.2,0.2803738317757043,16.926756151201815,46.682242990654224
001338.SZ,20260901,9.12,37800,344736.0,0.0,2.871622467277106,45.0
001339.SZ,20260901,83.2,63300,5266560.0,2.16110019646365,8.97187848870625,57.9666011787819
001356.SZ,20260901,9.5,66900,635550.0,0.42283298097249844,8.063334492556343,47.53699788583499
001358.SZ,20260901,25.91,8900,230599.0,0.9742790335151907,4.597745655315881,50.84567420109114
001359.SZ,20260901,90.98,6000,545880.0,0.9430822145789497,1.8566391262203235,50.658493287473696
001360.SZ,20260901,18.16,21000,381360.0,-0.16492578339747377,4.045482141306286,44.01044529961516
001365.SZ,20260901,34.84,3300,114972.0,0.028710881424065526,0.8377457785497504,45.172265288544395
001366.SZ,20260901,12.9,16700,215430.0,-0.1547987616099089,3.7730222133858695,44.07120743034055
001367.SZ,20260901,20.24,8300,167992.0,0.49652432969213844,2.5202387895108624,47.97914597815283
001368.SZ,20260901,23.58,18400,433872.0,-1.0075566750629816,10.968201621913662,38.95465994962211
001369.SZ,20260901,12.36,14600,180456.0,-0.1615508885298933,1.3627184692406005,44.030694668820644
001373.SZ,20260901,29.56,8700,257172.0,0.0,6.315479743147839,45.0
001376.SZ,20260901,11.3,102200,1154860.0,0.0,6.091631654061724,45.0
001378.SZ,20260901,20.49,13500,276615.0,0.09770395701025336,4.419074019403557,45.58622374206152
001379.SZ,20260901,16.23,3500,56805.0,-0.49049662783566816,2.3288688033508183,42.05702023298599
001380.SZ,20260901,17.53,7300,127969.0,-0.28441410693968994,3.375585296924539,43.29351535836186
001382.SZ,20260901,16.5,4900,80850.0,0.12135922330096527,2.2896375869815264,45.728155339805795
001386.SZ,20260901,16.31,50700,826917.0,-1.0315533980582603,7.256266797624909,38.810679611650436
001387.SZ,20260901,12.28,5800,71224.0,0.0,1.7771106942437849,45.0
001388.SZ,20260901,21.89,61000,1335290.0,-1.6621743036837389,10.694407054986053,35.026954177897565
001389.SZ,20260901,162.69,18100,2944689.0,-0.02458059362132614,3.185969525521994,44.85251643827204
001390.SZ,20260901,17.3,5000,86500.0,-0.05777007510108234,1.8263499862441852,44.653379549393506
001391.SZ,20260901,4.07,98500,400895.0,0.0,3.618898006043067,45.0
001393.SZ,20260901,41.67,5400,225018.0,-0.5726556907659108,2.4843102116607083,41.564065855404536
001395.SZ,20260901,30.4,14800,449920.0,0.26385224274405594,7.153353807847711,46.58311345646433
001396.SZ,20260901,32.34,7500,242550.0,0.6535947712418277,4.373146774143107,48.92156862745097
001399.SZ,20260901,22.61,57400,1297814.0,0.044247787610607325,4.14548475706658,45.26548672566364
001400.SZ,20260901,84.82,27600,2341032.0,0.09440641963653906,8.145161742421646,45.566438517819236
001696.SZ,20260901,15.32,170500,2612060.0,0.19620667102682177,5.471168117352791,46.17724002616093
001872.SZ,20260901,24.12,43400,1046808.0,0.836120401337781,7.745594543435084,50.01672240802669
001896.SZ,20260901,11.93,82900,988997.0,0.16792611251048584,2.4601337412627142,46.007556675062915
001914.SZ,20260901,8.81,564300,4971483.0,-0.4519774011299327,36.04647508320595,42.2881355932204
001965.SZ,20260901,9.82,14600,143372.0,0.0,0.9541603603011637,45.0
001979.SZ,20260901,6.46,5069852,32751243.92,-1.071975497702915,34.25103485352097,38.56814701378251
002001.SZ,20260901,27.0,56000,1512000.0,-0.07401924500369805,2.26887089100352,44.55588452997781
002003.SZ,20260901,12.0,38400,460800.0,0.08340283569641116,3.278139673872978,45.50041701417847
002004.SZ,20260901,4.48,168700,755776.0,-0.22271714922048602,4.4522884182293,43.663697104677084
002005.SZ,20260901,2.47,24300,60021.0,0.8163265306122547,1.2395533948245108,49.89795918367353
002006.SZ,20260901,13.56,1000,13560.0,0.0,0.21148109333292284,38.06659679992611
002007.SZ,20260901,13.05,42700,557235.0,-0.2293577981651307,4.819334404640405,43.62385321100922
002008.SZ,20260901,97.37,1787500,174048875.0,1.0271840630836415,25.419043051846774,51.16310437850185
002009.SZ,20260901,16.6,25700,426620.0,-0.06020469596627054,3.901937975027359,44.63877182420238
002010.SZ,20260901,4.71,72000,339120.0,-0.21186440677966045,2.939016821071565,43.728813559322035
002011.SZ,20260901,10.23,9900,101277.0,0.0,1.353983669201852,45.0
002012.SZ,20260901,7.33,73100,535823.0,0.9641873278236845,8.683328258984735,50.78512396694211
002014.SZ,20260901,11.33,39100,443003.0,-0.17621145374449032,8.982968326888868,43.942731277533056
002015.SZ,20260901,15.84,394800,6253632.0,0.0,2.639030426872219,45.0
002016.SZ,20260901,4.7,192000,902400.0,-0.2123142250530785,17.797258367177836,43.72611464968153
002017.SZ,20260901,15.88,191400,3039432.0,0.0630119722747402,3.4815612515719674,45.37807183364844
002019.SZ,20260901,9.8,24600,241080.0,0.2044989775051187,3.2393314379640685,46.226993865030714
002020.SZ,20260901,12.81,11000,140910.0,-0.1558846453624252,1.5199681979203759,44.06469212782545
002021.SZ,20260901,2.73,88400,241332.0,0.3676470588235281,4.485244407331757,47.20588235294117
002022.SZ,20260901,5.79,5700,33003.0,0.17301038062282892,0.983706244230305,46.03806228373698
002023.SZ,20260901,10.25,107900,1105975.0,0.0,9.607141882362612,45.0
002024.SZ,20260901,1.18,991500,1169970.0,0.0,35.429508868097194,45.0
002025.SZ,20260901,65.49,111500,7302135.0,-0.03052969012365958,6.219956404407688,44.81682185925804
002026.SZ,20260901,12.13,106200,1288206.0,-0.8176614881439059,8.109019182114492,40.09403107113656
002027.SZ,20260901,4.97,651000,3235470.0,0.0,4.780214691595373,45.0
002028.SZ,20260901,140.12,138100,19350572.0,0.0,7.414858129966436,45.0
002029.SZ,20260901,9.18,751300,6896934.0,1.1013215859030812,22.226797861087842,51.60792951541849
002030.SZ,20260901,5.45,56200,306290.0,-0.1831501831501825,2.7608259114778098,43.901098901098905
002031.SZ,20260901,5.21,233600,1217056.0,0.0,1.898890813736084,45.0
002032.SZ,20260901,40.19,2400,96456.0,0.0,0.7482283206774462,45.0
002033.SZ,20260901,9.05,78500,710425.0,-0.3303964757709221,3.7040622216308017,43.01762114537447
002034.SZ,20260901,14.51,10500,152355.0,-0.13764624913971124,1.246557724893974,44.17412250516173
002035.SZ,20260901,4.66,57399,267479.34,0.21505376344086446,2.6716565588757435,46.29032258064519
002036.SZ,20260901,7.16,315500,2258980.0,0.2801120448179262,5.950418651999973,46.68067226890756
002037.SZ,20260901,6.98,1000,6980.0,0.1434720229555264,0.20590755865703078,37.9241926959987
002038.SZ,20260901,5.98,153600,918528.0,0.0,3.7150497391661754,45.0
002039.SZ,20260901,19.31,19200,370752.0,0.0,4.458788321233447,45.0
002040.SZ,20260901,8.78,269600,2367088.0,0.34285714285713365,16.787402331621827,47.0571428571428
002041.SZ,20260901,10.77,2412000,25977240.0,-0.2777777777777879,32.50729437277813,43.33333333333327
002042.SZ,20260901,4.0,622700,2490800.0,-0.990099009900991,11.47811138759476,39.059405940594054
002043.SZ,20260901,12.59,80500,1013495.0,-0.5529225908372903,5.337542446996626,41.682464454976255
002044.SZ,20260901,4.64,173400,804576.0,-0.42918454935623185,1.8803427698470725,42.42489270386261
002045.SZ,20260901,9.44,402900,3803376.0,2.1645021645021467,6.668822255641008,57.98701298701288
002046.SZ,20260901,53.78,61600,3312848.0,1.0142749812171337,7.470402545130461,51.0856498873028
002047.SZ,20260901,3.45,88500,305325.0,0.0,2.7040415557584527,45.0
002048.SZ,20260901,20.2,133100,2688620.0,0.7481296758104605,6.557647479204599,49.48877805486276
002049.SZ,20260901,63.73,50700,3231111.0,-0.2191952403319264,4.60771856811413,43.68482855800844
002050.SZ,20260901,36.5,200900,7332850.0,0.5509641873278293,6.626692763049829,48.30578512396698
002051.SZ,20260901,8.57,169300,1450901.0,-0.11655011655011815,7.985881787976554,44.30069930069929
002052.SZ,20260901,8.85,15900,140715.0,-0.11286681715575453,1.2029875701953698,44.32279909706547
002053.SZ,20260901,9.3,7200,66960.0,-0.21459227467810482,1.381020152805524,43.71244635193137
002054.SZ,20260901,7.4,49700,367780.0,-0.40376850605652326,4.438024819995907,42.57738896366086
002055.SZ,20260901,6.19,17200,106468.0,-0.6420545746388395,2.091777363268141,41.147672552166966
002056.SZ,20260901,21.26,73000,1551980.0,0.2830188679245449,3.252434656776407,46.698113207547266
002057.SZ,20260901,8.95,9700,86815.0,-0.33407572383075124,0.7727342987982978,42.99554565701549
002058.SZ,20260901,17.09,26800,458012.0,0.23460410557183398,12.826332341670987,46.407624633431006
002059.SZ,20260901,4.69,25100,117719.0,0.0,2.1213043184298725,45.0
002060.SZ,20260901,3.24,9100,29484.0,0.0,0.6190466572299355,45.0
002061.SZ,20260901,3.48,9299,32360.52,0.0,0.5374148130145484,45.0
002062.SZ,20260901,8.18,43900,359102.0,-0.24390243902439046,2.5495877806657563,43.536585365853654
002063.SZ,20260901,5.5,105100,578050.0,0.18214936247722413,4.121608247200048,46.09289617486334
002064.SZ,20260901,11.88,283300,3365604.0,0.0,4.57427670790804,45.0
002065.SZ,20260901,7.02,298800,2097576.0,-0.5665722379603388,5.7490188852438315,41.600566572237966
002066.SZ,20260901,22.18,2500,55450.0,0.04510599909786084,0.905495840459112,45.27063599458717
002067.SZ,20260901,4.25,61200,260100.0,0.2358490566037652,1.2789659314131716,46.41509433962259
002068.SZ,20260901,8.03,26300,211189.0,-0.4956629491945641,1.4548623693330365,42.026022304832615
002069.SZ,20260901,3.71,69100,256361.0,-0.536193029490617,4.30055683409791,41.7828418230563
002072.SZ,20260901,9.15,248600,2274690.0,-0.10917030567685337,9.657014953111316,44.34497816593888
002073.SZ,20260901,5.98,40600,242788.0,0.0,2.189444384932541,45.0
002074.SZ,20260901,26.72,58100,1552432.0,0.03743916136278447,4.014803787574157,45.22463496817671
002075.SZ,20260901,3.68,28300,104144.0,-0.27100271002709064,1.1935810197476069,43.373983739837456
002076.SZ,20260901,2.19,349800,766062.0,0.0,10.008141342920897,45.0
002077.SZ,20260901,12.68,48700,617516.0,-0.07880220646178104,2.8253122118324843,44.527186761229316
002078.SZ,20260901,14.8,135600,2006880.0,-0.7377598926894713,6.844615605314979,40.57344064386317
002079.SZ,20260901,9.39,41800,392502.0,-0.2125398512221044,1.9122824202141984,43.724760892667376
002080.SZ,20260901,54.4,360400,19605760.0,1.9681349578256846,8.14399761710103,56.80880974695411
002081.SZ,20260901,6.1,10185800,62133380.0,-0.9740259740259827,21.90289279406749,39.15584415584411
002082.SZ,20260901,9.35,54600,510510.0,-0.42598509052184097,8.396926676478953,42.44408945686895
002083.SZ,20260901,10.53,105600,1111968.0,0.38131553860818457,4.422528990919657,47.28789323164911
002084.SZ,20260901,7.02,15330215,107618109.3,10.03134796238243,172.22838201242797,100.0
002085.SZ,20260901,10.43,29300,305599.0,0.0,1.1812368260315198,45.0
002086.SZ,20260901,2.14,375800,804212.0,0.46948356807512415,4.844722718733964,47.81690140845075
002088.SZ,20260901,8.13,17400,141462.0,-0.24539877300613355,7.285303568498475,43.5276073619632
002090.SZ,20260901,9.42,24200,227964.0,-0.42283298097252064,3.4287986520070155,42.46300211416488
002091.SZ,20260901,7.7,12900,99330.0,-0.2590673575129432,0.9597362569865212,43.44559585492234
002092.SZ,20260901,4.9,803300,3936170.0,0.0,8.007597030270793,45.0
002093.SZ,20260901,6.93,25400,176022.0,0.0,2.4778533986993825,45.0
002094.SZ,20260901,5.53,552700,3056431.0,-0.3603603603603567,6.189243426011521,42.83783783783786
002095.SZ,20260901,14.65,9800,143570.0,-0.47554347826087584,2.592436425649212,42.146739130434746
002096.SZ,20260901,9.73,2000,19460.0,0.0,0.30650187177196514,45.0
002097.SZ,20260901,7.24,46100,333764.0,-0.4126547455295615,2.0962198166396613,42.52407152682263
002098.SZ,20260901,7.83,648100,5074623.0,-3.926380368098159,30.515046106444203,21.441717791411044
002099.SZ,20260901,5.75,400700,2304025.0,1.9503546099290947,11.336723094323292,56.70212765957457
002100.SZ,20260901,7.88,193600,1525568.0,0.3821656050955413,5.738863506053544,47.29299363057325
002101.SZ,20260901,8.86,15400,136444.0,0.0,3.838973628235036,45.0
002102.SZ,20260901,2.36,36100,85196.0,-0.42194092827004814,3.496234169718047,42.46835443037971
002103.SZ,20260901,6.79,942600,6400254.0,-1.594202898550734,48.126106352717564,35.4347826086956
002104.SZ,20260901,11.33,244300,2767919.0,1.5232974910394326,5.705348649522027,54.139784946236595
002105.SZ,20260901,6.25,10700,66875.0,0.1602564102564097,1.52458298010503,45.96153846153846
002106.SZ,20260901,10.53,23700,249561.0,-0.0948766603415585,2.2598559290026166,44.43074003795065
002107.SZ,20260901,6.7,332700,2229090.0,0.0,7.139843355822625,45.0
002108.SZ,20260901,4.42,40200,177684.0,0.22675736961450532,1.4599024550585071,46.360544217687035
002109.SZ,20260901,2.87,132400,379988.0,0.34965034965035446,10.356195420274902,47.09790209790213
002110.SZ,20260901,3.05,31600,96380.0,-0.326797385620925,1.506827175498346,43.03921568627445
002111.SZ,20260901,9.81,110800,1086948.0,-0.4060913705583702,9.446160773604744,42.56345177664978
002112.SZ,20260901,15.2,29400,446880.0,-0.1969796454366457,3.0535076092608797,43.81812212738013
002114.SZ,20260901,7.88,106100,836068.0,1.9404915912031084,7.478284801303623,56.64294954721865
002115.SZ,20260901,11.06,587100,6493326.0,0.0,10.857969926071693,45.0
002116.SZ,20260901,7.26,27400,198924.0,0.2762430939226457,8.23327235824847,46.657458563535876
002117.SZ,20260901,8.18,46800,382824.0,0.2450980392156854,2.242627496942991,46.470588235294116
002119.SZ,20260901,23.89,84400,2016316.0,0.08378718056136769,3.490296583316997,45.50272308336821
002120.SZ,20260901,6.78,128100,868518.0,0.0,2.471495599469713,45.0
002121.SZ,20260901,5.06,212700,1076262.0,0.3968253968253954,8.533694713274736,47.38095238095237
002122.SZ,20260901,2.81,78800,221428.0,-0.35460992907800915,9.50978204781046,42.872340425531945
002123.SZ,20260901,8.14,52800,429792.0,-0.3671970624234966,1.856515573419539,42.79681762545902
002124.SZ,20260901,2.32,238200,552624.0,0.0,2.196344328412443,45.0
002125.SZ,20260901,12.97,91800,1190646.0,0.30935808197989356,4.7131860084104416,46.85614849187936
002126.SZ,20260901,41.87,40800,1708296.0,0.0,2.1096714594987134,45.0
002127.SZ,20260901,3.04,466100,1416944.0,0.0,9.752985733770876,45.0
002128.SZ,20260901,29.43,21700,638631.0,0.0,0.9054220464607303,45.0
002129.SZ,20260901,9.44,297500,2808400.0,-0.7360672975814997,4.293128236050227,40.583596214511005
002130.SZ,20260901,17.1,45700,781470.0,-0.1168224299065379,2.054351581821722,44.29906542056077
002131.SZ,20260901,4.78,6514500,31139310.0,0.6315789473684275,6.034112553765443,48.78947368421056
002132.SZ,20260901,4.46,514200,2293332.0,-0.6681514476614803,8.239391230272473,40.99109131403112
002133.SZ,20260901,2.86,2409500,6891170.0,-7.741935483870977,26.446100257720968,15.0
002134.SZ,20260901,23.05,101300,2334965.0,-0.04336513443190526,11.616959049672996,44.73980919340857
002135.SZ,20260901,6.71,7000,46970.0,0.0,0.5144108040924256,45.0
002136.SZ,20260901,12.9,23500,303150.0,-0.3861003861003742,4.505459824560453,42.68339768339776
002137.SZ,20260901,7.88,105600,832128.0,0.3821656050955413,6.374941736747504,47.29299363057325
002138.SZ,20260901,49.94,55800,2786652.0,-0.219780219780219,1.6955435929752227,43.681318681318686
002139.SZ,20260901,9.59,12900,123711.0,0.0,1.5042176157931706,45.0
002140.SZ,20260901,9.16,6100,55876.0,-0.43478260869563856,1.0840234652729284,42.39130434782617
002141.SZ,20260901,7.1,3185300,22615630.0,0.0,13.299946246870917,45.0
002142.SZ,20260901,33.92,116200,3941504.0,-0.586166471277827,3.6091909601541032,41.48300117233304
002144.SZ,20260901,11.42,37000,422540.0,0.17543859649122862,10.9210324885855,46.05263157894737
002145.SZ,20260901,4.35,120100,522435.0,-0.4576659038901698,3.315202037653697,42.25400457665898
002146.SZ,20260901,1.17,6926500,8104005.0,-0.8474576271186418,45.7704171547246,39.91525423728815
002148.SZ,20260901,6.45,35500,228975.0,0.3110419906687367,2.525067968312335,46.86625194401242
002149.SZ,20260901,35.9,23200,832880.0,-0.4160887656033285,1.4510905414294895,42.503467406380025
002150.SZ,20260901,22.01,36400,801164.0,-0.45228403437357345,5.809079791604327,42.28629579375856
002151.SZ,20260901,28.8,10300,296640.0,-0.27700831024930483,1.3553354771294979,43.33795013850417
002152.SZ,20260901,9.68,51500,498520.0,-0.4115226337448652,2.2223628521991112,42.53086419753081
002153.SZ,20260901,7.91,70800,560028.0,0.12658227848101333,2.0573753458785595,45.75949367088608
002154.SZ,20260901,4.05,165600,670680.0,-0.7352941176470673,4.715963834771928,40.588235294117595
002155.SZ,20260901,27.16,1352226,36726458.16,-0.25706940874036244,18.274724228447965,43.457583547557824
002156.SZ,20260901,64.59,387602,25035213.18,0.04646840148698761,5.062922510801138,45.27881040892193
002157.SZ,20260901,3.01,564200,1698242.0,-0.33112582781458233,3.404123931029878,43.013245033112504
002158.SZ,20260901,28.09,81500,2289335.0,-1.4385964912280724,6.541498610358316,36.36842105263156
002159.SZ,20260901,13.72,10100,138572.0,-0.21818181818181737,1.7298717642922763,43.690909090909095
002160.SZ,20260901,4.1,65200,267320.0,-0.4854368932038944,5.189820923027473,42.087378640776635
002161.SZ,20260901,6.9,194800,1344120.0,0.14513788098695635,7.797266801047462,45.870827285921735
002162.SZ,20260901,4.1,160600,658460.0,0.0,16.365912514899414,45.0
002163.SZ,20260901,8.63,154700,1335061.0,0.9356725146198785,6.787428664340731,50.61403508771927
002164.SZ,20260901,10.96,11900,130424.0,0.09132420091324533,1.8263451378377782,45.54794520547947
002165.SZ,20260901,8.71,5350500,46602855.0,1.396973224679865,22.886753215429888,53.38183934807919
002166.SZ,20260901,6.8,6700,45560.0,-0.1468428781204123,0.5006323725286799,44.11894273127753
002167.SZ,20260901,16.99,99800,1695602.0,-0.1762632197414904,2.540305574218403,43.942420681551056
002168.SZ,20260901,,0,0.0,,0.0,0.0
002169.SZ,20260901,13.36,1362600,18204336.0,-0.37285607755407346,26.669910017911864,42.76286353467556
002170.SZ,20260901,11.61,169200,1964412.0,-0.42881646655231753,6.043476138854776,42.427101200686096
002171.SZ,20260901,10.18,190200,1936236.0,0.0983284169124854,5.457796792928716,45.58997050147491
002172.SZ,20260901,4.3,937200,4029960.0,-0.23201856148491462,6.163370344411709,43.60788863109051
002173.SZ,20260901,18.41,158200,2912462.0,-0.5939524838012966,4.271212510860264,41.43628509719222
002174.SZ,20260901,12.03,181700,2185851.0,0.83822296730931,7.463998503680848,50.02933780385586
002175.SZ,20260901,2.63,49600,130448.0,-0.37878787878788955,4.131678227023037,42.72727272727266
002176.SZ,20260901,9.28,146300,1357664.0,0.324324324324321,2.9121890664925676,46.94594594594592
002177.SZ,20260901,5.95,81400,484330.0,0.16835016835017313,1.7509798003018395,46.01010101010104
002178.SZ,20260901,4.68,31800,148824.0,0.0,2.295730802085372,45.0
002179.SZ,20260901,35.24,65300,2301172.0,-0.028368794326238955,4.725910248028479,44.82978723404257
002180.SZ,20260901,17.18,7100,121978.0,0.1749271137026387,0.9217682316154115,46.049562682215836
002181.SZ,20260901,8.88,893000,7929840.0,1.9517795637198576,20.4892322656044,56.71067738231915
002182.SZ,20260901,12.23,15300,187119.0,0.24590163934428144,1.206034232928146,46.47540983606569
002183.SZ,20260901,4.48,74900,335552.0,0.22371364653246406,1.435452086224284,46.342281879194786
002184.SZ,20260901,10.2,16100,164220.0,-0.2932551319648202,4.42240161587047,43.24046920821108
002185.SZ,20260901,17.05,811000,13827550.0,0.0,5.489691988430722,45.0
002186.SZ,20260901,9.55,5600,53480.0,-0.7276507276507083,1.0337927430252734,40.63409563409575
002187.SZ,20260901,5.58,100200,559116.0,0.540540540540535,4.776016109345607,48.243243243243214
002188.SZ,20260901,5.58,605900,3380922.0,-1.7605633802816878,34.66923353571848,34.43661971830987
002189.SZ,20260901,19.3,3900,75270.0,-0.30991735537189147,1.0733719906233172,43.14049586776865
002190.SZ,20260901,25.86,82200,2125692.0,0.23255813953488857,4.712255165981806,46.39534883720933
002191.SZ,20260901,3.68,8700,32016.0,0.0,1.0120696884431597,45.0
002192.SZ,20260901,73.99,157000,11616430.0,0.013517166801824132,9.315676123195555,45.08110300081094
002193.SZ,20260901,5.29,21100,111619.0,0.379506641366234,3.7073470664946653,47.277039848197404
002194.SZ,20260901,10.04,27300,274092.0,-0.09950248756220859,1.8034897592376755,44.40298507462675
002195.SZ,20260901,6.42,158900,1020138.0,-0.6191950464396245,1.263632657054981,41.28482972136225
002196.SZ,20260901,10.69,42000,448980.0,0.0,4.026391382191611,45.0
002197.SZ,20260901,6.98,62700,437646.0,0.0,3.2178707284553885,45.0
002198.SZ,20260901,3.47,10000,34700.0,-0.2873563218390718,1.479975504912623,43.275862068965566
002199.SZ,20260901,12.74,17100,217854.0,0.07855459544383603,3.7353547120981707,45.471327572663014
002200.SZ,20260901,7.17,14900,106833.0,0.9859154929577452,3.4572332188065973,50.91549295774647
002201.SZ,20260901,8.44,32500,274300.0,0.8363201911589124,3.53223526439921,50.017921146953476
002202.SZ,20260901,18.29,199900,3656171.0,-0.27262813522356266,3.0076308947198496,43.36423118865862
002203.SZ,20260901,19.36,125000,2420000.0,-0.6670087224217469,5.36184415588722,40.99794766546952
002204.SZ,20260901,5.2,18400,95680.0,-0.3831417624520994,1.0430757750203479,42.701149425287404
002205.SZ,20260901,10.93,6000,65580.0,-0.45537340619308253,2.348743547912295,42.267759562841505
002206.SZ,20260901,5.36,17399,93258.64,-0.3717472118959009,1.2587487054145634,42.769516728624595
002207.SZ,20260901,6.06,99100,600546.0,0.16528925619834212,12.922943560370733,45.99173553719005
002208.SZ,20260901,10.87,1052900,11445023.0,0.0,20.470772014415115,45.0
002209.SZ,20260901,13.62,41900,570678.0,-0.583941605839422,6.349045153909202,41.49635036496347
002210.SZ,20260901,2.31,95100,219681.0,0.0,1.6531298370469938,45.0
002211.SZ,20260901,3.94,112600,443644.0,-0.7556675062972307,10.478057168447979,40.46599496221661
002212.SZ,20260901,6.52,2151691,14029025.32,0.1536098310291889,18.332556669679715,45.92165898617513
002213.SZ,20260901,30.39,31200,948168.0,-0.5237315875613713,3.7189092780084105,41.85761047463177
002214.SZ,20260901,15.4,10500,161700.0,0.0,1.3846058923486155,45.0
002215.SZ,20260901,10.21,143400,1464114.0,-0.4873294346978474,3.6411213150043884,42.07602339181292
002216.SZ,20260901,11.86,42000,498120.0,0.16891891891892552,5.895016708289455,46.01351351351355
002217.SZ,20260901,1.47,1269500,1866165.0,0.0,17.12259072684311,45.0
002218.SZ,20260901,3.95,94900,374855.0,0.5089058524172962,3.334783887891408,48.05343511450378
002219.SZ,20260901,2.18,347400,757332.0,0.0,3.584965802684812,45.0
002221.SZ,20260901,5.88,154400,907872.0,-0.5076142131979711,6.26399120055619,41.95431472081217
002222.SZ,20260901,70.63,94700,6688661.0,0.1843971631205532,4.598064864175467,46.10638297872332
002223.SZ,20260901,25.77,74800,1927596.0,0.7427677873338645,7.988281689934192,49.45660672400319
002224.SZ,20260901,3.72,10000,37200.0,-0.2680965147452974,0.8683651258262819,43.391420911528215
002225.SZ,20260901,3.69,167300,617337.0,-0.2702702702702786,9.915123802153781,43.37837837837833
002226.SZ,20260901,5.16,69500,358620.0,0.0,1.8791793233470837,45.0
002227.SZ,20260901,6.71,20300,136213.0,-1.6129032258064613,15.236736942484571,35.32258064516123
002228.SZ,20260901,3.18,152700,485586.0,0.0,7.974373643011936,45.0
002229.SZ,20260901,12.19,484700,5908493.0,0.0,8.153051199554973,45.0
002230.SZ,20260901,40.61,384400,15610484.0,0.7692307692307665,15.40198080838104,49.6153846153846
002232.SZ,20260901,14.56,12700,184912.0,0.0,3.6686684106523337,45.0
002233.SZ,20260901,7.24,9800,70952.0,-0.13793103448275223,0.8470950645432773,44.17241379310349
002234.SZ,20260901,8.23,17800,146494.0,-0.12135922330096527,2.918972011758045,44.271844660194205
002235.SZ,20260901,8.91,108700,968517.0,-0.2239641657334812,3.9639652363957274,43.656215005599115
002236.SZ,20260901,16.38,150100,2458638.0,-0.24360535931792215,4.1122042738822975,43.53836784409247
002237.SZ,20260901,15.05,300600,4524030.0,0.06648936170214892,9.67808028106673,45.39893617021289
002238.SZ,20260901,6.64,106700,708488.0,-1.0432190760059634,12.164169491777782,38.74068554396422
002239.SZ,20260901,2.59,97200,251748.0,0.0,1.689943136986683,45.0
002240.SZ,20260901,32.85,108700,3570795.0,0.7050889025138174,4.31171990895186,49.2305334150829
002241.SZ,20260901,24.16,420100,10149616.0,-0.3711340206185576,6.704517707764193,42.77319587628865
002242.SZ,20260901,8.55,17100,146205.0,-0.4656577415599439,3.12798839036877,42.206053550640334
002243.SZ,20260901,7.5,32400,243000.0,0.1335113484646211,2.16639294392859,45.80106809078772
002244.SZ,20260901,8.26,1417100,11705246.0,-2.3640661938534424,30.20896746150114,30.815602836879346
002245.SZ,20260901,17.61,127100,2238231.0,0.22766078542970636,1.450661921937598,46.36596471257824
002246.SZ,20260901,20.37,22400,456288.0,-0.19598236158745452,1.8614790768385296,43.824105830475276
002247.SZ,20260901,2.48,79200,196416.0,-0.8000000000000007,4.622926983850824,40.199999999999996
002248.SZ,20260901,9.97,90700,904279.0,-1.189296333002965,3.8970843645874447,37.86422200198221
002249.SZ,20260901,6.7,113000,757100.0,0.0,3.7223097900175435,45.0
002250.SZ,20260901,14.99,23600,353764.0,-0.13324450366422047,2.360998486578106,44.20053297801468
002251.SZ,20260901,3.74,330000,1234200.0,0.5376344086021501,2.113524630428042,48.2258064516129
002252.SZ,20260901,4.87,72600,353562.0,0.0,1.1844447348344027,45.0
002253.SZ,20260901,10.01,4800,48048.0,0.0,0.9564978228765422,45.0
002254.SZ,20260901,13.12,128600,1687232.0,-0.07616146230008392,6.720849056667364,44.543031226199496
002255.SZ,20260901,7.89,4700,37083.0,-0.37878787878787845,0.7362347365845643,42.72727272727273
002256.SZ,20260901,3.35,48600,162810.0,-0.5934718100890191,1.324516015331584,41.43916913946589
002258.SZ,20260901,14.52,194500,2824140.0,-1.0224948875255602,7.493838250843634,38.865030674846636
002259.SZ,20260901,4.35,325600,1416360.0,1.1627906976744207,23.164949401539427,51.976744186046524
002261.SZ,20260901,25.6,123000,3148800.0,0.0,1.8249058186545033,45.0
002262.SZ,20260901,22.0,24100,530200.0,-0.1361779391738538,1.2372251635048561,44.182932364956876
002263.SZ,20260901,3.22,115400,371588.0,0.31152647975078995,2.566314846965538,46.86915887850474
002264.SZ,20260901,6.79,81300,552027.0,0.0,2.8383076193493992,45.0
002265.SZ,20260901,18.95,31700,600715.0,-0.6813417190775661,1.593429188188126,40.9119496855346
002266.SZ,20260901,4.88,279200,1362496.0,-0.2044989775051076,3.4966014789808786,43.77300613496936
002267.SZ,20260901,7.27,14300,103961.0,-0.4109589041095929,1.2217602493616981,42.53424657534244
002268.SZ,20260901,14.0,24400,341600.0,-0.14265335235377208,2.7448723786782363,44.14407988587737
002269.SZ,20260901,1.47,656500,965055.0,0.0,14.160722583571529,45.0
002270.SZ,20260901,19.8,143900,2849220.0,-0.5524861878453025,12.76435371987557,41.685082872928184
002271.SZ,20260901,10.91,825500,9006205.0,-0.9981851179673318,11.233773242369297,39.01088929219601
002272.SZ,20260901,17.04,124300,2118072.0,0.23529411764704466,6.235335682284722,46.41176470588227
002273.SZ,20260901,26.7,73000,1949100.0,-0.03743916136279557,2.5466767674847075,44.77536503182323
002274.SZ,20260901,,0,0.0,,,0.0
002275.SZ,20260901,12.48,6100,76128.0,0.0,3.036882615039355,45.0
002276.SZ,20260901,10.33,44200,456586.0,0.09689922480620172,3.5709031760505336,45.58139534883721
002277.SZ,20260901,6.16,192100,1183336.0,-0.4846526655896688,7.17020325845566,42.09208400646199
002278.SZ,20260901,8.32,45400,377728.0,0.12033694344162349,6.7967639002887035,45.722021660649744
002279.SZ,20260901,6.97,809300,5640821.0,0.0,11.074513454321698,45.0
002281.SZ,20260901,181.01,83600,15132436.0,0.6170094496942724,2.333589047864898,48.702056698165634
002282.SZ,20260901,6.21,5300,32913.0,0.0,1.4554738561730214,45.0
002283.SZ,20260901,8.37,582100,4872177.0,-1.5294117647058902,22.87796000333098,35.82352941176466
002284.SZ,20260901,9.92,96500,957280.0,-0.40160642570281624,2.294561752975123,42.5903614457831
002285.SZ,20260901,2.35,4856600,11413010.0,-2.4896265560165998,30.04821190725701,30.0622406639004
002286.SZ,20260901,8.43,360900,3042387.0,-0.8235294117647118,25.426904207653855,40.058823529411725
002287.SZ,20260901,20.14,7200,145008.0,0.0,4.460367496244545,45.0
002289.SZ,20260901,38.66,15740,608508.4,0.02587322121603286,5.1701192091788455,45.1552393272962
002290.SZ,20260901,67.03,24200,1622126.0,0.01492091912862481,4.110450306093788,45.08952551477175
002291.SZ,20260901,5.36,709000,3800240.0,-1.831501831501825,5.840483219643665,34.01098901098905
002292.SZ,20260901,8.48,1476199,12518167.52,-0.8187134502923965,13.725759442508927,40.087719298245624
002293.SZ,20260901,11.43,93200,1065276.0,-0.2617801047120505,14.247087700071365,43.4293193717277
002294.SZ,20260901,31.91,21400,682874.0,0.0,2.5783709499432717,45.0
002295.SZ,20260901,10.16,884900,8990584.0,5.28497409326425,38.66389878874587,76.70984455958549
002296.SZ,20260901,9.06,6900,62514.0,-0.11025358324144863,0.6193244217962867,44.33847850055131
002297.SZ,20260901,18.5,307100,5681350.0,-0.1618996222342184,8.850047772900892,44.02860226659469
002298.SZ,20260901,8.14,33300,271062.0,-0.2450980392156854,1.2789307351450798,43.529411764705884
002299.SZ,20260901,16.5,49000,808500.0,-0.4825090470446214,3.475801763042213,42.10494571773227
002300.SZ,20260901,6.85,50500,345925.0,0.14619883040936088,3.4037284291751204,45.877192982456165
002301.SZ,20260901,8.12,109000,885080.0,1.6270337922402955,5.505870578610912,54.76220275344177
002302.SZ,20260901,4.76,33600,159936.0,-0.20964360587001352,4.620662278747831,43.74213836477992
002303.SZ,20260901,5.62,1480500,8320410.0,-1.2302284710017597,16.452840750151246,37.61862917398944
002304.SZ,20260901,38.59,29600,1142264.0,-0.12939958592131928,4.183439551011397,44.22360248447208
002305.SZ,20260901,2.09,1466000,3063940.0,-0.4761904761904856,83.53940031386782,42.14285714285709
002306.SZ,20260901,2.17,28100,60977.0,0.4629629629629539,4.277034142624292,47.77777777777772
002307.SZ,20260901,3.05,649360,1980548.0,-0.326797385620925,21.753688082791165,43.03921568627445
002309.SZ,20260901,3.02,124600,376292.0,-0.3300330033003229,1.416528978989215,43.01980198019806
002310.SZ,20260901,2.33,142600,332258.0,-0.42735042735041473,2.5960981943055983,42.43589743589751
002311.SZ,20260901,46.0,19500,897000.0,-0.497512437810943,1.9947100530892088,42.01492537313434
002312.SZ,20260901,8.57,98700,845859.0,0.0,2.7021238354182904,45.0
002313.SZ,20260901,8.77,199500,1749615.0,-0.1138952164009055,12.426464821327073,44.31662870159457
002314.SZ,20260901,2.19,187400,410406.0,-0.9049773755656076,4.8958310719846265,39.570135746606354
002315.SZ,20260901,25.84,34500,891480.0,0.6230529595015577,3.536691174093997,48.73831775700935
002316.SZ,20260901,4.53,116000,525480.0,0.0,9.553512511254295,45.0
002317.SZ,20260901,25.09,48200,1209338.0,0.4805766920304322,4.373284192536046,47.88346015218259
002318.SZ,20260901,20.21,13900,280919.0,-0.0988630746416197,1.02436089358493,44.406821552150284
002319.SZ,20260901,10.68,14800,158064.0,-0.4659832246039164,2.2874202107157684,42.2041006523765
002320.SZ,20260901,6.6,119400,788040.0,-0.30211480362538623,1.3873724378964816,43.18731117824768
002321.SZ,20260901,2.08,30800,64064.0,0.0,0.6800012970803961,45.0
002322.SZ,20260901,12.74,136700,1741558.0,0.0,12.297446911204169,45.0
002323.SZ,20260901,1.28,453600,580608.0,-0.7751937984496138,19.181191478013687,40.34883720930232
002324.SZ,20260901,9.43,132500,1249475.0,0.2125398512220933,7.106148267286102,46.27523910733256
002326.SZ,20260901,18.75,26200,491250.0,-0.10655301012253426,1.4020589525091147,44.36068193926479
002327.SZ,20260901,6.35,23500,149225.0,0.1577287066246047,3.3511407476908754,45.94637223974763
002328.SZ,20260901,8.7,2620900,22801830.0,2.35294117647058,16.89121614693717,59.11764705882348
002329.SZ,20260901,4.01,406500,1630065.0,1.262626262626254,7.876096922034548,52.57575757575752
002330.SZ,20260901,4.15,13100,54365.0,0.24154589371983004,1.0327142366776254,46.44927536231898
002331.SZ,20260901,7.13,1346800,9602684.0,-1.6551724137931045,68.44313831008458,35.068965517241374
002332.SZ,20260901,8.6,309900,2665140.0,-1.3761467889908396,5.760431858752957,36.74311926605496
002333.SZ,20260901,5.7,11200,63840.0,-0.17513134851138146,0.8501019699843061,43.94921190893171
002334.SZ,20260901,6.8,37600,255680.0,0.14727540500736325,4.019906243661274,45.88365243004418
002335.SZ,20260901,30.83,80300,2475649.0,0.032446463335489284,5.884358188106414,45.194678780012936
002337.SZ,20260901,4.78,5600,26768.0,0.0,0.8515059688822016,45.0
002338.SZ,20260901,43.36,8700,377232.0,-0.13818516812529325,2.0007493678109043,44.17088899124824
002339.SZ,20260901,7.48,18900,141372.0,-0.1335113484646211,1.4552615902964054,44.19893190921228
002340.SZ,20260901,6.5,468500,3045250.0,-0.45941807044410643,6.870613258280945,42.24349157733536
002342.SZ,20260901,7.74,48300,373842.0,0.1293661060802087,1.5457680102040487,45.77619663648125
002343.SZ,20260901,5.48,491500,2693420.0,-0.3636363636363549,16.66246707646785,42.81818181818187
002344.SZ,20260901,3.99,19500,77805.0,-0.24999999999999467,1.6352517185025925,43.50000000000003
002345.SZ,20260901,9.7,134400,1303680.0,-0.30832476875644055,6.1287637441476495,43.15005138746136
002346.SZ,20260901,20.28,18100,367068.0,-0.44182621502208974,2.377399223234888,42.34904270986746
002347.SZ,20260901,6.28,31400,197192.0,0.0,2.9249510762803013,45.0
002348.SZ,20260901,11.28,50100,565128.0,0.3558718861209842,4.926317547846411,47.13523131672591
002349.SZ,20260901,7.48,2430100,18177148.0,-1.5789473684210464,25.40808600957035,35.52631578947372
002350.SZ,20260901,15.25,129000,1967250.0,1.7344896597731863,15.811490438917476,55.40693795863912
002351.SZ,20260901,10.24,57100,584704.0,0.0,8.04010188927145,45.0
002352.SZ,20260901,31.8,178800,5685840.0,0.0,6.614926962194787,45.0
002353.SZ,20260901,128.66,28700,3692542.0,-1.2283126055581128,2.3157827357178786,37.63012436665132
002354.SZ,20260901,8.15,9361500,76296225.0,1.4943960149439661,16.276147429158993,53.9663760896638
002355.SZ,20260901,4.93,21500,105995.0,0.0,1.2082086685668503,45.0
002356.SZ,20260901,2.8,51700,144760.0,0.0,3.1007870164161355,45.0
002357.SZ,20260901,11.28,23000,259440.0,0.0,3.2034831532582078,45.0
002358.SZ,20260901,5.36,23200,124352.0,0.0,1.9751809127813054,45.0
002360.SZ,20260901,5.74,15300,87822.0,1.0563380281690238,2.628675871951021,51.338028169014144
002361.SZ,20260901,10.52,92000,967840.0,-0.37878787878788955,0.9287576587913065,42.72727272727266
002362.SZ,20260901,16.4,145100,2379640.0,-0.7864488808227654,14.068485993314747,40.28130671506341
002363.SZ,20260901,6.93,38800,268884.0,-0.14409221902018654,5.051940524205623,44.13544668587888
002364.SZ,20260901,38.65,113500,4386775.0,0.2074150894477489,4.1745857159118955,46.24449053668649
002365.SZ,20260901,15.38,282500,4344850.0,1.1176857330703394,6.769414209040329,51.70611439842204
002366.SZ,20260901,6.09,197100,1200339.0,-0.4901960784313819,3.490236814539439,42.05882352941171
002367.SZ,20260901,5.81,834400,4847864.0,-0.1718213058419349,24.567253279228282,43.96907216494839
002368.SZ,20260901,14.04,69700,978588.0,0.07127583749109156,5.717326126148863,45.427655024946546
002369.SZ,20260901,6.31,205400,1296074.0,-0.15822784810127777,7.850012699562681,44.050632911392334
002370.SZ,20260901,5.42,25800,139836.0,-0.18416206261510082,1.7495495598012647,43.89502762430939
002371.SZ,20260901,692.0,20000,13840000.0,-1.1131911001871941,2.727275498112259,38.320853398876835
002372.SZ,20260901,8.76,35900,314484.0,-0.11402508551880963,1.7677798475929787,44.315849486887146
002373.SZ,20260901,7.9,1136800,8980720.0,-1.4962593516209433,46.185175893090324,36.02244389027434
002374.SZ,20260901,3.13,16700,52271.0,0.6430868167202508,0.6461701874663308,48.85852090032151
002375.SZ,20260901,4.0,2751900,11007600.0,-1.7199017199017286,57.10383927194619,34.68058968058963
002376.SZ,20260901,6.8,50300,342040.0,0.0,4.0827521970546,45.0
002377.SZ,20260901,2.82,270000,761400.0,0.3558718861209842,9.758148005524388,47.13523131672591
002378.SZ,20260901,25.61,66300,1697943.0,-0.039032006245132145,2.7090240064906563,44.76580796252921
002379.SZ,20260901,18.26,121600,2220416.0,0.6615214994487362,2.0858000904230773,48.96912899669242
002380.SZ,20260901,29.1,30800,896280.0,0.24112986565620886,7.060850721992213,46.44677919393725
002381.SZ,20260901,5.62,7900,44398.0,-0.35460992907800915,1.8652544597921983,42.872340425531945
002382.SZ,20260901,5.92,43800,259296.0,0.6802721088435382,2.5808517109543847,49.08163265306123
002383.SZ,20260901,7.22,136300,984086.0,0.1386962552011095,8.211515852190518,45.83217753120665
002384.SZ,20260901,197.99,215200,42607448.0,-0.005050505050496756,3.578404855512921,44.96969696969702
002385.SZ,20260901,3.27,1118500,3657495.0,-0.304878048780477,3.3739870402945615,43.17073170731714
002386.SZ,20260901,6.03,50200,302706.0,0.33277870216306127,2.5427953712188094,46.99667221297837
002387.SZ,20260901,7.33,51300,376029.0,0.8253094910591452,2.5601883533681007,49.95185694635487
002388.SZ,20260901,6.62,80600,533572.0,-0.6006006006005982,2.6204462997636515,41.39639639639641
002389.SZ,20260901,18.32,27700,507464.0,-0.27218290691345404,0.7358499897266583,43.36690255851928
002390.SZ,20260901,3.03,234400,710232.0,0.0,5.774171801341575,45.0
002391.SZ,20260901,5.4,14700,79380.0,-0.1848428835489746,1.161779419563955,43.890942698706155
002392.SZ,20260901,8.0,61700,493600.0,0.0,3.6869486225289996,45.0
002393.SZ,20260901,14.06,3300,46398.0,-0.4953998584571906,0.9743358034222216,42.02760084925686
002394.SZ,20260901,11.02,59300,653486.0,1.1937557392102782,7.168616864572285,52.16253443526167
002395.SZ,20260901,12.44,14800,184112.0,0.0,1.0559038238494607,45.0
002396.SZ,20260901,40.16,1813690,72837790.4,-0.49554013875124925,13.82223442348635,42.02675916749251
002397.SZ,20260901,3.66,60900,222894.0,0.273972602739736,3.0966105566753965,46.643835616438416
002398.SZ,20260901,4.22,21900,92418.0,0.0,1.6913944665057665,45.0
002399.SZ,20260901,10.01,7300,73073.0,-0.29880478087648266,1.24358709849507,43.2071713147411
002400.SZ,20260901,6.66,862929,5747107.14,-0.4484304932735439,4.843598096012061,42.30941704035874
002401.SZ,20260901,12.39,9900,122661.0,0.08077544426494665,2.996157383272582,45.48465266558968
002402.SZ,20260901,19.16,40000,766400.0,-0.6739243131156036,2.6646902582992817,40.95645412130638
002403.SZ,20260901,,0,0.0,,0.0,0.0
002404.SZ,20260901,5.75,26800,154100.0,-0.17361111111110494,2.3006509812134603,43.95833333333337
002405.SZ,20260901,6.39,96000,613440.0,0.0,2.482810071271016,45.0
002406.SZ,20260901,6.82,24099,164355.18,0.0,2.0440019724232417,45.0
002407.SZ,20260901,36.48,706900,25787712.0,0.02741979709348641,6.8357449207320835,45.16451878256092
002408.SZ,20260901,5.55,45500,252525.0,-0.35906642728905647,1.4726379983891589,42.84560143626566
002409.SZ,20260901,143.88,153900,22143132.0,1.0606167029570734,9.013730627631087,51.36370021774244
002410.SZ,20260901,8.97,21900,196443.0,-0.22246941045606095,0.8564536967774415,43.66518353726364
002412.SZ,20260901,10.68,10286229,109856925.72,-9.644670050761428,66.89209911284449,15.0
002413.SZ,20260901,8.02,34300,275086.0,-0.49627791563277013,1.052822338978032,42.02233250620338
002414.SZ,20260901,13.0,411900,5354700.0,0.23130300693907646,6.487350004222872,46.38781804163446
002415.SZ,20260901,35.76,150900,5396184.0,-0.08382229673092878,3.4127294840630973,44.497066219614425
002416.SZ,20260901,9.45,64600,610470.0,-0.42149631190727677,2.9737452184954587,42.47102212855634
002418.SZ,20260901,5.51,13699400,75483694.0,2.226345083487935,28.989053408821402,58.35807050092761
002419.SZ,20260901,4.67,14100,65847.0,0.21459227467810482,0.6886591729346928,46.28755364806863
002420.SZ,20260901,6.2,102766,637149.2,-0.8000000000000007,11.493896478047056,40.199999999999996
002421.SZ,20260901,3.35,792000,2653200.0,0.0,2.417832915105418,45.0
002422.SZ,20260901,40.7,46700,1900690.0,0.29571217348449697,2.57803783915484,46.774273040906984
002423.SZ,20260901,9.8,48500,475300.0,-0.40650406504064707,1.1295805841386553,42.56097560975612
002424.SZ,20260901,4.64,100700,467248.0,0.8695652173912993,10.129419304624799,50.2173913043478
002425.SZ,20260901,3.42,744900,2547558.0,4.587155963302747,7.035494665199422,72.52293577981648
002426.SZ,20260901,2.77,230400,638208.0,0.36231884057971175,2.978510536374032,47.17391304347827
002427.SZ,20260901,5.01,449800,2253498.0,-0.19920318725099584,10.012901630535818,43.80478087649402
002428.SZ,20260901,100.71,252594,25438741.74,0.009930486593834331,4.901553840563138,45.059582919563006
002429.SZ,20260901,8.54,264800,2261392.0,-0.11695906432750425,3.5862151131314404,44.298245614034975
002430.SZ,20260901,27.42,172000,4716240.0,-0.21834061135370675,4.761732734096452,43.68995633187776
002431.SZ,20260901,1.39,214100,297599.0,0.7246376811594235,15.55854366104846,49.347826086956545
002432.SZ,20260901,70.35,186500,13120275.0,0.0,13.173560988854039,45.0
002434.SZ,20260901,5.8,39800,230840.0,0.0,3.521882569081027,45.0
002436.SZ,20260901,36.05,283900,10234595.0,0.11108025548458578,3.5706844340110195,45.66648153290751
002437.SZ,20260901,4.12,9224215,38003765.8,-5.720823798627006,13.875329158152068,15.0
002438.SZ,20260901,13.83,10900,150747.0,0.21739130434781373,3.380632178015456,46.30434782608688
002439.SZ,20260901,13.55,35700,483735.0,-0.07374631268436405,2.170717776890486,44.55752212389382
002440.SZ,20260901,14.32,541400,7752848.0,2.2127052105638922,7.158645067685193,58.27623126338335
002441.SZ,20260901,8.25,53700,443025.0,0.2430133657351119,5.911823575091389,46.45808019441067
002442.SZ,20260901,5.31,27800,147618.0,-0.1879699248120481,2.238129908417522,43.87218045112771
002443.SZ,20260901,10.29,303100,3118899.0,0.48828125,14.378737356754012,47.9296875
002444.SZ,20260901,30.14,11800,355652.0,-0.23171135385634534,1.4818307775498607,43.60973187686193
002445.SZ,20260901,3.38,1471600,4974008.0,-1.1695906432748537,10.325635153442073,37.98245614035088
002446.SZ,20260901,8.45,31500,266175.0,-0.35377358490567,2.0836712669634854,42.87735849056598
002448.SZ,20260901,12.16,77900,947264.0,-0.16420361247947435,6.189266684586929,44.01477832512315
002449.SZ,20260901,6.65,20700,137655.0,-0.15015015015015232,1.5229828012308795,44.099099099099085
002451.SZ,20260901,7.75,52500,406875.0,-0.12886597938144284,1.3500540648001234,44.22680412371135
002452.SZ,20260901,11.61,27300,316953.0,0.0,2.0075116206183607,45.0
002453.SZ,20260901,4.58,29700,136026.0,0.0,3.7176718385694367,45.0
002454.SZ,20260901,5.18,34800,180264.0,0.3875968992248069,3.945336073894774,47.32558139534884
002455.SZ,20260901,8.01,338200,2708982.0,0.25031289111387967,6.24004701611871,46.50187734668328
002456.SZ,20260901,7.7,584400,4499880.0,-0.12970168612191912,3.691213730612292,44.221789883268485
002457.SZ,20260901,11.58,688900,7977462.0,2.206531332744932,15.581420203817366,58.239187996469596
002458.SZ,20260901,9.0,441400,3972600.0,0.11123470522802492,5.717648157479399,45.66740823136815
002459.SZ,20260901,6.94,303300,2104902.0,-0.43041606886655703,9.515892288883975,42.417503586800656
002460.SZ,20260901,53.81,147100,7915451.0,-0.14845054741139396,4.072502819561904,44.109296715531634
002461.SZ,20260901,8.82,173500,1530270.0,0.8000000000000007,23.42247825055591,49.800000000000004
002462.SZ,20260901,12.16,3100,37696.0,-0.24610336341263084,0.6722467572572839,43.523379819524216
002463.SZ,20260901,124.88,226900,28335272.0,-0.024017292450562167,5.472848175278676,44.85589624529663
002465.SZ,20260901,10.15,193900,1968085.0,-0.4901960784313597,5.818218535188238,42.05882352941184
002466.SZ,20260901,50.79,521100,26466669.0,1.7835671342685488,10.953886853562745,55.701402805611295
002467.SZ,20260901,4.7,80800,379760.0,-0.2123142250530785,1.2604186841194274,43.72611464968153
002468.SZ,20260901,13.98,90300,1262394.0,0.07158196134573469,4.913655793875127,45.429491768074406
002469.SZ,20260901,6.56,197200,1293632.0,0.15267175572519776,8.116331819030965,45.91603053435119
002470.SZ,20260901,2.11,1020500,2153255.0,0.0,5.482997781561281,45.0
002471.SZ,20260901,5.46,132200,721812.0,-0.1828153564899404,3.7834016448392798,43.903107861060356
002472.SZ,20260901,35.61,57400,2044014.0,0.28161081385524867,5.716676905386755,46.68966488313149
002474.SZ,20260901,6.35,53600,340360.0,-0.31397174254317317,1.3997278042001842,43.11616954474096
002475.SZ,20260901,57.55,253909,14612462.95,-0.1214855952794136,3.733515365567586,44.27108642832352
002476.SZ,20260901,5.07,15600,79092.0,-0.5882352941176339,2.133663560383944,41.470588235294194
002478.SZ,20260901,6.97,516000,3596520.0,0.868306801736618,8.438929010072833,50.209840810419706
002479.SZ,20260901,6.01,150800,906308.0,0.0,6.050983139068426,45.0
002480.SZ,20260901,5.52,2600,14352.0,0.363636363636366,0.5443069539271395,47.181818181818194
002481.SZ,20260901,4.22,247400,1044028.0,-0.9389671361502372,15.082354597753802,39.36619718309858
002482.SZ,20260901,1.34,931200,1247808.0,-0.7407407407407418,14.981434706839893,40.55555555555555
002483.SZ,20260901,5.41,27600,149316.0,-0.36832412523019054,2.2569458528900794,42.790055248618856
002484.SZ,20260901,68.23,1168503,79726959.69,7.61829652996846,18.65436970887831,90.70977917981077
002485.SZ,20260901,5.98,53500,319930.0,0.0,22.516346925578734,45.0
002486.SZ,20260901,3.01,691000,2079910.0,0.3333333333333188,10.56588588875752,46.999999999999915
002487.SZ,20260901,35.11,80400,2822844.0,-0.3971631205673787,4.311320410228576,42.61702127659573
002488.SZ,20260901,8.24,44700,368328.0,-0.12121212121212199,3.4845639584701513,44.272727272727266
002489.SZ,20260901,2.82,82200,231804.0,0.0,3.6889892557874413,45.0
002490.SZ,20260901,8.56,601100,5145416.0,1.3017751479290185,12.728089491430788,52.81065088757411
002491.SZ,20260901,22.0,687900,15133800.0,-0.9900990099009799,5.1842135026539475,39.05940594059412
002492.SZ,20260901,5.81,44400,257964.0,0.0,4.765653843849983,45.0
002493.SZ,20260901,14.86,282300,4194978.0,0.13477088948787852,4.948377037256797,45.80862533692727
002494.SZ,20260901,4.88,54500,265960.0,-0.2044989775051076,3.9486952305979517,43.77300613496936
002495.SZ,20260901,2.44,45000,109800.0,-0.40816326530612734,2.40071686717521,42.55102040816324
002496.SZ,20260901,2.18,171800,374524.0,0.4608294930875667,4.103708822778275,47.7649769585254
002497.SZ,20260901,19.15,165200,3163580.0,-0.15641293013556323,4.021566943173742,44.06152241918662
002498.SZ,20260901,6.32,90000,568800.0,0.0,2.3108599268123604,45.0
002500.SZ,20260901,5.42,64200,347964.0,-0.3676470588235392,2.2264070478535043,42.79411764705876
002501.SZ,20260901,1.3,577100,750230.0,0.7751937984496138,34.769255752640404,49.65116279069768
002506.SZ,20260901,2.64,1049500,2770680.0,-0.37735849056602655,3.358943447694707,42.73584905660384
002507.SZ,20260901,11.18,13400,149812.0,0.0,1.261505833659051,45.0
002508.SZ,20260901,15.87,28400,450708.0,-0.18867924528302993,4.041691162942618,43.86792452830182
002510.SZ,20260901,5.66,33900,191874.0,0.35460992907803135,2.4300472596660985,47.12765957446819
002511.SZ,20260901,7.11,2500,17775.0,0.0,0.2566717388304216,45.0
002512.SZ,20260901,4.05,136300,552015.0,0.4962779156327368,6.819098278065117,47.97766749379642
002513.SZ,20260901,5.5,38800,213400.0,-0.36231884057970065,4.491512880198251,42.8260869565218
002514.SZ,20260901,1.88,649200,1220496.0,0.53475935828875,12.241093809106724,48.2085561497325
002515.SZ,20260901,8.18,299400,2449092.0,0.36809815950920033,4.623791972941114,47.2085889570552
002516.SZ,20260901,5.46,24000,131040.0,0.18348623853210455,2.069441388124683,46.10091743119263
002517.SZ,20260901,17.44,1277400,22277856.0,1.5725101921956863,20.68182355479501,54.43506115317412
002518.SZ,20260901,35.84,67600,2422784.0,0.0,6.487635210698016,45.0
002519.SZ,20260901,5.63,64000,360320.0,-0.5300353356890497,2.6424246770326283,41.8197879858657
002520.SZ,20260901,6.47,168300,1088901.0,-0.7668711656441674,5.9306808492620755,40.398773006134995
002521.SZ,20260901,6.75,6899,46568.25,-0.14792899408283544,1.5327622594669872,44.112426035502985
002522.SZ,20260901,5.28,28000,147840.0,-0.1890359168241873,1.4478428624497242,43.865784499054875
002523.SZ,20260901,3.55,149700,531435.0,0.56657223796035,3.679302572336399,48.3994334277621
002524.SZ,20260901,4.08,43600,177888.0,-0.24449877750610804,3.635423776257618,43.53300733496335
002526.SZ,20260901,2.71,16500,44715.0,0.0,0.7962012470879033,45.0
002527.SZ,20260901,11.24,5900,66316.0,0.0,1.3889646104457347,45.0
002528.SZ,20260901,7.25,525100,3806975.0,-0.13774104683195176,11.948203194444696,44.17355371900829
002529.SZ,20260901,7.2,43300,311760.0,-0.4149377593360981,11.709539860830901,42.51037344398341
002530.SZ,20260901,7.39,15600,115284.0,-0.26990553306343035,0.9198497530224478,43.380566801619416
002531.SZ,20260901,6.3,118000,743400.0,0.0,4.071840435389074,45.0
002532.SZ,20260901,13.32,351000,4675320.0,0.832702498107496,5.4828202766176215,49.99621498864498
002533.SZ,20260901,11.39,27100,308669.0,-0.34995625546805353,4.174222427152215,42.90026246719168
002534.SZ,20260901,16.52,457400,7556248.0,0.0,13.016919972240379,45.0
002535.SZ,20260901,2.64,179200,473088.0,0.7633587786259444,13.026053842333171,49.58015267175567
002536.SZ,20260901,54.95,362400,19913880.0,0.09107468123863427,9.083542666662726,45.546448087431806
002537.SZ,20260901,6.1,164700,1004670.0,-0.16366612111293755,3.270420578586414,44.01800327332238
002538.SZ,20260901,7.13,23200,165416.0,-0.1400560224089631,3.428919203075198,44.15966386554622
002539.SZ,20260901,13.62,122300,1665726.0,-0.07336757153338924,5.85263123460056,44.55979457079967
002540.SZ,20260901,5.21,34300,178703.0,-0.3824091778202754,2.9950002892791545,42.70554493307835
002541.SZ,20260901,21.31,194248,4139424.88,1.3314312886352653,11.789535705124678,52.98858773181159
002542.SZ,20260901,1.67,419600,700732.0,0.0,17.33841421262028,45.0
002543.SZ,20260901,7.32,115099,842524.68,-1.3477088948786964,9.391754837356244,36.91374663072782
002544.SZ,20260901,16.25,15400,250250.0,-0.3678724708767511,2.0133068697348793,42.79276517473949
002545.SZ,20260901,18.0,155500,2799000.0,0.5586592178770999,5.117522528118526,48.3519553072626
002546.SZ,20260901,7.98,62200,496356.0,-0.24999999999999467,5.238425641365094,43.50000000000003
002547.SZ,20260901,2.74,26200,71788.0,-0.3636363636363549,1.3515393396355593,42.81818181818187
002548.SZ,20260901,4.3,105200,452360.0,0.0,3.6218427658966266,45.0
002549.SZ,20260901,14.4,43200,622080.0,0.0,2.4231768264538096,45.0
002550.SZ,20260901,6.59,40000,263600.0,-0.15151515151514694,2.75936294976988,44.09090909090912
002551.SZ,20260901,3.37,32600,109862.0,0.29761904761904656,2.300214917315207,46.78571428571428
002552.SZ,20260901,53.0,179500,9513500.0,0.32178686352450914,7.186923114436264,46.93072118114706
002553.SZ,20260901,15.63,9000,140670.0,0.3209242618742003,1.5592662330538702,46.9255455712452
002554.SZ,20260901,2.96,100600,297776.0,0.6802721088435382,6.11822920053786,49.08163265306123
002555.SZ,20260901,18.48,193800,3581424.0,0.10834236186347823,5.165876923801953,45.65005417118087
002556.SZ,20260901,5.32,43900,233548.0,-0.3745318352059823,1.3113159506542331,42.75280898876411
002557.SZ,20260901,18.73,19600,367108.0,0.05341880341880323,2.237225523784205,45.32051282051282
002558.SZ,20260901,27.46,314900,8647154.0,0.03642987249545815,4.9259251052705615,45.21857923497275
002559.SZ,20260901,9.2,34200,314640.0,-0.5405405405405461,1.8509219875737273,41.75675675675672
002560.SZ,20260901,6.21,18600,115506.0,-0.1607717041800627,1.2290975942606104,44.03536977491962
002561.SZ,20260901,6.99,8700,60813.0,0.4310344827586299,1.4622902813446212,47.58620689655178
002562.SZ,20260901,4.97,52900,262913.0,-0.20080321285141922,1.963792846634291,43.79518072289149
002563.SZ,20260901,5.89,39400,232066.0,-0.16949152542373724,1.5855036160257046,43.98305084745758
002564.SZ,20260901,4.48,27000,120960.0,-0.8849557522123686,2.5045868248587113,39.69026548672579
002565.SZ,20260901,8.59,162500,1395875.0,-0.578703703703709,4.299963734450107,41.52777777777774
002566.SZ,20260901,6.93,18500,128205.0,0.0,1.040854406254292,45.0
002567.SZ,20260901,3.82,15700,59974.0,-0.26109660574412663,0.6534711415779448,43.43342036553524
002568.SZ,20260901,17.71,212600,3765146.0,0.0,11.719367655689933,45.0
002569.SZ,20260901,,0,0.0,,0.0,0.0
002570.SZ,20260901,4.6,60700,279220.0,0.4366812227074135,1.831061804590579,47.62008733624448
002571.SZ,20260901,10.63,5700,60591.0,-0.5612722170252438,1.7329226707103722,41.63236669784854
002572.SZ,20260901,7.84,270000,2116800.0,-0.75949367088608,16.821539572899994,40.44303797468352
002573.SZ,20260901,3.33,60000,199800.0,0.3012048192771122,4.384261383663532,46.80722891566268
002574.SZ,20260901,5.09,234600,1194114.0,-0.19607843137254832,12.155967923402155,43.82352941176471
002575.SZ,20260901,5.48,422000,2312560.0,-0.5444646098003547,11.470538999897478,41.73321234119787
002576.SZ,20260901,14.74,4000,58960.0,-0.06779661016949046,1.4700983347629166,44.59322033898306
002577.SZ,20260901,19.84,58100,1152704.0,0.30333670374114163,13.000422333613043,46.82002022244685
002578.SZ,20260901,4.13,356100,1470693.0,0.24271844660193054,10.343680131517491,46.45631067961158
002579.SZ,20260901,14.7,143400,2107980.0,0.13623978201635634,3.4327069491565396,45.817438692098136
002580.SZ,20260901,21.67,439000,9513130.0,0.7438400743840168,6.610140597804539,49.4630404463041
002581.SZ,20260901,5.26,98000,515480.0,-1.8656716417910557,15.629362292426132,33.80597014925367
002582.SZ,20260901,10.5,74200,779100.0,0.09532888465204614,2.437398981907687,45.57197330791227
002583.SZ,20260901,8.48,25400,215392.0,-0.3525264394829586,0.7367306450386656,42.88484136310225
002584.SZ,20260901,8.39,128000,1073920.0,0.11933174224343368,5.862713355285671,45.715990453460606
002585.SZ,20260901,9.92,117400,1164608.0,0.0,2.53656124771123,45.0
002586.SZ,20260901,4.15,47500,197125.0,-0.9546539379474916,2.4933296711796196,39.27207637231505
002587.SZ,20260901,5.62,61800,347316.0,-0.1776198934280604,5.740656998752534,43.934280639431634
002588.SZ,20260901,8.17,242100,1977957.0,-0.3658536585365746,9.610754114666356,42.80487804878055
002589.SZ,20260901,3.18,400900,1274862.0,0.0,2.593863631539009,45.0
002590.SZ,20260901,10.17,41100,417987.0,0.49407114624506754,3.4177253307462645,47.9644268774704
002591.SZ,20260901,6.63,77100,511173.0,0.302571860816947,7.504635480293631,46.81543116490168
002592.SZ,20260901,6.71,29400,197274.0,-0.8862629246676468,12.715475303363355,39.68242245199412
002593.SZ,20260901,4.57,14700,67179.0,0.0,1.3919620392750485,45.0
002594.SZ,20260901,88.4,145900,12897560.0,0.22675736961450532,5.022459324803945,46.360544217687035
002595.SZ,20260901,43.71,10100,441471.0,-0.36471392751309395,1.011490679633646,42.811716434921436
002596.SZ,20260901,3.33,80600,268398.0,0.0,3.1967545341864008,45.0
002597.SZ,20260901,21.26,23400,497484.0,0.0,3.7132793927812515,45.0
002598.SZ,20260901,7.04,4200,29568.0,-0.28328611898016387,1.7039920139205451,43.30028328611902
002599.SZ,20260901,5.96,330800,1971568.0,1.8803418803418959,22.648670718337158,56.28205128205138
002600.SZ,20260901,12.79,650900,8325011.0,0.0,7.988432509150985,45.0
002601.SZ,20260901,16.14,58500,944190.0,-0.4318322023442289,3.2413095756394235,42.40900678593463
002602.SZ,20260901,14.16,516000,7306560.0,0.14144271570013522,5.84116451221713,45.84865629420081
002603.SZ,20260901,15.9,63400,1008060.0,-0.18832391713746732,5.843262854003175,43.8700564971752
002605.SZ,20260901,17.43,25000,435750.0,-0.1718213058419349,3.5671951586455943,43.96907216494839
002606.SZ,20260901,13.15,34700,456305.0,-0.37878787878786735,2.4838349117999368,42.7272727272728
002607.SZ,20260901,2.08,784000,1630720.0,-0.4784688995215225,4.827299323621134,42.12918660287087
002608.SZ,20260901,7.09,38800,275092.0,-0.2812939521800395,2.6151394651713114,43.31223628691976
002609.SZ,20260901,7.94,88900,705866.0,0.37926675094817064,11.832121746613241,47.27560050568903
002611.SZ,20260901,15.21,87400,1329354.0,-0.13131976362442677,5.3635868248878475,44.21208141825344
002612.SZ,20260901,15.36,68900,1058304.0,1.7892644135188762,5.99498333850369,55.73558648111326
002613.SZ,20260901,3.49,67300,234877.0,0.0,3.5079596069762515,45.0
002614.SZ,20260901,5.85,25100,146835.0,0.0,1.9794771219978573,45.0
002615.SZ,20260901,6.65,50500,335825.0,0.0,4.025253579753478,45.0
002616.SZ,20260901,4.85,32300,156655.0,-0.4106776180698213,3.32422542040032,42.53593429158107
002617.SZ,20260901,6.19,165400,1023826.0,0.0,1.8244251226287618,45.0
002620.SZ,20260901,5.56,5000,27800.0,0.0,0.4824866626715151,45.0
002622.SZ,20260901,2.71,90300,244713.0,0.37037037037035425,4.518146447189099,47.22222222222213
002623.SZ,20260901,16.13,3500,56455.0,1.5743073047858935,1.352155717754098,54.44584382871536
002624.SZ,20260901,11.05,452100,4995705.0,1.0054844606947055,10.492395403150484,51.03290676416823
002625.SZ,20260901,28.58,63400,1811972.0,0.0,4.247620942514129,45.0
002626.SZ,20260901,16.42,6200,101804.0,-0.12165450121653931,0.900086443805532,44.27007299270076
002627.SZ,20260901,7.08,98300,695964.0,-0.8403361344537785,5.978585803911559,39.95798319327733
002628.SZ,20260901,5.51,286100,1576411.0,0.9157509157509125,8.943998756782408,50.494505494505475
002629.SZ,20260901,4.9,38400,188160.0,0.2044989775051187,3.5794041813893505,46.226993865030714
002630.SZ,20260901,1.68,70900,119112.0,0.5988023952095745,10.3986879592182,48.59281437125745
002631.SZ,20260901,10.67,949900,10135433.0,-0.8364312267657992,22.036845172332992,39.98141263940521
002632.SZ,20260901,8.46,6600,55836.0,-0.35335689045935537,0.1764439150930367,29.639763373990473
002633.SZ,20260901,15.1,13300,200830.0,0.13262599469496816,9.58055278019694,45.79575596816981
002634.SZ,20260901,4.23,100,423.0,0.23696682464455776,0.024654266173052896,5.859568859016868
002635.SZ,20260901,15.99,77300,1236027.0,0.0,5.032382654636967,45.0
002636.SZ,20260901,75.01,801100,60090511.0,-0.9768976897689741,13.753671850430495,39.138613861386155
002637.SZ,20260901,12.04,138100,1662724.0,0.5847953216374213,4.83910381304011,48.508771929824526
002638.SZ,20260901,4.71,170700,803997.0,0.6410256410256387,4.481077552376002,48.84615384615383
002639.SZ,20260901,11.93,39300,468849.0,0.0,1.8046724020347225,45.0
002640.SZ,20260901,3.37,99500,335315.0,-0.2958579881656709,0.844410423420499,43.22485207100598
002641.SZ,20260901,4.0,34500,138000.0,0.5025125628140614,3.6432904002360433,48.01507537688437
002642.SZ,20260901,7.28,34200,248976.0,0.0,2.8090940470868047,45.0
002643.SZ,20260901,13.24,14300,189332.0,-0.6006006006005982,1.0044739488900938,41.39639639639641
002644.SZ,20260901,8.66,29700,257202.0,0.34762456546928444,3.069065463946016,47.085747392815705
002645.SZ,20260901,19.43,57060,1108675.8,0.051493305870220496,2.6124385077172185,45.30895983522132
002646.SZ,20260901,6.93,18600,128898.0,0.14450867052022698,3.3353760737116405,45.86705202312136
002647.SZ,20260901,11.88,18700,222156.0,0.0,1.1335085928906914,45.0
002648.SZ,20260901,28.58,200800,5738864.0,0.3511235955056202,3.402704246665877,47.10674157303372
002649.SZ,20260901,9.92,35000,347200.0,0.30333670374114163,1.4083619384937702,46.82002022244685
002650.SZ,20260901,6.04,2300,13892.0,-0.6578947368421018,1.098526312559836,41.05263157894739
002651.SZ,20260901,8.45,60400,510380.0,-0.5882352941176561,1.952338620452965,41.470588235294066
002652.SZ,20260901,4.13,61700,254821.0,-0.24154589371979673,5.534667359152587,43.55072463768122
002653.SZ,20260901,66.8,4700,313960.0,-0.014967819188749232,1.1317293628850227,44.9101930848675
002654.SZ,20260901,14.08,81400,1146112.0,0.0,2.424583430469169,45.0
002655.SZ,20260901,39.18,108000,4231440.0,0.025529742149599244,5.839208232492925,45.15317845289759
002656.SZ,20260901,3.0,168300,504900.0,1.0101010101009944,8.766965919613746,51.06060606060596
002657.SZ,20260901,16.21,15200,246392.0,-0.06165228113439447,1.2379975580409737,44.63008631319363
002658.SZ,20260901,7.59,15600,118404.0,0.26420079260236484,2.081268848981431,46.585204755614186
002659.SZ,20260901,4.61,46400,213904.0,-0.6465517241379226,3.106508297830993,41.12068965517246
002660.SZ,20260901,8.06,685200,5522712.0,-3.8186157517899777,18.265172588470264,22.088305489260133
002661.SZ,20260901,7.94,20000,158800.0,0.0,2.5960357110142738,45.0
002662.SZ,20260901,3.28,10500,34440.0,-0.3039513677811634,0.9955574037129963,43.17629179331302
002663.SZ,20260901,1.74,104400,181656.0,0.0,4.973676662390697,45.0
002664.SZ,20260901,15.47,8400,129948.0,-0.3863490019317406,2.7580567166878307,42.681905988409554
002666.SZ,20260901,4.25,34300,145775.0,-0.7009345794392607,2.949286584721583,40.794392523364436
002667.SZ,20260901,18.82,244800,4607136.0,0.965665236051505,19.094980329731463,50.79399141630903
002668.SZ,20260901,9.37,25600,239872.0,-0.10660980810236476,1.4818954055426468,44.36034115138581
002669.SZ,20260901,12.21,34400,420024.0,0.0,4.778878605554406,45.0
002670.SZ,20260901,12.03,217600,2617728.0,0.0,3.2625001913995426,45.0
002671.SZ,20260901,4.0,106700,426800.0,0.7556675062972307,9.098206903980834,49.53400503778339
002672.SZ,20260901,3.75,27800,104250.0,0.0,4.453167859738326,45.0
002673.SZ,20260901,6.9,156330,1078677.0,-0.5763688760806907,3.783450385779151,41.54178674351586
002674.SZ,20260901,24.82,36700,910894.0,0.08064516129031585,3.4018332929240134,45.48387096774189
002675.SZ,20260901,12.87,1100,14157.0,0.07776049766718973,0.16060178515560342,29.37488431401175
002676.SZ,20260901,5.28,7100,37488.0,0.0,0.7330322480807325,45.0
002677.SZ,20260901,6.7,5200,34840.0,0.29940119760478723,0.8852907281156684,46.79640718562872
002678.SZ,20260901,5.23,115200,602496.0,-0.1908396946564861,8.524206679358032,43.854961832061086
002679.SZ,20260901,12.91,3060200,39507182.0,9.965928449744466,500.44726595398475,100.0
002681.SZ,20260901,5.06,1575300,7971018.0,0.1980198019801982,15.14385291799808,46.18811881188119
002682.SZ,20260901,5.0,35400,177000.0,-0.3984063745019806,1.7123355009711045,42.609561752988114
002683.SZ,20260901,30.74,3200,98368.0,-0.09749756256094422,0.434090888143242,44.41501462463434
002685.SZ,20260901,5.55,37000,205350.0,-0.35906642728905647,1.6890727559450553,42.84560143626566
002686.SZ,20260901,6.75,480900,3246075.0,-0.7352941176470562,17.91871513393789,40.588235294117666
002687.SZ,20260901,6.36,45800,291288.0,-0.15698587127158659,3.56377272964641,44.05808477237048
002688.SZ,20260901,5.15,51700,266255.0,-0.19379844961240345,1.4676922948527589,43.837209302325576
002689.SZ,20260901,2.86,58600,167596.0,0.7042253521126751,8.27891721290753,49.22535211267605
002690.SZ,20260901,16.15,23700,382755.0,0.3729024238657397,4.16229991875102,47.23741454319444
002691.SZ,20260901,4.6,5800,26680.0,0.0,2.6852280742447046,45.0
002692.SZ,20260901,4.33,8100,35073.0,0.0,0.9245650796886103,45.0
002693.SZ,20260901,8.94,21900,195786.0,0.11198208286673506,1.7104615596465962,45.67189249720041
002694.SZ,20260901,2.54,44100,112014.0,0.39525691699606735,7.253635171174755,47.3715415019764
002695.SZ,20260901,10.95,6800,74460.0,0.18298261665141702,0.6300142174562183,46.097895699908506
002696.SZ,20260901,6.52,560600,3655112.0,-1.5105740181268978,28.257613193320644,35.93655589123861
002697.SZ,20260901,4.6,94900,436540.0,0.2178649237472685,2.355916238765406,46.30718954248361
002698.SZ,20260901,12.48,112800,1407744.0,0.0801924619085792,10.615384395845647,45.48115477145147
002700.SZ,20260901,6.52,1100,7172.0,-0.15313935681471325,0.25658298860509654,44.08116385911172
002701.SZ,20260901,4.49,504800,2266552.0,0.672645739910327,12.397903387148896,49.03587443946196
002702.SZ,20260901,5.16,84500,436020.0,0.3891050583657574,2.8461483973954382,47.334630350194544
002703.SZ,20260901,16.64,1054400,17545216.0,0.361881785283491,12.970920760509063,47.17129071170095
002705.SZ,20260901,11.2,3000,33600.0,0.0,0.7843366345645214,45.0
002706.SZ,20260901,9.35,92900,868615.0,0.32188841201716833,4.115071037237455,46.931330472103014
002707.SZ,20260901,5.51,166400,916864.0,-0.3616636528029016,5.994300064379571,42.830018083182594
002708.SZ,20260901,12.63,68500,865155.0,-0.6294256490952055,3.4787389897642575,41.22344610542876
002709.SZ,20260901,36.53,245000,8949850.0,0.24698133918772402,5.81907241847888,46.481888035126346
002712.SZ,20260901,4.96,148600,737056.0,-0.6012024048096198,3.754504646199245,41.392785571142284
002713.SZ,20260901,9.43,13400,126362.0,-0.527426160337563,1.5721292833067417,41.83544303797462
002714.SZ,20260901,42.09,317500,13363575.0,-0.5199716379106545,7.132499825820513,41.880170172536076
002715.SZ,20260901,14.38,7500,107850.0,0.0,1.547669001688057,45.0
002716.SZ,20260901,10.85,4584005,49736454.25,0.09225092250921829,22.33375928782328,45.55350553505531
002717.SZ,20260901,1.0,910000,910000.0,0.0,20.22145516401031,45.0
002718.SZ,20260901,88.88,7000,622160.0,2.290252042812746,8.386552679860525,58.741512256876476
002719.SZ,20260901,6.73,82200,553206.0,-1.0294117647058787,12.452023203584869,38.823529411764724
002721.SZ,20260901,2.91,1159400,3373854.0,0.6920415224913601,4.852985243858729,49.152249134948164
002722.SZ,20260901,13.39,13600,182104.0,0.0,3.685826866778162,45.0
002723.SZ,20260901,8.01,165200,1323252.0,-0.743494423791824,17.462523231752122,40.539033457249054
002724.SZ,20260901,6.92,178100,1232452.0,0.28985507246375164,6.306765514344165,46.73913043478251
002725.SZ,20260901,11.72,6300,73836.0,0.34246575342467,1.777130727657965,47.05479452054802
002726.SZ,20260901,2.58,683600,1763688.0,-1.526717557251911,9.261183525509189,35.83969465648853
002727.SZ,20260901,11.18,22200,248196.0,0.2690582959641308,2.9108952717120777,46.61434977578479
002728.SZ,20260901,8.89,11000,97790.0,-0.11235955056179137,0.7803458555840547,44.32584269662925
002729.SZ,20260901,13.86,8800,121968.0,0.0,0.9346085370943422,45.0
002730.SZ,20260901,23.89,2700,64503.0,-0.12541806020067714,0.2904246112815183,44.247491638795935
002731.SZ,20260901,,0,0.0,,,0.0
002732.SZ,20260901,14.21,3800,53998.0,0.2822865208186309,1.9196646706801748,46.69371912491179
002733.SZ,20260901,18.55,16800,311640.0,0.2702702702702675,2.0749062948158623,46.62162162162161
002734.SZ,20260901,16.29,52500,855225.0,-0.06134969325154449,2.5508876773650964,44.631901840490734
002735.SZ,20260901,11.94,25800,308052.0,-0.08368200836820217,2.7800083277877916,44.497907949790786
002736.SZ,20260901,10.25,92700,950175.0,0.0,3.1012717305468804,45.0
002737.SZ,20260901,11.9,97200,1156680.0,0.0841042893187538,7.880327477471554,45.504625735912526
002738.SZ,20260901,54.0,125900,6798600.0,0.11123470522802492,5.11871756286417,45.66740823136815
002739.SZ,20260901,8.51,626300,5329813.0,-0.815850815850816,9.503101214040163,40.10489510489511
002741.SZ,20260901,25.57,44800,1145536.0,0.0,2.184118045812579,45.0
002742.SZ,20260901,5.06,3192300,16153038.0,-9.964412811387913,16.019772141356903,15.0
002743.SZ,20260901,5.18,639000,3310020.0,0.5825242718446422,28.890596082957398,48.49514563106786
002745.SZ,20260901,11.88,199000,2364120.0,0.0,4.006331963370221,45.0
002746.SZ,20260901,6.53,72300,472119.0,-0.1529051987767538,2.44525368939737,44.08256880733948
002747.SZ,20260901,31.67,184800,5852616.0,0.031585596967786955,5.512660752795261,45.18951358180672
002748.SZ,20260901,12.28,15300,187884.0,0.16313213703098572,3.581884602494452,45.978792822185916
002749.SZ,20260901,8.67,31400,272238.0,-0.11520737327188613,4.68819906082673,44.30875576036868
002752.SZ,20260901,6.07,22200,134754.0,-0.4918032786885185,1.7417843796123058,42.04918032786889
002753.SZ,20260901,6.84,56800,388512.0,-1.013024602026058,11.661604405492357,38.92185238784365
002755.SZ,20260901,11.38,72100,820498.0,0.0,2.8180112303780254,45.0
002756.SZ,20260901,46.2,16400,757680.0,-0.021640337589257097,1.7482862474937562,44.870157974464455
002757.SZ,20260901,17.74,611500,10848010.0,1.4874141876429992,19.202678913078135,53.924485125858
002758.SZ,20260901,8.89,363300,3229737.0,-0.4479283314669513,10.924934661963174,42.312430011198295
002759.SZ,20260901,17.26,81000,1398060.0,0.05797101449276365,4.707965216486831,45.34782608695658
002760.SZ,20260901,19.14,64500,1234530.0,0.20942408376962707,12.840714408159853,46.256544502617764
002761.SZ,20260901,7.34,230800,1694072.0,-0.4070556309362261,20.184665877313762,42.55766621438264
002762.SZ,20260901,9.44,20300,191632.0,0.0,4.166982395335464,45.0
002763.SZ,20260901,7.75,28200,218550.0,0.7802340702210531,5.623129450743624,49.68140442132632
002765.SZ,20260901,7.09,116900,828821.0,0.0,7.857760060457622,45.0
002766.SZ,20260901,4.25,17900,76075.0,-0.9324009324009341,0.6622077806328418,39.40559440559439
002767.SZ,20260901,18.53,8400,155652.0,-0.053937432578199385,3.928065167845784,44.6763754045308
002768.SZ,20260901,66.0,50100,3306600.0,-0.945520036019809,5.690441620996632,39.32687978388115
002769.SZ,20260901,7.17,6100,43737.0,0.42016806722688926,0.3223478970542902,47.521008403361336
002771.SZ,20260901,13.76,83500,1148960.0,-0.7930785868781487,6.588325216604896,40.241528478731105
002772.SZ,20260901,11.65,533800,6218770.0,-1.2711864406779738,15.19456117721798,37.37288135593216
002773.SZ,20260901,20.22,7000,141540.0,-0.2958579881656931,1.3592719094992523,43.22485207100584
002774.SZ,20260901,16.02,26500,424530.0,-0.496894409937898,3.9314791879977173,42.01863354037261
002775.SZ,20260901,3.66,36400,133224.0,0.5494505494505475,3.586946290845283,48.296703296703285
002777.SZ,20260901,12.9,16400,211560.0,0.0,2.357000004244739,45.0
002778.SZ,20260901,16.16,9200,148672.0,0.18598884066955979,2.9309827222006724,46.11593304401736
002779.SZ,20260901,76.0,29000,2204000.0,-2.3261791543503385,10.978378529793519,31.04292507389797
002780.SZ,20260901,14.03,71100,997533.0,0.0,10.930328592523244,45.0
002782.SZ,20260901,15.63,18600,290718.0,-0.3824091778202643,2.0807969152002146,42.705544933078414
002783.SZ,20260901,8.04,5800,46632.0,-0.3717472118959231,0.6773427398100726,42.76951672862446
002785.SZ,20260901,32.0,451400,14444800.0,-0.031240237425800288,27.484241260080044,44.812558575445195
002786.SZ,20260901,8.1,10000,81000.0,-0.49140049140050657,1.4506389473562051,42.05159705159696
002787.SZ,20260901,22.54,12000,270480.0,-0.7048458149779724,0.8130988175334287,40.77092511013217
002788.SZ,20260901,10.83,35600,385548.0,0.18501387604070718,4.233832645619982,46.110083256244245
002789.SZ,20260901,10.96,15300,167688.0,-0.3636363636363549,4.588011164138611,42.81818181818187
002790.SZ,20260901,6.36,41700,265212.0,0.0,5.449552133247373,45.0
002791.SZ,20260901,14.87,51500,765805.0,0.0,14.138989649739107,45.0
002792.SZ,20260901,31.09,50300,1563827.0,0.03217503217503026,3.1968211795362094,45.19305019305018
002793.SZ,20260901,4.85,139400,676090.0,0.20661157024792765,4.095578987647179,46.23966942148756
002795.SZ,20260901,7.28,11700,85176.0,0.6915629322268302,0.7422526038111715,49.14937759336098
002796.SZ,20260901,30.87,15800,487746.0,0.7835455435847294,2.094890257259186,49.701273261508376
002797.SZ,20260901,6.55,967300,6335815.0,-1.0574018126888296,10.813311753690623,38.655589123867024
002798.SZ,20260901,6.03,23200,139896.0,0.0,1.6719180187137113,45.0
002799.SZ,20260901,7.0,9600,67200.0,0.0,2.0329379634035956,45.0
002800.SZ,20260901,15.78,52200,823716.0,-0.06333122229258414,11.940148343075462,44.62001266624449
002801.SZ,20260901,,0,0.0,,0.0,0.0
002802.SZ,20260901,12.52,1700,21284.0,0.0,0.559720160957678,45.0
002803.SZ,20260901,19.43,95300,1851679.0,0.0,4.2956725785427015,45.0
002805.SZ,20260901,18.95,33000,625350.0,1.0666666666666602,4.108463927820049,51.39999999999996
002806.SZ,20260901,14.77,14600,215642.0,1.5818431911966968,1.4835776941183114,54.49105914718018
002807.SZ,20260901,4.08,239400,976752.0,0.49261083743843415,2.4814042457873113,47.955665024630605
002809.SZ,20260901,8.86,110400,978144.0,-0.44943820224719877,11.285870006259056,42.30337078651681
002810.SZ,20260901,21.45,6800,145860.0,0.1400560224089631,1.0786175915873202,45.84033613445378
002811.SZ,20260901,13.46,68900,927394.0,-0.14836795252225476,6.492595800991233,44.10979228486647
002812.SZ,20260901,53.38,28300,1510654.0,0.15009380863040267,2.0307485647662498,45.90056285178242
002813.SZ,20260901,21.3,11100,236430.0,-0.6066262249183385,7.363598471568235,41.360242650489965
002815.SZ,20260901,14.71,49100,722261.0,-0.2711864406779618,1.5855621113358702,43.37288135593223
002816.SZ,20260901,,0,0.0,,0.0,0.0
002817.SZ,20260901,6.82,12900,87978.0,0.1468428781204123,2.4804696635582837,45.88105726872247
002818.SZ,20260901,10.71,20300,217413.0,-0.37209302325580396,4.751514663451414,42.767441860465176
002819.SZ,20260901,21.66,9000,194940.0,0.0,2.5967007620731968,45.0
002820.SZ,20260901,10.35,98600,1020510.0,1.2720156555772855,5.139977758827529,52.632093933463715
002821.SZ,20260901,161.37,29100,4695867.0,-0.14232673267325913,3.0514022098155063,44.146039603960446
002822.SZ,20260901,3.15,17200,54180.0,0.31847133757960666,2.4700313125021527,46.91082802547764
002823.SZ,20260901,13.16,4300,56588.0,0.0,1.071251292044952,45.0
002824.SZ,20260901,26.49,98400,2606616.0,-0.07544322897020672,5.466738914020534,44.54734062617876
002825.SZ,20260901,9.29,5700,52953.0,-0.32188841201717944,2.266198884894056,43.06866952789692
002826.SZ,20260901,17.27,22000,379940.0,-0.9179575444635657,8.039374546749155,39.49225473321861
002827.SZ,20260901,58.46,214100,12516286.0,0.6196213425128994,13.372110349284869,48.717728055077394
002828.SZ,20260901,12.43,42100,523303.0,0.32284100080710587,3.4072929660803304,46.937046004842635
002829.SZ,20260901,20.78,14000,290920.0,-0.5265677357587317,1.3161043921159459,41.84059358544761
002830.SZ,20260901,15.01,198840,2984588.4,-4.819277108433728,18.416574256284818,16.08433734939763
002831.SZ,20260901,26.75,11400,304950.0,-0.11202389843166793,1.472834393116678,44.32785660940999
002832.SZ,20260901,25.43,27200,691696.0,0.19700551615444706,4.132018169772597,46.18203309692668
002833.SZ,20260901,18.82,24500,461090.0,-0.05310674455655251,3.920816814892084,44.681359532660686
002835.SZ,20260901,13.05,11700,152685.0,-0.2293577981651307,3.0920099569869186,43.62385321100922
002836.SZ,20260901,9.99,21000,209790.0,-0.4980079681274785,4.932723715959636,42.01195219123513
002837.SZ,20260901,67.61,525100,35502011.0,-0.8796364169476489,8.999293841651419,39.72218149831411
002838.SZ,20260901,26.3,19700,518110.0,1.1149557862360604,2.724308671780028,51.689734717416364
002839.SZ,20260901,4.27,204400,872788.0,-0.23364485981309802,3.7406863606667238,43.59813084112141
002840.SZ,20260901,8.61,45300,390033.0,-0.3472222222222321,1.9656438567599315,42.91666666666661
002841.SZ,20260901,47.95,46800,2244060.0,0.0,4.7561013662357166,45.0
002842.SZ,20260901,38.91,313600,12202176.0,0.0,9.070982095010892,45.0
002843.SZ,20260901,16.94,22900,387926.0,-0.058997050147480135,2.9123577902754074,44.64601769911512
002845.SZ,20260901,13.94,50100,698394.0,0.0,7.564579791661928,45.0
002846.SZ,20260901,11.0,8800,96800.0,-0.27198549410697437,1.427427728646928,43.36808703535815
002847.SZ,20260901,45.18,12400,560232.0,0.2885682574916837,4.101174901083831,46.731409544950104
002848.SZ,20260901,14.05,40100,563405.0,0.7890961262553953,9.552047047059352,49.73457675753237
002849.SZ,20260901,18.74,8900,166786.0,-0.31914893617022155,1.1802574196161664,43.08510638297867
002850.SZ,20260901,177.0,26400,4672800.0,0.06784260515604323,8.360331364158272,45.407055630936256
002851.SZ,20260901,138.6,692300,95952780.0,6.1255742725880635,23.260139516789952,81.75344563552838
002852.SZ,20260901,8.55,327640,2801322.0,-0.34965034965034336,14.117593333884779,42.90209790209794
002853.SZ,20260901,22.62,15100,341562.0,-0.08833922261484162,8.069121700759426,44.46996466431095
002855.SZ,20260901,17.4,2496100,43432140.0,8.074534161490664,99.94734762532075,93.44720496894399
002856.SZ,20260901,18.62,206500,3845030.0,0.5942733657482435,25.09579705029036,48.56564019448946
002857.SZ,20260901,19.56,2900,56724.0,-0.20408163265307477,1.4294568200165083,43.77551020408155
002858.SZ,20260901,11.98,22500,269550.0,-0.1666666666666594,4.685232830955165,44.00000000000004
002859.SZ,20260901,68.21,137800,9399338.0,0.04400117336460507,7.966150069611207,45.26400704018763
002860.SZ,20260901,17.61,272000,4789920.0,1.7919075144508634,15.955887125502555,55.75144508670518
002861.SZ,20260901,16.28,33700,548636.0,0.5558987029030238,6.657911260215269,48.335392217418146
002862.SZ,20260901,14.55,330300,4805865.0,-1.8880647336480094,18.555658088961263,33.671611598111944
002863.SZ,20260901,4.82,9500,45790.0,0.0,0.8078482401129651,45.0
002864.SZ,20260901,21.77,7500,163275.0,-0.2748511223087391,2.143874747165672,43.350893266147565
002865.SZ,20260901,39.8,13000,517400.0,0.12578616352201255,2.3997286330834027,45.75471698113208
002866.SZ,20260901,15.06,20300,305718.0,0.0,4.202295791724791,45.0
002867.SZ,20260901,10.84,87200,945248.0,0.0,5.8613402371732235,45.0
002868.SZ,20260901,22.43,4900,109907.0,1.0360360360360366,1.2193487534271086,51.21621621621622
002869.SZ,20260901,16.83,39300,661419.0,-0.5319148936170359,12.14561924564381,41.80851063829778
002870.SZ,20260901,,0,0.0,,,0.0
002871.SZ,20260901,18.54,82200,1523988.0,-0.10775862068965747,10.751478169108896,44.35344827586206
002872.SZ,20260901,5.9,51400,303260.0,-1.0067114093959662,10.245248776015236,38.9597315436242
002873.SZ,20260901,8.63,6900,59547.0,0.11600928074246841,1.127544820772919,45.69605568445481
002875.SZ,20260901,14.59,174100,2540119.0,0.6901311249137398,12.604847436870354,49.14078674948244
002876.SZ,20260901,31.08,15100,469308.0,0.7455429497568833,4.734000176788137,49.4732576985413
002877.SZ,20260901,7.5,3900,29250.0,-0.13315579227696217,0.9092652413075104,44.201065246338224
002878.SZ,20260901,12.74,20600,262444.0,0.0,2.399537910388536,45.0
002879.SZ,20260901,16.47,10000,164700.0,0.0,1.3697578589129447,45.0
002880.SZ,20260901,21.97,21400,470158.0,0.0,4.264531505755999,45.0
002881.SZ,20260901,44.96,239300,10758928.0,0.13363028953230494,12.107145431714107,45.80178173719383
002882.SZ,20260901,21.96,39600,869616.0,1.6196205460434987,1.8977446620387628,54.71772327626099
002883.SZ,20260901,9.52,1000,9520.0,-0.3141361256544628,1.520468324176036,43.11518324607322
002884.SZ,20260901,15.99,1200,19188.0,-0.06249999999999867,0.47875062554078696,44.62500000000001
002885.SZ,20260901,28.81,264200,7611602.0,0.5935754189944076,21.39535797520891,48.561452513966444
002886.SZ,20260901,28.83,2000150,57664324.5,-0.723140495867769,27.346077859794264,40.66115702479338
002887.SZ,20260901,9.87,16000,157920.0,-0.10121457489880026,3.7686754909802365,44.3927125506072
002888.SZ,20260901,20.16,27900,562464.0,1.6129032258064502,4.489422996714594,54.677419354838705
002889.SZ,20260901,12.63,11100,140193.0,0.0,3.8334251077064403,45.0
002890.SZ,20260901,14.86,2800,41608.0,-0.2014775016789816,0.9794463853972283,43.79113498992611
002891.SZ,20260901,28.11,6000,168660.0,-0.24840312278211485,0.9587166361949466,43.50958126330731
002892.SZ,20260901,9.19,1700,15623.0,-0.10869565217390686,0.3615852141582397,44.34782608695656
002893.SZ,20260901,10.02,19200,192384.0,0.0,2.656770979895704,45.0
002895.SZ,20260901,33.5,11800,395300.0,-0.2382370458606231,1.670444830723766,43.57057772483626
002896.SZ,20260901,64.88,14800,960224.0,0.0,1.9314413234901688,45.0
002897.SZ,20260901,60.02,43900,2634878.0,0.03333333333332966,5.567411856282674,45.199999999999974
002899.SZ,20260901,19.5,19100,372450.0,0.0,2.99391736648489,45.0
002900.SZ,20260901,12.65,62250,787462.5,-0.628436763550666,3.118763716419066,41.229379418696006
002901.SZ,20260901,41.88,13600,569568.0,0.0,5.845570865489577,45.0
002902.SZ,20260901,27.01,235400,6358154.0,-0.6620080912099979,14.107980157767965,41.02795145274001
002903.SZ,20260901,31.79,480700,15281453.0,-0.18838304552590834,24.043553569814904,43.86970172684455
002905.SZ,20260901,8.18,99400,813092.0,-0.24390243902439046,6.628497179914772,43.536585365853654
002906.SZ,20260901,26.7,30700,819690.0,0.07496251874061777,2.7462982531295523,45.4497751124437
002907.SZ,20260901,14.8,120500,1783400.0,-0.13495276653171517,6.694576654040531,44.19028340080971
002908.SZ,20260901,7.24,24300,175932.0,-0.4126547455295615,3.9304625633806975,42.52407152682263
002909.SZ,20260901,6.28,2204400,13843632.0,4.318936877076429,38.057873301979434,70.91362126245858
002910.SZ,20260901,10.29,36900,379701.0,0.8823529411764675,3.9019886283558667,50.294117647058805
002911.SZ,20260901,11.34,8100,91854.0,0.08826125330978485,1.3510573018212895,45.52956751985871
002912.SZ,20260901,19.89,10800,214812.0,-0.05025125628139726,4.361526645591463,44.69849246231162
002913.SZ,20260901,63.82,22700,1448714.0,-0.35909445745511137,4.040487972123752,42.845433255269334
002915.SZ,20260901,18.8,404000,7595200.0,-0.4237288135593098,19.243862238535907,42.45762711864414
002916.SZ,20260901,368.0,13100,4820800.0,-0.2926194862902354,2.3055348969561416,43.24428308225859
002917.SZ,20260901,10.48,20900,219032.0,0.0,4.8175227337906295,45.0
002918.SZ,20260901,11.39,1934000,22028260.0,-0.9565217391304337,40.67499430498544,39.2608695652174
002919.SZ,20260901,17.49,3800,66462.0,0.0,1.2876461751197092,45.0
002920.SZ,20260901,89.0,31700,2821300.0,0.8498583569405138,2.5178648799415795,50.09915014164308
002921.SZ,20260901,23.33,260600,6079798.0,0.47372954349698126,22.613053797502573,47.84237726098189
002922.SZ,20260901,24.47,17900,438013.0,-0.770478507704786,1.5311619335528768,40.37712895377128
002923.SZ,20260901,11.19,35300,395007.0,0.9927797833934937,6.212666878594017,50.95667870036096
002925.SZ,20260901,23.47,49900,1171153.0,0.17072129748185727,5.263460911640798,46.02432778489114
002926.SZ,20260901,8.61,63500,546735.0,0.0,2.345422369733726,45.0
002927.SZ,20260901,16.89,29000,489810.0,1.7469879518072329,4.866442855839027,55.481927710843394
002928.SZ,20260901,6.12,322000,1970640.0,-0.6493506493506551,12.615490638390115,41.10389610389607
002929.SZ,20260901,53.58,50300,2695074.0,0.525328330206376,7.0180172928824565,48.15196998123825
002930.SZ,20260901,9.39,46400,435696.0,0.0,3.3722280453287015,45.0
002931.SZ,20260901,46.3,29700,1375110.0,-0.06475285991798252,6.262226520422259,44.6114828404921
002932.SZ,20260901,15.33,2600,39858.0,-0.13029315960911836,3.093811569216693,44.21824104234529
002933.SZ,20260901,26.98,5900,159182.0,0.07418397626113293,3.7067647039572584,45.4451038575668
002935.SZ,20260901,16.01,7500,120075.0,0.1877346683354153,1.7910394010142545,46.12640801001249
002936.SZ,20260901,1.77,741600,1312632.0,0.0,5.34578772952989,45.0
002937.SZ,20260901,30.5,14700,448350.0,-0.16366612111292644,2.4843783924097598,44.01800327332244
002938.SZ,20260901,93.49,86500,8086885.0,0.20364415862808016,4.008833608467689,46.22186495176848
002939.SZ,20260901,8.12,30800,250096.0,-0.12300123001232066,1.1392776145782275,44.261992619926076
002940.SZ,20260901,24.88,3000,74640.0,-0.08032128514056103,0.541569402508892,44.518072289156635
002941.SZ,20260901,11.05,290600,3211130.0,0.09057971014494459,16.374256104763457,45.54347826086967
002942.SZ,20260901,19.8,920700,18229860.0,-9.999999999999998,33.1621318091108,15.0
002943.SZ,20260901,36.4,28300,1030120.0,0.22026431718060735,1.9095518218358363,46.321585903083644
002945.SZ,20260901,14.54,63400,921836.0,-0.2743484224965731,1.0756925803592525,43.353909465020564
002946.SZ,20260901,15.14,6200,93868.0,-0.19775873434410007,0.8422074304844273,43.8134475939354
002947.SZ,20260901,66.23,51700,3424091.0,-0.9866945731798471,6.103677807753587,39.07983256092092
002948.SZ,20260901,6.13,215500,1321015.0,-0.16286644951140072,4.540591731138732,44.0228013029316
002949.SZ,20260901,13.41,453900,6086799.0,-1.2518409425625876,26.338167731685992,37.488954344624474
002950.SZ,20260901,9.22,8100,74682.0,0.32644178454843686,2.1316336180881534,46.95865070729062
002951.SZ,20260901,15.8,11400,180120.0,0.31746031746031633,1.5339475220491052,46.9047619047619
002952.SZ,20260901,21.26,155200,3299552.0,-0.839552238805974,13.763072087180495,39.962686567164155
002953.SZ,20260901,11.01,104600,1151646.0,-0.09074410163338875,6.002650922461034,44.45553539019967
002955.SZ,20260901,35.56,9800,348488.0,0.0,1.1517451954346576,45.0
002956.SZ,20260901,17.17,3700,63529.0,-0.17441860465114978,0.9604465161556038,43.953488372093105
002957.SZ,20260901,42.4,45200,1916480.0,1.6299137104506256,2.721271447117396,54.77948226270375
002958.SZ,20260901,2.93,87400,256082.0,-0.340136054421758,0.6499031435411252,42.959183673469454
002959.SZ,20260901,32.86,7400,243164.0,0.03044140030441511,10.88637803826567,45.18264840182649
002960.SZ,20260901,8.68,5000,43400.0,-0.22988505747125743,0.8215771281232653,43.620689655172455
002961.SZ,20260901,20.05,53300,1068665.0,-0.4962779156327479,5.277732992373682,42.02233250620351
002962.SZ,20260901,13.25,27300,361725.0,0.37878787878788955,4.57685347996494,47.27272727272734
002963.SZ,20260901,19.34,245700,4751838.0,-2.716297786720323,16.917623561281204,28.702213279678062
002965.SZ,20260901,31.52,75300,2373456.0,0.0,8.429773492388382,45.0
002966.SZ,20260901,8.86,113300,1003838.0,-0.3374578177727905,2.351218134528672,42.97525309336326
002967.SZ,20260901,17.74,23200,411568.0,0.0,7.2319777275441135,45.0
002968.SZ,20260901,9.58,167100,1600818.0,-1.2371134020618513,21.097441732790898,37.57731958762889
002969.SZ,20260901,12.48,212600,2653248.0,-0.08006405124099114,11.754460555441145,44.519615692554055
002970.SZ,20260901,48.93,2500,122325.0,0.5135579293344295,0.6164753226680623,48.08134757600658
002971.SZ,20260901,46.51,200000,9302000.0,0.21547080370609706,10.429561686117681,46.29282482223658
002972.SZ,20260901,12.73,11500,146395.0,0.5529225908372792,2.2812722209580607,48.317535545023674
002973.SZ,20260901,12.64,31700,400688.0,0.0,5.381539041085514,45.0
002975.SZ,20260901,110.06,168000,18490080.0,2.0018535681186167,11.398068726440899,57.0111214087117
002976.SZ,20260901,25.75,37500,965625.0,1.0596546310831956,7.975287334820775,51.357927786499175
002977.SZ,20260901,21.5,1200,25800.0,-0.23201856148492572,1.3487045222585385,43.60788863109045
002978.SZ,20260901,26.92,5600,150752.0,-0.11131725417439231,2.401753484225669,44.332096474953644
002979.SZ,20260901,57.07,34400,1963208.0,-0.1399825021872192,4.044515725222125,44.16010498687668
002980.SZ,20260901,101.5,38600,3917900.0,0.19743336623889718,4.995085041074848,46.18460019743338
002981.SZ,20260901,24.0,400,9600.0,0.0,0.31116410523938254,45.0
002982.SZ,20260901,12.78,23100,295218.0,-0.6220839813374845,5.13096765657662,41.26749611197509
002983.SZ,20260901,21.58,9800,211484.0,-0.552995391705069,2.0954343812614042,41.68202764976959
002984.SZ,20260901,14.08,41500,584320.0,-0.35385704175513455,3.588092726678002,42.876857749469195
002985.SZ,20260901,27.32,15900,434388.0,-0.14619883040934978,3.7657971394188707,44.1228070175439
002986.SZ,20260901,14.29,4300,61447.0,0.280701754385948,0.8206686878292117,46.68421052631569
002987.SZ,20260901,11.86,74700,885942.0,0.16891891891892552,2.871238864637518,46.01351351351355
002988.SZ,20260901,24.43,19800,483714.0,0.0,4.063405463392705,45.0
002989.SZ,20260901,23.74,17600,417824.0,-1.0833333333333361,3.522862443856885,38.499999999999986
002990.SZ,20260901,48.84,26000,1269840.0,-0.4078303425774754,3.977898679157765,42.55301794453515
002991.SZ,20260901,38.42,2700,103734.0,0.0,2.0410064349233528,45.0
002992.SZ,20260901,34.36,21900,752484.0,-0.05817335660268652,16.406510564502145,44.65095986038388
002993.SZ,20260901,38.87,9200,357604.0,0.0,1.5708752389487124,45.0
002995.SZ,20260901,17.92,54000,967680.0,0.0,2.735284334121627,45.0
002996.SZ,20260901,6.35,18000,114300.0,-0.15723270440252124,2.505495880839826,44.056603773584875
002997.SZ,20260901,28.6,14000,400400.0,-0.03495281370149428,4.891785405217745,44.790283117791034
002998.SZ,20260901,8.33,57100,475643.0,0.12019230769231282,3.4062395512901027,45.721153846153875
002999.SZ,20260901,6.43,41400,266202.0,-0.6182380216383287,2.8153588163611443,41.29057187017003
003000.SZ,20260901,9.83,25400,249682.0,0.10183299389001643,3.4671882458029786,45.6109979633401
003001.SZ,20260901,16.12,8500,137020.0,0.0,1.603073137300455,45.0
003002.SZ,20260901,16.61,29000,481690.0,1.034063260340612,9.170092450424265,51.20437956204367
003003.SZ,20260901,11.32,20400,230928.0,-0.17636684303350414,4.94326055079582,43.94179894179898
003004.SZ,20260901,73.59,2200,161898.0,0.02718499388338902,2.0400501710053427,45.163109963300336
003005.SZ,20260901,18.18,1286020,23379843.6,9.981851179673317,317.425291441745,100.0
003006.SZ,20260901,13.92,36900,513648.0,0.5054151624548808,5.401270647784216,48.032490974729285
003007.SZ,20260901,39.7,8600,341420.0,0.2525252525252597,4.561164976522277,46.51515151515156
003008.SZ,20260901,20.21,4000,80840.0,0.29776674937966874,3.575119717642316,46.78660049627801
003009.SZ,20260901,47.11,7100,334481.0,-0.611814345991557,3.540872760831972,41.32911392405066
003010.SZ,20260901,30.7,46100,1415270.0,-0.13012361743656164,3.9369863521475454,44.21925829538063
003011.SZ,20260901,20.84,12000,250080.0,-0.23934897079942452,5.318985856191295,43.563906175203456
003012.SZ,20260901,4.8,53200,255360.0,0.0,5.04958795828936,45.0
003013.SZ,20260901,15.49,40000,619600.0,-0.0645161290322549,4.417103946745054,44.61290322580647
003015.SZ,20260901,12.56,35200,442112.0,1.208702659145855,9.558493680225673,52.252215954875126
003016.SZ,20260901,7.2,22600,162720.0,0.9817671809256634,5.738699620879327,50.89060308555398
003017.SZ,20260901,23.26,5200,120952.0,0.0860585197934638,3.199881342583775,45.51635111876078
003018.SZ,20260901,52.0,1046600,54423200.0,5.305791818550021,34.82930243894898,76.83475091130012
003019.SZ,20260901,27.7,20700,573390.0,1.0948905109489093,4.019625890463541,51.56934306569346
003020.SZ,20260901,17.99,28200,507318.0,0.22284122562674646,5.6672157024148,46.33704735376048
003021.SZ,20260901,75.07,12800,960896.0,-0.0399467376830942,4.331932301971651,44.760319573901434
003022.SZ,20260901,20.11,28800,579168.0,-0.04970178926442248,3.556617490301442,44.70178926441346
003023.SZ,20260901,26.6,25800,686280.0,-0.41183077499064025,4.231318020049473,42.529015350056156
003025.SZ,20260901,12.5,22600,282500.0,-0.23942537909017458,6.508750593313513,43.56344772545895
003026.SZ,20260901,29.51,27500,811525.0,0.7511095937180023,6.05171844211344,49.506657562308014
003027.SZ,20260901,17.11,21300,364443.0,-0.6964596633778353,12.299384894074091,40.82124201973299
003028.SZ,20260901,23.13,3300,76329.0,0.0,4.732332490983854,45.0
003029.SZ,20260901,17.1,500,8550.0,0.0,0.17792366824914682,32.02626028484643
003030.SZ,20260901,24.11,127600,3076436.0,-0.4952538175815091,25.591459081080053,42.02847709451095
003031.SZ,20260901,127.08,34500,4384260.0,-0.32159385049808087,3.759694573263883,43.07043689701152
003032.SZ,20260901,10.88,1066100,11599168.0,-0.639269406392684,12.77377280625284,41.164383561643895
003033.SZ,20260901,69.11,4800,331728.0,1.31945462542149,4.73685857107654,52.91672775252894
003035.SZ,20260901,5.66,196900,1114454.0,0.1769911504424737,3.8196261911871097,46.06194690265484
003036.SZ,20260901,58.33,216100,12605113.0,-2.1472907230330462,15.31075983737009,32.11625566180172
003037.SZ,20260901,5.77,8700,50199.0,-0.17301038062285112,2.49018811612921,43.961937716262895
003038.SZ,20260901,11.07,4600,50922.0,-0.4496402877697703,1.2731241773070667,42.30215827338138
003039.SZ,20260901,12.0,10000,120000.0,0.0,0.6463431783075939,45.0
003040.SZ,20260901,17.86,2134000,38113240.0,0.3370786516853963,21.762795984339068,47.02247191011238
003041.SZ,20260901,39.85,4600,183310.0,-0.07522567703109884,2.4182730206921725,44.548645937813404
003042.SZ,20260901,14.43,45500,656565.0,0.0,4.423134045647773,45.0
003043.SZ,20260901,87.1,158637,13817282.7,4.624624624624607,24.74783432618678,72.74774774774764
003816.SZ,20260901,4.28,260500,1114940.0,0.23419203747074846,1.6586670495064724,46.40515222482449
123065.SZ,20260901,,0,0.0,,,0.0
123071.SZ,20260901,114.738,50,5736.9,,,0.0
123072.SZ,20260901,119.744,250,29936.0,,,0.0
123076.SZ,20260901,126.5,110,13915.0,,,0.0
123080.SZ,20260901,126.67,450,57001.5,,,0.0
123088.SZ,20260901,115.65,250,28912.5,,,0.0
123090.SZ,20260901,111.564,250,27891.0,,,0.0
123091.SZ,20260901,131.25,3420,448875.0,,,0.0
123092.SZ,20260901,118.8,530,62964.0,,,0.0
123104.SZ,20260901,126.95,280,35546.0,,,0.0
123107.SZ,20260901,113.788,180,20481.84,,,0.0
123109.SZ,20260901,124.45,240,29868.0,,,0.0
123112.SZ,20260901,150.55,12757,1920566.35,,,0.0
123113.SZ,20260901,114.98,1090,125328.2,,,0.0
123114.SZ,20260901,127.835,190,24288.65,,,0.0
123117.SZ,20260901,110.299,1240,136770.76,,,0.0
123118.SZ,20260901,813.8,1140,927732.0,,,0.0
123119.SZ,20260901,123.349,470,57974.03,,,0.0
123122.SZ,20260901,131.188,30,3935.64,,,0.0
123124.SZ,20260901,140.409,150,21061.35,,,0.0
123131.SZ,20260901,283.0,2920,826360.0,,,0.0
123133.SZ,20260901,,0,0.0,,,0.0
123138.SZ,20260901,127.998,250,31999.5,,,0.0
123142.SZ,20260901,125.273,100,12527.3,,,0.0
123144.SZ,20260901,132.011,40,5280.44,,,0.0
123149.SZ,20260901,,0,0.0,,,0.0
123150.SZ,20260901,,0,0.0,,,0.0
123151.SZ,20260901,120.23,20,2404.6,,,0.0
123154.SZ,20260901,126.4,160,20224.0,,,0.0
123155.SZ,20260901,135.77,480,65169.6,,,0.0
123157.SZ,20260901,139.132,1000,139132.0,,,0.0
123158.SZ,20260901,237.585,470,111664.95,,,0.0
123160.SZ,20260901,160.68,130,20888.4,,,0.0
123165.SZ,20260901,135.0,70,9450.0,,,0.0
123168.SZ,20260901,129.292,10,1292.92,,,0.0
123171.SZ,20260901,130.488,690,90036.72,,,0.0
123172.SZ,20260901,130.721,50,6536.05,,,0.0
123173.SZ,20260901,138.98,830,115353.4,,,0.0
123175.SZ,20260901,119.3,190,22667.0,,,0.0
123176.SZ,20260901,475.0,2330,1106750.0,,,0.0
123178.SZ,20260901,141.201,200,28240.2,,,0.0
123179.SZ,20260901,122.099,180,21977.82,,,0.0
123180.SZ,20260901,129.69,130,16859.7,,,0.0
123183.SZ,20260901,131.0,290,37990.0,,,0.0
123187.SZ,20260901,211.824,2300,487195.2,,,0.0
123189.SZ,20260901,140.938,330,46509.54,,,0.0
123192.SZ,20260901,125.087,390,48783.93,,,0.0
123193.SZ,20260901,128.748,100,12874.8,,,0.0
123194.SZ,20260901,137.178,210,28807.38,,,0.0
123195.SZ,20260901,172.5,310,53475.0,,,0.0
123196.SZ,20260901,129.654,220,28523.88,,,0.0
123199.SZ,20260901,140.66,30,4219.8,,,0.0
123207.SZ,20260901,225.48,1240,279595.2,,,0.0
123209.SZ,20260901,166.999,350,58449.65,,,0.0
123211.SZ,20260901,155.54,270,41995.8,,,0.0
123213.SZ,20260901,301.863,3340,1008222.42,,,0.0
123214.SZ,20260901,130.697,110,14376.67,,,0.0
123215.SZ,20260901,123.7,250,30925.0,,,0.0
123216.SZ,20260901,,0,0.0,,,0.0
123220.SZ,20260901,130.33,180,23459.4,,,0.0
123222.SZ,20260901,150.5,340,51170.0,,,0.0
123223.SZ,20260901,133.842,30,4015.26,,,0.0
123224.SZ,20260901,,0,0.0,,,0.0
123225.SZ,20260901,140.64,400,56256.0,,,0.0
123229.SZ,20260901,132.255,130,17193.15,,,0.0
123235.SZ,20260901,164.99,14760,2435252.4,,,0.0
123237.SZ,20260901,138.561,270,37411.47,,,0.0
123241.SZ,20260901,919.0,3310,3041890.0,,,0.0
123243.SZ,20260901,225.78,6350,1433703.0,,,0.0
123245.SZ,20260901,313.957,1530,480354.21,,,0.0
123247.SZ,20260901,206.51,1990,410954.9,,,0.0
123250.SZ,20260901,125.5,260,32630.0,,,0.0
123252.SZ,20260901,135.371,90,12183.39,,,0.0
123253.SZ,20260901,135.36,240,32486.4,,,0.0
123255.SZ,20260901,399.399,1280,511230.72,,,0.0
123257.SZ,20260901,160.459,190,30487.21,,,0.0
123258.SZ,20260901,371.5,5050,1876075.0,,,0.0
123259.SZ,20260901,153.4,100,15340.0,,,0.0
123260.SZ,20260901,144.988,470,68144.36,,,0.0
123261.SZ,20260901,164.01,6630,1087386.3,,,0.0
123262.SZ,20260901,132.7,70,9289.0,,,0.0
123263.SZ,20260901,156.757,6380,1000109.66,,,0.0
123264.SZ,20260901,124.0,160,19840.0,,,0.0
123265.SZ,20260901,137.412,220,30230.64,,,0.0
123266.SZ,20260901,141.9,300,42570.0,,,0.0
123267.SZ,20260901,312.156,380,118619.28,,,0.0
123268.SZ,20260901,191.842,890,170739.38,,,0.0
123269.SZ,20260901,148.522,90,13366.98,,,0.0
123270.SZ,20260901,226.6,1010,228866.0,,,0.0
123271.SZ,20260901,171.1,830,142013.0,,,0.0
123272.SZ,20260901,,0,0.0,,,0.0
123273.SZ,20260901,346.035,5620,1944716.7,,,0.0
123274.SZ,20260901,145.7,590,85963.0,,,0.0
123275.SZ,20260901,143.628,680,97667.04,,,0.0
123276.SZ,20260901,171.081,1580,270307.98,,,0.0
123277.SZ,20260901,144.601,1641,237290.241,,,0.0
123278.SZ,20260901,182.038,5220,950238.36,,,0.0
123279.SZ,20260901,186.501,2171,404893.671,,,0.0
123280.SZ,20260901,158.99,900,143091.0,,,0.0
123281.SZ,20260901,161.52,870,140522.4,,,0.0
127025.SZ,20260901,105.71,10,1057.1,,,0.0
127027.SZ,20260901,111.409,1270,141489.43,,,0.0
127030.SZ,20260901,120.0,2150,258000.0,,,0.0
127031.SZ,20260901,121.591,290,35261.39,,,0.0
127033.SZ,20260901,,0,0.0,,,0.0
127034.SZ,20260901,122.945,300,36883.5,,,0.0
127037.SZ,20260901,541.424,180,97456.32,,,0.0
127038.SZ,20260901,115.611,620,71678.82,,,0.0
127040.SZ,20260901,121.99,540,65874.6,,,0.0
127044.SZ,20260901,117.058,3610,422579.38,,,0.0
127045.SZ,20260901,119.5,990,118305.0,,,0.0
127046.SZ,20260901,,0,0.0,,,0.0
127047.SZ,20260901,,0,0.0,,,0.0
127049.SZ,20260901,113.7,140,15918.0,,,0.0
127050.SZ,20260901,128.546,310,39849.26,,,0.0
127053.SZ,20260901,188.209,500,94104.5,,,0.0
127054.SZ,20260901,125.6,140,17584.0,,,0.0
127055.SZ,20260901,185.77,780,144900.6,,,0.0
127056.SZ,20260901,127.15,620,78833.0,,,0.0
127059.SZ,20260901,131.98,10,1319.8,,,0.0
127060.SZ,20260901,129.757,40,5190.28,,,0.0
127061.SZ,20260901,114.001,4760,542644.76,,,0.0
127062.SZ,20260901,125.149,260,32538.74,,,0.0
127064.SZ,20260901,144.972,610,88432.92,,,0.0
127067.SZ,20260901,189.5,7806,1479237.0,,,0.0
127068.SZ,20260901,124.695,240,29926.8,,,0.0
127069.SZ,20260901,,0,0.0,,,0.0
127070.SZ,20260901,331.0,1000,331000.0,,,0.0
127072.SZ,20260901,136.3,70,9541.0,,,0.0
127078.SZ,20260901,158.4,660,104544.0,,,0.0
127080.SZ,20260901,280.0,1180,330400.0,,,0.0
127082.SZ,20260901,135.443,140,18962.02,,,0.0
127083.SZ,20260901,118.1,240,28344.0,,,0.0
127084.SZ,20260901,139.764,80,11181.12,,,0.0
127085.SZ,20260901,121.574,340,41335.16,,,0.0
127088.SZ,20260901,178.355,170,30320.35,,,0.0
127089.SZ,20260901,121.62,20,2432.4,,,0.0
127092.SZ,20260901,310.0,780,241800.0,,,0.0
127093.SZ,20260901,129.81,60,7788.6,,,0.0
127095.SZ,20260901,147.155,90,13243.95,,,0.0
127096.SZ,20260901,588.0,10070,5921160.0,,,0.0
127098.SZ,20260901,124.374,270,33580.98,,,0.0
127099.SZ,20260901,137.063,430,58937.09,,,0.0
127102.SZ,20260901,122.206,310,37883.86,,,0.0
127103.SZ,20260901,141.5,790,111785.0,,,0.0
127104.SZ,20260901,143.75,330,47437.5,,,0.0
127105.SZ,20260901,133.365,70,9335.55,,,0.0
127108.SZ,20260901,124.508,140,17431.12,,,0.0
127109.SZ,20260901,156.265,2680,418790.2,,,0.0
127110.SZ,20260901,138.403,680,94114.04,,,0.0
127111.SZ,20260901,,0,0.0,,,0.0
127112.SZ,20260901,157.18,90,14146.2,,,0.0
127113.SZ,20260901,164.44,80,13155.2,,,0.0
127114.SZ,20260901,142.282,420,59758.44,,,0.0
127115.SZ,20260901,184.092,3370,620390.04,,,0.0
128044.SZ,20260901,,0,0.0,,,0.0
128134.SZ,20260901,120.866,3740,452038.84,,,0.0
128135.SZ,20260901,114.732,110,12620.52,,,0.0
128136.SZ,20260901,117.87,1310,154409.7,,,0.0
128138.SZ,20260901,131.1,800,104880.0,,,0.0
128142.SZ,20260901,111.743,10,1117.43,,,0.0
158000.SZ,20260901,1.029,21600,22226.4,,,0.0
158001.SZ,20260901,1.004,5000,5020.0,,,0.0
158003.SZ,20260901,,0,0.0,,,0.0
158005.SZ,20260901,,0,0.0,,,0.0
158006.SZ,20260901,,0,0.0,,,0.0
158008.SZ,20260901,,0,0.0,,,0.0
158009.SZ,20260901,,0,0.0,,,0.0
158010.SZ,20260901,,0,0.0,,,0.0
158012.SZ,20260901,0.969,35900,34787.1,,,0.0
158017.SZ,20260901,1.039,115800,120316.2,,,0.0
158019.SZ,20260901,0.969,1900,1841.1,,,0.0
159001.SZ,20260901,100.0,285500,28550000.0,,,0.0
159003.SZ,20260901,100.0,100,10000.0,,,0.0
159005.SZ,20260901,100.0,1100,110000.0,,,0.0
159007.SZ,20260901,,0,0.0,,,0.0
159008.SZ,20260901,1.032,6800,7017.6,,,0.0
159009.SZ,20260901,,0,0.0,,,0.0
159010.SZ,20260901,0.908,3100,2814.8,,,0.0
159011.SZ,20260901,1.076,100,107.6,,,0.0
159012.SZ,20260901,0.893,10500,9376.5,,,0.0
159013.SZ,20260901,,0,0.0,,,0.0
159015.SZ,20260901,0.892,2900,2586.8,,,0.0
159016.SZ,20260901,1.02,77600,79152.0,,,0.0
159017.SZ,20260901,,0,0.0,,,0.0
159018.SZ,20260901,0.929,200,185.8,,,0.0
159019.SZ,20260901,,0,0.0,,,0.0
159020.SZ,20260901,0.933,10100,9423.3,,,0.0
159021.SZ,20260901,,0,0.0,,,0.0
159022.SZ,20260901,1.008,82900,83563.2,,,0.0
159023.SZ,20260901,,0,0.0,,,0.0
159026.SZ,20260901,,0,0.0,,,0.0
159027.SZ,20260901,,0,0.0,,,0.0
159028.SZ,20260901,0.764,70900,54167.6,,,0.0
159029.SZ,20260901,0.948,17500,16590.0,,,0.0
159030.SZ,20260901,0.886,234300,207589.8,,,0.0
159031.SZ,20260901,0.991,26300,26063.3,,,0.0
159032.SZ,20260901,0.919,652100,599279.9,,,0.0
159033.SZ,20260901,1.001,333300,333633.3,,,0.0
159035.SZ,20260901,0.845,360100,304284.5,,,0.0
159036.SZ,20260901,0.948,1000,948.0,,,0.0
159037.SZ,20260901,,0,0.0,,,0.0
159038.SZ,20260901,0.955,263600,251738.0,,,0.0
159039.SZ,20260901,0.836,84400,70558.4,,,0.0
159040.SZ,20260901,1.063,2500,2657.5,,,0.0
159041.SZ,20260901,,0,0.0,,,0.0
159042.SZ,20260901,,0,0.0,,,0.0
159043.SZ,20260901,0.991,1400,1387.4,,,0.0
159045.SZ,20260901,0.828,12400,10267.2,,,0.0
159046.SZ,20260901,,0,0.0,,,0.0
159048.SZ,20260901,,0,0.0,,,0.0
159049.SZ,20260901,1.047,15900,16647.3,,,0.0
159050.SZ,20260901,,0,0.0,,,0.0
159051.SZ,20260901,1.031,9900,10206.9,,,0.0
159052.SZ,20260901,0.843,4200,3540.6,,,0.0
159053.SZ,20260901,0.929,27800,25826.2,,,0.0
159055.SZ,20260901,0.944,10600,10006.4,,,0.0
159056.SZ,20260901,,0,0.0,,,0.0
159057.SZ,20260901,,0,0.0,,,0.0
159058.SZ,20260901,1.005,16102,16182.51,,,0.0
159059.SZ,20260901,,0,0.0,,,0.0
159060.SZ,20260901,1.047,800,837.6,,,0.0
159061.SZ,20260901,,0,0.0,,,0.0
159062.SZ,20260901,,0,0.0,,,0.0
159063.SZ,20260901,1.059,368900,390665.1,,,0.0
159065.SZ,20260901,,0,0.0,,,0.0
159066.SZ,20260901,0.927,500234,463716.918,,,0.0
159067.SZ,20260901,,0,0.0,,,0.0
159068.SZ,20260901,,0,0.0,,,0.0
159069.SZ,20260901,,0,0.0,,,0.0
159070.SZ,20260901,,0,0.0,,,0.0
159071.SZ,20260901,0.828,2600,2152.8,,,0.0
159072.SZ,20260901,1.144,18900,21621.6,,,0.0
159073.SZ,20260901,1.063,16400,17433.2,,,0.0
159075.SZ,20260901,,0,0.0,,,0.0
159076.SZ,20260901,,0,0.0,,,0.0
159077.SZ,20260901,0.937,9900,9276.3,,,0.0
159078.SZ,20260901,,0,0.0,,,0.0
159079.SZ,20260901,1.008,200,201.6,,,0.0
159082.SZ,20260901,1.023,4400,4501.2,,,0.0
159083.SZ,20260901,1.0,13300,13300.0,,,0.0
159085.SZ,20260901,,0,0.0,,,0.0
159086.SZ,20260901,,0,0.0,,,0.0
159087.SZ,20260901,,0,0.0,,,0.0
159091.SZ,20260901,1.11,103000,114330.0,,,0.0
159093.SZ,20260901,,0,0.0,,,0.0
159095.SZ,20260901,,0,0.0,,,0.0
159096.SZ,20260901,1.0,100,100.0,,,0.0
159098.SZ,20260901,,0,0.0,,,0.0
159099.SZ,20260901,1.006,23300,23439.8,,,0.0
159100.SZ,20260901,1.101,643400,708383.4,,,0.0
159101.SZ,20260901,0.736,50400,37094.4,,,0.0
159102.SZ,20260901,0.824,34055,28061.32,,,0.0
159103.SZ,20260901,0.675,5100,3442.5,,,0.0
159105.SZ,20260901,0.936,28400,26582.4,,,0.0
159106.SZ,20260901,,0,0.0,,,0.0
159107.SZ,20260901,0.761,281800,214449.8,,,0.0
159108.SZ,20260901,,0,0.0,,,0.0
159109.SZ,20260901,0.819,3200,2620.8,,,0.0
159110.SZ,20260901,,0,0.0,,,0.0
159111.SZ,20260901,,0,0.0,,,0.0
159112.SZ,20260901,,0,0.0,,,0.0
159113.SZ,20260901,,0,0.0,,,0.0
159115.SZ,20260901,,0,0.0,,,0.0
159116.SZ,20260901,,0,0.0,,,0.0
159117.SZ,20260901,1.069,2500,2672.5,,,0.0
159118.SZ,20260901,0.961,52800,50740.8,,,0.0
159119.SZ,20260901,0.99,200,198.0,,,0.0
159120.SZ,20260901,0.759,27000,20493.0,,,0.0
159121.SZ,20260901,0.732,496100,363145.2,,,0.0
159122.SZ,20260901,,0,0.0,,,0.0
159123.SZ,20260901,0.895,300,268.5,,,0.0
159125.SZ,20260901,,0,0.0,,,0.0
159126.SZ,20260901,,0,0.0,,,0.0
159127.SZ,20260901,0.968,2800,2710.4,,,0.0
159128.SZ,20260901,0.718,9100,6533.8,,,0.0
159129.SZ,20260901,1.1,60000,66000.0,,,0.0
159130.SZ,20260901,0.937,2800,2623.6,,,0.0
159131.SZ,20260901,0.986,7190800,7090128.8,,,0.0
159132.SZ,20260901,0.971,6700,6505.7,,,0.0
159133.SZ,20260901,1.127,220700,248728.9,,,0.0
159135.SZ,20260901,,0,0.0,,,0.0
159136.SZ,20260901,,0,0.0,,,0.0
159137.SZ,20260901,0.969,109800,106396.2,,,0.0
159138.SZ,20260901,,0,0.0,,,0.0
159139.SZ,20260901,1.264,28400,35897.6,,,0.0
159140.SZ,20260901,1.268,176000,223168.0,,,0.0
159141.SZ,20260901,1.182,119600,141367.2,,,0.0
159142.SZ,20260901,1.212,236000,286032.0,,,0.0
159143.SZ,20260901,0.964,2800,2699.2,,,0.0
159145.SZ,20260901,0.864,1600,1382.4,,,0.0
159146.SZ,20260901,,0,0.0,,,0.0
159147.SZ,20260901,0.839,47800,40104.2,,,0.0
159148.SZ,20260901,1.015,99400,100891.0,,,0.0
159149.SZ,20260901,,0,0.0,,,0.0
159150.SZ,20260901,,0,0.0,,,0.0
159151.SZ,20260901,0.922,2100,1936.2,,,0.0
159152.SZ,20260901,0.775,22900,17747.5,,,0.0
159153.SZ,20260901,1.208,11700,14133.6,,,0.0
159155.SZ,20260901,0.843,23900,20147.7,,,0.0
159156.SZ,20260901,,0,0.0,,,0.0
159157.SZ,20260901,0.867,125000,108375.0,,,0.0
159158.SZ,20260901,,0,0.0,,,0.0
159159.SZ,20260901,,0,0.0,,,0.0
159160.SZ,20260901,0.821,174000,142854.0,,,0.0
159161.SZ,20260901,,0,0.0,,,0.0
159162.SZ,20260901,0.86,39400,33884.0,,,0.0
159163.SZ,20260901,0.792,15200,12038.4,,,0.0
159165.SZ,20260901,,0,0.0,,,0.0
159166.SZ,20260901,,0,0.0,,,0.0
159167.SZ,20260901,0.945,90400,85428.0,,,0.0
159168.SZ,20260901,0.903,243700,220061.1,,,0.0
159169.SZ,20260901,0.996,2800,2788.8,,,0.0
159170.SZ,20260901,0.839,5900,4950.1,,,0.0
159171.SZ,20260901,,0,0.0,,,0.0
159172.SZ,20260901,0.845,16000,13520.0,,,0.0
159173.SZ,20260901,,0,0.0,,,0.0
159175.SZ,20260901,0.891,17400,15503.4,,,0.0
159176.SZ,20260901,1.011,8000,8088.0,,,0.0
159177.SZ,20260901,,0,0.0,,,0.0
159178.SZ,20260901,1.08,133600,144288.0,,,0.0
159179.SZ,20260901,0.819,1400,1146.6,,,0.0
159180.SZ,20260901,1.052,1900,1998.8,,,0.0
159181.SZ,20260901,0.903,34000,30702.0,,,0.0
159182.SZ,20260901,,0,0.0,,,0.0
159183.SZ,20260901,,0,0.0,,,0.0
159185.SZ,20260901,1.123,73400,82428.2,,,0.0
159186.SZ,20260901,0.743,11500,8544.5,,,0.0
159187.SZ,20260901,,0,0.0,,,0.0
159188.SZ,20260901,0.943,500,471.5,,,0.0
159189.SZ,20260901,0.905,100,90.5,,,0.0
159190.SZ,20260901,,0,0.0,,,0.0
159191.SZ,20260901,0.922,7500,6915.0,,,0.0
159192.SZ,20260901,,0,0.0,,,0.0
159193.SZ,20260901,0.799,10000,7990.0,,,0.0
159195.SZ,20260901,,0,0.0,,,0.0
159196.SZ,20260901,1.26,499200,628992.0,,,0.0
159197.SZ,20260901,,0,0.0,,,0.0
159198.SZ,20260901,1.263,314100,396708.3,,,0.0
159199.SZ,20260901,,0,0.0,,,0.0
159200.SZ,20260901,,0,0.0,,,0.0
159201.SZ,20260901,1.193,1212300,1446273.9,,,0.0
159202.SZ,20260901,0.791,779300,616426.3,,,0.0
159203.SZ,20260901,1.367,400,546.8,,,0.0
159205.SZ,20260901,1.685,305200,514262.0,,,0.0
159206.SZ,20260901,1.383,1310500,1812421.5,,,0.0
159207.SZ,20260901,1.146,20800,23836.8,,,0.0
159208.SZ,20260901,1.062,12100,12850.2,,,0.0
159209.SZ,20260901,1.163,72200,83968.6,,,0.0
159210.SZ,20260901,0.827,33900,28035.3,,,0.0
159211.SZ,20260901,,0,0.0,,,0.0
159212.SZ,20260901,,0,0.0,,,0.0
159213.SZ,20260901,1.173,9000,10557.0,,,0.0
159215.SZ,20260901,,0,0.0,,,0.0
159216.SZ,20260901,,0,0.0,,,0.0
159217.SZ,20260901,1.174,1682900,1975724.6,,,0.0
159218.SZ,20260901,1.351,281500,380306.5,,,0.0
159219.SZ,20260901,,0,0.0,,,0.0
159220.SZ,20260901,0.586,17000,9962.0,,,0.0
159221.SZ,20260901,,0,0.0,,,0.0
159222.SZ,20260901,1.277,311900,398296.3,,,0.0
159223.SZ,20260901,,0,0.0,,,0.0
159225.SZ,20260901,,0,0.0,,,0.0
159226.SZ,20260901,,0,0.0,,,0.0
159227.SZ,20260901,1.014,173700,176131.8,,,0.0
159228.SZ,20260901,,0,0.0,,,0.0
159229.SZ,20260901,,0,0.0,,,0.0
159230.SZ,20260901,,0,0.0,,,0.0
159231.SZ,20260901,0.499,900,449.1,,,0.0
159232.SZ,20260901,1.216,83200,101171.2,,,0.0
159233.SZ,20260901,,0,0.0,,,0.0
159235.SZ,20260901,,0,0.0,,,0.0
159236.SZ,20260901,,0,0.0,,,0.0
159237.SZ,20260901,0.856,3000,2568.0,,,0.0
159238.SZ,20260901,,0,0.0,,,0.0
159239.SZ,20260901,0.769,53300,40987.7,,,0.0
159240.SZ,20260901,,0,0.0,,,0.0
159241.SZ,20260901,1.039,151700,157616.3,,,0.0
159242.SZ,20260901,2.106,22100,46542.6,,,0.0
159243.SZ,20260901,1.271,48800,62024.8,,,0.0
159245.SZ,20260901,0.782,6400,5004.8,,,0.0
159246.SZ,20260901,1.17,511800,598806.0,,,0.0
159247.SZ,20260901,1.029,296529,305128.341,,,0.0
159248.SZ,20260901,1.777,81000,143937.0,,,0.0
159249.SZ,20260901,1.41,800,1128.0,,,0.0
159251.SZ,20260901,0.764,3400,2597.6,,,0.0
159253.SZ,20260901,0.987,2000,1974.0,,,0.0
159255.SZ,20260901,0.865,10100,8736.5,,,0.0
159256.SZ,20260901,0.838,161100,135001.8,,,0.0
159257.SZ,20260901,0.862,4100,3534.2,,,0.0
159258.SZ,20260901,1.103,37100,40921.3,,,0.0
159259.SZ,20260901,1.37,823200,1127784.0,,,0.0
159260.SZ,20260901,,0,0.0,,,0.0
159261.SZ,20260901,,0,0.0,,,0.0
159262.SZ,20260901,0.846,390000,329940.0,,,0.0
159263.SZ,20260901,1.157,254500,294456.5,,,0.0
159265.SZ,20260901,0.804,3200,2572.8,,,0.0
159266.SZ,20260901,,0,0.0,,,0.0
159267.SZ,20260901,0.861,48000,41328.0,,,0.0
159268.SZ,20260901,,0,0.0,,,0.0
159269.SZ,20260901,0.855,300,256.5,,,0.0
159270.SZ,20260901,,0,0.0,,,0.0
159271.SZ,20260901,0.959,2800,2685.2,,,0.0
159272.SZ,20260901,0.809,425300,344067.7,,,0.0
159273.SZ,20260901,1.418,95800,135844.4,,,0.0
159275.SZ,20260901,0.878,1300,1141.4,,,0.0
159276.SZ,20260901,,0,0.0,,,0.0
159277.SZ,20260901,1.004,19900,19979.6,,,0.0
159278.SZ,20260901,0.957,148600,142210.2,,,0.0
159279.SZ,20260901,1.411,20100,28361.1,,,0.0
159280.SZ,20260901,0.688,3700,2545.6,,,0.0
159281.SZ,20260901,0.97,5900,5723.0,,,0.0
159283.SZ,20260901,0.872,14100,12295.2,,,0.0
159285.SZ,20260901,0.767,3300,2531.1,,,0.0
159286.SZ,20260901,0.751,156500,117531.5,,,0.0
159287.SZ,20260901,,0,0.0,,,0.0
159288.SZ,20260901,,0,0.0,,,0.0
159289.SZ,20260901,,0,0.0,,,0.0
159290.SZ,20260901,1.163,100,116.3,,,0.0
159291.SZ,20260901,,0,0.0,,,0.0
159292.SZ,20260901,,0,0.0,,,0.0
159293.SZ,20260901,,0,0.0,,,0.0
159295.SZ,20260901,1.072,2200,2358.4,,,0.0
159296.SZ,20260901,,0,0.0,,,0.0
159297.SZ,20260901,0.732,338600,247855.2,,,0.0
159298.SZ,20260901,,0,0.0,,,0.0
159299.SZ,20260901,0.718,30900,22186.2,,,0.0
159300.SZ,20260901,5.014,6100,30585.4,,,0.0
159301.SZ,20260901,0.963,5400,5200.2,,,0.0
159302.SZ,20260901,1.338,2900,3880.2,,,0.0
159303.SZ,20260901,1.587,48200,76493.4,,,0.0
159305.SZ,20260901,0.818,223500,182823.0,,,0.0
159306.SZ,20260901,,0,0.0,,,0.0
159307.SZ,20260901,1.029,373400,384228.6,,,0.0
159309.SZ,20260901,1.442,64500,93009.0,,,0.0
159310.SZ,20260901,2.871,5500,15790.5,,,0.0
159311.SZ,20260901,,0,0.0,,,0.0
159312.SZ,20260901,1.185,300,355.5,,,0.0
159315.SZ,20260901,1.815,88600,160809.0,,,0.0
159316.SZ,20260901,1.152,657800,757785.6,,,0.0
159318.SZ,20260901,1.303,2100,2736.3,,,0.0
159320.SZ,20260901,0.615,211300,129949.5,,,0.0
159321.SZ,20260901,1.69,129600,219024.0,,,0.0
159322.SZ,20260901,1.765,13400,23651.0,,,0.0
159323.SZ,20260901,1.04,141400,147056.0,,,0.0
159325.SZ,20260901,2.164,231200,500316.8,,,0.0
159326.SZ,20260901,1.669,423800,707322.2,,,0.0
159327.SZ,20260901,1.167,1807900,2109819.3,,,0.0
159328.SZ,20260901,,0,0.0,,,0.0
159329.SZ,20260901,0.92,239300,220156.0,,,0.0
159330.SZ,20260901,1.447,111200,160906.4,,,0.0
159331.SZ,20260901,,0,0.0,,,0.0
159332.SZ,20260901,,0,0.0,,,0.0
159333.SZ,20260901,1.38,2500,3450.0,,,0.0
159335.SZ,20260901,,0,0.0,,,0.0
159336.SZ,20260901,1.238,900,1114.2,,,0.0
159337.SZ,20260901,1.821,17700,32231.7,,,0.0
159338.SZ,20260901,1.224,4059300,4968583.2,,,0.0
159339.SZ,20260901,1.233,1200,1479.6,,,0.0
159350.SZ,20260901,1.557,100,155.7,,,0.0
159351.SZ,20260901,1.222,4800,5865.6,,,0.0
159352.SZ,20260901,1.274,484100,616743.4,,,0.0
159353.SZ,20260901,1.243,500,621.5,,,0.0
159355.SZ,20260901,,0,0.0,,,0.0
159356.SZ,20260901,1.299,700,909.3,,,0.0
159357.SZ,20260901,,0,0.0,,,0.0
159358.SZ,20260901,,0,0.0,,,0.0
159359.SZ,20260901,,0,0.0,,,0.0
159360.SZ,20260901,,0,0.0,,,0.0
159361.SZ,20260901,1.246,83100,103542.6,,,0.0
159362.SZ,20260901,,0,0.0,,,0.0
159363.SZ,20260901,1.246,620200,772769.2,,,0.0
159365.SZ,20260901,0.989,2700,2670.3,,,0.0
159366.SZ,20260901,1.439,569900,820086.1,,,0.0
159367.SZ,20260901,1.696,800,1356.8,,,0.0
159368.SZ,20260901,0.658,700,460.6,,,0.0
159369.SZ,20260901,1.38,16800,23184.0,,,0.0
159370.SZ,20260901,,0,0.0,,,0.0
159371.SZ,20260901,1.69,3400,5746.0,,,0.0
159372.SZ,20260901,,0,0.0,,,0.0
159373.SZ,20260901,1.728,100,172.8,,,0.0
159375.SZ,20260901,0.72,157400,113328.0,,,0.0
159376.SZ,20260901,,0,0.0,,,0.0
159377.SZ,20260901,1.004,500,502.0,,,0.0
159378.SZ,20260901,1.029,700,720.3,,,0.0
159379.SZ,20260901,,0,0.0,,,0.0
159380.SZ,20260901,1.362,7500,10215.0,,,0.0
159381.SZ,20260901,1.177,225400,265295.8,,,0.0
159382.SZ,20260901,2.634,29000,76386.0,,,0.0
159383.SZ,20260901,,0,0.0,,,0.0
159385.SZ,20260901,,0,0.0,,,0.0
159386.SZ,20260901,,0,0.0,,,0.0
159387.SZ,20260901,0.723,15900,11495.7,,,0.0
159388.SZ,20260901,1.021,96100,98118.1,,,0.0
159389.SZ,20260901,1.897,9500,18021.5,,,0.0
159390.SZ,20260901,1.245,20000,24900.0,,,0.0
159391.SZ,20260901,,0,0.0,,,0.0
159392.SZ,20260901,,0,0.0,,,0.0
159393.SZ,20260901,4.969,17200,85466.8,,,0.0
159395.SZ,20260901,,0,0.0,,,0.0
159396.SZ,20260901,,0,0.0,,,0.0
159397.SZ,20260901,,0,0.0,,,0.0
159398.SZ,20260901,,0,0.0,,,0.0
159399.SZ,20260901,1.015,197900,200868.5,,,0.0
159400.SZ,20260901,,0,0.0,,,0.0
159500.SZ,20260901,1.196,9600,11481.6,,,0.0
159501.SZ,20260901,,0,0.0,,,0.0
159502.SZ,20260901,1.626,1861200,3026311.2,,,0.0
159505.SZ,20260901,,0,0.0,,,0.0
159506.SZ,20260901,1.289,319400,411706.6,,,0.0
159507.SZ,20260901,0.879,151300,132992.7,,,0.0
159508.SZ,20260901,0.808,11300,9130.4,,,0.0
159509.SZ,20260901,,0,0.0,,,0.0
159510.SZ,20260901,1.264,100,126.4,,,0.0
159511.SZ,20260901,2.377,3400,8081.8,,,0.0
159512.SZ,20260901,1.035,45100,46678.5,,,0.0
159513.SZ,20260901,1.802,852400,1536024.8,,,0.0
159515.SZ,20260901,,0,0.0,,,0.0
159516.SZ,20260901,0.723,23061000,16673103.0,,,0.0
159517.SZ,20260901,,0,0.0,,,0.0
159518.SZ,20260901,1.275,2914200,3715605.0,,,0.0
159519.SZ,20260901,,0,0.0,,,0.0
159520.SZ,20260901,0.93,4100,3813.0,,,0.0
159521.SZ,20260901,1.28,200,256.0,,,0.0
159523.SZ,20260901,,0,0.0,,,0.0
159525.SZ,20260901,1.112,600,667.2,,,0.0
159526.SZ,20260901,1.445,20600,29767.0,,,0.0
159527.SZ,20260901,0.73,266000,194180.0,,,0.0
159528.SZ,20260901,1.262,200,252.4,,,0.0
159529.SZ,20260901,1.299,567300,736922.7,,,0.0
159530.SZ,20260901,1.343,454700,610662.1,,,0.0
159531.SZ,20260901,1.485,402100,597118.5,,,0.0
159532.SZ,20260901,1.676,50800,85140.8,,,0.0
159533.SZ,20260901,1.974,20200,39874.8,,,0.0
159535.SZ,20260901,,0,0.0,,,0.0
159536.SZ,20260901,,0,0.0,,,0.0
159537.SZ,20260901,0.93,98800,91884.0,,,0.0
159538.SZ,20260901,0.922,24200,22312.4,,,0.0
159539.SZ,20260901,,0,0.0,,,0.0
159540.SZ,20260901,1.958,89800,175828.4,,,0.0
159541.SZ,20260901,,0,0.0,,,0.0
159542.SZ,20260901,,0,0.0,,,0.0
159543.SZ,20260901,,0,0.0,,,0.0
159545.SZ,20260901,1.315,68200,89683.0,,,0.0
159546.SZ,20260901,0.793,382000,302926.0,,,0.0
159547.SZ,20260901,1.22,8000,9760.0,,,0.0
159549.SZ,20260901,1.189,1000,1189.0,,,0.0
159550.SZ,20260901,0.804,23200,18652.8,,,0.0
159551.SZ,20260901,1.268,6200,7861.6,,,0.0
159552.SZ,20260901,2.31,231900,535689.0,,,0.0
159553.SZ,20260901,1.867,200,373.4,,,0.0
159555.SZ,20260901,1.79,4300,7697.0,,,0.0
159556.SZ,20260901,,0,0.0,,,0.0
159557.SZ,20260901,1.452,22000,31944.0,,,0.0
159558.SZ,20260901,1.132,5643600,6388555.2,,,0.0
159559.SZ,20260901,1.212,54900,66538.8,,,0.0
159560.SZ,20260901,2.321,8600,19960.6,,,0.0
159561.SZ,20260901,1.372,1144500,1570254.0,,,0.0
159562.SZ,20260901,2.391,658400,1574234.4,,,0.0
159563.SZ,20260901,,0,0.0,,,0.0
159565.SZ,20260901,1.316,10500,13818.0,,,0.0
159566.SZ,20260901,1.827,108000,197316.0,,,0.0
159567.SZ,20260901,0.7,3073500,2151450.0,,,0.0
159568.SZ,20260901,1.123,87400,98150.2,,,0.0
159569.SZ,20260901,1.41,22800,32148.0,,,0.0
159570.SZ,20260901,1.446,4760700,6883972.2,,,0.0
159571.SZ,20260901,,0,0.0,,,0.0
159572.SZ,20260901,1.468,409200,600705.6,,,0.0
159573.SZ,20260901,1.47,16300,23961.0,,,0.0
159575.SZ,20260901,,0,0.0,,,0.0
159576.SZ,20260901,,0,0.0,,,0.0
159577.SZ,20260901,1.64,25200,41328.0,,,0.0
159578.SZ,20260901,,0,0.0,,,0.0
159581.SZ,20260901,1.092,15800,17253.6,,,0.0
159582.SZ,20260901,0.772,264300,204039.6,,,0.0
159583.SZ,20260901,1.66,515900,856394.0,,,0.0
159586.SZ,20260901,1.071,5600,5997.6,,,0.0
159587.SZ,20260901,1.219,534300,651311.7,,,0.0
159588.SZ,20260901,1.28,15900,20352.0,,,0.0
159589.SZ,20260901,1.127,37700,42487.9,,,0.0
159590.SZ,20260901,0.906,102500,92865.0,,,0.0
159591.SZ,20260901,,0,0.0,,,0.0
159592.SZ,20260901,,0,0.0,,,0.0
159593.SZ,20260901,1.361,5800,7893.8,,,0.0
159595.SZ,20260901,1.371,6900,9459.9,,,0.0
159596.SZ,20260901,0.651,400,260.4,,,0.0
159597.SZ,20260901,,0,0.0,,,0.0
159599.SZ,20260901,2.845,647000,1840715.0,,,0.0
159600.SZ,20260901,,0,0.0,,,0.0
159601.SZ,20260901,1.125,50000,56250.0,,,0.0
159602.SZ,20260901,,0,0.0,,,0.0
159603.SZ,20260901,1.674,100,167.4,,,0.0
159605.SZ,20260901,0.79,1827500,1443725.0,,,0.0
159606.SZ,20260901,1.377,400,550.8,,,0.0
159607.SZ,20260901,0.787,541900,426475.3,,,0.0
159608.SZ,20260901,1.11,37700,41847.0,,,0.0
159609.SZ,20260901,0.485,3000,1455.0,,,0.0
159610.SZ,20260901,1.286,700,900.2,,,0.0
159611.SZ,20260901,1.035,1939100,2006968.5,,,0.0
159612.SZ,20260901,2.073,45500,94321.5,,,0.0
159613.SZ,20260901,0.901,82300,74152.3,,,0.0
159615.SZ,20260901,1.138,63800,72604.4,,,0.0
159616.SZ,20260901,0.808,4400,3555.2,,,0.0
159617.SZ,20260901,,0,0.0,,,0.0
159618.SZ,20260901,,0,0.0,,,0.0
159619.SZ,20260901,0.94,300,282.0,,,0.0
159620.SZ,20260901,,0,0.0,,,0.0
159621.SZ,20260901,,0,0.0,,,0.0
159622.SZ,20260901,1.176,334600,393489.6,,,0.0
159623.SZ,20260901,,0,0.0,,,0.0
159625.SZ,20260901,1.198,46000,55108.0,,,0.0
159627.SZ,20260901,,0,0.0,,,0.0
159628.SZ,20260901,1.407,16400,23074.8,,,0.0
159629.SZ,20260901,3.231,31800,102745.8,,,0.0
159630.SZ,20260901,,0,0.0,,,0.0
159631.SZ,20260901,,0,0.0,,,0.0
159632.SZ,20260901,2.457,313100,769286.7,,,0.0
159633.SZ,20260901,3.319,46100,153005.9,,,0.0
159635.SZ,20260901,0.999,4900,4895.1,,,0.0
159636.SZ,20260901,0.518,4564400,2364359.2,,,0.0
159637.SZ,20260901,0.811,16400,13300.4,,,0.0
159638.SZ,20260901,0.839,519500,435860.5,,,0.0
159639.SZ,20260901,,0,0.0,,,0.0
159640.SZ,20260901,,0,0.0,,,0.0
159641.SZ,20260901,,0,0.0,,,0.0
159642.SZ,20260901,,0,0.0,,,0.0
159643.SZ,20260901,0.551,500,275.5,,,0.0
159645.SZ,20260901,0.611,25100,15336.1,,,0.0
159647.SZ,20260901,0.888,20000,17760.0,,,0.0
159649.SZ,20260901,110.298,600,66178.8,,,0.0
159650.SZ,20260901,107.99,3400,367166.0,,,0.0
159651.SZ,20260901,108.066,100,10806.6,,,0.0
159652.SZ,20260901,1.684,199000,335116.0,,,0.0
159653.SZ,20260901,,0,0.0,,,0.0
159655.SZ,20260901,2.036,227300,462782.8,,,0.0
159656.SZ,20260901,,0,0.0,,,0.0
159657.SZ,20260901,0.59,1200,708.0,,,0.0
159658.SZ,20260901,,0,0.0,,,0.0
159659.SZ,20260901,2.346,194800,457000.8,,,0.0
159660.SZ,20260901,2.368,65400,154867.2,,,0.0
159661.SZ,20260901,,0,0.0,,,0.0
159662.SZ,20260901,,0,0.0,,,0.0
159663.SZ,20260901,1.014,93300,94606.2,,,0.0
159665.SZ,20260901,2.459,26100,64179.9,,,0.0
159666.SZ,20260901,0.982,16000,15712.0,,,0.0
159667.SZ,20260901,0.675,918500,619987.5,,,0.0
159669.SZ,20260901,,0,0.0,,,0.0
159670.SZ,20260901,0.875,100,87.5,,,0.0
159671.SZ,20260901,1.365,2200,3003.0,,,0.0
159672.SZ,20260901,0.632,100,63.2,,,0.0
159673.SZ,20260901,1.289,1000,1289.0,,,0.0
159675.SZ,20260901,1.419,13700,19440.3,,,0.0
159676.SZ,20260901,1.597,104900,167525.3,,,0.0
159677.SZ,20260901,1.482,200,296.4,,,0.0
159678.SZ,20260901,,0,0.0,,,0.0
159679.SZ,20260901,1.316,700,921.2,,,0.0
159680.SZ,20260901,1.698,21900,37186.2,,,0.0
159681.SZ,20260901,1.587,15000,23805.0,,,0.0
159682.SZ,20260901,1.572,194900,306382.8,,,0.0
159685.SZ,20260901,,0,0.0,,,0.0
159686.SZ,20260901,,0,0.0,,,0.0
159687.SZ,20260901,1.851,290700,538085.7,,,0.0
159688.SZ,20260901,0.751,332800,249932.8,,,0.0
159689.SZ,20260901,0.632,24500,15484.0,,,0.0
159690.SZ,20260901,2.028,9200,18657.6,,,0.0
159691.SZ,20260901,1.216,10700,13011.2,,,0.0
159692.SZ,20260901,1.226,101600,124561.6,,,0.0
159695.SZ,20260901,0.968,66100,63984.8,,,0.0
159696.SZ,20260901,2.033,83700,170162.1,,,0.0
159697.SZ,20260901,1.351,52400,70792.4,,,0.0
159698.SZ,20260901,0.948,3331900,3158641.2,,,0.0
159699.SZ,20260901,0.878,51100,44865.8,,,0.0
159700.SZ,20260901,,0,0.0,,,0.0
159701.SZ,20260901,,0,0.0,,,0.0
159703.SZ,20260901,0.909,1100,999.9,,,0.0
159706.SZ,20260901,,0,0.0,,,0.0
159707.SZ,20260901,0.469,3836600,1799365.4,,,0.0
159708.SZ,20260901,,0,0.0,,,0.0
159709.SZ,20260901,,0,0.0,,,0.0
159711.SZ,20260901,1.34,1900,2546.0,,,0.0
159712.SZ,20260901,1.237,600,742.2,,,0.0
159713.SZ,20260901,1.285,56100,72088.5,,,0.0
159715.SZ,20260901,1.185,40100,47518.5,,,0.0
159716.SZ,20260901,,0,0.0,,,0.0
159717.SZ,20260901,,0,0.0,,,0.0
159718.SZ,20260901,0.9,22900,20610.0,,,0.0
159719.SZ,20260901,,0,0.0,,,0.0
159720.SZ,20260901,,0,0.0,,,0.0
159721.SZ,20260901,,0,0.0,,,0.0
159723.SZ,20260901,1.102,6900,7603.8,,,0.0
159725.SZ,20260901,0.78,81700,63726.0,,,0.0
159726.SZ,20260901,,0,0.0,,,0.0
159728.SZ,20260901,0.79,130400,103016.0,,,0.0
159729.SZ,20260901,,0,0.0,,,0.0
159730.SZ,20260901,1.028,5900,6065.2,,,0.0
159731.SZ,20260901,0.971,12600,12234.6,,,0.0
159732.SZ,20260901,1.395,614700,857506.5,,,0.0
159735.SZ,20260901,0.661,33600,22209.6,,,0.0
159736.SZ,20260901,0.586,297200,174159.2,,,0.0
159738.SZ,20260901,,0,0.0,,,0.0
159739.SZ,20260901,0.815,48500,39527.5,,,0.0
159740.SZ,20260901,0.571,10768200,6148642.2,,,0.0
159741.SZ,20260901,0.574,362500,208075.0,,,0.0
159742.SZ,20260901,0.586,1550800,908768.8,,,0.0
159743.SZ,20260901,,0,0.0,,,0.0
159745.SZ,20260901,0.537,371300,199388.1,,,0.0
159747.SZ,20260901,1.165,18100,21086.5,,,0.0
159748.SZ,20260901,0.834,149800,124933.2,,,0.0
159750.SZ,20260901,0.86,96900,83334.0,,,0.0
159751.SZ,20260901,0.887,79100,70161.7,,,0.0
159752.SZ,20260901,0.587,17600,10331.2,,,0.0
159755.SZ,20260901,0.934,290600,271420.4,,,0.0
159757.SZ,20260901,0.783,300,234.9,,,0.0
159758.SZ,20260901,1.142,200,228.4,,,0.0
159760.SZ,20260901,0.579,100,57.9,,,0.0
159761.SZ,20260901,0.806,600,483.6,,,0.0
159763.SZ,20260901,0.733,2000,1466.0,,,0.0
159766.SZ,20260901,0.564,1934400,1091001.6,,,0.0
159767.SZ,20260901,,0,0.0,,,0.0
159768.SZ,20260901,0.422,1742400,735292.8,,,0.0
159770.SZ,20260901,1.01,116000,117160.0,,,0.0
159773.SZ,20260901,,0,0.0,,,0.0
159775.SZ,20260901,0.777,900,699.3,,,0.0
159776.SZ,20260901,1.193,21800,26007.4,,,0.0
159777.SZ,20260901,,0,0.0,,,0.0
159778.SZ,20260901,1.217,5400,6571.8,,,0.0
159779.SZ,20260901,1.486,10000,14860.0,,,0.0
159780.SZ,20260901,1.086,67100,72870.6,,,0.0
159781.SZ,20260901,1.084,650400,705033.6,,,0.0
159782.SZ,20260901,1.091,62900,68623.9,,,0.0
159783.SZ,20260901,1.093,1502700,1642451.1,,,0.0
159786.SZ,20260901,1.174,19000,22306.0,,,0.0
159787.SZ,20260901,,0,0.0,,,0.0
159788.SZ,20260901,1.223,2000,2446.0,,,0.0
159790.SZ,20260901,0.687,43700,30021.9,,,0.0
159791.SZ,20260901,,0,0.0,,,0.0
159792.SZ,20260901,0.568,21735300,12345650.4,,,0.0
159793.SZ,20260901,0.78,700,546.0,,,0.0
159795.SZ,20260901,0.885,2000,1770.0,,,0.0
159796.SZ,20260901,0.829,319200,264616.8,,,0.0
159797.SZ,20260901,0.677,1000,677.0,,,0.0
159798.SZ,20260901,0.865,70200,60723.0,,,0.0
159800.SZ,20260901,,0,0.0,,,0.0
159801.SZ,20260901,1.155,373800,431739.0,,,0.0
159804.SZ,20260901,,0,0.0,,,0.0
159805.SZ,20260901,1.177,686600,808128.2,,,0.0
159806.SZ,20260901,0.706,7500,5295.0,,,0.0
159807.SZ,20260901,0.928,35500,32944.0,,,0.0
159808.SZ,20260901,,0,0.0,,,0.0
159810.SZ,20260901,,0,0.0,,,0.0
159811.SZ,20260901,3.027,6300,19070.1,,,0.0
159812.SZ,20260901,9.087,500,4543.5,,,0.0
159813.SZ,20260901,0.746,2010300,1499683.8,,,0.0
159814.SZ,20260901,,0,0.0,,,0.0
159816.SZ,20260901,114.017,100,11401.7,,,0.0
159819.SZ,20260901,1.778,465300,827303.4,,,0.0
159820.SZ,20260901,,0,0.0,,,0.0
159821.SZ,20260901,,0,0.0,,,0.0
159822.SZ,20260901,0.59,84100,49619.0,,,0.0
159824.SZ,20260901,,0,0.0,,,0.0
159825.SZ,20260901,0.748,706600,528536.8,,,0.0
159827.SZ,20260901,,0,0.0,,,0.0
159828.SZ,20260901,0.422,79300,33464.6,,,0.0
159830.SZ,20260901,9.53,4600,43838.0,,,0.0
159831.SZ,20260901,9.216,6100,56217.6,,,0.0
159834.SZ,20260901,9.539,9700,92528.3,,,0.0
159835.SZ,20260901,0.656,12100,7937.6,,,0.0
159836.SZ,20260901,,0,0.0,,,0.0
159837.SZ,20260901,0.496,26000,12896.0,,,0.0
159838.SZ,20260901,0.579,1300,752.7,,,0.0
159839.SZ,20260901,0.363,203400,73834.2,,,0.0
159840.SZ,20260901,0.759,150500,114229.5,,,0.0
159841.SZ,20260901,0.998,1813100,1809473.8,,,0.0
159842.SZ,20260901,1.048,353800,370782.4,,,0.0
159843.SZ,20260901,0.536,11300,6056.8,,,0.0
159845.SZ,20260901,3.226,251700,811984.2,,,0.0
159847.SZ,20260901,0.407,76700,31216.9,,,0.0
159848.SZ,20260901,,0,0.0,,,0.0
159849.SZ,20260901,,0,0.0,,,0.0
159850.SZ,20260901,,0,0.0,,,0.0
159851.SZ,20260901,0.637,2299100,1464526.7,,,0.0
159852.SZ,20260901,0.692,4677600,3236899.2,,,0.0
159855.SZ,20260901,0.772,1495500,1154526.0,,,0.0
159856.SZ,20260901,,0,0.0,,,0.0
159857.SZ,20260901,0.714,165000,117810.0,,,0.0
159858.SZ,20260901,0.682,108300,73860.6,,,0.0
159859.SZ,20260901,0.39,989400,385866.0,,,0.0
159861.SZ,20260901,,0,0.0,,,0.0
159862.SZ,20260901,0.543,100,54.3,,,0.0
159863.SZ,20260901,0.557,3200,1782.4,,,0.0
159864.SZ,20260901,0.545,700,381.5,,,0.0
159865.SZ,20260901,0.548,1367100,749170.8,,,0.0
159866.SZ,20260901,1.678,762900,1280146.2,,,0.0
159867.SZ,20260901,0.558,70000,39060.0,,,0.0
159869.SZ,20260901,1.1,2197500,2417250.0,,,0.0
159870.SZ,20260901,0.831,2913900,2421450.9,,,0.0
159871.SZ,20260901,0.989,63600,62900.4,,,0.0
159872.SZ,20260901,0.858,1500,1287.0,,,0.0
159873.SZ,20260901,,0,0.0,,,0.0
159875.SZ,20260901,0.579,45600,26402.4,,,0.0
159876.SZ,20260901,1.01,107500,108575.0,,,0.0
159877.SZ,20260901,,0,0.0,,,0.0
159880.SZ,20260901,0.999,32900,32867.1,,,0.0
159881.SZ,20260901,0.947,97300,92143.1,,,0.0
159883.SZ,20260901,0.442,503600,222591.2,,,0.0
159885.SZ,20260901,,0,0.0,,,0.0
159886.SZ,20260901,,0,0.0,,,0.0
159887.SZ,20260901,1.35,424900,573615.0,,,0.0
159888.SZ,20260901,1.035,500,517.5,,,0.0
159889.SZ,20260901,,0,0.0,,,0.0
159890.SZ,20260901,1.758,11900,20920.2,,,0.0
159891.SZ,20260901,0.386,20000,7720.0,,,0.0
159892.SZ,20260901,0.797,1068000,851196.0,,,0.0
159895.SZ,20260901,,0,0.0,,,0.0
159896.SZ,20260901,,0,0.0,,,0.0
159898.SZ,20260901,0.495,38300,18958.5,,,0.0
159899.SZ,20260901,0.725,80500,58362.5,,,0.0
159901.SZ,20260901,3.595,71300,256323.5,,,0.0
159902.SZ,20260901,4.631,300,1389.3,,,0.0
159903.SZ,20260901,1.708,88000,150304.0,,,0.0
159905.SZ,20260901,1.687,2400,4048.8,,,0.0
159906.SZ,20260901,,0,0.0,,,0.0
159907.SZ,20260901,,0,0.0,,,0.0
159908.SZ,20260901,3.22,17000,54740.0,,,0.0
159909.SZ,20260901,1.335,1300,1735.5,,,0.0
159910.SZ,20260901,,0,0.0,,,0.0
159912.SZ,20260901,,0,0.0,,,0.0
159913.SZ,20260901,,0,0.0,,,0.0
159915.SZ,20260901,3.452,7891400,27241112.8,,,0.0
159916.SZ,20260901,5.175,400,2070.0,,,0.0
159918.SZ,20260901,,0,0.0,,,0.0
159919.SZ,20260901,4.888,65400,319675.2,,,0.0
159920.SZ,20260901,1.491,393900,587304.9,,,0.0
159922.SZ,20260901,3.228,25100,81022.8,,,0.0
159923.SZ,20260901,,0,0.0,,,0.0
159925.SZ,20260901,4.764,10700,50974.8,,,0.0
159928.SZ,20260901,0.665,1373100,913111.5,,,0.0
159929.SZ,20260901,1.32,37900,50028.0,,,0.0
159930.SZ,20260901,1.805,898300,1621431.5,,,0.0
159931.SZ,20260901,,0,0.0,,,0.0
159933.SZ,20260901,,0,0.0,,,0.0
159934.SZ,20260901,9.537,180600,1722382.2,,,0.0
159935.SZ,20260901,,0,0.0,,,0.0
159936.SZ,20260901,,0,0.0,,,0.0
159937.SZ,20260901,9.109,71500,651293.5,,,0.0
159938.SZ,20260901,0.642,22300,14316.6,,,0.0
159939.SZ,20260901,1.126,147200,165747.2,,,0.0
159940.SZ,20260901,1.223,1700,2079.1,,,0.0
159941.SZ,20260901,,0,0.0,,,0.0
159943.SZ,20260901,1.544,180500,278692.0,,,0.0
159944.SZ,20260901,1.551,4200,6514.2,,,0.0
159945.SZ,20260901,1.449,45600,66074.4,,,0.0
159948.SZ,20260901,3.812,7100,27065.2,,,0.0
159949.SZ,20260901,1.612,4399300,7091671.6,,,0.0
159952.SZ,20260901,2.092,718000,1502056.0,,,0.0
159954.SZ,20260901,0.923,12700,11722.1,,,0.0
159956.SZ,20260901,,0,0.0,,,0.0
159957.SZ,20260901,2.257,162200,366085.4,,,0.0
159958.SZ,20260901,2.088,400,835.2,,,0.0
159959.SZ,20260901,,0,0.0,,,0.0
159960.SZ,20260901,0.845,3100,2619.5,,,0.0
159961.SZ,20260901,,0,0.0,,,0.0
159964.SZ,20260901,,0,0.0,,,0.0
159965.SZ,20260901,,0,0.0,,,0.0
159966.SZ,20260901,0.535,1000,535.0,,,0.0
159967.SZ,20260901,0.787,1281200,1008304.4,,,0.0
159968.SZ,20260901,,0,0.0,,,0.0
159970.SZ,20260901,,0,0.0,,,0.0
159971.SZ,20260901,1.198,170400,204139.2,,,0.0
159972.SZ,20260901,119.796,100,11979.6,,,0.0
159973.SZ,20260901,,0,0.0,,,0.0
159974.SZ,20260901,,0,0.0,,,0.0
159975.SZ,20260901,,0,0.0,,,0.0
159976.SZ,20260901,,0,0.0,,,0.0
159977.SZ,20260901,1.788,51700,92439.6,,,0.0
159980.SZ,20260901,2.187,488300,1067912.1,,,0.0
159981.SZ,20260901,1.646,3031300,4989519.8,,,0.0
159982.SZ,20260901,2.143,300,642.9,,,0.0
159985.SZ,20260901,2.307,1793100,4136681.7,,,0.0
159991.SZ,20260901,,0,0.0,,,0.0
159992.SZ,20260901,0.847,2202400,1865432.8,,,0.0
159993.SZ,20260901,1.188,122000,144936.0,,,0.0
159994.SZ,20260901,1.286,231400,297580.4,,,0.0
159995.SZ,20260901,1.167,1184500,1382311.5,,,0.0
159996.SZ,20260901,1.447,65600,94923.2,,,0.0
159997.SZ,20260901,2.146,13800,29614.8,,,0.0
159998.SZ,20260901,0.997,125200,124824.4,,,0.0
160105.SZ,20260901,,0,0.0,,,0.0
160106.SZ,20260901,,0,0.0,,,0.0
160119.SZ,20260901,2.246,2627,5900.242,,,0.0
160125.SZ,20260901,,0,0.0,,,0.0
160127.SZ,20260901,,0,0.0,,,0.0
160128.SZ,20260901,,0,0.0,,,0.0
160133.SZ,20260901,,0,0.0,,,0.0
160135.SZ,20260901,,0,0.0,,,0.0
160140.SZ,20260901,1.43,30900,44187.0,,,0.0
160142.SZ,20260901,,0,0.0,,,0.0
160143.SZ,20260901,,0,0.0,,,0.0
160211.SZ,20260901,,0,0.0,,,0.0
160212.SZ,20260901,,0,0.0,,,0.0
160215.SZ,20260901,,0,0.0,,,0.0
160216.SZ,20260901,0.654,75963,49679.802,,,0.0
160218.SZ,20260901,0.572,38600,22079.2,,,0.0
160219.SZ,20260901,,0,0.0,,,0.0
160220.SZ,20260901,,0,0.0,,,0.0
160221.SZ,20260901,2.334,400,933.6,,,0.0
160222.SZ,20260901,0.663,500,331.5,,,0.0
160223.SZ,20260901,1.921,300,576.3,,,0.0
160225.SZ,20260901,,0,0.0,,,0.0
160311.SZ,20260901,,0,0.0,,,0.0
160314.SZ,20260901,,0,0.0,,,0.0
160322.SZ,20260901,,0,0.0,,,0.0
160323.SZ,20260901,,0,0.0,,,0.0
160324.SZ,20260901,,0,0.0,,,0.0
160325.SZ,20260901,,0,0.0,,,0.0
160326.SZ,20260901,,0,0.0,,,0.0
160416.SZ,20260901,2.192,52900,115956.8,,,0.0
160421.SZ,20260901,,0,0.0,,,0.0
160505.SZ,20260901,1.075,10000,10750.0,,,0.0
160512.SZ,20260901,,0,0.0,,,0.0
160513.SZ,20260901,,0,0.0,,,0.0
160515.SZ,20260901,,0,0.0,,,0.0
160518.SZ,20260901,2.616,300,784.8,,,0.0
160526.SZ,20260901,,0,0.0,,,0.0
160527.SZ,20260901,,0,0.0,,,0.0
160529.SZ,20260901,,0,0.0,,,0.0
160607.SZ,20260901,,0,0.0,,,0.0
160610.SZ,20260901,,0,0.0,,,0.0
160611.SZ,20260901,,0,0.0,,,0.0
160613.SZ,20260901,,0,0.0,,,0.0
160615.SZ,20260901,,0,0.0,,,0.0
160616.SZ,20260901,,0,0.0,,,0.0
160617.SZ,20260901,,0,0.0,,,0.0
160618.SZ,20260901,,0,0.0,,,0.0
160620.SZ,20260901,2.946,100,294.6,,,0.0
160621.SZ,20260901,,0,0.0,,,0.0
160622.SZ,20260901,,0,0.0,,,0.0
160625.SZ,20260901,,0,0.0,,,0.0
160626.SZ,20260901,1.663,3000,4989.0,,,0.0
160628.SZ,20260901,0.471,3200,1507.2,,,0.0
160629.SZ,20260901,1.061,2200,2334.2,,,0.0
160630.SZ,20260901,,0,0.0,,,0.0
160631.SZ,20260901,,0,0.0,,,0.0
160632.SZ,20260901,0.263,53300,14017.9,,,0.0
160633.SZ,20260901,,0,0.0,,,0.0
160635.SZ,20260901,,0,0.0,,,0.0
160637.SZ,20260901,,0,0.0,,,0.0
160638.SZ,20260901,,0,0.0,,,0.0
160639.SZ,20260901,,0,0.0,,,0.0
160641.SZ,20260901,,0,0.0,,,0.0
160642.SZ,20260901,,0,0.0,,,0.0
160643.SZ,20260901,,0,0.0,,,0.0
160644.SZ,20260901,1.795,319000,572605.0,,,0.0
160706.SZ,20260901,1.194,300,358.2,,,0.0
160716.SZ,20260901,,0,0.0,,,0.0
160717.SZ,20260901,,0,0.0,,,0.0
160719.SZ,20260901,1.97,749700,1476909.0,,,0.0
160722.SZ,20260901,,0,0.0,,,0.0
160723.SZ,20260901,2.09,2237500,4676375.0,,,0.0
160726.SZ,20260901,,0,0.0,,,0.0
160805.SZ,20260901,,0,0.0,,,0.0
160806.SZ,20260901,,0,0.0,,,0.0
160807.SZ,20260901,,0,0.0,,,0.0
160812.SZ,20260901,,0,0.0,,,0.0
160813.SZ,20260901,,0,0.0,,,0.0
160910.SZ,20260901,,0,0.0,,,0.0
160916.SZ,20260901,,0,0.0,,,0.0
160918.SZ,20260901,,0,0.0,,,0.0
160919.SZ,20260901,3.543,300,1062.9,,,0.0
160921.SZ,20260901,,0,0.0,,,0.0
160924.SZ,20260901,,0,0.0,,,0.0
160925.SZ,20260901,,0,0.0,,,0.0
160926.SZ,20260901,,0,0.0,,,0.0
161005.SZ,20260901,,0,0.0,,,0.0
161010.SZ,20260901,,0,0.0,,,0.0
161014.SZ,20260901,,0,0.0,,,0.0
161015.SZ,20260901,,0,0.0,,,0.0
161017.SZ,20260901,,0,0.0,,,0.0
161019.SZ,20260901,,0,0.0,,,0.0
161024.SZ,20260901,1.114,200,222.8,,,0.0
161025.SZ,20260901,,0,0.0,,,0.0
161026.SZ,20260901,1.219,100,121.9,,,0.0
161027.SZ,20260901,,0,0.0,,,0.0
161028.SZ,20260901,,0,0.0,,,0.0
161029.SZ,20260901,,0,0.0,,,0.0
161030.SZ,20260901,,0,0.0,,,0.0
161031.SZ,20260901,1.541,200,308.2,,,0.0
161032.SZ,20260901,2.446,4800,11740.8,,,0.0
161033.SZ,20260901,,0,0.0,,,0.0
161035.SZ,20260901,,0,0.0,,,0.0
161036.SZ,20260901,,0,0.0,,,0.0
161037.SZ,20260901,2.86,200,572.0,,,0.0
161038.SZ,20260901,,0,0.0,,,0.0
161039.SZ,20260901,2.686,600,1611.6,,,0.0
161040.SZ,20260901,,0,0.0,,,0.0
161115.SZ,20260901,,0,0.0,,,0.0
161116.SZ,20260901,1.65,161800,266970.0,,,0.0
161117.SZ,20260901,,0,0.0,,,0.0
161118.SZ,20260901,,0,0.0,,,0.0
161119.SZ,20260901,1.801,1254827,2259943.427,,,0.0
161121.SZ,20260901,,0,0.0,,,0.0
161122.SZ,20260901,,0,0.0,,,0.0
161123.SZ,20260901,,0,0.0,,,0.0
161124.SZ,20260901,0.902,500,451.0,,,0.0
161125.SZ,20260901,3.251,21300,69246.3,,,0.0
161126.SZ,20260901,2.172,56300,122283.6,,,0.0
161127.SZ,20260901,2.137,10800,23079.6,,,0.0
161128.SZ,20260901,7.005,13810,96739.05,,,0.0
161129.SZ,20260901,1.838,4675785,8594092.83,,,0.0
161130.SZ,20260901,4.606,6700,30860.2,,,0.0
161131.SZ,20260901,,0,0.0,,,0.0
161132.SZ,20260901,,0,0.0,,,0.0
161133.SZ,20260901,,0,0.0,,,0.0
161216.SZ,20260901,,0,0.0,,,0.0
161217.SZ,20260901,,0,0.0,,,0.0
161219.SZ,20260901,,0,0.0,,,0.0
161222.SZ,20260901,,0,0.0,,,0.0
161224.SZ,20260901,,0,0.0,,,0.0
161225.SZ,20260901,,0,0.0,,,0.0
161226.SZ,20260901,1.978,1910657,3779279.546,,,0.0
161227.SZ,20260901,,0,0.0,,,0.0
161229.SZ,20260901,,0,0.0,,,0.0
161232.SZ,20260901,,0,0.0,,,0.0
161233.SZ,20260901,,0,0.0,,,0.0
161505.SZ,20260901,,0,0.0,,,0.0
161607.SZ,20260901,,0,0.0,,,0.0
161610.SZ,20260901,,0,0.0,,,0.0
161614.SZ,20260901,,0,0.0,,,0.0
161626.SZ,20260901,,0,0.0,,,0.0
161631.SZ,20260901,2.771,200,554.2,,,0.0
161706.SZ,20260901,,0,0.0,,,0.0
161713.SZ,20260901,,0,0.0,,,0.0
161715.SZ,20260901,,0,0.0,,,0.0
161716.SZ,20260901,1.658,145100,240575.8,,,0.0
161720.SZ,20260901,,0,0.0,,,0.0
161722.SZ,20260901,,0,0.0,,,0.0
161724.SZ,20260901,2.555,5000,12775.0,,,0.0
161725.SZ,20260901,0.543,296300,160890.9,,,0.0
161726.SZ,20260901,,0,0.0,,,0.0
161727.SZ,20260901,,0,0.0,,,0.0
161728.SZ,20260901,,0,0.0,,,0.0
161729.SZ,20260901,1.97,100,197.0,,,0.0
161810.SZ,20260901,5.011,800,4008.8,,,0.0
161811.SZ,20260901,,0,0.0,,,0.0
161812.SZ,20260901,,0,0.0,,,0.0
161815.SZ,20260901,1.102,157100,173124.2,,,0.0
161816.SZ,20260901,,0,0.0,,,0.0
161820.SZ,20260901,,0,0.0,,,0.0
161831.SZ,20260901,,0,0.0,,,0.0
161834.SZ,20260901,,0,0.0,,,0.0
161837.SZ,20260901,,0,0.0,,,0.0
161903.SZ,20260901,1.723,8800,15162.4,,,0.0
161908.SZ,20260901,,0,0.0,,,0.0
161912.SZ,20260901,,0,0.0,,,0.0
161914.SZ,20260901,,0,0.0,,,0.0
162006.SZ,20260901,,0,0.0,,,0.0
162105.SZ,20260901,,0,0.0,,,0.0
162108.SZ,20260901,,0,0.0,,,0.0
162207.SZ,20260901,,0,0.0,,,0.0
162215.SZ,20260901,,0,0.0,,,0.0
162216.SZ,20260901,,0,0.0,,,0.0
162307.SZ,20260901,,0,0.0,,,0.0
162411.SZ,20260901,0.99,693000,686070.0,,,0.0
162412.SZ,20260901,0.588,300,176.4,,,0.0
162414.SZ,20260901,,0,0.0,,,0.0
162415.SZ,20260901,2.852,3000,8556.0,,,0.0
162509.SZ,20260901,,0,0.0,,,0.0
162605.SZ,20260901,1.593,1500,2389.5,,,0.0
162607.SZ,20260901,,0,0.0,,,0.0
162703.SZ,20260901,,0,0.0,,,0.0
162711.SZ,20260901,,0,0.0,,,0.0
162712.SZ,20260901,,0,0.0,,,0.0
162715.SZ,20260901,,0,0.0,,,0.0
162719.SZ,20260901,3.08,155400,478632.0,,,0.0
162720.SZ,20260901,,0,0.0,,,0.0
162721.SZ,20260901,,0,0.0,,,0.0
163001.SZ,20260901,,0,0.0,,,0.0
163003.SZ,20260901,0.672,6800,4569.6,,,0.0
163005.SZ,20260901,,0,0.0,,,0.0
163109.SZ,20260901,0.777,200,155.4,,,0.0
163110.SZ,20260901,,0,0.0,,,0.0
163111.SZ,20260901,,0,0.0,,,0.0
163113.SZ,20260901,,0,0.0,,,0.0
163114.SZ,20260901,,0,0.0,,,0.0
163115.SZ,20260901,,0,0.0,,,0.0
163116.SZ,20260901,,0,0.0,,,0.0
163118.SZ,20260901,,0,0.0,,,0.0
163208.SZ,20260901,1.406,9300,13075.8,,,0.0
163302.SZ,20260901,,0,0.0,,,0.0
163402.SZ,20260901,,0,0.0,,,0.0
163406.SZ,20260901,2.372,300,711.6,,,0.0
163407.SZ,20260901,,0,0.0,,,0.0
163409.SZ,20260901,,0,0.0,,,0.0
163412.SZ,20260901,,0,0.0,,,0.0
163415.SZ,20260901,,0,0.0,,,0.0
163417.SZ,20260901,2.13,37900,80727.0,,,0.0
163418.SZ,20260901,,0,0.0,,,0.0
163503.SZ,20260901,,0,0.0,,,0.0
163801.SZ,20260901,0.842,100,84.2,,,0.0
163819.SZ,20260901,,0,0.0,,,0.0
163821.SZ,20260901,,0,0.0,,,0.0
163907.SZ,20260901,,0,0.0,,,0.0
164105.SZ,20260901,,0,0.0,,,0.0
164206.SZ,20260901,,0,0.0,,,0.0
164208.SZ,20260901,,0,0.0,,,0.0
164210.SZ,20260901,,0,0.0,,,0.0
164403.SZ,20260901,,0,0.0,,,0.0
164508.SZ,20260901,,0,0.0,,,0.0
164509.SZ,20260901,,0,0.0,,,0.0
164606.SZ,20260901,,0,0.0,,,0.0
164701.SZ,20260901,1.716,411300,705790.8,,,0.0
164703.SZ,20260901,,0,0.0,,,0.0
164705.SZ,20260901,,0,0.0,,,0.0
164808.SZ,20260901,,0,0.0,,,0.0
164810.SZ,20260901,,0,0.0,,,0.0
164814.SZ,20260901,,0,0.0,,,0.0
164824.SZ,20260901,1.305,51800,67599.0,,,0.0
164902.SZ,20260901,,0,0.0,,,0.0
164906.SZ,20260901,0.93,71000,66030.0,,,0.0
165309.SZ,20260901,,0,0.0,,,0.0
165311.SZ,20260901,,0,0.0,,,0.0
165313.SZ,20260901,,0,0.0,,,0.0
165508.SZ,20260901,,0,0.0,,,0.0
165509.SZ,20260901,,0,0.0,,,0.0
165511.SZ,20260901,,0,0.0,,,0.0
165512.SZ,20260901,,0,0.0,,,0.0
165513.SZ,20260901,1.037,17400,18043.8,,,0.0
165515.SZ,20260901,,0,0.0,,,0.0
165516.SZ,20260901,,0,0.0,,,0.0
165517.SZ,20260901,,0,0.0,,,0.0
165519.SZ,20260901,,0,0.0,,,0.0
165520.SZ,20260901,,0,0.0,,,0.0
165521.SZ,20260901,,0,0.0,,,0.0
165522.SZ,20260901,,0,0.0,,,0.0
165525.SZ,20260901,,0,0.0,,,0.0
165528.SZ,20260901,2.573,200,514.6,,,0.0
166001.SZ,20260901,,0,0.0,,,0.0
166006.SZ,20260901,,0,0.0,,,0.0
166008.SZ,20260901,,0,0.0,,,0.0
166009.SZ,20260901,,0,0.0,,,0.0
166011.SZ,20260901,,0,0.0,,,0.0
166016.SZ,20260901,1.128,40800,46022.4,,,0.0
166023.SZ,20260901,,0,0.0,,,0.0
166024.SZ,20260901,,0,0.0,,,0.0
166025.SZ,20260901,,0,0.0,,,0.0
166027.SZ,20260901,,0,0.0,,,0.0
166105.SZ,20260901,,0,0.0,,,0.0
166107.SZ,20260901,,0,0.0,,,0.0
166401.SZ,20260901,,0,0.0,,,0.0
167001.SZ,20260901,,0,0.0,,,0.0
167002.SZ,20260901,,0,0.0,,,0.0
167003.SZ,20260901,,0,0.0,,,0.0
167301.SZ,20260901,1.066,43400,46264.4,,,0.0
167302.SZ,20260901,,0,0.0,,,0.0
167501.SZ,20260901,,0,0.0,,,0.0
167506.SZ,20260901,,0,0.0,,,0.0
167508.SZ,20260901,,0,0.0,,,0.0
168101.SZ,20260901,,0,0.0,,,0.0
168102.SZ,20260901,,0,0.0,,,0.0
168103.SZ,20260901,,0,0.0,,,0.0
168104.SZ,20260901,,0,0.0,,,0.0
168105.SZ,20260901,,0,0.0,,,0.0
168203.SZ,20260901,,0,0.0,,,0.0
168204.SZ,20260901,2.295,300,688.5,,,0.0
168301.SZ,20260901,,0,0.0,,,0.0
168401.SZ,20260901,,0,0.0,,,0.0
168701.SZ,20260901,1.022,200,204.4,,,0.0
169101.SZ,20260901,,0,0.0,,,0.0
169104.SZ,20260901,2.892,200,578.4,,,0.0
169105.SZ,20260901,,0,0.0,,,0.0
169106.SZ,20260901,,0,0.0,,,0.0
169201.SZ,20260901,,0,0.0,,,0.0
180101.SZ,20260901,1.57,19000,29830.0,,,0.0
180102.SZ,20260901,1.065,205400,218751.0,,,0.0
180103.SZ,20260901,,0,0.0,,,0.0
180105.SZ,20260901,1.306,1000,1306.0,,,0.0
180106.SZ,20260901,,0,0.0,,,0.0
180201.SZ,20260901,7.358,1900,13980.2,,,0.0
180202.SZ,20260901,4.655,800,3724.0,,,0.0
180203.SZ,20260901,,0,0.0,,,0.0
180301.SZ,20260901,,0,0.0,,,0.0
180302.SZ,20260901,,0,0.0,,,0.0
180303.SZ,20260901,,0,0.0,,,0.0
180305.SZ,20260901,,0,0.0,,,0.0
180306.SZ,20260901,,0,0.0,,,0.0
180401.SZ,20260901,,0,0.0,,,0.0
180402.SZ,20260901,,0,0.0,,,0.0
180501.SZ,20260901,3.221,200,644.2,,,0.0
180502.SZ,20260901,3.49,100,349.0,,,0.0
180503.SZ,20260901,,0,0.0,,,0.0
180601.SZ,20260901,,0,0.0,,,0.0
180602.SZ,20260901,,0,0.0,,,0.0
180603.SZ,20260901,,0,0.0,,,0.0
180605.SZ,20260901,,0,0.0,,,0.0
180606.SZ,20260901,,0,0.0,,,0.0
180607.SZ,20260901,,0,0.0,,,0.0
180701.SZ,20260901,,0,0.0,,,0.0
180801.SZ,20260901,,0,0.0,,,0.0
180901.SZ,20260901,,0,0.0,,,0.0
200011.SZ,20260901,,0,0.0,,,0.0
200012.SZ,20260901,1.26,1309,1649.34,,,0.0
200016.SZ,20260901,0.71,907900,644609.0,,,0.0
200017.SZ,20260901,1.59,5000,7950.0,,,0.0
200019.SZ,20260901,,0,0.0,,,0.0
200020.SZ,20260901,,0,0.0,,,0.0
200025.SZ,20260901,,0,0.0,,,0.0
200026.SZ,20260901,8.38,3000,25140.0,,,0.0
200028.SZ,20260901,,0,0.0,,,0.0
200029.SZ,20260901,3.99,100,399.0,,,0.0
200030.SZ,20260901,,0,0.0,,,0.0
200037.SZ,20260901,,0,0.0,,,0.0
200045.SZ,20260901,,0,0.0,,,0.0
200055.SZ,20260901,,0,0.0,,,0.0
200056.SZ,20260901,,0,0.0,,,0.0
200058.SZ,20260901,,0,0.0,,,0.0
200429.SZ,20260901,,0,0.0,,,0.0
200468.SZ,20260901,,0,0.0,,,0.0
200488.SZ,20260901,,0,0.0,,,0.0
200505.SZ,20260901,,0,0.0,,,0.0
200512.SZ,20260901,2.17,200,434.0,,,0.0
200521.SZ,20260901,,0,0.0,,,0.0
200530.SZ,20260901,,0,0.0,,,0.0
200539.SZ,20260901,1.85,13500,24975.0,,,0.0
200541.SZ,20260901,,0,0.0,,,0.0
200550.SZ,20260901,,0,0.0,,,0.0
200553.SZ,20260901,,0,0.0,,,0.0
200570.SZ,20260901,,0,0.0,,,0.0
200581.SZ,20260901,12.53,2500,31325.0,,,0.0
200596.SZ,20260901,54.68,1800,98424.0,,,0.0
200625.SZ,20260901,3.23,8200,26486.0,,,0.0
200706.SZ,20260901,,0,0.0,,,0.0
200725.SZ,20260901,,0,0.0,,,0.0
200726.SZ,20260901,,0,0.0,,,0.0
200761.SZ,20260901,0.9,3400,3060.0,,,0.0
200869.SZ,20260901,,0,0.0,,,0.0
200992.SZ,20260901,,0,0.0,,,0.0
201872.SZ,20260901,17.57,1600,28112.0,,,0.0
300001.SZ,20260901,34.8,33100,1151880.0,-0.11481056257177658,2.4269623182290934,44.31113662456934
300002.SZ,20260901,8.21,146300,1201123.0,0.0,4.125562906002617,45.0
300003.SZ,20260901,11.9,60500,719950.0,-0.1677852348993203,4.861268105151427,43.99328859060408
300004.SZ,20260901,8.8,88100,775280.0,-1.2345679012345623,4.238547418632687,37.592592592592624
300005.SZ,20260901,11.1,250000,2775000.0,0.0,6.897057679090799,45.0
300006.SZ,20260901,5.7,140600,801420.0,-0.17513134851138146,4.153851249413405,43.94921190893171
300007.SZ,20260901,31.86,18400,586224.0,0.2201950298836186,2.625285944423922,46.32117017930171
300008.SZ,20260901,6.28,257635,1617947.8,-0.7898894154818259,5.683760912611007,40.260663507109044
300009.SZ,20260901,8.38,173200,1451416.0,-0.5931198102016477,5.391441436479646,41.44128113879012
300010.SZ,20260901,3.63,2911400,10568382.0,-1.3586956521739246,19.6389693620911,36.84782608695645
300011.SZ,20260901,6.12,13800,84456.0,-0.4878048780487809,2.2542025479567207,42.073170731707314
300012.SZ,20260901,15.09,94700,1429023.0,0.06631299734747298,2.924090043234738,45.397877984084836
300013.SZ,20260901,4.22,46900,197918.0,-0.23640661938535423,2.7598184528120417,43.58156028368788
300014.SZ,20260901,52.8,105000,5544000.0,0.07581501137225999,4.741600968835712,45.45489006823356
300015.SZ,20260901,8.21,74790,614025.9,0.0,1.4988832872683273,45.0
300016.SZ,20260901,8.72,108300,944376.0,0.0,3.3511020061773404,45.0
300017.SZ,20260901,16.36,1542502,25235332.72,0.0,7.219452443084621,45.0
300018.SZ,20260901,11.63,10900,126767.0,-0.5982905982905851,0.409585665302204,41.41025641025649
300019.SZ,20260901,14.65,9600,140640.0,0.0683060109289535,3.1720891949620147,45.40983606557372
300020.SZ,20260901,3.62,87700,317474.0,1.9718309859154903,4.452245198701745,56.830985915492946
300021.SZ,20260901,4.04,163600,660944.0,0.4975124378109541,3.8402905296317273,47.985074626865725
300022.SZ,20260901,8.3,94500,784350.0,1.2195121951219745,4.8841459055139405,52.317073170731845
300024.SZ,20260901,14.43,76200,1099566.0,-0.4827586206896606,4.01981813016242,42.103448275862036
300025.SZ,20260901,5.46,25100,137046.0,-0.9074410163339319,0.7303599467417856,39.55535390199641
300026.SZ,20260901,3.33,66900,222777.0,-0.29940119760478723,1.1378242191498806,43.20359281437128
300027.SZ,20260901,1.83,347600,636108.0,0.0,12.76236579144743,45.0
300030.SZ,20260901,6.92,15200,105184.0,0.43541364296082463,1.8412083086507152,47.61248185776495
300031.SZ,20260901,21.17,29000,613930.0,0.04725897920605515,2.0169676114928308,45.28355387523633
300032.SZ,20260901,3.89,19900,77411.0,0.5167958656330685,1.034788993462881,48.10077519379841
300033.SZ,20260901,228.0,50920,11609760.0,-0.5235602094240788,3.77646287778846,41.85863874345553
300034.SZ,20260901,16.22,99200,1609024.0,-0.24600246002461912,9.991945889521897,43.52398523985229
300035.SZ,20260901,13.26,31000,411060.0,0.0,3.3879309063966523,45.0
300036.SZ,20260901,10.7,10600,113420.0,-0.0933706816059865,0.8983014476423012,44.439775910364084
300037.SZ,20260901,66.0,40900,2699400.0,0.6097560975609762,3.5648784772828273,48.65853658536586
300039.SZ,20260901,5.48,135700,743636.0,0.5504587155963359,3.7450349445165867,48.30275229357802
300040.SZ,20260901,5.72,82500,471900.0,0.0,4.216496966915312,45.0
300041.SZ,20260901,10.92,31800,347256.0,-0.2739726027397249,2.1498727135355797,43.35616438356165
300042.SZ,20260901,40.47,23700,959139.0,0.024715768660410475,3.401608537131412,45.14829461196246
300043.SZ,20260901,4.56,104600,476976.0,0.0,2.0289666846789274,45.0
300044.SZ,20260901,5.74,490600,2816044.0,0.5253940455341555,16.25909609860797,48.15236427320493
300045.SZ,20260901,12.45,11000,136950.0,0.0803858520900258,1.0187770567984253,45.48231511254016
300046.SZ,20260901,24.85,3500,86975.0,-0.04022526146418848,0.8353451729813287,44.758648431214866
300047.SZ,20260901,9.42,23200,218544.0,0.0,1.4219653212046899,45.0
300048.SZ,20260901,5.08,89100,452628.0,0.39525691699606735,6.059706975285541,47.3715415019764
300049.SZ,20260901,40.83,17800,726774.0,0.09806325079675382,3.757191780169369,45.58837950478052
300050.SZ,20260901,6.39,350700,2240973.0,0.4716981132075304,6.530313743407253,47.83018867924518
300051.SZ,20260901,8.35,18000,150300.0,0.36057692307691624,1.4668530774397501,47.1634615384615
300052.SZ,20260901,10.91,176700,1927797.0,0.8317929759704246,9.302850795325195,49.99075785582255
300053.SZ,20260901,12.34,17700,218418.0,-0.5640612409347323,1.5521271476647232,41.61563255439161
300054.SZ,20260901,72.96,70900,5172864.0,0.3300330033003229,3.4902046509210005,46.98019801980194
300055.SZ,20260901,6.03,69700,420291.0,-0.4950495049504844,4.080788445763422,42.029702970297095
300056.SZ,20260901,8.52,800,6816.0,-0.8149010477299212,0.1403152319118069,20.36733545774571
300057.SZ,20260901,6.86,257900,1769194.0,0.0,9.624447931903642,45.0
300058.SZ,20260901,13.99,2526304,35342992.96,-0.7801418439716268,5.62861805399635,40.31914893617024
300059.SZ,20260901,19.35,746800,14450580.0,-0.20629190304279899,3.5455077038048146,43.76224858174321
300061.SZ,20260901,6.28,101100,634908.0,0.9646302250803984,2.3496448879060194,50.78778135048239
300062.SZ,20260901,6.31,342000,2158020.0,2.60162601626015,6.604339809118513,60.609756097560904
300063.SZ,20260901,9.08,471400,4280312.0,-0.219780219780219,5.844572281702021,43.681318681318686
300065.SZ,20260901,15.57,68600,1068102.0,-0.19230769230769162,3.105555556585473,43.846153846153854
300066.SZ,20260901,5.03,56000,281680.0,0.0,4.640561900691439,45.0
300067.SZ,20260901,5.66,405000,2292300.0,1.0714285714285898,4.965695898812346,51.42857142857154
300068.SZ,20260901,4.08,261300,1066104.0,0.24570024570023108,6.675438380611372,46.47420147420139
300069.SZ,20260901,26.6,57500,1529500.0,0.3394945303659025,8.82841254097618,47.03696718219541
300070.SZ,20260901,3.48,41900,145812.0,0.0,1.1496913662665684,45.0
300071.SZ,20260901,4.29,865800,3714282.0,2.1428571428571352,4.867208512392912,57.85714285714281
300072.SZ,20260901,3.69,59500,219555.0,0.0,1.5118216839249856,45.0
300073.SZ,20260901,40.23,13100,527013.0,-0.19846192011908625,1.4153009437363215,43.80922847928548
300074.SZ,20260901,3.82,13600,51952.0,-0.26109660574412663,0.7215075057611156,43.43342036553524
300075.SZ,20260901,10.91,33900,369849.0,-0.09157509157509125,1.893248050286013,44.45054945054945
300076.SZ,20260901,4.52,7500,33900.0,-0.22075055187639192,1.2868892595349288,43.675496688741646
300077.SZ,20260901,20.87,196500,4100955.0,0.09592326139089558,4.581944581900317,45.57553956834538
300078.SZ,20260901,3.17,107900,342043.0,-0.6269592476489061,4.190934318912984,41.23824451410656
300079.SZ,20260901,4.87,1330300,6478561.0,1.4583333333333393,7.818111273289799,53.750000000000036
300080.SZ,20260901,3.78,24100,91098.0,0.2652519893899141,1.3672336888854322,46.59151193633949
300081.SZ,20260901,3.31,99503,329354.93,0.9146341463414753,5.83011122002984,50.48780487804885
300082.SZ,20260901,8.53,52000,443560.0,0.0,2.4735017174096074,45.0
300083.SZ,20260901,13.72,165500,2270660.0,-0.29069767441859407,2.714808141724543,43.255813953488435
300084.SZ,20260901,10.4,10400,108160.0,-0.09606147934677622,1.7472724795505632,44.42363112391934
300085.SZ,20260901,32.07,278027,8916325.89,-0.37278657968312645,4.14643789512631,42.763280521901244
300086.SZ,20260901,6.61,20000,132200.0,0.15151515151516914,0.9888247359130183,45.90909090909101
300087.SZ,20260901,5.78,535500,3095190.0,-1.5332197614991494,10.988394712287802,35.8006814310051
300088.SZ,20260901,7.12,183500,1306520.0,-0.2801120448179262,2.522683044850665,43.31932773109244
300091.SZ,20260901,2.55,26000,66300.0,0.0,5.3996514385729375,45.0
300092.SZ,20260901,12.11,7600,92036.0,0.0,2.940711102772415,45.0
300093.SZ,20260901,23.37,7300,170601.0,-0.5954912803062595,1.6082075039314125,41.427052318162445
300094.SZ,20260901,3.03,282800,856884.0,-0.9803921568627527,2.079067920937636,39.117647058823486
300095.SZ,20260901,8.55,166400,1422720.0,-0.2333722287047757,18.965540438712786,43.599766627771345
300096.SZ,20260901,8.77,500,4385.0,0.8045977011494232,0.2505354803090825,49.82758620689654
300097.SZ,20260901,10.69,97800,1045482.0,-0.37278657968313755,5.965052117780159,42.76328052190117
300098.SZ,20260901,4.58,218000,998440.0,-0.2178649237472685,4.359832771093829,43.69281045751639
300099.SZ,20260901,5.99,56399,337830.01,-0.4983388704318803,5.165189111665293,42.00996677740872
300100.SZ,20260901,21.51,4000,86040.0,-0.4166666666666652,0.8972697152530827,42.50000000000001
300101.SZ,20260901,14.6,48300,705180.0,0.6896551724137945,6.266157200770995,49.13793103448277
300102.SZ,20260901,18.13,28800,522144.0,-0.2750275027502802,1.5850389659706374,43.34983498349832
300103.SZ,20260901,8.57,36500,312805.0,0.0,2.278363256263526,45.0
300105.SZ,20260901,7.75,37200,288300.0,-0.5134788189987138,2.6789686492927203,41.91912708600772
300106.SZ,20260901,11.2,129700,1452640.0,-0.267141585040076,7.294103486239066,43.39715048975955
300107.SZ,20260901,7.06,93600,660816.0,1.2912482065997155,3.3187293285772417,52.747489239598295
300109.SZ,20260901,14.4,403320,5807808.0,0.20876826722338038,17.198530214412397,46.25260960334028
300110.SZ,20260901,2.9,55900,162110.0,0.0,2.2048738925770612,45.0
300111.SZ,20260901,3.06,128300,392598.0,0.0,2.836135368925082,45.0
300112.SZ,20260901,9.63,91600,882108.0,-0.413650465356763,4.840929544643738,42.51809720785942
300113.SZ,20260901,16.9,92400,1561560.0,0.11848341232227888,5.02296088619721,45.71090047393368
300115.SZ,20260901,24.73,202300,5002879.0,-0.08080808080808133,8.296700378949527,44.515151515151516
300118.SZ,20260901,9.73,65200,634396.0,0.7246376811594235,3.3505500071947285,49.347826086956545
300119.SZ,20260901,17.25,15900,274275.0,-0.28901734104046506,2.7430795480907486,43.26589595375721
300120.SZ,20260901,8.0,901400,7211200.0,0.25062656641603454,14.712238423640452,46.50375939849621
300121.SZ,20260901,9.74,25900,252266.0,-0.2049180327868827,2.690506666476681,43.7704918032787
300122.SZ,20260901,13.58,352000,4780160.0,-0.5856515373352855,5.635602743393533,41.48609077598829
300123.SZ,20260901,4.67,167000,779890.0,0.4301075268817067,3.7412387782519905,47.58064516129024
300124.SZ,20260901,61.78,74600,4608788.0,-0.1454663003070844,3.3563232620850845,44.12720219815749
300125.SZ,20260901,9.85,74200,730870.0,1.546391752577314,10.99568651706503,54.278350515463885
300126.SZ,20260901,6.83,13300,90839.0,0.0,3.8744993037425925,45.0
300127.SZ,20260901,25.01,18000,450180.0,0.0,6.2613389234469325,45.0
300128.SZ,20260901,5.04,48300,243432.0,0.0,1.2500260474085199,45.0
300129.SZ,20260901,7.48,54100,404668.0,0.8086253369272267,2.517641803587221,49.85175202156336
300130.SZ,20260901,19.6,30500,597800.0,-0.50761421319796,1.3028746135948315,41.95431472081224
300131.SZ,20260901,16.89,410700,6936723.0,-0.5885815185403098,6.677396548559064,41.46851088875814
300132.SZ,20260901,6.33,5500,34815.0,0.0,0.44574763478162077,45.0
300133.SZ,20260901,7.7,7028561,54119919.7,-3.749999999999998,37.66624181068256,22.500000000000014
300134.SZ,20260901,8.74,43600,381064.0,0.0,3.2882880351331787,45.0
300135.SZ,20260901,3.66,208600,763476.0,0.273972602739736,8.090249887011101,46.643835616438416
300136.SZ,20260901,61.0,91800,5599800.0,-0.34308119588302155,3.0116575019641463,42.941512824701874
300137.SZ,20260901,11.65,4400,51260.0,0.3445305770887197,0.25751900949463646,47.06718346253232
300138.SZ,20260901,11.41,7800,88998.0,-0.5231037489102031,0.5141199405788262,41.86137750653878
300139.SZ,20260901,52.39,696377,36483191.03,0.4987531172069737,22.00179586712916,47.99251870324184
300140.SZ,20260901,5.47,2200,12034.0,-0.36429872495447047,0.1723368092859117,28.83483332173728
300141.SZ,20260901,10.2,6500,66300.0,0.19646365422396617,1.432883168844253,46.1787819253438
300142.SZ,20260901,13.51,1000900,13522159.0,-0.5886681383370118,9.241767521778215,41.46799116997793
300143.SZ,20260901,7.77,20300,157731.0,0.6476683937823857,2.5891738537193647,48.886010362694314
300144.SZ,20260901,5.91,86800,512988.0,0.0,1.8740414231980582,45.0
300145.SZ,20260901,4.8,432900,2077920.0,0.0,4.449924774669711,45.0
300146.SZ,20260901,9.79,24900,243771.0,-0.10204081632654294,2.125931732984316,44.38775510204074
300147.SZ,20260901,6.25,62400,390000.0,-0.31897926634768536,8.261387066976484,43.086124401913885
300148.SZ,20260901,3.51,320000,1123200.0,-0.5665722379603388,5.86469320993292,41.600566572237966
300149.SZ,20260901,9.24,36400,336336.0,0.32573289902280145,1.9944402902628402,46.954397394136805
300150.SZ,20260901,4.35,11400,49590.0,-0.2293577981651529,1.5460558630918428,43.623853211009084
300151.SZ,20260901,16.77,37100,622167.0,0.41916167664670656,3.7140784102342503,47.51497005988024
300152.SZ,20260901,1.73,167300,289429.0,0.0,10.089024126812799,45.0
300153.SZ,20260901,22.29,13400,298686.0,-0.5798394290811859,2.525923554770323,41.52096342551288
300154.SZ,20260901,12.52,21300,266676.0,0.0,1.383005494106479,45.0
300155.SZ,20260901,4.47,560000,2503200.0,-3.455723542116629,26.22059524122417,24.26565874730023
300157.SZ,20260901,4.15,38400,159360.0,0.0,1.377843857249351,45.0
300158.SZ,20260901,5.32,343500,1827420.0,1.9157088122605526,5.093872700746144,56.49425287356331
300159.SZ,20260901,3.1,209800,650380.0,0.0,3.2741993603898516,45.0
300160.SZ,20260901,4.41,16300,71883.0,-0.4514672686230181,2.5441166201568377,42.291196388261895
300161.SZ,20260901,26.69,8400,224196.0,-0.7437709185570851,2.227452415534367,40.53737448865749
300162.SZ,20260901,7.84,65800,515872.0,-0.1273885350318471,4.365845735629842,44.23566878980892
300163.SZ,20260901,7.79,428700,3339573.0,2.2309711286089273,7.318178800744385,58.38582677165356
300164.SZ,20260901,10.83,1559800,16892634.0,1.0261194029850706,16.02649101761447,51.156716417910424
300165.SZ,20260901,5.51,38000,209380.0,-0.3616636528029016,3.5546821407151503,42.830018083182594
300166.SZ,20260901,12.91,183800,2372858.0,0.3108003108003077,4.6884436640714835,46.86480186480185
300167.SZ,20260901,4.06,87100,353626.0,0.24691358024691024,19.758367788272025,46.48148148148146
300168.SZ,20260901,5.07,10400,52728.0,-0.39292730844793233,0.5136667451563898,42.6424361493124
300169.SZ,20260901,5.78,661000,3820580.0,-2.033898305084747,27.18601810967773,32.796610169491515
300170.SZ,20260901,17.23,692900,11938667.0,1.5321154979375473,7.853534932170705,54.192692987625286
300171.SZ,20260901,14.9,133600,1990640.0,-0.6004002668445585,7.150519026974072,41.39759839893265
300172.SZ,20260901,4.7,21900,102930.0,0.0,1.8953075073364218,45.0
300173.SZ,20260901,3.3,216200,713460.0,0.0,28.83508651192815,45.0
300174.SZ,20260901,19.5,176100,3433950.0,2.739726027397249,11.575720211544269,61.43835616438349
300175.SZ,20260901,6.02,6000,36120.0,-0.16583747927032544,0.648050768426378,44.00497512437805
300176.SZ,20260901,4.71,4700,22137.0,0.0,0.38799331320156843,45.0
300177.SZ,20260901,6.49,16000,103840.0,0.0,1.5145454264884952,45.0
300179.SZ,20260901,37.63,177000,6660510.0,1.2103281334050697,5.983604436997787,52.26196880043042
300180.SZ,20260901,4.7,173600,815920.0,0.42735042735044804,2.3789934449384837,47.56410256410269
300181.SZ,20260901,13.69,61400,840566.0,0.293040293040292,5.28930107051024,46.75824175824175
300182.SZ,20260901,5.44,7863100,42775264.0,1.115241635687747,24.05396341290061,51.691449814126486
300183.SZ,20260901,10.8,8500,91800.0,0.2785515320334442,2.779553098729363,46.67130919220067
300184.SZ,20260901,12.49,238700,2981363.0,0.48270313757039496,6.493344052810159,47.896218825422366
300185.SZ,20260901,2.71,63600,172356.0,0.0,1.2763752412864422,45.0
300187.SZ,20260901,4.78,23300,111374.0,-0.6237006237006071,3.3670755373560697,41.25779625779636
300188.SZ,20260901,10.45,38700,404415.0,0.09578544061301653,4.003223485055122,45.5747126436781
300189.SZ,20260901,6.28,8075300,50712884.0,-0.15898251192368873,21.658991097366705,44.046104928457865
300190.SZ,20260901,3.76,9300,34968.0,-0.7915567282322011,0.5264560602453179,40.25065963060679
300191.SZ,20260901,38.0,140200,5327600.0,-0.1838718150774854,10.702257619557486,43.896769109535086
300192.SZ,20260901,17.47,86700,1514649.0,-0.057208237986283716,4.991383860340718,44.656750572082295
300193.SZ,20260901,8.12,18100,146972.0,-0.36809815950921143,2.3638736695658644,42.79141104294473
300194.SZ,20260901,3.95,25800,101910.0,-0.2525252525252486,1.483282549839407,43.484848484848506
300195.SZ,20260901,6.1,86000,524600.0,0.9933774834437026,2.2399690180534115,50.96026490066222
300196.SZ,20260901,17.87,104300,1863841.0,2.9971181556196047,8.593434395955885,62.98270893371763
300197.SZ,20260901,2.05,1025700,2102685.0,0.4901960784313708,5.029354826370669,47.941176470588225
300198.SZ,20260901,2.4,85600,205440.0,-0.8264462809917328,13.094218857758095,40.0413223140496
300199.SZ,20260901,23.0,87000,2001000.0,0.17421602787455193,3.483419084271563,46.045296167247315
300200.SZ,20260901,8.71,3800,33098.0,0.11494252873565092,0.5500728924195617,45.68965517241391
300201.SZ,20260901,14.06,76800,1079808.0,-0.14204545454544748,4.119238224974416,44.147727272727316
300203.SZ,20260901,13.07,5800,75806.0,0.5384615384615321,1.392174048385238,48.23076923076919
300204.SZ,20260901,21.43,12800,274304.0,0.0,1.0978011582727591,45.0
300205.SZ,20260901,,0,0.0,,0.0,0.0
300206.SZ,20260901,11.78,9000,106020.0,-0.08481764206954567,1.4473080768170383,44.49109414758273
300207.SZ,20260901,17.42,239900,4179058.0,0.0,8.576563942352,45.0
300209.SZ,20260901,35.0,577000,20195000.0,0.37281330656726563,12.25905356330193,47.23687983940359
300210.SZ,20260901,8.16,29700,242352.0,-0.4878048780487698,4.598189392725828,42.07317073170738
300211.SZ,20260901,7.69,3400,26146.0,0.0,1.5816065677141264,45.0
300212.SZ,20260901,7.8,50000,390000.0,0.0,5.298286362743176,45.0
300213.SZ,20260901,6.43,25500,163965.0,-0.4643962848297267,2.0258204164965203,42.213622291021636
300214.SZ,20260901,12.53,436600,5470598.0,0.8856682769726287,11.978791177973717,50.31400966183577
300215.SZ,20260901,6.5,189000,1228500.0,0.9316770186335255,8.0714405257393,50.59006211180115
300217.SZ,20260901,4.22,60600,255732.0,-0.23640661938535423,2.9927060776320236,43.58156028368788
300218.SZ,20260901,13.09,6400,83776.0,0.6149116064565696,3.1776132413498455,48.68946963873942
300219.SZ,20260901,7.16,26800,191888.0,0.0,2.2135711053480835,45.0
300220.SZ,20260901,11.47,44400,509268.0,-0.3475238922675872,18.502613944552106,42.914856646394476
300221.SZ,20260901,14.04,53200,746928.0,0.28571428571428914,3.721155581538379,46.71428571428574
300222.SZ,20260901,10.33,77900,804707.0,0.6822612085769952,5.595879877176825,49.09356725146197
300223.SZ,20260901,139.95,121433,16994548.35,0.0,5.706792250379893,45.0
300224.SZ,20260901,11.71,57300,670983.0,-1.0143702451394732,3.6819436389978004,38.91377852916316
300225.SZ,20260901,7.25,2700,19575.0,-0.27510316368637433,0.1728113296347183,29.455420352131046
300226.SZ,20260901,17.11,20100,343911.0,0.2930832356389246,1.993924324023124,46.75849941383355
300227.SZ,20260901,13.57,109800,1489986.0,0.0,4.863850214322537,45.0
300228.SZ,20260901,7.09,35300,250277.0,-0.5610098176718092,2.5438191641751775,41.63394109396914
300229.SZ,20260901,13.8,346100,4776180.0,1.6200294550809957,7.2271048115918655,54.720176730485974
300230.SZ,20260901,4.38,31900,139722.0,-0.6802721088435382,3.5068378343131688,40.91836734693877
300231.SZ,20260901,8.37,46700,390879.0,-0.5938242280285166,3.574111258268045,41.4370546318289
300232.SZ,20260901,5.6,43600,244160.0,-0.7092198581560294,3.3448837391115833,40.744680851063826
300233.SZ,20260901,13.11,33100,433941.0,-0.8320726172466042,3.859897047156833,40.00756429652037
300234.SZ,20260901,10.32,102000,1052640.0,0.78125,12.33135432348279,49.6875
300235.SZ,20260901,11.07,37800,418446.0,-0.7174887892376636,7.651223037157744,40.69506726457402
300236.SZ,20260901,88.31,16500,1457115.0,-0.02264236386277929,2.968222458170489,44.864145816823324
300237.SZ,20260901,2.13,618000,1316340.0,0.0,14.677097794117856,45.0
300238.SZ,20260901,11.6,13500,156600.0,0.34602076124565784,3.515259351156895,47.07612456747395
300239.SZ,20260901,5.12,8200,41984.0,-0.38910505836574627,1.2119233466565806,42.66536964980552
300240.SZ,20260901,6.19,18600,115134.0,-0.32206119162639935,2.421380579789142,43.0676328502416
300241.SZ,20260901,5.9,129400,763460.0,0.0,6.717457352381397,45.0
300242.SZ,20260901,4.11,21400,87954.0,-0.24271844660194164,0.8334268744149813,43.54368932038835
300243.SZ,20260901,17.23,77700,1338771.0,0.40792540792540244,4.397753158031618,47.44755244755241
300244.SZ,20260901,18.76,145300,2725828.0,1.625135427952329,5.6467960489127975,54.75081256771397
300245.SZ,20260901,6.13,44600,273398.0,0.0,5.921852513880305,45.0
300246.SZ,20260901,15.1,12700,191770.0,0.33222591362125353,1.6704560992750013,46.99335548172752
300247.SZ,20260901,3.79,4900,18571.0,0.0,0.34273823841810147,45.0
300248.SZ,20260901,9.0,102308,920772.0,0.7838745800671898,6.391813163399665,49.703247480403135
300249.SZ,20260901,13.74,82900,1139046.0,0.0,4.344008625795559,45.0
300250.SZ,20260901,15.89,20100,319389.0,0.8888888888888946,0.990746413883879,50.33333333333337
300251.SZ,20260901,11.51,2133500,24556585.0,-1.371036846615259,23.483382230342762,36.773778920308445
300252.SZ,20260901,11.84,35600,421504.0,-0.33670033670034627,2.0073412324070676,42.97979797979792
300253.SZ,20260901,7.08,223000,1578840.0,0.14144271570013522,3.0680637984697223,45.84865629420081
300254.SZ,20260901,8.92,17800,158776.0,0.0,1.7800433955422414,45.0
300255.SZ,20260901,23.55,56200,1323510.0,-0.42283298097250954,3.7280858502731884,42.463002114164944
300256.SZ,20260901,2.92,333400,973528.0,-0.34129692832765013,4.4939794306743694,42.9522184300341
300257.SZ,20260901,18.88,2900,54752.0,-0.5792522380200116,0.2854665920821656,41.52448657187993
300258.SZ,20260901,9.51,11500,109365.0,0.0,2.237170879004516,45.0
300259.SZ,20260901,4.43,130600,578558.0,-0.22522522522524513,6.300488081515547,43.64864864864853
300260.SZ,20260901,59.02,28000,1652560.0,-0.4217985490129861,2.6393270514282094,42.469208705922085
300261.SZ,20260901,4.96,6900,34224.0,-0.2012072434607548,0.5482086851123864,43.79275653923547
300263.SZ,20260901,10.65,131500,1400475.0,-0.3741814780168329,2.7130237319422754,42.754911131899
300264.SZ,20260901,6.48,39800,257904.0,0.0,2.454216557947384,45.0
300265.SZ,20260901,13.79,58700,809473.0,0.7304601899196461,3.7150271571310904,49.382761139517875
300266.SZ,20260901,1.9,60600,115140.0,0.0,2.7420295982019294,45.0
300267.SZ,20260901,3.3,40800,134640.0,-0.30211480362538623,1.2678338930814321,43.18731117824768
300268.SZ,20260901,13.5,13000,175500.0,-0.4424778761061954,3.4416473797270455,42.345132743362825
300269.SZ,20260901,5.11,28000,143080.0,0.5905511811023612,1.793591468100497,48.54330708661416
300270.SZ,20260901,11.56,20400,235824.0,-0.430663221360883,1.7374110719326068,42.4160206718347
300271.SZ,20260901,5.92,97900,579568.0,-0.6711409395973145,5.685705715481779,40.97315436241611
300272.SZ,20260901,5.93,189300,1122549.0,0.0,17.923446258165924,45.0
300274.SZ,20260901,90.51,520600,47119506.0,-1.081967213114754,8.168216465709262,38.50819672131148
300275.SZ,20260901,9.18,10200,93636.0,-0.21739130434782483,1.5993867821672303,43.695652173913054
300276.SZ,20260901,6.45,32300,208335.0,0.3110419906687367,1.813794549777194,46.86625194401242
300277.SZ,20260901,12.61,123800,1561118.0,1.4481094127111849,7.356248972987291,53.68865647626711
300278.SZ,20260901,3.75,12200,45750.0,0.0,0.568651652061117,45.0
300279.SZ,20260901,5.85,30100,176085.0,0.5154639175257714,2.364658233722297,48.09278350515463
300281.SZ,20260901,6.68,9700,64796.0,-0.29850746268657025,1.5025851044969838,43.20895522388058
300283.SZ,20260901,13.77,117200,1613844.0,0.7315288953913646,3.5958524648057697,49.38917337234819
300284.SZ,20260901,5.28,27000,142560.0,-0.37735849056602655,2.37292125331988,42.73584905660384
300285.SZ,20260901,69.07,306372,21161114.04,-1.2862655423753089,3.5582363246037714,37.28240674574815
300286.SZ,20260901,19.97,9900,197703.0,0.0,1.9172761098730404,45.0
300287.SZ,20260901,3.64,18300,66612.0,0.0,0.32174990381599333,45.0
300288.SZ,20260901,10.14,15100,153114.0,-0.09852216748768017,3.0682085490370854,44.40886699507392
300289.SZ,20260901,5.98,8900,53222.0,-0.4991680532445808,1.5807053559811008,42.00499168053251
300290.SZ,20260901,5.9,45800,270220.0,-0.33783783783782884,3.220681965060706,42.972972972973025
300291.SZ,20260901,5.36,2093100,11219016.0,-1.2891344383056946,22.92996123072985,37.26519337016583
300292.SZ,20260901,4.35,55300,240555.0,-0.2293577981651529,1.1246580932800414,43.623853211009084
300293.SZ,20260901,15.38,6200,95356.0,-0.194678780012969,1.78523876294902,43.83192731992219
300294.SZ,20260901,14.7,2500,36750.0,0.0680735194009463,0.5216191034260397,45.408441116405676
300295.SZ,20260901,12.34,131600,1623944.0,-2.0634920634920673,46.05900558457643,32.61904761904759
300296.SZ,20260901,5.11,108600,554946.0,-0.1953125,2.6912619406438374,43.828125
300298.SZ,20260901,16.04,18600,298344.0,0.5012531328320691,5.519019652689853,48.007518796992414
300299.SZ,20260901,5.53,78000,431340.0,0.0,2.1536385794999444,45.0
300300.SZ,20260901,7.66,142600,1092316.0,0.7894736842105399,2.440880826394341,49.736842105263236
300301.SZ,20260901,3.47,1000,3470.0,0.28901734104047616,0.08186879797789373,16.47048768226373
300302.SZ,20260901,30.3,122600,3714780.0,0.06605019815060231,6.180443706790339,45.396301188903614
300303.SZ,20260901,7.1,65400,464340.0,-0.14064697609001975,1.999662267490496,44.15611814345988
300304.SZ,20260901,11.33,5900,66847.0,-0.3518029903254116,0.43632538350447103,42.88918205804753
300305.SZ,20260901,6.47,81300,526011.0,0.0,9.146427096457696,45.0
300306.SZ,20260901,10.62,3600,38232.0,0.0,1.4198589135903026,45.0
300307.SZ,20260901,7.49,267200,2001328.0,-0.13333333333332975,17.30901633587559,44.200000000000024
300308.SZ,20260901,852.5,141500,120628750.0,0.07043080173729788,4.890591088163855,45.422584810423785
300310.SZ,20260901,4.43,91500,405345.0,-0.22522522522524513,3.239468313530515,43.64864864864853
300311.SZ,20260901,5.51,156600,862866.0,0.36429872495444826,3.7019818829095508,47.18579234972669
300313.SZ,20260901,13.88,1379100,19141908.0,-4.077401520387003,28.637176634050807,20.535590877677983
300314.SZ,20260901,11.75,19300,226775.0,-0.5922165820642977,3.325236389445645,41.44670050761421
300315.SZ,20260901,4.02,245500,986910.0,-0.24813895781639062,2.259809614921354,43.511166253101656
300316.SZ,20260901,42.91,44300,1900913.0,-0.6712962962963087,4.352922676336959,40.97222222222215
300317.SZ,20260901,4.12,75600,311472.0,-0.2421307506053183,1.3472041681290035,43.54721549636809
300318.SZ,20260901,5.13,124000,636120.0,0.0,12.11824143765336,45.0
300319.SZ,20260901,21.04,1003900,21122056.0,0.19047619047618536,9.284332382486795,46.14285714285711
300320.SZ,20260901,8.45,3800,32110.0,-0.11820330969268822,0.8960943332206927,44.29078014184387
300321.SZ,20260901,33.82,28500,963870.0,1.4701470147014728,10.2142330118475,53.82088208820883
300322.SZ,20260901,18.11,134100,2428551.0,0.499445061043291,5.233206023325006,47.99667036625975
300323.SZ,20260901,12.0,122900,1474800.0,-0.33222591362125353,2.406226310909075,43.00664451827248
300324.SZ,20260901,3.6,37800,136080.0,-0.27700831024930483,0.8578408157963076,43.33795013850417
300326.SZ,20260901,6.2,234300,1452660.0,1.1419249592169667,26.626474240922118,51.851549755301804
300327.SZ,20260901,25.45,47500,1208875.0,0.8320126782884296,4.7912124791936685,49.99207606973058
300328.SZ,20260901,17.0,1147500,19507500.0,-2.857142857142858,18.13770231849432,27.85714285714285
300329.SZ,20260901,12.29,1400,17206.0,0.16299918500406463,0.5366627893617079,45.97799511002439
300331.SZ,20260901,49.8,28400,1414320.0,0.2819170358437484,3.170106073944944,46.69150221506249
300332.SZ,20260901,5.06,26500,134090.0,0.3968253968253954,1.0623374375496522,47.38095238095237
300333.SZ,20260901,12.24,348800,4269312.0,-0.9708737864077555,5.282377525775544,39.17475728155347
300334.SZ,20260901,8.18,39600,323928.0,0.9876543209876631,4.614939720477076,50.92592592592598
300335.SZ,20260901,5.67,21700,123039.0,0.3539823008849474,1.4854997874878937,47.123893805309685
300337.SZ,20260901,9.99,31800,317682.0,-0.29940119760478723,1.2266403438307796,43.20359281437128
300338.SZ,20260901,3.19,15700,50083.0,0.0,3.147214046009438,45.0
300339.SZ,20260901,36.1,53500,1931350.0,-0.19353055017971021,1.480592951423178,43.83881669892174
300340.SZ,20260901,9.07,21900,198633.0,0.6659267480577213,4.107785182810018,48.99556048834633
300341.SZ,20260901,13.31,49300,656183.0,-0.37425149700598404,12.321607105233877,42.7544910179641
300342.SZ,20260901,33.38,26300,877894.0,-0.29868578255672906,2.610349069488469,43.20788530465963
300343.SZ,20260901,5.81,18800,109228.0,-0.1718213058419349,1.078274901915711,43.96907216494839
300345.SZ,20260901,8.03,196800,1580304.0,-0.8641975308641969,5.413059177182153,39.81481481481482
300346.SZ,20260901,55.86,124800,6971328.0,-0.017898693395379528,5.171890909702559,44.89260783962772
300347.SZ,20260901,52.5,54700,2871750.0,-0.5493464671339265,4.474759839524106,41.70392119719644
300348.SZ,20260901,10.03,10400,104312.0,0.0,0.4120479675059712,45.0
300349.SZ,20260901,10.35,5900,61065.0,-0.28901734104047616,1.0469631575254215,43.265895953757145
300350.SZ,20260901,4.47,3200,14304.0,-0.666666666666671,0.25427919134182764,40.99999999999997
300351.SZ,20260901,14.56,14600,212576.0,0.0,2.3259561888968876,45.0
300352.SZ,20260901,2.59,96700,250453.0,-0.7662835249042099,4.255101782990145,40.40229885057474
300353.SZ,20260901,18.4,16100,296240.0,0.054377379010328575,0.8593881683199913,45.32626427406197
300354.SZ,20260901,28.25,5300,149725.0,-0.3527336860670194,3.919084096553312,42.883597883597886
300355.SZ,20260901,2.86,96900,277134.0,-0.694444444444442,3.3267653204425,40.83333333333335
300357.SZ,20260901,22.34,24500,547330.0,-0.13410818059902407,3.254087996604673,44.19535091640586
300358.SZ,20260901,8.9,43700,388930.0,-0.22421524663677195,1.7907973360913074,43.65470852017937
300359.SZ,20260901,4.28,175100,749428.0,0.23419203747074846,9.120561757906898,46.40515222482449
300360.SZ,20260901,11.51,5100,58701.0,-0.6044905008635637,1.0177507196241904,41.37305699481862
300363.SZ,20260901,19.23,30100,578823.0,-0.20757654385054058,1.7532099347874799,43.75454073689676
300364.SZ,20260901,28.84,6091935,175691405.4,5.718475073313778,27.743756193988492,79.31085043988267
300365.SZ,20260901,4.77,15900,75843.0,-0.41753653444677186,1.5119058775348464,42.49478079331937
300366.SZ,20260901,5.37,24600,132102.0,-0.37105751391465214,5.240441273384149,42.773654916512086
300368.SZ,20260901,9.31,583300,5430523.0,-0.9574468085106314,6.181853319656652,39.25531914893621
300369.SZ,20260901,7.52,249000,1872480.0,-0.3973509933774877,4.083332008533269,42.615894039735075
300370.SZ,20260901,2.24,22700,50848.0,0.4484304932735439,1.5128346832108168,47.69058295964126
300371.SZ,20260901,10.67,25900,276353.0,-0.7441860465116301,6.132063615316209,40.53488372093022
300373.SZ,20260901,93.01,56600,5264366.0,-0.22527354644925612,4.066305963018328,43.64835872130446
300374.SZ,20260901,11.06,70000,774200.0,0.09049773755656076,16.78683870561392,45.542986425339365
300375.SZ,20260901,4.22,56100,236742.0,-0.23640661938535423,5.432164451893983,43.58156028368788
300376.SZ,20260901,4.37,47800,208886.0,0.0,1.842808379422561,45.0
300377.SZ,20260901,15.08,96900,1461252.0,-0.33046926635823537,1.8354531900801276,43.017184401850585
300378.SZ,20260901,39.31,612800,24089168.0,1.99792423456151,13.757400023938077,56.98754540736906
300380.SZ,20260901,29.69,12200,362218.0,0.1686909581646523,1.049550267012272,46.01214574898791
300381.SZ,20260901,5.7,65800,375060.0,0.0,3.9533257848358354,45.0
300382.SZ,20260901,18.37,25700,472109.0,0.6024096385542244,1.2516776584820586,48.614457831325346
300383.SZ,20260901,12.4,135800,1683920.0,0.08071025020177647,3.9768449865157454,45.48426150121066
300384.SZ,20260901,12.32,2600,32032.0,0.0,1.1446660214717377,45.0
300385.SZ,20260901,13.1,31400,411340.0,-0.9077155824508409,5.494854413622584,39.553706505294954
300386.SZ,20260901,11.81,24900,294069.0,-0.5054759898904693,0.7670088385847978,41.96714406065718
300387.SZ,20260901,7.71,54900,423279.0,-0.12953367875647714,3.929196641238509,44.22279792746114
300388.SZ,20260901,7.03,7400,52022.0,-0.9859154929577341,1.2025050172511969,39.0845070422536
300389.SZ,20260901,12.89,17200,221708.0,-0.46332046332044907,3.8600934973743977,42.22007722007731
300390.SZ,20260901,65.0,167000,10855000.0,0.9316770186335255,6.0711521201045615,50.59006211180115
300393.SZ,20260901,6.33,162600,1029258.0,1.4423076923076872,8.292582175074964,53.653846153846125
300394.SZ,20260901,261.05,151300,39496865.0,-0.741444866920149,4.730879800522005,40.55133079847911
300395.SZ,20260901,99.37,339300,33716241.0,4.052356020942405,10.70637029312419,69.31413612565443
300396.SZ,20260901,7.21,3800,27398.0,-0.2766251728907432,1.856500091442692,43.340248962655544
300397.SZ,20260901,11.08,5800,64264.0,-0.18018018018017834,0.46882528212405594,43.91891891891893
300398.SZ,20260901,36.43,139700,5089271.0,0.05492996429552477,5.0938048174867525,45.32957978577315
300399.SZ,20260901,19.04,24500,466480.0,0.05254860746188861,0.9223178812066979,45.315291644771335
300400.SZ,20260901,30.48,5100,155448.0,-0.6518904823989535,0.5864613137561917,41.08865710560628
300401.SZ,20260901,14.8,44000,651200.0,0.4070556309362372,2.859253551289946,47.44233378561742
300402.SZ,20260901,15.53,1900,29507.0,0.975292587776333,0.9547455711609177,50.851755526657996
300403.SZ,20260901,9.36,34100,319176.0,-0.31948881789138905,5.828209376270794,43.08306709265167
300404.SZ,20260901,12.86,226000,2906360.0,0.0,7.424607825508046,45.0
300405.SZ,20260901,5.96,77800,463688.0,-0.16750418760468344,8.800282952456136,43.9949748743719
300406.SZ,20260901,11.66,29000,338140.0,-0.5119453924914752,5.472847094051559,41.92832764505115
300407.SZ,20260901,,0,0.0,,0.0,0.0
300408.SZ,20260901,114.0,263300,30016200.0,-0.8695652173912993,6.870977639553748,39.7826086956522
300409.SZ,20260901,18.18,59400,1079892.0,0.0,4.587822987694953,45.0
300410.SZ,20260901,8.24,27200,224128.0,-0.2421307506053183,1.8327091166705611,43.54721549636809
300411.SZ,20260901,7.84,23100,181104.0,0.0,3.113971629886218,45.0
300412.SZ,20260901,4.69,14500,68005.0,-0.4246284501061459,1.9020153727480256,42.452229299363125
300413.SZ,20260901,20.38,20448100,416732278.0,20.02355712603061,149.1635723741573,100.0
300414.SZ,20260901,10.89,10200,111078.0,-0.27472527472527375,1.6754711909991524,43.35164835164836
300415.SZ,20260901,19.79,8700,172173.0,-0.15136226034309086,2.4997921032295882,44.09182643794146
300416.SZ,20260901,14.57,46100,671677.0,-0.341997264021876,4.673120304223382,42.94801641586874
300417.SZ,20260901,11.76,19100,224616.0,-0.1697792869269965,3.9170308386706503,43.981324278438024
300418.SZ,20260901,44.0,2059200,90604800.0,0.022732439190731313,13.639401555378566,45.136394635144384
300419.SZ,20260901,9.47,6500,61555.0,0.8519701810436597,1.0023722620219169,50.111821086261955
300420.SZ,20260901,8.81,1121242,9878142.02,0.45610034207526073,14.395435614505532,47.736602052451566
300421.SZ,20260901,16.88,6100,102968.0,-0.5889281507656108,1.1661139041234847,41.466431095406335
300422.SZ,20260901,4.18,26000,108680.0,-0.4761904761904856,2.7885821008104505,42.14285714285709
300423.SZ,20260901,5.79,4400,25476.0,0.0,0.5426970342680713,45.0
300424.SZ,20260901,13.64,26400,360096.0,-0.2194586686174005,2.5257726152842372,43.6832479882956
300425.SZ,20260901,4.12,6600,27192.0,0.0,0.7804597276154737,45.0
300426.SZ,20260901,7.05,683200,4816560.0,-0.4237288135593209,11.244108253728497,42.457627118644076
300427.SZ,20260901,6.45,8400,54180.0,0.4672897196261738,0.2828244338824987,47.803738317757045
300428.SZ,20260901,19.91,84200,1676422.0,0.6572295247724957,5.65083258475742,48.94337714863497
300429.SZ,20260901,11.71,46900,549199.0,-0.08532423208190698,2.6454641807542987,44.48805460750856
300430.SZ,20260901,4.73,92900,439417.0,0.8528784648187626,11.238137273830048,50.11727078891258
300432.SZ,20260901,14.85,103700,1539945.0,0.33783783783782884,2.713867254470202,47.027027027026975
300433.SZ,20260901,38.9,359000,13965100.0,-0.07706139224249453,4.265019800992678,44.53763164654503
300434.SZ,20260901,11.12,92300,1026376.0,0.4516711833784992,6.708644082174131,47.71002710027099
300435.SZ,20260901,17.33,15800,273814.0,0.23134759976863872,2.284403886871424,46.38808559861183
300436.SZ,20260901,91.25,8400,766500.0,-0.06571021793889686,3.6589044946657787,44.60573869236662
300437.SZ,20260901,11.52,29000,334080.0,-0.6896551724137945,2.418671888431003,40.86206896551723
300438.SZ,20260901,59.01,51900,3062619.0,-0.2198173824822458,3.4710891994666717,43.68109570510653
300439.SZ,20260901,9.55,4300,41065.0,0.31512605042018915,1.1747057758224795,46.89075630252113
300440.SZ,20260901,20.45,51500,1053175.0,0.14691478942212566,4.555249642048879,45.88148873653275
300441.SZ,20260901,6.96,17700,123192.0,0.28818443804032867,2.6673951437879326,46.72910662824197
300442.SZ,20260901,66.03,123700,8167911.0,-0.2869223799456311,6.424934630973921,43.27846572032621
300443.SZ,20260901,19.41,7700,149457.0,-0.10293360782295258,1.6830275234606535,44.382398353062285
300444.SZ,20260901,9.21,112300,1034283.0,-0.21668472372696757,4.915278524215302,43.6998916576382
300445.SZ,20260901,18.89,17600,332464.0,0.532197977647697,5.709672749109616,48.19318786588618
300446.SZ,20260901,13.25,36400,482300.0,-0.3009781790820121,5.784444492977968,43.19413092550793
300447.SZ,20260901,14.15,18200,257530.0,-0.7017543859649145,5.102069179192353,40.78947368421051
300448.SZ,20260901,5.76,62200,358272.0,0.5235602094240788,4.311297409992305,48.14136125654447
300449.SZ,20260901,7.34,15800,115972.0,-0.5420054200542035,2.418519790478925,41.74796747967478
300450.SZ,20260901,34.0,293000,9962000.0,1.1302795954788891,9.400057040553877,51.781677572873335
300451.SZ,20260901,3.55,54100,192055.0,0.28248587570620654,1.845064267928395,46.69491525423724
300452.SZ,20260901,12.78,11800,150804.0,-0.31201248049922414,2.877811187236231,43.12792511700466
300453.SZ,20260901,9.46,44400,420024.0,-0.21097046413501852,5.251924266556861,43.73417721518989
300454.SZ,20260901,134.44,161500,21712060.0,-0.007437709185564856,9.845186684697982,44.955373744886614
300455.SZ,20260901,18.0,31500,567000.0,0.6711409395973256,7.149806823543307,49.02684563758395
300456.SZ,20260901,40.67,440100,17898867.0,1.018380526577256,9.911817406238459,51.110283159463535
300457.SZ,20260901,21.24,16400,348336.0,-0.047058823529422256,1.6197085287129955,44.71764705882347
300458.SZ,20260901,33.61,600000,20166000.0,-0.8846947803007876,8.769716772691776,39.69183131819528
300459.SZ,20260901,3.67,485200,1780684.0,-0.5420054200542035,1.9103343322828907,41.74796747967478
300460.SZ,20260901,8.7,9700,84390.0,0.23041474654377225,3.7255062532130228,46.38248847926263
300461.SZ,20260901,32.9,13000,427700.0,1.2619267466912776,4.3500442022261,52.57156048014767
300462.SZ,20260901,11.74,3200,37568.0,0.0,5.049233657023868,45.0
300463.SZ,20260901,9.27,6100,56547.0,0.216216216216214,1.2167283741197565,46.297297297297284
300464.SZ,20260901,8.03,12400,99572.0,0.0,0.6954137743734856,45.0
300465.SZ,20260901,12.14,37700,457678.0,0.0,1.7614164305142854,45.0
300466.SZ,20260901,7.64,51500,393460.0,1.0582010582010692,9.002652628416541,51.34920634920641
300467.SZ,20260901,36.0,36100,1299600.0,-0.16638935108154174,8.53011466291843,44.00166389351075
300468.SZ,20260901,23.01,148400,3414684.0,0.13054830287206887,2.2226732087310963,45.783289817232415
300469.SZ,20260901,52.51,16200,850662.0,0.0,4.129319153659316,45.0
300470.SZ,20260901,28.13,3100,87203.0,0.14239943040228464,1.9027634899653842,45.854396582413706
300471.SZ,20260901,9.84,2200,21648.0,0.20366598778003286,0.528587607637125,46.221995926680194
300472.SZ,20260901,,0,0.0,,0.0,0.0
300473.SZ,20260901,27.59,11100,306249.0,-0.4330566582461226,1.745799812022163,42.40166005052326
300474.SZ,20260901,51.51,18000,927180.0,0.05827505827507018,3.860661884338428,45.34965034965042
300475.SZ,20260901,180.0,299500,53910000.0,1.1235955056179803,13.604606637781776,51.74157303370788
300476.SZ,20260901,241.01,114100,27499241.0,-0.8760384963395595,4.9558895530704214,39.74376902196264
300477.SZ,20260901,2.65,97100,257315.0,-1.1194029850746356,5.178996153489927,38.28358208955218
300478.SZ,20260901,31.66,12100,383086.0,0.6997455470737934,4.1280318797516635,49.19847328244276
300479.SZ,20260901,15.15,9367,141910.05,0.0,2.041582906864687,45.0
300480.SZ,20260901,31.45,14600,459170.0,0.09548058561426043,1.3590971098747715,45.57288351368556
300481.SZ,20260901,14.4,19200,276480.0,-0.34602076124566894,2.8907538198117555,42.92387543252599
300482.SZ,20260901,16.39,4400,72116.0,-0.12187690432662324,0.7793972966939366,44.26873857404026
300483.SZ,20260901,24.4,69600,1698240.0,0.37021801727683545,3.947574911263486,47.221308103661016
300484.SZ,20260901,12.8,6100,78080.0,-0.8520526723470145,2.2508724148551584,39.887683965917915
300485.SZ,20260901,8.65,42500,367625.0,-0.5747126436781436,6.027248293954683,41.55172413793114
300486.SZ,20260901,18.45,91700,1691865.0,1.0958904109588996,6.586917981763888,51.575342465753394
300487.SZ,20260901,63.0,1700,107100.0,0.04764173415912065,0.45417222299469456,45.28585040495472
300488.SZ,20260901,32.3,8200,264860.0,-0.15455950540959051,2.553763529011368,44.07264296754246
300489.SZ,20260901,240.0,70650,16956000.0,0.10427528675704956,8.415714545545892,45.625651720542294
300490.SZ,20260901,11.28,103900,1171992.0,0.9847806624887934,6.8859237801164195,50.90868397493276
300491.SZ,20260901,34.42,60600,2085852.0,-0.5202312138728349,5.014188877665914,41.87861271676299
300492.SZ,20260901,23.54,22400,527296.0,0.3837953091684332,3.873220222479171,47.3027718550106
300493.SZ,20260901,13.29,91400,1214706.0,0.0,7.531169670276315,45.0
300494.SZ,20260901,8.26,298800,2468088.0,0.36452004860265674,16.36927746725105,47.18712029161594
300496.SZ,20260901,59.5,111800,6652100.0,0.016809547823171123,9.626170684575003,45.100857286939025
300497.SZ,20260901,17.34,122000,2115480.0,0.93131548311991,5.650601272543517,50.58789289871946
300498.SZ,20260901,14.24,306100,4358864.0,-0.21023125437981127,5.622809572615524,43.73861247372113
300499.SZ,20260901,32.39,156600,5072274.0,-0.09253547193091016,5.768128231826117,44.444787168414535
300500.SZ,20260901,9.9,80800,799920.0,0.0,17.013567469719032,45.0
300501.SZ,20260901,10.5,42900,450450.0,0.0,12.043983859008176,45.0
300502.SZ,20260901,401.78,113900,45762742.0,-0.022395301963329395,3.0383440706555507,44.86562818822002
300503.SZ,20260901,68.99,17500,1207325.0,0.509906759906742,1.658973780342958,48.05944055944045
300504.SZ,20260901,18.06,36500,659190.0,0.4449388209121219,3.96181958757256,47.66963292547273
300505.SZ,20260901,21.01,377400,7929174.0,-0.8962264150943255,10.343195314477796,39.62264150943405
300506.SZ,20260901,5.09,11300,57517.0,-0.391389432485334,0.6483245105030266,42.651663405087994
300507.SZ,20260901,6.65,2600,17290.0,0.7575757575757791,0.3811199733934614,49.545454545454675
300508.SZ,20260901,42.18,7500,316350.0,0.0,2.621597615658336,45.0
300509.SZ,20260901,9.28,16800,155904.0,-0.10764262648008671,2.592589976911154,44.35414424111948
300510.SZ,20260901,3.46,6100,21106.0,-0.2881844380403509,0.2692904699979382,43.27089337175789
300511.SZ,20260901,5.43,713700,3875391.0,-0.7312614259597838,8.264708847529139,40.612431444241295
300512.SZ,20260901,7.41,20500,151905.0,0.0,4.270849003199362,45.0
300513.SZ,20260901,7.57,18000,136260.0,0.0,3.031353082036411,45.0
300514.SZ,20260901,10.44,21900,228636.0,0.09587727708533222,5.397638501284889,45.57526366251199
300515.SZ,20260901,16.1,10500,169050.0,-0.5558987029030238,2.9221988286900564,41.664607782581854
300516.SZ,20260901,34.96,110740,3871470.4,1.303969863807608,10.726370137036257,52.82381918284565
300517.SZ,20260901,11.09,45200,501268.0,-0.4488330341113178,9.976898162983254,42.30700179533209
300518.SZ,20260901,25.68,21000,539280.0,0.7058823529411784,1.5903509099993483,49.23529411764707
300519.SZ,20260901,14.55,18600,270630.0,0.4834254143646355,3.003142196902106,47.90055248618781
300520.SZ,20260901,23.97,6900,165393.0,-0.2911813643926786,0.9243001001087876,43.25291181364393
300521.SZ,20260901,26.25,25200,661500.0,0.038109756097570724,4.329260554797116,45.22865853658543
300522.SZ,20260901,14.55,56400,820620.0,0.8316008316008316,3.6925048555068702,49.98960498960499
300523.SZ,20260901,21.0,143800,3019800.0,1.8922852983988436,20.428029022459764,56.35371179039306
300525.SZ,20260901,8.31,44600,370626.0,0.12048192771083599,2.5135643263949943,45.72289156626502
300527.SZ,20260901,8.43,47000,396210.0,-0.35460992907803135,4.752812146346268,42.87234042553181
300528.SZ,20260901,13.2,161500,2131800.0,-0.9752438109527417,8.782365177488844,39.14853713428355
300529.SZ,20260901,15.74,6500,102310.0,-0.19023462270132407,1.267923378699442,43.858592263792055
300530.SZ,20260901,18.9,13000,245700.0,-0.6831318970047406,0.9741158622149376,40.901208617971555
300531.SZ,20260901,16.83,14800,249084.0,-0.059382422802856105,1.4118273448305698,44.64370546318286
300532.SZ,20260901,7.34,10400,76336.0,0.13642564802183177,0.7221207990114529,45.81855388813099
300533.SZ,20260901,14.87,27100,402977.0,1.0876954452753163,2.850300063155857,51.5261726716519
300534.SZ,20260901,13.91,554005,7706209.55,-0.21520803443327852,10.294562739611033,43.70875179340033
300535.SZ,20260901,17.09,4400,75196.0,0.058548009367687115,1.9984177260032867,45.35128805620612
300536.SZ,20260901,8.96,28900,258944.0,0.0,4.765410580597622,45.0
300537.SZ,20260901,20.61,4900,100989.0,-0.43478260869564966,0.8250650064363224,42.3913043478261
300538.SZ,20260901,15.78,42800,675384.0,0.31786395422759295,11.055431879198052,46.907183725365556
300539.SZ,20260901,18.46,5000,92300.0,-0.37776578521316884,1.2032554486809204,42.73340528872099
300540.SZ,20260901,28.99,23600,684164.0,1.3990905911157592,2.2174813644984415,53.39454354669456
300541.SZ,20260901,10.08,6100,61488.0,-0.1980198019801982,0.8391976582520179,43.81188118811881
300542.SZ,20260901,12.79,33500,428465.0,-0.23400936037442088,1.5388379283816644,43.595943837753474
300543.SZ,20260901,7.98,9300,74214.0,-0.4987531172069737,1.9267632711286002,42.00748129675816
300545.SZ,20260901,31.51,169500,5340945.0,-0.28481012658228,18.115414641028885,43.29113924050632
300546.SZ,20260901,17.46,22500,392850.0,0.28719126938541173,1.342175749432015,46.723147616312474
300547.SZ,20260901,27.41,8900,243949.0,-0.9396458258041251,1.403264464060065,39.36212504517525
300548.SZ,20260901,209.0,26500,5538500.0,-0.7597340930674212,2.573066802637527,40.441595441595474
300549.SZ,20260901,14.98,20400,305592.0,0.0,10.54994367404709,45.0
300550.SZ,20260901,14.02,158060,2216001.2,3.088235294117636,6.401675820452054,63.52941176470581
300551.SZ,20260901,11.49,119500,1373055.0,0.8779631255487308,6.945842079680895,50.26777875329238
300552.SZ,20260901,21.78,25600,557568.0,-0.13755158184317606,2.0437091802915535,44.17469050894094
300553.SZ,20260901,46.13,18900,871857.0,0.2390265102129474,2.7925102709150864,46.43415906127768
300554.SZ,20260901,22.5,20200,454500.0,0.5811354492623932,6.958399262826722,48.48681269557436
300555.SZ,20260901,12.81,3000,38430.0,-0.3112840466926059,3.0404844900874903,43.132295719844365
300556.SZ,20260901,16.63,17600,292688.0,-0.5382775119617267,2.9752242704086567,41.77033492822964
300557.SZ,20260901,28.44,11200,318528.0,-0.035149384885757584,3.441226722081998,44.78910369068545
300558.SZ,20260901,50.48,55400,2796592.0,0.0,7.36829703545953,45.0
300559.SZ,20260901,11.13,8200,91266.0,0.08992805755396738,1.0111235220228798,45.5395683453238
300560.SZ,20260901,18.2,87900,1599780.0,-0.05491488193301031,5.836105934796748,44.670510708401935
300561.SZ,20260901,16.7,53800,898460.0,0.36057692307691624,1.6937050743727553,47.1634615384615
300562.SZ,20260901,18.43,117400,2163682.0,2.5598219254312715,4.111042866191016,60.35893155258763
300563.SZ,20260901,25.22,10200,257244.0,0.0,1.646228381615353,45.0
300564.SZ,20260901,13.05,43000,561150.0,1.1627906976744207,10.513753540979357,51.976744186046524
300565.SZ,20260901,10.23,27400,280302.0,0.6889763779527547,4.247910919443075,49.133858267716526
300566.SZ,20260901,26.82,64928,1741368.96,-0.6298629121896937,3.1961082925569095,41.22082252686184
300567.SZ,20260901,217.36,6600,1434576.0,0.20283975659229903,0.8839249603317644,46.2170385395538
300568.SZ,20260901,15.05,77800,1170890.0,0.06648936170214892,1.4431888634746737,45.39893617021289
300569.SZ,20260901,4.72,107300,506456.0,0.0,12.479228927433377,45.0
300570.SZ,20260901,199.88,42300,8454924.0,0.19549852122913158,3.8142735779777954,46.172991127374786
300571.SZ,20260901,30.1,32800,987280.0,-0.7255936675461649,4.966392416281354,40.64643799472301
300572.SZ,20260901,22.3,500,11150.0,-0.22371364653244186,0.12092073807414441,20.423450974151343
300573.SZ,20260901,38.1,7405,282130.5,-0.4181913225300482,1.691716891687705,42.49085206481971
300575.SZ,20260901,6.25,43700,273125.0,0.0,3.721502217804124,45.0
300576.SZ,20260901,30.09,10700,321963.0,-0.19900497512437276,0.9595142656318015,43.80597014925377
300577.SZ,20260901,19.56,11700,228852.0,-0.20408163265307477,1.8868874415888324,43.77551020408155
300578.SZ,20260901,17.08,103200,1762656.0,1.9701492537313348,10.328016729941483,56.82089552238801
300579.SZ,20260901,23.28,20100,467928.0,-0.04293688278229624,2.8533640020245588,44.74237870330622
300580.SZ,20260901,19.66,10100,198566.0,0.3061224489795844,1.3222388227307476,46.8367346938775
300581.SZ,20260901,10.29,22800,234612.0,0.0,1.5258778269086666,45.0
300582.SZ,20260901,12.02,32200,387044.0,-0.08312551953449931,1.119042021406106,44.501246882793005
300583.SZ,20260901,15.2,414600,6301920.0,3.3310673011556657,21.870151613423676,64.98640380693399
300584.SZ,20260901,31.14,2300,71622.0,0.12861736334404128,0.43551653378977684,45.77170418006425
300585.SZ,20260901,16.67,400,6668.0,-0.1796407185628568,0.10207277523773023,17.2952552314143
300586.SZ,20260901,9.66,24000,231840.0,-0.9230769230769265,1.3619973443987976,39.46153846153844
300587.SZ,20260901,5.07,166300,843141.0,0.9960159362550014,5.692614769486086,50.97609561753001
300588.SZ,20260901,23.3,139300,3245690.0,1.3484123531970482,14.65747117998647,53.09047411918229
300589.SZ,20260901,13.42,90000,1207800.0,0.07457121551082135,6.191604651984061,45.447427293064926
300590.SZ,20260901,11.44,23900,273416.0,-0.6081668114682914,1.7579863792028567,41.35099913119025
300591.SZ,20260901,7.71,336400,2593644.0,0.12987012987013546,16.805789952585034,45.779220779220815
300592.SZ,20260901,16.87,77300,1304051.0,-0.1184132622853773,5.686250989443651,44.28952042628774
300593.SZ,20260901,31.83,345900,11009997.0,4.980211081794184,13.628645277532776,74.8812664907651
300594.SZ,20260901,15.0,5400,81000.0,0.2673796791443861,3.096322700127951,46.604278074866315
300595.SZ,20260901,11.13,43800,487494.0,0.36068530207395977,5.875184624375228,47.16411181244376
300596.SZ,20260901,41.62,1900,79078.0,-0.3829583532790948,0.4859899378978509,42.70224988032543
300597.SZ,20260901,8.09,12700,102743.0,0.3722084367245637,3.2570775056582684,47.233250620347384
300598.SZ,20260901,33.34,83000,2767220.0,-2.4575775307197123,4.142433505693766,30.254534815681726
300599.SZ,20260901,11.62,80100,930762.0,0.0,7.351494034751326,45.0
300600.SZ,20260901,10.15,8700,88305.0,-0.587659157688547,2.1660327311939764,41.47404505386872
300601.SZ,20260901,12.7,47300,600710.0,0.07880220646176994,2.439392444773951,45.47281323877062
300602.SZ,20260901,46.21,222661,10289164.81,0.021645021645011475,8.245689218517596,45.12987012987007
300603.SZ,20260901,8.07,30100,242907.0,0.12406947890819531,2.057338915661521,45.74441687344917
300604.SZ,20260901,281.85,87100,24549135.0,1.0106440167723996,3.062958735310267,51.0638641006344
300605.SZ,20260901,10.6,49200,521520.0,0.37878787878786735,5.648449881949981,47.2727272727272
300606.SZ,20260901,37.6,42100,1582960.0,-0.18582426333952906,6.304961527082024,43.88505441996283
300607.SZ,20260901,37.13,213300,7919829.0,0.8693289866884113,7.957417986020771,50.215973920130466
300608.SZ,20260901,10.22,24300,248346.0,0.39292730844795454,3.3637373275456626,47.357563850687725
300609.SZ,20260901,25.65,2200,56430.0,0.2736512900703758,0.8995073224805642,46.641907740422255
300610.SZ,20260901,10.68,6400,68352.0,-0.093545369504211,1.870152759238681,44.43872778297474
300611.SZ,20260901,25.68,33400,857712.0,0.31249999999998224,3.3488098214513142,46.87499999999989
300612.SZ,20260901,12.38,18200,225316.0,-0.4022526146419847,2.146560641544704,42.586484312148094
300613.SZ,20260901,78.46,162100,12718366.0,-1.7776664997496305,8.772272913881386,34.334001001502216
300614.SZ,20260901,11.01,10500,115605.0,0.0,4.486332142023061,45.0
300615.SZ,20260901,15.2,138500,2105200.0,1.4686248331108098,8.138402322452299,53.81174899866486
300616.SZ,20260901,10.72,45600,488832.0,-0.18621973929235924,10.411898058485297,43.88268156424584
300617.SZ,20260901,38.9,8600,334540.0,-0.10272213662043672,2.9864308078466735,44.38366718027738
300618.SZ,20260901,34.32,3100,106392.0,-0.4062681369704002,0.8159013304809022,42.5623911781776
300619.SZ,20260901,26.2,3200,83840.0,-0.07627765064835978,0.6209458559216778,44.54233409610984
300620.SZ,20260901,310.01,54200,16802542.0,-2.8181818181818197,4.185087210755149,28.090909090909083
300621.SZ,20260901,7.48,24800,185504.0,-0.2666666666666595,6.2626442339423605,43.40000000000004
300622.SZ,20260901,15.55,213000,3312150.0,-1.0814249363867656,11.287285648736967,38.51145038167941
300623.SZ,20260901,29.77,46100,1372397.0,-0.7004669779853256,2.3306057167144143,40.79719813208805
300624.SZ,20260901,52.33,242300,12679559.0,0.8285163776493354,7.043859757907815,49.97109826589601
300625.SZ,20260901,9.8,4600,45080.0,-0.8097165991902799,2.593834912419521,40.14170040485832
300626.SZ,20260901,27.67,10400,287768.0,0.07233273056059808,2.569112366088763,45.43399638336359
300627.SZ,20260901,28.31,16800,475608.0,-0.38705137227306174,2.3776445547940535,42.67769176636163
300628.SZ,20260901,41.76,68400,2856384.0,0.8695652173912993,6.91681318793847,50.2173913043478
300629.SZ,20260901,18.22,60500,1102310.0,-0.7625272331154731,10.135321792448401,40.42483660130716
300631.SZ,20260901,22.0,1500,33000.0,0.2277904328018332,1.1779850023947007,46.366742596811
300632.SZ,20260901,18.45,13600,250920.0,0.4354926510615087,1.6491049563687787,47.61295590636905
300633.SZ,20260901,19.85,5300,105205.0,0.0,1.1003843380327134,45.0
300634.SZ,20260901,20.28,184000,3731520.0,1.9095477386934734,11.167184313331726,56.45728643216084
300635.SZ,20260901,12.76,10900,139084.0,-0.15649452269169695,2.9606215661965662,44.06103286384982
300636.SZ,20260901,6.89,5000,34450.0,0.0,0.7720786789715963,45.0
300637.SZ,20260901,9.89,8800,87032.0,-0.3024193548387011,1.9209086733202487,43.18548387096779
300638.SZ,20260901,19.91,272500,5425475.0,0.15090543259557165,17.1407105755834,45.90543259557343
300639.SZ,20260901,5.93,18900,112077.0,0.16891891891892552,1.1181646663756792,46.01351351351355
300640.SZ,20260901,6.68,33300,222444.0,-0.1494768310911887,2.4233665771836166,44.10313901345287
300641.SZ,20260901,14.45,34500,498525.0,0.3472222222222099,4.915349502868636,47.08333333333326
300642.SZ,20260901,16.73,545000,9117850.0,-1.3561320754717054,11.300587549087336,36.863207547169765
300643.SZ,20260901,17.77,400,7108.0,0.0,0.09326485023617473,16.78767304251145
300644.SZ,20260901,21.08,8600,181288.0,0.09496676163343043,5.000263958596729,45.569800569800584
300645.SZ,20260901,13.91,27400,381134.0,0.0,4.519478352396653,45.0
300647.SZ,20260901,8.0,784300,6274400.0,-0.6211180124223725,9.817503582217556,41.27329192546576
300648.SZ,20260901,40.29,4300,173247.0,0.0,2.5957013258075623,45.0
300649.SZ,20260901,25.5,22700,578850.0,-0.623538581449723,4.116385082149179,41.25876851130166
300650.SZ,20260901,12.14,43600,529304.0,0.08244023083263663,8.639175362292212,45.494641384995816
300651.SZ,20260901,17.11,2400,41064.0,0.0,0.5944251450405894,45.0
300652.SZ,20260901,28.53,2600,74178.0,-0.1749475157452718,2.304022972020353,43.95031490552837
300653.SZ,20260901,15.0,2200,33000.0,0.0,0.873804874433747,45.0
300654.SZ,20260901,9.9,47100,466290.0,-0.8016032064128265,4.968216225331454,40.190380761523045
300655.SZ,20260901,13.24,57209,757447.16,0.0,1.8962708600165736,45.0
300656.SZ,20260901,25.56,15500,396180.0,-0.31201248049922414,4.595157443121617,43.12792511700466
300657.SZ,20260901,37.35,199900,7466265.0,0.16090104585679832,8.313491760378158,45.96540627514079
300658.SZ,20260901,10.57,26700,282219.0,0.47528517110266844,3.884506022581665,47.85171102661601
300659.SZ,20260901,10.49,26300,275887.0,0.2868068833651982,5.426553497402487,46.72084130019119
300660.SZ,20260901,24.58,5600,137648.0,-0.24350649350650677,0.9239002272533126,43.53896103896096
300661.SZ,20260901,114.88,30900,3549792.0,0.7719298245614015,3.56639128936131,49.63157894736841
300662.SZ,20260901,20.68,8700,179916.0,0.2423654871546388,2.1554493809935766,46.45419292292783
300663.SZ,20260901,8.4,107100,899640.0,-0.3558718861209842,2.5488364926253126,42.86476868327409
300664.SZ,20260901,4.73,19300,91289.0,0.0,1.9929839820535602,45.0
300665.SZ,20260901,9.95,294400,2929280.0,1.634320735444339,27.861306521142673,54.80592441266603
300666.SZ,20260901,243.0,29200,7095600.0,-0.4424778761061954,2.655205454852928,42.345132743362825
300667.SZ,20260901,14.95,10300,153985.0,0.0,2.104003527206523,45.0
300668.SZ,20260901,33.49,8800,294712.0,0.26946107784431295,3.0612005358908294,46.61676646706588
300669.SZ,20260901,24.58,5100,125358.0,-0.8870967741935631,2.3888339819265894,39.67741935483862
300670.SZ,20260901,7.25,200700,1455075.0,1.3986013986013957,11.256698492780233,53.39160839160837
300671.SZ,20260901,57.32,58600,3358952.0,0.3852889667250503,6.302609610134191,47.311733800350304
300672.SZ,20260901,176.01,47600,8378076.0,-0.4355696345740512,5.375853904941809,42.38658219255569
300673.SZ,20260901,13.5,12900,174150.0,0.0,3.7394941151378194,45.0
300674.SZ,20260901,17.15,79100,1356565.0,0.29239766081869956,2.1690431286300536,46.754385964912196
300675.SZ,20260901,13.44,48600,653184.0,-0.591715976331364,15.237495786823692,41.44970414201182
300676.SZ,20260901,38.97,35100,1367847.0,0.23148148148146586,5.279220444490659,46.38888888888879
300677.SZ,20260901,55.73,23300,1298509.0,0.8322779084494192,1.5956303245769723,49.99366745069651
300678.SZ,20260901,22.38,10900,243942.0,-0.22291573785109264,1.064434064265967,43.662505572893444
300679.SZ,20260901,49.87,37200,1855164.0,0.0,1.8656608285266487,45.0
300680.SZ,20260901,20.29,18000,365220.0,0.2965892239248591,3.887871484451691,46.779535343549156
300681.SZ,20260901,21.03,57400,1207122.0,-0.5673758865248124,5.088474922641311,41.595744680851126
300682.SZ,20260901,9.58,15000,143700.0,-0.2083333333333326,1.1171789239626522,43.75000000000001
300683.SZ,20260901,25.63,18000,461340.0,0.0,4.875431272603915,45.0
300684.SZ,20260901,94.5,143400,13551300.0,0.0,5.871054961083355,45.0
300685.SZ,20260901,17.32,18300,316956.0,-0.05770340450085287,3.2287603115415298,44.653779572994885
300686.SZ,20260901,15.16,5100,77316.0,-0.2631578947368318,0.6447935195866122,43.42105263157901
300687.SZ,20260901,30.1,160200,4822020.0,0.13306719893546592,5.8651229939424425,45.7984031936128
300688.SZ,20260901,31.37,64400,2020228.0,0.09572431397575354,7.943687661726188,45.57434588385452
300689.SZ,20260901,56.71,7600,430996.0,-0.24626209322778925,2.8152633131396088,43.522427440633265
300690.SZ,20260901,24.05,110000,2645500.0,-2.631578947368418,12.843964667317323,29.21052631578949
300691.SZ,20260901,15.2,17700,269040.0,0.0,6.266114392156659,45.0
300692.SZ,20260901,9.06,17700,160362.0,-0.11025358324144863,1.3417837765866558,44.33847850055131
300693.SZ,20260901,40.75,31400,1279550.0,0.0,4.06365059905274,45.0
300694.SZ,20260901,10.85,19300,209405.0,-0.4587155963302836,5.756683393821967,42.2477064220183
300695.SZ,20260901,48.39,1900,91941.0,-0.7588187038556127,0.6487127226707321,40.447087776866326
300696.SZ,20260901,21.09,4100,86469.0,-0.14204545454545858,1.1037244906139858,44.14772727272725
300697.SZ,20260901,15.29,126500,1934185.0,1.3253810470510219,6.801345793509617,52.95228628230613
300698.SZ,20260901,26.8,9100,243880.0,-0.4827330115113271,2.943443933960892,42.10360193093204
300699.SZ,20260901,24.11,9400,226634.0,-0.37190082644628086,1.1063334251095798,42.768595041322314
300700.SZ,20260901,20.3,24400,495320.0,-0.6363191385217792,3.4682005339528725,41.18208516886932
300701.SZ,20260901,10.42,30500,317810.0,0.0,7.321022048402435,45.0
300702.SZ,20260901,21.33,2300,49059.0,-0.28050490883591017,0.8347558261278295,43.316970546984535
300703.SZ,20260901,13.86,15600,216216.0,-0.2159827213823018,3.26338658069194,43.70410367170619
300705.SZ,20260901,11.05,17300,191165.0,0.09057971014494459,2.6124420390174277,45.54347826086967
300706.SZ,20260901,51.91,9800,508718.0,-0.09622786759045932,1.4986390437748764,44.42263279445724
300707.SZ,20260901,12.2,11700,142740.0,-0.16366612111293755,3.7008485428122757,44.01800327332238
300708.SZ,20260901,8.12,25500,207060.0,-0.4901960784313819,1.3480177657148023,42.05882352941171
300709.SZ,20260901,47.38,661331,31333862.78,-1.904761904761898,28.711993452325604,33.57142857142861
300710.SZ,20260901,31.22,13300,415226.0,0.0320410124959869,3.410995387820006,45.19224607497592
300711.SZ,20260901,18.4,17700,325680.0,-0.10857763300762269,1.9204527615275733,44.348534201954266
300712.SZ,20260901,20.4,20600,420240.0,-0.04899559039687196,15.155935840448649,44.70602645761877
300713.SZ,20260901,13.65,18600,253890.0,0.6637168141592875,8.45607831937207,48.98230088495573
300715.SZ,20260901,14.68,31900,468292.0,-0.0680735194009463,2.4067875920522686,44.591558883594324
300716.SZ,20260901,,0,0.0,,0.0,0.0
300717.SZ,20260901,18.7,2700,50490.0,0.0,1.3314116774218132,45.0
300718.SZ,20260901,56.42,9100,513422.0,0.0,1.2990779238707328,45.0
300719.SZ,20260901,12.38,2400,29712.0,0.16181229773464256,0.6781737851822908,45.97087378640786
300720.SZ,20260901,72.67,82800,6017076.0,1.1271917617589722,8.750842249420192,51.76315057055383
300721.SZ,20260901,23.45,26200,614390.0,0.3852739726027288,3.9962230602407156,47.31164383561637
300722.SZ,20260901,21.64,14000,302960.0,-0.5057471264367841,2.9828986059241807,41.965517241379295
300723.SZ,20260901,35.96,3500,125860.0,-0.41539739684297583,0.7195797170357059,42.50761561894215
300724.SZ,20260901,56.2,38200,2146840.0,-0.3369391736123384,5.073198274934825,42.97836495832597
300725.SZ,20260901,44.86,37700,1691222.0,-0.2002224694104604,2.686024683086907,43.79866518353724
300726.SZ,20260901,54.65,18700,1021955.0,-0.4190962099125395,1.354819875470608,42.48542274052476
300727.SZ,20260901,29.95,11000,329450.0,0.033400133600536286,3.066831809156587,45.200400801603216
300729.SZ,20260901,10.68,66800,713424.0,0.28169014084507005,25.36180342563231,46.69014084507042
300730.SZ,20260901,11.67,23300,271911.0,-0.17108639863130382,5.56682866117393,43.973481608212175
300731.SZ,20260901,48.15,49040,2361276.0,1.3897662665824262,5.440109006138479,53.338597599494555
300732.SZ,20260901,6.05,9000,54450.0,0.0,1.3761325904827575,45.0
300733.SZ,20260901,13.74,7500,103050.0,0.0,2.0733626662368514,45.0
300735.SZ,20260901,20.87,70900,1479683.0,-0.57170080990947,4.387961912100465,41.56979514054318
300736.SZ,20260901,30.33,7000,212310.0,0.4304635761589459,1.0973963360918242,47.582781456953676
300737.SZ,20260901,4.88,349200,1704096.0,-0.2044989775051076,14.308579083389285,43.77300613496936
300738.SZ,20260901,20.35,108000,2197800.0,-0.19617459538989745,3.0615505821944353,43.82295242766062
300739.SZ,20260901,23.44,28200,661008.0,-0.4248088360237823,3.894789516394903,42.451146983857306
300740.SZ,20260901,23.24,317900,7387996.0,1.7958826106000858,11.504091217590378,55.77529566360052
300741.SZ,20260901,14.65,58100,851165.0,-0.5431093007467802,10.436718619427788,41.74134419551932
300743.SZ,20260901,15.03,16300,244989.0,0.06657789613848664,6.268112805004504,45.39946737683092
300745.SZ,20260901,29.1,13500,392850.0,0.0,2.6273286440625454,45.0
300746.SZ,20260901,14.59,59300,865187.0,-0.4095563139931757,9.59527600119315,42.542662116040944
300747.SZ,20260901,39.05,199300,7782665.0,-1.7857142857142905,8.340923840013534,34.285714285714256
300748.SZ,20260901,26.8,40400,1082720.0,-0.6671608598962209,3.0911983128512777,40.997034840622675
300749.SZ,20260901,25.95,18000,467100.0,0.34802784222738303,5.732211405429262,47.0881670533643
300750.SZ,20260901,362.49,142900,51799821.0,-0.29156924769633275,7.265299658906816,43.250584513822005
300751.SZ,20260901,221.0,10600,2342600.0,-0.8701892885978335,1.3488962106769704,39.778864268413
300752.SZ,20260901,11.65,21900,255135.0,0.0,3.8496369937316626,45.0
300753.SZ,20260901,21.88,7000,153160.0,0.0,0.8170434585181932,45.0
300755.SZ,20260901,11.15,2000,22300.0,0.26978417266187993,0.3160690063965422,46.61870503597128
300756.SZ,20260901,30.5,100,3050.0,-0.45691906005221883,0.04304380778315423,5.006371040654449
300757.SZ,20260901,569.0,25941,14760429.0,-0.13163668275559814,4.784128563863963,44.21017990346641
300758.SZ,20260901,11.72,67300,788756.0,1.384083044982698,2.4262370283575954,53.304498269896186
300759.SZ,20260901,43.32,105500,4570260.0,0.046189376443428465,2.9474895188064907,45.27713625866057
300760.SZ,20260901,165.4,34200,5656680.0,0.030238887208966503,2.18455954815808,45.1814333232538
300761.SZ,20260901,19.75,155100,3063225.0,-1.3486513486513418,17.598637172659927,36.90809190809195
300762.SZ,20260901,29.0,34500,1000500.0,-0.1721170395869165,2.54221367720278,43.9672977624785
300763.SZ,20260901,61.4,14000,859600.0,-0.6633230868791529,1.3647739995415973,41.02006147872508
300765.SZ,20260901,44.0,31300,1377200.0,-0.4524886877828149,1.6728742089012834,42.28506787330311
300766.SZ,20260901,22.07,60900,1344063.0,0.36380172805821065,2.2472177540078557,47.182810368349266
300767.SZ,20260901,19.5,27700,540150.0,-0.5102040816326592,3.3134166519627195,41.938775510204046
300768.SZ,20260901,15.02,40200,603804.0,0.0,6.820565134111117,45.0
300769.SZ,20260901,45.65,18200,830830.0,0.3517256539898872,1.7706012848080235,47.11035392393932
300770.SZ,20260901,34.72,76900,2669968.0,-1.8931901667137652,16.820894396541544,33.64085899971741
300771.SZ,20260901,11.85,1000,11850.0,-0.2525252525252597,0.24830280111290948,43.17935268517215
300772.SZ,20260901,9.52,194300,1849736.0,-0.20964360587001352,10.796251323992228,43.74213836477992
300773.SZ,20260901,15.79,230300,3636437.0,-0.06329113924051777,2.539203071954102,44.62025316455689
300774.SZ,20260901,11.43,66700,762381.0,1.9625334522747506,9.497160646931215,56.7752007136485
300775.SZ,20260901,22.22,83800,1862036.0,-0.3140421713773045,6.5978537787670515,43.11574697173617
300776.SZ,20260901,116.0,10500,1218000.0,0.3633846686277975,1.9012436108682116,47.18030801176678
300777.SZ,20260901,22.99,5100,117249.0,-0.17368649587495844,0.8459175026629454,43.95788102475025
300778.SZ,20260901,10.76,314400,3382944.0,-0.18552875695732052,43.61919352101261,43.88682745825608
300779.SZ,20260901,64.12,11500,737380.0,-0.12461059190030932,1.7510292473950708,44.25233644859814
300780.SZ,20260901,20.03,1500,30045.0,-0.2490039840637337,0.3439579220343955,43.5059760956176
300781.SZ,20260901,27.69,77900,2157051.0,-0.8237822349570267,6.754545247713,40.05730659025784
300782.SZ,20260901,78.33,23000,1801590.0,-0.8229931628260356,2.5244746968499463,40.06204102304379
300783.SZ,20260901,17.68,31000,548080.0,-0.16939582156973998,4.298830360395017,43.98362507058156
300784.SZ,20260901,42.49,2900,123221.0,0.5204636858291867,5.366197094190403,48.122782114975124
300785.SZ,20260901,34.78,72600,2525028.0,-0.34383954154727503,3.9116219115568827,42.93696275071635
300786.SZ,20260901,15.15,10700,162105.0,-0.6557377049180357,1.728072299717934,41.06557377049179
300787.SZ,20260901,10.08,11300,113904.0,-0.1980198019801982,1.8291072132124409,43.81188118811881
300788.SZ,20260901,24.95,98500,2457575.0,-0.08009611533840166,15.043209481803968,44.51942330796959
300789.SZ,20260901,16.75,16900,283075.0,-0.17878426698451078,3.163841869539269,43.92729439809293
300790.SZ,20260901,19.57,65400,1279878.0,0.462012320328542,3.4604097667267033,47.772073921971256
300791.SZ,20260901,17.81,5100,90831.0,-0.1681614349775873,2.3092212241610572,43.991031390134474
300792.SZ,20260901,24.04,17600,423104.0,1.221052631578945,0.4697729191866785,52.32631578947367
300793.SZ,20260901,11.81,13800,162978.0,-0.16906170752324368,2.04296738293479,43.98562975486054
300795.SZ,20260901,13.73,228900,3142797.0,-0.5792903692976137,8.9527938386087,41.52425778421432
300796.SZ,20260901,7.03,14600,102638.0,-0.4249291784702458,2.0951321623648838,42.450424929178524
300797.SZ,20260901,13.91,41600,578656.0,0.0,8.942015812654805,45.0
300798.SZ,20260901,9.66,1996300,19284258.0,8.66141732283463,24.491490762651765,96.96850393700778
300800.SZ,20260901,10.39,6200,64418.0,0.0,1.8871091124801458,45.0
300801.SZ,20260901,23.16,23800,551208.0,0.0,6.472316971703016,45.0
300802.SZ,20260901,24.61,65200,1604572.0,-0.08120178643929998,9.12540010268785,44.5127892813642
300803.SZ,20260901,85.29,77300,6592917.0,0.0,3.426590700524066,45.0
300804.SZ,20260901,46.5,8000,372000.0,1.9736842105263053,6.927642247913387,56.84210526315783
300805.SZ,20260901,8.52,71500,609180.0,0.4716981132075304,4.699800820137555,47.83018867924518
300806.SZ,20260901,50.01,72280,3614722.8,-0.07992007992008165,2.708014195852422,44.52047952047951
300807.SZ,20260901,38.79,1400,54306.0,-0.025773195876288568,1.307097618267764,44.84536082474227
300808.SZ,20260901,20.13,1200,24156.0,0.0,0.6884756736457719,45.0
300809.SZ,20260901,24.33,43100,1048623.0,0.08227067050596837,11.69481250529676,45.49362402303581
300810.SZ,20260901,25.45,34700,883115.0,-0.7410296411856532,15.272796219235593,40.553822152886084
300811.SZ,20260901,79.51,31400,2496614.0,0.26481715006305695,3.440894882720249,46.58890290037834
300812.SZ,20260901,19.71,27400,540054.0,-0.5549949545913146,5.957238492178058,41.67003027245211
300813.SZ,20260901,21.1,6400,135040.0,0.23752969121140222,2.6726415690589724,46.42517814726841
300814.SZ,20260901,136.8,24500,3351600.0,0.0,4.361657673008796,45.0
300815.SZ,20260901,15.72,2600,40872.0,-0.12706480304954804,0.5500025389980684,44.23761118170271
300816.SZ,20260901,67.9,35900,2437610.0,-1.8502457357617796,5.328845278860867,33.898525585429326
300817.SZ,20260901,16.5,18200,300300.0,1.041028781383968,2.7356107889586836,51.24617268830381
300818.SZ,20260901,19.05,6030,114871.5,0.10509721492379942,2.927944392300864,45.6305832895428
300819.SZ,20260901,48.0,20200,969600.0,1.7164653528289886,7.401694781229975,55.29879211697393
300820.SZ,20260901,59.32,27300,1619436.0,0.3382949932341006,4.095802436018128,47.029769959404604
300821.SZ,20260901,16.65,184600,3073590.0,0.0,3.34557074014209,45.0
300822.SZ,20260901,11.99,257500,3087425.0,-0.7450331125827825,18.362460305000464,40.5298013245033
300823.SZ,20260901,15.07,14100,212487.0,-0.5280528052805322,3.8723960258701076,41.83168316831681
300824.SZ,20260901,7.95,23300,185235.0,0.37878787878788955,6.270758441352862,47.27272727272734
300825.SZ,20260901,12.14,208100,2526334.0,2.0168067226890685,6.745804425125771,57.10084033613441
300826.SZ,20260901,14.75,1300,19175.0,-0.33783783783783994,0.21097568085021248,35.94859552601121
300827.SZ,20260901,24.94,22400,558656.0,0.12043356081894441,2.6374590831328164,45.722601364913665
300828.SZ,20260901,16.72,11300,188936.0,-0.1791044776119466,2.825286977003901,43.92537313432832
300829.SZ,20260901,15.2,6600,100320.0,0.3300330033003229,0.6615086656037801,46.98019801980194
300830.SZ,20260901,8.29,37000,306730.0,0.7290400972053357,3.190842703170337,49.374240583232016
300831.SZ,20260901,15.2,11300,171760.0,0.06583278472678256,3.2485572888227043,45.394996708360694
300832.SZ,20260901,49.99,25100,1254749.0,0.12016823552973843,4.681280517706141,45.72100941317843
300833.SZ,20260901,42.37,31400,1330418.0,1.9735258724428384,16.23528710451254,56.84115523465703
300834.SZ,20260901,40.81,3700,150997.0,-0.14680694886223256,2.2555904946045655,44.119158306826606
300835.SZ,20260901,165.65,4800,795120.0,0.21173623714458856,2.30038557281845,46.27041742286753
300836.SZ,20260901,50.48,3400,171632.0,0.0,1.906305980702917,45.0
300837.SZ,20260901,23.63,5900,139417.0,1.1991434689507363,3.3993313252903357,52.194860813704416
300838.SZ,20260901,15.03,52200,784566.0,1.5540540540540437,13.580687501641185,54.324324324324266
300839.SZ,20260901,12.8,86800,1111040.0,-0.23382696804363778,5.459401773035109,43.59703819173817
300840.SZ,20260901,20.3,102500,2080750.0,0.7444168734491496,8.655862722342098,49.466501240694896
300841.SZ,20260901,52.0,11783,612716.0,0.4442727448329187,3.4135249024869094,47.66563646899751
300842.SZ,20260901,69.0,6700,462300.0,-1.7094017094017144,1.1046626520263556,34.74358974358971
300843.SZ,20260901,138.46,26100,3613806.0,0.10121457489880026,3.45163151535124,45.6072874493928
300844.SZ,20260901,24.6,9600,236160.0,-0.6863140896245401,5.282844881762511,40.882115462252756
300845.SZ,20260901,13.7,200883,2752097.1,0.8836524300441795,36.68056220751586,50.30191458026508
300846.SZ,20260901,19.6,284900,5584040.0,1.030927835051565,11.834827786662162,51.18556701030939
300847.SZ,20260901,14.11,6300,88893.0,-0.21216407355022504,2.090358843288683,43.72701555869865
300848.SZ,20260901,11.85,14300,169455.0,0.5089058524172962,3.174214856278794,48.05343511450378
300849.SZ,20260901,22.63,2700,61101.0,0.04420866489831532,0.835859766365265,45.265251989389895
300850.SZ,20260901,28.19,245500,6920645.0,0.39173789173789775,9.871579423122252,47.35042735042739
300851.SZ,20260901,24.59,2200,54098.0,0.0,2.0136339657701847,45.0
300852.SZ,20260901,47.14,19000,895660.0,-0.506542845082314,3.2423354904716795,41.96074292950612
300853.SZ,20260901,28.28,11300,319564.0,-0.35236081747709314,2.6174394531526146,42.88583509513744
300854.SZ,20260901,18.25,9100,166075.0,0.44028618602089953,2.0942775492397536,47.6417171161254
300855.SZ,20260901,34.5,19100,658950.0,-0.14471780028942893,3.2142041243934782,44.13169319826343
300856.SZ,20260901,10.75,7800,83850.0,-0.6469500924214389,1.8691715202746169,41.118299445471365
300857.SZ,20260901,263.0,77400,20356200.0,-0.26545316647704764,5.399265897857126,43.40728100113771
300858.SZ,20260901,14.56,800,11648.0,-0.137174211248281,0.29632797825877644,44.17695473251031
300859.SZ,20260901,28.09,34000,955060.0,-0.14219694276572659,5.0096684198110735,44.14681834340564
300860.SZ,20260901,28.05,4900,137445.0,-0.2134471718249653,2.2469873934016804,43.71931696905021
300861.SZ,20260901,16.78,46100,773558.0,0.1791044776119577,5.809144321808154,46.074626865671746
300862.SZ,20260901,50.5,221253,11173276.5,0.3377707132922847,12.298379478773636,47.026624279753705
300863.SZ,20260901,43.65,16600,724590.0,0.11467889908256534,2.256874371638188,45.68807339449539
300864.SZ,20260901,25.04,48700,1219448.0,0.0,8.614093559027353,45.0
300865.SZ,20260901,32.37,23300,754221.0,-0.0617474529175821,5.008934220144673,44.62951528249451
300866.SZ,20260901,125.0,46500,5812500.0,-0.612228671384274,9.272588484747367,41.32662797169436
300867.SZ,20260901,17.48,3100,54188.0,-0.11428571428571122,0.46263759321666836,44.31428571428573
300868.SZ,20260901,91.12,27600,2514912.0,1.7986817115406062,9.951524800864659,55.79209026924364
300869.SZ,20260901,11.26,1200,13512.0,-0.08873114463175957,0.27069857876811243,44.46761313220944
300870.SZ,20260901,230.9,54000,12468600.0,4.954545454545456,5.786641392493626,74.72727272727273
300871.SZ,20260901,22.81,12100,276001.0,-0.17505470459520112,1.7774239026047585,43.94967177242879
300872.SZ,20260901,15.63,19300,301659.0,0.0,1.6374664464759334,45.0
300873.SZ,20260901,16.08,30700,493656.0,-0.24813895781639062,3.4262041405039483,43.511166253101656
300875.SZ,20260901,33.01,11600,382916.0,-0.3321256038647302,2.5554070581662978,43.00724637681162
300876.SZ,20260901,17.4,183800,3198120.0,4.316546762589923,27.806120601482657,70.89928057553954
300877.SZ,20260901,27.0,3100,83700.0,-0.1848428835489857,1.4757476738064468,43.890942698706084
300878.SZ,20260901,32.68,13000,424840.0,0.0,6.057727004832643,45.0
300879.SZ,20260901,17.13,8400,143892.0,0.1754385964912064,2.9020626837488486,46.05263157894724
300880.SZ,20260901,20.7,60700,1256490.0,1.024890190336758,11.298220659702347,51.149341142020546
300881.SZ,20260901,32.61,4500,146745.0,0.030674846625755592,4.623025877849276,45.18404907975453
300882.SZ,20260901,14.3,1900,27170.0,0.0,0.9746400873334913,45.0
300883.SZ,20260901,6.71,10500,70455.0,-0.2971768202080338,1.724612800009376,43.2169390787518
300884.SZ,20260901,13.75,33400,459250.0,-0.1452432824981864,4.642494034043883,44.12854030501088
300885.SZ,20260901,20.03,4100,82123.0,-0.4967709885742577,1.4733987517690443,42.019374068554455
300886.SZ,20260901,24.92,5000,124600.0,0.0,4.048073701711939,45.0
300887.SZ,20260901,7.17,16200,116154.0,0.0,0.9692689663472813,45.0
300888.SZ,20260901,29.46,7700,226842.0,0.033955857385414845,2.174601042607802,45.20373514431249
300889.SZ,20260901,24.11,196800,4744848.0,0.16618196925632933,18.30553977529327,45.99709181553798
300890.SZ,20260901,27.15,30500,828075.0,0.0,5.018155872170297,45.0
300891.SZ,20260901,7.6,8700,66120.0,-0.5235602094240788,1.278262937762979,41.85863874345553
300892.SZ,20260901,23.76,5400,128304.0,1.063377286261158,1.3264431653333195,51.38026371756695
300893.SZ,20260901,14.81,8100,119961.0,0.7482993197279075,3.0176473089257674,49.48979591836745
300894.SZ,20260901,11.12,62900,699448.0,-0.35842293906810374,8.38822113580056,42.84946236559138
300895.SZ,20260901,54.03,39800,2150394.0,-1.0439560439560402,7.37247282899622,38.73626373626376
300896.SZ,20260901,92.36,5200,480272.0,-0.4848615450921301,2.2062164769470702,42.09083072944722
300897.SZ,20260901,16.25,6800,110500.0,-0.30674846625767804,3.351912571161058,43.15950920245393
300898.SZ,20260901,20.61,1000,20610.0,0.0,0.2181047088017707,39.25884758431873
300899.SZ,20260901,31.15,7000,218050.0,0.0,6.684497269604047,45.0
300900.SZ,20260901,24.46,32500,794950.0,-0.08169934640522847,2.243666531918077,44.50980392156863
300901.SZ,20260901,19.04,326500,6216560.0,-0.9880395215808746,19.898149505477445,39.07176287051475
300902.SZ,20260901,16.99,6800,115532.0,0.11785503830288313,2.2005673232155996,45.707130229817295
300903.SZ,20260901,93.8,138700,13010060.0,0.6653788366602242,6.646762576497678,48.992273019961345
300904.SZ,20260901,42.84,5600,239904.0,0.5633802816901401,10.667022376363091,48.38028169014084
300905.SZ,20260901,37.86,6100,230946.0,0.7182761372705349,1.4120134665289374,49.30965682362321
300906.SZ,20260901,31.76,3700,117512.0,-0.3138731952291196,3.1950722480546117,43.11676082862528
300907.SZ,20260901,53.68,5700,305976.0,0.055917986952480625,1.8450381422814714,45.335507921714886
300908.SZ,20260901,25.31,13401,339179.31,0.0,6.023441367798702,45.0
300909.SZ,20260901,59.97,45300,2716641.0,1.0957518543492917,11.025598444783384,51.57451112609575
300910.SZ,20260901,29.0,31900,925100.0,-0.7529089664613187,3.076632552227503,40.48254620123209
300911.SZ,20260901,26.0,566500,14729000.0,-2.365752910251595,15.690483712687374,30.80548253849043
300912.SZ,20260901,21.0,40800,856800.0,1.449275362318847,8.375071190060082,53.69565217391308
300913.SZ,20260901,36.07,12000,432840.0,0.08324084350721517,2.2447206631292422,45.49944506104329
300915.SZ,20260901,21.0,4000,84000.0,0.3824091778202643,2.3690954624134184,47.294455066921586
300916.SZ,20260901,25.66,21500,551690.0,-0.15564202334630295,4.9852453017990435,44.06614785992218
300917.SZ,20260901,29.49,1823400,53772066.0,-5.511054149311123,66.14801818143383,15.0
300918.SZ,20260901,10.64,5300,56392.0,0.0,1.272744392788167,45.0
300919.SZ,20260901,40.0,33200,1328000.0,0.05002501250626068,3.290764817146165,45.300150075037564
300920.SZ,20260901,33.28,1100,36608.0,0.12033694344162349,0.48107453331307837,45.722021660649744
300921.SZ,20260901,16.1,8100,130410.0,-0.5558987029030238,1.4400986217700293,41.664607782581854
300922.SZ,20260901,18.46,72300,1334658.0,0.05420054200542257,4.130222106255175,45.32520325203254
300923.SZ,20260901,25.86,4400,113784.0,0.0,2.89354731878322,45.0
300925.SZ,20260901,14.67,11400,167238.0,-0.5423728813559348,1.3278183275086557,41.745762711864394
300926.SZ,20260901,17.89,65500,1171795.0,0.0,15.142546960232636,45.0
300927.SZ,20260901,29.16,551298,16075849.68,0.20618556701030855,18.19879033091708,46.23711340206185
300928.SZ,20260901,25.44,6200,157728.0,-0.23529411764705577,2.846561114974484,43.588235294117666
300929.SZ,20260901,17.85,71100,1269135.0,0.7336343115124322,10.628452577827778,49.40180586907459
300930.SZ,20260901,26.34,10000,263400.0,-0.45351473922903285,8.209450297302531,42.2789115646258
300931.SZ,20260901,15.8,12800,202240.0,-0.12642225031604948,2.237346092280289,44.241466498103705
300932.SZ,20260901,10.85,140800,1527680.0,-1.3636363636363669,11.33455872243274,36.8181818181818
300933.SZ,20260901,6.55,22100,144755.0,-0.455927051671734,1.2765637109386974,42.2644376899696
300935.SZ,20260901,31.09,3500,108815.0,-0.19261637239165186,1.7880618691274592,43.84430176565009
300936.SZ,20260901,85.15,37100,3159065.0,-0.8615671207358178,6.315950410356634,39.83059727558509
300937.SZ,20260901,25.01,10100,252601.0,0.039999999999995595,1.4566590266567951,45.239999999999974
300938.SZ,20260901,27.5,6500,178750.0,-0.10897203051217774,0.9742803968885704,44.346167816926936
300939.SZ,20260901,66.99,8300,556017.0,0.43478260869564966,3.7952733466958644,47.6086956521739
300940.SZ,20260901,14.2,4400,62480.0,0.4953998584571684,1.5112837431889854,47.97239915074301
300941.SZ,20260901,15.34,9500,145730.0,0.19595035924231397,1.4113968912071164,46.175702155453884
300942.SZ,20260901,6.65,12700,84455.0,0.0,1.975949393468875,45.0
300943.SZ,20260901,32.93,73100,2407183.0,0.03037667071688066,8.691135125242644,45.182260024301286
300945.SZ,20260901,12.66,241800,3061188.0,0.4761904761904745,6.616129132749549,47.85714285714285
300946.SZ,20260901,39.0,1000,39000.0,1.298701298701288,1.431720934576589,52.792207792207726
300947.SZ,20260901,14.49,341800,4952682.0,-1.5625,29.955669612150373,35.625
300948.SZ,20260901,21.78,6800,148104.0,0.9267840593141896,2.619519167054767,50.560704355885136
300949.SZ,20260901,23.66,5280,124924.8,0.21177467174926523,4.007098072462809,46.27064803049559
300950.SZ,20260901,17.77,34400,611288.0,2.3028209556706924,17.18407934213566,58.81692573402415
300951.SZ,20260901,74.43,16600,1235538.0,-0.9976057462090959,2.7358797392418848,39.01436552274542
300952.SZ,20260901,16.49,1200,19788.0,-0.30229746070133956,0.398138083230281,43.18621523579196
300953.SZ,20260901,93.0,12600,1171800.0,0.31280336533277,3.3062496918319866,46.87682019199662
300955.SZ,20260901,29.45,1000,29450.0,-0.033944331296675845,0.8463549715750318,44.796334012219944
300956.SZ,20260901,11.64,5000,58200.0,0.0,1.240643258795448,45.0
300957.SZ,20260901,32.16,11000,353760.0,-0.18621973929237035,1.5608854976707307,43.88268156424578
300958.SZ,20260901,12.8,12500,160000.0,0.2349256068911565,5.117706239150614,46.40955364134694
300959.SZ,20260901,97.99,17200,1685428.0,0.06126825283363502,7.434948367168412,45.36760951700181
300960.SZ,20260901,17.3,5900,102070.0,0.0,3.462076414950631,45.0
300961.SZ,20260901,12.12,2200,26664.0,-0.24691358024692134,0.5812323082756763,43.51851851851847
300962.SZ,20260901,13.52,600,8112.0,-0.2949852507374673,0.30258387324601904,43.230088495575195
300963.SZ,20260901,11.7,4400,51480.0,0.1712328767123239,0.8196736146506008,46.02739726027394
300964.SZ,20260901,61.5,18000,1107000.0,1.368056700181297,4.740721755140637,53.20834020108778
300965.SZ,20260901,44.55,2000,89100.0,1.480637813211838,3.475444831584468,53.88382687927103
300966.SZ,20260901,24.18,7100,171678.0,-0.08264462809917106,1.775490142851514,44.504132231404974
300967.SZ,20260901,17.41,80600,1403246.0,-1.0795454545454608,8.69758537968474,38.52272727272724
300968.SZ,20260901,10.54,6400,67456.0,-0.18939393939395588,0.7601892989638144,43.86363636363627
300969.SZ,20260901,86.99,27600,2400924.0,3.362642585551323,8.700657921715667,65.17585551330794
300970.SZ,20260901,20.2,522330,10551066.0,1.0000000000000009,12.003457135395248,51.00000000000001
300971.SZ,20260901,18.17,7900,143543.0,-0.7103825136612008,4.568931846184251,40.7377049180328
300972.SZ,20260901,182.3,10700,1950610.0,1.832197519830192,4.184948619642549,55.99318511898115
300973.SZ,20260901,26.04,3000,78120.0,0.19238168526356514,0.9507866871364112,46.15429011158139
300975.SZ,20260901,26.98,181700,4902266.0,0.22288261515601704,4.272616815539618,46.3372956909361
300976.SZ,20260901,59.7,16600,991020.0,0.0,2.6037310867864045,45.0
300977.SZ,20260901,17.8,35400,630120.0,0.28169014084507005,5.057790541319138,46.69014084507042
300978.SZ,20260901,8.95,1600,14320.0,0.0,0.4176286293991249,45.0
300979.SZ,20260901,33.36,2100,70056.0,0.029985007496247107,0.8093925275122491,45.17991004497748
300980.SZ,20260901,24.02,13300,319466.0,0.08333333333332416,2.9321981059918163,45.49999999999994
300981.SZ,20260901,15.45,115900,1790655.0,1.245085190039319,4.572981185484375,52.470511140235914
300982.SZ,20260901,15.02,13700,205774.0,0.0,6.032241889364388,45.0
300983.SZ,20260901,40.91,1900,77729.0,0.8132084770823056,2.04205658745324,49.87925086249383
300984.SZ,20260901,32.81,5500,180455.0,-0.30385900941961586,1.7735991725141775,43.176845943482306
300985.SZ,20260901,39.0,3500,136500.0,0.5154639175257714,1.2866512748612133,48.09278350515463
300986.SZ,20260901,12.7,480600,6103620.0,2.502017756255026,9.206583730496025,60.01210653753016
300987.SZ,20260901,14.1,110500,1558050.0,-0.28288543140029265,12.101462022283602,43.30268741159824
300988.SZ,20260901,15.46,11600,179336.0,-0.4507405022536881,2.9472655463495725,42.29555698647787
300989.SZ,20260901,14.63,31100,454993.0,0.0,4.941543919787687,45.0
300990.SZ,20260901,103.32,72800,7521696.0,0.7312079555425566,8.771322787090472,49.387247733255336
300991.SZ,20260901,28.78,1400,40292.0,-0.758620689655165,0.6522273541887713,40.44827586206901
300992.SZ,20260901,26.0,12500,325000.0,0.23130300693907646,4.642572019959761,46.38781804163446
300993.SZ,20260901,10.15,14400,146160.0,0.4950495049504955,5.954566811668788,47.97029702970298
300994.SZ,20260901,11.55,8000,92400.0,0.3475238922675983,3.1092563193245546,47.08514335360559
300995.SZ,20260901,27.22,3100,84382.0,0.8148148148148016,2.9384312944499893,49.88888888888881
300996.SZ,20260901,14.26,451800,6442668.0,0.0,10.99810270836812,45.0
300997.SZ,20260901,16.9,20000,338000.0,0.9557945041815952,0.9845813127994738,50.73476702508957
300998.SZ,20260901,28.5,12100,344850.0,0.17574692442883233,3.9421888121945847,46.054481546572994
300999.SZ,20260901,26.74,194500,5200930.0,0.7535795026375247,6.751476404678849,49.52147701582515
301000.SZ,20260901,24.39,6700,163413.0,-0.24539877300613355,2.865328387484965,43.5276073619632
301001.SZ,20260901,25.03,6800,170204.0,0.0,3.5833122476574286,45.0
301002.SZ,20260901,28.9,10000,289000.0,0.03461405330562606,2.1472039678308428,45.20768431983376
301003.SZ,20260901,60.23,2700,162621.0,-1.262295081967213,0.9297360428485596,37.42622950819672
301004.SZ,20260901,36.1,4400,158840.0,0.0,5.311614967705621,45.0
301005.SZ,20260901,69.71,13000,906230.0,0.014347202295539319,2.389703333297571,45.086083213773236
301006.SZ,20260901,14.15,10400,147160.0,-0.28188865398167673,9.144923559655803,43.30866807610994
301007.SZ,20260901,30.5,25300,771650.0,1.3962765957446832,9.594535537443445,53.3776595744681
301008.SZ,20260901,41.6,38600,1605760.0,1.0935601458080368,5.171110596952898,51.56136087484822
301009.SZ,20260901,9.18,12000,110160.0,-0.10881392818280489,4.183017495766859,44.34711643090317
301010.SZ,20260901,18.02,2300,41446.0,0.0,1.5020530643752559,45.0
301011.SZ,20260901,15.17,12500,189625.0,0.6635700066357053,5.251957756540494,48.98142003981423
301012.SZ,20260901,23.42,7200,168624.0,-0.17050298380221207,1.5358909840406245,43.97698209718673
301013.SZ,20260901,40.7,93200,3793240.0,1.3951170901843613,6.306814735872245,53.37070254110617
301015.SZ,20260901,24.56,24300,596808.0,0.0,4.6055321592907825,45.0
301016.SZ,20260901,13.6,38100,518160.0,0.36900369003689537,4.344904344697439,47.214022140221374
301017.SZ,20260901,13.45,10700,143915.0,-0.14847809948033142,2.349985783986217,44.10913140311801
301018.SZ,20260901,108.21,128100,13861701.0,-0.5422794117647123,8.97376006245129,41.746323529411725
301019.SZ,20260901,15.54,5900,91686.0,-0.06430868167203174,3.852927467703726,44.61414790996781
301020.SZ,20260901,21.58,100,2158.0,-0.27726432532348966,0.06490569417685091,10.019438999892225
301021.SZ,20260901,81.01,29100,2357391.0,0.4588293650793718,2.708428389058028,47.75297619047623
301022.SZ,20260901,23.56,6000,141360.0,-0.042426813746299086,4.913913086762011,44.7454391175222
301023.SZ,20260901,29.43,3200,94176.0,-0.10183299389002753,3.4647589462172297,44.38900203665983
301024.SZ,20260901,32.99,8000,263920.0,-1.0201020102010072,8.224068856820464,38.879387938793954
301025.SZ,20260901,9.66,90300,872298.0,-0.6172839506172867,5.7780708021743905,41.296296296296276
301026.SZ,20260901,21.07,22900,482503.0,0.0,4.910919897445538,45.0
301027.SZ,20260901,21.03,7500,157725.0,-0.3789673140691563,2.038706658548642,42.72619611558506
301028.SZ,20260901,13.67,52100,712207.0,-0.36443148688046767,9.976198953474967,42.813411078717195
301029.SZ,20260901,26.1,11500,300150.0,-0.07656967840734552,1.6934300318956652,44.54058192955593
301030.SZ,20260901,7.8,166300,1297140.0,-2.621722846441943,17.6093737680199,29.269662921348342
301031.SZ,20260901,96.89,3400,329426.0,-0.21627188465498381,1.6417689537853617,43.702368692070095
301032.SZ,20260901,10.45,3200,33440.0,-0.19102196752628364,1.0054976053652063,43.8538681948423
301033.SZ,20260901,54.31,2700,146637.0,0.3325327914280418,3.7407390038741393,46.99519674856825
301035.SZ,20260901,57.14,4200,239988.0,0.12265638689328284,1.4927567202798122,45.7359383213597
301036.SZ,20260901,23.0,6100,140300.0,0.08703220191470518,7.035773825798051,45.52219321148823
301037.SZ,20260901,13.53,24100,326073.0,-0.14760147601476925,14.590223209434049,44.114391143911384
301038.SZ,20260901,17.21,42700,734867.0,-0.05807200929150991,10.719358941798559,44.65156794425094
301039.SZ,20260901,7.98,7400,59052.0,0.0,0.6084860932739917,45.0
301040.SZ,20260901,28.66,14700,421302.0,0.0,6.404551464634918,45.0
301041.SZ,20260901,29.41,12100,355861.0,-0.2035968781812003,1.9450177397788815,43.7784187309128
301042.SZ,20260901,33.14,9100,301574.0,-0.39074241058011383,2.5718143295677685,42.65554553651932
301043.SZ,20260901,44.19,1300,57447.0,-0.022624434389151293,1.952690976523935,44.864253393665095
301045.SZ,20260901,68.38,12500,854750.0,0.484937545922115,3.879707009741023,47.90962527553269
301046.SZ,20260901,24.95,14500,361775.0,-0.9920634920634885,3.8563388584776273,39.047619047619065
301047.SZ,20260901,97.53,24300,2369979.0,-0.23527004909984495,4.6981707813933795,43.58837970540093
301048.SZ,20260901,9.23,48800,450424.0,0.8743169398907069,9.520824431714393,50.24590163934424
301049.SZ,20260901,21.0,1500,31500.0,-0.04759638267491928,1.635303534918844,44.714421703950485
301050.SZ,20260901,29.78,3200,95296.0,0.16818028927010342,1.4161403549592773,46.00908173562062
301051.SZ,20260901,17.94,23100,414414.0,-0.27793218454695845,2.3853086347402788,43.33240689271825
301052.SZ,20260901,25.51,200200,5107102.0,0.79020150138287,13.005239694988832,49.74120900829722
301053.SZ,20260901,38.53,85300,3286609.0,-2.6774437989391275,18.556155420911097,28.935337206365233
301055.SZ,20260901,27.82,39200,1090544.0,-2.042253521126758,6.721185131795551,32.746478873239454
301056.SZ,20260901,13.78,47600,655928.0,-0.6488824801730297,5.168742547791629,41.10670511896182
301057.SZ,20260901,23.49,19200,451008.0,1.3373597929249303,5.137328356828068,53.024158757549586
301058.SZ,20260901,8.86,105300,932958.0,-0.3374578177727905,4.904431711610023,42.97525309336326
301059.SZ,20260901,12.38,37600,465488.0,1.4754098360655776,14.512689424630203,53.85245901639347
301060.SZ,20260901,10.67,41700,444939.0,-0.2803738317756932,2.2487929978514276,43.31775700934584
301061.SZ,20260901,36.63,24000,879120.0,-0.4619565217391153,6.34206681791842,42.22826086956531
301062.SZ,20260901,7.46,23100,172326.0,0.40376850605652326,4.779392880705382,47.42261103633914
301063.SZ,20260901,18.39,4500,82755.0,-0.10863661053774898,3.230140830315009,44.34818033677351
301065.SZ,20260901,20.24,1700,34408.0,-0.04938271604939537,1.0984254113866854,44.703703703703624
301066.SZ,20260901,12.42,18500,229770.0,0.0,3.2546154553493714,45.0
301067.SZ,20260901,30.68,21500,659620.0,0.22868343678537073,10.59261693973013,46.372100620712224
301068.SZ,20260901,27.6,8900,245640.0,0.0,8.583413542218294,45.0
301069.SZ,20260901,16.84,4400,74096.0,-0.5316007088009389,1.0454072927065599,41.81039574719436
301070.SZ,20260901,64.2,2260,145092.0,-0.07782101167315147,1.4291510736636819,44.53307392996109
301071.SZ,20260901,61.82,21100,1304402.0,0.2757502027574965,1.681447462774631,46.65450121654498
301072.SZ,20260901,45.2,6200,280240.0,0.044267374944673143,3.079849810064572,45.26560424966804
301073.SZ,20260901,19.69,90800,1787852.0,0.2545824847250522,9.215340388024396,46.52749490835031
301075.SZ,20260901,57.8,2800,161840.0,0.0,2.3190383144133633,45.0
301076.SZ,20260901,23.16,239500,5546820.0,0.04319654427646924,29.56201364964608,45.259179265658815
301077.SZ,20260901,21.3,1200,25560.0,-0.09380863039399889,0.3923477014544536,44.43714821763601
301078.SZ,20260901,7.24,121900,882556.0,0.5555555555555536,3.6905409608711457,48.33333333333332
301079.SZ,20260901,28.6,3000,85800.0,0.2453557658604888,1.4304498571690065,46.472134595162935
301080.SZ,20260901,77.05,107100,8252055.0,0.653167864141091,7.884909694879353,48.91900718484655
301081.SZ,20260901,15.56,53800,837128.0,0.0,7.096408102279921,45.0
301082.SZ,20260901,9.98,21300,212574.0,-0.10010010010009784,2.2440264409159387,44.399399399399414
301083.SZ,20260901,14.15,1400,19810.0,-0.35211267605632646,0.5761536211109667,42.88732394366204
301085.SZ,20260901,62.19,88000,5472720.0,1.73400948797644,19.3372541314232,55.40405692785864
301086.SZ,20260901,136.0,22400,3046400.0,0.9950987672657119,4.889982156504871,50.97059260359427
301087.SZ,20260901,49.89,6000,299340.0,-0.617529880478096,1.3987746185373742,41.29482071713142
301088.SZ,20260901,13.6,11100,150960.0,0.5173688100517326,2.877051557312788,48.1042128603104
301089.SZ,20260901,23.34,200,4668.0,-0.2564102564102555,0.11315218097398873,18.82893103685644
301090.SZ,20260901,7.19,34500,248055.0,0.0,2.8899585689117817,45.0
301091.SZ,20260901,18.62,27000,502740.0,0.7575757575757569,5.003527745826216,49.54545454545454
301092.SZ,20260901,44.29,12300,544767.0,-0.33753375337532976,3.9144339430304944,42.97479747974802
301093.SZ,20260901,73.61,600,44166.0,-0.14921323928377417,0.12176272164978964,21.02201046125949
301095.SZ,20260901,79.0,52400,4139600.0,-0.06325110689436864,8.677697437450144,44.62049335863379
301096.SZ,20260901,46.15,3500,161525.0,-0.6244616709732975,1.0032295446885264,41.25322997416021
301097.SZ,20260901,34.15,100,3415.0,-0.058530875036588714,0.15262248496418138,27.120862043333116
301098.SZ,20260901,9.22,24100,222202.0,0.32644178454843686,3.939883566346305,46.95865070729062
301099.SZ,20260901,51.97,30700,1595479.0,0.1348747591522148,5.5308926217598495,45.80924855491329
301100.SZ,20260901,16.29,700,11403.0,0.06142506142505777,0.6418164074119749,45.368550368550345
301101.SZ,20260901,29.88,4500,134460.0,-0.2337228714524242,1.511181211237779,43.59766277128546
301102.SZ,20260901,9.5,1200,11400.0,-0.7314524555903867,0.32502469576840987,40.61128526645768
301103.SZ,20260901,16.5,5500,90750.0,-0.1210653753026647,3.4725398607684856,44.27360774818401
301105.SZ,20260901,47.84,3300,157872.0,0.3987408184680019,4.758835996287389,47.39244491080801
301106.SZ,20260901,20.1,15600,313560.0,-0.9852216748768461,2.5587519667207914,39.088669950738925
301107.SZ,20260901,23.25,2000,46500.0,-0.3856041131105381,0.9697987723149243,42.68637532133677
301108.SZ,20260901,40.45,6900,279105.0,-0.49200492004919383,4.669662701598995,42.04797047970484
301109.SZ,20260901,13.03,3000,39090.0,0.0,0.5191512964276653,45.0
301110.SZ,20260901,35.43,10800,382644.0,0.16963528413911355,1.202163218384491,46.017811704834685
301111.SZ,20260901,22.55,88900,2004695.0,0.22222222222223476,8.87399386157546,46.33333333333341
301112.SZ,20260901,31.49,5600,176344.0,0.7035497281739689,6.4019431098265365,49.221298369043815
301113.SZ,20260901,17.73,11900,210987.0,-0.05636978579480756,8.525244315877993,44.66178128523116
301115.SZ,20260901,30.71,35000,1074850.0,-0.8715300193673281,6.843460122895897,39.77081988379603
301116.SZ,20260901,9.54,12500,119250.0,-0.6250000000000089,1.737557732650555,41.24999999999994
301117.SZ,20260901,14.14,189760,2683206.4,1.726618705035965,15.58973183279264,55.35971223021579
301118.SZ,20260901,23.94,1000,23940.0,-0.16680567139282232,0.2617048192328647,43.999165971643066
301119.SZ,20260901,25.43,5100,129693.0,-0.8576998050682239,1.9034364801275891,39.85380116959065
301120.SZ,20260901,14.94,23000,343620.0,-0.5988023952095745,4.4133839870247895,41.40718562874255
301121.SZ,20260901,36.18,2800,101304.0,-0.7407407407407529,1.282186065131523,40.555555555555486
301122.SZ,20260901,40.01,12400,496124.0,1.754832146490326,3.1598332004479164,55.528992878941956
301123.SZ,20260901,80.51,33600,2705136.0,0.32398753894080645,4.441918278591757,46.94392523364484
301125.SZ,20260901,14.33,71900,1030327.0,1.0578279266572732,11.78972506269658,51.346967559943636
301126.SZ,20260901,10.42,9500,98990.0,-0.09587727708533222,2.531509460939291,44.42473633748801
301127.SZ,20260901,18.19,423600,7705284.0,0.05500550055006492,13.96273919824737,45.330033003300386
301128.SZ,20260901,124.78,40487,5051967.86,1.7864426135900224,5.139777303155652,55.718655681540135
301129.SZ,20260901,23.8,14200,337960.0,0.2527379949452513,3.3465131847747647,46.51642796967151
301130.SZ,20260901,29.51,129600,3824496.0,-1.9275506812894583,11.901066679298916,33.43469591226325
301131.SZ,20260901,34.58,2600,89908.0,0.0,2.298840758639951,45.0
301132.SZ,20260901,39.25,66800,2621900.0,0.02548419979611083,16.60101372127787,45.152905198776665
301133.SZ,20260901,,0,0.0,,0.0,0.0
301135.SZ,20260901,17.83,4700,83801.0,0.6207674943566666,2.886045301467985,48.72460496614
301136.SZ,20260901,11.88,29600,351648.0,0.1686340640809636,6.838988371631011,46.011804384485785
301137.SZ,20260901,32.29,6300,203427.0,-0.46239210850801404,2.152376523350378,42.22564734895192
301138.SZ,20260901,29.01,6200,179862.0,-0.4461221688400796,4.082150601129268,42.323266986959524
301139.SZ,20260901,,0,0.0,,,0.0
301141.SZ,20260901,40.47,2000,80940.0,-0.5895357406042745,1.2923806280593666,41.46278555637436
301148.SZ,20260901,51.63,200,10326.0,-0.3089399497972489,0.23383078228105197,40.23590111180586
301149.SZ,20260901,8.59,82900,712111.0,0.2333722287047868,6.409555433440895,46.40023337222872
301150.SZ,20260901,40.41,98900,3996549.0,-0.0988875154511848,5.375749826090741,44.40667490729289
301151.SZ,20260901,21.15,527100,11148165.0,1.9768563162970043,28.94962467756252,56.86113789778203
301152.SZ,20260901,23.0,206800,4756400.0,-0.2601908065914982,12.491781100921841,43.43885516045101
301153.SZ,20260901,17.83,6800,121244.0,0.0,1.3622653251437349,45.0
301155.SZ,20260901,39.51,7600,300276.0,-0.15163002274450887,4.40508434836662,44.090219863532944
301156.SZ,20260901,12.15,100900,1225935.0,-0.8972267536704659,9.043535737058528,39.6166394779772
301157.SZ,20260901,62.61,4200,262962.0,0.33653846153847145,5.302085537123153,47.01923076923083
301158.SZ,20260901,15.29,24100,368489.0,0.0,3.9026252161032287,45.0
301159.SZ,20260901,32.75,13100,429025.0,0.7692307692307665,4.392495241485842,49.6153846153846
301160.SZ,20260901,49.49,6600,326634.0,0.0,1.9126021058987739,45.0
301161.SZ,20260901,29.62,4500,133290.0,0.033772374197904576,1.2301131401004297,45.202634245187426
301162.SZ,20260901,37.33,300,11199.0,-0.18716577540106583,0.2668554633048787,43.8770053475936
301163.SZ,20260901,23.82,6200,147684.0,0.0,5.709525666475895,45.0
301165.SZ,20260901,126.84,201500,25558260.0,-0.3848268279274314,12.179892504509592,42.69103903243541
301166.SZ,20260901,29.27,2000,58540.0,0.0,1.131905311228812,45.0
301167.SZ,20260901,14.01,30000,420300.0,0.0,9.608518373325161,45.0
301168.SZ,20260901,41.78,1300,54314.0,0.7475283337352367,1.0939022452104918,49.48517000241142
301169.SZ,20260901,55.1,2500,137750.0,-0.3436426116838476,1.4300286975916665,42.938144329896915
301170.SZ,20260901,23.29,3100,72199.0,-0.21422450728363351,2.767523731406751,43.714652956298195
301171.SZ,20260901,37.5,951540,35682750.0,-1.3157894736842146,9.99397624614352,37.10526315789471
301172.SZ,20260901,17.47,19400,338918.0,-0.11435105774728616,1.6821676329269708,44.31389365351628
301173.SZ,20260901,33.61,1900,63859.0,-0.4148148148148123,1.5207590155756316,42.51111111111113
301175.SZ,20260901,5.68,81200,461216.0,-0.35087719298246833,5.838127098933248,42.89473684210519
301176.SZ,20260901,48.61,71600,3480476.0,0.061753808151499,11.93249630222495,45.37052284890899
301177.SZ,20260901,24.48,46600,1140768.0,-0.6896551724137834,7.096141014033411,40.8620689655173
301178.SZ,20260901,34.28,6100,209108.0,0.29256875365710755,3.2601627542258065,46.755412521942645
301179.SZ,20260901,20.44,9000,183960.0,-0.583657587548625,1.1384514163627393,41.49805447470825
301180.SZ,20260901,12.22,2100,25662.0,0.0,0.7020568004495877,45.0
301181.SZ,20260901,23.92,200,4784.0,-0.5818786367414619,0.15622055690281308,24.62842842205758
301182.SZ,20260901,70.83,10800,764964.0,0.014120304998588296,3.2466480390793535,45.08472182999153
301183.SZ,20260901,228.0,4000,912000.0,-0.7314524555903867,1.3214274904526555,40.61128526645768
301185.SZ,20260901,17.49,11900,208131.0,-0.39863325740319144,4.389795834320716,42.60820045558085
301186.SZ,20260901,37.77,7800,294606.0,1.0433386837881198,5.898535044985027,51.260032102728715
301187.SZ,20260901,14.96,20800,311168.0,0.2680965147453085,14.092853192259872,46.60857908847185
301188.SZ,20260901,37.8,30700,1160460.0,0.4517672070156742,2.8435160382173073,47.710603242094045
301189.SZ,20260901,53.9,9100,490490.0,-0.4616805170821747,1.2776239547952977,42.22991689750695
301190.SZ,20260901,20.36,104300,2123548.0,-0.4400977995109967,8.886846627353105,42.35941320293402
301191.SZ,20260901,91.55,14200,1300010.0,0.7594100814439786,3.55586655671657,49.55646048866387
301192.SZ,20260901,20.2,18300,369660.0,-0.04948045522019662,14.169987589324123,44.703117268678824
301193.SZ,20260901,19.9,8900,177110.0,-0.10040160642571516,1.8390318595652861,44.39759036144571
301195.SZ,20260901,26.53,1500,39795.0,0.037707390648566985,1.098917895175825,45.2262443438914
301196.SZ,20260901,95.27,38630,3680280.1,-0.13626834381552655,5.8866520019480495,44.18238993710684
301197.SZ,20260901,25.78,3500,90230.0,-0.07751937984495916,1.383885128351595,44.534883720930246
301198.SZ,20260901,13.56,16200,219672.0,0.07380073800737907,4.8104488446260785,45.442804428044276
301199.SZ,20260901,17.7,500,8850.0,-0.22547914317925244,0.2187879326282141,38.02895301400303
301200.SZ,20260901,280.0,14287,4000360.0,0.0,5.875122399002592,45.0
301201.SZ,20260901,35.2,15600,549120.0,0.05685048322912056,2.9318457523863386,45.341102899374725
301202.SZ,20260901,36.82,7400,272468.0,-0.9948910997579885,5.70602528536642,39.03065340145207
301203.SZ,20260901,36.07,30200,1089314.0,2.471590909090904,45.808496305193806,59.829545454545425
301205.SZ,20260901,309.0,20000,6180000.0,0.022658854756740787,3.6999717643030974,45.13595312854044
301206.SZ,20260901,23.86,3000,71580.0,0.0,1.9326353390319362,45.0
301207.SZ,20260901,17.32,12500,216500.0,-0.28785261945883933,2.2384429035989397,43.27288428324697
301208.SZ,20260901,30.54,2300,70242.0,-0.6829268292682933,0.566762188924565,40.90243902439024
301209.SZ,20260901,59.5,300,17850.0,0.3711201079622084,0.1353808609602235,26.595275620613478
301210.SZ,20260901,24.93,33100,825183.0,0.727272727272732,11.100126516890223,49.36363636363639
301211.SZ,20260901,12.02,56300,676726.0,-0.906842539159125,4.878096789691593,39.55894476504525
301212.SZ,20260901,25.2,1200,30240.0,-0.7874015748031482,0.4186764996202352,40.27559055118111
301213.SZ,20260901,41.09,2200,90398.0,-0.024330900243307862,2.405930541762025,44.854014598540154
301215.SZ,20260901,5.41,24600,133086.0,0.0,2.4695922615330383,45.0
301216.SZ,20260901,19.81,386900,7664489.0,-2.509842519685046,10.272929673141721,29.940944881889724
301217.SZ,20260901,121.51,262100,31847771.0,-1.9843510526740271,7.520167257455703,33.09389368395584
301218.SZ,20260901,64.0,848500,54304000.0,10.079119367045063,27.151361641757063,100.0
301219.SZ,20260901,45.7,28600,1307020.0,-0.10928961748633004,4.5499431482250365,44.34426229508202
301220.SZ,20260901,27.64,1900,52516.0,0.0,1.5700508170284233,45.0
301221.SZ,20260901,28.8,3800,109440.0,0.0,1.2334229644129724,45.0
301222.SZ,20260901,25.2,4900,123480.0,0.0,2.2753760597792723,45.0
301223.SZ,20260901,17.1,600,10260.0,-0.4076878276062956,0.34716176310263275,42.553873034362226
301225.SZ,20260901,60.31,1700,102527.0,0.7854278074866272,0.7301910933914292,49.71256684491976
301226.SZ,20260901,32.55,73400,2389170.0,7.638888888888884,16.782605552308468,90.8333333333333
301227.SZ,20260901,33.84,9000,304560.0,1.1054675829100802,4.2259686149360585,51.63280549746048
301228.SZ,20260901,71.6,119100,8527560.0,0.901916572717032,20.556097424773736,50.41149943630219
301229.SZ,20260901,12.43,7900,98197.0,-0.0803858520900258,3.082972673325416,44.51768488745984
301230.SZ,20260901,30.63,44700,1369161.0,-0.4873294346978585,4.020634025695252,42.076023391812846
301231.SZ,20260901,31.27,496000,15509920.0,-0.031969309462920315,27.217203659078727,44.808184143222476
301232.SZ,20260901,105.43,10520,1109123.6,-0.3967879074161407,2.7010086557369672,42.61927255550316
301233.SZ,20260901,33.15,2100,69615.0,-0.27075812274369726,1.7148997610481853,43.37545126353782
301234.SZ,20260901,97.59,22300,2176257.0,2.0068987143305073,13.195097635508374,57.041392285983044
301235.SZ,20260901,45.84,11400,522576.0,-1.142980375242597,1.481278107570874,38.142117748544415
301236.SZ,20260901,38.0,71600,2720800.0,0.582318687136052,3.2068483081229777,48.49391212281631
301237.SZ,20260901,39.82,4560,181579.2,1.323155216284988,2.8645916395563904,52.93893129770993
301238.SZ,20260901,16.35,78034,1275855.9,-0.1831501831501714,10.412371382706615,43.90109890109897
301239.SZ,20260901,34.3,32100,1101030.0,1.1501032143910406,11.5211386310702,51.90061928634624
301246.SZ,20260901,19.25,14400,277200.0,-0.36231884057971175,1.5291728030876286,42.82608695652173
301248.SZ,20260901,59.8,15800,944840.0,0.08368200836819106,4.027997370852568,45.50209205020914
301251.SZ,20260901,55.0,56600,3113000.0,-1.0791366906474864,6.633110413387364,38.52517985611508
301252.SZ,20260901,36.25,3600,130500.0,0.0,1.519449860275728,45.0
301255.SZ,20260901,20.36,100,2036.0,-0.19607843137254832,0.1067092900049171,18.031201612649788
301256.SZ,20260901,10.29,26000,267540.0,0.981354268891077,1.1067482037999228,50.88812561334646
301257.SZ,20260901,39.7,46100,1830170.0,-0.4263857536995097,10.377047726855379,42.44168547780294
301258.SZ,20260901,26.09,1800,46962.0,-0.03831417624521327,2.031871999038588,44.77011494252872
301259.SZ,20260901,21.76,11700,254592.0,0.5545286506469571,2.283956893417619,48.32717190388174
301260.SZ,20260901,12.2,20400,248880.0,-0.40816326530612734,5.4699093014576015,42.55102040816324
301261.SZ,20260901,56.27,2200,123794.0,0.0,1.721506423724583,45.0
301262.SZ,20260901,21.43,1226257,26278687.51,-4.03045230631437,35.93946318391213,20.81728616211378
301263.SZ,20260901,19.41,1200,23292.0,0.0,0.41659835423371044,45.0
301265.SZ,20260901,19.9,27400,545260.0,1.634320735444339,5.738641938288332,54.80592441266603
301266.SZ,20260901,,0,0.0,,,0.0
301267.SZ,20260901,15.09,10600,159954.0,-0.06622516556291647,2.29941836358117,44.6026490066225
301268.SZ,20260901,13.25,11700,155025.0,-0.15071590052749828,4.183667259337344,44.09570459683501
301269.SZ,20260901,100.02,40900,4090818.0,0.3109016146825905,8.334734358362521,46.86540968809554
301270.SZ,20260901,32.3,14200,458660.0,0.030969340353048658,4.544220674334068,45.18581604211829
301272.SZ,20260901,35.49,1200,42588.0,-0.028169014084500343,1.997293608069539,44.830985915492995
301273.SZ,20260901,39.0,8600,335400.0,0.5673027333677139,3.0484803594445196,48.40381640020628
301275.SZ,20260901,42.23,2500,105575.0,-0.14187751241429014,0.5096845921510524,44.14873492551426
301276.SZ,20260901,18.81,65100,1224531.0,0.0,23.197785668376223,45.0
301277.SZ,20260901,10.19,5400,55026.0,-0.19588638589619345,1.5468002800465799,43.82468168462284
301278.SZ,20260901,29.13,2200,64086.0,0.06870491240122956,2.1260191335923126,45.412229474407376
301279.SZ,20260901,21.5,6900,148350.0,-0.6928406466512604,4.6708426457871575,40.84295612009244
301280.SZ,20260901,42.66,1800,76788.0,0.11734334663224821,1.2189558811857948,45.70406007979349
301281.SZ,20260901,46.89,10900,511101.0,0.19230769230769162,5.060119858451329,46.153846153846146
301282.SZ,20260901,36.65,130600,4786490.0,0.1639792292976061,7.396371216252564,45.98387537578564
301283.SZ,20260901,25.75,500,12875.0,-0.15509887553314394,0.4571338733882024,44.069406746801135
301285.SZ,20260901,94.21,17100,1610991.0,0.0,6.300429714585831,45.0
301286.SZ,20260901,46.26,7000,323820.0,0.6746463547333992,3.3345972437226914,49.0478781284004
301287.SZ,20260901,42.79,2000,85580.0,0.7297551789077206,1.9758560001318777,49.378531073446325
301288.SZ,20260901,17.64,100,1764.0,0.05672149744753163,0.07923300653012029,14.602270160106842
301289.SZ,20260901,44.89,900,40401.0,-0.13348164627364767,0.7615706161129432,44.199110122358114
301290.SZ,20260901,28.81,7200,207432.0,-0.17325017325017233,4.259054226080804,43.96049896049897
301291.SZ,20260901,33.15,8500,281775.0,-0.4205467107239458,2.0183334768932935,42.476719735656324
301292.SZ,20260901,65.21,26000,1695460.0,0.5551272166538057,4.5641576278252565,48.330763299922836
301293.SZ,20260901,51.58,28100,1449398.0,-0.9029779058597476,4.516318386933077,39.582132564841515
301295.SZ,20260901,39.27,1500,58905.0,0.10196278358400868,0.9497705297644428,45.611776701504056
301296.SZ,20260901,6.47,11200,72464.0,0.0,2.3499086961045363,45.0
301297.SZ,20260901,41.57,99600,4140372.0,-0.14412683161182382,4.660540710843338,44.13523901032906
301298.SZ,20260901,13.11,3500,45885.0,-0.15232292460016783,2.5301246742712618,44.08606245239899
301299.SZ,20260901,45.8,9700,444260.0,-0.5644811115935844,4.652103557328904,41.613113330438495
301300.SZ,20260901,33.19,3300,109527.0,0.0,2.0977231754273795,45.0
301301.SZ,20260901,8.65,26400,228360.0,0.11574074074074403,1.6022560208207122,45.694444444444464
301302.SZ,20260901,21.53,10300,221759.0,0.0,2.137718423342092,45.0
301303.SZ,20260901,14.12,9200,129904.0,-0.7032348804500765,3.6092511672216556,40.78059071729954
301305.SZ,20260901,24.91,25000,622750.0,0.48406615570795175,3.9468967469188048,47.904396934247714
301306.SZ,20260901,99.02,15300,1515006.0,0.0,3.4654857215319352,45.0
301307.SZ,20260901,60.99,38600,2354214.0,2.160804020100504,4.682413147860304,57.964824120603026
301308.SZ,20260901,381.0,76799,29260419.0,-0.19646365422396617,9.973420572141515,43.8212180746562
301309.SZ,20260901,32.1,12900,414090.0,-0.8647313156269321,6.264713013389442,39.81161210623841
301310.SZ,20260901,52.03,74400,3871032.0,-1.6632016632016522,10.834972071525712,35.02079002079009
301311.SZ,20260901,13.82,5500,76010.0,0.5090909090909035,2.6154037889600024,48.05454545454542
301312.SZ,20260901,81.67,22100,1804907.0,-0.5358665205212443,3.941969979302201,41.78480087687254
301313.SZ,20260901,35.34,34700,1226298.0,1.9913419913420105,6.881608305337102,56.94805194805206
301314.SZ,20260901,46.4,1000,46400.0,-0.2365082777897265,1.3521498979389097,43.58095033326164
301315.SZ,20260901,40.5,8900,360450.0,-0.024685262898049842,2.7074820595422144,44.8518884226117
301316.SZ,20260901,38.3,62000,2374600.0,0.0,5.648608178478698,45.0
301317.SZ,20260901,48.07,18100,870067.0,-0.3730569948186546,3.7874595750361344,42.761658031088075
301318.SZ,20260901,21.43,34900,747907.0,0.0,32.12617735093436,45.0
301319.SZ,20260901,106.3,37200,3954360.0,0.8443221705720427,4.22707253098659,50.06593302343226
301320.SZ,20260901,14.08,2600,36608.0,0.49964311206280865,1.8277782385501802,47.99785867237685
301321.SZ,20260901,42.15,11300,476295.0,-0.21306818181818787,2.2966984930736327,43.72159090909087
301322.SZ,20260901,41.97,16800,705096.0,1.2545235223160311,6.422697918358603,52.52714113389619
301323.SZ,20260901,70.45,400,28180.0,-0.494350282485867,0.28688329672475105,42.0338983050848
301325.SZ,20260901,30.87,2800,86436.0,0.2272727272727204,2.076234136266346,46.363636363636324
301326.SZ,20260901,109.89,9200,1010988.0,0.5030181086518981,5.7492099440298885,48.01810865191139
301327.SZ,20260901,42.46,4700,199562.0,-0.18805829807240215,4.191025506971184,43.87165021156559
301328.SZ,20260901,55.0,2900,159500.0,-0.1452432824981864,1.0965700161102045,44.12854030501088
301329.SZ,20260901,19.86,17000,337620.0,0.05037783375314575,2.541495657022222,45.302267002518875
301330.SZ,20260901,25.75,28200,726150.0,0.07773027594246695,4.676644841413196,45.4663816556548
301331.SZ,20260901,21.99,6748,148388.52,0.0,4.737600626312771,45.0
301332.SZ,20260901,8.0,12900,103200.0,-0.37359900373598043,2.1908160499948908,42.75840597758412
301333.SZ,20260901,53.36,5200,277472.0,-0.6331471135940459,2.5820664051293547,41.20111731843573
301335.SZ,20260901,24.96,174900,4365504.0,8.853030963802876,46.849915229644665,98.11818578281725
301336.SZ,20260901,40.78,3000,122340.0,0.0,2.9574632942398944,45.0
301337.SZ,20260901,26.56,2500,66400.0,-0.18789928598271777,2.4880441795709913,43.872604284103694
301338.SZ,20260901,104.0,11900,1237600.0,0.7556675062972307,2.1271185728447595,49.53400503778339
301339.SZ,20260901,11.26,153800,1731788.0,-1.5734265734265729,17.998518024931226,35.55944055944056
301345.SZ,20260901,244.99,6600,1616934.0,1.508183136523722,6.954317883114782,54.04909881914233
301348.SZ,20260901,21.75,9500,206625.0,-0.4576659038901698,1.68259954410571,42.25400457665898
301349.SZ,20260901,43.88,3300,144804.0,-0.27272727272726893,0.9951730637145443,43.36363636363639
301353.SZ,20260901,19.68,4500,88560.0,0.0,3.771944928346731,45.0
301355.SZ,20260901,10.33,1800,18594.0,-1.0536398467432928,0.38646056988156524,38.67816091954025
301356.SZ,20260901,21.28,103500,2202480.0,0.37735849056603765,48.78505719953155,47.264150943396224
301357.SZ,20260901,89.51,25600,2291456.0,0.573033707865167,3.6086235535720235,48.438202247191
301358.SZ,20260901,61.5,86800,5338200.0,-0.8064516129032251,6.258764172358703,40.16129032258065
301359.SZ,20260901,18.56,4300,79808.0,0.0,1.0224106941092193,45.0
301360.SZ,20260901,57.86,12700,734822.0,-1.26279863481229,5.2031183691756056,37.423208191126264
301361.SZ,20260901,27.45,600,16470.0,0.2922908293752302,0.6978037166940145,46.75374497625138
301362.SZ,20260901,113.96,13200,1504272.0,0.11420539400861518,4.122907991632684,45.68523236405169
301363.SZ,20260901,16.31,4000,65240.0,-0.12247397428046813,0.38014636781077094,44.26515615431719
301365.SZ,20260901,41.35,13200,545820.0,0.9275079326336311,3.8294069451710793,50.565047595801786
301366.SZ,20260901,58.28,50200,2925656.0,0.6910850034554272,7.426658490499656,49.14651002073256
301367.SZ,20260901,47.0,17200,808400.0,0.19185674696227117,6.066532924920408,46.15114048177362
301368.SZ,20260901,38.91,1200,46692.0,-0.409521371896604,0.9876066858886249,42.54287176862037
301369.SZ,20260901,137.6,8000,1100800.0,-0.5061460592914124,4.651058609594594,41.963123644251525
301370.SZ,20260901,8.83,10200,90066.0,0.11337868480725266,3.1143692381770194,45.68027210884352
301371.SZ,20260901,21.44,29500,632480.0,0.09337068160597539,5.921021260383216,45.56022408963585
301372.SZ,20260901,30.49,1400,42686.0,-0.3269042170644054,1.0091895830319253,43.03857469761357
301373.SZ,20260901,110.51,54800,6055948.0,0.0,7.994489295027926,45.0
301376.SZ,20260901,21.22,12000,254640.0,-0.09416195856873921,1.2414800127364187,44.435028248587564
301377.SZ,20260901,415.67,6200,2577154.0,-0.9979516981851067,1.6612323377815013,39.01228981088936
301378.SZ,20260901,25.48,5800,147784.0,0.0,2.037607980372782,45.0
301379.SZ,20260901,21.92,41800,916256.0,0.0,4.944683397381446,45.0
301380.SZ,20260901,32.5,16100,523250.0,0.46367851622874934,3.624884387438557,47.782071097372494
301381.SZ,20260901,23.7,32800,777360.0,-0.6705783738474413,7.0383696536965665,40.976529756915355
301382.SZ,20260901,38.85,23900,928515.0,-0.2054970459799632,2.873713074915466,43.76701772412022
301383.SZ,20260901,24.02,1100,26422.0,0.0,0.5951689633824446,45.0
301386.SZ,20260901,20.63,3200,66016.0,-0.4823926676314594,2.6188990523827016,42.10564399421124
301387.SZ,20260901,57.96,3500,202860.0,0.034518467380051376,1.9088788570093884,45.207110804280305
301388.SZ,20260901,25.69,37034,951403.46,-0.4263565891472809,13.788666754756806,42.441860465116314
301389.SZ,20260901,61.51,66400,4084264.0,0.09764035801462789,5.974871925433116,45.585842148087764
301390.SZ,20260901,33.97,19300,655621.0,0.02944640753828054,16.265194697090394,45.17667844522968
301391.SZ,20260901,47.59,4300,204637.0,0.6982649174777977,1.4806769949971628,49.18958950486679
301392.SZ,20260901,199.33,48800,9727304.0,5.448870549648199,7.349902386286368,77.6932232978892
301393.SZ,20260901,56.57,6700,379019.0,0.49742405400603484,2.6138727077321713,47.98454432403621
301395.SZ,20260901,12.12,4300,52116.0,-0.16474464579901982,1.344913882106873,44.01153212520588
301396.SZ,20260901,184.7,42600,7868220.0,0.31501194872907146,4.402795428378181,46.89007169237443
301397.SZ,20260901,25.38,4400,111672.0,-0.8593750000000067,1.252709017042839,39.84374999999996
301398.SZ,20260901,35.66,4600,164036.0,0.0,1.7489213206088217,45.0
301399.SZ,20260901,22.8,297600,6785280.0,-2.6473099914602893,19.928775252508405,29.116140051238265
301408.SZ,20260901,14.56,7600,110656.0,-0.749829584185413,0.8658098721889559,40.50102249488752
301413.SZ,20260901,60.34,2300,138782.0,0.18263323924956332,0.9064405993596756,46.09579943549738
301418.SZ,20260901,36.7,3100,113770.0,0.05452562704471031,2.3354363139839656,45.32715376226826
301419.SZ,20260901,38.63,19500,753285.0,-0.25819777949908085,3.350769850408028,43.45081332300551
301421.SZ,20260901,80.91,35400,2864214.0,0.6593680019905568,11.113718033487405,48.95620801194334
301428.SZ,20260901,28.6,10300,294580.0,-0.34843205574912606,3.031303924940904,42.90940766550524
301429.SZ,20260901,17.83,39400,702502.0,0.0,31.386114994176797,45.0
301439.SZ,20260901,15.0,10800,162000.0,0.0,2.133496648972324,45.0
301446.SZ,20260901,,0,0.0,,0.0,0.0
301448.SZ,20260901,45.41,500,22705.0,0.022026431718047412,0.357905056308609,45.132158590308286
301449.SZ,20260901,45.09,16300,734967.0,-1.4210756449497097,7.867366935738162,36.47354613030174
301456.SZ,20260901,24.07,7200,173304.0,1.0919781604368017,6.345691450017079,51.55186896262081
301458.SZ,20260901,39.3,22000,864600.0,0.07639419404124048,3.3453509564374113,45.45836516424744
301459.SZ,20260901,31.61,11700,369837.0,-0.6599622878692646,11.07130152036211,41.04022627278441
301468.SZ,20260901,33.56,22300,748388.0,1.5431164901664296,4.970443447271353,54.25869894099858
301469.SZ,20260901,29.13,1200,34956.0,0.240880935994503,1.037449474569355,46.445285615967016
301479.SZ,20260901,49.82,3200,159424.0,-0.08022462896108973,2.1223596179738844,44.51865222623346
301486.SZ,20260901,178.92,11500,2057580.0,0.011179429849073053,2.6964653021433294,45.06707657909444
301487.SZ,20260901,16.19,35100,568269.0,0.0,2.680102296968603,45.0
301488.SZ,20260901,99.5,3900,388050.0,1.2722646310432628,2.7364997634733705,52.633587786259575
301489.SZ,20260901,121.0,18400,2226400.0,0.3316749585406287,3.6735522652218253,46.990049751243774
301491.SZ,20260901,39.56,1500,59340.0,-0.45294413688978796,1.8175184131017017,42.28233517866127
301498.SZ,20260901,38.52,21600,832032.0,0.6532532009406955,5.001049518235205,48.91951920564417
301499.SZ,20260901,25.52,3400,86768.0,0.0,2.1494363806375234,45.0
301500.SZ,20260901,25.58,754200,19292436.0,-0.7757951900698279,24.759772906633746,40.345228859581034
301501.SZ,20260901,28.0,3200,89600.0,-0.5328596802841923,2.977238743977405,41.802841918294845
301502.SZ,20260901,52.91,1300,68783.0,-1.0658189977561738,0.9287484805757629,38.60508601346296
301503.SZ,20260901,22.43,2000,44860.0,0.49283154121864126,0.8536618621006503,47.956989247311846
301505.SZ,20260901,16.16,10600,171296.0,0.3726708074534013,4.3069177083351295,47.236024844720404
301507.SZ,20260901,12.54,5300,66462.0,0.07980845969672856,0.6269318884635908,45.47885075818037
301508.SZ,20260901,24.6,3800,93480.0,0.04066693777959873,4.0114803503928185,45.244001626677594
301509.SZ,20260901,29.29,5300,155237.0,-0.3402517863218879,2.167945348797686,42.95848928206867
301510.SZ,20260901,29.18,57100,1666178.0,0.0,6.112443730726969,45.0
301511.SZ,20260901,99.49,286100,28464089.0,1.9469207910646436,7.867945058222386,56.681524746387865
301512.SZ,20260901,32.5,6900,224250.0,0.7127362875735788,6.83625623949451,49.276417725441476
301513.SZ,20260901,46.5,2300,106950.0,-0.5347593582887722,4.522319545315515,41.79144385026737
301515.SZ,20260901,19.6,7900,154840.0,-0.15282730514517562,5.566016998255725,44.083036169128945
301516.SZ,20260901,17.49,65800,1150842.0,0.11448196908987462,5.753886816548371,45.68689181453925
301517.SZ,20260901,39.06,1600,62496.0,0.20523345305285545,0.8255944683319059,46.23140071831713
301518.SZ,20260901,25.8,10113,260915.4,0.3500583430571691,3.9128072617226874,47.10035005834301
301519.SZ,20260901,12.37,12300,152151.0,0.16194331983805377,7.536430961941447,45.971659919028326
301520.SZ,20260901,61.49,127800,7858422.0,0.3263175069342594,11.637100858602194,46.95790504160556
301522.SZ,20260901,23.45,4200,98490.0,-0.1702852277564837,1.4077673426053534,43.9782886334611
301525.SZ,20260901,40.12,3500,140420.0,0.1747815230961347,3.839752309779732,46.048689138576805
301526.SZ,20260901,31.82,2569900,81774218.0,2.645161290322573,14.743723157408,60.87096774193544
301528.SZ,20260901,56.7,3000,170100.0,0.6211180124223725,3.577702207611577,48.72670807453424
301529.SZ,20260901,114.12,4000,456480.0,0.01752848378615557,2.1024125705290313,45.105170902716935
301531.SZ,20260901,51.06,7700,393162.0,-0.019580967299781538,3.4634752403317277,44.88251419620131
301533.SZ,20260901,29.33,139900,4103267.0,-1.8078339471041316,18.054646745516735,34.15299631737521
301535.SZ,20260901,14.49,1200,17388.0,0.0,0.4525475475530185,45.0
301536.SZ,20260901,136.5,472016,64430184.0,3.802281368821303,20.495545700095807,67.81368821292781
301538.SZ,20260901,42.5,900,38250.0,-0.047036688617130284,0.42859575590664345,44.71777986829722
301539.SZ,20260901,15.26,5500,83930.0,0.1969796454366346,4.626977567069812,46.18187787261981
301548.SZ,20260901,58.84,1900,111796.0,-0.10186757215618902,0.801212314929926,44.38879456706287
301550.SZ,20260901,90.7,21700,1968190.0,1.4881951437842655,3.6715333356357336,53.92917086270559
301551.SZ,20260901,21.21,195400,4144434.0,-1.4405204460966492,16.312097076033442,36.35687732342011
301552.SZ,20260901,26.25,8200,215250.0,-1.1299435028248594,2.390834460226082,38.220338983050844
301555.SZ,20260901,36.2,13700,495940.0,0.16602102933038765,5.828733230248867,45.996126175982326
301556.SZ,20260901,61.9,3600,222840.0,-0.32206119162641045,0.6148569798868226,43.06763285024154
301557.SZ,20260901,87.7,400,35080.0,0.02281021897809765,1.1798264629175155,45.136861313868586
301558.SZ,20260901,6.7,28800,192960.0,0.0,3.922549469695818,45.0
301559.SZ,20260901,13.19,1000,13190.0,-0.9015777610818954,0.7428285367578761,39.590533433508625
301560.SZ,20260901,23.85,3400,81090.0,0.7179054054054168,1.8881305579529415,49.3074324324325
301563.SZ,20260901,124.14,26900,3339366.0,-1.1702889897301172,17.241220409438384,37.978266061619294
301565.SZ,20260901,20.0,2900,58000.0,-0.3984063745019806,0.8813352179927199,42.609561752988114
301566.SZ,20260901,26.0,50300,1307800.0,-0.8390541571319576,2.6290741824371717,39.96567505720825
301567.SZ,20260901,37.13,4300,159659.0,0.0,4.909019458883446,45.0
301568.SZ,20260901,70.8,1200,84960.0,-0.4499437570303799,0.3649324089974778,42.30033745781772
301571.SZ,20260901,67.5,16400,1107000.0,-0.0888099467140302,5.217401796692224,44.46714031971582
301575.SZ,20260901,27.25,4500,122625.0,-0.3656307129798919,4.764302382913946,42.80621572212065
301577.SZ,20260901,58.86,4400,258984.0,-0.641458474004053,4.575678698111778,41.151249155975684
301578.SZ,20260901,24.41,2100,51261.0,0.45267489711933173,1.6364630761547303,47.716049382715994
301580.SZ,20260901,55.32,13800,763416.0,-0.25243418680129803,2.9052206798911264,43.485394879192214
301581.SZ,20260901,37.75,100,3775.0,0.13262599469494596,0.1977793906330528,36.39604628211919
301583.SZ,20260901,123.01,17700,2177277.0,-0.7022925411688696,5.0050174526605655,40.78624475298678
301584.SZ,20260901,21.39,25500,545445.0,-0.09341429238672871,14.735360996774537,44.439514245679625
301585.SZ,20260901,26.68,200,5336.0,-0.1123174840883645,0.12388075206025641,21.624630466315967
301586.SZ,20260901,30.88,12800,395264.0,-0.2906038101388453,7.358174130745141,43.25637713916693
301587.SZ,20260901,21.8,5000,109000.0,0.04589261128959965,1.7175622098822436,45.2753556677376
301588.SZ,20260901,28.98,17100,495558.0,0.4158004158004269,4.957830110699958,47.49480249480256
301589.SZ,20260901,144.31,2000,288620.0,0.0,3.551941604034174,45.0
301590.SZ,20260901,72.9,3100,225990.0,-0.42343942084412944,4.6238305897349585,42.45936347493522
301591.SZ,20260901,55.0,253745,13955975.0,-1.0791366906474864,16.513254443513702,38.52517985611508
301592.SZ,20260901,105.0,1100,115500.0,-0.7467624539181483,1.081978970450639,40.51942527649111
301595.SZ,20260901,39.68,1100,43648.0,0.3794586390083454,1.2895453774955157,47.276751834050074
301596.SZ,20260901,49.55,9500,470725.0,0.2022244691607611,7.308622591020295,46.21334681496457
301598.SZ,20260901,52.64,7400,389536.0,0.03800836183960321,8.570521101086486,45.22805017103762
301599.SZ,20260901,34.69,7600,263644.0,0.0,2.02452794857197,45.0
301600.SZ,20260901,85.82,2700,231714.0,-0.463929482718628,3.17062268726534,42.21642310368823
301601.SZ,20260901,16.58,5000,82900.0,0.18126888217522286,2.5784084203292172,46.087613293051334
301602.SZ,20260901,16.66,5800,96628.0,-0.17974835230677444,1.2768046090493097,43.921509886159356
301603.SZ,20260901,135.16,8500,1148860.0,-0.6103389955143812,4.069934488121993,41.33796602691371
301606.SZ,20260901,51.5,9400,484100.0,-0.3675759334494044,2.8560163882158953,42.794544399303575
301607.SZ,20260901,42.04,37860,1591634.4,0.21454112038139517,3.403057152883866,46.28724672228837
301608.SZ,20260901,45.88,13400,614792.0,-0.06534524068828595,7.125456597287174,44.60792855587029
301609.SZ,20260901,32.28,1500,48420.0,-0.18552875695733162,1.1633738854491347,43.88682745825601
301611.SZ,20260901,99.2,7400,734080.0,-0.6509764646970395,1.0192298214823767,41.094141211817764
301613.SZ,20260901,36.55,7000,255850.0,0.6055601431323998,9.439613574975718,48.6333608587944
301616.SZ,20260901,35.77,900,32193.0,-0.13958682300390102,1.73175960837714,44.1624790619766
301617.SZ,20260901,52.52,2100,110292.0,0.30557677616502854,1.6019856327519468,46.83346065699017
301618.SZ,20260901,32.89,1500,49335.0,0.030413625304137604,1.377424057500988,45.182481751824824
301622.SZ,20260901,39.49,3100,122419.0,-0.050620096178177754,2.428454176017323,44.696279422930935
301626.SZ,20260901,265.57,4200,1115394.0,0.033900858821755975,2.524627293531816,45.203405152930536
301628.SZ,20260901,103.56,58000,6006480.0,0.8963367108339781,18.20473972092866,50.37802026500387
301629.SZ,20260901,303.01,3500,1060535.0,1.1044377711044495,2.576738139857217,51.626626626626695
301630.SZ,20260901,204.46,18000,3680280.0,-0.3509113948727993,8.529131848642098,42.894531630763204
301631.SZ,20260901,64.36,3300,212388.0,-0.031065548306918878,1.3478457233076047,44.81360671015849
301632.SZ,20260901,13.57,33000,447810.0,-0.07363770250368162,7.534456512723135,44.55817378497791
301633.SZ,20260901,60.09,12000,721080.0,-0.5461767626613656,8.871282977752658,41.72293942403181
301636.SZ,20260901,40.62,3200,129984.0,0.6442021803765963,3.7565904067369535,48.86521308225958
301638.SZ,20260901,22.16,17900,396664.0,-0.5385996409335791,2.901200431807053,41.76840215439852
301655.SZ,20260901,29.85,247450,7386382.5,-1.4851485148514865,12.939297513117431,36.089108910891085
301656.SZ,20260901,15.18,10600,160908.0,0.3968253968253954,1.807864886379431,47.38095238095237
301658.SZ,20260901,23.3,9700,226010.0,-0.5123825789923209,2.884140050186053,41.925704526046076
301662.SZ,20260901,73.86,18700,1381182.0,-1.9774386197743743,3.6947950988114866,33.135368281353756
301665.SZ,20260901,23.59,15900,375081.0,-0.5061155630535663,5.590777875679958,41.963306621678605
301666.SZ,20260901,466.56,49300,23001408.0,0.04288532464189476,15.5756016220451,45.25731194785137
301667.SZ,20260901,60.59,7300,442307.0,0.46426794893053014,3.959953779327308,47.78560769358318
301668.SZ,20260901,34.91,1200,41892.0,-0.2571428571428669,0.9386505390592498,43.4571428571428
301669.SZ,20260901,27.74,5500,152570.0,0.0,1.4919081422775293,45.0
301677.SZ,20260901,54.17,16800,910056.0,-0.7511909124221283,7.9314308680045045,40.49285452546723
301678.SZ,20260901,45.61,19200,875712.0,-0.8046976946498474,10.263857504513897,40.171813832100916
301680.SZ,20260901,97.0,500,48500.0,0.0,0.36453849529806226,45.0
301682.SZ,20260901,111.47,1900,211793.0,-0.09858397562286791,1.7637244745499434,44.40849614626279
301683.SZ,20260901,99.95,2600,259870.0,-0.7546420415053046,5.305608123866474,40.472147750968176
301687.SZ,20260901,51.04,7300,372592.0,-0.11741682974559797,2.6519175140613247,44.29549902152641
301696.SZ,20260901,98.01,5700,558657.0,-0.4368143031288074,4.82963957267326,42.37911418122715
301697.SZ,20260901,38.5,1232400,47447400.0,218.18181818181822,35.27870793452561,100.0
301707.SZ,20260901,79.07,28600,2261402.0,-0.8899473552268833,8.707729748330841,39.6603158686387
301717.SZ,20260901,374.0,19500,7293000.0,0.0,4.900390821816634,45.0
302132.SZ,20260901,59.34,31500,1869210.0,-0.6030150753768782,3.136516287261047,41.38190954773873
920000.BJ,20260901,,0,0.0,,0.0,0.0
920001.BJ,20260901,11.31,2400,27144.0,-0.7023705004389869,0.7446195050003088,40.78577699736608
920002.BJ,20260901,51.86,1100,57046.0,0.1351612280362957,0.9226246478708563,45.810967368217774
920003.BJ,20260901,15.58,100251,1561910.58,-2.4420788979336305,79.82873443947632,30.347526612398216
920005.BJ,20260901,24.5,4300,105350.0,-0.4469727752945962,5.554678058196561,42.318163348232424
920006.BJ,20260901,,0,0.0,,0.0,0.0
920007.BJ,20260901,33.03,100,3303.0,0.0,0.4978442274803562,45.0
920008.BJ,20260901,19.5,1000,19500.0,0.5154639175257714,0.523310027187228,48.09278350515463
920009.BJ,20260901,35.65,600,21390.0,0.0,1.5278704342385847,45.0
920010.BJ,20260901,9.25,289433,2677255.25,3.93258426966292,18.085298714862905,68.59550561797752
920011.BJ,20260901,18.32,1300,23816.0,0.7146783947223678,1.6902919243025785,49.2880703683342
920012.BJ,20260901,,0,0.0,,0.0,0.0
920014.BJ,20260901,,0,0.0,,0.0,0.0
920015.BJ,20260901,38.92,3432,133573.44,0.25759917568264346,1.712995571697184,46.54559505409586
920016.BJ,20260901,13.6,8900,121040.0,-0.2932551319648202,4.167251310668275,43.24046920821108
920017.BJ,20260901,16.59,1000,16590.0,0.0,0.6054076504605019,45.0
920018.BJ,20260901,15.28,9721,148536.88,-0.39113428943937656,7.484457094146929,42.653194263363744
920019.BJ,20260901,,0,0.0,,0.0,0.0
920020.BJ,20260901,,0,0.0,,0.0,0.0
920021.BJ,20260901,8.4,1977920,16614528.0,-5.0847457627118615,19.508892380088852,15.0
920022.BJ,20260901,19.03,127,2416.81,-0.6784968684759862,0.40171316726108547,40.92901878914408
920023.BJ,20260901,1.59,83855,133329.45,0.6329113924050667,15.184820781896835,48.7974683544304
920026.BJ,20260901,22.36,78232,1749267.52,-0.886524822695034,17.026275902094667,39.6808510638298
920027.BJ,20260901,,0,0.0,,0.0,0.0
920028.BJ,20260901,14.5,1000,14500.0,0.20732550103661485,0.5767633159323655,46.24395300621969
920029.BJ,20260901,,0,0.0,,0.0,0.0
920030.BJ,20260901,,0,0.0,,0.0,0.0
920033.BJ,20260901,14.17,500,7085.0,0.5677785663591228,0.5207520488967314,48.406671398154735
920035.BJ,20260901,25.14,4000,100560.0,-0.1588562351072298,5.0342329467392695,44.04686258935662
920036.BJ,20260901,31.55,18273,576513.15,-1.159147869674193,10.5662371101732,38.04511278195484
920037.BJ,20260901,,0,0.0,,0.0,0.0
920038.BJ,20260901,35.49,18199,645882.51,-1.2246033954912305,10.17084010002395,37.65237962705262
920039.BJ,20260901,8.28,63441,525291.48,-0.2409638554217053,17.93935929587182,43.55421686746977
920045.BJ,20260901,482.0,3879,1869678.0,-0.8230452674897082,2.634064567178184,40.06172839506175
920046.BJ,20260901,19.72,4500,88740.0,-0.9045226130653283,1.8946845632131057,39.57286432160803
920047.BJ,20260901,16.46,700,11522.0,0.06079027355623268,0.313163071485434,45.364741641337396
920050.BJ,20260901,29.43,100,2943.0,0.2725724020442799,0.5191217042152764,46.63543441226568
920055.BJ,20260901,26.95,100,2695.0,0.0,0.39089800309283723,45.0
920056.BJ,20260901,14.18,21193,300516.74,-1.115760111576014,8.798776375924497,38.30543933054392
920057.BJ,20260901,4.9,111265,545198.5,-0.8097165991902799,26.43326623101919,40.14170040485832
920058.BJ,20260901,28.11,200,5622.0,-0.601131541725608,0.27245497080917347,41.39321074964635
920059.BJ,20260901,14.19,10282,145901.58,-0.42105263157895534,2.1304740800431743,42.473684210526265
920060.BJ,20260901,21.23,400,8492.0,-0.3754106053495909,0.2020129648490521,34.109870040731835
920061.BJ,20260901,,0,0.0,,0.0,0.0
920062.BJ,20260901,7.32,3000,21960.0,0.687757909215958,1.3940219768339104,49.12654745529575
920065.BJ,20260901,33.75,500,16875.0,-0.2954209748892267,0.19991699124287024,34.212532574381285
920066.BJ,20260901,18.32,11789,215974.48,-1.0799136069114423,9.77089805408637,38.52051835853135
920068.BJ,20260901,16.33,54468,889462.44,-1.030303030303037,16.46397357487847,38.81818181818178
920069.BJ,20260901,33.45,200,6690.0,0.17969451931716396,0.6108642179243433,46.078167115902986
920072.BJ,20260901,24.97,2500,62425.0,0.08016032064128709,3.450667984647714,45.48096192384772
920075.BJ,20260901,15.09,17904,270171.36,-0.854139290407363,4.784232028636211,39.875164257555824
920076.BJ,20260901,,0,0.0,,0.0,0.0
920077.BJ,20260901,13.59,2400,32616.0,0.0,0.5910572644460659,45.0
920078.BJ,20260901,20.27,1493,30263.11,-0.4420432220039294,0.532625673439845,42.347740667976424
920079.BJ,20260901,13.89,1800,25002.0,0.21645021645022577,0.8291810026812076,46.29870129870135
920080.BJ,20260901,21.5,1900,40850.0,-0.9216589861751112,3.729850542733931,39.47004608294933
920081.BJ,20260901,44.98,6632,298307.36,-0.37652270210409844,4.708820511647718,42.74086378737541
920082.BJ,20260901,8.08,681,5502.48,-0.6150061500615145,0.5301512363424681,41.30996309963091
920083.BJ,20260901,39.4,55755,2196747.0,-3.9961013645224197,11.036951814274433,21.023391812865484
920086.BJ,20260901,,0,0.0,,0.0,0.0
920087.BJ,20260901,16.4,809315,13272766.0,-8.533184606804245,19.864167748625086,15.0
920088.BJ,20260901,43.99,38837,1708439.63,1.0799632352941124,8.100745577001476,51.479779411764675
920089.BJ,20260901,,0,0.0,,0.0,0.0
920090.BJ,20260901,3.45,14200,48990.0,-1.1461318051575908,7.543641536920678,38.123209169054455
920091.BJ,20260901,28.88,700,20216.0,1.3333333333333197,1.0051913119226563,52.999999999999915
920092.BJ,20260901,28.21,6647,187511.87,-0.35323207347226493,1.3672737309876428,42.88060755916641
920093.BJ,20260901,20.3,22657,459937.1,-0.9756097560975618,5.9973469551260505,39.14634146341463
920096.BJ,20260901,34.02,633,21534.66,0.5616316878510386,0.8151894637467613,48.36979012710623
920098.BJ,20260901,17.81,17509,311835.29,0.05617977528089568,6.877677801213902,45.337078651685374
920099.BJ,20260901,18.21,2095,38149.95,0.33057851239670644,2.7107271685013723,46.98347107438024
920100.BJ,20260901,31.5,745,23467.5,-0.1901140684410607,0.717818538148151,43.859315589353635
920101.BJ,20260901,,0,0.0,,0.0,0.0
920106.BJ,20260901,,0,0.0,,0.0,0.0
920107.BJ,20260901,20.73,3000,62190.0,-0.3844305622296873,1.7764171182463802,42.693416626621875
920108.BJ,20260901,,0,0.0,,0.0,0.0
920110.BJ,20260901,26.14,3950,103253.0,-0.6838905775075954,10.431887160283189,40.89665653495443
920111.BJ,20260901,28.88,4255,122884.4,0.6271777003484358,2.007154723126551,48.76306620209061
920112.BJ,20260901,,0,0.0,,0.0,0.0
920116.BJ,20260901,44.12,2396,105711.52,0.0,1.0438724087288762,45.0
920117.BJ,20260901,29.3,9490,278057.0,-1.2470508931580748,3.485168526771978,37.51769464105155
920118.BJ,20260901,,0,0.0,,0.0,0.0
920119.BJ,20260901,,0,0.0,,0.0,0.0
920121.BJ,20260901,28.4,650,18460.0,0.10574550581599063,2.6605272113981506,45.63447303489595
920122.BJ,20260901,22.62,1600,36192.0,0.04422821760283746,0.9494353089479258,45.26536930561703
920123.BJ,20260901,10.9,400,4360.0,0.09182736455464191,0.18873304539033853,34.52291235758879
920124.BJ,20260901,,0,0.0,,0.0,0.0
920125.BJ,20260901,122.99,5465,672140.35,-0.7184371972877024,4.842053810926818,40.689376816273786
920126.BJ,20260901,10.31,4949,51024.19,-0.6743737957610851,1.2986652841878468,40.95375722543349
920128.BJ,20260901,17.65,2877,50779.05,-0.16968325791856254,3.4283113010430806,43.981900452488624
920130.BJ,20260901,18.46,37502,692286.92,-1.0718113612004254,6.894602659066679,38.569131832797446
920132.BJ,20260901,,0,0.0,,0.0,0.0
920136.BJ,20260901,22.22,19245,427623.9,-1.419698314108253,6.294943423569632,36.481810115350484
920138.BJ,20260901,37.0,21819,807303.0,-0.910551687198724,6.293190844119136,39.53668987680766
920139.BJ,20260901,15.04,7222,108618.88,0.0,2.5376384241657246,45.0
920145.BJ,20260901,10.35,200,2070.0,0.6809338521400754,0.15249593747507437,31.53487185835384
920146.BJ,20260901,5.13,593,3042.09,-0.3883495145631133,0.11466910490550947,18.310341795613024
920149.BJ,20260901,8.43,269458,2271530.94,-1.86263096623982,60.37282778617376,33.82421420256108
920152.BJ,20260901,12.77,2456,31363.12,1.5910898965791453,1.5629445551858576,54.54653937947487
920156.BJ,20260901,37.49,564,21144.36,0.34796573875803816,0.45200530151890983,47.08779443254823
920158.BJ,20260901,8.05,5300,42665.0,-0.1240694789081842,2.74085754123726,44.255583126550896
920159.BJ,20260901,32.0,156163,4997216.0,-4.818560380725756,28.66270522459624,16.08863771564546
920160.BJ,20260901,,0,0.0,,0.0,0.0
920161.BJ,20260901,23.7,6316,149689.2,0.6369426751592355,2.9326335205727023,48.82165605095541
920163.BJ,20260901,10.67,1262,13465.54,1.2333965844402384,1.3256225224435505,52.40037950664143
920165.BJ,20260901,36.83,4133,152218.39,0.5460005460005357,2.496255646213183,48.276003276003216
920166.BJ,20260901,20.13,2050,41266.5,0.4992511233150143,4.597200974192856,47.99550673989009
920167.BJ,20260901,,0,0.0,,0.0,0.0
920168.BJ,20260901,,0,0.0,,0.0,0.0
920169.BJ,20260901,21.02,23295,489660.9,1.5949734171097019,3.4921672027832504,54.56984050265821
920171.BJ,20260901,16.99,31966,543102.34,1.130952380952377,7.639096759425777,51.78571428571426
920174.BJ,20260901,34.51,81374,2808216.74,-0.2024291497975672,27.689218688360132,43.7854251012146
920175.BJ,20260901,7.82,1000,7820.0,0.0,0.42612377222257136,45.0
920176.BJ,20260901,55.44,11623,644379.12,-0.108108108108107,9.334768423459836,44.351351351351354
920177.BJ,20260901,23.9,200,4780.0,0.0,0.46467718467686736,45.0
920178.BJ,20260901,90.83,1277,115989.91,0.055078211059700344,1.787675950207677,45.3304692663582
920179.BJ,20260901,54.91,6190,339892.9,0.0,2.4750223918474945,45.0
920180.BJ,20260901,11.66,2000,23320.0,0.5172413793103514,3.1370179644172116,48.10344827586211
920181.BJ,20260901,73.75,1729,127513.75,0.05426672093340468,2.7372083054851526,45.325600325600426
920183.BJ,20260901,32.0,20180,645760.0,-2.676399026763998,16.68174076373513,28.941605839416013
920184.BJ,20260901,11.59,16112,186738.08,-0.6855184233076295,2.3156630981090665,40.88688946015422
920185.BJ,20260901,20.5,5200,106600.0,-0.146127618119829,1.4266108553588626,44.12323429128102
920186.BJ,20260901,79.0,29444,2326076.0,-0.2777076495834363,6.714015894670819,43.333754102499384
920187.BJ,20260901,,0,0.0,,0.0,0.0
920188.BJ,20260901,21.53,8007,172390.71,-0.6460544531610601,14.861541927358287,41.12367328103364
920189.BJ,20260901,21.49,3352,72034.48,-0.41705282669137755,0.9921557390410816,42.49768303985174
920190.BJ,20260901,25.85,21059,544375.15,-0.2700617283950657,2.954051547511492,43.379629629629605
920191.BJ,20260901,,0,0.0,,0.0,0.0
920193.BJ,20260901,33.61,11777,395824.97,-0.26706231454006746,3.261833971483925,43.397626112759596
920195.BJ,20260901,12.76,1000,12760.0,-0.0783085356303781,1.036600319837667,44.53014878621773
920198.BJ,20260901,7.79,12055,93908.45,-0.7643312101910826,3.189861543308082,40.4140127388535
920199.BJ,20260901,25.51,2200,56122.0,-0.3904724716907393,1.1349779153484676,42.65716516985557
920200.BJ,20260901,,0,0.0,,0.0,0.0
920204.BJ,20260901,13.24,1000,13240.0,-0.15082956259426794,0.7229550779199699,44.09502262443439
920206.BJ,20260901,43.59,11820,515233.8,0.4146510020732741,3.7427229980857777,47.487906012439645
920207.BJ,20260901,22.29,8543,190423.47,0.31503150315030926,2.2118852639705815,46.89018901890186
920208.BJ,20260901,12.09,35128,424697.52,-0.9828009828009909,9.998730085588749,39.103194103194056
920211.BJ,20260901,99.63,100,9963.0,-0.37000000000000366,0.26952041398757604,42.77999999999998
920212.BJ,20260901,10.02,9900,99198.0,0.0,3.3575243791841114,45.0
920218.BJ,20260901,15.24,1600,24384.0,0.06565988181221893,1.0004201046454282,45.39395929087331
920220.BJ,20260901,39.7,100,3970.0,-0.20110608345902392,0.164477317585448,28.3992806646265
920221.BJ,20260901,12.8,2460,31488.0,-0.07806401249024209,2.007544417973813,44.531615925058546
920222.BJ,20260901,24.47,879,21509.13,-0.7302231237322543,1.0454668129645786,40.618661257606476
920223.BJ,20260901,15.03,321498,4832114.94,-5.053695514845236,18.30846663948076,15.0
920225.BJ,20260901,16.05,47412,760962.6,-0.31055900621118626,8.770329670775991,43.136645962732885
920227.BJ,20260901,49.51,3969,196505.19,-0.6022886970487917,3.5214043141748164,41.38626781770725
920230.BJ,20260901,10.4,200,2080.0,0.0,0.08415106742012145,15.14719213562186
920237.BJ,20260901,11.44,2100,24024.0,-0.7805724197745056,1.1643494286672236,40.31656548135297
920238.BJ,20260901,73.84,18319,1352674.96,-1.5335378050406634,6.638347560283416,35.79877316975602
920239.BJ,20260901,21.33,2802,59766.66,-0.37365716954694816,2.5456656595976703,42.75805698271831
920242.BJ,20260901,13.76,725,9976.0,0.0,0.9134406307005029,45.0
920245.BJ,20260901,13.69,2785,38126.65,0.8100147275404979,1.0837820385993344,49.86008836524299
920247.BJ,20260901,14.59,3900,56901.0,0.6901311249137398,1.228114611708919,49.14078674948244
920249.BJ,20260901,9.25,12300,113775.0,-0.5376344086021612,1.8144569870986462,41.77419354838703
920252.BJ,20260901,15.31,700,10717.0,-0.1304631441617743,0.43448535328082927,44.217221135029355
920258.BJ,20260901,,0,0.0,,0.0,0.0
920260.BJ,20260901,,0,0.0,,0.0,0.0
920261.BJ,20260901,13.91,2500,34775.0,-0.28673835125447855,1.3581812420367372,43.27956989247313
920262.BJ,20260901,,0,0.0,,0.0,0.0
920263.BJ,20260901,,0,0.0,,0.0,0.0
920266.BJ,20260901,,0,0.0,,0.0,0.0
920267.BJ,20260901,16.66,700,11662.0,0.6038647342995196,0.4924944982912557,48.623188405797116
920270.BJ,20260901,,0,0.0,,0.0,0.0
920271.BJ,20260901,9.14,100,914.0,0.6607929515418665,0.06889632408034846,16.366096043713924
920273.BJ,20260901,17.28,8659,149627.52,-0.6896551724137834,1.042223084919736,40.8620689655173
920274.BJ,20260901,,0,0.0,,0.0,0.0
920275.BJ,20260901,,0,0.0,,0.0,0.0
920278.BJ,20260901,6.5,8058,52377.0,0.0,3.247546031216697,45.0
920284.BJ,20260901,17.15,1200,20580.0,0.5275498241500642,0.3270355152298306,48.165298944900385
920288.BJ,20260901,19.13,267050,5108666.5,-4.5885286783042485,34.04793272381783,17.46882793017451
920299.BJ,20260901,14.51,2400,34824.0,0.554400554400547,1.5495759271813405,48.32640332640328
920300.BJ,20260901,9.65,1610,15536.5,0.0,0.7745707184274906,45.0
920304.BJ,20260901,10.43,112638,1174814.34,-1.417769376181477,7.858940606280029,36.493383742911135
920339.BJ,20260901,,0,0.0,,0.0,0.0
920344.BJ,20260901,21.0,12924,271404.0,-1.4084507042253502,3.315962845081782,36.5492957746479
920346.BJ,20260901,14.98,3000,44940.0,-0.3989361702127603,3.6056024399495215,42.60638297872344
920351.BJ,20260901,13.0,1372,17836.0,-0.1536098310291778,0.72733279061595,44.07834101382493
920357.BJ,20260901,15.38,48074,739378.12,0.0,10.459127992032895,45.0
920363.BJ,20260901,10.35,11400,117990.0,-1.146131805157602,4.1454987291522,38.12320916905439
920367.BJ,20260901,26.2,51512,1349614.4,3.2308904649330117,6.052074766997602,64.38534278959807
920368.BJ,20260901,22.52,6187,139331.24,0.0,1.9643630084151396,45.0
920370.BJ,20260901,2.88,40231,115865.28,-0.34602076124568004,5.036160619466158,42.92387543252592
920371.BJ,20260901,7.32,400,2928.0,-0.8130081300812941,0.05075937797710773,4.258639255391627
920374.BJ,20260901,15.28,1900,29032.0,-0.13071895424837665,1.5080019237703957,44.21568627450974
920375.BJ,20260901,,0,0.0,,0.0,0.0
920378.BJ,20260901,7.09,1479,10486.11,0.0,1.3869065143118449,45.0
920392.BJ,20260901,13.98,5000,69900.0,0.575539568345329,4.605008996487877,48.45323741007198
920394.BJ,20260901,44.72,4350,194532.0,0.04474272930647949,4.345585251727187,45.26845637583888
920395.BJ,20260901,6.98,9000,62820.0,-0.7112375533428139,5.656830047639721,40.73257467994311
920396.BJ,20260901,,0,0.0,,0.0,0.0
920402.BJ,20260901,8.89,16736,148783.04,0.3386004514672747,2.675577776854954,47.031602708803646
920403.BJ,20260901,20.81,233008,4848896.48,-2.3463162834350126,13.487657251566889,30.922102299389923
920405.BJ,20260901,16.7,957,15981.9,-0.35799522673032325,1.3856283723533245,42.85202863961806
920407.BJ,20260901,10.95,200,2190.0,-0.2732240437158584,0.15187794404341767,25.69868566552003
920414.BJ,20260901,8.18,74415,608714.7,0.0,25.20918670800827,45.0
920415.BJ,20260901,9.07,2016,18285.12,0.0,0.39687235641281676,45.0
920418.BJ,20260901,18.06,2808,50712.48,0.0,1.4035499978564596,45.0
920419.BJ,20260901,,0,0.0,,0.0,0.0
920422.BJ,20260901,9.46,4079,38587.34,-0.21097046413501852,0.6939459634803384,43.73417721518989
920425.BJ,20260901,14.86,53654,797298.44,-1.131071190951427,13.067259860259766,38.213572854291435
920427.BJ,20260901,8.57,151624,1299417.68,-1.8327605956471982,47.44525028804979,34.00343642611681
920429.BJ,20260901,10.95,25290,276925.5,0.9216589861751112,4.829984582800767,50.52995391705067
920433.BJ,20260901,4.89,1400,6846.0,0.0,0.22710736489230346,40.87932568061462
920436.BJ,20260901,,0,0.0,,0.0,0.0
920438.BJ,20260901,105.89,7430,786762.7,0.8476190476190526,2.700877813420262,50.08571428571432
920445.BJ,20260901,6.99,3186,22270.14,0.0,1.0593783402049737,45.0
920454.BJ,20260901,,0,0.0,,0.0,0.0
920455.BJ,20260901,6.26,7500,46950.0,-0.6349206349206327,3.8563071519093794,41.190476190476204
920469.BJ,20260901,6.47,37166,240464.02,-0.9188361408882129,4.448303359044496,39.486983154670725
920471.BJ,20260901,12.25,16242,198964.5,0.0,2.8947543041258985,45.0
920475.BJ,20260901,,0,0.0,,0.0,0.0
920476.BJ,20260901,24.77,1511,37427.47,-0.12096774193548487,1.4436313262669156,44.27419354838709
920478.BJ,20260901,10.42,3200,33344.0,0.6763285024154575,0.7610186808180379,49.05797101449274
920489.BJ,20260901,12.62,3100,39122.0,0.7987220447284393,1.248178508682367,49.792332268370636
920491.BJ,20260901,22.16,6982,154721.12,0.727272727272732,2.492406025097872,49.36363636363639
920493.BJ,20260901,117.4,2548,299135.2,0.059660785817783335,1.775180386021048,45.3579647149067
920496.BJ,20260901,6.32,16162,102143.84,0.797448165869219,6.1424027246303705,49.78468899521531
920504.BJ,20260901,,0,0.0,,0.0,0.0
920505.BJ,20260901,27.98,2748,76889.04,-0.3915984336062661,2.885854566238062,42.650409398362406
920508.BJ,20260901,,0,0.0,,0.0,0.0
920509.BJ,20260901,20.0,6300,126000.0,0.7049345417925457,2.729062465340095,49.22960725075527
920510.BJ,20260901,22.78,49502,1127655.56,2.658855340243349,7.440675394323337,60.953132041460094
920519.BJ,20260901,10.39,4744,49290.16,-0.19212295869356355,3.791921248687354,43.84726224783862
920522.BJ,20260901,18.71,14550,272230.5,-0.05341880341879213,2.6256759481816183,44.679487179487246
920523.BJ,20260901,15.59,100,1559.0,1.2337662337662314,0.08810027201572128,23.26064636542722
920526.BJ,20260901,19.75,14005,276598.75,0.7653061224489832,8.937852238741582,49.5918367346939
920527.BJ,20260901,,0,0.0,,0.0,0.0
920533.BJ,20260901,19.3,42142,813340.6,6.160616061606161,7.650517565945229,81.96369636963696
920541.BJ,20260901,,0,0.0,,0.0,0.0
920547.BJ,20260901,18.95,400,7580.0,0.31762837480147077,0.4329056149708676,46.90577024880882
920553.BJ,20260901,7.19,3100,22289.0,1.2676056338028374,1.2713248117663416,52.605633802817025
920556.BJ,20260901,6.71,3250,21807.5,-0.592592592592589,0.9037044137471406,41.444444444444464
920564.BJ,20260901,13.38,10000,133800.0,0.6015037593984918,3.94202984665473,48.609022556390954
920566.BJ,20260901,9.67,1000,9670.0,-0.4119464469619083,0.44871816431398026,42.52832131822855
920570.BJ,20260901,,0,0.0,,0.0,0.0
920571.BJ,20260901,8.8,37300,328240.0,-0.4524886877827927,1.91228767235943,42.28506787330324
920575.BJ,20260901,4.94,13998,69150.12,0.6109979633401208,4.445425380656824,48.66598778004072
920576.BJ,20260901,38.3,1230,47109.0,-0.052192066805856197,0.7773192758981115,44.686847599164864
920578.BJ,20260901,17.0,1477,25109.0,-0.41007615700058286,1.1304189795233401,42.539543057996504
920579.BJ,20260901,,0,0.0,,0.0,0.0
920580.BJ,20260901,11.18,200,2236.0,0.0,0.1042458851086109,18.76425931954996
920592.BJ,20260901,21.41,89258,1911013.78,-2.37118103055175,5.712713430243531,30.7729138166895
920593.BJ,20260901,23.45,7514,176203.3,-0.8037225042301199,4.010081111411116,40.17766497461928
920599.BJ,20260901,17.94,1600,28704.0,-0.055710306406675514,0.6003421883964378,44.66573816155994
920608.BJ,20260901,13.86,40338,559084.68,-2.1877205363443952,10.539965256268527,31.87367678193363
920627.BJ,20260901,14.17,4835,68511.95,-0.21126760563380254,2.936145890928539,43.732394366197184
920634.BJ,20260901,16.72,18461,308667.92,1.1494252873563093,7.5702960596431526,51.89655172413786
920639.BJ,20260901,6.26,500,3130.0,0.48154093097911854,0.247117368982585,47.37037200274001
920640.BJ,20260901,25.2,691,17413.2,-0.591715976331364,0.25996716184124763,41.44970414201182
920641.BJ,20260901,,0,0.0,,0.0,0.0
920642.BJ,20260901,9.95,2800,27860.0,0.4036326942482349,0.8224548022391531,47.42179616548941
920651.BJ,20260901,,0,0.0,,0.0,0.0
920656.BJ,20260901,,0,0.0,,0.0,0.0
920662.BJ,20260901,20.6,14683,302469.8,-2.5082820634169334,3.115757976389756,29.9503076194984
920663.BJ,20260901,13.13,806,10582.78,-0.1520912547528508,0.7891809574042481,44.0874524714829
920665.BJ,20260901,8.65,780,6747.0,-0.11547344110853786,0.43101749322857913,44.30715935334877
920670.BJ,20260901,12.82,30634,392727.88,-1.6871165644171682,8.996000812698789,34.87730061349699
920675.BJ,20260901,7.54,6903,52048.62,-0.13245033112582183,2.5470175089033247,44.20529801324507
920679.BJ,20260901,15.75,306,4819.5,-0.6309148264984188,0.8206422039562749,41.21451104100949
920682.BJ,20260901,5.77,4899,28267.23,-0.5172413793103514,1.0431787270958928,41.89655172413789
920685.BJ,20260901,12.18,200,2436.0,0.24691358024691024,0.1596134055336492,30.211894477538316
920689.BJ,20260901,20.25,8900,180225.0,-0.4424778761061954,8.570530270208902,42.345132743362825
920690.BJ,20260901,16.1,1000,16100.0,-0.18598884066954868,0.7409378059935076,43.88406695598271
920693.BJ,20260901,24.74,14862,367685.88,2.5279734769995788,12.228783787059953,60.167840861997476
920694.BJ,20260901,16.62,700,11634.0,-0.5980861244018976,0.5347040469585496,41.411483253588614
920699.BJ,20260901,78.54,200,15708.0,0.4091025313219143,0.26796765090833424,47.45461518793149
920701.BJ,20260901,12.83,3530,45289.9,0.0,1.7942065593565901,45.0
920703.BJ,20260901,9.93,888,8817.84,-0.6006006006006093,0.9298886568681909,41.39639639639634
920706.BJ,20260901,14.05,4800,67440.0,-1.5416958654519863,2.5426274096089085,35.74982480728808
920717.BJ,20260901,,0,0.0,,0.0,0.0
920718.BJ,20260901,,0,0.0,,0.0,0.0
920719.BJ,20260901,,0,0.0,,0.0,0.0
920720.BJ,20260901,9.33,480,4478.4,0.43057050592034685,0.14885630118009793,29.37755724793971
920725.BJ,20260901,72.96,6451,470664.96,-0.027404768429717397,1.78261687443355,44.835571389421695
920726.BJ,20260901,16.95,63472,1075850.4,1.4970059880239583,9.01413843682475,53.98203592814375
920729.BJ,20260901,,0,0.0,,0.0,0.0
920735.BJ,20260901,26.1,1174,30641.4,0.38461538461538325,0.36121268875252227,47.3076923076923
920748.BJ,20260901,25.8,16679,430318.2,2.17821782178218,5.663942662566126,58.06930693069308
920751.BJ,20260901,15.8,1500,23700.0,-0.06325110689436864,1.6633482553147518,44.62049335863379
920753.BJ,20260901,15.31,4983,76289.73,0.2619515389652882,6.552214035097745,46.57170923379173
920765.BJ,20260901,13.62,5651,76966.62,-0.8733624454148492,3.299521439020869,39.7598253275109
920768.BJ,20260901,,0,0.0,,0.0,0.0
920770.BJ,20260901,,0,0.0,,0.0,0.0
920779.BJ,20260901,24.53,6133,150442.49,-0.20341741253050438,3.224486413814607,43.77949552481697
920781.BJ,20260901,5.77,8105,46765.85,-0.688468158347677,3.133472296702396,40.86919104991394
920786.BJ,20260901,7.72,99798,770440.56,0.2597402597402487,4.222217317715161,46.558441558441494
920790.BJ,20260901,24.16,42358,1023369.28,-2.893890675241151,5.182363181458839,27.636655948553095
920792.BJ,20260901,,0,0.0,,0.0,0.0
920799.BJ,20260901,33.33,8069,268939.77,0.0,0.7745023309624122,45.0
920802.BJ,20260901,10.72,6541,70119.52,-0.09319664492077884,4.991154665973696,44.44082013047533
920806.BJ,20260901,10.6,14298,151558.8,-0.18832391713746732,2.8872259392878195,43.8700564971752
920807.BJ,20260901,,0,0.0,,0.0,0.0
920808.BJ,20260901,59.84,33523,2006016.32,1.2863913337846977,15.313232440366965,52.71834800270818
920809.BJ,20260901,7.34,500,3670.0,0.2732240437158362,0.06272046809575296,12.92902851953055
920810.BJ,20260901,9.41,1650,15526.5,-0.21208907741251393,0.6702426018565274,43.727465535524914
920819.BJ,20260901,3.13,14966,46843.58,-0.31847133757962887,1.0388805475689598,43.08917197452223
920821.BJ,20260901,17.88,7157,127967.16,0.5059021922428242,2.0349084303426883,48.03541315345694
920826.BJ,20260901,8.9,45866,408207.4,1.1363636363636243,3.7373879775479804,51.81818181818174
920832.BJ,20260901,6.46,500,3230.0,1.2539184952978122,0.3421953564706714,52.52351097178688
920833.BJ,20260901,10.45,883,9227.35,0.2879078694817627,1.0616476022703256,46.727447216890575
920834.BJ,20260901,,0,0.0,,0.0,0.0
920837.BJ,20260901,10.28,22400,230272.0,-0.1941747572815622,9.060593868470763,43.83495145631063
920839.BJ,20260901,24.12,1500,36180.0,0.12453300124533051,1.600675818957302,45.74719800747198
920855.BJ,20260901,12.88,5800,74704.0,-0.46367851622873824,0.7086685852044069,42.21792890262757
920856.BJ,20260901,12.59,900,11331.0,-0.7097791798107211,0.4015235516518384,40.74132492113567
920857.BJ,20260901,21.4,3700,79180.0,-0.9259259259259411,2.4865322607610167,39.44444444444435
920866.BJ,20260901,6.41,162732,1043112.12,-2.73141122913505,7.0992072771251875,28.6115326251897
920870.BJ,20260901,11.84,4364,51669.76,0.0,2.72721466458987,45.0
920871.BJ,20260901,11.14,5400,60156.0,-0.26857654431512445,5.248480339580552,43.388540734109256
920873.BJ,20260901,6.96,556332,3872070.72,-6.072874493927127,121.95769483957054,15.0
920876.BJ,20260901,16.88,11523,194508.24,-0.41297935103244976,2.032790432466987,42.5221238938053
920879.BJ,20260901,13.33,18387,245098.71,-0.44809559372666063,10.081687282630751,42.31142643764004
920885.BJ,20260901,12.04,15800,190232.0,0.8375209380234505,4.798150950134085,50.0251256281407
920892.BJ,20260901,11.26,423395,4767427.7,-3.513281919451583,87.73426518808455,23.9203084832905
920895.BJ,20260901,18.99,460183,8738875.17,-6.2222222222222285,35.41285316992512,15.0
920896.BJ,20260901,,0,0.0,,0.0,0.0
920906.BJ,20260901,15.86,200,3172.0,0.3162555344718543,0.183864392368547,34.99312383316959
920914.BJ,20260901,17.05,800,13640.0,-0.05861664712777381,0.6764873066294945,44.648300117233354
920924.BJ,20260901,14.56,4700,68432.0,-0.41039671682625567,1.7809856752216244,42.537619699042466
920925.BJ,20260901,11.62,592,6879.04,-0.08598452278590907,0.4102404365380374,44.484092863284545
920926.BJ,20260901,10.6,35934,380900.4,3.112840466926081,26.196216815390038,63.67704280155649
920931.BJ,20260901,10.84,100,1084.0,-0.9140767824497242,0.06036223951256748,5.3807424175638
920932.BJ,20260901,,0,0.0,,0.0,0.0
920942.BJ,20260901,17.6,7300,128480.0,-0.845070422535199,2.2557552300956156,39.92957746478881
920943.BJ,20260901,15.25,100,1525.0,-0.7161458333333259,0.04261310511681929,3.3734839210275167
920946.BJ,20260901,9.9,6240,61776.0,0.10111223458038054,0.769209526528049,45.60667340748228
920950.BJ,20260901,13.09,1388,18168.92,-0.15255530129671957,2.8691905099121797,44.08466819221968
920953.BJ,20260901,22.0,5280,116160.0,-0.9455200360198202,1.243100478120041,39.32687978388108
920957.BJ,20260901,10.19,44509,453546.71,-0.8754863813229541,10.366379473801537,39.747081712062275
920961.BJ,20260901,20.9,9128,190775.2,0.336053768602973,5.489800432126422,47.01632261161784
920964.BJ,20260901,4.9,158062,774503.8,-1.2096774193548265,6.613691532939453,37.74193548387104
920970.BJ,20260901,6.23,26943,167854.89,-0.4792332268370503,4.066672920301397,42.1246006389777
920971.BJ,20260901,28.1,7620,214122.0,0.7168458781362075,1.8615827660708477,49.30107526881724
920974.BJ,20260901,6.4,11200,71680.0,0.31347962382446415,4.6881360038091415,46.88087774294679
920976.BJ,20260901,19.77,18836,372387.72,-1.1500000000000066,8.59196805039157,38.09999999999996
920978.BJ,20260901,18.93,1055,19971.15,-0.21085925144965767,1.0340129836873229,43.734844491302056
920981.BJ,20260901,30.49,21505,655687.45,1.329345297440998,10.682239265186233,52.97607178464599
920982.BJ,20260901,118.8,3116,370180.8,0.25316455696202667,4.513006366572637,46.51898734177216
920985.BJ,20260901,4.68,1600,7488.0,0.42918454935620964,0.45557747818689953,47.57510729613726
920992.BJ,20260901,,0,0.0,,0.0,0.0
