ts_code,trade_date,auction_price,auction_vol,auction_amount,auction_pct_chg,auction_amount_ratio,auction_strength_score
600000.SH,20260908,9.21,163100,1502151.0,-0.21668472372696757,4.008267546961667,43.6998916576382
600004.SH,20260908,7.86,16700,131262.0,-0.12706480304954804,2.2675546975317977,44.23761118170271
600006.SH,20260908,5.33,26000,138580.0,0.1879699248120259,2.0442750018092823,46.127819548872154
600007.SH,20260908,19.07,8000,152560.0,0.31562335612833614,2.9652368352697427,46.89374013677002
600008.SH,20260908,2.78,225700,627446.0,-0.35842293906810374,2.5145760476906927,42.84946236559138
600009.SH,20260908,23.87,25700,613459.0,0.08385744234800097,4.500284402504256,45.503144654088004
600010.SH,20260908,2.18,949402,2069696.0,-0.45662100456620447,3.297599460855387,42.260273972602775
600011.SH,20260908,6.84,188700,1290708.0,0.0,4.188021485263934,45.0
600012.SH,20260908,16.86,32000,539520.0,0.3571428571428559,3.3610544321494427,47.14285714285714
600015.SH,20260908,6.25,178000,1112500.0,0.0,2.25154979788814,45.0
600016.SH,20260908,3.61,590000,2129900.0,0.2777777777777768,2.1543025345056273,46.66666666666666
600017.SH,20260908,2.84,18500,52540.0,0.0,0.6014426977930853,45.0
600018.SH,20260908,5.39,177700,957803.0,-0.18518518518519933,2.734787206340045,43.8888888888888
600019.SH,20260908,5.75,70900,407675.0,0.0,0.6790574551599668,45.0
600020.SH,20260908,3.9,31000,120900.0,0.0,2.0105446665280517,45.0
600021.SH,20260908,13.4,50500,676700.0,0.07468259895444529,2.738172789984304,45.44809559372667
600022.SH,20260908,1.33,216100,287413.0,0.7575757575757569,1.8258935739095752,49.54545454545454
600023.SH,20260908,4.84,220900,1069156.0,-0.20618556701030855,3.6200298004503413,43.76288659793815
600025.SH,20260908,9.57,103600,991452.0,-0.10438413361169019,4.2903637555578475,44.373695198329855
600026.SH,20260908,19.95,310700,6198465.0,1.0126582278481067,5.287114558120195,51.07594936708864
600027.SH,20260908,4.82,81900,394758.0,0.0,1.1727272024825461,45.0
600028.SH,20260908,5.37,440100,2363337.0,0.0,1.352294017072925,45.0
600029.SH,20260908,5.02,54400,273088.0,-0.19880715705766772,1.3162020589746029,43.807157057653995
600030.SH,20260908,27.66,195600,5410296.0,-0.03614022406939199,1.885815308935142,44.78315865558365
600031.SH,20260908,19.99,116300,2324837.0,0.5027652086475598,2.385192150229388,48.01659125188536
600032.SH,20260908,6.74,22000,148280.0,0.0,1.4103221351523838,45.0
600033.SH,20260908,3.64,187600,682864.0,0.0,5.2376124147024345,45.0
600035.SH,20260908,3.71,11200,41552.0,-0.26881720430108613,0.6406944170262876,43.38709677419348
600036.SH,20260908,41.01,219500,9001695.0,-0.14609203798393589,4.452399401581202,44.123447772096384
600037.SH,20260908,7.24,212800,1540672.0,1.1173184357541999,11.868038478779608,51.7039106145252
600038.SH,20260908,27.42,15000,411300.0,-0.03645643456069436,2.5922556724185477,44.781261392635834
600039.SH,20260908,9.17,44500,408065.0,-0.650054171180936,2.752540395831316,41.099674972914386
600048.SH,20260908,5.22,357600,1866672.0,0.19193857965451588,2.2651676090754296,46.1516314779271
600050.SH,20260908,4.23,161200,681876.0,0.23696682464455776,2.057221765384314,46.42180094786735
600051.SH,20260908,6.34,46500,294810.0,-0.15748031496062298,12.325919023298542,44.055118110236265
600052.SH,20260908,3.93,11700,45981.0,-0.25380710659898,1.528183047487671,43.47715736040612
600053.SH,20260908,7.88,1600,12608.0,-0.5050505050505083,0.5150742980784967,41.96969696969695
600054.SH,20260908,11.69,67700,791413.0,-0.08547008547008517,6.253111294482128,44.48717948717949
600055.SH,20260908,10.77,8200,88314.0,0.09293680297397522,1.2939726564943328,45.557620817843855
600056.SH,20260908,9.08,20000,181600.0,0.33149171270716593,1.7865386906827836,46.988950276242996
600057.SH,20260908,6.48,26200,169776.0,0.15455950540959051,1.347792785686983,45.92735703245754
600058.SH,20260908,9.77,37400,365398.0,0.9297520661156966,7.978013923042354,50.57851239669418
600059.SH,20260908,8.9,788200,7014980.0,-0.22421524663677195,21.298752634616154,43.65470852017937
600060.SH,20260908,28.19,4900,138131.0,-0.07089684509039573,0.5236875871032343,44.57461892945763
600061.SH,20260908,6.46,36000,232560.0,0.0,1.6143283721335102,45.0
600062.SH,20260908,16.1,3500,56350.0,-0.18598884066954868,0.7358614345887025,43.88406695598271
600063.SH,20260908,5.57,67800,377646.0,0.0,2.522359452245259,45.0
600064.SH,20260908,7.61,34700,264067.0,0.13157894736843812,1.516688861567081,45.78947368421063
600066.SH,20260908,28.48,22800,649344.0,0.17587055926837625,1.3452238338899154,46.05522335561026
600067.SH,20260908,2.9,39100,113390.0,0.34602076124565784,1.6234122998357616,47.07612456747395
600071.SH,20260908,16.66,1700,28322.0,-0.17974835230677444,0.8523468957367759,43.921509886159356
600072.SH,20260908,8.91,120600,1074546.0,-0.4469273743016644,5.488918381403048,42.31843575419001
600073.SH,20260908,5.79,51500,298185.0,0.0,2.9954537333116855,45.0
600075.SH,20260908,4.9,98000,480200.0,-0.6085192697768638,3.45615223491235,41.34888438133882
600076.SH,20260908,2.73,26979532,73654122.0,-4.210526315789476,240.23506845417694,19.736842105263143
600078.SH,20260908,10.66,14700,156702.0,0.0,0.456982225420558,45.0
600079.SH,20260908,18.87,14800,279276.0,0.05302226935313126,2.726881914284461,45.318133616118786
600080.SH,20260908,5.03,59300,298279.0,-0.3960396039603853,19.958227292907104,42.623762376237686
600081.SH,20260908,10.48,5900,61832.0,0.3831417624521105,2.380188632797738,47.29885057471266
600082.SH,20260908,3.03,158900,481467.0,0.0,22.952765025235234,45.0
600084.SH,20260908,4.28,21100,90308.0,-0.92592592592593,7.823704834560627,39.44444444444442
600085.SH,20260908,24.2,11400,275880.0,0.12412081092261218,2.391334133790568,45.74472486553567
600088.SH,20260908,12.66,282100,3571386.0,2.0967741935483897,13.828265870698951,57.580645161290334
600089.SH,20260908,18.92,163400,3091528.0,-0.10559662090813271,3.2363642791672445,44.3664202745512
600094.SH,20260908,4.02,10800,43416.0,0.49999999999998934,0.4003934029339957,47.999999999999936
600095.SH,20260908,9.61,555900,5342199.0,-0.20768431983386737,8.31490337710653,43.753894080996794
600096.SH,20260908,30.4,99000,3009600.0,0.19775873434408897,1.4106447235842787,46.186552406064536
600097.SH,20260908,9.62,59800,575276.0,0.10405827263266776,4.141502968846478,45.62434963579601
600098.SH,20260908,6.21,45400,281934.0,0.3231017770597644,1.5995707517216602,46.938610662358585
600099.SH,20260908,9.38,23700,222306.0,0.21367521367523512,8.03583967287822,46.28205128205141
600100.SH,20260908,6.81,28000,190680.0,0.0,1.9726626081833656,45.0
600101.SH,20260908,7.83,6900,54027.0,0.256081946222797,1.0587857641749556,46.536491677336784
600103.SH,20260908,3.9,15172500,59172750.0,-0.2557544757033292,23.50787559827097,43.465473145780024
600104.SH,20260908,10.6,134300,1423580.0,0.1890359168241984,3.0618978003822446,46.13421550094519
600105.SH,20260908,39.0,459700,17928300.0,0.02564760194920801,4.177051519672551,45.153885611695245
600106.SH,20260908,4.58,169000,774020.0,-0.43478260869563856,13.716308040258344,42.39130434782617
600107.SH,20260908,6.31,2400,15144.0,0.7987220447284393,1.7361911241012082,49.792332268370636
600108.SH,20260908,5.28,4120100,21754128.0,10.000000000000009,244.55753911854916,100.0
600109.SH,20260908,8.63,24000,207120.0,0.0,1.2941556656197433,45.0
600110.SH,20260908,11.17,1366800,15267156.0,-1.7590149516270803,8.812843516528073,34.44591029023752
600111.SH,20260908,38.8,100000,3880000.0,0.0,3.5786757719787476,45.0
600113.SH,20260908,30.09,25600,770304.0,1.279030629417699,1.9790808819975951,52.6741837765062
600114.SH,20260908,30.13,45900,1382967.0,0.5003335557038024,2.495965616576423,48.00200133422281
600115.SH,20260908,3.49,1363400,4758266.0,-0.28571428571427804,10.510968902770466,43.285714285714334
600116.SH,20260908,6.2,39300,243660.0,0.0,3.1493576872976305,45.0
600117.SH,20260908,2.27,35400,80358.0,0.0,1.6962034555918513,45.0
600118.SH,20260908,57.75,49500,2858625.0,0.05197505197505059,2.8833275367216102,45.31185031185031
600119.SH,20260908,5.07,2000,10140.0,0.3960396039603964,0.6999356528584226,47.37623762376238
600120.SH,20260908,4.9,47400,232260.0,-0.20366598778003286,1.5874763657330657,43.778004073319806
600121.SH,20260908,4.88,2102900,10262152.0,-1.2145748987854366,9.549165807671656,37.71255060728738
600123.SH,20260908,6.98,79500,554910.0,-0.14306151645206988,3.047540695729085,44.141630901287584
600125.SH,20260908,5.41,10600,57346.0,0.0,0.940240660684909,45.0
600126.SH,20260908,6.29,75500,474895.0,0.0,2.020441381022004,45.0
600127.SH,20260908,14.07,8127900,114359553.0,3.9911308203991247,26.302778569481756,68.94678492239476
600128.SH,20260908,8.6,30000,258000.0,0.0,7.172266214283852,45.0
600129.SH,20260908,13.93,17000,236810.0,0.0,1.434285286060269,45.0
600130.SH,20260908,4.64,222000,1030080.0,0.0,8.964876592087384,45.0
600131.SH,20260908,14.94,15700,234558.0,0.06697923643670389,2.76174315423664,45.40187541862022
600132.SH,20260908,40.03,6700,268201.0,-0.024975024975015803,3.0039230394202723,44.850149850149904
600133.SH,20260908,8.35,24300,202905.0,0.11990407673860837,2.759828040698912,45.719424460431654
600135.SH,20260908,7.46,10200,76092.0,0.13422818791946067,1.3151770274392747,45.80536912751676
600136.SH,20260908,1.51,53400,80634.0,0.6666666666666599,5.160326653016127,48.99999999999996
600137.SH,20260908,18.03,5000,90150.0,-0.11080332409971749,3.0214428936568063,44.33518005540169
600138.SH,20260908,7.5,130400,978000.0,0.40160642570281624,8.198137344635553,47.4096385542169
600141.SH,20260908,30.28,78300,2370924.0,0.1322751322751392,1.4351834677109552,45.79365079365083
600143.SH,20260908,13.79,96100,1325219.0,0.07256894049347817,5.769957755867801,45.43541364296087
600148.SH,20260908,16.35,44500,727575.0,-0.06112469437651313,10.242953293005833,44.63325183374092
600149.SH,20260908,5.13,32000,164160.0,0.3913894324853118,4.264827608710692,47.34833659491187
600150.SH,20260908,38.56,1134486,43745780.0,0.46899426784783316,7.480583225309746,47.813965607087
600151.SH,20260908,9.56,45700,436892.0,0.10471204188482464,1.4939820913029351,45.62827225130895
600152.SH,20260908,8.2,14600,119720.0,0.8610086100860892,1.1573193425424646,50.16605166051654
600153.SH,20260908,8.34,16400,136776.0,0.0,1.193232535299316,45.0
600155.SH,20260908,6.18,123400,762612.0,-0.3225806451612967,5.6569246674537625,43.06451612903222
600156.SH,20260908,8.92,268900,2398588.0,-1.1086474501108556,20.810681164609928,38.348115299334864
600157.SH,20260908,1.54,2536100,3905594.0,-0.6451612903225823,6.062376109621737,41.129032258064505
600158.SH,20260908,7.33,100200,734466.0,-0.40760869565217295,3.9234187983782736,42.55434782608696
600159.SH,20260908,2.79,124200,346518.0,0.0,4.99592539649908,45.0
600160.SH,20260908,38.0,66600,2530800.0,0.13175230566533358,4.053718432526646,45.790513833992
600161.SH,20260908,12.28,9500,116660.0,0.2448979591836764,0.38064395658334443,46.46938775510206
600162.SH,20260908,5.1,1549300,7901430.0,2.0000000000000018,8.10879450719443,57.000000000000014
600163.SH,20260908,5.19,16800,87192.0,0.19305019305020377,1.2881581886384985,46.15830115830122
600165.SH,20260908,3.16,40100,126716.0,0.6369426751592355,1.4158459865806592,48.82165605095541
600166.SH,20260908,2.89,149800,432922.0,-0.34482758620688614,1.4259389890191316,42.93103448275868
600167.SH,20260908,5.84,86600,505744.0,-0.34129692832765013,11.310830176252892,42.9522184300341
600168.SH,20260908,4.46,49700,221662.0,0.22471910112358273,8.376036589414177,46.348314606741496
600169.SH,20260908,2.17,49800,108066.0,0.4629629629629539,4.932966100499564,47.77777777777772
600170.SH,20260908,2.27,176700,401109.0,0.0,0.9834111094526791,45.0
600171.SH,20260908,22.76,19437,442386.0,0.04395604395606156,2.588069334184756,45.26373626373637
600172.SH,20260908,15.61,1349057,21058780.0,-1.7621145374449365,5.108359629056404,34.42731277533038
600173.SH,20260908,6.23,2500,15575.0,0.1607717041800738,0.418524060323465,45.96463022508044
600176.SH,20260908,41.51,978504,40617701.0,-0.4556354916067207,5.5359897677342635,42.266187050359676
600177.SH,20260908,8.2,38600,316520.0,0.12210012210012167,1.8068881806233288,45.73260073260073
600178.SH,20260908,10.09,284600,2871614.0,-0.1978239366963397,34.2647298064539,43.81305637982196
600179.SH,20260908,4.61,132100,608981.0,0.21739130434783593,4.249012279651837,46.30434782608702
600180.SH,20260908,1.51,116400,175764.0,0.0,5.6679429782311574,45.0
600182.SH,20260908,13.05,400,5220.0,0.23041474654379446,0.3867550760121906,46.38248847926277
600183.SH,20260908,149.0,555400,82754600.0,0.5737428282146517,8.075560768279193,48.44245696928791
600184.SH,20260908,18.01,24000,432240.0,-0.2768549280177002,2.2814875045171594,43.338870431893795
600185.SH,20260908,5.46,731800,3995628.0,0.5524861878453136,9.02336449220749,48.31491712707188
600186.SH,20260908,12.4,1288903,15982397.0,-1.195219123505975,5.236194525104756,37.82868525896415
600187.SH,20260908,1.34,63800,85492.0,0.0,2.889797583355561,45.0
600188.SH,20260908,20.8,141100,2934880.0,0.09624639076033503,2.4014963300362675,45.57747834456201
600189.SH,20260908,8.04,29200,234768.0,0.49999999999998934,2.2227472037475096,47.999999999999936
600191.SH,20260908,11.18,301700,3373006.0,6.47619047619048,13.386940267245398,83.85714285714288
600192.SH,20260908,7.2,1300,9360.0,0.5586592178770999,0.2575005848784652,48.3519553072626
600195.SH,20260908,7.07,71300,504091.0,0.42613636363637575,5.234508452137561,47.55681818181826
600196.SH,20260908,22.6,107700,2434020.0,-0.22075055187636972,6.0740534728522135,43.67549668874178
600197.SH,20260908,9.76,11200,109312.0,0.10256410256410664,2.0722954167525764,45.61538461538464
600198.SH,20260908,7.61,63700,484757.0,0.3957783641161061,3.938038501217919,47.37467018469664
600199.SH,20260908,7.42,92800,688576.0,-0.669344042838016,3.1537004587846034,40.9839357429719
600201.SH,20260908,12.3,22000,270600.0,0.0,2.1139328564615374,45.0
600202.SH,20260908,5.19,6200,32178.0,0.3868471953578423,1.6373856805538798,47.321083172147056
600203.SH,20260908,10.85,200700,2177595.0,0.1846722068328699,7.421132884475086,46.108033240997216
600206.SH,20260908,46.67,279600,13048932.0,0.04287245444802856,3.3589493947663938,45.25723472668817
600207.SH,20260908,4.5,7500,33750.0,0.22271714922048602,0.6007719144772787,46.336302895322916
600208.SH,20260908,2.9,415000,1203500.0,0.34602076124565784,5.694742173020491,47.07612456747395
600210.SH,20260908,6.15,45700,281055.0,0.0,1.504539377658639,45.0
600211.SH,20260908,38.08,14400,548352.0,-0.28803351662738397,6.475190351716982,43.271798900235694
600212.SH,20260908,6.43,28000,180040.0,0.0,3.487122660701706,45.0
600215.SH,20260908,,0,0.0,,0.0,0.0
600216.SH,20260908,12.72,8800,111936.0,-0.3915426781519127,0.5527894791424889,42.65074393108853
600217.SH,20260908,3.24,12700,41148.0,0.3095975232198178,0.6218991850155365,46.85758513931891
600218.SH,20260908,7.93,18300,145119.0,0.12626262626262985,4.23622524741673,45.75757575757578
600219.SH,20260908,4.9,591400,2897860.0,0.6160164271047375,3.2394814611773324,48.69609856262842
600221.SH,20260908,1.29,793576,1023713.0,-0.7692307692307665,5.8169442428115,40.3846153846154
600222.SH,20260908,8.5,7900,67150.0,0.2358490566037652,0.6191189976309456,46.41509433962259
600223.SH,20260908,5.67,8700,49329.0,-0.35149384885765356,0.932315190990141,42.891036906854076
600226.SH,20260908,5.87,269888,1584243.0,0.5136986301369939,3.678441097707027,48.082191780821965
600227.SH,20260908,4.51,2294300,10347293.0,0.0,7.491993957364978,45.0
600228.SH,20260908,10.02,178100,1784562.0,1.0080645161290258,7.099184651266192,51.04838709677416
600229.SH,20260908,5.69,547400,3114706.0,2.522522522522541,23.082301284775447,60.13513513513524
600230.SH,20260908,14.45,25000,361250.0,0.0,2.2154689345872756,45.0
600231.SH,20260908,1.73001,27568,47693.0,-0.5741379310344796,1.0560472271635906,41.55517241379312
600232.SH,20260908,6.58,15800,103964.0,0.3048780487804992,3.3556579070021453,46.829268292683
600233.SH,20260908,16.88,23200,391616.0,-0.0592066311426942,1.63976141391034,44.64476021314383
600234.SH,20260908,21.4,50900,1089260.0,-0.4187994416007479,11.280686408734358,42.48720335039551
600235.SH,20260908,5.88,4900,28812.0,0.0,1.2516179546967472,45.0
600236.SH,20260908,9.54,17900,170766.0,-0.20920502092051096,1.5228924944255096,43.74476987447694
600237.SH,20260908,8.36,122100,1020756.0,0.36014405762303525,5.986289375462941,47.16086434573821
600238.SH,20260908,4.74,7400,35076.0,0.0,1.1856202476194049,45.0
600239.SH,20260908,1.45,76800,111360.0,0.694444444444442,4.487776491321254,49.16666666666665
600241.SH,20260908,7.52,9000,67680.0,0.4005340453938411,2.621568255597327,47.40320427236305
600243.SH,20260908,3.64,23800,86632.0,0.0,6.685650708397911,45.0
600246.SH,20260908,12.98,450000,5841000.0,1.3270882123341154,5.7807481293599015,52.962529274004694
600248.SH,20260908,2.9,46900,136010.0,0.0,1.6583170850528774,45.0
600249.SH,20260908,5.41,10300,55723.0,0.18518518518517713,0.7560491119994707,46.111111111111065
600250.SH,20260908,10.01,120000,1201200.0,-0.8910891089108919,4.628405219481696,39.653465346534645
600251.SH,20260908,11.62,598900,6959218.0,3.014184397163122,9.544320467740931,63.085106382978736
600252.SH,20260908,2.24,21100,47264.0,0.0,0.3050664774992883,45.0
600255.SH,20260908,3.43,232000,795760.0,-0.29069767441859407,2.4502519881993896,43.255813953488435
600256.SH,20260908,6.79,880300,5977237.0,1.3432835820895495,3.673049072049704,53.0597014925373
600257.SH,20260908,6.03,228800,1379664.0,-0.658978583196046,6.8137878750703615,41.04612850082373
600258.SH,20260908,12.05,68000,819400.0,0.0,3.4654749143452728,45.0
600259.SH,20260908,77.8,22500,1750500.0,0.05144032921808872,4.369913308883405,45.30864197530853
600261.SH,20260908,3.22,14000,45080.0,-0.3095975232198067,1.5935555313450747,43.14241486068116
600262.SH,20260908,15.4,8000,123200.0,0.32573289902280145,1.045690522203163,46.954397394136805
600265.SH,20260908,23.1,300,6930.0,0.0,0.7672619829880415,45.0
600266.SH,20260908,4.25,26500,112625.0,0.0,0.5396760228399997,45.0
600267.SH,20260908,11.62,27700,321874.0,0.08613264427217437,1.3176128562506702,45.51679586563304
600268.SH,20260908,10.52,71100,747972.0,-0.1897533206831059,7.941290179681389,43.86148007590136
600269.SH,20260908,3.99,52100,207879.0,-0.24999999999999467,1.6479000065827534,43.50000000000003
600271.SH,20260908,6.8,20100,136680.0,-0.2932551319648202,1.6617615238717915,43.24046920821108
600272.SH,20260908,17.47,271000,4734370.0,0.05727376861395239,6.480003089353931,45.34364261168371
600273.SH,20260908,6.68,16100,107548.0,-0.1494768310911887,0.8060677803710085,44.10313901345287
600276.SH,20260908,46.2,187900,8680980.0,-0.12970168612190802,3.221412756546703,44.22178988326855
600278.SH,20260908,6.6,5900,38940.0,0.0,1.2285662281909382,45.0
600279.SH,20260908,4.4,6300,27720.0,0.2277904328018332,0.8694163600447605,46.366742596811
600280.SH,20260908,3.53,2262100,7985213.0,2.915451895043719,12.530451814494485,62.49271137026231
600281.SH,20260908,4.86,11300,54918.0,0.4132231404958775,1.3643650399681346,47.47933884297527
600282.SH,20260908,4.66,31500,146790.0,0.0,0.7214875791039935,45.0
600283.SH,20260908,8.17,36300,296571.0,-0.4872107186358221,7.867552219816392,42.07673568818507
600284.SH,20260908,5.2,15400,80080.0,0.0,1.4863863032991669,45.0
600285.SH,20260908,19.52,10400,203008.0,0.0,2.5502932558356135,45.0
600287.SH,20260908,5.09,9800,49882.0,0.0,3.369684566125922,45.0
600288.SH,20260908,11.18,22700,253786.0,-0.08936550491509543,1.3052462246511816,44.463806970509424
600289.SH,20260908,4.25,1500,6375.0,0.0,1.1502778981183979,45.0
600292.SH,20260908,11.91,14400,171504.0,0.08403361344537785,2.3821062353211335,45.50420168067227
600293.SH,20260908,2.95,48800,143960.0,0.3401360544217802,2.0723757509177094,47.04081632653068
600295.SH,20260908,13.36,312300,4172328.0,-1.9089574155653488,24.982074285974353,33.546255506607906
600298.SH,20260908,41.25,4600,189750.0,-0.8651766402307137,0.8365191856083009,39.80894015861572
600299.SH,20260908,8.62,101300,873206.0,0.0,2.343811225759191,45.0
600300.SH,20260908,3.36,502900,1689744.0,0.9009009009008917,8.514086258694658,50.40540540540535
600301.SH,20260908,45.11,33400,1506674.0,0.8495416946121326,3.0831729129440433,50.0972501676728
600302.SH,20260908,6.98,51100,356678.0,1.3062409288824517,5.700516413617329,52.83744557329471
600303.SH,20260908,3.01,34700,104447.0,0.3333333333333188,2.3450249299362986,46.999999999999915
600305.SH,20260908,6.91,18800,129908.0,0.2902757619738905,2.116824988037987,46.74165457184334
600307.SH,20260908,1.49,252200,375778.0,0.0,4.220326141370245,45.0
600308.SH,20260908,3.34,223100,745154.0,-0.29850746268657025,13.454118038501774,43.20895522388058
600309.SH,20260908,76.7,96700,7416890.0,-0.05212405525149011,2.883282781409778,44.68725566849106
600310.SH,20260908,4.48,177420,794842.0,0.4484304932735439,5.002506439238106,47.69058295964126
600312.SH,20260908,20.32,67500,1371600.0,0.14785608674223738,3.6462492940110636,45.887136520453424
600313.SH,20260908,7.61,1119800,8521678.0,-2.4358974358974272,6.040622347028914,30.384615384615437
600315.SH,20260908,18.65,12100,225665.0,0.0,0.920377082118379,45.0
600316.SH,20260908,31.75,20300,644525.0,0.0,1.8138796401188495,45.0
600318.SH,20260908,7.13,234000,1668420.0,0.1404494382022392,2.53214596193747,45.842696629213435
600319.SH,20260908,6.57,47200,310104.0,0.4587155963302836,11.211728538810284,47.7522935779817
600320.SH,20260908,4.1,85300,349730.0,0.24449877750609694,1.490819486032469,46.466992665036585
600322.SH,20260908,2.74,35800,98092.0,0.0,1.1039824095711488,45.0
600323.SH,20260908,29.58,5000,147900.0,0.13540961408260443,1.8427640114542923,45.81245768449563
600325.SH,20260908,2.56,354200,906752.0,-0.38910505836574627,4.8906500523906535,42.66536964980552
600326.SH,20260908,7.43,76500,568395.0,-0.13440860215054862,3.7096826185227427,44.19354838709671
600327.SH,20260908,4.11,60000,246600.0,0.0,3.000508918434803,45.0
600328.SH,20260908,6.34,15400,97636.0,0.0,0.6694602670298704,45.0
600329.SH,20260908,35.59,3700,131683.0,0.28176951253875426,2.8837642602704388,46.690617075232524
600330.SH,20260908,29.89,2585200,77271628.0,3.4614053305642045,14.6132602813051,65.76843198338523
600331.SH,20260908,12.68,134500,1705460.0,1.358912869704243,2.549331666453353,53.15347721822546
600332.SH,20260908,20.16,12200,245952.0,0.04962779156327812,1.769754603699077,45.29776674937967
600333.SH,20260908,6.75,32100,216675.0,-0.2954209748892156,2.084688569319919,43.227474150664705
600335.SH,20260908,5.21,32400,168804.0,0.0,2.4445902506924377,45.0
600336.SH,20260908,6.66,51200,340992.0,0.7564296520423675,3.5506728620454595,49.538577912254205
600337.SH,20260908,3.12,14800,46176.0,-1.2658227848101222,2.1872084870661688,37.405063291139264
600338.SH,20260908,13.39,100300,1343017.0,0.7524454477050524,3.4252115881097533,49.51467268623031
600339.SH,20260908,3.35,42500,142375.0,0.0,0.5742768462930021,45.0
600340.SH,20260908,1.08,804000,868320.0,0.0,15.458189737600648,45.0
600343.SH,20260908,18.16,16200,294192.0,-0.05503577325262077,0.393125408897623,44.669785360484276
600345.SH,20260908,51.8,160700,8324260.0,1.073170731707318,7.748655114390281,51.43902439024391
600346.SH,20260908,18.24,33800,616512.0,0.05485463521666123,1.1856844024881588,45.32912781129997
600348.SH,20260908,8.75,22200,194250.0,0.34403669724769603,1.2176841361577604,47.06422018348618
600350.SH,20260908,10.19,31101,316919.0,0.0,2.134131029836488,45.0
600351.SH,20260908,6.67,30500,203435.0,-0.2989536621823663,0.982558316020574,43.2062780269058
600352.SH,20260908,12.22,173300,2117726.0,0.0,3.571572045483362,45.0
600353.SH,20260908,33.48,277400,9287352.0,1.1786038077969074,6.221054158500364,52.071622846781445
600354.SH,20260908,10.4,7118000,74027200.0,9.129066107030436,144.2432790864821,99.77439664218261
600356.SH,20260908,9.13,30200,275726.0,0.0,2.861693557234151,45.0
600358.SH,20260908,5.26,39600,208296.0,0.0,7.653360415163277,45.0
600359.SH,20260908,7.93,433400,3436862.0,0.6345177664974555,7.898008491543417,48.80710659898473
600360.SH,20260908,9.81,66500,652365.0,-0.20345879959308144,1.9748805929309212,43.77924720244151
600361.SH,20260908,3.63,114900,417087.0,0.2762430939226457,1.6047471709168488,46.657458563535876
600362.SH,20260908,47.38,1401400,66398332.0,2.9552368535419316,11.912485409276512,62.731421121251586
600363.SH,20260908,16.36,258100,4222516.0,-0.06108735491754391,10.207512886189814,44.633475870494735
600365.SH,20260908,2.91,11700,34047.0,0.6920415224913601,11.40500618369942,49.152249134948164
600366.SH,20260908,11.32,40200,455064.0,0.4436557231588312,2.2391269093757344,47.66193433895299
600367.SH,20260908,36.1,79300,2862730.0,0.19428254232582987,2.7944061438362278,46.16569525395498
600368.SH,20260908,4.35,250100,1087935.0,-0.2293577981651529,5.9726662385926925,43.623853211009084
600369.SH,20260908,4.07,87600,356532.0,0.24630541871923928,2.9419643783607534,46.47783251231544
600370.SH,20260908,1.52,100,152.0,0.0,0.006920049751515582,1.2456089552728047
600371.SH,20260908,15.37,3136030,48200781.0,1.9907100199070937,31.3837020898079,56.94426011944256
600372.SH,20260908,11.3,28100,317530.0,0.0,0.38980909558370197,45.0
600373.SH,20260908,7.61,145700,1108777.0,0.6613756613756738,5.749814699717606,48.96825396825405
600375.SH,20260908,3.84,30900,118656.0,0.0,2.068073961809651,45.0
600376.SH,20260908,3.32,80600,267592.0,-0.5988023952095856,1.4826478282169715,41.40718562874249
600377.SH,20260908,12.43,43200,536976.0,-0.48038430744595795,3.262564875083263,42.11769415532425
600378.SH,20260908,48.03,277400,13323522.0,0.966996005886056,4.820929792144835,50.801976035316336
600379.SH,20260908,14.74,13800,203412.0,0.3403675970047759,1.601453990350935,47.04220558202866
600380.SH,20260908,9.5,122900,1167550.0,-0.41928721174003813,6.333411182586058,42.484276729559774
600381.SH,20260908,4.11,44900,184539.0,-0.9638554216867434,9.4430006614844,39.21686746987954
600382.SH,20260908,6.35,20000,127000.0,-0.15723270440252124,1.9262792602578012,44.056603773584875
600383.SH,20260908,2.36,250400,590944.0,-0.42194092827004814,2.3361856844456677,42.46835443037971
600386.SH,20260908,3.59,25800,92622.0,0.0,3.238892842904255,45.0
600388.SH,20260908,19.07,15500,295585.0,-0.10476689366160086,1.5132472630106115,44.37139863803039
600389.SH,20260908,18.81,23400,440154.0,0.05319148936169249,0.760687259891201,45.31914893617015
600390.SH,20260908,4.94,99100,489554.0,0.0,3.2180712943917653,45.0
600391.SH,20260908,37.89,71700,2716713.0,-0.18440463645943428,4.065337494669516,43.89357218124339
600392.SH,20260908,21.86,67800,1482108.0,0.04576659038899589,2.429555312486952,45.27459954233397
600395.SH,20260908,5.23,84000,439320.0,0.19157088122607746,1.783440771918568,46.149425287356465
600396.SH,20260908,13.69,172400,2360156.0,-0.6531204644412147,1.8656495467730105,41.08127721335271
600397.SH,20260908,17.55,712100,12497355.0,-0.11383039271485318,10.855572265160864,44.317017643710884
600398.SH,20260908,5.86,114500,670970.0,-0.340136054421758,4.812601920457474,42.959183673469454
600399.SH,20260908,4.53,118800,538164.0,0.0,1.7642310851220353,45.0
600400.SH,20260908,3.35,4081300,13672355.0,6.349206349206349,34.3630993808062,83.0952380952381
600403.SH,20260908,6.61,352200,2328042.0,0.3034901365705611,3.8554771067340465,46.82094081942337
600405.SH,20260908,5.13,94700,485811.0,1.3833992094861802,8.716502533209832,53.300395256917085
600406.SH,20260908,22.61,79600,1799756.0,-0.352578228294409,2.103891072516034,42.88453063023355
600408.SH,20260908,3.04,54100,164464.0,-0.6535947712418277,0.8161690116183047,41.07843137254903
600409.SH,20260908,6.93,31200,216216.0,0.0,1.1611269418558714,45.0
600410.SH,20260908,14.88,804200,11966496.0,1.224489795918382,13.967133494337308,52.346938775510296
600415.SH,20260908,13.0,215200,2797600.0,-0.45941807044410643,5.62366141792003,42.24349157733536
600416.SH,20260908,8.53,19700,168041.0,-0.11709601873536313,1.0488633529119369,44.29742388758782
600418.SH,20260908,20.63,492400,10158212.0,0.04849660523762456,7.9887380741828515,45.29097963142575
600419.SH,20260908,9.21,30800,283668.0,-0.5399568034557101,3.427971197491578,41.76025917926574
600420.SH,20260908,8.48,15900,134832.0,0.11806375442737771,2.2220588118478557,45.708382526564264
600422.SH,20260908,8.5,2300,19550.0,0.35419126328215533,0.35240956026028625,47.125147579692936
600423.SH,20260908,2.84,32500,92300.0,0.35335689045936647,8.911908153469044,47.1201413427562
600425.SH,20260908,3.73,14200,52966.0,0.0,1.0977678706146903,45.0
600426.SH,20260908,20.24,156000,3157440.0,-0.3937007874015852,3.164137349171162,42.63779527559049
600428.SH,20260908,11.36,147000,1669920.0,0.08810572687223406,5.923532604261465,45.5286343612334
600429.SH,20260908,4.84,79200,383328.0,0.20703933747412417,3.820569271678667,46.24223602484474
600433.SH,20260908,3.37,30200,101774.0,0.29761904761904656,1.0160542136514203,46.78571428571428
600435.SH,20260908,11.38,70300,800014.0,0.2643171806167466,2.0470345813445516,46.58590308370048
600436.SH,20260908,122.65,10400,1275560.0,-0.024453863710471868,6.340204930637146,44.85327681773717
600438.SH,20260908,11.64,138300,1609812.0,-0.25706940874035134,3.152385749285283,43.45758354755789
600439.SH,20260908,1.94,6800,13192.0,0.0,0.6669223404525304,45.0
600444.SH,20260908,14.44,20900,301796.0,0.6271777003484358,10.690526859737968,48.76306620209061
600446.SH,20260908,10.98,29700,326106.0,-0.27247956403269047,2.6601033610191354,43.365122615803855
600448.SH,20260908,3.03,100700,305121.0,0.0,8.257596100193066,45.0
600449.SH,20260908,12.58,9000,113220.0,-0.0794281175536149,1.0058572930503924,44.52343129467831
600452.SH,20260908,9.02,112700,1016554.0,-0.44150110375277274,6.504773408608856,42.35099337748336
600455.SH,20260908,24.95,10200,254490.0,0.5237711522965371,8.763923477231707,48.142626913779225
600456.SH,20260908,26.67,2400,64008.0,0.22547914317927464,0.6534173857902299,46.35287485907565
600458.SH,20260908,11.61,21900,254259.0,0.0,1.8207012657647186,45.0
600459.SH,20260908,20.18,44900,906082.0,1.1022044088176308,3.503980943286232,51.613226452905785
600460.SH,20260908,30.8,281400,8667120.0,-0.5167958656330796,4.52289173990484,41.899224806201524
600461.SH,20260908,8.91,17200,153252.0,0.22497187851517886,2.01404961649316,46.34983127109108
600463.SH,20260908,8.48,7000,59360.0,-0.11778563015312216,1.8836995160358332,44.29328621908127
600467.SH,20260908,2.52,485200,1222704.0,-0.39525691699603405,6.372981042223391,42.6284584980238
600468.SH,20260908,6.3,32000,201600.0,0.0,1.2410833379519979,45.0
600469.SH,20260908,5.2,1800,9360.0,-0.19193857965450478,0.15099549344593252,26.027557342340824
600470.SH,20260908,6.13,97800,599514.0,0.0,1.036007523122582,45.0
600475.SH,20260908,15.55,33700,524035.0,0.06435006435008273,2.3237797097897643,45.386100386100495
600476.SH,20260908,10.02,100,1002.0,0.6024096385542022,0.10222498494936037,22.014955122210083
600477.SH,20260908,2.47,6500,16055.0,0.0,0.14733251296363226,26.519852333453805
600478.SH,20260908,4.76,19800,94248.0,0.0,0.9967990068730987,45.0
600479.SH,20260908,13.95,1598900,22304655.0,0.6493506493506551,11.92643100846193,48.89610389610393
600480.SH,20260908,8.35,20200,168670.0,0.36057692307691624,2.2667438652405654,47.1634615384615
600481.SH,20260908,4.34,135800,589372.0,0.0,4.161559822768441,45.0
600482.SH,20260908,34.32,78400,2690688.0,-2.0547945205479423,4.2814120417342325,32.671232876712345
600483.SH,20260908,10.96,3900,42744.0,0.09132420091324533,0.5868761348379499,45.54794520547947
600486.SH,20260908,56.4,10800,609120.0,0.5706134094151327,0.9313709259849929,48.4236804564908
600487.SH,20260908,63.9,599900,38333610.0,-0.15625000000000222,3.9529736359286898,44.062499999999986
600488.SH,20260908,5.21,33300,173493.0,0.0,0.8982530592588301,45.0
600489.SH,20260908,25.38,369600,9380448.0,1.2365376944555084,6.045310230613613,52.419226166733054
600490.SH,20260908,7.59,348804,2647422.0,1.3351134846461887,7.933499807985668,53.01068090787713
600491.SH,20260908,1.66,601300,998158.0,-0.5988023952095856,12.503843884932136,41.40718562874249
600493.SH,20260908,6.43,19700,126671.0,0.15576323987538387,5.437971786048602,45.9345794392523
600495.SH,20260908,4.09,6100,24949.0,-0.48661800486619056,0.7789021023800612,42.080291970802854
600496.SH,20260908,3.33,21500,71595.0,0.0,0.523749675760947,45.0
600497.SH,20260908,10.0,1000200,10002000.0,1.4198782961460488,8.46332733058741,53.51926977687629
600498.SH,20260908,39.43,356600,14060738.0,1.1284944857655743,3.2078453174821377,51.770966914593444
600499.SH,20260908,14.55,21600,314280.0,-0.2741603838245288,1.4557136636235914,43.35503769705283
600500.SH,20260908,5.52,194600,1074192.0,0.363636363636366,1.0721634324765246,47.181818181818194
600501.SH,20260908,14.88,10300,153264.0,0.6765899864682012,1.5553083864360475,49.05953991880921
600502.SH,20260908,4.41,59400,261954.0,0.2272727272727204,1.9370522714761522,46.363636363636324
600503.SH,20260908,2.23,61600,137368.0,0.45045045045044585,1.7727127236879021,47.70270270270267
600505.SH,20260908,10.57,13100,138467.0,0.2846299810246755,3.9269488313465275,46.70777988614805
600506.SH,20260908,17.99,810700,14584493.0,0.22284122562674646,28.632827092914845,46.33704735376048
600507.SH,20260908,4.21,21700,91357.0,0.0,0.9373413997000224,45.0
600508.SH,20260908,11.23,169600,1904608.0,-1.2313104661389462,4.675885792526525,37.61213720316632
600509.SH,20260908,7.39,118800,877932.0,0.0,9.313151027612376,45.0
600510.SH,20260908,6.8,3600,24480.0,0.0,0.5402090410382553,45.0
600511.SH,20260908,26.82,500,13410.0,-0.22321428571427937,0.20183923861362543,34.9917772361669
600512.SH,20260908,2.1,48500,101850.0,0.0,1.6420159525598135,45.0
600513.SH,20260908,15.28,11900,181832.0,-0.19595035924233617,1.4268912196100645,43.82429784454598
600515.SH,20260908,2.83,135900,384597.0,0.0,1.3044519937130488,45.0
600516.SH,20260908,5.17,70400,363968.0,-0.19305019305019266,1.5394669716579388,43.84169884169884
600517.SH,20260908,5.03,78700,395861.0,0.0,3.71407591058101,45.0
600518.SH,20260908,1.38,418800,577944.0,0.0,1.0457418153559626,45.0
600519.SH,20260908,1318.0,10100,13311800.0,0.15121465642358167,5.780642128021336,45.90728793854149
600520.SH,20260908,25.25,50600,1277650.0,0.07927070947284509,6.930138717928623,45.47562425683707
600521.SH,20260908,15.81,46800,739908.0,0.3809523809523929,3.1826628947995466,47.285714285714356
600522.SH,20260908,32.82,596600,19580412.0,0.3056234718826545,4.040404821613409,46.83374083129593
600523.SH,20260908,11.96,3000,35880.0,-0.6644518272425071,0.8022629180596426,41.01328903654496
600525.SH,20260908,5.07,39500,200265.0,0.0,2.032314186264404,45.0
600526.SH,20260908,,0,0.0,,0.0,0.0
600527.SH,20260908,2.27,93900,213153.0,0.4424778761062065,1.9423514556714616,47.65486725663724
600528.SH,20260908,6.95,7600,52820.0,0.14409221902016434,0.7011925357483739,45.86455331412098
600529.SH,20260908,18.81,17100,321651.0,-0.10621348911311612,4.934020243762698,44.3627190653213
600530.SH,20260908,3.91,1400,5474.0,-0.5089058524173073,0.4634533113544368,41.94656488549616
600531.SH,20260908,12.93,171100,2212323.0,1.2529365700861383,4.432040203136983,52.51761942051683
600533.SH,20260908,2.25,70200,157950.0,-0.4424778761061843,3.788492959327488,42.345132743362896
600535.SH,20260908,14.65,6700,98155.0,0.20519835841315004,0.6738524026869737,46.2311901504789
600536.SH,20260908,33.5,72000,2412000.0,-0.2382370458606231,4.663003761217112,43.57057772483626
600537.SH,20260908,2.18,69800,152164.0,0.0,2.293371506153696,45.0
600538.SH,20260908,5.2,13200,68640.0,0.19267822736031004,1.4799255345627294,46.15606936416186
600539.SH,20260908,14.08,24700,347776.0,-0.14184397163120588,2.062630321134263,44.148936170212764
600540.SH,20260908,6.82,4645900,31685038.0,1.488095238095255,21.540467430737074,53.92857142857153
600543.SH,20260908,4.38,16400,71832.0,-0.2277904328018221,9.300433442769744,43.63325740318907
600545.SH,20260908,4.1,112100,459610.0,-0.24330900243311193,1.9571554606042587,43.54014598540133
600546.SH,20260908,12.94,45100,583594.0,-0.15432098765433278,2.6467278510933063,44.074074074074005
600547.SH,20260908,36.88,474700,17506936.0,1.1796982167352477,7.925654174770662,52.07818930041149
600548.SH,20260908,8.42,94900,799058.0,-0.9411764705882342,5.240239851780836,39.352941176470594
600549.SH,20260908,50.36,92100,4638156.0,0.11928429423460063,3.4909519146587096,45.715705765407606
600550.SH,20260908,11.0,37700,414700.0,0.27347310847765094,2.432208236343874,46.6408386508659
600551.SH,20260908,8.2,726520,5957464.0,0.6134969325153339,12.483200172177217,48.68098159509201
600552.SH,20260908,17.12,85300,1460336.0,-0.058377116170449384,2.439341961374217,44.6497373029773
600556.SH,20260908,4.92,84100,413772.0,0.0,1.8526706485244118,45.0
600557.SH,20260908,12.52,5000,62600.0,-0.23904382470120167,1.1975656818385165,43.56573705179279
600558.SH,20260908,4.8,9200,44160.0,0.20876826722338038,0.9740919983570138,46.25260960334028
600559.SH,20260908,11.63,16500,191895.0,-0.17167381974249052,1.7186242064612425,43.969957081545054
600560.SH,20260908,11.4,6400,72960.0,-0.9556907037358786,3.6790777213741053,39.265855777584726
600561.SH,20260908,6.16,23900,147224.0,0.0,7.196954698351569,45.0
600562.SH,20260908,28.09,30100,845509.0,-0.0355871886121073,2.1148658856628875,44.786476868327355
600563.SH,20260908,126.33,5900,745347.0,0.0,1.8803205926844817,45.0
600566.SH,20260908,25.7,2300,59110.0,-0.15540015540015384,0.5633179796861304,44.067599067599076
600567.SH,20260908,1.35,763700,1030995.0,0.0,7.033769591761376,45.0
600568.SH,20260908,2.23,23800,53074.0,0.0,1.6894143741234458,45.0
600569.SH,20260908,1.82,217300,395486.0,1.1111111111111072,5.495388455526776,51.66666666666664
600570.SH,20260908,21.51,64000,1376640.0,-0.37054191755441224,3.421024011610488,42.77674849467353
600571.SH,20260908,10.87,17900,194573.0,-0.27522935779817903,2.781232645258667,43.348623853210924
600572.SH,20260908,4.36,97300,424228.0,-0.22883295194507935,2.1275086546073942,43.62700228832952
600573.SH,20260908,10.25,18400,188600.0,-0.4854368932038944,3.047969430967541,42.087378640776635
600575.SH,20260908,3.27,40500,132435.0,0.0,0.9746682518061445,45.0
600576.SH,20260908,5.93,643700,3817141.0,-0.16835016835018424,20.46030260446976,43.9898989898989
600577.SH,20260908,8.28,1076900,8916732.0,3.3707865168539186,18.68979555727587,65.22471910112351
600578.SH,20260908,5.37,80700,433359.0,-0.18587360594795044,1.6754946731974818,43.8847583643123
600579.SH,20260908,6.96,15400,107184.0,0.14388489208632116,1.4038062107763738,45.86330935251793
600580.SH,20260908,28.88,29800,860624.0,0.10398613518196598,1.5388321776384049,45.623916811091796
600581.SH,20260908,2.44,47000,114680.0,0.0,5.977417163672815,45.0
600582.SH,20260908,4.7,63100,296570.0,0.0,3.3112911085452774,45.0
600583.SH,20260908,6.04,82700,499508.0,0.16583747927030323,3.2231415560192906,45.99502487562182
600584.SH,20260908,69.57,506000,35202420.0,0.8260869565217321,6.89171172985677,49.956521739130395
600585.SH,20260908,17.81,34100,607321.0,-0.11217049915871469,2.1785048714534305,44.32697700504771
600586.SH,20260908,4.12,5100,21012.0,0.0,0.46479649856843697,45.0
600587.SH,20260908,12.61,3800,47918.0,-0.15835312747427555,0.8019517965013928,44.049881235154345
600588.SH,20260908,10.03,126300,1266789.0,0.09980039920158834,3.201209143682865,45.59880239520953
600589.SH,20260908,8.25,833200,6873900.0,0.9791921664626724,5.711889036400805,50.87515299877603
600590.SH,20260908,8.61,39900,343539.0,0.0,2.5212116796304005,45.0
600592.SH,20260908,15.2,40100,609520.0,0.0,6.355460691237889,45.0
600593.SH,20260908,41.21,32400,1335204.0,-0.09696969696969537,6.204793974341497,44.41818181818183
600594.SH,20260908,3.71,49700,184387.0,-0.26881720430108613,1.1630671091494458,43.38709677419348
600595.SH,20260908,6.28,289600,1818688.0,0.6410256410256387,2.848511645898838,48.84615384615383
600596.SH,20260908,11.48,1701300,19530924.0,4.553734061930781,12.507748961996247,72.32240437158468
600597.SH,20260908,7.1,32100,227910.0,0.14104372355430161,3.3485057034347903,45.84626234132581
600598.SH,20260908,13.34,270500,3608470.0,0.22539444027047661,2.2511149125293817,46.35236664162286
600600.SH,20260908,51.45,19400,998130.0,-0.03885758694384123,7.272271361097683,44.76685447833695
600601.SH,20260908,14.04,3379200,47443968.0,0.501073729420165,8.755113004482896,48.006442376520994
600602.SH,20260908,18.12,106900,1937028.0,0.722623679822143,4.836138081435832,49.33574207893286
600603.SH,20260908,4.98,338000,1683240.0,3.9665970772442716,12.173626356761702,68.79958246346563
600604.SH,20260908,4.78,23200,110896.0,-0.8298755186721962,1.0040698164974948,40.02074688796682
600605.SH,20260908,28.29,42800,1210812.0,-0.1411930815390039,11.582773020966094,44.152841510765974
600606.SH,20260908,1.33,582100,774193.0,0.7575757575757569,3.6087530906520495,49.54545454545454
600609.SH,20260908,3.37,27600,93012.0,0.0,1.3402690947710831,45.0
600610.SH,20260908,8.83,665500,5876365.0,1.7281105990783363,10.018574538277083,55.36866359447002
600611.SH,20260908,4.99,3222000,16077780.0,-0.39920159680637557,24.021014153992844,42.604790419161745
600612.SH,20260908,33.85,1700,57545.0,-0.4411764705882337,0.7353872658988982,42.352941176470594
600613.SH,20260908,9.5,1186300,11269850.0,0.9564293304994642,7.679886276747473,50.738575982996785
600615.SH,20260908,9.81,8300,81423.0,-0.10183299389001643,5.813887896776802,44.3890020366599
600616.SH,20260908,4.52,117900,532908.0,-0.22075055187639192,7.142173818843042,43.675496688741646
600617.SH,20260908,3.31,18800,62228.0,-0.6006006006005982,0.3802609770414349,41.39639639639641
600618.SH,20260908,10.36,1200,12432.0,0.19342359767891004,0.13414038687050034,25.30581122276352
600619.SH,20260908,13.61,28200,383802.0,-0.7293946024799491,1.4254521474066573,40.6236323851203
600620.SH,20260908,4.48,70700,316736.0,0.6741573033707926,13.836625802221208,49.04494382022476
600621.SH,20260908,13.49,65300,880897.0,0.14847809948033142,8.199606868049102,45.89086859688199
600622.SH,20260908,2.47,119000,293930.0,0.0,1.9503554546537811,45.0
600623.SH,20260908,8.48,23800,201824.0,0.11806375442737771,1.2578014301084597,45.708382526564264
600624.SH,20260908,4.7,21800,102460.0,0.2132196162046851,6.278547137084227,46.27931769722811
600626.SH,20260908,3.66,36800,134688.0,0.273972602739736,3.1780209160721737,46.643835616438416
600628.SH,20260908,6.58,243900,1604862.0,0.15220700152207556,17.7141493122798,45.91324200913245
600629.SH,20260908,17.97,221300,3976761.0,0.5595970900951208,6.415003830650446,48.357582540570725
600630.SH,20260908,7.09,27300,193557.0,0.0,3.10496389172286,45.0
600633.SH,20260908,10.56,20700,218592.0,-0.09460737937558861,1.0471426452909343,44.43235572374647
600635.SH,20260908,4.7,45700,214790.0,-0.2123142250530785,1.3084424000494745,43.72611464968153
600637.SH,20260908,8.63,356200,3074006.0,-0.23121387283236983,8.531321850279797,43.61271676300578
600638.SH,20260908,5.06,12800,64768.0,0.0,1.1513908277840164,45.0
600639.SH,20260908,9.47,4000,37880.0,-0.10548523206750371,1.129414604553276,44.36708860759498
600640.SH,20260908,11.26,104100,1172166.0,0.5357142857142838,16.20115042838234,48.2142857142857
600641.SH,20260908,31.11,490200,15250122.0,0.1287415513356871,10.425077158557576,45.772449308014124
600642.SH,20260908,8.47,3500,29645.0,0.0,0.3029787992514293,45.0
600643.SH,20260908,4.16,32500,135200.0,0.24096385542167198,2.061042719317812,46.44578313253003
600644.SH,20260908,9.01,33300,300033.0,0.0,2.6639430903700294,45.0
600645.SH,20260908,18.62,14400,268128.0,0.0,2.172069374111026,45.0
600648.SH,20260908,9.34,8400,78456.0,0.7551240560949246,3.724829944487899,49.53074433656955
600649.SH,20260908,4.02,61000,245220.0,0.24937655860348684,2.224856710318267,46.49625935162092
600650.SH,20260908,10.98,32500,356850.0,0.0,6.787627121071657,45.0
600651.SH,20260908,5.55,49100,272505.0,0.5434782608695787,4.212602124355403,48.260869565217476
600653.SH,20260908,1.74,29800,51852.0,-0.5714285714285672,1.3428910684639286,41.5714285714286
600654.SH,20260908,3.2,151700,485440.0,-0.6211180124223614,2.2912741371728487,41.273291925465834
600655.SH,20260908,4.57,8300,37931.0,0.21929824561404132,0.372099500530657,46.31578947368425
600657.SH,20260908,3.3,2627324,8670169.0,-0.9009009009009028,14.827325200226852,39.59459459459458
600658.SH,20260908,4.25,93100,395675.0,0.47281323877068626,6.289831859485084,47.836879432624116
600660.SH,20260908,55.88,26300,1469644.0,0.23318385650223927,1.7990649152841949,46.399103139013434
600661.SH,20260908,8.81,2700,23787.0,0.0,0.5199459161818855,45.0
600662.SH,20260908,4.27,8100,34587.0,0.0,0.5535642514810049,45.0
600663.SH,20260908,8.96,24500,219520.0,-0.6651884700665023,2.7064323842092444,41.008869179600985
600664.SH,20260908,7.87,4251800,33461666.0,-1.6249999999999987,8.47269955013451,35.25000000000001
600665.SH,20260908,3.59,6400,22976.0,0.27932960893854997,0.43849199366598923,46.6759776536313
600666.SH,20260908,3.51,133900,469989.0,0.5730659025787732,2.479331335487103,48.43839541547264
600667.SH,20260908,18.01,1205700,21714657.0,0.2783964365256075,3.8563739614084773,46.670378619153645
600668.SH,20260908,7.45,1700,12665.0,-0.2677376171351997,0.3585889833536567,43.3935742971888
600671.SH,20260908,21.83,7300,159359.0,-0.09153318077804729,3.529136218559077,44.45080091533172
600673.SH,20260908,31.65,35700,1129905.0,-0.031585596967786955,1.976315201118357,44.81048641819328
600674.SH,20260908,15.57,35600,554292.0,-0.2562459961563013,1.4721049911827926,43.462524023062194
600675.SH,20260908,2.29,55800,127782.0,-0.43478260869563856,1.2270329939475417,42.39130434782617
600676.SH,20260908,6.68,7200,48096.0,0.14992503748125774,1.5878261904759545,45.89955022488755
600678.SH,20260908,5.98,122500,732550.0,-0.9933774834437026,10.479723112711378,39.03973509933778
600679.SH,20260908,10.26,5700,58482.0,0.48971596474043366,1.7666511828167992,47.9382957884426
600681.SH,20260908,3.5,25600,89600.0,-0.2849002849002802,0.6541457189458977,43.29059829059832
600682.SH,20260908,5.74,31800,182532.0,0.34965034965035446,1.4643592870155835,47.09790209790213
600683.SH,20260908,9.96,104400,1039824.0,0.0,3.757608765302254,45.0
600684.SH,20260908,3.6,93000,334800.0,-0.27700831024930483,4.390348969143308,43.33795013850417
600685.SH,20260908,27.24,129500,3527580.0,-0.03669724770642979,7.209233164709158,44.77981651376142
600686.SH,20260908,11.05,86400,954720.0,0.09057971014494459,5.21751747390442,45.54347826086967
600688.SH,20260908,2.84,160300,455252.0,0.0,1.5577188996723053,45.0
600689.SH,20260908,12.53,61200,766836.0,0.23999999999999577,13.205160888411434,46.439999999999976
600690.SH,20260908,21.52,32000,688640.0,-0.41647385469689713,1.5349170013647129,42.501156871818615
600691.SH,20260908,3.03,545100,1651653.0,-0.6557377049180357,2.9397601704704317,41.06557377049179
600692.SH,20260908,6.59,22600,148934.0,-0.15151515151514694,2.4254478982331347,44.09090909090912
600693.SH,20260908,11.6,2080900,24138440.0,0.9573542210617791,12.803361183744883,50.74412532637068
600694.SH,20260908,14.98,51005,764055.0,0.0,7.459794115911467,45.0
600697.SH,20260908,11.58,28000,324240.0,0.17301038062282892,6.361804310828764,46.03806228373698
600698.SH,20260908,7.91,605400,4788714.0,0.8928571428571397,7.8542055092271,50.35714285714284
600699.SH,20260908,19.49,62200,1212278.0,-0.40878896269801457,1.2329979008956216,42.54726622381191
600702.SH,20260908,36.0,13500,486000.0,0.05558643690939391,2.2913415187438737,45.33351862145636
600703.SH,20260908,13.09,628900,8232301.0,0.30651340996168397,5.824261684097325,46.8390804597701
600704.SH,20260908,4.94,81400,402116.0,-0.20202020202019222,1.542625910861146,43.787878787878846
600706.SH,20260908,8.82,48900,431298.0,0.0,4.8431098016125915,45.0
600707.SH,20260908,8.73,159700,1394181.0,0.0,2.500284352488106,45.0
600708.SH,20260908,3.06,13100,40086.0,-0.32573289902279035,0.5751648203908456,43.04560260586326
600710.SH,20260908,10.72,4900,52528.0,0.09337068160597539,0.7057530061983812,45.56022408963585
600711.SH,20260908,11.78,700300,8249534.0,1.551724137931032,6.447728929929845,54.31034482758619
600712.SH,20260908,5.9,509700,3007230.0,-1.1725293132328174,16.139504899220956,37.9648241206031
600713.SH,20260908,5.27,6200,32674.0,0.0,0.4863098001500991,45.0
600714.SH,20260908,23.0,346100,7960300.0,-0.04345936549327023,6.487089034438468,44.73924380704038
600715.SH,20260908,1.73,65700,113661.0,-0.5747126436781658,1.5356414571663566,41.551724137931004
600716.SH,20260908,3.71,21000,77910.0,0.0,3.094653252662887,45.0
600717.SH,20260908,4.34,15600,67704.0,0.2309468822170757,0.81391706821744,46.385681293302454
600718.SH,20260908,8.07,5000,40350.0,0.248447204968949,0.7443626840489773,46.4906832298137
600719.SH,20260908,7.51,138500,1040135.0,-1.1842105263157876,13.250940844381262,37.894736842105274
600720.SH,20260908,5.22,20800,108576.0,0.0,2.1823859687954745,45.0
600721.SH,20260908,11.9,551500,6562850.0,-0.9983361064891727,4.294872419299307,39.00998336106496
600722.SH,20260908,18.08,1729544,31270156.0,0.6121313299944253,10.530615168656034,48.67278797996655
600724.SH,20260908,5.16,38500,198660.0,0.19417475728154,3.96482873989516,46.16504854368924
600725.SH,20260908,3.27,17600,57552.0,-0.304878048780477,0.9939441115754076,43.17073170731714
600726.SH,20260908,5.31,276400,1467684.0,-0.5617977528089901,4.638811196742611,41.62921348314606
600727.SH,20260908,7.7,85400,657580.0,-0.38809831824062613,3.5559549421065517,42.67141009055624
600728.SH,20260908,4.68,68600,321048.0,0.21413276231263545,4.081430908120665,46.28479657387581
600729.SH,20260908,19.91,15200,302632.0,0.050251256281419465,3.4095535841947378,45.301507537688515
600730.SH,20260908,9.49,31400,297986.0,0.0,3.667804079890151,45.0
600731.SH,20260908,5.96,16200,96552.0,0.33670033670032407,1.2003869554618918,47.02020202020194
600732.SH,20260908,11.03,61800,681654.0,-0.36133694670280603,4.472402385018827,42.83197831978316
600733.SH,20260908,4.92,164000,806880.0,0.0,3.186859094270063,45.0
600734.SH,20260908,1.78,885800,1576724.0,0.5649717514124353,7.382947483623377,48.38983050847461
600735.SH,20260908,5.94,16100,95634.0,-0.1680672268907557,6.375064494582455,43.991596638655466
600736.SH,20260908,6.68,16000,106880.0,0.0,0.767484904574368,45.0
600737.SH,20260908,18.08,5555200,100438016.0,9.509388249545703,56.85420535432179,100.0
600738.SH,20260908,4.45,77500,344875.0,-0.6696428571428603,5.162029346969423,40.98214285714284
600739.SH,20260908,10.77,26000,280020.0,0.18604651162790198,2.345865860454625,46.116279069767415
600740.SH,20260908,3.8,57600,218880.0,-0.2624671916010568,1.168389566191495,43.42519685039366
600741.SH,20260908,15.36,53700,824832.0,-0.19493177387914784,4.2203739109287906,43.83040935672511
600742.SH,20260908,7.83,8300,64989.0,0.256081946222797,1.9702079600294162,46.536491677336784
600743.SH,20260908,2.12,88400,187408.0,-0.46948356807510194,1.8392533334945473,42.18309859154939
600744.SH,20260908,6.2,28000,173600.0,0.0,0.6994254445594056,45.0
600745.SH,20260908,18.0,132386,2382948.0,-0.5524861878453136,3.8011527021394675,41.68508287292812
600746.SH,20260908,7.18,77100,553578.0,0.0,4.739780909647024,45.0
600748.SH,20260908,3.86,14100,54426.0,0.0,0.8298179480721133,45.0
600749.SH,20260908,15.48,245000,3792600.0,-1.0230179028132946,13.192163525114168,38.86189258312023
600750.SH,20260908,23.33,21600,503928.0,0.47372954349698126,6.366829536758343,47.84237726098189
600751.SH,20260908,3.1,9900,30690.0,0.3236245954692629,0.3877759182335371,46.94174757281558
600753.SH,20260908,11.31,2700,30537.0,1.2533572068039511,2.2382877454240697,52.52014324082371
600754.SH,20260908,19.74,61000,1204140.0,0.0,3.7662400099392155,45.0
600755.SH,20260908,5.78,100500,580890.0,-0.17271157167529916,6.032096936396938,43.963730569948204
600756.SH,20260908,14.38,8600,123668.0,0.2090592334494934,1.373980680277091,46.25435540069696
600757.SH,20260908,7.39,30100,222439.0,0.13550135501354532,1.4528044136610732,45.81300813008127
600758.SH,20260908,3.64,46900,170716.0,0.0,0.7470428648903953,45.0
600759.SH,20260908,2.53,993100,2512543.0,-0.7843137254901933,6.752074726561711,40.29411764705884
600760.SH,20260908,47.35,61800,2926230.0,0.5094459774994675,4.169493362634864,48.056675864996805
600761.SH,20260908,16.33,19300,315169.0,0.30712530712528885,3.266742989379595,46.84275184275173
600763.SH,20260908,35.08,14700,515676.0,-0.2558999147000418,2.0749824847554317,43.46460051179975
600764.SH,20260908,18.19,15000,272850.0,-0.4923413566739643,2.4045667892021916,42.04595185995621
600765.SH,20260908,13.42,21000,281820.0,-0.2971768202080338,0.5658614600515934,43.2169390787518
600768.SH,20260908,15.02,15400,231308.0,0.13333333333334085,7.845187681398851,45.80000000000005
600769.SH,20260908,15.74,116400,1832136.0,2.407286922576457,6.245041023226645,59.44372153545874
600770.SH,20260908,5.73,3310700,18970311.0,2.504472271914149,18.182793067476464,60.02683363148489
600771.SH,20260908,13.92,29000,403680.0,0.43290043290042934,4.237137362791347,47.59740259740258
600773.SH,20260908,10.91,29500,321845.0,0.27573529411764053,1.1240072815849058,46.65441176470584
600774.SH,20260908,7.96,24500,195020.0,-0.5000000000000004,4.90911244747222,42.0
600775.SH,20260908,9.89,28300,279887.0,0.10121457489877805,3.02656783874355,45.60728744939267
600776.SH,20260908,13.27,444400,5897188.0,2.471042471042484,11.43717160598803,59.8262548262549
600777.SH,20260908,4.04,130000,525200.0,0.0,1.7497386636041132,45.0
600778.SH,20260908,5.98,120400,719992.0,0.5042016806722671,8.423007973331337,48.0252100840336
600779.SH,20260908,27.21,5700,155097.0,0.0,3.8378324809394484,45.0
600780.SH,20260908,6.22,45200,281144.0,-0.16051364365972098,4.318625081410854,44.03691813804167
600782.SH,20260908,2.76,31300,86388.0,0.363636363636366,0.7584362268501824,47.181818181818194
600783.SH,20260908,16.02,67100,1074942.0,0.0,4.898930566367712,45.0
600784.SH,20260908,7.47,103500,773145.0,-0.5326231691078598,7.56395920896686,41.80426098535284
600785.SH,20260908,12.56,2035900,25570904.0,0.15948963317384823,30.139396818909855,45.95693779904309
600787.SH,20260908,4.6,12000,55200.0,0.2178649237472685,0.7184145527882424,46.30718954248361
600789.SH,20260908,7.61,16200,123282.0,-0.2621231979030081,0.7223890922938642,43.42726081258195
600790.SH,20260908,3.44,9700,33368.0,0.2915451895043608,0.5807845496271503,46.74927113702616
600791.SH,20260908,7.98,984300,7854714.0,-0.3745318352059823,21.064826573793333,42.75280898876411
600792.SH,20260908,4.07,208900,850223.0,0.24630541871923928,3.9450558875918706,46.47783251231544
600793.SH,20260908,15.51,31400,487014.0,-0.06443298969072142,6.021476244994684,44.61340206185567
600794.SH,20260908,3.27,10800,35316.0,0.0,0.7536816728694168,45.0
600795.SH,20260908,5.28,395700,2089296.0,0.0,4.821147700163461,45.0
600796.SH,20260908,5.24,3700,19388.0,-0.3802281368821214,0.5072513155817175,42.71863117870727
600797.SH,20260908,6.89,21700,149513.0,0.14534883720929148,1.8645448503017894,45.87209302325575
600798.SH,20260908,3.43,79400,272342.0,0.0,2.7541324324067404,45.0
600800.SH,20260908,3.45,58300,201135.0,0.0,2.68834098452718,45.0
600801.SH,20260908,24.43,31400,767102.0,-0.040916530278234386,2.4750959006817426,44.75450081833059
600802.SH,20260908,5.15,718200,3698730.0,-1.3409961685823646,24.312060443129408,36.95402298850581
600803.SH,20260908,19.21,22100,424541.0,-0.10400416016640435,1.7279737872846892,44.375975039001574
600805.SH,20260908,4.56,96400,439584.0,-0.6535947712418388,11.610533049042765,41.07843137254897
600807.SH,20260908,2.7,29000,78300.0,0.3717472118959231,2.152531398917785,47.23048327137554
600808.SH,20260908,2.56,92200,236032.0,0.39215686274509665,1.194922684251816,47.35294117647058
600809.SH,20260908,122.52,15348,1880437.0,-0.43071921982933414,3.2462853620795116,42.415684681024
600810.SH,20260908,6.51,4100,26691.0,0.0,0.545283751130543,45.0
600812.SH,20260908,4.73,29200,138116.0,0.424628450106157,1.3565750481516075,47.547770700636946
600814.SH,20260908,7.55,607700,4588135.0,-0.9186351706036766,21.291162615852908,39.48818897637794
600815.SH,20260908,4.09,494400,2022096.0,1.7412935323383172,2.929230135086899,55.4477611940299
600816.SH,20260908,2.48,116000,287680.0,0.0,1.8242432556345087,45.0
600817.SH,20260908,9.95,1900,18905.0,0.0,1.0378162567315328,45.0
600818.SH,20260908,7.78,13700,106586.0,0.5167958656330685,6.0168159919298585,48.10077519379841
600819.SH,20260908,5.85,16700,97695.0,-0.17064846416383617,2.1220976738381814,43.97610921501698
600820.SH,20260908,5.46,14600,79716.0,0.3676470588235281,0.6654112978634676,47.20588235294117
600821.SH,20260908,6.09,113200,689388.0,0.0,1.1090687774059702,45.0
600822.SH,20260908,8.83,125700,1109931.0,0.4550625711035483,12.98118286301085,47.73037542662129
600824.SH,20260908,3.85,39600,152460.0,-0.5167958656330796,2.1523873895228514,41.899224806201524
600826.SH,20260908,7.72,39100,301852.0,0.6518904823989535,7.450209801552999,48.91134289439372
600827.SH,20260908,8.0,66800,534400.0,0.25062656641603454,2.4821143203425935,46.50375939849621
600828.SH,20260908,5.08,2081500,10574020.0,0.0,20.505062707665605,45.0
600829.SH,20260908,10.15,106800,1084020.0,0.09861932938854956,5.654393793167521,45.5917159763313
600830.SH,20260908,9.42,1028900,9692238.0,-0.9463722397476282,16.857593766079937,39.32176656151423
600831.SH,20260908,3.45,29400,101430.0,0.0,2.6133889509635684,45.0
600833.SH,20260908,10.67,12500,133375.0,0.0,2.259900158754703,45.0
600834.SH,20260908,7.79,405500,3158845.0,-0.6377551020408156,108.79005471660919,41.173469387755105
600835.SH,20260908,18.55,8800,163240.0,0.2702702702702675,1.8154902086589253,46.62162162162161
600838.SH,20260908,8.83,356500,3147895.0,-1.3407821229050154,13.456386085930202,36.9553072625699
600839.SH,20260908,7.0,534000,3738000.0,0.8645533141210304,10.068056615122599,50.18731988472618
600841.SH,20260908,5.78,46000,265880.0,-0.17271157167529916,5.02151073702984,43.963730569948204
600843.SH,20260908,7.11,25200,179172.0,-1.2499999999999956,5.552140187170451,37.50000000000003
600844.SH,20260908,3.52,689700,2427744.0,-1.949860724233976,8.490005816022435,33.30083565459614
600845.SH,20260908,17.23,17600,303248.0,0.0,1.7492392547244466,45.0
600846.SH,20260908,11.83,5100,60333.0,0.0,1.5581896394761416,45.0
600847.SH,20260908,12.7,22400,284480.0,-0.5481597494126911,15.038282387944761,41.71104150352385
600848.SH,20260908,8.59,5300,45527.0,-0.11627906976744429,1.0235180974555054,44.30232558139534
600850.SH,20260908,14.45,26200,378590.0,0.06925207756232066,4.520237971861551,45.41551246537392
600851.SH,20260908,8.49,14900,126501.0,0.0,2.1346594644331924,45.0
600853.SH,20260908,3.38,45000,152100.0,0.29673590504450953,4.468045017918301,46.780415430267055
600854.SH,20260908,4.75,7400,35150.0,0.0,1.442239379650786,45.0
600855.SH,20260908,12.77,26000,332020.0,0.0,1.0012623197115267,45.0
600857.SH,20260908,23.58,315600,7441848.0,3.149606299212593,20.00749422591737,63.89763779527556
600858.SH,20260908,5.2,64700,336440.0,-0.3831417624520994,6.268541259360076,42.701149425287404
600859.SH,20260908,10.28,110100,1131828.0,-0.1941747572815622,5.030916479446943,43.83495145631063
600860.SH,20260908,8.47,6700,56749.0,0.35545023696683664,0.6431950622059357,47.132701421801016
600861.SH,20260908,13.04,3900,50856.0,-0.07662835249043765,2.387050112328319,44.54022988505737
600862.SH,20260908,18.17,23400,425178.0,0.05506607929515184,1.6311690768603058,45.33039647577091
600863.SH,20260908,4.64,307900,1428656.0,-0.21505376344087557,2.0488548252519103,43.70967741935475
600864.SH,20260908,5.72,83400,477048.0,0.17513134851137035,3.904089431545091,46.05078809106822
600865.SH,20260908,13.74,1185100,16283274.0,10.008006405124092,276.75278972927396,100.0
600866.SH,20260908,4.43,132900,588747.0,0.2262443438914019,2.2650852357937277,46.35746606334841
600867.SH,20260908,7.96,27600,219696.0,-0.25062656641604564,2.0013997846356237,43.49624060150373
600868.SH,20260908,2.8,97100,271880.0,-0.3558718861210064,1.9791780827502161,42.864768683273965
600869.SH,20260908,21.01,2335900,49077259.0,0.6226053639846851,6.942826883860471,48.73563218390811
600871.SH,20260908,2.22,475400,1055388.0,-0.4484304932735328,1.8619859240379228,42.3094170403588
600872.SH,20260908,18.55,83800,1554490.0,0.5420054200542035,9.120834603334846,48.25203252032522
600873.SH,20260908,7.79,7200,56088.0,0.12853470437017567,0.283528015611592,45.771208226221056
600874.SH,20260908,5.63,23300,131179.0,0.1779359430605032,2.2141550536432013,46.06761565836302
600875.SH,20260908,24.98,85800,2143284.0,-0.04001600640255454,4.102151159207038,44.75990396158467
600876.SH,20260908,7.18,3300,23694.0,0.8426966292134797,1.4240985922917042,50.05617977528088
600877.SH,20260908,11.96,24800,296608.0,0.16750418760469454,3.1553816641291497,46.005025125628165
600879.SH,20260908,14.27,115800,1652466.0,0.07012622720896644,2.317124313533066,45.4207573632538
600880.SH,20260908,4.58,5157700,23622266.0,10.096153846153854,350.73591649758123,100.0
600881.SH,20260908,1.88,276100,519068.0,0.0,1.0054145813665107,45.0
600882.SH,20260908,20.85,11200,233520.0,-0.04793863854265501,2.6702218702582963,44.71236816874407
600883.SH,20260908,8.14,23500,191290.0,0.24630541871923928,2.3606620723535214,46.47783251231544
600884.SH,20260908,11.56,41500,479740.0,0.08658008658009031,1.9899863706632388,45.51948051948054
600885.SH,20260908,35.0,33000,1155000.0,0.5458201666187712,2.78534129905897,48.27492099971263
600886.SH,20260908,14.25,69200,986100.0,0.0,3.2637397294759247,45.0
600887.SH,20260908,26.6,123100,3274460.0,-0.03757985719653467,2.711487008280636,44.77452085682079
600888.SH,20260908,10.01,87800,878878.0,0.30060120240480437,2.793819036419514,46.80360721442882
600889.SH,20260908,13.87,1000,13870.0,0.21676300578035157,0.707243906191209,46.30057803468211
600892.SH,20260908,4.83,1636600,7904778.0,0.0,13.551798041686359,45.0
600893.SH,20260908,38.8,117000,4539600.0,-0.46177526936890256,1.9705358368027779,42.229348383786586
600894.SH,20260908,7.41,5000,37050.0,-0.40322580645161255,1.3703540743419118,42.58064516129033
600895.SH,20260908,29.4,24800,729120.0,0.0,0.8036647890356562,45.0
600897.SH,20260908,15.56,3400,52904.0,-0.19243104554200752,1.4806359771480977,43.84541372674796
600900.SH,20260908,27.84,565000,15729600.0,-0.0359066427289112,6.164933611094864,44.784560143626535
600901.SH,20260908,6.67,72500,483575.0,-0.2989536621823663,2.85373460426926,43.2062780269058
600903.SH,20260908,6.57,387000,2542590.0,-0.30349013657055,6.003486559900741,43.1790591805767
600905.SH,20260908,3.68,263700,970416.0,0.0,3.763858773472978,45.0
600906.SH,20260908,6.52,76400,498128.0,0.3076923076922977,2.809611023407279,46.84615384615378
600908.SH,20260908,5.72,45400,259688.0,-0.521739130434784,1.799684238883148,41.8695652173913
600909.SH,20260908,8.11,213400,1730674.0,0.12345679012344402,2.309156967495757,45.74074074074066
600916.SH,20260908,7.95,71300,566835.0,0.5056890012642201,2.401404129699132,48.03413400758532
600917.SH,20260908,4.92,8700,42804.0,0.0,1.0127321660808826,45.0
600918.SH,20260908,5.58,31900,178002.0,0.0,1.166351519406089,45.0
600919.SH,20260908,12.17,230700,2807619.0,0.16460905349793276,3.018540228987217,45.987654320987595
600925.SH,20260908,4.2,14300,60060.0,0.0,1.1224415746827416,45.0
600926.SH,20260908,17.03,118100,2011243.0,-0.05868544600937664,3.83408171659942,44.64788732394374
600927.SH,20260908,12.69,31600,401004.0,-0.15735641227381247,4.806682492600809,44.05586152635713
600928.SH,20260908,3.52,103400,363968.0,0.2849002849002913,2.5568577311005307,46.709401709401746
600930.SH,20260908,3.88,445200,1727376.0,-0.25706940874036244,3.068064981545832,43.457583547557824
600933.SH,20260908,13.58,9200,124936.0,-0.07358351729211954,1.851112591475693,44.558498896247286
600935.SH,20260908,2.37,1357600,3217512.0,1.7167381974249052,22.60635750934024,55.30042918454943
600936.SH,20260908,5.26,3173600,16693136.0,-2.0484171322160183,28.9087033146169,32.70949720670389
600938.SH,20260908,33.02,141300,4665726.0,-0.3019323671497376,2.8352244740934625,43.188405797101574
600939.SH,20260908,2.69,8700,23403.0,0.0,0.5886952402494379,45.0
600941.SH,20260908,98.5,15000,1477500.0,-0.20263424518743856,1.7232635057668975,43.78419452887537
600955.SH,20260908,12.73,27900,355167.0,0.3152088258471242,8.579108663733782,46.89125295508275
600956.SH,20260908,7.14,3300,23562.0,-0.13986013986014845,0.5484012771451591,44.16083916083911
600958.SH,20260908,9.17,46900,430073.0,-0.10893246187363426,1.3573560266368667,44.346405228758194
600959.SH,20260908,3.17,132800,420976.0,0.0,2.9582243705418034,45.0
600960.SH,20260908,4.03,17100,68913.0,0.0,1.9040586845624368,45.0
600961.SH,20260908,25.6,208800,5345280.0,1.3861386138613874,7.631314940846109,53.316831683168324
600962.SH,20260908,25.28,19500,492960.0,0.23790642347343294,4.748993635013308,46.4274385408406
600963.SH,20260908,3.5,112900,395150.0,0.5747126436781658,2.7459557575416476,48.448275862068996
600965.SH,20260908,2.91,59800,174018.0,-0.3424657534246478,4.9933960559522745,42.94520547945211
600966.SH,20260908,4.81,52400,252044.0,-0.41407867494824835,4.20078164232222,42.51552795031051
600967.SH,20260908,13.33,604700,8060651.0,-0.07496251874062887,4.189129130985882,44.550224887556226
600968.SH,20260908,3.89,36400,141596.0,-0.2564102564102555,0.706645845577092,43.46153846153847
600969.SH,20260908,10.32,198500,2048520.0,0.48685491723468033,6.124141287406176,47.92112950340808
600970.SH,20260908,7.75,3700,28675.0,0.0,0.24811842518080393,44.66131653254471
600971.SH,20260908,8.72,71592,624282.0,0.11481056257174327,4.928873701726801,45.68886337543046
600973.SH,20260908,6.02,21500,129430.0,-0.16583747927032544,1.8040746747250436,44.00497512437805
600975.SH,20260908,5.92,2258100,13367952.0,0.3389830508474523,25.961225899858686,47.03389830508471
600976.SH,20260908,27.8,3200,88960.0,-0.32269630692004503,2.0842169857311728,43.06382215847973
600977.SH,20260908,13.0,48200,626600.0,-0.1536098310291778,1.9774285774399325,44.07834101382493
600979.SH,20260908,3.93,12800,50304.0,-0.25380710659898,0.4584362815353223,43.47715736040612
600980.SH,20260908,19.32,13900,268548.0,-0.25813113061435855,7.183547848964133,43.451213216313846
600981.SH,20260908,2.48,11500,28520.0,-0.40160642570281624,0.45955997132745396,42.5903614457831
600982.SH,20260908,4.84,28800,139392.0,0.20703933747412417,1.649310561633836,46.24223602484474
600983.SH,20260908,7.6,27700,210520.0,0.26385224274405594,18.509667546957335,46.58311345646433
600984.SH,20260908,3.75,148200,555750.0,-0.26595744680850686,5.2857222735714275,43.40425531914896
600985.SH,20260908,16.83,87300,1469259.0,0.6578947368421018,3.7474760358314207,48.94736842105261
600986.SH,20260908,7.5,97500,731250.0,-0.26595744680850686,2.058162417427931,43.40425531914896
600987.SH,20260908,6.54,20100,131454.0,0.15313935681469104,4.881437954708169,45.918836140888146
600988.SH,20260908,44.89,179900,8075711.0,0.9217625899280657,4.586704990264961,50.530575539568396
600989.SH,20260908,23.52,148800,3499776.0,0.46988466467321466,2.1135483437976244,47.819307988039284
600990.SH,20260908,18.63,3800,70794.0,0.05370569280342963,1.616698826780063,45.32223415682058
600992.SH,20260908,10.03,5800,58174.0,0.0,1.543633286182829,45.0
600993.SH,20260908,22.89,9200,210588.0,0.1750547045951789,2.6176763534331946,46.05032822757107
600995.SH,20260908,12.39,61000,755790.0,-0.08064516129031585,10.035793653491513,44.51612903225811
600996.SH,20260908,7.1,31800,225780.0,0.0,1.7521883263002118,45.0
600997.SH,20260908,5.4,11600,62640.0,-0.1848428835489746,0.7732196509528001,43.890942698706155
600998.SH,20260908,5.07,46900,237783.0,0.0,1.6386021740705967,45.0
600999.SH,20260908,18.09,104800,1895832.0,0.11068068622024363,2.5171000858046058,45.664084117321465
601000.SH,20260908,4.54,168900,766806.0,-0.219780219780219,3.9163742556221073,43.681318681318686
601001.SH,20260908,16.4,39200,642880.0,0.12210012210012167,2.249636635987688,45.73260073260073
601002.SH,20260908,5.37,136500,733005.0,0.1865671641791078,11.342882252214958,46.11940298507464
601003.SH,20260908,3.74,24100,90134.0,0.0,0.7554490663355589,45.0
601005.SH,20260908,1.21,105700,127897.0,0.8333333333333304,0.6305248136412841,49.999999999999986
601006.SH,20260908,4.79,185700,889503.0,0.0,2.198782100308981,45.0
601007.SH,20260908,7.24,43500,314940.0,0.0,4.9738952623118555,45.0
601008.SH,20260908,4.47,26700,119349.0,-0.44543429844099425,1.5403064271401916,42.32739420935403
601009.SH,20260908,11.92,132700,1581784.0,-0.08382229673092878,2.9691292002009857,44.497066219614425
601010.SH,20260908,1.54,98100,151074.0,0.6535947712418277,7.264253634651231,48.92156862745097
601011.SH,20260908,2.88,100400,289152.0,0.0,1.0355565841054135,45.0
601012.SH,20260908,11.86,143300,1699538.0,-0.16835016835018424,2.5488064258875847,43.9898989898989
601015.SH,20260908,3.61,128700,464607.0,-0.2762430939226568,0.9996626867028325,43.34254143646406
601016.SH,20260908,3.32,255100,846932.0,-0.30030030030030463,2.993028644799354,43.19819819819817
601018.SH,20260908,3.45,207300,715185.0,-0.28901734104045396,3.4488656675828198,43.26589595375728
601019.SH,20260908,7.15,20500,146575.0,0.0,1.701321193284109,45.0
601020.SH,20260908,22.19,106300,2358797.0,0.8636363636363775,2.8864750477418357,50.181818181818265
601021.SH,20260908,44.07,14000,616980.0,-0.33921302578018286,2.485283723023818,42.964721845318905
601022.SH,20260908,8.35,10000,83500.0,-0.47675804529202503,1.4797878611566266,42.13945172824785
601026.SH,20260908,14.82,6300,93366.0,0.4745762711864332,2.95976565589578,47.8474576271186
601033.SH,20260908,14.55,3400,49470.0,-0.13726835964309458,1.1779552497015109,44.17638984214143
601038.SH,20260908,14.84,43000,638120.0,0.13495276653170407,3.8620290427101724,45.809716599190224
601058.SH,20260908,14.3,200600,2868580.0,-0.34843205574912606,2.9318992488224698,42.90940766550524
601059.SH,20260908,17.28,705200,12185856.0,1.3489736070381175,28.780021650644724,53.0938416422287
601061.SH,20260908,11.47,64400,738668.0,1.2356575463371655,4.56068695231453,52.41394527802299
601065.SH,20260908,6.88,5300,36464.0,0.0,0.7827127802353346,45.0
601066.SH,20260908,24.95,34800,868260.0,0.4024144869215096,1.5975324998673412,47.41448692152906
601068.SH,20260908,4.54,19400,88076.0,0.22075055187638082,1.8718570638758578,46.32450331125828
601069.SH,20260908,29.75,66100,1966475.0,1.1904761904761862,4.7003404853769295,52.14285714285712
601077.SH,20260908,6.71,97000,650870.0,-0.2971768202080338,1.667716525825499,43.2169390787518
601083.SH,20260908,13.14,56000,735840.0,0.0,7.111142791783982,45.0
601086.SH,20260908,14.02,4491500,62970830.0,0.7183908045977017,36.48875428257785,49.310344827586206
601088.SH,20260908,46.0,122800,5648800.0,-0.19527012367108743,4.7294125010060295,43.828379257973474
601089.SH,20260908,16.04,5500,88220.0,-0.24875621890546595,1.9855892406001188,43.5074626865672
601096.SH,20260908,4.18,44800,187264.0,0.23980815347721673,3.5323182960880026,46.4388489208633
601098.SH,20260908,10.23,20000,204600.0,0.0,1.0996964896811947,45.0
601099.SH,20260908,3.54,296500,1049610.0,0.2832861189801861,3.55480480888573,46.69971671388112
601100.SH,20260908,100.5,5000,502500.0,-0.5245966544590752,0.9663617884648584,41.85242007324555
601101.SH,20260908,13.47,163900,2207733.0,0.7479431563201411,5.877685585873787,49.48765893792085
601106.SH,20260908,3.02,111200,335824.0,0.33222591362127574,1.6765483927168634,46.993355481727654
601107.SH,20260908,5.77,14100,81357.0,-0.3454231433506094,0.8252978790036234,42.927461139896344
601108.SH,20260908,8.52,228100,1943412.0,0.1175088131609936,4.9152575651016015,45.70505287896596
601111.SH,20260908,5.85,43600,255060.0,-0.17064846416383617,1.2071354283467013,43.97610921501698
601112.SH,20260908,15.6,2200,34320.0,0.12836970474967568,0.8824053464713685,45.77021822849805
601113.SH,20260908,3.48,17200,59856.0,0.0,1.4055177137005783,45.0
601116.SH,20260908,11.8,408800,4823840.0,-0.33783783783782884,12.827648631061939,42.972972972973025
601117.SH,20260908,7.3,145600,1062880.0,-0.2732240437158584,2.21578765170986,43.360655737704846
601118.SH,20260908,7.37,3166800,23339316.0,2.3611111111111027,9.387927376862033,59.166666666666615
601121.SH,20260908,7.28,41300,300664.0,0.5524861878453136,2.303080539507172,48.31491712707188
601123.SH,20260908,16.93,226149,3828703.0,-0.8201523140011768,6.792570973059025,40.079086115992936
601126.SH,20260908,41.34,33800,1397292.0,0.12109469605232626,2.140931363949169,45.72656817631396
601127.SH,20260908,49.0,68400,3351600.0,-0.4874086108854647,4.9559804364224895,42.07554833468721
601128.SH,20260908,6.32,88100,556792.0,-0.15797788309636074,1.35219585251045,44.05213270142183
601133.SH,20260908,23.6,17400,410640.0,-0.295732995352771,1.522330061843658,43.225602027883376
601136.SH,20260908,15.66,266800,4178088.0,0.12787723785165905,9.257488178045515,45.76726342710995
601137.SH,20260908,20.7,49000,1014300.0,0.0,3.1116678565173657,45.0
601138.SH,20260908,66.3,442300,29324490.0,-0.40558810274897716,4.153504851368902,42.56647138350614
601139.SH,20260908,6.41,14900,95509.0,0.0,1.023099429637788,45.0
601155.SH,20260908,12.15,35300,428895.0,0.0,1.7527501016690685,45.0
601156.SH,20260908,18.91,5800,109678.0,-0.2637130801687815,1.0129459962117642,43.417721518987314
601158.SH,20260908,4.1,18100,74210.0,0.0,2.091635271233459,45.0
601162.SH,20260908,3.76,572100,2151096.0,0.0,5.380078733675726,45.0
601163.SH,20260908,12.39,2700,33453.0,0.24271844660195274,0.6320694501352885,46.45631067961172
601166.SH,20260908,18.05,277200,5003460.0,0.0,3.3729960686285683,45.0
601168.SH,20260908,39.61,668151,26465461.0,2.53688842868236,7.816248142172717,60.22133057209416
601169.SH,20260908,5.49,817800,4489722.0,0.18248175182480342,4.71832837388275,46.09489051094882
601177.SH,20260908,14.11,66200,934082.0,1.4378145219266614,14.232770979483554,53.62688713155997
601179.SH,20260908,12.51,97200,1215972.0,0.0,1.806390655782326,45.0
601186.SH,20260908,6.07,54500,330815.0,0.0,1.93434608989405,45.0
601187.SH,20260908,7.09,184700,1309523.0,-0.14084507042253502,7.262799740103377,44.15492957746479
601188.SH,20260908,2.94,7100,20874.0,0.0,0.41306581349071286,45.0
601198.SH,20260908,14.1,828400,11680440.0,0.7142857142857117,10.162993898884281,49.28571428571427
601199.SH,20260908,5.78,21300,123114.0,-0.17271157167529916,3.7180508599906545,43.963730569948204
601200.SH,20260908,6.96,7300,50808.0,0.28818443804032867,0.9467643859393116,46.72910662824197
601208.SH,20260908,50.0,251100,12555000.0,1.667344448962993,4.997867104979651,55.00406669377796
601211.SH,20260908,17.49,157930,2762196.0,0.05720823798625041,3.647249390710275,45.3432494279175
601212.SH,20260908,7.19,6078700,43705853.0,2.7142857142857135,15.852033707971279,61.28571428571428
601216.SH,20260908,4.8,176500,847200.0,0.4184100418409997,2.965550624464207,47.510460251046
601218.SH,20260908,4.48,60900,272832.0,-0.22271714922048602,3.9357120296840207,43.663697104677084
601222.SH,20260908,5.97,82200,490734.0,0.1677852348993314,3.814992122824191,46.00671140939599
601225.SH,20260908,25.69,52200,1341018.0,0.0,1.2559630129495645,45.0
601226.SH,20260908,6.48,1200,7776.0,0.15455950540959051,0.14477870297831724,26.987523568554646
601228.SH,20260908,3.11,56700,176337.0,0.0,2.9735279673207864,45.0
601229.SH,20260908,9.45,322600,3048570.0,-0.31645569620254443,6.449053840176357,43.10126582278473
601231.SH,20260908,26.05,125100,3258855.0,0.19230769230769162,5.0757818511259,46.153846153846146
601233.SH,20260908,24.99,214100,5350359.0,0.2808988764044784,4.365668207643052,46.68539325842687
601236.SH,20260908,7.0,20600,144200.0,-0.14265335235377208,1.5411131145819097,44.14407988587737
601238.SH,20260908,5.13,66600,341658.0,-0.1945525291828787,3.14092968643086,43.83268482490273
601279.SH,20260908,3.43,44600,152978.0,0.0,4.346920996789465,45.0
601288.SH,20260908,6.79,1570000,10660300.0,-0.2936857562408135,5.683281930445651,43.23788546255512
601298.SH,20260908,9.25,19500,180375.0,-0.3232758620689613,1.5450423464949354,43.060344827586235
601311.SH,20260908,7.64,57900,442356.0,-0.520833333333337,6.173920821722293,41.87499999999998
601318.SH,20260908,56.0,703100,39373600.0,-0.6387508871540049,10.018033457610047,41.16749467707597
601319.SH,20260908,7.91,885200,7001932.0,0.7643312101910826,11.980315121073346,49.5859872611465
601326.SH,20260908,3.53,30400,107312.0,-0.28248587570621764,1.7568062038545127,43.30508474576269
601328.SH,20260908,7.3,833500,6084550.0,-0.2732240437158584,6.328547983902032,43.360655737704846
601330.SH,20260908,8.02,79700,639194.0,0.12484394506866447,3.0048530948460463,45.749063670411985
601333.SH,20260908,3.12,196400,612768.0,-0.6369426751592355,2.8591428018620544,41.17834394904459
601336.SH,20260908,60.42,73500,4440870.0,-0.428477257745552,4.000652450653469,42.42913645352669
601339.SH,20260908,7.44,13100,97464.0,0.0,1.7435708285487435,45.0
601360.SH,20260908,8.97,249900,2241603.0,0.0,3.299781779257678,45.0
601366.SH,20260908,3.87,5400,20898.0,-0.2577319587628857,0.3145676476311294,43.453608247422686
601368.SH,20260908,4.52,5300,23956.0,0.0,0.9585446254819782,45.0
601369.SH,20260908,8.54,69000,589260.0,0.11723329425556983,9.371551182567902,45.70339976553342
601375.SH,20260908,4.06,60800,246848.0,0.0,1.8894073645340586,45.0
601377.SH,20260908,5.89,72090,424610.0,-0.33840947546531774,1.866332026476026,42.96954314720809
601388.SH,20260908,3.39,55100,186789.0,0.5934718100890191,1.3763280100098834,48.56083086053411
601390.SH,20260908,4.35,173800,756030.0,0.0,1.2399600738858951,45.0
601398.SH,20260908,7.97,1455400,11599538.0,0.0,5.164736543257345,45.0
601399.SH,20260908,3.17,24900,78933.0,-0.3144654088050425,0.40502098355358657,43.11320754716974
601456.SH,20260908,8.82,50900,448938.0,0.0,3.7680247456941265,45.0
601500.SH,20260908,3.95,22500,88875.0,0.2538071065989911,1.2579757075301246,46.52284263959395
601512.SH,20260908,8.56,21900,187464.0,0.3516998827667095,4.454787768087737,47.11019929660026
601515.SH,20260908,3.33,43400,144522.0,0.6042296072507503,4.136084453485906,48.6253776435045
601518.SH,20260908,2.84,84500,239980.0,-0.35087719298246833,4.04257795792707,42.89473684210519
601519.SH,20260908,8.76,63800,558888.0,0.22883295194506825,1.6184611884456694,46.37299771167041
601528.SH,20260908,5.14,77400,397836.0,0.19493177387914784,5.109459033796514,46.16959064327489
601555.SH,20260908,8.38001,29360,246037.0,0.11959378733574777,1.0208400710055952,45.717562724014485
601566.SH,20260908,10.7,675300,7225710.0,0.093545369504211,12.470149804661656,45.56127221702526
601567.SH,20260908,13.47,67000,902490.0,0.0,5.898605514336356,45.0
601568.SH,20260908,3.81,35400,134874.0,0.263157894736854,1.2919926467710936,46.578947368421126
601577.SH,20260908,9.98,79600,794408.0,-0.10010010010009784,3.918346216090326,44.399399399399414
601579.SH,20260908,23.99,491200,11783888.0,1.223628691983114,13.167001049359843,52.34177215189868
601588.SH,20260908,1.77,249400,441438.0,0.0,6.2579395025587505,45.0
601595.SH,20260908,20.82,921800,19191876.0,0.9209888511875874,18.99627818122436,50.525933107125525
601598.SH,20260908,6.51,12000,78120.0,-0.7621951219512146,1.4568030211543574,40.426829268292714
601599.SH,20260908,3.32,94200,312744.0,0.0,3.4083291288294006,45.0
601600.SH,20260908,9.6,781000,7497600.0,0.6289308176100628,5.162427292588079,48.77358490566038
601601.SH,20260908,33.13,175100,5801063.0,-0.2709211318482785,3.6724153865676317,43.37447320891033
601606.SH,20260908,33.69,224900,7576881.0,-0.6487761722205776,4.127772219229007,41.10734296667653
601607.SH,20260908,16.53,11200,185136.0,-0.12084592145015227,1.380261200207254,44.27492447129909
601608.SH,20260908,4.79,10400,49816.0,0.0,0.3836865765592164,45.0
601609.SH,20260908,13.27,134500,1784815.0,-0.3005259203606392,3.472991111943617,43.196844477836166
601611.SH,20260908,10.68,151200,1614816.0,-0.3731343283582156,9.003311912524804,42.76119402985071
601615.SH,20260908,9.3,60000,558000.0,-0.5347593582887611,0.918758345450049,41.791443850267434
601616.SH,20260908,3.83,4000,15320.0,0.0,0.43611577188492,45.0
601618.SH,20260908,2.55,128800,328440.0,0.3937007874015741,0.721655871432511,47.362204724409445
601619.SH,20260908,4.11,53400,219474.0,0.0,1.8786919868334913,45.0
601628.SH,20260908,38.25,207000,7917750.0,-0.5201560468140465,7.150877697748709,41.87906371911572
601633.SH,20260908,14.95,33100,494845.0,0.0,3.54109275541276,45.0
601636.SH,20260908,5.89,123900,729771.0,-0.33840947546531774,2.1442470572587573,42.96954314720809
601658.SH,20260908,5.38,1023200,5504816.0,-0.18552875695732052,6.589784569785115,43.88682745825608
601665.SH,20260908,7.06,200500,1415530.0,0.14184397163119478,3.64904683142359,45.851063829787165
601666.SH,20260908,9.14,54200,495388.0,-0.32715376226826187,1.679386172400699,43.037077426390425
601668.SH,20260908,4.34,576400,2501576.0,-0.22988505747125743,3.486571638624293,43.620689655172455
601669.SH,20260908,4.63,229800,1063974.0,0.0,2.8293513304401747,45.0
601677.SH,20260908,16.4,54100,887240.0,0.5518087063151489,3.0814159237450345,48.31085223789089
601678.SH,20260908,6.0,150300,901800.0,0.0,1.1616661201867884,45.0
601686.SH,20260908,5.21,2300,11983.0,0.0,0.4162809013358681,45.0
601688.SH,20260908,19.42,32500,631150.0,0.25813113061434745,0.9178202173089403,46.54878678368608
601689.SH,20260908,46.83,100300,4697049.0,-0.48873778155547054,6.280073325569084,42.06757331066718
601696.SH,20260908,11.93,54800,653764.0,0.0,1.494306685448486,45.0
601698.SH,20260908,23.98,63100,1513138.0,0.0,3.8472703896548586,45.0
601699.SH,20260908,16.0,46000,736000.0,0.0,2.0079825162343203,45.0
601700.SH,20260908,7.05,1000900,7056345.0,-1.5363128491620137,6.9157680107512585,35.78212290502792
601702.SH,20260908,15.33,8300,127239.0,0.39292730844793233,1.074857730386613,47.3575638506876
601717.SH,20260908,14.36,41000,588760.0,0.20935101186321248,1.9468952026317754,46.256106071179275
601718.SH,20260908,2.03,679700,1379791.0,0.0,35.754989088282514,45.0
601727.SH,20260908,6.72,526933,3540990.0,0.14903129657226621,7.555154296998567,45.894187779433594
601728.SH,20260908,6.35,58000,368300.0,0.1577287066246047,0.8593381048460759,45.94637223974763
601766.SH,20260908,6.22,227800,1416916.0,0.0,2.5849354374831415,45.0
601777.SH,20260908,8.15,55100,449065.0,0.6172839506172867,3.1446551670784806,48.703703703703724
601778.SH,20260908,3.6,118500,426600.0,0.278551532033422,1.7119146179494344,46.67130919220053
601788.SH,20260908,14.46,69700,1007862.0,-0.06910850034553828,6.219370305340757,44.58534899792677
601789.SH,20260908,4.29,30000,128700.0,-0.23255813953487747,1.2615248924738718,43.60465116279074
601798.SH,20260908,7.67,23200,177944.0,-0.5188067444876765,5.080042704059021,41.88715953307394
601799.SH,20260908,79.2,34700,2748240.0,-0.10090817356205317,8.421331782766927,44.39455095862768
601800.SH,20260908,5.95,36400,216580.0,0.0,1.4330274476762859,45.0
601801.SH,20260908,5.43,119600,649428.0,0.5555555555555536,6.42152863979644,48.33333333333332
601808.SH,20260908,12.41,18500,229585.0,-0.2411575562700885,1.1568481573820202,43.553054662379466
601811.SH,20260908,11.8,140400,1656720.0,0.0,22.682979795332084,45.0
601816.SH,20260908,4.84,256700,1242428.0,0.0,2.159062111765537,45.0
601818.SH,20260908,3.01,591600,1780716.0,0.0,3.5833111460277287,45.0
601825.SH,20260908,8.84,13200,116688.0,-0.5624296962879693,0.5307395671750786,41.62542182227219
601827.SH,20260908,8.14,1200,9768.0,0.24630541871923928,0.24330785699804883,45.273246771964224
601828.SH,20260908,2.24,1032900,2313696.0,-0.4444444444444362,10.99900330422287,42.333333333333385
601838.SH,20260908,19.45,54900,1067805.0,0.2577319587628857,2.3036305859198927,46.546391752577314
601857.SH,20260908,11.01,287500,3165375.0,-0.09074410163338875,2.2049162198916465,44.45553539019967
601858.SH,20260908,22.65,113900,2579835.0,2.7676950998185124,3.472058010441119,61.60617059891108
601860.SH,20260908,2.61,39700,103617.0,0.0,0.6454659172915571,45.0
601865.SH,20260908,9.93,96600,959238.0,-0.5010020040080221,7.3699987411876995,41.99398797595187
601866.SH,20260908,2.44,91800,223992.0,0.0,1.3863895076027768,45.0
601868.SH,20260908,2.47,1017900,2514213.0,0.0,4.4735087722710105,45.0
601869.SH,20260908,400.88,60300,24173064.0,0.09238221267884317,3.7454743860223005,45.55429327607306
601872.SH,20260908,18.89,560100,10580289.0,1.0700909577314066,6.118093456689904,51.42054574638844
601877.SH,20260908,25.71,93300,2398743.0,-0.19409937888199558,7.492554799534397,43.83540372670802
601878.SH,20260908,9.35,20700,193545.0,-0.10683760683760646,1.5649732426325638,44.358974358974365
601880.SH,20260908,1.45,208497,302321.0,0.0,3.1250865722197347,45.0
601881.SH,20260908,12.28,66500,816620.0,0.0,3.9646339234764385,45.0
601882.SH,20260908,23.3,45900,1069470.0,-0.21413276231263545,5.533175530708116,43.71520342612419
601886.SH,20260908,13.75,104200,1432750.0,0.0,6.1387348418612415,45.0
601888.SH,20260908,54.8,167400,9173520.0,-0.05471457231442933,6.914419684155122,44.67171256611343
601890.SH,20260908,9.01,360200,3245402.0,-1.0976948408342402,11.185140793277931,38.41383095499456
601898.SH,20260908,14.54,234100,3403814.0,0.06882312456986117,5.130178366093954,45.41293874741917
601899.SH,20260908,33.44,1969000,65843360.0,1.7341040462427681,7.782916947301476,55.404624277456605
601900.SH,20260908,12.73,281500,3583495.0,0.8716323296355188,8.836869034463922,50.22979397781312
601901.SH,20260908,6.88,96000,660480.0,0.2915451895043608,2.718878788528075,46.74927113702616
601908.SH,20260908,2.97,60700,180279.0,0.0,1.5048367857806793,45.0
601916.SH,20260908,2.93,286000,837980.0,-0.340136054421758,2.124502951418278,42.959183673469454
601918.SH,20260908,10.28,44900,461572.0,-0.29097963142581396,1.4306557687931933,43.254122211445114
601919.SH,20260908,16.0,263000,4208000.0,0.0,4.486822894228776,45.0
601921.SH,20260908,7.63,28800,219744.0,0.5270092226614009,1.9400231235881975,48.162055335968404
601928.SH,20260908,8.78,35400,310812.0,0.0,2.6623646297031485,45.0
601929.SH,20260908,2.59,1258100,3258479.0,1.171875,5.1553033066345915,52.03125
601933.SH,20260908,3.29,2597000,8544130.0,0.0,5.727757899208783,45.0
601939.SH,20260908,10.66,562800,5999448.0,-0.46685340802988806,5.727813539643388,42.198879551820674
601949.SH,20260908,6.8,7381100,50191480.0,6.0842433697347875,132.45987030283544,81.50546021840873
601952.SH,20260908,9.77,718000,7014860.0,1.4537902388369606,11.67944770890274,53.72274143302177
601956.SH,20260908,5.02,37900,190258.0,0.0,7.469784373177169,45.0
601958.SH,20260908,21.25,94900,2016625.0,0.7586533902323334,2.5616814238549734,49.551920341394
601963.SH,20260908,11.08,38300,424364.0,0.1808318264014508,3.704215182741495,46.0849909584087
601965.SH,20260908,13.9,3200,44480.0,0.5788712011577379,0.9515390041677965,48.473227206946426
601966.SH,20260908,10.7,3800,40660.0,-0.1865671641791189,0.48464972132104644,43.880597014925286
601968.SH,20260908,4.64,22900,106256.0,0.21598272138227959,3.166825818619229,46.29589632829368
601969.SH,20260908,9.42,11500,108330.0,0.0,0.7596568990296279,45.0
601975.SH,20260908,4.56,1943600,8862816.0,2.4719101123595433,8.708667311140424,59.831460674157256
601985.SH,20260908,8.9,789500,7026550.0,-0.11223344556677839,14.69769286519325,44.32659932659933
601988.SH,20260908,6.42,970800,6232536.0,-0.31055900621118626,4.262882812975724,43.136645962732885
601990.SH,20260908,6.78,24700,167466.0,-0.14727540500736325,2.0674251505270718,44.11634756995582
601991.SH,20260908,5.58,202400,1129392.0,-0.35714285714284477,1.2977184070120478,42.85714285714293
601992.SH,20260908,1.4,259900,363860.0,0.0,4.431291921201677,45.0
601995.SH,20260908,33.92,841700,28550464.0,1.4050822122571027,22.261773720607515,53.430493273542616
601996.SH,20260908,2.9,209200,606680.0,1.3986013986013957,5.4977383405681985,53.39160839160837
601997.SH,20260908,5.53,87000,481110.0,-0.18050541516244634,1.7284286856650837,43.91696750902532
601998.SH,20260908,8.76,128100,1122156.0,0.22883295194506825,2.3988886865271244,46.37299771167041
601999.SH,20260908,7.26,1113400,8083284.0,-0.4115226337448541,13.332608562810533,42.530864197530875
603000.SH,20260908,17.07,75400,1287078.0,-0.17543859649123972,1.7573052037541874,43.94736842105256
603001.SH,20260908,9.27,55900,518193.0,0.5422993492407713,4.182174022853961,48.25379609544463
603002.SH,20260908,16.16,1257300,20317968.0,-0.9803921568627416,14.475588575629777,39.11764705882355
603004.SH,20260908,19.12,9100,173992.0,0.3674540682414795,7.046540734604059,47.20472440944888
603005.SH,20260908,29.29,69800,2044442.0,0.4802744425385974,2.9518937588306917,47.881646655231584
603006.SH,20260908,11.36,39200,445312.0,1.0676156583629748,13.374398307200599,51.40569395017785
603007.SH,20260908,5.16,75100,387516.0,0.3891050583657574,3.866708728068497,47.334630350194544
603008.SH,20260908,9.01,22200,200022.0,0.4459308807134743,2.2782716135047556,47.67558528428084
603009.SH,20260908,50.03,153100,7659593.0,2.4365274365274248,13.608832285914884,59.61916461916455
603010.SH,20260908,11.5,10800,124200.0,0.7005253940455258,1.8870645644098893,49.20315236427315
603011.SH,20260908,26.5,722500,19146250.0,0.6456513482719473,13.73067817479163,48.87390808963168
603012.SH,20260908,10.28,170900,1756852.0,1.6815034619188873,7.644897901424501,55.089020771513326
603013.SH,20260908,14.78,23000,339940.0,-0.40431266846361336,9.121832927595042,42.57412398921832
603014.SH,20260908,31.3,1600,50080.0,0.1279590531030106,1.1068130754052212,45.76775431861806
603015.SH,20260908,11.06,19500,215670.0,1.4678899082568808,4.526181495072019,53.80733944954129
603016.SH,20260908,32.3,40100,1295230.0,0.3729024238657397,7.355195528562648,47.23741454319444
603017.SH,20260908,10.03,10600,106318.0,-0.09960159362549792,3.055272534890808,44.40239043824701
603018.SH,20260908,5.32,7100,37772.0,-0.18761726078798668,0.7455811506220782,43.87429643527208
603019.SH,20260908,83.5,78100,6521350.0,0.1439194051331416,4.176076978704979,45.86351643079885
603020.SH,20260908,10.41,13500,140535.0,0.0,1.2332797723004074,45.0
603021.SH,20260908,5.9,22600,133340.0,-0.16920473773265332,3.552172919372788,43.98477157360408
603022.SH,20260908,9.19,7500,68925.0,0.21810250817884125,3.182988079761594,46.30861504907305
603023.SH,20260908,4.2,66600,279720.0,0.0,5.3500587508060375,45.0
603025.SH,20260908,13.54,25100,339854.0,0.07390983000739038,5.527430443225744,45.44345898004434
603026.SH,20260908,61.29,9000,551610.0,-0.032621105855490384,1.1607848799710745,44.80427336486706
603027.SH,20260908,7.55,14900,112495.0,-0.1322751322751281,0.7604197668527781,44.20634920634923
603028.SH,20260908,7.11,27000,191970.0,-0.42016806722687816,9.30936327873476,42.47899159663873
603029.SH,20260908,17.17,35800,614686.0,-0.23242300987796893,4.510749528994961,43.605461940732184
603030.SH,20260908,2.24,1580100,3539424.0,0.0,19.21714203053166,45.0
603031.SH,20260908,42.79,53100,2272149.0,1.4221379473809082,3.455250529101105,53.53282768428545
603032.SH,20260908,19.5,19200,374400.0,-0.35769034236076136,3.323320675866495,42.85385794583543
603033.SH,20260908,7.32,19200,140544.0,0.0,1.9968341971495838,45.0
603035.SH,20260908,10.76,7800,83928.0,-0.18552875695732052,2.869244656507026,43.88682745825608
603036.SH,20260908,13.89,136700,1898763.0,0.0,16.735732877690864,45.0
603037.SH,20260908,10.35,72700,752445.0,0.0,21.472119090651354,45.0
603038.SH,20260908,16.22,8000,129760.0,0.5579665220086794,1.7039918267223106,48.347799132052074
603039.SH,20260908,38.35,20100,770835.0,-0.7505175983436807,1.7701789242389576,40.496894409937916
603040.SH,20260908,50.27,9700,487619.0,-0.37653586999603084,5.491069533307681,42.740784780023816
603041.SH,20260908,11.37,15300,173961.0,0.08802816901407606,6.820487189194428,45.528169014084455
603042.SH,20260908,16.97,2458080,41713618.0,9.98055735580039,370.49095394806966,100.0
603043.SH,20260908,14.11,21100,297721.0,0.07092198581559739,5.039213896105273,45.42553191489358
603045.SH,20260908,50.99,108900,5552811.0,1.3314785373608862,16.85690041412982,52.988871224165315
603048.SH,20260908,23.68,8100,191808.0,-0.1265288907633999,6.336547626138536,44.2408266554196
603049.SH,20260908,48.12,25600,1231872.0,0.08319467554076532,9.871934482907594,45.49916805324459
603050.SH,20260908,18.3,2500,45750.0,-0.10917030567685337,1.046999690225403,44.34497816593888
603051.SH,20260908,21.2,8800,186560.0,0.2838221381267658,4.085255444633172,46.702932828760595
603052.SH,20260908,58.8,11200,658560.0,0.8576329331046351,3.4453019857727485,50.14579759862781
603053.SH,20260908,8.81,1700,14977.0,-0.22650056625140857,0.5605580893431609,43.64099660249155
603055.SH,20260908,9.41,8900,83749.0,-0.21208907741251393,1.582252832247495,43.727465535524914
603057.SH,20260908,20.8,6100,126880.0,1.2165450121654597,2.33116614620553,52.299270072992755
603058.SH,20260908,9.75,57000,555750.0,-0.20470829068577334,4.763175962484874,43.77175025588536
603059.SH,20260908,25.44,5900,150096.0,0.1969279243796862,4.902674419740281,46.18156754627812
603060.SH,20260908,5.56,8400,46704.0,-0.17953321364453378,1.650889999167556,43.9228007181328
603061.SH,20260908,323.0,10900,3520700.0,0.1519332733868728,3.6449854867676956,45.911599640321235
603062.SH,20260908,37.5704,1329,49931.0,0.001064679265372348,6.412686719364462,45.006388075592234
603063.SH,20260908,31.87,25700,819059.0,0.5362776025236604,1.1989699800948432,48.21766561514196
603065.SH,20260908,14.25,330700,4712475.0,-2.4640657084188833,13.53731512988895,30.2156057494867
603066.SH,20260908,9.24,15400,142296.0,0.2169197396963085,4.394191487572596,46.30151843817785
603067.SH,20260908,38.41,185700,7132737.0,0.6815203145478232,5.853668723380956,49.089121887286936
603068.SH,20260908,39.19,26900,1054211.0,-0.5834601725012822,3.499635328989792,41.49923896499231
603069.SH,20260908,13.94,10000,139400.0,-0.28612303290415086,2.077184386994054,43.2832618025751
603070.SH,20260908,11.93,1500,17895.0,0.3364171572750152,0.9726044580992542,47.01850294365009
603071.SH,20260908,12.57,6700,84219.0,-0.47505938242280443,3.3607131085329285,42.14964370546318
603072.SH,20260908,31.5,6600,207900.0,-0.6309148264984188,6.041231009351093,41.21451104100949
603073.SH,20260908,17.13,2900,49677.0,-0.05834305717620225,3.045330719716164,44.64994165694279
603075.SH,20260908,19.06,400,7624.0,0.15764582238568803,0.06309209560809335,12.302452143770932
603076.SH,20260908,21.14,1700,35938.0,0.570884871550903,1.085152428618119,48.42530922930542
603077.SH,20260908,2.31,581300,1342803.0,0.43478260869567187,0.9208666101320203,47.608695652174035
603078.SH,20260908,32.81,30900,1013829.0,0.3670847353931084,2.267140260762332,47.202508412358654
603079.SH,20260908,13.18,18800,247784.0,0.7645259938837912,3.2215167739920534,49.58715596330275
603080.SH,20260908,20.29,3600,73044.0,0.0,2.4155789164843453,45.0
603081.SH,20260908,9.98,2200,21956.0,0.4024144869215318,1.2709948452232656,47.41448692152919
603082.SH,20260908,46.58,43900,2044862.0,-0.7034747388616425,6.032908648677638,40.779151566830144
603083.SH,20260908,215.0,1068400,229706000.0,3.8045577443028167,20.986698795743926,67.8273464658169
603085.SH,20260908,10.02,3100,31062.0,-0.09970089730807485,0.7835883472526931,44.40179461615155
603086.SH,20260908,6.23,82000,510860.0,-0.4792332268370503,2.070493037177849,42.1246006389777
603087.SH,20260908,69.2,8300,574360.0,0.11574074074074403,1.8386974167585015,45.694444444444464
603088.SH,20260908,10.22,9300,95046.0,-0.09775171065493637,1.058592456505751,44.41348973607038
603089.SH,20260908,9.74,16100,156814.0,-0.612244897959191,3.4436652822523492,41.32653061224485
603090.SH,20260908,42.63,57700,2459751.0,-0.4669624095260283,5.81305920998323,42.19822554284383
603091.SH,20260908,50.04,1900,95076.0,0.07999999999999119,3.989854901319956,45.47999999999995
603092.SH,20260908,42.18,1700,71706.0,0.0,2.5831778512871146,45.0
603093.SH,20260908,13.23,79900,1057077.0,0.6849315068493178,4.558023397635258,49.10958904109591
603095.SH,20260908,15.22,85200,1296744.0,1.602136181575431,15.128862983597788,54.612817089452584
603096.SH,20260908,15.88,20800,330304.0,0.2525252525252597,3.8716596131540357,46.51515151515156
603097.SH,20260908,19.39,6200,120218.0,0.937011972930768,6.61367605750572,50.622071837584606
603098.SH,20260908,11.46,53900,617694.0,1.7761989342806483,5.686005403497389,55.65719360568389
603099.SH,20260908,39.04,24700,964288.0,0.0,2.9306336311167276,45.0
603100.SH,20260908,18.88,1200,22656.0,0.3721424774056459,0.46572640337543103,47.232854864433875
603101.SH,20260908,7.9,29701,234638.0,0.12674271229404788,2.8103670465988557,45.76045627376429
603102.SH,20260908,38.4,10100,387840.0,0.05211047420530246,5.508081615726664,45.31266284523181
603103.SH,20260908,15.96,15700,250572.0,-1.2376237623762387,2.319651197304742,37.574257425742566
603105.SH,20260908,7.77,56900,442113.0,0.0,4.729162991003131,45.0
603106.SH,20260908,7.9,147100,1162090.0,-0.6289308176100628,8.576037112206711,41.22641509433962
603107.SH,20260908,12.12,100,1212.0,-0.08244023083265883,0.06214569391358815,10.691583519449914
603108.SH,20260908,9.84,30000,295200.0,-0.10152284263958977,1.936793225475208,44.390862944162464
603109.SH,20260908,17.3,2200,38060.0,-0.460299194476399,2.0963006132533013,42.23820483314161
603110.SH,20260908,24.3,86500,2101950.0,-0.7758268681094194,7.632241395164794,40.345038791343484
603111.SH,20260908,6.26,4100,25666.0,0.0,0.9879550016636568,45.0
603112.SH,20260908,17.26,60300,1040778.0,-0.46136101499422155,5.233141507926906,42.23183391003467
603113.SH,20260908,5.39,200200,1079078.0,0.0,4.958282492019718,45.0
603115.SH,20260908,81.98,38300,3139834.0,0.048816206980717425,3.6966082127916726,45.292897241884305
603116.SH,20260908,6.35,56400,358140.0,0.3159557661927215,11.662831431574945,46.89573459715633
603117.SH,20260908,4.15,12100,50215.0,0.4842615012106588,1.5148188134614136,47.90556900726395
603118.SH,20260908,18.61,2993800,55714618.0,4.024594745667964,23.97403126832111,69.14756847400778
603119.SH,20260908,52.22,252200,13169884.0,1.1035818005808329,9.507018394006254,51.621490803484996
603120.SH,20260908,48.38,11700,566046.0,0.0,2.8582469221946867,45.0
603121.SH,20260908,13.4,1200,16080.0,-0.07457121551081025,0.21250184568028746,37.802904929386884
603122.SH,20260908,13.5,1913300,25829550.0,-1.8895348837209336,43.673745693787495,33.662790697674396
603123.SH,20260908,11.47,3268164,37485841.0,-2.4659863945578175,25.696094108442743,30.204081632653093
603124.SH,20260908,131.5,115900,15240850.0,0.28216273926637836,12.097063897256875,46.69297643559827
603125.SH,20260908,22.8,2800,63840.0,0.08779631255486642,0.9852979318543935,45.5267778753292
603126.SH,20260908,6.33,8800,55704.0,0.4761904761904745,1.3863337713534822,47.85714285714285
603127.SH,20260908,42.92,74100,3180372.0,0.23353573096684954,2.041402179201377,46.4012143858011
603128.SH,20260908,5.67,2200,12474.0,-0.35149384885765356,0.1478251044854716,24.499555714238966
603129.SH,20260908,291.99,4900,1430751.0,1.1746361746361789,5.003812145017023,52.04781704781708
603130.SH,20260908,38.0,4900,186200.0,-0.9126466753585416,5.2093179198326265,39.52411994784875
603131.SH,20260908,14.42,7500,108150.0,0.0,2.096682153163649,45.0
603132.SH,20260908,20.5,64000,1312000.0,3.118712273641866,5.090691819392109,63.7122736418512
603135.SH,20260908,9.14,9400,85916.0,0.21929824561404132,1.5746422988223374,46.31578947368425
603136.SH,20260908,9.57,26300,251691.0,0.0,6.797739807083671,45.0
603137.SH,20260908,20.1,58500,1175850.0,-0.6916996047430679,5.609348458040508,40.84980237154159
603138.SH,20260908,14.52,252200,3661944.0,-1.5593220338983027,11.159234700779805,35.64406779661019
603139.SH,20260908,37.32,3800,141816.0,-0.053561863952877875,1.5965445577341575,44.67862881628273
603150.SH,20260908,69.97,59600,4170212.0,0.6907468700532604,13.980446988757935,49.14448122031956
603151.SH,20260908,18.39,221100,4066029.0,0.0,21.77818699814552,45.0
603153.SH,20260908,13.45,4700,63215.0,0.44809559372664953,0.9909873373875059,47.6885735623599
603155.SH,20260908,13.63,14800,201724.0,0.29433406916852256,1.9053559729817342,46.76600441501114
603156.SH,20260908,41.0,68600,2812600.0,-0.4854368932038944,8.114356913499888,42.087378640776635
603158.SH,20260908,11.13,21300,237069.0,-0.5361930294906059,1.8540237650921412,41.782841823056366
603159.SH,20260908,,0,0.0,,0.0,0.0
603160.SH,20260908,52.45,16900,886405.0,-0.7380772142316472,3.77754663069267,40.57153671461012
603161.SH,20260908,17.78,72700,1292606.0,-0.4479283314669513,9.590863782304815,42.312430011198295
603162.SH,20260908,14.22,2214392,31488654.0,0.6369426751592355,24.4320921468874,48.82165605095541
603163.SH,20260908,78.12,3400,265608.0,0.37260696389567194,0.6847012329906814,47.235641783374035
603165.SH,20260908,14.17,186900,2648373.0,-1.5972222222222276,29.582305517200908,35.416666666666636
603166.SH,20260908,11.27,27000,304290.0,-0.08865248226950229,3.242295257349634,44.468085106382986
603167.SH,20260908,8.14,1400,11396.0,-0.12269938650306678,0.65518773462804,44.263803680981596
603168.SH,20260908,6.0,22000,132000.0,-0.16638935108153063,3.0985365611821534,44.001663893510816
603169.SH,20260908,6.5,156800,1019200.0,-0.1536098310291778,10.598436803362965,44.07834101382493
603170.SH,20260908,12.86,6415,82497.0,0.07782101167315147,2.0879793618133617,45.46692607003891
603171.SH,20260908,43.54,24100,1049314.0,-0.36613272311213363,4.3976384598405724,42.803203661327196
603172.SH,20260908,18.78,1200,22536.0,0.2134471718249875,0.763338455450889,46.28068303094992
603173.SH,20260908,30.29,1900,57551.0,0.16534391534390736,2.431536741276015,45.992063492063444
603175.SH,20260908,90.99,900,81891.0,0.3086760004409772,0.3714325089292391,46.85205600264587
603176.SH,20260908,5.41,10800,58428.0,-0.5514705882353033,2.315706752289846,41.69117647058818
603177.SH,20260908,10.8,4800,51840.0,0.18552875695734272,1.1757692732432676,46.113172541744056
603178.SH,20260908,17.6,19800,348480.0,0.5714285714285783,1.862081300014881,48.42857142857147
603179.SH,20260908,41.58,96000,3991680.0,-0.14409221902017544,5.264973563486538,44.13544668587895
603180.SH,20260908,15.99,2600,41574.0,0.0,3.0227489230902567,45.0
603181.SH,20260908,12.77,400,5108.0,0.15686274509802978,0.10880445755759213,20.525978830954763
603182.SH,20260908,13.98,11300,157974.0,0.0,4.1654815283620925,45.0
603183.SH,20260908,4.89,60900,297801.0,-0.20408163265307477,5.6102540933570655,43.77551020408155
603185.SH,20260908,15.27,47000,717690.0,0.7255936675461649,7.845556971414522,49.35356200527699
603186.SH,20260908,191.0,367600,70211600.0,2.638508248696869,13.474531514251467,60.831049492181215
603187.SH,20260908,11.04,7000,77280.0,-0.09049773755657187,1.596467213071067,44.45701357466057
603188.SH,20260908,4.95,11100,54945.0,-0.20161290322580072,0.9437768536034197,43.790322580645196
603189.SH,20260908,10.04,6400,64256.0,0.8032128514056103,3.14055713608716,49.81927710843366
603190.SH,20260908,16.5,17900,295350.0,-1.0791366906474753,10.918269938300591,38.525179856115145
603191.SH,20260908,15.7,49000,769300.0,-0.190718372536558,2.419827388078831,43.85568976478065
603192.SH,20260908,21.01,51300,1077813.0,0.5744375299186366,7.521495512639041,48.44662517951182
603193.SH,20260908,21.5,25600,550400.0,0.0,8.66822352412864,45.0
603194.SH,20260908,33.96,4400,149424.0,0.35460992907800915,3.2892466767930135,47.127659574468055
603195.SH,20260908,38.75,5000,193750.0,0.23279875840662712,1.8403547577064914,46.39679255043976
603196.SH,20260908,18.92,3000,56760.0,-0.05282620179608566,1.7835565512803617,44.683042789223485
603197.SH,20260908,30.2,9625,290675.0,0.0,4.065527449020307,45.0
603198.SH,20260908,41.0,7100,291100.0,0.02439619419369876,2.2063265318094607,45.14637716516219
603199.SH,20260908,34.6,18400,636640.0,0.11574074074074403,8.845652369641115,45.694444444444464
603200.SH,20260908,40.0,20200,808000.0,-0.7444168734491274,1.901860061743934,40.53349875930523
603201.SH,20260908,15.63,13900,217257.0,0.25657472738935816,4.203805860974974,46.53944836433615
603202.SH,20260908,53.35,2300,122705.0,-0.0936329588014928,2.6076274009967575,44.43820224719104
603203.SH,20260908,44.46,61200,2720952.0,1.9958706125257963,5.920526373802471,56.97522367515478
603205.SH,20260908,22.41,4800,107568.0,-0.31138790035587505,4.485569952986332,43.13167259786475
603206.SH,20260908,13.91,12000,166920.0,0.14398848092151972,5.584843380140469,45.863930885529115
603207.SH,20260908,25.18,39500,994610.0,-0.9051554506099957,4.049396093770971,39.56906729634002
603208.SH,20260908,11.52,26200,301824.0,0.0,25.62080304898965,45.0
603209.SH,20260908,14.41,25800,371778.0,-0.4834254143646466,5.8726523539964415,42.09944751381212
603210.SH,20260908,13.54,6900,93426.0,0.07390983000739038,4.037196692234946,45.44345898004434
603211.SH,20260908,20.95,4600,96370.0,0.23923444976077235,1.2722252114006745,46.435406698564634
603212.SH,20260908,11.16,8100,90396.0,0.0,0.548989419710179,45.0
603213.SH,20260908,13.8,4400,60720.0,0.0,2.923509634798662,45.0
603214.SH,20260908,13.93,23000,320390.0,0.07183908045977905,11.388684803654048,45.431034482758676
603215.SH,20260908,14.86,5300,78758.0,0.5412719891745521,4.727670897247203,48.24763193504731
603216.SH,20260908,22.29,90400,2015016.0,0.5866425992779645,8.932996686310133,48.519855595667785
603217.SH,20260908,29.2,9000,262800.0,0.137174211248281,3.079332570835283,45.82304526748969
603218.SH,20260908,9.24,7700,71148.0,0.2169197396963085,1.241783880804665,46.30151843817785
603219.SH,20260908,13.16,2900,38164.0,-0.45385779122542047,0.7176694240198902,42.27685325264748
603220.SH,20260908,18.67,30300,565701.0,0.3224073078989864,1.4613342717268183,46.93444384739392
603221.SH,20260908,27.61,280700,7750127.0,-1.953125,23.576392239808293,33.28125
603222.SH,20260908,8.03,35700,286671.0,-0.7416563658838138,5.612946522318222,40.550061804697116
603223.SH,20260908,10.64,19900,211736.0,0.18832391713747842,1.1939891351477383,46.12994350282487
603225.SH,20260908,18.84,26200,493608.0,0.15948963317384823,1.6160249455729916,45.95693779904309
603226.SH,20260908,34.73,12200,423706.0,0.5500868558193428,3.70902051040039,48.30052113491605
603227.SH,20260908,7.66,11000,84260.0,-0.26041666666666297,1.4746981887342405,43.43750000000002
603228.SH,20260908,110.0,1280200,140822000.0,3.8029631027649335,20.92802103855366,67.8177786165896
603229.SH,20260908,7.9,700,5530.0,0.2538071065989911,0.1446879329845264,27.566670576808697
603230.SH,20260908,10.47,447800,4688466.0,5.2261306532663365,27.197119907080484,76.35678391959802
603231.SH,20260908,16.81,6500,109265.0,-0.29655990510083496,2.069012477850404,43.22064056939499
603232.SH,20260908,15.6,35700,556920.0,0.12836970474967568,8.011110719528414,45.77021822849805
603233.SH,20260908,18.38,8700,159906.0,-0.16295491580663457,1.4904519859541496,44.02227050516019
603235.SH,20260908,25.13,14900,374437.0,-0.6719367588932879,13.383991118540525,40.96837944664027
603236.SH,20260908,63.14,43500,2746590.0,-0.12654223347041693,4.811946059615719,44.2407465991775
603237.SH,20260908,16.15,4600,74290.0,0.06195786864930941,1.534510773426479,45.37174721189586
603238.SH,20260908,12.42,6100,75762.0,0.4042037186742231,3.414768483817012,47.425222312045335
603239.SH,20260908,14.32,20600,294992.0,-0.5555555555555536,9.651615017456482,41.66666666666668
603248.SH,20260908,17.79,3500,62265.0,0.6221719457013553,1.872335946955744,48.733031674208135
603255.SH,20260908,31.73,7300,231629.0,0.0,7.467065530834797,45.0
603256.SH,20260908,123.08,80900,9957172.0,-0.5976417380067822,3.8912986086034382,41.41414957195931
603257.SH,20260908,71.44,9300,664392.0,0.08405715886803389,3.2464963132399647,45.5043429532082
603258.SH,20260908,13.85,32300,447355.0,-0.43134435657800063,5.053046283601958,42.411933860531995
603259.SH,20260908,152.97,67600,10340772.0,-0.18270799347471778,1.8360591929558374,43.90375203915169
603260.SH,20260908,32.8,17200,564160.0,0.3364943407770049,1.6881443304753185,47.01896604466203
603261.SH,20260908,56.55,2500,141375.0,0.26595744680850686,1.8316108396433164,46.59574468085104
603262.SH,20260908,19.04,9400,178976.0,0.0,2.1512507558633773,45.0
603266.SH,20260908,16.41,6900,113229.0,0.06097560975610872,3.0224173631950344,45.36585365853665
603267.SH,20260908,48.0,22500,1080000.0,-0.020828993959587372,4.017169202631192,44.875026036242474
603268.SH,20260908,193.8,8400,1627920.0,0.07745933384972759,2.346806575657687,45.464756003098366
603269.SH,20260908,26.9,364700,9810430.0,0.0,9.817421152498854,45.0
603270.SH,20260908,34.2,498800,17058960.0,1.5138023152270863,24.446916383142653,54.08281389136252
603271.SH,20260908,40.5,10121,409901.0,-0.5158437730287457,9.63008036011103,41.90493736182753
603272.SH,20260908,17.36,36500,633640.0,-1.6987542468856254,7.023384720994756,34.80747451868625
603273.SH,20260908,14.92,5600,83552.0,0.471380471380467,3.5296122521209057,47.8282828282828
603275.SH,20260908,36.85,3900,143715.0,-0.10843046896177322,9.176750673593869,44.34941718622936
603276.SH,20260908,16.55,10700,177085.0,-0.3012048192771122,3.553693644977928,43.19277108433732
603277.SH,20260908,11.46,7500,85950.0,0.2624671916010568,3.9592638505483158,46.57480314960634
603278.SH,20260908,9.45,174900,1652805.0,0.21208907741250282,17.275536192222454,46.272534464475015
603279.SH,20260908,11.39,9400,107066.0,0.0,1.4446292729876806,45.0
603280.SH,20260908,27.0,4500,121500.0,-0.589101620029453,2.60037584526929,41.46539027982328
603281.SH,20260908,18.91,3900,73749.0,0.10587612493382359,2.2112750711770377,45.635256749602945
603282.SH,20260908,16.74,4200,70308.0,0.48019207683072107,2.658055596868978,47.881152460984325
603283.SH,20260908,45.84,39400,1806096.0,0.6366630076838797,2.4379082552903215,48.81997804610328
603284.SH,20260908,40.93,4300,175999.0,0.0,2.9794153730851898,45.0
603285.SH,20260908,32.25,10800,348300.0,1.863550221099186,3.6231249743127933,56.18130132659512
603286.SH,20260908,47.61,39400,1875834.0,0.5278716216216228,5.921538212354362,48.16722972972974
603288.SH,20260908,34.2,30600,1046520.0,0.0,3.1855542523628944,45.0
603289.SH,20260908,9.5,67700,643150.0,-0.31479538300104304,8.730511777808578,43.11122770199374
603290.SH,20260908,86.7,11900,1031730.0,0.3472222222222099,2.760070094592773,47.08333333333326
603291.SH,20260908,8.92,1000,8920.0,0.11223344556676729,0.16872013126426214,31.043024300967787
603293.SH,20260908,38.4,6400,245760.0,0.10427528675702735,3.2140510107664695,45.625651720542166
603296.SH,20260908,78.25,74300,5813975.0,0.0,4.8087432545496105,45.0
603297.SH,20260908,107.07,2700,289089.0,-1.1631127111603523,2.073836882957504,38.02132373303789
603298.SH,20260908,25.57,95600,2444492.0,1.067193675889322,46.09054894598517,51.40316205533593
603299.SH,20260908,8.85,7500,66375.0,0.0,1.4862564106353486,45.0
603300.SH,20260908,4.86,24200,117612.0,0.20618556701033075,0.842625670939401,46.237113402061986
603301.SH,20260908,80.5,15500,1247750.0,0.700525394045548,10.885484122517047,49.203152364273286
603303.SH,20260908,24.6,2400,59040.0,-0.040633888663133,1.010881201272046,44.756196668021204
603305.SH,20260908,11.42,8400,95928.0,0.0,0.6809955287412974,45.0
603306.SH,20260908,75.8,30000,2274000.0,0.11887465328226376,3.585199042115538,45.713247919693586
603307.SH,20260908,24.89,400,9956.0,-0.6387225548902253,0.6043438580581053,41.167664670658645
603308.SH,20260908,42.54,41100,1748394.0,0.02351281448389475,2.3351346070218546,45.14107688690337
603309.SH,20260908,11.33,4600,52118.0,0.08833922261484162,1.9279185301091617,45.53003533568905
603310.SH,20260908,14.55,6700,97485.0,0.2756719503790528,2.869534002807866,46.65403170227432
603311.SH,20260908,29.36,83200,2442752.0,-0.03404834865509132,4.715195841404317,44.795709908069455
603312.SH,20260908,32.78,1500,49170.0,0.09160305343511865,1.8484457210511578,45.54961832061071
603313.SH,20260908,6.82,377000,2571140.0,0.0,12.944564174164356,45.0
603315.SH,20260908,11.69,8700,101703.0,0.5159071367153878,1.922200283997187,48.09544282029233
603316.SH,20260908,13.58,24500,332710.0,0.0,0.8367170420153599,45.0
603317.SH,20260908,13.49,21100,284639.0,0.07418397626113293,2.804647367464033,45.4451038575668
603318.SH,20260908,9.1,206000,1874600.0,0.22026431718060735,3.307791259512209,46.321585903083644
603319.SH,20260908,30.21,20800,628368.0,-0.9832841691248762,1.6875063999737248,39.10029498525074
603320.SH,20260908,18.12,5000,90600.0,0.5549389567147678,1.5960472709036215,48.32963374028861
603321.SH,20260908,7.04,174300,1227072.0,1.4409221902017322,5.144302098456542,53.64553314121039
603322.SH,20260908,28.99,63700,1846663.0,0.7997218358831493,5.132358084975137,49.7983310152989
603323.SH,20260908,4.5,139300,626850.0,0.44642857142855874,3.0259853139908097,47.67857142857135
603324.SH,20260908,26.0,42600,1107600.0,-0.6875477463712754,13.727636260175442,40.87471352177235
603325.SH,20260908,54.55,200,10910.0,0.16525890561880363,1.1014970465542528,45.991553433712824
603326.SH,20260908,7.78,10800,84024.0,0.12870012870014325,3.3805910924739964,45.77220077220086
603327.SH,20260908,9.29,120900,1123161.0,0.6500541711809138,4.877829811168492,48.900325027085486
603328.SH,20260908,11.04,70700,780528.0,-0.1808318264014619,3.6581616031019797,43.915009041591226
603329.SH,20260908,10.3,14900,153470.0,0.4878048780487809,4.776455383340967,47.926829268292686
603330.SH,20260908,10.85,458100,4970385.0,-0.36730945821855654,6.444594347957007,42.79614325068866
603331.SH,20260908,12.65,3900,49335.0,0.0,0.31164411572322925,45.0
603332.SH,20260908,11.88,5900,70092.0,0.4226542688081203,1.9858345952094105,47.53592561284872
603333.SH,20260908,9.89,53200,526148.0,-0.10101010101010166,6.790050367098373,44.39393939393939
603334.SH,20260908,31.13,1500,46695.0,0.25764895330111504,0.6659992838956624,46.54589371980669
603335.SH,20260908,6.41,39000,249990.0,0.0,1.863610920263507,45.0
603336.SH,20260908,9.48,137600,1304448.0,1.1739594450373758,3.9428161445706023,52.043756670224255
603337.SH,20260908,37.3,1600,59680.0,0.18802041364491817,0.6566955097355165,46.12812248186951
603338.SH,20260908,58.95,4700,277065.0,-0.01696065128901081,1.284483763441878,44.89823609226593
603339.SH,20260908,12.58,110300,1387574.0,0.0,9.949038329918947,45.0
603341.SH,20260908,37.66,13500,508410.0,-0.5019815059445265,1.5629754603722221,41.98811096433284
603344.SH,20260908,24.44,3300,80652.0,0.0,1.0474978967439197,45.0
603345.SH,20260908,76.38,10300,786714.0,0.19677292404562952,2.095111880711848,46.18063754427378
603348.SH,20260908,14.48,5400,78192.0,-0.2754820936639035,1.987218034278139,43.34710743801658
603350.SH,20260908,28.44,300,8532.0,0.07037297677692234,0.6892902298038043,45.42223786066153
603351.SH,20260908,25.67,200,5134.0,0.11700468018720489,0.27407688566659033,45.70202808112323
603352.SH,20260908,25.65,500,12825.0,-0.27216174183515296,0.9296970014172715,43.36702954898908
603353.SH,20260908,34.65,33400,1157310.0,0.40567951318457585,2.3089516668129777,47.43407707910745
603355.SH,20260908,30.88,149700,4622736.0,2.693714665779834,19.040267836699115,61.162287994679005
603356.SH,20260908,16.97,12200,207034.0,0.3548196333530429,5.627565082295196,47.12891780011826
603357.SH,20260908,6.11,3300,20163.0,0.0,1.1165611665973718,45.0
603358.SH,20260908,46.99,36600,1719834.0,-0.19116397621069536,2.630088204223832,43.853016142735825
603359.SH,20260908,2.5,53200,133000.0,0.40160642570279403,11.18931479328372,47.40963855421676
603360.SH,20260908,13.2,49646,655327.0,0.0,2.7792683267922706,45.0
603363.SH,20260908,3.27,975600,3190212.0,1.869158878504673,12.524371091141978,56.21495327102804
603365.SH,20260908,16.82,1400,23548.0,0.417910447761205,0.6238082892062966,47.50746268656723
603366.SH,20260908,7.58,78900,598062.0,-0.7853403141361182,2.810127544386579,40.287958115183294
603367.SH,20260908,14.51,6600,95766.0,0.0,1.023218838372773,45.0
603368.SH,20260908,15.8,7000,110600.0,0.12674271229404788,2.484976061659401,45.76045627376429
603369.SH,20260908,30.74,10000,307400.0,-0.3565640194489572,1.303117655152626,42.86061588330626
603370.SH,20260908,30.0,34922,1047660.0,-0.6951340615690249,12.110212294913666,40.82919563058585
603373.SH,20260908,40.81,6400,261184.0,0.6908462867012188,6.571102260489469,49.14507772020731
603375.SH,20260908,45.6,34800,1586880.0,-0.04384042086803541,9.127258058554771,44.73695747479179
603376.SH,20260908,27.8,7100,197380.0,-0.2869440459110417,2.389965043158981,43.27833572453375
603377.SH,20260908,3.07,2000,6140.0,0.32679738562091387,0.25053218708193203,46.96078431372548
603378.SH,20260908,7.05,71200,501960.0,-0.14164305949008194,5.181782218022052,44.150141643059506
603379.SH,20260908,58.3,4900,285670.0,-0.3248418533082664,0.9498508414647042,43.0509488801504
603380.SH,20260908,34.85,32300,1125655.0,-0.05735589331802293,10.363181378795893,44.65586464009186
603381.SH,20260908,14.91,8900,132699.0,0.0,3.682604806210134,45.0
603382.SH,20260908,19.59,1600,31344.0,0.0,0.8151217144664314,45.0
603383.SH,20260908,28.74,1100,31614.0,-0.3812824956672567,0.3540304169173458,42.71230502599646
603385.SH,20260908,5.76,45800,263808.0,0.17391304347824654,16.604441761183125,46.04347826086948
603386.SH,20260908,14.34,10600,152004.0,-0.554785020804438,1.5703755295151443,41.67128987517337
603387.SH,20260908,9.25,2500,23125.0,0.32537960954446277,0.3107991975910636,46.95227765726678
603389.SH,20260908,44.12,200,8824.0,0.27272727272726893,0.12893385611355718,24.844457736803903
603390.SH,20260908,10.93,1001200,10943116.0,-3.2743362831858525,41.52392455067154,25.353982300884887
603391.SH,20260908,70.52,400,28208.0,-0.6760563380281748,0.13751269553738105,20.69594716855954
603392.SH,20260908,27.44,15900,436296.0,0.0,2.7876132792150172,45.0
603393.SH,20260908,26.68,7200,192096.0,-0.03746721618583804,0.889821309691751,44.77519670288497
603395.SH,20260908,30.66,462800,14189448.0,2.9895868323815966,16.904874006664645,62.93752099428958
603396.SH,20260908,28.96,14800,428608.0,-0.4126547455295615,2.6507789798857377,42.52407152682263
603398.SH,20260908,11.0,568900,6257900.0,2.8999064546304965,29.969578332596853,62.39943872778298
603399.SH,20260908,13.92,100000,1392000.0,0.07189072609632419,4.014869843443006,45.431344356577945
603400.SH,20260908,52.99,10900,577591.0,-0.4134561172711826,2.8291087043621985,42.519263296372905
603402.SH,20260908,72.92,28864,2104763.0,-1.525995948683312,7.903326231967747,35.84402430790013
603406.SH,20260908,30.39,50824,1544541.0,0.9970089730807707,20.79710935259354,50.982053838484624
603407.SH,20260908,53.39,24800,1324072.0,0.0,9.197727076250533,45.0
603408.SH,20260908,12.08,9100,109928.0,-0.6578947368421018,5.345028265031482,41.05263157894739
603409.SH,20260908,18.1,2800,50680.0,-0.2754820936638924,2.025082169067589,43.34710743801664
603416.SH,20260908,48.56,11100,539016.0,0.0,8.090975409283502,45.0
603418.SH,20260908,46.18,15500,715790.0,0.17353579175705125,7.0255509844232,46.04121475054231
603421.SH,20260908,5.9,2000,11800.0,0.0,0.22609881196379253,40.69778615348265
603429.SH,20260908,8.89,6300,56007.0,0.4519774011299438,5.587338996258247,47.71186440677966
603435.SH,20260908,48.19,3100,149389.0,-0.6596578025149458,1.687107429246889,41.04205318491032
603439.SH,20260908,12.84,61000,783240.0,0.6269592476489061,6.05247071113494,48.76175548589344
603444.SH,20260908,405.15,5400,2187810.0,0.019749672896041126,4.408000013200971,45.11849803737625
603448.SH,20260908,77.0,284620,21915740.0,-7.762338284619075,23.65172934677375,15.0
603456.SH,20260908,14.95,19600,293020.0,-0.13360053440214514,0.9750245313403604,44.19839679358713
603458.SH,20260908,10.65,150800,1606020.0,2.011494252873569,8.513696702854904,57.068965517241416
603459.SH,20260908,88.62,95500,8463210.0,-0.8170117515388764,9.386761932678805,40.097929490766745
603466.SH,20260908,12.33,885000,10912050.0,1.1484823625922846,7.973917901732982,51.89089417555371
603468.SH,20260908,23.35,4900,114415.0,0.0,2.357218370657863,45.0
603477.SH,20260908,16.26,52300,850398.0,0.0,4.263230411988095,45.0
603486.SH,20260908,52.65,7300,384345.0,0.018996960486328263,2.6456562141201654,45.11398176291797
603488.SH,20260908,8.1,36400,294840.0,0.12360939431397266,2.512560266102323,45.741656365883834
603489.SH,20260908,28.3,19500,551850.0,1.433691756272415,8.253638151649298,53.602150537634486
603496.SH,20260908,22.81,13800,314778.0,0.30782761653473933,2.8003522035966313,46.84696569920844
603499.SH,20260908,14.1,26200,369420.0,-0.07087172218285254,4.27191661651715,44.57476966690288
603500.SH,20260908,9.64,6700,64588.0,0.0,1.9091376629013508,45.0
603501.SH,20260908,81.0,42300,3426300.0,-0.09866798223976403,2.565119236707479,44.407992106561416
603505.SH,20260908,15.38,2500,38450.0,0.2607561929595992,0.3283869462388293,46.5645371577576
603506.SH,20260908,11.61,12400,143964.0,-0.08605851979345269,3.18571888719443,44.48364888123928
603507.SH,20260908,22.42,3200,71744.0,-0.48823790501553166,0.8671259003015276,42.07057256990681
603508.SH,20260908,21.4,4300,92020.0,0.2811621368322248,2.1591028381010275,46.68697282099335
603511.SH,20260908,12.69,200,2538.0,0.0,0.10126741880401902,18.228135384723423
603515.SH,20260908,15.52,1800,27936.0,-0.38510911424903815,0.7676112457905168,42.68934531450577
603516.SH,20260908,93.5,22300,2085050.0,0.505213372030533,3.6699487166799836,48.0312802321832
603517.SH,20260908,11.93,22300,266039.0,-0.16736401673639323,4.410185677405674,43.99581589958164
603518.SH,20260908,8.13,10300,83739.0,0.0,2.1697659788498926,45.0
603519.SH,20260908,15.12,12200,184464.0,-0.1980198019802093,2.241545155461991,43.81188118811875
603520.SH,20260908,8.73,22200,193806.0,-0.11441647597253413,4.154313432858856,44.313501144164796
603527.SH,20260908,9.97,11800,117646.0,0.0,1.229033929666803,45.0
603528.SH,20260908,6.36,16200,103032.0,0.4739336492890933,2.165473882155446,47.84360189573456
603529.SH,20260908,21.4,3800,81320.0,0.0,0.6568163968705009,45.0
603530.SH,20260908,50.0,12100,605000.0,0.0,2.840637392265951,45.0
603533.SH,20260908,24.53,312500,7665625.0,-0.6882591093117285,7.959208235589843,40.87044534412963
603535.SH,20260908,6.47,31600,204452.0,-0.30816640986133237,8.71585635573681,43.151001540832006
603536.SH,20260908,10.62,520400,5526648.0,-0.09407337723426057,31.678430122670797,44.435559736594435
603538.SH,20260908,27.51,206400,5678064.0,0.18208302986162384,4.331845213270048,46.092498179169745
603551.SH,20260908,9.56,2100,20076.0,-0.20876826722338038,0.9389421046502329,43.74739039665972
603556.SH,20260908,24.87,4000,99480.0,0.2418379685610761,1.0408681258693324,46.45102781136646
603557.SH,20260908,3.27,19100,62457.0,0.0,1.5932287535636047,45.0
603558.SH,20260908,11.98,9600,115008.0,0.0,5.026831798697345,45.0
603559.SH,20260908,10.98,378700,4158126.0,1.7608897126969447,17.262170102546722,55.56533827618167
603565.SH,20260908,12.22,69300,846846.0,-0.08176614881438837,3.2260910485937244,44.50940310711367
603566.SH,20260908,10.7,18100,193670.0,0.093545369504211,5.224199261377477,45.56127221702526
603567.SH,20260908,5.59,17900,100061.0,0.17921146953405742,0.8279650947107385,46.075268817204346
603568.SH,20260908,14.16,23400,331344.0,-0.28169014084505895,4.748855861165964,43.30985915492965
603569.SH,20260908,5.96,18000,107280.0,0.1680672268907557,5.20545056478993,46.008403361344534
603577.SH,20260908,10.2,12600,128520.0,0.0,4.63237564890024,45.0
603578.SH,20260908,12.64,400,5056.0,-0.3154574132492094,0.06718154089368032,10.199932881367202
603579.SH,20260908,18.34,1500,27510.0,0.054555373704312515,0.5747396712376264,45.32733224222588
603580.SH,20260908,67.26,54900,3692574.0,0.0,5.475871315750234,45.0
603583.SH,20260908,26.94,16600,447204.0,0.7479431563201411,2.2808538895874113,49.48765893792085
603585.SH,20260908,10.75,12500,134375.0,-0.2782931354359919,2.110264197853597,43.33024118738405
603586.SH,20260908,13.94,1800,25092.0,0.0,1.2396566212420685,45.0
603587.SH,20260908,13.47,33600,452592.0,-0.44345898004433115,5.593937824247257,42.339246119734014
603588.SH,20260908,15.1,91600,1383160.0,0.0662690523525411,1.2260100653745785,45.397614314115245
603589.SH,20260908,19.33,13200,255156.0,-0.20650490449150016,3.027818213333547,43.760970573051
603590.SH,20260908,30.3,2900,87870.0,0.09910802775026095,1.7665099980505468,45.594648166501564
603595.SH,20260908,30.84,4400,135696.0,-0.09718172983479434,2.3674725848363534,44.416909620991234
603596.SH,20260908,30.13,41563,1252293.0,0.0,2.8551841392597117,45.0
603598.SH,20260908,18.74,169100,3168934.0,0.7526881720429923,6.885046659286123,49.51612903225795
603599.SH,20260908,10.83,72400,784092.0,0.5571030640668662,1.5014633183694324,48.3426183844012
603600.SH,20260908,10.5,198000,2079000.0,1.3513513513513598,13.840143085377306,53.108108108108155
603601.SH,20260908,8.96,54300,486528.0,-0.8849557522123686,1.293319080332979,39.69026548672579
603602.SH,20260908,11.86,16100,190946.0,0.42337002540220325,8.024054766928367,47.54022015241322
603605.SH,20260908,61.57,13499,831133.0,-0.048701298701303575,3.8491223224178976,44.70779220779218
603606.SH,20260908,33.7,101200,3410440.0,-0.5606373561522493,12.547938761611338,41.63617586308651
603607.SH,20260908,22.55,6100,137555.0,-0.13286093888396078,1.1886775197606458,44.20283436669624
603608.SH,20260908,23.25,287300,6679725.0,0.8676789587852562,14.92520638773741,50.20607375271154
603609.SH,20260908,6.97,49000,341530.0,0.1436781609195359,4.19993924334663,45.86206896551722
603610.SH,20260908,14.26,2300,32798.0,0.0,0.796201518172138,45.0
603611.SH,20260908,16.3,100,1630.0,0.0,0.10736969090637344,19.326544363147217
603612.SH,20260908,16.74,17900,299646.0,0.3597122302158251,1.1211064876475596,47.15827338129495
603613.SH,20260908,19.9,87345,1738166.0,-0.050226017076848706,5.393669620741708,44.69864389753891
603615.SH,20260908,18.14,3900,70746.0,-0.8201202843083566,1.1083393662259013,40.07927829414986
603616.SH,20260908,5.81,269800,1567538.0,-0.34305317324185847,16.20336754150843,42.94168096054885
603617.SH,20260908,7.04,2000,14080.0,-0.14184397163120588,0.40020081667684554,44.148936170212764
603618.SH,20260908,36.95,606900,22424955.0,-0.027056277056269895,3.6752367200506852,44.83766233766238
603619.SH,20260908,22.64,86000,1947040.0,0.0,1.708646295924786,45.0
603626.SH,20260908,20.82,1544800,32162736.0,5.578093306288046,24.93348753683275,78.46855983772826
603628.SH,20260908,11.17,448300,5007511.0,2.9493087557603603,22.64206740200615,62.695852534562164
603629.SH,20260908,112.0,230660,25833920.0,0.5566528999820575,8.3737223717629,48.33991739989234
603630.SH,20260908,14.57,21500,313255.0,-0.1370801919122644,2.9768038318916945,44.17751884852641
603633.SH,20260908,6.56,28400,186304.0,-0.9063444108761365,4.516061550439968,39.56193353474318
603636.SH,20260908,7.13,12500,89125.0,0.1404494382022392,1.8469033290492083,45.842696629213435
603637.SH,20260908,15.0,8100,121500.0,0.2004008016031955,1.0411346382974873,46.202404809619175
603638.SH,20260908,18.55,50060,928613.0,0.48754062838569645,6.063197719924825,47.92524377031418
603639.SH,20260908,10.78,10700,115346.0,0.09285051067779992,1.9628300774465846,45.5571030640668
603648.SH,20260908,9.54,7400,70596.0,-0.31347962382446415,2.4462279280391237,43.11912225705321
603650.SH,20260908,58.5,42700,2497950.0,-0.5271212378847201,3.4425055698698253,41.83727257269168
603655.SH,20260908,31.46,18600,585156.0,0.9951845906902124,11.28335287018346,50.971107544141276
603656.SH,20260908,17.33,400,6932.0,0.11554015020218689,0.3756300011975509,45.69324090121312
603657.SH,20260908,26.6,4800,127680.0,-0.03757985719653467,1.4572541743004737,44.77452085682079
603658.SH,20260908,32.44,2000,64880.0,-0.2153183635804412,1.0051470095668058,43.70808981851735
603659.SH,20260908,22.42,33964,761473.0,0.26833631484795006,1.7125743617888969,46.6100178890877
603660.SH,20260908,10.09,36800,371312.0,0.3980099502487455,2.771982864339392,47.38805970149247
603661.SH,20260908,31.33,9100,285103.0,-0.0956632653061229,2.1912850934054457,44.42602040816326
603662.SH,20260908,50.75,8400,426300.0,-0.09842519685039353,2.829177263305973,44.40944881889764
603663.SH,20260908,39.92,21500,858280.0,-0.4736973323360649,1.721850806735291,42.15781600598361
603665.SH,20260908,22.13,5800,128354.0,0.0,2.4632024660350127,45.0
603666.SH,20260908,25.77,2300,59271.0,0.5854800936768045,0.8780118839947667,48.51288056206083
603667.SH,20260908,51.46,138400,7122064.0,0.645413651476634,11.002595643783708,48.872481908859804
603668.SH,20260908,13.13,423200,5556616.0,0.07621951219514145,13.308724630430492,45.45731707317085
603669.SH,20260908,5.23,44100,230643.0,-0.7590132827324347,3.0085915930734,40.44592030360539
603676.SH,20260908,9.0,2000,18000.0,-0.33222591362125353,1.000847384118554,43.00664451827248
603677.SH,20260908,13.61,3100,42191.0,0.0,1.4671905677496484,45.0
603678.SH,20260908,45.44,36300,1649472.0,0.0,1.9967308693702424,45.0
603679.SH,20260908,24.72,265800,6570576.0,3.996634413125788,26.03163641804769,68.97980647875472
603680.SH,20260908,10.03,14000,140420.0,0.7028112449799062,3.6919001283436157,49.21686746987944
603681.SH,20260908,18.36,9700,178092.0,-0.37981551817688475,2.3093888316284867,42.72110689093869
603682.SH,20260908,10.94,8800,96272.0,1.2962962962962843,0.9176295730950308,52.77777777777771
603683.SH,20260908,16.33,48800,796904.0,0.18404907975457796,3.3880460268567942,46.104294478527464
603685.SH,20260908,28.06,30200,847412.0,0.7178750897343766,10.023502141946182,49.30725053840626
603686.SH,20260908,13.65,92400,1261260.0,-0.29218407596784957,3.9426067539567624,43.2468955441929
603687.SH,20260908,16.35,45200,739020.0,0.2452483139178563,2.7883446724834466,46.47148988350714
603688.SH,20260908,46.68,67300,3141564.0,0.12870012870014325,4.099444641938291,45.77220077220086
603689.SH,20260908,7.72,61900,477868.0,0.0,13.366882847608032,45.0
603690.SH,20260908,24.08,40400,972832.0,-0.37236243276790315,2.7085681744509102,42.76582540339258
603693.SH,20260908,11.22,1700,19074.0,0.17857142857145014,0.3435329454740597,46.0714285714287
603696.SH,20260908,17.33,1172000,20310760.0,4.146634615384603,19.533123912997322,69.87980769230762
603697.SH,20260908,9.98,18500,184630.0,-0.10010010010009784,2.795122289817227,44.399399399399414
603698.SH,20260908,21.5,10600,227900.0,-0.13934045517882687,1.3519537606423944,44.163957268927035
603699.SH,20260908,44.54,1800,80172.0,0.15740948954350298,0.5055558138518169,45.944456937261016
603700.SH,20260908,12.2,73400,895480.0,-0.326797385620925,12.206189735533329,43.03921568627445
603701.SH,20260908,20.12,25200,507024.0,0.0,6.424789155560491,45.0
603703.SH,20260908,10.26,24100,247266.0,-0.5813953488372103,1.8789059670959618,41.51162790697674
603706.SH,20260908,17.59,1400,24626.0,0.0,0.9782939199187809,45.0
603707.SH,20260908,7.82,22400,175168.0,0.1280409731114096,3.283748976242029,45.768245838668456
603708.SH,20260908,9.71,128600,1248706.0,0.0,11.785479258831222,45.0
603709.SH,20260908,12.42,8200,101844.0,-0.6399999999999961,3.4684739712388843,41.160000000000025
603711.SH,20260908,11.9,28800,342720.0,0.0,5.525515687389177,45.0
603712.SH,20260908,11.76,11400,134064.0,0.3412969283276279,1.4022842325666809,47.047781569965764
603713.SH,20260908,66.35,17700,1174395.0,-0.04519433564327269,6.63845443415626,44.728833986140366
603716.SH,20260908,17.62,13500,237870.0,0.0,1.1780359017026876,45.0
603717.SH,20260908,6.7,96600,647220.0,0.0,10.499812965693765,45.0
603718.SH,20260908,3.24,15000,48600.0,-0.3076923076922977,3.986885280329307,43.15384615384622
603719.SH,20260908,9.81,6300,61803.0,-0.20345879959308144,1.1576232675477476,43.77924720244151
603721.SH,20260908,20.48,131400,2691072.0,-0.9671179883945835,8.585291771772797,39.197292069632496
603722.SH,20260908,,0,0.0,,0.0,0.0
603725.SH,20260908,10.97,52600,577022.0,0.0,5.965502021070177,45.0
603726.SH,20260908,24.32,13800,335616.0,0.0,6.54561918166615,45.0
603727.SH,20260908,17.53,31700,555701.0,-1.1280315848843703,16.364045738441472,38.231810490693775
603728.SH,20260908,51.07,66700,3406369.0,-0.4095163806552282,9.236196751294948,42.54290171606863
603729.SH,20260908,12.31,13800,169878.0,-0.6456820016142006,6.668672107212531,41.12590799031479
603730.SH,20260908,11.2,20200,226240.0,-0.0892060660125038,1.3989966527595203,44.46476360392498
603733.SH,20260908,18.96,14900,282504.0,-0.10537407797681642,2.2806510192056835,44.3677555321391
603737.SH,20260908,23.61,18500,436785.0,-0.6731173748422359,3.7838717203337238,40.96129575094658
603738.SH,20260908,36.17,101000,3653170.0,-0.08287292817680258,4.697429168047975,44.502762430939185
603739.SH,20260908,13.05,16300,212715.0,0.07668711656443339,1.9028328553283733,45.4601226993866
603755.SH,20260908,25.16,1600,40256.0,0.7609130957148658,1.0719336270286617,49.565478574289195
603757.SH,20260908,71.76,59300,4255368.0,-1.5367727771679385,5.01147877989272,35.77936333699237
603758.SH,20260908,11.53,27800,320534.0,-0.6890611541774394,2.8390540981105614,40.86563307493536
603759.SH,20260908,7.44,6400,47616.0,-0.13422818791946067,1.5953121623455269,44.19463087248324
603766.SH,20260908,14.52,106500,1546380.0,1.184668989547033,12.840960709930297,52.108013937282195
603767.SH,20260908,14.26,14700,209622.0,0.0,6.247859974877654,45.0
603768.SH,20260908,11.73,23100,270963.0,0.6003430531732468,10.025035302377297,48.60205831903948
603773.SH,20260908,90.04,216100,19457644.0,-0.011104941699047188,11.396370399298599,44.93337034980571
603776.SH,20260908,,0,0.0,,0.0,0.0
603777.SH,20260908,14.35,23500,337225.0,0.4901960784313708,3.029202346009761,47.941176470588225
603778.SH,20260908,10.49,279800,2935102.0,-0.09523809523809268,3.5400058525419555,44.428571428571445
603779.SH,20260908,8.48,53200,451136.0,0.0,1.0951633935324034,45.0
603786.SH,20260908,39.69,1900,75411.0,-0.2011566507417739,1.6143866510298093,43.79306009554936
603787.SH,20260908,10.32,7100,73272.0,0.09699321047527132,4.020996635559808,45.581959262851626
603788.SH,20260908,13.7,6300,86310.0,-0.363636363636366,9.455801168527115,42.818181818181806
603789.SH,20260908,6.2,2600,16120.0,0.0,1.3104826990675655,45.0
603790.SH,20260908,23.35,23700,553395.0,0.6899525657610983,12.474388276078965,49.13971539456659
603797.SH,20260908,4.77,40100,191277.0,-0.41753653444677186,4.045990057005399,42.49478079331937
603798.SH,20260908,14.36,22800,327408.0,-0.20847810979848225,4.742683202920216,43.74913134120911
603799.SH,20260908,38.11,109400,4169234.0,0.3422854133754649,3.3149668398442045,47.05371248025279
603800.SH,20260908,57.11,35200,2010272.0,-0.9366869037294001,8.759725585605812,39.3798785776236
603801.SH,20260908,6.45,117600,758520.0,1.2558869701726927,9.350894536488502,52.535321821036156
603803.SH,20260908,11.21,75200,842992.0,0.08928571428572507,3.8976685026169555,45.53571428571435
603806.SH,20260908,14.58,31700,462186.0,-0.4098360655737765,2.1447216434964282,42.54098360655734
603808.SH,20260908,8.9,13700,121930.0,0.6787330316742057,5.864308002517521,49.072398190045234
603809.SH,20260908,8.85,7000,61950.0,0.0,0.8916883505026403,45.0
603810.SH,20260908,12.45,7400,92130.0,0.16090104585679832,3.077296456279193,45.96540627514079
603811.SH,20260908,7.17,800,5736.0,0.0,0.12389366156917112,22.3008590824508
603813.SH,20260908,27.87,8900,248043.0,0.759219088937102,13.592971810542878,49.555314533622614
603815.SH,20260908,5.43,4400,23892.0,0.18450184501843658,0.5685067396673864,46.107011070110616
603816.SH,20260908,23.32,13200,307824.0,0.0,3.6350516501393155,45.0
603817.SH,20260908,5.88,44100,259308.0,-0.3389830508474634,4.718402576135572,42.96610169491522
603818.SH,20260908,3.72,154400,574368.0,1.0869565217391353,7.929561907884889,51.52173913043481
603819.SH,20260908,17.08,40300,688324.0,0.0,4.122892410964906,45.0
603822.SH,20260908,63.87,4700,300189.0,-0.203125000000004,6.990094658943533,43.78124999999998
603823.SH,20260908,62.89,934700,58783283.0,8.356305995864922,137.43686688714925,95.13783597518953
603825.SH,20260908,8.38,4700,39386.0,-0.11918951132300348,1.8604266246482768,44.284862932061976
603826.SH,20260908,17.65,378300,6676995.0,1.5535097813578869,14.55911992917106,54.32105868814732
603828.SH,20260908,5.55,122600,680430.0,3.738317757009346,16.9554531805423,67.42990654205607
603829.SH,20260908,15.79,500,7895.0,0.12682308180087531,0.2614110128767853,45.76093849080525
603833.SH,20260908,31.3,2900,90770.0,-0.06385696040868138,1.6292290987604325,44.61685823754791
603836.SH,20260908,9.5,22000,209000.0,0.42283298097249844,10.509374286437371,47.53699788583499
603838.SH,20260908,11.99,12300,147477.0,0.5029337803855949,6.496526283251929,48.017602682313566
603839.SH,20260908,6.92,5200,35984.0,0.0,0.8847502196016725,45.0
603843.SH,20260908,7.2,10900,78480.0,0.278551532033422,0.812787668759985,46.67130919220053
603848.SH,20260908,13.88,11700,162396.0,0.0,5.780296824841053,45.0
603855.SH,20260908,17.34,2600,45084.0,0.057703404500863975,1.2005916996516037,45.346220427005186
603856.SH,20260908,11.71,5600,65576.0,-0.17050298380221207,1.9060936135080113,43.97698209718673
603858.SH,20260908,14.8,10000,148000.0,-0.06752194463199857,1.5737107284475158,44.59486833220801
603859.SH,20260908,38.31,31500,1206765.0,0.2879581151832511,3.1267156886064007,46.72774869109951
603860.SH,20260908,26.75,5600,149800.0,0.33758439609903323,6.878071715605968,47.0255063765942
603861.SH,20260908,11.6,6300,73080.0,-0.1721170395869165,1.2335994822528282,43.9672977624785
603863.SH,20260908,12.58,4800,60384.0,0.07955449482894839,1.3347923266594748,45.47732696897369
603866.SH,20260908,4.46,197300,879958.0,0.45045045045044585,11.106768465899679,47.70270270270267
603867.SH,20260908,30.55,24500,748475.0,0.2954694681549519,3.2593688952561664,46.77281680892971
603868.SH,20260908,31.52,25100,791152.0,-1.5615240474703418,22.931346478653772,35.63085571517795
603869.SH,20260908,9.0,2600,23400.0,-0.22172949002217113,4.081898229206261,43.66962305986697
603871.SH,20260908,13.91,31600,439556.0,-0.21520803443327852,2.877212987112448,43.70875179340033
603876.SH,20260908,20.26,16000,324160.0,0.49603174603174427,1.2365966065921403,47.97619047619047
603877.SH,20260908,12.79,3200,40928.0,0.0,2.214608243820749,45.0
603878.SH,20260908,5.12,17100,87552.0,0.1956947162426559,1.7325344872851,46.174168297455935
603879.SH,20260908,5.26,39800,209348.0,-0.1897533206831059,3.9189053092829247,43.86148007590136
603880.SH,20260908,10.14,21900,222066.0,-0.8797653958944274,1.713312260197929,39.721407624633436
603881.SH,20260908,25.09,51200,1284608.0,-0.11942675159236638,2.412195974879308,44.2834394904458
603882.SH,20260908,26.44,18900,499716.0,0.26545316647705874,3.3144534921418427,46.59271899886235
603883.SH,20260908,13.69,18800,257372.0,-0.07299270072992359,1.6532344631822977,44.56204379562046
603885.SH,20260908,10.29,4300,44247.0,0.09727626459143934,0.4033872605221471,45.583657587548636
603886.SH,20260908,13.06,3600,47016.0,0.07662835249042654,1.147292397506557,45.45977011494256
603887.SH,20260908,9.61,85600,822616.0,-0.20768431983386737,4.416804190223213,43.753894080996794
603888.SH,20260908,16.95,132000,2237400.0,1.1940298507462588,2.277951203479271,52.164179104477554
603889.SH,20260908,6.16,6900,42504.0,0.4893964110929794,0.8016674169253184,47.936378466557876
603890.SH,20260908,18.53,233300,4323049.0,-1.8018018018018056,6.08915815593213,34.189189189189165
603893.SH,20260908,195.0,91100,17764500.0,1.204068922565904,11.119649108203767,52.22441353539543
603895.SH,20260908,28.77,5700,163989.0,1.4099400775466897,4.7934324634891325,53.45964046528014
603896.SH,20260908,14.85,4300,63855.0,-0.06729475100941684,2.415562189897877,44.5962314939435
603897.SH,20260908,31.26,56800,1775568.0,-0.19157088122604415,5.187851163606084,43.850574712643734
603898.SH,20260908,11.7,4500,52650.0,-0.5102040816326592,2.177662247935595,41.938775510204046
603899.SH,20260908,23.6,5300,125080.0,0.042390843577799764,1.4343277753628954,45.2543450614668
603900.SH,20260908,6.66,348500,2321010.0,-0.29940119760478723,13.78348599166184,43.20359281437128
603901.SH,20260908,9.86,132800,1309408.0,0.3051881993896277,15.449166370718736,46.83112919633777
603903.SH,20260908,14.28,7600,108528.0,0.35137034434293835,0.8519932023302197,47.10822206605763
603906.SH,20260908,18.6,50000,930000.0,0.05379236148468358,3.7116215636400742,45.322754168908105
603908.SH,20260908,19.6,6300,123480.0,0.512820512820511,7.917212171860953,48.076923076923066
603909.SH,20260908,9.75,19400,189150.0,-1.015228426395931,7.36188181453281,38.90862944162441
603912.SH,20260908,9.04,152800,1381312.0,-0.5500550055005604,6.060433062244981,41.69966996699664
603915.SH,20260908,13.49,26900,362881.0,0.0,6.557399385361153,45.0
603916.SH,20260908,11.25,36400,409500.0,0.2673796791443861,5.052445432324677,46.604278074866315
603917.SH,20260908,13.05,4500,58725.0,-0.2293577981651307,0.8297855204016317,43.62385321100922
603918.SH,20260908,11.23,12000,134760.0,-0.2664298401420906,1.779438540132565,43.40142095914746
603919.SH,20260908,18.01,16200,291762.0,-0.1662971175166117,3.4235157663049716,44.00221729490033
603920.SH,20260908,38.88,99100,3853008.0,0.7253886010362809,3.2064868787575436,49.35233160621769
603922.SH,20260908,14.14,9800,138572.0,-0.07067137809186885,9.578125500041507,44.57597173144879
603926.SH,20260908,18.61,162300,3020403.0,0.053763440860210565,12.819108271815093,45.32258064516127
603927.SH,20260908,13.82,13800,190716.0,0.0,1.8024757588058038,45.0
603928.SH,20260908,11.42,28800,328896.0,-0.5226480836237002,4.116151060851657,41.8641114982578
603929.SH,20260908,155.48,3300,513084.0,-0.33333333333334103,0.6963064832143642,42.99999999999996
603931.SH,20260908,34.01,7000,238070.0,-0.5264697279906416,2.063203675450843,41.84118163205615
603933.SH,20260908,19.49,24600,479454.0,1.3520540821632787,12.239854210498974,53.112324492979674
603936.SH,20260908,18.0,488200,8787600.0,2.3890784982935287,9.067456564895718,59.33447098976117
603937.SH,20260908,11.77,11200,131824.0,0.0,4.439451401218688,45.0
603938.SH,20260908,44.43,829400,36850242.0,10.002475860361471,199.96431813472688,100.0
603939.SH,20260908,22.82,2500,57050.0,0.0,0.2428218033617289,43.7079246051112
603948.SH,20260908,19.85,1100,21835.0,0.0,1.3850464712111414,45.0
603949.SH,20260908,14.75,6400,94400.0,0.8891928864569243,3.7656700140175468,50.335157318741544
603950.SH,20260908,64.38,377400,24297012.0,0.015535187198989497,30.372378489360894,45.09321112319394
603955.SH,20260908,21.8,4200,91560.0,0.3221352968246771,1.7645974230748944,46.932811780948064
603956.SH,20260908,6.06,56300,341178.0,-0.16474464579901982,1.9027449797546199,44.01153212520588
603958.SH,20260908,20.32,217000,4409440.0,0.0492368291482137,11.93145614614053,45.29542097488928
603959.SH,20260908,4.39,12000,52680.0,0.6880733944953921,1.6542485502166333,49.128440366972356
603960.SH,20260908,16.26,24400,396744.0,0.0,5.679037015428033,45.0
603966.SH,20260908,7.38,13500,99630.0,-0.13531799729363803,3.1631699452183923,44.18809201623817
603967.SH,20260908,11.67,2600,30342.0,-0.17108639863130382,1.5309942319532455,43.973481608212175
603968.SH,20260908,10.75,14500,155875.0,-0.462962962962965,3.6606179832382093,42.22222222222221
603969.SH,20260908,8.12,41300,335356.0,0.0,3.2250159593841627,45.0
603970.SH,20260908,11.62,113600,1320032.0,0.7805724197744945,13.09407376885435,49.68343451864697
603976.SH,20260908,36.1,140450,5070245.0,2.00621644532355,11.849101307089494,57.0372986719413
603977.SH,20260908,11.71,52000,608920.0,-0.42517006802720303,5.577205558246064,42.44897959183678
603978.SH,20260908,21.42,55200,1182384.0,0.04670714619336991,2.985264309749076,45.28024287716022
603979.SH,20260908,80.01,78200,6256782.0,1.988527724665401,8.250161143840506,56.9311663479924
603980.SH,20260908,7.46,506000,3774760.0,-2.4836601307189565,8.565940483946454,30.09803921568626
603982.SH,20260908,6.3,40400,254520.0,-0.15847860538826808,10.381699590927916,44.04912836767039
603983.SH,20260908,33.84,29200,988128.0,-0.733352889410388,4.0082669288480055,40.59988266353767
603985.SH,20260908,17.6,8100,142560.0,0.0,0.9353850986225012,45.0
603986.SH,20260908,385.82,223000,86037860.0,0.0985886259858848,5.890772284394502,45.59153175591531
603987.SH,20260908,7.6,3600,27360.0,0.26385224274405594,1.0718939570920378,46.58311345646433
603988.SH,20260908,19.38,1000,19380.0,0.8324661810613865,0.34958647059230985,49.99479708636832
603989.SH,20260908,32.8,496400,16281920.0,0.0,9.470434523864975,45.0
603990.SH,20260908,20.32,48000,975360.0,-0.14742014742015197,4.602972763625536,44.11547911547909
603991.SH,20260908,167.18,13800,2307084.0,-0.10755258126194933,2.128185738041156,44.35468451242831
603992.SH,20260908,20.43,15400,314622.0,0.048971596474034484,4.782981390213002,45.29382957884421
603993.SH,20260908,18.8,3003400,56463920.0,2.3407729994556314,12.173150137713808,59.04463799673379
603995.SH,20260908,23.87,7900,188573.0,0.16785564414605325,1.5224456483964766,46.00713386487632
603997.SH,20260908,11.74,29200,342808.0,-0.08510638297871687,0.5807385190530119,44.489361702127695
603998.SH,20260908,10.91,3800,41458.0,-0.09157509157509125,0.40815877673737555,44.45054945054945
603999.SH,20260908,7.29,3446460,25124693.0,9.954751131221728,363.38809701054856,100.0
605001.SH,20260908,6.37,50700,322959.0,0.7911392405063333,7.74353159794345,49.746835443038
605003.SH,20260908,23.84,10900,259856.0,-0.5838198498749003,4.080931138778545,41.497080900750596
605005.SH,20260908,16.06,12000,192720.0,0.6265664160400863,7.079211201316281,48.75939849624052
605006.SH,20260908,15.82,1082208,17120531.0,1.8673535093367777,22.03392183079326,56.20412105602067
605007.SH,20260908,14.76,14200,209592.0,-0.13531799729363803,3.761909158487672,44.18809201623817
605008.SH,20260908,13.83,8100,112023.0,-0.2883922134102268,1.4780376766281609,43.26964671953864
605009.SH,20260908,24.96,100,2496.0,0.0,0.11478107028381551,20.66059265108679
605011.SH,20260908,16.83,5300,89199.0,0.0,1.8320461490204687,45.0
605016.SH,20260908,22.1,9600,212160.0,1.1441647597254079,0.9834401810156634,51.86498855835245
605018.SH,20260908,11.78,9200,108376.0,0.5119453924914641,3.6285818250290722,48.07167235494879
605020.SH,20260908,33.06,12500,413250.0,-0.3616636528028905,1.9629726033483224,42.83001808318266
605028.SH,20260908,25.08,3100,77748.0,-0.15923566878981443,2.037713797713739,44.044585987261115
605033.SH,20260908,20.53,23500,482455.0,0.7360157016683022,4.511181920780296,49.41609421000982
605050.SH,20260908,10.47,1000,10470.0,0.09560229445506607,0.9381791045739054,45.573613766730396
605055.SH,20260908,9.66,5600,54096.0,0.4158004158004269,2.0265459690012944,47.49480249480256
605056.SH,20260908,14.02,7700,107954.0,0.7907979870596549,1.4023753448504157,49.74478792235793
605058.SH,20260908,28.39,3100,88009.0,-0.5255781359495448,1.2892327800028687,41.846531184302734
605060.SH,20260908,40.5,19200,777600.0,0.5711447727837049,5.4022695909961564,48.42686863670223
605066.SH,20260908,6.97,6000,41820.0,0.4322766570605152,1.2030879833604473,47.59365994236309
605068.SH,20260908,22.1,187000,4132700.0,1.7495395948434744,17.96585649117976,55.49723756906084
605069.SH,20260908,10.66,5100,54366.0,0.0,2.128472578385781,45.0
605077.SH,20260908,11.54,35400,408516.0,1.316944688323085,1.6612644881649992,52.901668129938514
605080.SH,20260908,23.3,7600,177080.0,0.3445305770887197,2.491363692262896,47.06718346253232
605086.SH,20260908,24.72,3400,84048.0,-0.1615508885298933,2.979817627985326,44.030694668820644
605088.SH,20260908,22.06,158300,3492098.0,0.4096495220755614,14.664284075728133,47.45789713245337
605089.SH,20260908,21.83,1000,21830.0,0.1376146788990784,0.4277065941384957,45.825688073394474
605090.SH,20260908,33.12,19300,639216.0,0.0,3.26527264571447,45.0
605098.SH,20260908,54.31,2200,119482.0,-0.11035497517012383,2.4681031717610757,44.337870148979256
605099.SH,20260908,29.99,7800,233922.0,0.10013351134845472,5.611606099326114,45.60080106809073
605100.SH,20260908,33.81,13200,446292.0,-0.02956830277941469,4.154534318437033,44.82259018332351
605108.SH,20260908,13.53,27200,368016.0,-0.14760147601476925,5.97843441779314,44.114391143911384
605111.SH,20260908,55.15,11800,650770.0,0.0,1.4285182596285015,45.0
605116.SH,20260908,19.6101,2506,49143.0,0.15372829417774625,1.2177535548105318,45.92236976506648
605117.SH,20260908,84.85,8100,687285.0,-0.39910787651132873,0.36694370957227035,42.60535274093203
605118.SH,20260908,34.05,15600,531180.0,-0.9886594940389792,2.5398716528519607,39.068043035766124
605122.SH,20260908,11.85,4800,56880.0,0.3386960203217493,1.831115048623702,47.0321761219305
605123.SH,20260908,80.84,4500,363780.0,-0.0988630746416197,3.766766865274622,44.406821552150284
605128.SH,20260908,25.45,16400,417380.0,-0.039277297721918014,3.702083845324989,44.76433621366849
605133.SH,20260908,25.2,14100,355320.0,-0.11890606420927874,3.7987318701480293,44.286563614744324
605136.SH,20260908,8.71,9100,79261.0,0.23014959723821615,0.9407532340209869,46.380897583429295
605138.SH,20260908,6.4,122200,782080.0,3.8961038961039085,22.49936442920334,68.37662337662346
605151.SH,20260908,19.1,3200,61120.0,0.4734350341925264,3.0854352061383197,47.84061020515516
605155.SH,20260908,14.44,3100,44764.0,-0.06920415224913601,1.276264398852069,44.58477508650518
605158.SH,20260908,7.91,17000,134470.0,0.12658227848101333,2.304984661747229,45.75949367088608
605162.SH,20260908,10.15,127400,1293110.0,-1.0721247563352798,4.623666840373744,38.56725146198832
605166.SH,20260908,8.62,13000,112060.0,0.23255813953488857,2.9297629720837457,46.39534883720933
605167.SH,20260908,16.3,14800,241240.0,-0.244798041615657,2.7404533076012747,43.531211750306056
605168.SH,20260908,53.94,98000,5286120.0,2.762430939226501,9.451717391168224,61.57458563535901
605169.SH,20260908,12.81,6700,85827.0,0.07812499999999556,1.7195720526174982,45.46874999999997
605177.SH,20260908,20.0,67300,1346000.0,-0.24937655860349794,5.847819194641034,43.503740648379015
605178.SH,20260908,69.46,14800,1028008.0,0.44830079537236944,5.170561800455278,47.68980477223422
605179.SH,20260908,27.44,285500,7834120.0,0.036456434560716566,11.056455834687036,45.2187386073643
605180.SH,20260908,13.07,28700,375109.0,-1.2093726379440728,20.0752587390439,37.74376417233556
605183.SH,20260908,15.89,10100,160489.0,0.2523659305993853,1.8625227086673244,46.51419558359631
605186.SH,20260908,25.64,400,10256.0,0.0,0.3189775698991168,45.0
605188.SH,20260908,15.11,549800,8307478.0,1.5456989247311759,19.053101008137507,54.27419354838705
605189.SH,20260908,13.88,6800,94384.0,-0.3589375448671883,1.2537457187587093,42.84637473079687
605196.SH,20260908,34.8,13700,476760.0,0.8403361344537785,1.2370709530924366,50.04201680672267
605198.SH,20260908,66.33,5800,384714.0,0.04524886877828038,1.4759479798947521,45.27149321266968
605199.SH,20260908,6.06,7000,42420.0,-0.6557377049180357,6.818633354272528,41.06557377049179
605208.SH,20260908,15.25,62000,945500.0,0.8597883597883715,7.436068450649877,50.15873015873023
605218.SH,20260908,14.65,36500,534725.0,-1.8096514745308268,8.794837160438242,34.14209115281504
605222.SH,20260908,22.1,24400,539240.0,1.0054844606947055,1.7735294169786473,51.03290676416823
605228.SH,20260908,10.7,20500,219350.0,0.46948356807510194,5.946731276878562,47.81690140845061
605255.SH,20260908,65.96,4500,296820.0,1.0107197549770186,11.235511028379715,51.06431852986211
605258.SH,20260908,30.28,8100,245268.0,0.0,3.3808729827904487,45.0
605259.SH,20260908,17.68,1300,22984.0,-0.3943661971831047,2.076185643010068,42.63380281690137
605266.SH,20260908,16.05,1200,19260.0,0.0,0.8381027077897469,45.0
605268.SH,20260908,9.76,2300,22448.0,0.2053388090349051,0.9824875790688479,46.23203285420943
605277.SH,20260908,16.78,41800,701404.0,-0.11904761904761862,2.8603471640729,44.28571428571429
605286.SH,20260908,25.99,14000,363860.0,-0.5357826253348685,4.043104386352682,41.78530424799079
605287.SH,20260908,38.63,19900,768737.0,0.4942767950052218,5.092588062704144,47.965660770031334
605288.SH,20260908,70.37,49200,3462204.0,-0.08519096975720952,14.006672714209797,44.488854181456745
605289.SH,20260908,102.47,33640,3447091.0,-1.0047338421408591,8.592252502400683,38.97159694715484
605296.SH,20260908,36.66,25400,931164.0,0.5209761447765304,7.056497127617273,48.125856868659184
605298.SH,20260908,47.43,1100,52173.0,-1.0844629822732044,1.3762095512419452,38.493222106360776
605299.SH,20260908,13.29,114200,1517718.0,0.0,3.9954895335921914,45.0
605300.SH,20260908,10.48,147700,1547896.0,-0.09532888465204614,4.903745272929722,44.42802669208773
605303.SH,20260908,25.44,13100,333264.0,0.039323633503740574,5.8295874231878075,45.23594180102244
605305.SH,20260908,31.78,17700,562506.0,0.0,6.279336678265882,45.0
605318.SH,20260908,77.0,1200,92400.0,-0.5938548928479115,1.3330830099681281,41.43687064291253
605319.SH,20260908,25.95,1500,38925.0,0.0,0.5601027360079753,45.0
605333.SH,20260908,17.74,3800,67412.0,0.0,1.879777294408421,45.0
605336.SH,20260908,11.99,7700,92323.0,0.0,5.911953181311254,45.0
605337.SH,20260908,9.66,12300,118818.0,0.0,2.5248388013524456,45.0
605338.SH,20260908,19.55,6100,119255.0,0.05117707267145999,3.2392885294091847,45.30706243602876
605339.SH,20260908,14.07,34200,481194.0,-0.21276595744680327,11.212806433602674,43.72340425531918
605358.SH,20260908,42.79,95000,4065050.0,0.0,4.074888153239227,45.0
605365.SH,20260908,15.13,121700,1841321.0,-0.6565988181221227,11.446882501692892,41.060407091267265
605366.SH,20260908,7.9,41500,327850.0,0.0,2.7525346196819935,45.0
605368.SH,20260908,6.96,4600,32016.0,0.28818443804032867,1.0861298678318092,46.72910662824197
605369.SH,20260908,16.71,4100,68511.0,0.42067307692308376,3.495805732170286,47.5240384615385
605376.SH,20260908,137.32,35600,4888592.0,0.08746355685131935,4.578938023878759,45.52478134110792
605377.SH,20260908,8.17,11200,91504.0,-0.12224938875304847,2.2635564468328306,44.26650366748171
605378.SH,20260908,14.41,1800,25938.0,0.3481894150417775,1.3909696052387719,47.08913649025067
605388.SH,20260908,6.49,96800,628232.0,0.0,6.35101672505911,45.0
605389.SH,20260908,,0,0.0,,0.0,0.0
605398.SH,20260908,26.7,551500,14725050.0,-4.608788853161839,32.800203786918466,17.34726688102897
605399.SH,20260908,11.31,9200,104052.0,-0.08833922261484162,2.762181903901809,44.46996466431095
605488.SH,20260908,30.6,200000,6120000.0,2.2044088176352616,16.315130346908084,58.22645290581157
605499.SH,20260908,121.02,13607,1646719.0,-0.7870142646335565,4.007599003418708,40.27791441219866
605500.SH,20260908,7.37,6500,47905.0,0.4087193460490468,1.3039679195310931,47.45231607629428
605507.SH,20260908,15.42,6300,97146.0,0.06489292667100077,2.438824593291367,45.389357560026006
605555.SH,20260908,12.6,3500,44100.0,-0.07930214115781098,0.9163545347019721,44.524187153053134
605566.SH,20260908,28.32,9700,274704.0,0.17686593562080688,3.128436660625732,46.06119561372484
605567.SH,20260908,9.72,23100,224532.0,0.3095975232198178,6.833273536762595,46.85758513931891
605577.SH,20260908,18.18,2792800,50773104.0,6.253652834599643,40.673366246016414,82.52191700759786
605580.SH,20260908,24.02,1315906,31608062.0,-1.5977058582548165,35.69972702254115,35.4137648504711
605588.SH,20260908,46.02,3400,156468.0,-0.04344048653344146,3.75163742112787,44.73935708079935
605589.SH,20260908,38.18,80400,3069672.0,0.15739769150053817,3.910809671572388,45.94438614900323
605598.SH,20260908,25.62,2100,53802.0,0.07812499999999556,0.7804763525616604,45.46874999999997
605599.SH,20260908,14.61,16300,238143.0,0.2057613168724215,1.9511686180332886,46.23456790123453
688001.SH,20260908,58.0,252816,14663328.0,-0.4462753175420442,9.584285851065628,42.32234809474774
688002.SH,20260908,181.0,22421,4058201.0,-0.26449195503636114,2.7823742995460816,43.41304826978183
688003.SH,20260908,80.53,6309,508064.0,0.03726708074534013,1.3537495143735632,45.22360248447204
688004.SH,20260908,21.4199,3403,72892.0,-0.7418906394810021,2.100315629388744,40.54865616311399
688005.SH,20260908,24.63,6797,167410.0,0.040617384240437815,0.955323593940257,45.24370430544263
688006.SH,20260908,20.6,6580,135548.0,0.1945525291829009,0.9108700229307437,46.16731517509741
688007.SH,20260908,10.77,18453,198739.0,0.5602240896358524,5.185261718231241,48.361344537815114
688008.SH,20260908,197.82,155632,30787122.0,0.0,5.720410573795255,45.0
688009.SH,20260908,4.90999,29653,145596.0,-0.00020366598778576162,1.6249836674051878,44.99877800407329
688010.SH,20260908,27.75,18921,525058.0,1.83486238532109,3.905390415086953,56.00917431192654
688011.SH,20260908,80.3201,3696,296863.0,0.4252313078269454,1.803674828505437,47.551387846961674
688012.SH,20260908,342.01,58387,19968938.0,-0.5784883720930223,3.729957755800704,41.52906976744187
688013.SH,20260908,23.9299,3982,95289.0,-0.08392484342379936,4.014863704711913,44.496450939457205
688015.SH,20260908,16.8301,1395,23478.0,0.7790419161676887,0.9971724694263939,49.67425149700613
688016.SH,20260908,86.8003,746,64753.0,-0.01117382790002397,0.8372740499222373,44.93295703259986
688017.SH,20260908,295.3,25322,7477587.0,0.11526986710064246,4.817204829251857,45.69161920260385
688018.SH,20260908,113.28,5637,638559.0,-0.4656884280818896,1.9478488936284233,42.20586943150866
688019.SH,20260908,224.0,44593,9988832.0,1.9804234008650168,7.509660631563112,56.8825404051901
688020.SH,20260908,141.05,51581,7275500.0,-1.3636363636363558,8.785314085707382,36.81818181818187
688021.SH,20260908,20.4101,7072,144340.0,-0.6324245374878301,7.6606984620858585,41.20545277507302
688022.SH,20260908,9.44,16000,151040.0,-0.5268703898840932,6.19097256678567,41.83877766069544
688023.SH,20260908,42.03,10161,427067.0,-0.07132667617689714,3.870117659852356,44.572039942938616
688025.SH,20260908,409.64,9913,4060761.0,0.7724477244772432,3.8931781834772123,49.63468634686346
688026.SH,20260908,21.42,48345,1035550.0,-1.2903225806451535,5.026353200652656,37.25806451612908
688027.SH,20260908,365.0,1800,657000.0,-0.2541469679993469,1.6444980569166636,43.47511819200392
688028.SH,20260908,102.5,23855,2445138.0,-0.5819592628515946,1.588603386857711,41.508244422890435
688029.SH,20260908,76.4899,3280,250887.0,-0.07851077726974687,2.666653090017098,44.52893533638152
688030.SH,20260908,16.7799,3108,52152.0,0.17850746268657236,1.4444681594647204,46.071044776119436
688031.SH,20260908,115.58,50785,5869730.0,-1.2136752136752138,6.992768061122511,37.717948717948715
688032.SH,20260908,71.4,1400,99960.0,-0.37672666387609244,2.689641160270728,42.739640016743444
688033.SH,20260908,6.62002,4366,28903.0,0.15158850226928422,1.779039622671008,45.909531013615705
688035.SH,20260908,68.66,35281,2422393.0,-0.5792064871126601,4.9942205090303045,41.52476107732404
688036.SH,20260908,54.77,19338,1059142.0,-0.054744525547434364,3.226790879570825,44.671532846715394
688037.SH,20260908,338.03,6363,2150885.0,-0.5618638583279489,2.133563373454428,41.62881685003231
688038.SH,20260908,18.42,9708,178821.0,-0.6472491909384925,5.2065778725230025,41.11650485436905
688039.SH,20260908,34.55,43524,1503754.0,3.412152050284356,3.66395278801493,65.47291230170615
688041.SH,20260908,246.0,126927,31224042.0,1.3555271723455942,7.257084418673291,53.13316303407356
688045.SH,20260908,55.68,9565,532579.0,0.7965242577842035,6.83383831863703,49.77914554670522
688046.SH,20260908,31.31,20514,642293.0,0.2882767456758417,1.3815742533701434,46.72966047405505
688047.SH,20260908,103.8,51488,5344454.0,-1.5927189988623525,13.252525221667037,35.443686006825885
688048.SH,20260908,305.0,200654,61199470.0,1.6666666666666607,12.299464784958738,54.999999999999964
688049.SH,20260908,41.66,7171,298744.0,-0.43021032504781953,1.389588503578531,42.418738049713085
688050.SH,20260908,39.8,1800,71640.0,-0.15052684395384652,1.0925483293267635,44.096838936276924
688051.SH,20260908,25.41,2700,68607.0,0.11820330969267712,1.9638126297136211,45.70921985815606
688052.SH,20260908,241.29,4594,1108486.0,-0.5440830963274523,2.3451987877904705,41.735501422035284
688053.SH,20260908,39.34,500,19670.0,-0.1015744032503818,1.2543854066319553,44.39055358049771
688055.SH,20260908,3.68,57516,211659.0,-0.8086253369272156,9.028986870453304,40.14824797843671
688056.SH,20260908,41.2699,1319,54435.0,-0.1454149528187676,1.8715139893221076,44.127510283087396
688057.SH,20260908,19.17,12450,238667.0,1.001053740779767,3.261575582057187,51.0063224446786
688058.SH,20260908,24.8001,2982,73954.0,-0.200804828973844,2.4736095687890503,43.795171026156936
688059.SH,20260908,89.23,10204,910503.0,-0.11194447554012665,2.744844972028539,44.32833314675924
688060.SH,20260908,37.9,5061,191812.0,-0.05274261603376296,9.640013261978915,44.68354430379742
688061.SH,20260908,50.86,34126,1735648.0,-0.07858546168958425,8.94345677985347,44.52848722986249
688062.SH,20260908,27.08,4650,125922.0,-0.07380073800739018,0.5920939948958283,44.55719557195566
688063.SH,20260908,41.99,6024,252948.0,-0.023809523809514843,1.7517984176083041,44.85714285714291
688065.SH,20260908,40.4801,3885,157265.0,0.00024703557313099367,1.0244319846601952,45.001482213438784
688066.SH,20260908,8.08,55750,450460.0,-0.8588957055214785,7.672757162516086,39.84662576687113
688067.SH,20260908,23.2399,5110,118756.0,-0.3007293007292966,6.965951445753436,43.19562419562422
688068.SH,20260908,93.0,1738,161634.0,-0.34290612944705146,1.1970034877906297,42.94256322331769
688069.SH,20260908,37.1098,2713,100679.0,1.2545702592087427,1.615682119184893,52.52742155525246
688070.SH,20260908,34.71,6662,231238.0,-0.11510791366906581,4.490956530936411,44.3093525179856
688071.SH,20260908,34.06,916,31199.0,1.489868891537549,0.4294962832788379,53.9392133492253
688072.SH,20260908,648.95,5891,3822964.0,-0.4555773714566058,1.4503043625332344,42.266535771260365
688073.SH,20260908,59.19,10924,646592.0,-0.42059219380887747,1.340458705129769,42.47644683714674
688075.SH,20260908,29.7,200,5940.0,-0.30211480362537513,0.4130660151813582,43.18731117824775
688076.SH,20260908,28.7,6986,200498.0,-0.24330900243308973,5.288444254216811,43.54014598540146
688077.SH,20260908,27.5999,3854,106370.0,-0.0003623188405743605,2.872162237825078,44.99782608695655
688078.SH,20260908,27.13,13653,370406.0,0.22164758034723953,7.805693638652394,46.32988548208344
688079.SH,20260908,15.33,4000,61320.0,-0.6480881399870353,0.45300987049554475,41.11147116007779
688080.SH,20260908,37.0301,2524,93464.0,0.4342283699484639,2.406976254879481,47.60537021969078
688081.SH,20260908,26.45,3493,92390.0,-0.5639097744360999,2.182315951447001,41.6165413533834
688082.SH,20260908,281.05,4618,1297889.0,-0.12437810945272743,1.5390147536773084,44.25373134328363
688083.SH,20260908,52.73,19966,1052807.0,-0.827534323866852,7.600435133569034,40.03479405679889
688084.SH,20260908,45.63,2370,108143.0,-0.45811518324607725,1.681045863189762,42.25130890052354
688085.SH,20260908,13.3,4900,65170.0,-0.07513148009015147,2.248606671250599,44.54921111945909
688087.SH,20260908,36.79,400,14716.0,0.10884353741495989,0.2872759085398308,45.65306122448976
688088.SH,20260908,30.08,16444,494636.0,0.0,3.34348386941873,45.0
688089.SH,20260908,8.91997,12633,112686.0,0.4501126126125854,8.380527689297399,47.70067567567551
688090.SH,20260908,72.98,21984,1604392.0,2.0699300699300816,1.8119717889267675,57.41958041958049
688091.SH,20260908,39.8,4911,195458.0,-0.20060180541626726,2.7020124738425624,43.7963891675024
688092.SH,20260908,22.57,14741,332704.0,-0.5288673424416079,26.959084267557955,41.826795945350355
688093.SH,20260908,21.6,12329,266306.0,-0.6896551724137834,7.333013584796888,40.8620689655173
688095.SH,20260908,62.8,9539,599049.0,-1.2112631744533586,3.5202019647925034,37.73242095327985
688096.SH,20260908,8.16001,33630,274421.0,-0.12227662178703191,6.232493461606281,44.266340269277805
688097.SH,20260908,46.2,16936,782443.0,-0.388098318240615,2.430309706039973,42.67141009055631
688098.SH,20260908,8.37999,14366,120387.0,0.9637349397590311,7.749881486108833,50.782409638554185
688099.SH,20260908,91.09,4443,404713.0,-0.12061403508771829,0.43373550386655657,44.27631578947369
688100.SH,20260908,25.84,19793,511451.0,0.0,10.984404302604982,45.0
688101.SH,20260908,14.77,4500,66465.0,0.40788579197823527,2.2350288626916166,47.44731475186941
688102.SH,20260908,32.5,105466,3427645.0,0.06157635467980427,8.781589332742067,45.369458128078826
688103.SH,20260908,71.6998,1619,116082.0,-0.13955431754875125,1.2412465981522038,44.16267409470749
688105.SH,20260908,19.79,34382,680420.0,0.8664627930682789,2.5453921375005852,50.19877675840967
688106.SH,20260908,27.65,583218,16125978.0,5.979302414718268,23.004382666128077,80.8758144883096
688107.SH,20260908,29.88,14554,434874.0,0.13404825737264314,2.6315106643247383,45.80428954423586
688108.SH,20260908,16.16,14217,229747.0,-0.3084515731030302,1.963011610653987,43.14929056138182
688109.SH,20260908,70.17,1000,70170.0,-0.8478168715557399,1.6721006562178922,39.91309877066556
688110.SH,20260908,115.6,67274,7776874.0,-0.3963467172152457,4.1729953247153535,42.621919696708524
688111.SH,20260908,239.0,23045,5507755.0,-0.22126664718407074,4.48933925800542,43.672400116895574
688112.SH,20260908,69.17,10623,734793.0,-0.5749604714675782,2.6438908960034784,41.55023717119453
688113.SH,20260908,36.07,600,21642.0,0.02773155851358844,1.019507586597729,45.166389351081534
688114.SH,20260908,57.39,19256,1105102.0,0.297098916462768,1.7893083470974844,46.782593498776606
688115.SH,20260908,59.8,400,23920.0,-0.5488109096956628,0.22135683503775166,36.55136484862132
688116.SH,20260908,34.5,7900,272550.0,-0.28901734104046506,1.7738534739887089,43.26589595375721
688117.SH,20260908,23.61,13871,327494.0,0.21222410865875396,3.1277539661936227,46.27334465195253
688118.SH,20260908,20.61,9290,191467.0,0.048543689320368344,4.813597934608056,45.29126213592221
688119.SH,20260908,3.92999,68794,270360.0,0.5112531969309497,7.272667603770887,48.067519181585695
688120.SH,20260908,246.89,18494,4565984.0,0.28025995125913195,3.3369030086760105,46.68155970755479
688121.SH,20260908,1.72,121938,209733.0,-0.5780346820809301,28.362304220003843,41.53179190751442
688122.SH,20260908,49.16,6380,313641.0,0.04070004070002575,1.3086243884341955,45.24420024420016
688123.SH,20260908,138.0,28005,3864690.0,0.1524058349662516,3.857002985336219,45.91443500979751
688125.SH,20260908,122.75,2218,272260.0,0.1386849404470647,3.8364039336822637,45.83210964268239
688126.SH,20260908,23.1,125536,2899882.0,-0.12970168612190802,3.5932413232741793,44.22178988326855
688127.SH,20260908,69.0,48520,3347880.0,0.1306051371354089,6.068833710840224,45.783630822812455
688128.SH,20260908,22.08,20037,442417.0,-0.04526935264826948,15.14333917034599,44.728383884110386
688129.SH,20260908,21.5801,5594,120719.0,-1.144754924415925,6.059527621977113,38.13147045350445
688130.SH,20260908,22.9201,5429,124433.0,-0.9930885529157552,4.29512303178739,39.04146868250547
688131.SH,20260908,89.08,6726,599152.0,0.03368893879842627,1.0641742211801732,45.202133632790556
688132.SH,20260908,16.16,3225,52116.0,0.18598884066955979,1.5332325868469203,46.11593304401736
688133.SH,20260908,21.0,8700,182700.0,0.4784688995215447,2.210377967736394,47.87081339712927
688135.SH,20260908,29.59,67777,2005521.0,0.3390979993218135,3.141817718200375,47.03458799593088
688136.SH,20260908,21.0,17104,359184.0,-0.4739336492891044,2.3106277561148563,42.15639810426537
688137.SH,20260908,61.0,33762,2059482.0,-0.9257755400357337,3.431217725622768,39.4453467597856
688138.SH,20260908,34.4399,5953,205021.0,0.407871720116626,1.0952997312735657,47.44723032069976
688139.SH,20260908,31.48,10207,321316.0,-0.06349206349206549,2.9522367408745582,44.619047619047606
688141.SH,20260908,120.08,8352,1002908.0,-0.36508463325588547,1.172909423866458,42.80949220046469
688143.SH,20260908,183.84,128404,23605791.0,1.4569536423841178,8.444937618953384,53.74172185430471
688146.SH,20260908,236.0,79428,18745008.0,0.8503910089312505,7.809774082872258,50.1023460535875
688147.SH,20260908,106.18,17770,1886819.0,0.33071907776622833,2.4551993448832103,46.98431446659737
688148.SH,20260908,6.10001,49787,303701.0,0.4943986820428403,4.664680321156269,47.96639209225704
688150.SH,20260908,39.19,8335,326649.0,1.0311936065996452,1.3239331803751135,51.187161639597875
688151.SH,20260908,16.28,6251,101766.0,-0.30618493570114813,2.6455856563014404,43.16289038579311
688152.SH,20260908,36.83,19471,717117.0,0.931762126610014,3.355801555731626,50.590572759660084
688153.SH,20260908,25.25,11618,293355.0,-0.2370604504148499,4.542307142089911,43.577637297510904
688155.SH,20260908,50.2099,4359,218865.0,0.019721115537829625,2.2873309944412,45.118326693226976
688156.SH,20260908,23.4,16216,379454.0,-1.2658227848101333,1.9859614391745781,37.4050632911392
688157.SH,20260908,19.99,19004,379890.0,0.5533199195171035,8.25654246064265,48.31991951710262
688158.SH,20260908,29.82,60914,1816455.0,-0.4008016032064132,5.41697706207216,42.59519038076152
688159.SH,20260908,34.7999,3338,116162.0,0.5196418255343893,1.2552293975974074,48.117850953206336
688160.SH,20260908,100.72,5174,521125.0,0.49890241468768526,5.135885603779294,47.99341448812611
688161.SH,20260908,22.6,2320,52432.0,-0.04422821760282636,2.4617263804649956,44.73463069438304
688162.SH,20260908,24.2899,6367,154654.0,0.5792960662525992,8.047676396965556,48.475776397515595
688163.SH,20260908,34.48,2744,94613.0,-0.49062049062049695,4.144662307688466,42.05627705627702
688165.SH,20260908,15.6,11799,184064.0,0.12836970474967568,3.275047671850415,45.77021822849805
688166.SH,20260908,37.48,34332,1286763.0,0.6174496644295147,2.4801503100653846,48.70469798657709
688167.SH,20260908,311.0,81846,25454106.0,-1.644528779253629,8.635676216958537,35.13282732447823
688168.SH,20260908,36.16,7600,274816.0,-0.05527915975678255,2.1734998535899317,44.668325041459305
688169.SH,20260908,128.87,10299,1327232.0,0.28793774319066934,3.0858704331581785,46.72762645914402
688170.SH,20260908,65.5,107612,7048586.0,-0.7274931797514483,10.737327740217342,40.63504092149131
688171.SH,20260908,24.6899,2693,66490.0,-0.28311793214862435,2.5224682342187443,43.30129240710826
688172.SH,20260908,45.16,35510,1603632.0,0.11084016847704437,3.3759235185431256,45.66504101086227
688173.SH,20260908,12.87,15482,199253.0,0.8620689655172376,2.7014162949716165,50.17241379310342
688175.SH,20260908,18.3199,1091,19987.0,-0.0005458515283884857,0.5778568504572563,44.99672489082967
688176.SH,20260908,13.18,27563,363280.0,0.3044140030441289,1.6496673984348695,46.82648401826477
688177.SH,20260908,17.54,15197,266555.0,1.5634047481181135,6.578779311947375,54.38042848870868
688178.SH,20260908,28.89,5300,153117.0,0.0,7.799483335230776,45.0
688179.SH,20260908,19.09,10728,204798.0,0.15739769150053817,1.17998685189115,45.94438614900323
688180.SH,20260908,32.6,17390,566914.0,-0.5187671650900283,2.007509280331468,41.88739700945983
688181.SH,20260908,39.0,110060,4292340.0,-0.2557544757033292,14.13272726076635,43.465473145780024
688182.SH,20260908,27.57,7040,194093.0,0.21810250817884125,1.2525406244195054,46.30861504907305
688183.SH,20260908,130.28,67102,8742049.0,-1.993530429549395,3.3063020388392776,33.03881742270363
688184.SH,20260908,10.96,1000,10960.0,-0.7246376811594013,1.2453120421333606,40.65217391304359
688185.SH,20260908,68.01,40503,2754609.0,0.014705882352950006,3.3126692803076088,45.0882352941177
688186.SH,20260908,14.13,6608,93371.0,0.5693950177936058,2.337703475917781,48.41637010676163
688187.SH,20260908,46.63,4687,218555.0,-0.2993371819542401,1.738256984650687,43.20397690827456
688188.SH,20260908,102.5,27006,2768115.0,1.1846001974333609,10.16174520899492,52.10760118460016
688189.SH,20260908,6.76,7200,48672.0,0.1481481481481417,2.7106454484998252,45.88888888888885
688190.SH,20260908,75.4,59133,4458628.0,-1.049868766404194,38.878963951266634,38.700787401574836
688191.SH,20260908,20.0799,1665,33433.0,-0.10000000000001119,0.3926939774700096,44.399999999999935
688192.SH,20260908,56.5001,8861,500647.0,-0.24699858757061266,2.1106378674639807,43.51800847457633
688193.SH,20260908,47.0099,2322,109157.0,-0.14889549702633564,5.469724772481056,44.10662701784199
688195.SH,20260908,200.0,122221,24444200.0,-1.9607843137254943,9.567259231229809,33.23529411764703
688196.SH,20260908,35.0701,4853,170195.0,-0.8759185980780293,0.9721391749616841,39.744488411531826
688197.SH,20260908,,0,0.0,,0.0,0.0
688198.SH,20260908,70.6399,636,44927.0,-0.47914905607214786,1.8717993083837585,42.12510566356711
688199.SH,20260908,23.4,34706,812120.0,0.6018916595012858,13.268492884351618,48.61134995700772
688200.SH,20260908,379.82,6716,2550871.0,0.0026328953950605083,1.3635744656157922,45.015797372370365
688201.SH,20260908,,0,0.0,,0.0,0.0
688202.SH,20260908,91.42,28128,2571462.0,-0.08743169398907069,2.9500181495622475,44.47540983606557
688203.SH,20260908,15.6,122036,1903762.0,-0.700190961171232,14.605385680444614,40.79885423297261
688205.SH,20260908,210.04,123559,25952332.0,-1.8642246414054098,8.138845730164967,33.81465215156754
688206.SH,20260908,40.0,43582,1743280.0,0.0,5.997128562679851,45.0
688207.SH,20260908,18.77,31005,581964.0,2.010869565217388,2.1071394092947044,57.06521739130433
688208.SH,20260908,27.14,162208,4402325.0,-0.586080586080584,9.422949777968498,41.483516483516496
688209.SH,20260908,33.75,167164,5641785.0,0.41654269562629853,7.198583656717764,47.49925617375779
688210.SH,20260908,32.32,10535,340491.0,-0.06184291898578831,1.815975844973495,44.62894248608527
688211.SH,20260908,,0,0.0,,0.0,0.0
688212.SH,20260908,30.8798,1040,32115.0,-0.38774193548387625,0.9670501051198369,42.673548387096744
688213.SH,20260908,92.28,7637,704742.0,-0.1082485386447174,1.7472256456553639,44.3505087681317
688215.SH,20260908,47.9899,3369,161678.0,0.502408376963337,2.8789430259422364,48.01445026178002
688216.SH,20260908,30.55,16745,511560.0,0.42735042735042583,5.3896321834158964,47.564102564102555
688217.SH,20260908,24.79,10700,265253.0,0.8543531326281606,17.221322229401387,50.12611879576896
688218.SH,20260908,40.57,700,28399.0,0.7449714427613552,0.355323240488397,49.46982865656813
688219.SH,20260908,10.49,12583,131996.0,0.19102196752625034,3.6600069897160674,46.1461318051575
688220.SH,20260908,93.6,10266,960898.0,-0.27700831024931594,1.1289873943295736,43.337950138504105
688221.SH,20260908,16.97,14281,242349.0,-0.35231943628891704,0.9922634413109026,42.8860833822665
688222.SH,20260908,31.66,12565,397808.0,0.22158911047800434,0.6259337768993546,46.32953466286803
688223.SH,20260908,4.04,164794,665768.0,0.2481389578163684,3.2303898789087553,46.48883374689821
688225.SH,20260908,13.1,47445,621530.0,-0.1524390243902385,8.351804734528494,44.08536585365857
688226.SH,20260908,29.0,14090,408610.0,0.34602076124568004,4.394767932032006,47.07612456747408
688227.SH,20260908,73.3099,3240,237524.0,-0.054669393319695114,1.6708917902003324,44.67198364008183
688228.SH,20260908,81.0504,912,73918.0,-0.18423645320198023,0.6855788155756443,43.89458128078812
688229.SH,20260908,65.5004,1409,92290.0,-0.9071104387291862,2.5022857861436867,39.55733736762488
688230.SH,20260908,59.1999,1861,110171.0,-0.017057929403818672,1.6993311279299372,44.897652423577085
688231.SH,20260908,33.2,8820,292824.0,0.60606060606061,2.604195500676515,48.63636363636366
688232.SH,20260908,18.1699,1595,28981.0,0.16482910694597397,1.0230898974100056,45.988974641675846
688233.SH,20260908,98.19,16424,1612673.0,0.904326379611553,3.1537486273082704,50.42595827766932
688234.SH,20260908,100.01,28675,2867787.0,0.0,4.4096090278498785,45.0
688235.SH,20260908,264.01,6733,1777579.0,-0.38486209108402614,1.9069054966860246,42.69082745349584
688236.SH,20260908,13.92,5000,69600.0,-0.35790980672870676,2.991813907111658,42.85254115962776
688237.SH,20260908,57.51,2053,118068.0,-0.9984506799793569,1.1805675745498756,39.00929592012386
688238.SH,20260908,6.45003,8075,52084.0,-0.1543343653250817,0.3918720335118153,44.07399380804951
688239.SH,20260908,53.7301,5464,293581.0,-0.5366530914476142,0.8084074751910785,41.78008145131432
688244.SH,20260908,14.9899,7361,110341.0,0.8741588156123914,4.419335108767967,50.24495289367435
688246.SH,20260908,17.15,8140,139601.0,0.058343057176180046,5.294848706660921,45.35005834305708
688247.SH,20260908,9.02001,10797,97389.0,0.11109877913428878,1.630277955620161,45.666592674805734
688248.SH,20260908,44.43,9200,408756.0,0.0,1.453446452133107,45.0
688249.SH,20260908,35.8,69011,2470594.0,-0.5002779321845452,4.476632215715693,41.99833240689273
688251.SH,20260908,20.2801,7027,142508.0,1.4005000000000045,5.975464317830229,53.40300000000003
688252.SH,20260908,21.45,8492,182153.0,-0.13966480446927498,2.0868193516581885,44.162011173184354
688253.SH,20260908,56.61,400,22644.0,-0.3345070422535179,0.4569059076093639,42.99295774647889
688255.SH,20260908,26.18,7217,188941.0,0.038211692777978534,3.4356832016455696,45.22927015666787
688256.SH,20260908,1093.0,52599,57490707.0,0.05675680623957735,6.189136282761332,45.340540837437466
688257.SH,20260908,52.69,16701,879976.0,-0.2083333333333326,1.2069667251320835,43.75000000000001
688258.SH,20260908,94.48,9782,924203.0,-0.5368986209074555,2.815311289728694,41.77860827455527
688259.SH,20260908,31.58,2300,72634.0,0.25396825396823974,2.7372780954929956,46.52380952380944
688260.SH,20260908,94.0,31673,2977262.0,0.0,8.143715699975699,45.0
688261.SH,20260908,67.56,8915,602297.0,-0.5446783453555204,3.2896747317498036,41.73192992786688
688262.SH,20260908,27.42,17976,492902.0,-0.07288629737609575,2.6866257348442084,44.56268221574342
688265.SH,20260908,38.3299,4028,154393.0,-1.0074896694214797,2.356891465432719,38.955061983471126
688266.SH,20260908,116.44,1864,217044.0,-0.6145442130419898,0.7044653712705569,41.31273472174806
688267.SH,20260908,19.65,1300,25545.0,0.20397756246812726,1.0908013442156976,46.22386537480877
688268.SH,20260908,137.8,61716,8504465.0,3.702588801926554,14.251473382938384,67.21553281155933
688269.SH,20260908,26.78,6000,160680.0,-0.26070763500931626,3.234840284793986,43.435754189944106
688270.SH,20260908,56.28,23527,1324100.0,-0.01776514478593061,6.108130836448526,44.893409131284415
688271.SH,20260908,107.24,3100,332444.0,0.0,1.0235223630941856,45.0
688272.SH,20260908,28.27,5600,158312.0,0.0707964601769806,4.915377463681126,45.42477876106189
688273.SH,20260908,28.8697,1335,38541.0,-0.24291637871457494,1.8872767743467076,43.54250172771255
688275.SH,20260908,71.4799,2434,173982.0,0.49191620975679307,1.0322181311106404,47.951497258540755
688276.SH,20260908,16.1499,3195,51599.0,-0.06250000000000977,1.1464711234877092,44.62499999999994
688277.SH,20260908,15.29,31850,486987.0,0.5259697567389754,5.697187545142935,48.155818540433856
688278.SH,20260908,57.13,3500,199955.0,0.017507002801120386,1.9843692970657456,45.10504201680672
688279.SH,20260908,188.66,1640,309402.0,-0.2432318104906961,1.7295266827544404,43.540609137055824
688280.SH,20260908,5.34011,4084,21809.0,0.00205992509363373,0.52648912121243,45.012359550561804
688281.SH,20260908,49.6599,2564,127328.0,-0.14096119042830146,0.7330908539529097,44.15423285743019
688282.SH,20260908,55.0,3800,209000.0,0.6588579795022032,9.323049786379489,48.95314787701322
688283.SH,20260908,27.3799,4235,115954.0,0.809646539027975,5.994533504900149,49.857879234167854
688285.SH,20260908,7.55,2400,18120.0,-0.26420079260238705,0.9975053558110413,43.41479524438568
688286.SH,20260908,48.2699,3853,185984.0,0.02051388313302205,1.1729529625011952,45.123083298798136
688288.SH,20260908,18.91,10300,194773.0,0.052910052910060124,8.484128255636607,45.31746031746036
688289.SH,20260908,16.04,33863,543163.0,1.0712035286704502,6.171414347511518,51.4272211720227
688290.SH,20260908,,0,0.0,,0.0,0.0
688292.SH,20260908,18.26,1369,24998.0,-0.4362050163576825,0.479881213370376,42.382769901853905
688293.SH,20260908,56.64,13172,746062.0,-0.4744333157617242,1.4017935506388475,42.153400105429654
688295.SH,20260908,38.3,28408,1088026.0,0.7364544976327991,6.296155999277348,49.418726985796795
688296.SH,20260908,23.66,13070,309236.0,-0.042247570764686326,4.372493037629605,44.74651457541188
688297.SH,20260908,43.49,39987,1739035.0,0.0,2.8272413623739228,45.0
688298.SH,20260908,19.0,2438,46322.0,-0.36706869428422273,1.570542452519927,42.79758783429466
688299.SH,20260908,12.91,9811,126660.0,-0.07739938080495445,2.3927047780119306,44.535603715170275
688300.SH,20260908,175.0,117933,20638275.0,-0.2849002849002802,8.922032114874975,43.29059829059832
688301.SH,20260908,93.0498,2809,261377.0,-0.9476261443474465,0.9432366426488848,39.31424313391532
688302.SH,20260908,31.13,6294,195932.0,0.3869719445340092,5.002499053791035,47.32183166720405
688303.SH,20260908,17.05,12862,219297.0,-0.2340550029256816,1.9289026656858361,43.59566998244591
688305.SH,20260908,57.42,9837,564841.0,0.13951866062085205,5.019459345894798,45.837111963725114
688306.SH,20260908,8.57001,60324,516977.0,-0.11643356643357139,10.339681033249294,44.301398601398574
688307.SH,20260908,47.35,10491,496749.0,0.12687671812223744,3.6370205611088737,45.761260308733426
688308.SH,20260908,88.1,31667,2789863.0,0.6742086618672039,4.19188596798656,49.04525197120322
688309.SH,20260908,78.4,8788,688979.0,-0.46972197537131777,4.027724237973876,42.18166814777209
688310.SH,20260908,15.01,10072,151181.0,0.0,8.954576408039781,45.0
688311.SH,20260908,23.2699,7624,177410.0,-0.04338487972509464,2.469623258074113,44.73969072164943
688312.SH,20260908,50.13,33144,1661509.0,-0.7326732673267222,4.023078500282039,40.60396039603967
688313.SH,20260908,155.22,89222,13849039.0,0.20011619650119883,5.057189746027565,46.20069717900719
688314.SH,20260908,31.2397,1402,43798.0,-0.9835182250396257,2.1193954491985534,39.09889064976225
688315.SH,20260908,13.8,18190,251022.0,0.0,3.4627427601015426,45.0
688316.SH,20260908,46.5399,5721,266255.0,0.02127659574469032,5.1382495091351155,45.12765957446814
688317.SH,20260908,16.9299,2025,34283.0,0.29561611374409047,1.8194042651743905,46.773696682464546
688318.SH,20260908,85.96,25559,2197052.0,-0.0465116279069866,3.3602491741522797,44.72093023255808
688319.SH,20260908,27.3,20119,549249.0,-0.36496350364962904,2.571457191754078,42.81021897810223
688320.SH,20260908,33.24,1800,59832.0,-0.6871825515386787,0.6848096275132133,40.87690469076793
688321.SH,20260908,25.35,14788,374876.0,0.0,2.3346383130055357,45.0
688322.SH,20260908,95.91,29787,2856871.0,0.12527403695583583,4.664990615687217,45.75164422173501
688323.SH,20260908,25.42,13798,350745.0,-0.7418976962124124,1.8167320281696047,40.54861382272553
688325.SH,20260908,,0,0.0,,0.0,0.0
688326.SH,20260908,60.1999,6062,364932.0,-0.13287989382879672,5.253459799563461,44.20272063702722
688327.SH,20260908,10.19,24484,249492.0,-0.19588638589619345,1.8112476685609296,43.82468168462284
688328.SH,20260908,79.59,36439,2900180.0,-0.20062695924764062,6.05229386159089,43.79623824451416
688329.SH,20260908,22.1999,2872,63758.0,-0.00045045045045100096,3.522518277366022,44.997297297297294
688330.SH,20260908,36.52,12834,468698.0,-0.4090537223888746,10.652208389266946,42.54567766566675
688331.SH,20260908,122.37,4570,559231.0,-0.3095723014256535,0.9761377315430891,43.14256619144608
688332.SH,20260908,99.88,31507,3146919.0,1.3701410737846365,6.244046189884649,53.22084644270782
688333.SH,20260908,110.8,67262,7452630.0,-0.18018018018017834,3.183265979049072,43.91891891891893
688334.SH,20260908,18.2601,2884,52662.0,0.11019736842106109,2.6180608114745656,45.661184210526365
688335.SH,20260908,19.58,2345,45915.0,0.41025641025640436,1.0444596788177867,47.461538461538424
688336.SH,20260908,41.8,1200,50160.0,-0.23866348448687846,0.24717518213339335,43.05955187708953
688337.SH,20260908,42.7,9168,391474.0,0.21121802393804234,2.759963744851612,46.267308143628256
688338.SH,20260908,29.81,2500,74525.0,-0.8976063829787218,1.871307197154197,39.61436170212767
688339.SH,20260908,18.15,22470,407831.0,1.340033500837512,5.874701395046217,53.04020100502507
688343.SH,20260908,56.19,13111,736707.0,-0.08890469416785729,1.893283288628809,44.466571834992855
688345.SH,20260908,53.5401,2159,115593.0,0.9048247267244625,2.13505459199739,50.42894836034677
688347.SH,20260908,228.78,35390,8096524.0,0.021859834739657025,2.8311180768690574,45.13115900843794
688348.SH,20260908,31.51,4047,127521.0,0.0952986022871638,6.4116345718739005,45.57179161372298
688349.SH,20260908,12.88,7558,97347.0,-0.15503875968991832,1.1758155159985955,44.06976744186049
688350.SH,20260908,27.8,5341,148480.0,1.831501831501825,2.227975424566766,55.98901098901095
688351.SH,20260908,17.96,51421,923521.0,-0.05564830272675181,18.659804702256803,44.66611018363949
688352.SH,20260908,17.08,47797,816373.0,-0.4662004662004726,1.7730288512087962,42.202797202797164
688353.SH,20260908,83.13,4717,392124.0,0.30164092664093367,1.9528884754678533,46.8098455598456
688355.SH,20260908,17.08,2675,45689.0,-0.05851375073142595,2.993263470209727,44.64891749561144
688356.SH,20260908,80.45,34266,2756700.0,0.012431626056685907,4.690364363827414,45.07458975634012
688357.SH,20260908,26.9303,1147,30889.0,2.3965779467680637,2.610873808892895,59.379467680608386
688358.SH,20260908,28.0498,1265,35483.0,-0.6383280198370533,2.0665443229873137,41.17003188097768
688359.SH,20260908,97.87,8082,790985.0,1.1158177497675448,1.774231474651699,51.69490649860527
688360.SH,20260908,14.95,13300,198835.0,0.0,5.812131993551189,45.0
688361.SH,20260908,313.0,14808,4634904.0,-0.3660671653668568,1.8721685333440652,42.80359700779886
688362.SH,20260908,61.6,78758,4851493.0,1.1328189131505573,4.225941994578128,51.79691347890334
688363.SH,20260908,35.1702,2350,82650.0,0.0005686664771076266,1.1410221197457502,45.003411998862646
688365.SH,20260908,15.3,30947,473489.0,0.19646365422396617,2.6267803958630602,46.1787819253438
688366.SH,20260908,30.2999,1414,42844.0,0.3640278237827088,4.383320138902673,47.18416694269625
688367.SH,20260908,30.0,1791,53730.0,-0.09990009990010762,1.238083247122983,44.400599400599354
688368.SH,20260908,150.0,10456,1568400.0,-0.4644990046449804,3.5260492191777133,42.21300597213012
688369.SH,20260908,20.0099,3927,78579.0,-0.20000000000001128,1.5952264241393594,43.79999999999993
688370.SH,20260908,,0,0.0,,0.0,0.0
688371.SH,20260908,26.22,7390,193766.0,-0.981873111782483,1.186728210729995,39.1087613293051
688372.SH,20260908,116.3,14956,1739383.0,-0.40250064228826155,2.4005724321245347,42.58499614627043
688373.SH,20260908,5.59,67692,378398.0,-0.5338078291814985,8.56087667279317,41.79715302491101
688375.SH,20260908,72.55,7854,569808.0,0.06896551724138167,3.700552051229157,45.41379310344829
688376.SH,20260908,64.71,800,51768.0,-0.2927580893682724,0.7692045607910754,43.243451463790365
688377.SH,20260908,18.3001,5159,94410.0,0.0552214324767597,3.539363980678919,45.33132859486056
688378.SH,20260908,44.61,27403,1222448.0,-0.6458797327394183,3.7425276720873115,41.124721603563486
688379.SH,20260908,58.9,11386,670635.0,0.1189869114397446,3.1789957561720894,45.71392146863847
688380.SH,20260908,39.36,31738,1249208.0,0.7938540332906641,4.613951502745738,49.763124199743984
688381.SH,20260908,39.0,106777,4164303.0,2.4428684003152012,11.591094407393248,59.657210401891206
688382.SH,20260908,19.3701,4615,89393.0,0.571651090342673,0.5122212378604089,48.42990654205604
688383.SH,20260908,129.5,3100,401450.0,0.023171391055853974,1.4951734779636794,45.139028346335124
688385.SH,20260908,54.97,21443,1178722.0,0.036396724294807115,2.154732722678938,45.21838034576884
688386.SH,20260908,48.63,6500,316095.0,0.0,3.0459484496339684,45.0
688387.SH,20260908,12.63,316175,3993290.0,1.6090104585679832,6.9039446568811655,54.6540627514079
688388.SH,20260908,27.61,186590,5151750.0,-0.4686373467916338,7.587570046946613,42.1881759192502
688389.SH,20260908,,0,0.0,,0.0,0.0
688390.SH,20260908,60.4001,6664,402506.0,-0.19811632518176303,1.2021605079816726,43.811302048909425
688391.SH,20260908,25.92,1400,36288.0,0.0,1.3231046493083563,45.0
688392.SH,20260908,171.9,11900,2045610.0,-0.5783689994216301,3.8839455036123907,41.52978600347022
688393.SH,20260908,20.11,1754,35273.0,-0.5440158259149341,1.3442030106671938,41.735905044510396
688395.SH,20260908,23.1602,1361,31521.0,0.5217013888888955,1.7611556479760455,48.13020833333337
688396.SH,20260908,57.78,22724,1312993.0,-0.24171270718231774,1.6940116285809514,43.54972375690609
688398.SH,20260908,20.4702,1495,30603.0,0.29495345418910635,0.9243867468863076,46.76972072513464
688399.SH,20260908,27.11,17632,478004.0,1.1567164179104417,17.60776302830951,51.94029850746265
688400.SH,20260908,45.08,66101,2979833.0,-0.13291980505095724,3.2101751639536955,44.20248116969426
688401.SH,20260908,65.3998,2451,160295.0,-0.1529770992366397,0.6875650113425171,44.08213740458016
688403.SH,20260908,25.88,374586,9694286.0,1.4106583072100332,4.330954581362528,53.463949843260195
688408.SH,20260908,23.75,1600,38000.0,0.0,0.7230698165008642,45.0
688409.SH,20260908,183.75,6745,1239394.0,-0.5520376684526762,1.6980142312448108,41.68777398928394
688410.SH,20260908,9.88016,2253,22260.0,-0.09949443882710796,0.31275121695839947,44.40303336703735
688411.SH,20260908,178.19,4694,836424.0,-0.45251396648045006,2.172678035485251,42.2849162011173
688416.SH,20260908,77.03,29726,2289794.0,0.24726704841229186,7.0739498125084825,46.483602290473755
688418.SH,20260908,32.6,8200,267320.0,-0.18371096142068,3.20418577991892,43.89773423147592
688419.SH,20260908,49.27,8244,406182.0,0.0,2.733807227264177,45.0
688420.SH,20260908,22.22,5300,117766.0,0.4520795660036159,12.218836343790821,47.7124773960217
688425.SH,20260908,4.04,20450,82618.0,0.0,1.4142878611774559,45.0
688426.SH,20260908,21.1298,1734,36639.0,-0.5656470588235374,2.2023867093875626,41.606117647058774
688428.SH,20260908,30.8,14165,436282.0,-0.16207455429497752,1.5991900426207413,44.02755267423014
688429.SH,20260908,10.71,7717,82649.0,1.516587677725112,3.054735385011827,54.09952606635067
688433.SH,20260908,109.01,30191,3291121.0,-1.2680010868580616,3.623566380303438,37.39199347885163
688435.SH,20260908,39.36,194462,7654024.0,4.597395694924256,29.91725477691929,72.58437416954553
688439.SH,20260908,38.4001,2954,113434.0,0.0002604166666753116,2.272179428982164,45.00156250000005
688443.SH,20260908,22.9798,1980,45500.0,0.04266434479756054,0.9855534115256247,45.25598606878536
688448.SH,20260908,67.4,5303,357422.0,-0.7071302298173099,3.3375277704390616,40.75721862109614
688449.SH,20260908,62.3101,5718,356289.0,-0.5266602809706256,0.909252694854396,41.84003831417625
688450.SH,20260908,33.0899,1814,60025.0,0.3941140776698937,1.6570346095108568,47.36468446601936
688455.SH,20260908,17.0901,2054,35103.0,1.1248520710059218,0.6880750534383788,51.74911242603553
688456.SH,20260908,75.0,40387,3029025.0,0.6441223832528209,9.505835753556466,48.864734299516925
688458.SH,20260908,37.0,3900,144300.0,-0.1618996222342184,1.944808963221533,44.02860226659469
688459.SH,20260908,8.05,300,2415.0,-0.1240694789081842,0.32472151264558347,44.255583126550896
688466.SH,20260908,14.36,3025,43439.0,0.0,3.495083075708509,45.0
688468.SH,20260908,6.33997,4724,29950.0,-0.1579527559054994,2.085649512692692,44.052283464567005
688469.SH,20260908,8.47,160826,1362196.0,-0.3529411764705781,2.155845865202811,42.882352941176535
688472.SH,20260908,8.66001,68175,590396.0,-0.23029953917050872,2.7763379763699683,43.61820276497695
688475.SH,20260908,28.61,3897,111493.0,-0.3135888501742179,1.0076509549800374,43.11846689895469
688478.SH,20260908,42.99,15029,646097.0,-0.023255813953482196,4.70413719246979,44.86046511627911
688479.SH,20260908,37.22,2818,104886.0,-0.4546670232682626,0.9743323174741177,42.27199786039043
688480.SH,20260908,70.62,200,14124.0,0.02832861189803193,0.29401992328461474,45.16997167138819
688484.SH,20260908,34.68,13900,482052.0,-0.2588438308887109,2.189049916860951,43.44693701466773
688485.SH,20260908,103.0,42641,4392023.0,1.5278462296697937,5.644231997338578,54.16707737801876
688486.SH,20260908,40.68,12345,502195.0,-0.04914004914006176,4.5387511896716735,44.70515970515963
688488.SH,20260908,15.56,600,9336.0,0.12870012870014325,0.12166013859769019,22.671025719785092
688489.SH,20260908,24.0,2386,57264.0,0.0,3.1517065909987028,45.0
688496.SH,20260908,0.959983,25764,24733.0,-0.0017708333333255055,2.7460704756287773,44.989375000000045
688498.SH,20260908,1701.93,31680,53917142.0,-0.004112808460632333,7.910192224074855,44.9753231492362
688499.SH,20260908,32.72,6724,220009.0,0.2450980392156854,2.539935826528556,46.470588235294116
688500.SH,20260908,33.68,12507,421236.0,-0.0889943636902979,6.687062156502775,44.46603381785821
688501.SH,20260908,13.6105,837,11392.0,-0.28937728937729057,0.43399998224684067,43.263736263736256
688502.SH,20260908,430.3,1621,697516.0,-0.4971673025783274,0.9518753013059738,42.016996184530036
688503.SH,20260908,67.7,50980,3451346.0,-0.1474926253687281,2.2075264396218532,44.11504424778763
688505.SH,20260908,,0,0.0,,0.0,0.0
688506.SH,20260908,250.1,4344,1086434.0,-1.146245059288542,2.4602714377095523,38.122529644268745
688507.SH,20260908,150.8,18213,2746520.0,-0.3172924378635589,4.128430908161214,43.09624537281864
688508.SH,20260908,86.23,15592,1344498.0,-0.33518261673600724,2.7495801275488865,42.98890429958396
688509.SH,20260908,4.19986,1436,6031.0,-0.0033333333333329662,0.4021841312452657,44.980000000000004
688510.SH,20260908,25.13,15640,393033.0,0.1993620414673103,1.5084291369268659,46.19617224880386
688511.SH,20260908,23.2,8200,190240.0,-0.6849315068493178,4.504065117644552,40.89041095890409
688512.SH,20260908,13.89,13132,182403.0,-0.7147962830593269,1.0011483982199194,40.71122230164404
688513.SH,20260908,46.3198,1232,57066.0,0.38968357173818635,0.6976467923559692,47.33810143042912
688515.SH,20260908,145.75,2204,321233.0,0.006861534239055445,1.1305250672051335,45.04116920543433
688516.SH,20260908,42.84,51033,2186254.0,-0.06997900629809317,9.306024672104495,44.58012596221144
688517.SH,20260908,16.12,6141,98993.0,0.1242236024844745,4.719297997212366,45.74534161490685
688518.SH,20260908,21.22,23077,489694.0,0.3309692671394915,2.6595709869890967,46.98581560283695
688519.SH,20260908,288.68,18048,5210097.0,0.2883446239360765,3.726648226071542,46.73006774361646
688520.SH,20260908,33.81,5338,180478.0,-0.23605783416936754,3.244272383772627,43.583652994983794
688521.SH,20260908,185.36,37223,6899655.0,-0.22607385079125297,1.5539050313101574,43.64355689525248
688522.SH,20260908,18.4901,4438,82059.0,-0.16144708423324605,1.3202595263492727,44.03131749460052
688523.SH,20260908,41.18,3300,135894.0,0.4145330407217873,1.3837904972102406,47.48719824433073
688525.SH,20260908,221.14,63477,14037304.0,0.0,3.525747834260096,45.0
688526.SH,20260908,12.9,5161,66577.0,0.3110419906687367,3.2498237118173656,46.86625194401242
688528.SH,20260908,10.18,7707,78457.0,-0.9727626459143934,6.0994670964081505,39.16342412451364
688529.SH,20260908,,0,0.0,,0.0,0.0
688530.SH,20260908,57.0,37452,2134764.0,0.19335559852347028,6.573965153116645,46.16013359114082
688531.SH,20260908,142.89,15816,2259948.0,0.8682761541719541,3.0043099226605303,50.20965692503172
688533.SH,20260908,20.4501,2075,42434.0,0.7890586495810759,4.173707433279105,49.734351897486455
688535.SH,20260908,101.06,20692,2091134.0,0.019794140934270565,3.940366474843603,45.118764845605625
688536.SH,20260908,303.81,7722,2346021.0,-0.0032914225528202223,3.3250007330951554,44.98025146468308
688538.SH,20260908,2.2,197684,434905.0,0.0,3.147168914219235,45.0
688539.SH,20260908,23.95,14659,351083.0,0.04177109440266502,10.555482797067194,45.25062656641599
688543.SH,20260908,40.18,201308,8088555.0,-3.8525963149078746,17.835981565528684,21.88442211055275
688545.SH,20260908,75.42,14946,1127227.0,0.07961783439491832,2.408657475157586,45.47770700636951
688548.SH,20260908,30.2,144353,4359461.0,1.683501683501687,7.512251166171757,55.10101010101012
688549.SH,20260908,22.33,860586,19216885.0,0.2244165170556478,13.038395654141365,46.34649910233389
688550.SH,20260908,36.91,2100,77511.0,-0.24324324324325186,1.0420668811971157,43.54054054054049
688551.SH,20260908,38.61,7402,285791.0,0.07776049766718973,2.162094009052817,45.46656298600314
688552.SH,20260908,31.09,9389,291904.0,-0.5756315957787028,1.8719130010887406,41.546210425327786
688553.SH,20260908,11.65,18000,209700.0,-0.08576329331045907,2.690816106047257,44.485420240137245
688556.SH,20260908,8.11,81417,660292.0,-0.12315270935960854,1.9895364541745584,44.26108374384235
688557.SH,20260908,20.3,5433,110290.0,0.0,4.10863623116799,45.0
688558.SH,20260908,32.1999,2931,94378.0,-0.21722962503875065,3.324115918936063,43.69662224976749
688559.SH,20260908,53.7,15189,815649.0,0.467726847521055,1.724336857475022,47.806361085126326
688560.SH,20260908,12.48,79300,989664.0,1.0526315789473717,25.459139103537137,51.315789473684234
688561.SH,20260908,27.2,27766,755235.0,0.18416206261511192,3.8484188070665537,46.10497237569067
688562.SH,20260908,14.74,3339,49217.0,0.2721088435374108,1.312717767200358,46.63265306122447
688563.SH,20260908,52.9001,4363,230803.0,-0.3576944810698812,1.0261810142884955,42.85383311358071
688565.SH,20260908,11.57,11799,136514.0,-0.2586206896551646,9.052180101741374,43.44827586206901
688566.SH,20260908,25.5699,1016,25979.0,-0.5835925349922166,0.3514608902995847,41.4984447900467
688567.SH,20260908,8.98002,20325,182519.0,-0.1110122358175758,2.6330340075256826,44.333926585094545
688568.SH,20260908,30.7,15015,460961.0,0.032583903551630655,2.273489399999504,45.19550342130978
688569.SH,20260908,18.84,800,15072.0,0.15948963317384823,0.9820343487884725,45.95693779904309
688570.SH,20260908,14.8398,2541,37708.0,0.47257955314827793,6.500154367461442,47.835477318889666
688571.SH,20260908,8.39,26182,219667.0,-0.47449584816131596,6.285667832069682,42.153024911032105
688573.SH,20260908,16.46,8500,139910.0,-0.30284675953967666,6.392189786677855,43.18291944276194
688575.SH,20260908,10.08,5600,56448.0,-0.1980198019801982,0.5742724478387505,43.81188118811881
688576.SH,20260908,39.5,200,7900.0,0.15212981744423537,0.8010733165621705,45.912778904665416
688577.SH,20260908,43.38,1858,80600.0,0.0,2.368940637081028,45.0
688578.SH,20260908,108.06,3300,356598.0,0.0,0.9021437195258203,45.0
688579.SH,20260908,8.05995,5922,47731.0,0.3729763387297691,2.1287834843758238,47.23785803237861
688580.SH,20260908,44.0,3217,141548.0,-0.7444168734491274,2.7226481556034163,40.53349875930523
688581.SH,20260908,50.8,1000,50800.0,0.07880220646176994,5.332103450784108,45.47281323877062
688582.SH,20260908,39.9,5288,210991.0,-0.15015015015015232,1.3231823815930783,44.099099099099085
688583.SH,20260908,85.0,199453,16953505.0,-5.555555555555558,27.40703412611305,15.0
688584.SH,20260908,25.82,22658,585030.0,0.038744672607515795,3.6491185769052565,45.2324680356451
688585.SH,20260908,146.01,12168,1776650.0,0.0,4.044212446311978,45.0
688586.SH,20260908,11.08,25330,280656.0,-0.09017132551848439,3.8718986172230148,44.458972046889095
688588.SH,20260908,9.49,88425,839153.0,1.6059957173447659,15.568911002400515,54.6359743040686
688589.SH,20260908,19.7098,2764,54478.0,-0.0517241379310196,1.1202608148465176,44.68965517241388
688590.SH,20260908,12.32,400,4928.0,0.0,0.08560160505788755,15.40828891041976
688591.SH,20260908,28.6899,6689,191907.0,-0.34769017019797843,1.748504902892227,42.91385897881213
688592.SH,20260908,23.78,7094,168695.0,0.21070375052676393,10.66903943354639,46.26422250316058
688593.SH,20260908,29.63,12428,368242.0,-0.03373819163293712,1.181927664121708,44.797570850202376
688595.SH,20260908,29.6,28194,834542.0,1.0238907849829282,14.8832390632959,51.14334470989757
688596.SH,20260908,66.68,37402,2493965.0,1.460742544126603,2.6269648521895577,53.76445526475962
688597.SH,20260908,6.55,15520,101656.0,1.2364760432766575,4.330789018926071,52.41885625965995
688598.SH,20260908,33.99,25909,880647.0,-0.2640845070422393,2.7287237840412626,43.415492957746565
688599.SH,20260908,11.33,33609,380790.0,0.08833922261484162,1.3863277285958913,45.53003533568905
688600.SH,20260908,33.69,19060,642131.0,-0.5901445854234355,3.0547219525650697,41.459132487459385
688601.SH,20260908,61.49,5100,313599.0,0.0,1.534886966275861,45.0
688602.SH,20260908,6.79,5938,40319.0,0.2954209748892156,1.257646231124116,46.772525849335295
688603.SH,20260908,119.0,27503,3272857.0,-1.2612014603385346,4.166612629675364,37.43279123796879
688605.SH,20260908,72.0,4339,312408.0,-0.990099009900991,1.3897218430858984,39.059405940594054
688606.SH,20260908,46.0806,310,14285.0,0.06644951140064581,1.6381360362749944,45.39869706840388
688607.SH,20260908,40.05,1000,40050.0,0.049962528103919546,0.6646484587175641,45.29977516862352
688608.SH,20260908,101.1,3613,365274.0,0.029682398337782523,0.9109201019223817,45.17809439002669
688609.SH,20260908,9.07991,4918,44655.0,-0.11100110011000863,0.3810676185992641,44.333993399339946
688610.SH,20260908,154.55,4005,618973.0,-0.878655720882493,3.3598233031475053,39.72806567470504
688611.SH,20260908,61.48,600,36888.0,-0.11372867587327029,0.558481911479739,44.317627944760375
688612.SH,20260908,39.09,65743,2569894.0,1.2694300518134805,10.732533115511,52.616580310880884
688613.SH,20260908,15.62,6468,101030.0,-0.5095541401273884,2.425104117091314,41.94267515923567
688615.SH,20260908,95.6001,2508,239765.0,0.7589586846542984,0.8542252535898054,49.55375210792579
688616.SH,20260908,11.1099,5276,58616.0,-0.6270125223613587,4.809552281521928,41.23792486583185
688617.SH,20260908,242.79,1046,253958.0,-0.032939432618273035,0.9496151317464515,44.80236340429036
688618.SH,20260908,30.36,7002,212581.0,-0.9461663947797683,2.8517521384284255,39.32300163132139
688619.SH,20260908,14.55,9919,144321.0,0.0,2.0763086480475783,45.0
688620.SH,20260908,15.48,34479,533735.0,0.7156798959011113,3.276452036360352,49.29407937540667
688621.SH,20260908,70.7501,8938,632364.0,-0.5760258572231503,2.847691287935488,41.543844856661096
688622.SH,20260908,96.08,8383,805439.0,-3.456591639871376,16.101769289651287,24.260450160771747
688623.SH,20260908,,0,0.0,,0.0,0.0
688625.SH,20260908,56.62,9600,543552.0,0.4256828662646317,2.2895941293059607,47.554097197587794
688626.SH,20260908,39.48,4290,169369.0,-0.9533366783743169,3.126347722801168,39.2799799297541
688627.SH,20260908,489.57,27181,13307002.0,-0.29124236252545677,5.924723593531505,43.25254582484726
688628.SH,20260908,84.2,27938,2352380.0,0.9350275713258194,5.440282242133193,50.61016542795492
688629.SH,20260908,126.99,40681,5166080.0,-0.3687431351012127,4.295746436209232,42.787541189392726
688630.SH,20260908,410.0,15188,6227080.0,-0.012193634922574859,4.256840947587692,44.92683819046455
688631.SH,20260908,,0,0.0,,0.0,0.0
688633.SH,20260908,22.73,4207,95625.0,-0.17566974088712994,2.090576931897497,43.94598155467722
688635.SH,20260908,282.0,7374,2079468.0,-0.15932023366966863,2.55149853587988,44.044078597981986
688636.SH,20260908,20.12,3591,72251.0,-0.24789291026277027,0.8195091334134691,43.51264253842338
688638.SH,20260908,33.4,5900,197060.0,0.9063444108761143,15.03399853398297,50.43806646525668
688639.SH,20260908,17.84,24545,437883.0,-0.5019520356943641,3.967072113734276,41.98828778583382
688646.SH,20260908,76.51,19446,1487813.0,-0.24771838331160145,7.0284283364574955,43.51368970013039
688648.SH,20260908,32.33,6925,223885.0,-0.9497549019607865,5.640390603190125,39.30147058823528
688651.SH,20260908,23.1999,1411,32735.0,-0.4723294723294691,0.587165114094603,42.16602316602319
688652.SH,20260908,133.0,9266,1232378.0,0.21097046413502962,2.949111968341766,46.265822784810176
688653.SH,20260908,13.53,18203,246287.0,0.0,2.6809861307215517,45.0
688655.SH,20260908,53.3,582478,31046077.0,5.502771179730792,22.401408270569895,78.01662707838474
688656.SH,20260908,116.92,9623,1125121.0,0.0,9.386969575931895,45.0
688657.SH,20260908,33.52,3521,118024.0,-0.029824038174763867,2.929396588085946,44.82105577095142
688658.SH,20260908,13.27,24194,321054.0,0.0,2.1213285293830206,45.0
688659.SH,20260908,9.85,27000,265950.0,-0.10141987829613841,12.95157887026974,44.39148073022317
688660.SH,20260908,7.75,208238,1613845.0,-0.7682458386683688,1.9631648958787806,40.39052496798979
688661.SH,20260908,106.22,7500,796650.0,1.9875180028804618,2.1314729548068176,56.92510801728277
688662.SH,20260908,85.37,36472,3113615.0,0.0,5.81758267065866,45.0
688663.SH,20260908,55.6,1800,100080.0,0.09000900090010422,0.5203759175245768,45.54005400540063
688665.SH,20260908,43.99,801,35236.0,-0.6997742663656825,1.7632790384574584,40.8013544018059
688667.SH,20260908,91.25,1400,127750.0,0.06579668823336604,1.2643902205735915,45.394780129400196
688668.SH,20260908,264.99,21549,5710270.0,-0.22966867469880192,4.645183018496115,43.621987951807185
688669.SH,20260908,72.54,4122,299010.0,0.05517241379311422,2.1599527623293544,45.33103448275868
688670.SH,20260908,16.9599,8963,152012.0,1.0119118522930348,5.0418545369311065,51.07147111375821
688671.SH,20260908,24.7698,1933,47880.0,-0.0008074283407322191,2.3178219986286703,44.99515542995561
688676.SH,20260908,67.99,25644,1743536.0,0.11780297452510524,2.370868025763845,45.70681784715063
688677.SH,20260908,92.76,87892,8152862.0,-0.3758994737407262,6.840985036926602,42.744603157555645
688678.SH,20260908,23.0,202344,4653912.0,-0.17361111111110494,9.187336219778897,43.95833333333337
688679.SH,20260908,43.42,6535,283750.0,1.9248826291079713,1.6620475120311446,56.54929577464783
688680.SH,20260908,32.86,700,23002.0,-0.27314112291351167,1.0473582889219937,43.36115326251893
688681.SH,20260908,15.8899,6115,97167.0,-0.2517263025737515,5.066504024624064,43.48964218455749
688682.SH,20260908,30.3602,1724,52341.0,-0.5561742548313209,2.2642375273891155,41.66295447101207
688683.SH,20260908,29.3993,581,17081.0,0.06569094622193017,0.5157459213543781,45.39414567733158
688685.SH,20260908,39.2,1200,47040.0,0.6676938880328942,0.45875094639325503,49.00616332819737
688686.SH,20260908,151.98,5200,790296.0,-0.1314233144960042,3.009828913991828,44.211460113023975
688687.SH,20260908,17.6601,1062,18755.0,-0.3942470389170949,0.5673323012755644,42.63451776649743
688689.SH,20260908,38.15,6100,232715.0,-0.1831501831501825,1.5066105446928477,43.901098901098905
688690.SH,20260908,36.9,21630,798147.0,-0.08123476848090894,0.9003671917984563,44.51259138911455
688691.SH,20260908,62.2,5666,352425.0,-0.47999999999999154,2.4106625425463895,42.12000000000005
688692.SH,20260908,212.66,2400,510384.0,-0.06578947368421906,3.0296074823393395,44.60526315789468
688693.SH,20260908,77.3801,905,70029.0,2.422369291859705,0.6713527753149867,59.53421575115823
688695.SH,20260908,19.64,13683,268734.0,-0.8080808080808133,14.250879842047896,40.15151515151512
688696.SH,20260908,89.92,9744,876180.0,-0.22192632046160732,4.156977920226343,43.66844207723035
688697.SH,20260908,14.85,48793,724576.0,-0.8016032064128376,7.446892907121661,40.190380761522974
688698.SH,20260908,44.52,33029,1470451.0,0.04494382022472987,8.37635536922533,45.26966292134838
688699.SH,20260908,58.6,5800,339880.0,-0.03411804844761779,2.3665806064470734,44.79529170931429
688700.SH,20260908,61.23,92433,5659673.0,-1.0024252223120533,7.395485507648764,38.98544866612768
688701.SH,20260908,9.27999,17933,166418.0,-0.5360128617363347,7.505092335346998,41.78392282958199
688702.SH,20260908,323.0,26145,8444835.0,-0.4008633980881915,3.844217530383863,42.594819611470854
688707.SH,20260908,10.4,15549,161710.0,-0.09606147934677622,3.173260514680446,44.42363112391934
688708.SH,20260908,39.81,500,19905.0,0.15094339622641062,0.2911897608405318,45.905660377358465
688709.SH,20260908,24.13,7691,185584.0,-0.37159372419488523,2.3697513972651016,42.77043765483069
688710.SH,20260908,79.1202,1946,153968.0,0.317230886268538,0.3905219861471172,46.903385317611225
688711.SH,20260908,24.56,3800,93328.0,-0.1626016260162677,0.7456398865823314,44.024390243902396
688712.SH,20260908,31.33,800,25064.0,0.8368200836819994,0.7905612836868164,50.020920502092
688716.SH,20260908,26.98,4700,126806.0,0.0,4.547687364730186,45.0
688717.SH,20260908,45.6199,3781,172489.0,0.04364035087718321,0.9366070901138802,45.2618421052631
688718.SH,20260908,13.88,23594,327485.0,-0.5730659025787954,20.612306053705606,41.56160458452723
688719.SH,20260908,55.04,65007,3577985.0,1.0093595155074242,6.47124303727593,51.05615709304455
688720.SH,20260908,60.18,15006,903061.0,-0.47957664957830604,4.814081252566837,42.12254010253017
688721.SH,20260908,37.77,2509,94765.0,-0.9960681520314374,1.4508550468352206,39.023591087811376
688722.SH,20260908,14.6,19330,282218.0,-0.34129692832765013,9.168655762293426,42.9522184300341
688726.SH,20260908,43.7999,8238,360824.0,-0.5903313663186638,2.477015929798294,41.458011802088016
688727.SH,20260908,45.72,54907,2510348.0,-2.077532662240311,13.449880591529043,32.534804026558135
688728.SH,20260908,14.18,27061,383725.0,0.07057163020465218,1.6174843241542027,45.42342978122791
688729.SH,20260908,22.92,50664,1161219.0,-0.043610989969466996,2.4280973455722212,44.7383340601832
688733.SH,20260908,28.67,19442,557402.0,-0.5204718945176934,4.609384015591802,41.87716863289384
688737.SH,20260908,17.25,7881,135947.0,0.3490401396160525,8.715679292082738,47.09424083769632
688739.SH,20260908,20.4199,3584,73185.0,-0.0983365949119519,2.193904133119334,44.409980430528286
688750.SH,20260908,,0,0.0,,0.0,0.0
688755.SH,20260908,26.5694,634,16845.0,0.4514177693761834,0.7653966383525193,47.7085066162571
688757.SH,20260908,29.95,25372,759891.0,0.0,1.6366043362934506,45.0
688758.SH,20260908,26.1799,3380,88488.0,-0.000381970970209089,0.2545146597170811,44.99770817417875
688759.SH,20260908,22.41,7453,167022.0,-0.8407079646017723,1.3422158424382513,39.95575221238936
688765.SH,20260908,37.9901,5737,217949.0,-0.2360819327731134,1.3744366029552837,43.58350840336132
688766.SH,20260908,397.87,62400,24827088.0,0.14598907598981636,5.858955439877892,45.875934455938896
688767.SH,20260908,38.9399,3609,140534.0,-0.00025680534153638135,2.2799393854815944,44.998459167950784
688768.SH,20260908,42.5003,1553,66003.0,-0.7002336448598045,3.2582252750076304,40.79859813084117
688772.SH,20260908,15.19,44541,676578.0,0.26402640264024946,3.1380105750035256,46.5841584158415
688775.SH,20260908,105.98,5604,593912.0,-0.19775873434408897,1.8066662783076815,43.813447593935464
688776.SH,20260908,47.2703,1850,87450.0,1.0265013891857189,1.5844675865492999,51.159008335114315
688777.SH,20260908,89.6,31415,2814784.0,0.0,3.047351289464613,45.0
688778.SH,20260908,45.12,1917,86495.0,-0.02215820961667392,0.47505492075914213,44.86705074229996
688779.SH,20260908,7.62001,33867,258067.0,-0.13093053735255822,2.6377328664191046,44.21441677588465
688781.SH,20260908,39.99,14257,570137.0,-0.8430448797421164,5.207864576393561,39.9417307215473
688783.SH,20260908,28.04,93393,2618740.0,0.25026814444046863,5.175420743204285,46.50160886664281
688785.SH,20260908,297.42,1965,584430.0,-1.3074064242102446,2.9387141061399698,37.15556145473853
688786.SH,20260908,26.99,11858,320047.0,1.7338861666038374,3.888926172543496,55.40331699962302
688787.SH,20260908,95.34,3221,307090.0,-0.8836677409294058,2.105987018180033,39.69799355442356
688788.SH,20260908,30.55,3422,104542.0,-0.9403372243839137,1.46721919731593,39.35797665369652
688789.SH,20260908,42.5299,5865,249438.0,-0.32833372392783167,6.027325140142353,43.02999765643301
688790.SH,20260908,107.42,2800,300776.0,0.0,4.144077997550693,45.0
688793.SH,20260908,18.44,3177,58584.0,-0.21645021645021467,2.93225805192235,43.70129870129871
688795.SH,20260908,395.76,258271,102213331.0,-4.748610074851389,18.204909705744495,16.508339550891662
688796.SH,20260908,119.33,6350,757746.0,0.025146689019273083,1.3832661982769028,45.15088013411564
688797.SH,20260908,271.29,6103,1655683.0,-0.8225488045624063,2.6527874538095686,40.06470717262556
688798.SH,20260908,62.25,23130,1439843.0,-0.1603849238171584,5.0086857646277,44.03769045709705
688799.SH,20260908,49.39,800,39512.0,0.5087505087504995,0.7379064772265966,48.052503052503
688800.SH,20260908,63.99,29641,1896728.0,0.7716535433070826,1.6310559867787677,49.6299212598425
688802.SH,20260908,562.75,22136,12457034.0,-1.2857844513050831,10.18421814598843,37.2852932921695
688805.SH,20260908,41.81,1200,50172.0,-0.23860653781911934,1.4324057621927788,43.56836077308528
688806.SH,20260908,22.8902,2195,50244.0,0.0008737439930017743,0.469332378801223,45.00524246395801
688807.SH,20260908,342.0,19790,6768180.0,1.183431952662728,10.415381866480663,52.100591715976364
688808.SH,20260908,2640.0,6228,16441920.0,-0.6360796416876813,6.8419230951219,41.18352214987391
688809.SH,20260908,438.0,5278,2311764.0,-0.45907004227080384,2.096916049162078,42.24557974637518
688811.SH,20260908,20.27,3400,68918.0,-0.09857072449481752,1.1575260075945786,44.40857565303109
688813.SH,20260908,126.78,175441,22242410.0,3.2662702614645323,25.579651303153693,64.59762156878719
688816.SH,20260908,48.68,900,43812.0,0.8702859510982153,2.8480238762845262,50.22171570658929
688818.SH,20260908,43.8501,3989,174918.0,-0.04536129473444728,0.8764697954467374,44.72783223159332
688819.SH,20260908,21.29,1400,29806.0,-0.1407129455910039,1.3550551316859818,44.155722326453976
688820.SH,20260908,130.37,60857,7933927.0,1.2189440993788825,5.4239221325222085,52.3136645962733
688825.SH,20260908,58.4,1862256,108755750.0,-0.11971951428082495,9.403071079972237,44.28168291431505
688826.SH,20260908,768.99,4100,3152859.0,-0.7882853825312841,3.522978416284635,40.2702877048123
688828.SH,20260908,92.9,11429,1061754.0,-0.26838432635534204,4.980196108431493,43.38969404186795
688835.SH,20260908,287.13,12878,3697660.0,-0.9998965624245737,4.650868567999585,39.000620625452555
688836.SH,20260908,535.8,30497,16340293.0,-0.10254497995713097,9.203152207395698,44.38473012025722
688981.SH,20260908,124.25,85361,10606104.0,0.10473735095068992,3.1204157666395798,45.62842410570414
689009.SH,20260908,40.1,22569,905017.0,-1.182848693937888,2.528988934246517,37.90290783637267
900901.SH,20260908,,0,0.0,,,0.0
900902.SH,20260908,,0,0.0,,,0.0
900903.SH,20260908,0.185,400,74.0,,,0.0
900904.SH,20260908,,0,0.0,,,0.0
900905.SH,20260908,,0,0.0,,,0.0
900906.SH,20260908,,0,0.0,,,0.0
900908.SH,20260908,,0,0.0,,,0.0
900909.SH,20260908,0.5025,800,402.0,,,0.0
900910.SH,20260908,,0,0.0,,,0.0
900911.SH,20260908,,0,0.0,,,0.0
900912.SH,20260908,,0,0.0,,,0.0
900913.SH,20260908,,0,0.0,,,0.0
900914.SH,20260908,,0,0.0,,,0.0
900915.SH,20260908,,0,0.0,,,0.0
900916.SH,20260908,0.55,85200,46860.0,,,0.0
900917.SH,20260908,,0,0.0,,,0.0
900918.SH,20260908,,0,0.0,,,0.0
900920.SH,20260908,0.275,1000,275.0,,,0.0
900921.SH,20260908,,0,0.0,,,0.0
900922.SH,20260908,,0,0.0,,,0.0
900923.SH,20260908,,0,0.0,,,0.0
900924.SH,20260908,,0,0.0,,,0.0
900925.SH,20260908,,0,0.0,,,0.0
900926.SH,20260908,,0,0.0,,,0.0
900927.SH,20260908,,0,0.0,,,0.0
900928.SH,20260908,,0,0.0,,,0.0
900929.SH,20260908,,0,0.0,,,0.0
900932.SH,20260908,0.385,1000,385.0,,,0.0
900934.SH,20260908,,0,0.0,,,0.0
900936.SH,20260908,,0,0.0,,,0.0
900937.SH,20260908,0.194,11000,2134.0,,,0.0
900938.SH,20260908,,0,0.0,,,0.0
900939.SH,20260908,0.42,900,378.0,,,0.0
900940.SH,20260908,,0,0.0,,,0.0
900941.SH,20260908,,0,0.0,,,0.0
900942.SH,20260908,,0,0.0,,,0.0
900943.SH,20260908,,0,0.0,,,0.0
900945.SH,20260908,,0,0.0,,,0.0
900946.SH,20260908,,0,0.0,,,0.0
900947.SH,20260908,0.255,3000,765.0,,,0.0
900948.SH,20260908,3.377,8000,27016.0,,,0.0
501001.SH,20260908,,0,0.0,,,0.0
501005.SH,20260908,1.05,100,105.0,,,0.0
501007.SH,20260908,,0,0.0,,,0.0
501008.SH,20260908,,0,0.0,,,0.0
501009.SH,20260908,,0,0.0,,,0.0
501010.SH,20260908,,0,0.0,,,0.0
501011.SH,20260908,,0,0.0,,,0.0
501012.SH,20260908,,0,0.0,,,0.0
501015.SH,20260908,3.08,400,1232.0,,,0.0
501016.SH,20260908,,0,0.0,,,0.0
501017.SH,20260908,,0,0.0,,,0.0
501018.SH,20260908,1.923,1121900,2157414.0,,,0.0
501019.SH,20260908,,0,0.0,,,0.0
501021.SH,20260908,,0,0.0,,,0.0
501022.SH,20260908,,0,0.0,,,0.0
501025.SH,20260908,1.912,108500,207452.0,,,0.0
501026.SH,20260908,2.48301,46500,115460.0,,,0.0
501028.SH,20260908,,0,0.0,,,0.0
501029.SH,20260908,,0,0.0,,,0.0
501030.SH,20260908,,0,0.0,,,0.0
501031.SH,20260908,,0,0.0,,,0.0
501032.SH,20260908,,0,0.0,,,0.0
501036.SH,20260908,,0,0.0,,,0.0
501037.SH,20260908,,0,0.0,,,0.0
501038.SH,20260908,,0,0.0,,,0.0
501043.SH,20260908,,0,0.0,,,0.0
501045.SH,20260908,,0,0.0,,,0.0
501047.SH,20260908,,0,0.0,,,0.0
501048.SH,20260908,,0,0.0,,,0.0
501050.SH,20260908,1.73778,1800,3128.0,,,0.0
501051.SH,20260908,,0,0.0,,,0.0
501053.SH,20260908,,0,0.0,,,0.0
501057.SH,20260908,,0,0.0,,,0.0
501058.SH,20260908,,0,0.0,,,0.0
501059.SH,20260908,,0,0.0,,,0.0
501060.SH,20260908,,0,0.0,,,0.0
501061.SH,20260908,,0,0.0,,,0.0
501062.SH,20260908,2.06799,22900,47357.0,,,0.0
501064.SH,20260908,,0,0.0,,,0.0
501065.SH,20260908,,0,0.0,,,0.0
501070.SH,20260908,,0,0.0,,,0.0
501071.SH,20260908,,0,0.0,,,0.0
501073.SH,20260908,,0,0.0,,,0.0
501075.SH,20260908,,0,0.0,,,0.0
501076.SH,20260908,1.70002,6187,10518.0,,,0.0
501077.SH,20260908,,0,0.0,,,0.0
501078.SH,20260908,2.984,1687,5034.0,,,0.0
501079.SH,20260908,,0,0.0,,,0.0
501080.SH,20260908,1.49,200,298.0,,,0.0
501081.SH,20260908,,0,0.0,,,0.0
501082.SH,20260908,,0,0.0,,,0.0
501083.SH,20260908,,0,0.0,,,0.0
501085.SH,20260908,3.273,67100,219618.0,,,0.0
501087.SH,20260908,,0,0.0,,,0.0
501088.SH,20260908,,0,0.0,,,0.0
501089.SH,20260908,,0,0.0,,,0.0
501090.SH,20260908,,0,0.0,,,0.0
501091.SH,20260908,,0,0.0,,,0.0
501092.SH,20260908,,0,0.0,,,0.0
501093.SH,20260908,,0,0.0,,,0.0
501095.SH,20260908,,0,0.0,,,0.0
501096.SH,20260908,1.531,72700,111304.0,,,0.0
501097.SH,20260908,,0,0.0,,,0.0
501098.SH,20260908,1.761,5000,8805.0,,,0.0
501099.SH,20260908,,0,0.0,,,0.0
501186.SH,20260908,,0,0.0,,,0.0
501188.SH,20260908,,0,0.0,,,0.0
501189.SH,20260908,,0,0.0,,,0.0
501200.SH,20260908,,0,0.0,,,0.0
501201.SH,20260908,,0,0.0,,,0.0
501202.SH,20260908,,0,0.0,,,0.0
501203.SH,20260908,,0,0.0,,,0.0
501205.SH,20260908,0.981004,54800,53759.0,,,0.0
501206.SH,20260908,,0,0.0,,,0.0
501207.SH,20260908,,0,0.0,,,0.0
501208.SH,20260908,,0,0.0,,,0.0
501209.SH,20260908,,0,0.0,,,0.0
501210.SH,20260908,,0,0.0,,,0.0
501211.SH,20260908,,0,0.0,,,0.0
501212.SH,20260908,,0,0.0,,,0.0
501213.SH,20260908,,0,0.0,,,0.0
501215.SH,20260908,,0,0.0,,,0.0
501216.SH,20260908,,0,0.0,,,0.0
501217.SH,20260908,,0,0.0,,,0.0
501218.SH,20260908,,0,0.0,,,0.0
501219.SH,20260908,,0,0.0,,,0.0
501220.SH,20260908,,0,0.0,,,0.0
501222.SH,20260908,,0,0.0,,,0.0
501225.SH,20260908,3.46199,43700,151289.0,,,0.0
501227.SH,20260908,,0,0.0,,,0.0
501300.SH,20260908,0.92503,16900,15633.0,,,0.0
501301.SH,20260908,1.222,500,611.0,,,0.0
501302.SH,20260908,,0,0.0,,,0.0
501303.SH,20260908,,0,0.0,,,0.0
501305.SH,20260908,,0,0.0,,,0.0
501306.SH,20260908,,0,0.0,,,0.0
501307.SH,20260908,,0,0.0,,,0.0
501310.SH,20260908,,0,0.0,,,0.0
501311.SH,20260908,,0,0.0,,,0.0
501312.SH,20260908,2.394,94988,227401.0,,,0.0
502000.SH,20260908,,0,0.0,,,0.0
502003.SH,20260908,,0,0.0,,,0.0
502006.SH,20260908,,0,0.0,,,0.0
502010.SH,20260908,1.26167,600,757.0,,,0.0
502013.SH,20260908,,0,0.0,,,0.0
502023.SH,20260908,,0,0.0,,,0.0
502048.SH,20260908,,0,0.0,,,0.0
502053.SH,20260908,,0,0.0,,,0.0
502056.SH,20260908,,0,0.0,,,0.0
506000.SH,20260908,1.26301,22600,28544.0,,,0.0
506001.SH,20260908,,0,0.0,,,0.0
506002.SH,20260908,2.104,20000,42080.0,,,0.0
506003.SH,20260908,,0,0.0,,,0.0
506005.SH,20260908,1.49,100,149.0,,,0.0
506006.SH,20260908,,0,0.0,,,0.0
506008.SH,20260908,,0,0.0,,,0.0
508000.SH,20260908,,0,0.0,,,0.0
508001.SH,20260908,4.70732,41,193.0,,,0.0
508002.SH,20260908,,0,0.0,,,0.0
508003.SH,20260908,3.2,100,320.0,,,0.0
508005.SH,20260908,,0,0.0,,,0.0
508006.SH,20260908,3.53398,206,728.0,,,0.0
508007.SH,20260908,,0,0.0,,,0.0
508008.SH,20260908,,0,0.0,,,0.0
508009.SH,20260908,,0,0.0,,,0.0
508010.SH,20260908,2.36217,1491,3522.0,,,0.0
508011.SH,20260908,,0,0.0,,,0.0
508012.SH,20260908,,0,0.0,,,0.0
508015.SH,20260908,5.49204,10300,56568.0,,,0.0
508016.SH,20260908,,0,0.0,,,0.0
508017.SH,20260908,,0,0.0,,,0.0
508018.SH,20260908,,0,0.0,,,0.0
508019.SH,20260908,1.2725,400,509.0,,,0.0
508020.SH,20260908,5.12162,74,379.0,,,0.0
508021.SH,20260908,3.246,1000,3246.0,,,0.0
508022.SH,20260908,,0,0.0,,,0.0
508026.SH,20260908,,0,0.0,,,0.0
508027.SH,20260908,,0,0.0,,,0.0
508028.SH,20260908,9.6,100,960.0,,,0.0
508029.SH,20260908,2.50909,2200,5520.0,,,0.0
508030.SH,20260908,,0,0.0,,,0.0
508031.SH,20260908,,0,0.0,,,0.0
508033.SH,20260908,5.935,2600,15431.0,,,0.0
508036.SH,20260908,,0,0.0,,,0.0
508039.SH,20260908,3.472,500,1736.0,,,0.0
508048.SH,20260908,2.98714,700,2091.0,,,0.0
508050.SH,20260908,,0,0.0,,,0.0
508055.SH,20260908,,0,0.0,,,0.0
508056.SH,20260908,,0,0.0,,,0.0
508058.SH,20260908,,0,0.0,,,0.0
508059.SH,20260908,,0,0.0,,,0.0
508060.SH,20260908,,0,0.0,,,0.0
508066.SH,20260908,,0,0.0,,,0.0
508068.SH,20260908,,0,0.0,,,0.0
508069.SH,20260908,,0,0.0,,,0.0
508077.SH,20260908,2.61,100,261.0,,,0.0
508078.SH,20260908,1.904,500,952.0,,,0.0
508080.SH,20260908,,0,0.0,,,0.0
508082.SH,20260908,,0,0.0,,,0.0
508084.SH,20260908,,0,0.0,,,0.0
508085.SH,20260908,,0,0.0,,,0.0
508086.SH,20260908,4.216,42700,180023.0,,,0.0
508087.SH,20260908,,0,0.0,,,0.0
508088.SH,20260908,,0,0.0,,,0.0
508089.SH,20260908,,0,0.0,,,0.0
508090.SH,20260908,,0,0.0,,,0.0
508091.SH,20260908,5.38103,5800,31210.0,,,0.0
508092.SH,20260908,,0,0.0,,,0.0
508093.SH,20260908,,0,0.0,,,0.0
508096.SH,20260908,,0,0.0,,,0.0
508097.SH,20260908,,0,0.0,,,0.0
508098.SH,20260908,,0,0.0,,,0.0
508099.SH,20260908,,0,0.0,,,0.0
508600.SH,20260908,,0,0.0,,,0.0
508601.SH,20260908,,0,0.0,,,0.0
508602.SH,20260908,6.382,500,3191.0,,,0.0
508603.SH,20260908,,0,0.0,,,0.0
510010.SH,20260908,,0,0.0,,,0.0
510020.SH,20260908,,0,0.0,,,0.0
510030.SH,20260908,1.07705,9500,10232.0,,,0.0
510040.SH,20260908,,0,0.0,,,0.0
510050.SH,20260908,3.021,1105300,3339111.0,,,0.0
510060.SH,20260908,,0,0.0,,,0.0
510090.SH,20260908,,0,0.0,,,0.0
510100.SH,20260908,2.972,130600,388143.0,,,0.0
510130.SH,20260908,,0,0.0,,,0.0
510140.SH,20260908,1.03,200,206.0,,,0.0
510150.SH,20260908,0.499008,12100,6038.0,,,0.0
510160.SH,20260908,,0,0.0,,,0.0
510170.SH,20260908,1.389,146600,203627.0,,,0.0
510180.SH,20260908,3.955,5000,19775.0,,,0.0
510190.SH,20260908,,0,0.0,,,0.0
510200.SH,20260908,1.18636,1100,1305.0,,,0.0
510210.SH,20260908,1.005,4571300,4594157.0,,,0.0
510230.SH,20260908,1.341,45200,60613.0,,,0.0
510270.SH,20260908,,0,0.0,,,0.0
510290.SH,20260908,,0,0.0,,,0.0
510300.SH,20260908,4.638,3829300,17760293.0,,,0.0
510310.SH,20260908,4.507,143400,646304.0,,,0.0
510320.SH,20260908,,0,0.0,,,0.0
510330.SH,20260908,4.83401,33900,163873.0,,,0.0
510350.SH,20260908,,0,0.0,,,0.0
510360.SH,20260908,1.772,8000,14176.0,,,0.0
510370.SH,20260908,,0,0.0,,,0.0
510380.SH,20260908,,0,0.0,,,0.0
510390.SH,20260908,,0,0.0,,,0.0
510410.SH,20260908,,0,0.0,,,0.0
510500.SH,20260908,7.78,948583,7379976.0,,,0.0
510510.SH,20260908,,0,0.0,,,0.0
510530.SH,20260908,,0,0.0,,,0.0
510550.SH,20260908,,0,0.0,,,0.0
510560.SH,20260908,,0,0.0,,,0.0
510570.SH,20260908,,0,0.0,,,0.0
510580.SH,20260908,4.09,7500,30675.0,,,0.0
510590.SH,20260908,,0,0.0,,,0.0
510600.SH,20260908,,0,0.0,,,0.0
510630.SH,20260908,0.83,100,83.0,,,0.0
510650.SH,20260908,,0,0.0,,,0.0
510660.SH,20260908,,0,0.0,,,0.0
510670.SH,20260908,,0,0.0,,,0.0
510680.SH,20260908,,0,0.0,,,0.0
510710.SH,20260908,,0,0.0,,,0.0
510720.SH,20260908,1.056,236300,249533.0,,,0.0
510760.SH,20260908,1.343,497400,668008.0,,,0.0
510770.SH,20260908,,0,0.0,,,0.0
510800.SH,20260908,,0,0.0,,,0.0
510810.SH,20260908,0.85,400,340.0,,,0.0
510850.SH,20260908,3.6,500,1800.0,,,0.0
510880.SH,20260908,3.388,1318600,4467417.0,,,0.0
510900.SH,20260908,1.032,773500,798252.0,,,0.0
510910.SH,20260908,0.984,35000,34440.0,,,0.0
510950.SH,20260908,0.992,500,496.0,,,0.0
510980.SH,20260908,1.403,89700,125849.0,,,0.0
510990.SH,20260908,,0,0.0,,,0.0
511010.SH,20260908,141.223,2000,282446.0,,,0.0
511020.SH,20260908,118.26,100,11826.0,,,0.0
511030.SH,20260908,108.411,28000,3035508.0,,,0.0
511060.SH,20260908,108.68,100,10868.0,,,0.0
511070.SH,20260908,103.02,29200,3008184.0,,,0.0
511090.SH,20260908,119.14,10200,1215228.0,,,0.0
511100.SH,20260908,,0,0.0,,,0.0
511110.SH,20260908,103.306,29000,2995874.0,,,0.0
511120.SH,20260908,,0,0.0,,,0.0
511130.SH,20260908,108.696,7500,815220.0,,,0.0
511150.SH,20260908,102.29,100,10229.0,,,0.0
511160.SH,20260908,102.089,1200,122507.0,,,0.0
511180.SH,20260908,12.44,33300,414252.0,,,0.0
511190.SH,20260908,,0,0.0,,,0.0
511200.SH,20260908,,0,0.0,,,0.0
511220.SH,20260908,10.419,1285100,13389457.0,,,0.0
511260.SH,20260908,135.891,20500,2785766.0,,,0.0
511270.SH,20260908,,0,0.0,,,0.0
511360.SH,20260908,113.898,1753300,199697363.0,,,0.0
511380.SH,20260908,13.515,324700,4388321.0,,,0.0
511520.SH,20260908,118.57,6700,794419.0,,,0.0
511580.SH,20260908,109.703,2000,219406.0,,,0.0
511600.SH,20260908,,0,0.0,,,0.0
511620.SH,20260908,100.01,101,10101.0,,,0.0
511650.SH,20260908,99.9975,400,39999.0,,,0.0
511660.SH,20260908,100.009,37500,3750338.0,,,0.0
511670.SH,20260908,,0,0.0,,,0.0
511690.SH,20260908,,0,0.0,,,0.0
511700.SH,20260908,100.005,2402,240212.0,,,0.0
511770.SH,20260908,,0,0.0,,,0.0
511800.SH,20260908,,0,0.0,,,0.0
511810.SH,20260908,,0,0.0,,,0.0
511820.SH,20260908,,0,0.0,,,0.0
511830.SH,20260908,,0,0.0,,,0.0
511850.SH,20260908,100.002,31500,3150063.0,,,0.0
511860.SH,20260908,,0,0.0,,,0.0
511880.SH,20260908,100.773,1969100,198432114.0,,,0.0
511900.SH,20260908,,0,0.0,,,0.0
511910.SH,20260908,,0,0.0,,,0.0
511920.SH,20260908,,0,0.0,,,0.0
511930.SH,20260908,,0,0.0,,,0.0
511950.SH,20260908,,0,0.0,,,0.0
511960.SH,20260908,,0,0.0,,,0.0
511970.SH,20260908,,0,0.0,,,0.0
511980.SH,20260908,,0,0.0,,,0.0
511990.SH,20260908,99.998,2133059,213301634.0,,,0.0
512000.SH,20260908,0.523,5917100,3094643.0,,,0.0
512010.SH,20260908,0.377,3334300,1257031.0,,,0.0
512020.SH,20260908,1.285,400,514.0,,,0.0
512030.SH,20260908,,0,0.0,,,0.0
512040.SH,20260908,1.21501,44100,53582.0,,,0.0
512050.SH,20260908,1.202,78400,94237.0,,,0.0
512060.SH,20260908,,0,0.0,,,0.0
512070.SH,20260908,0.806,856000,689936.0,,,0.0
512080.SH,20260908,,0,0.0,,,0.0
512090.SH,20260908,,0,0.0,,,0.0
512100.SH,20260908,3.107,3863200,12002962.0,,,0.0
512120.SH,20260908,0.457778,900,412.0,,,0.0
512130.SH,20260908,,0,0.0,,,0.0
512140.SH,20260908,0.91,100,91.0,,,0.0
512150.SH,20260908,,0,0.0,,,0.0
512160.SH,20260908,,0,0.0,,,0.0
512170.SH,20260908,0.337,8108100,2732430.0,,,0.0
512180.SH,20260908,,0,0.0,,,0.0
512190.SH,20260908,,0,0.0,,,0.0
512200.SH,20260908,1.231,225700,277837.0,,,0.0
512220.SH,20260908,3.80913,2300,8761.0,,,0.0
512240.SH,20260908,,0,0.0,,,0.0
512250.SH,20260908,1.21667,300,365.0,,,0.0
512260.SH,20260908,,0,0.0,,,0.0
512290.SH,20260908,1.025,188900,193623.0,,,0.0
512330.SH,20260908,,0,0.0,,,0.0
512360.SH,20260908,,0,0.0,,,0.0
512370.SH,20260908,,0,0.0,,,0.0
512380.SH,20260908,,0,0.0,,,0.0
512400.SH,20260908,1.894,3151900,5969699.0,,,0.0
512410.SH,20260908,1.11701,7700,8601.0,,,0.0
512420.SH,20260908,,0,0.0,,,0.0
512430.SH,20260908,,0,0.0,,,0.0
512450.SH,20260908,0.95,2600,2470.0,,,0.0
512460.SH,20260908,0.80913,2300,1861.0,,,0.0
512480.SH,20260908,1.002,7073700,7087847.0,,,0.0
512500.SH,20260908,4.398,15500,68169.0,,,0.0
512510.SH,20260908,2.33607,2800,6541.0,,,0.0
512520.SH,20260908,,0,0.0,,,0.0
512530.SH,20260908,1.64405,8400,13810.0,,,0.0
512550.SH,20260908,1.81597,6200,11259.0,,,0.0
512560.SH,20260908,0.722993,13700,9905.0,,,0.0
512570.SH,20260908,1.102,661400,728863.0,,,0.0
512580.SH,20260908,1.13789,3800,4324.0,,,0.0
512600.SH,20260908,0.58798,20300,11936.0,,,0.0
512620.SH,20260908,0.946977,8600,8144.0,,,0.0
512630.SH,20260908,1.08906,3200,3485.0,,,0.0
512640.SH,20260908,,0,0.0,,,0.0
512650.SH,20260908,,0,0.0,,,0.0
512660.SH,20260908,1.146,421500,483039.0,,,0.0
512670.SH,20260908,0.777001,345400,268376.0,,,0.0
512680.SH,20260908,1.17201,20900,24495.0,,,0.0
512690.SH,20260908,0.433,8143800,3526265.0,,,0.0
512700.SH,20260908,1.49599,20200,30219.0,,,0.0
512710.SH,20260908,0.63,1044800,658224.0,,,0.0
512720.SH,20260908,,0,0.0,,,0.0
512730.SH,20260908,,0,0.0,,,0.0
512750.SH,20260908,,0,0.0,,,0.0
512760.SH,20260908,1.061,945600,1003282.0,,,0.0
512770.SH,20260908,,0,0.0,,,0.0
512800.SH,20260908,0.835,3486200,2910977.0,,,0.0
512810.SH,20260908,0.665062,8100,5387.0,,,0.0
512820.SH,20260908,1.47,45000,66150.0,,,0.0
512870.SH,20260908,,0,0.0,,,0.0
512880.SH,20260908,1.093,6775600,7405731.0,,,0.0
512890.SH,20260908,1.195,2540800,3036256.0,,,0.0
512900.SH,20260908,1.08,77400,83592.0,,,0.0
512910.SH,20260908,,0,0.0,,,0.0
512930.SH,20260908,0.62,177800,110236.0,,,0.0
512940.SH,20260908,0.835002,240100,200484.0,,,0.0
512950.SH,20260908,,0,0.0,,,0.0
512960.SH,20260908,,0,0.0,,,0.0
512970.SH,20260908,,0,0.0,,,0.0
512980.SH,20260908,0.866,1656100,1434183.0,,,0.0
512990.SH,20260908,,0,0.0,,,0.0
513000.SH,20260908,2.34,560700,1312038.0,,,0.0
513010.SH,20260908,0.585,8161500,4774478.0,,,0.0
513020.SH,20260908,0.937004,111800,104757.0,,,0.0
513030.SH,20260908,1.869,226600,423515.0,,,0.0
513040.SH,20260908,0.908,697400,633239.0,,,0.0
513050.SH,20260908,1.042,6436900,6707250.0,,,0.0
513060.SH,20260908,0.575,6724500,3866588.0,,,0.0
513070.SH,20260908,1.08101,69600,75238.0,,,0.0
513080.SH,20260908,1.789,320200,572838.0,,,0.0
513090.SH,20260908,1.876,12269300,23017207.0,,,0.0
513110.SH,20260908,2.515,309400,778141.0,,,0.0
513120.SH,20260908,1.29,15021700,19377993.0,,,0.0
513130.SH,20260908,0.559,39488700,22074183.0,,,0.0
513140.SH,20260908,1.751,66800,116967.0,,,0.0
513150.SH,20260908,0.949014,7100,6738.0,,,0.0
513160.SH,20260908,0.948999,732600,695237.0,,,0.0
513170.SH,20260908,1.60902,24500,39421.0,,,0.0
513180.SH,20260908,0.567,24515200,13900118.0,,,0.0
513190.SH,20260908,1.864,597500,1113740.0,,,0.0
513200.SH,20260908,1.068,89600,95693.0,,,0.0
513210.SH,20260908,1.50143,700,1051.0,,,0.0
513220.SH,20260908,0.92701,19400,17984.0,,,0.0
513230.SH,20260908,0.849167,1200,1019.0,,,0.0
513240.SH,20260908,1.03901,58300,60574.0,,,0.0
513260.SH,20260908,1.093,848300,927192.0,,,0.0
513280.SH,20260908,1.123,120600,135434.0,,,0.0
513290.SH,20260908,1.792,624600,1119283.0,,,0.0
513300.SH,20260908,2.715,422200,1146273.0,,,0.0
513310.SH,20260908,4.882,9050400,44184053.0,,,0.0
513320.SH,20260908,1.06,200,212.0,,,0.0
513330.SH,20260908,0.364,73861900,26885732.0,,,0.0
513350.SH,20260908,1.403,2849500,3997849.0,,,0.0
513360.SH,20260908,0.482,857400,413267.0,,,0.0
513380.SH,20260908,0.513,3205000,1644165.0,,,0.0
513390.SH,20260908,2.455,116300,285517.0,,,0.0
513400.SH,20260908,1.35,696600,940410.0,,,0.0
513500.SH,20260908,2.69,387400,1042106.0,,,0.0
513520.SH,20260908,2.327,2270500,5283454.0,,,0.0
513530.SH,20260908,1.598,581300,928917.0,,,0.0
513550.SH,20260908,1.12099,35400,39683.0,,,0.0
513560.SH,20260908,1.116,130100,145192.0,,,0.0
513580.SH,20260908,0.566001,218800,123841.0,,,0.0
513590.SH,20260908,0.755143,3500,2643.0,,,0.0
513600.SH,20260908,2.75201,53800,148058.0,,,0.0
513620.SH,20260908,1.07778,900,970.0,,,0.0
513630.SH,20260908,1.588,97400,154671.0,,,0.0
513650.SH,20260908,2.024,464800,940755.0,,,0.0
513660.SH,20260908,1.497,36700,54940.0,,,0.0
513690.SH,20260908,1.147,80200,91989.0,,,0.0
513700.SH,20260908,0.636,438700,279013.0,,,0.0
513720.SH,20260908,0.641923,5200,3338.0,,,0.0
513730.SH,20260908,1.15101,51600,59392.0,,,0.0
513750.SH,20260908,1.567,1054800,1652872.0,,,0.0
513770.SH,20260908,0.347,5220900,1811652.0,,,0.0
513780.SH,20260908,1.667,799800,1333267.0,,,0.0
513800.SH,20260908,1.932,167100,322837.0,,,0.0
513810.SH,20260908,1.78,11400,20292.0,,,0.0
513820.SH,20260908,1.24801,23100,28829.0,,,0.0
513830.SH,20260908,1.20556,900,1085.0,,,0.0
513850.SH,20260908,1.854,167400,310360.0,,,0.0
513860.SH,20260908,0.6,228400,137040.0,,,0.0
513870.SH,20260908,2.085,146400,305244.0,,,0.0
513880.SH,20260908,2.184,303300,662407.0,,,0.0
513890.SH,20260908,0.869016,25400,22073.0,,,0.0
513900.SH,20260908,0.992174,2300,2282.0,,,0.0
513910.SH,20260908,1.583,59400,94030.0,,,0.0
513920.SH,20260908,1.572,133637,210077.0,,,0.0
513930.SH,20260908,1.04,6300,6552.0,,,0.0
513950.SH,20260908,1.24699,29900,37285.0,,,0.0
513970.SH,20260908,0.802001,382800,307006.0,,,0.0
513980.SH,20260908,0.599,1901400,1138939.0,,,0.0
513990.SH,20260908,1.11,1800,1998.0,,,0.0
515000.SH,20260908,1.258,97500,122655.0,,,0.0
515010.SH,20260908,1.26,10600,13356.0,,,0.0
515020.SH,20260908,1.79395,7600,13634.0,,,0.0
515030.SH,20260908,1.55801,33700,52505.0,,,0.0
515040.SH,20260908,1.05503,15700,16564.0,,,0.0
515050.SH,20260908,1.05,5538100,5815005.0,,,0.0
515060.SH,20260908,0.592951,6100,3617.0,,,0.0
515070.SH,20260908,1.108,53000,58724.0,,,0.0
515080.SH,20260908,1.582,375900,594674.0,,,0.0
515090.SH,20260908,,0,0.0,,,0.0
515100.SH,20260908,1.414,103400,146208.0,,,0.0
515110.SH,20260908,,0,0.0,,,0.0
515120.SH,20260908,0.63,1601100,1008693.0,,,0.0
515130.SH,20260908,1.535,1000,1535.0,,,0.0
515150.SH,20260908,,0,0.0,,,0.0
515160.SH,20260908,,0,0.0,,,0.0
515170.SH,20260908,0.474,1071200,507749.0,,,0.0
515180.SH,20260908,1.434,473100,678425.0,,,0.0
515190.SH,20260908,,0,0.0,,,0.0
515200.SH,20260908,,0,0.0,,,0.0
515210.SH,20260908,1.159,138700,160753.0,,,0.0
515220.SH,20260908,1.27,3187100,4047617.0,,,0.0
515230.SH,20260908,0.697001,366100,255172.0,,,0.0
515250.SH,20260908,0.928043,4600,4269.0,,,0.0
515260.SH,20260908,0.835995,88400,73902.0,,,0.0
515290.SH,20260908,1.508,334900,505029.0,,,0.0
515300.SH,20260908,1.315,53000,69695.0,,,0.0
515310.SH,20260908,,0,0.0,,,0.0
515320.SH,20260908,1.50401,14700,22109.0,,,0.0
515330.SH,20260908,,0,0.0,,,0.0
515350.SH,20260908,,0,0.0,,,0.0
515360.SH,20260908,,0,0.0,,,0.0
515370.SH,20260908,0.78,46500,36270.0,,,0.0
515380.SH,20260908,,0,0.0,,,0.0
515390.SH,20260908,1.35297,15800,21377.0,,,0.0
515400.SH,20260908,0.858002,177200,152038.0,,,0.0
515450.SH,20260908,1.412,205500,290166.0,,,0.0
515460.SH,20260908,0.92,200,184.0,,,0.0
515480.SH,20260908,,0,0.0,,,0.0
515530.SH,20260908,,0,0.0,,,0.0
515550.SH,20260908,,0,0.0,,,0.0
515560.SH,20260908,,0,0.0,,,0.0
515580.SH,20260908,,0,0.0,,,0.0
515590.SH,20260908,1.975,200,395.0,,,0.0
515600.SH,20260908,,0,0.0,,,0.0
515630.SH,20260908,1.284,56300,72289.0,,,0.0
515640.SH,20260908,,0,0.0,,,0.0
515650.SH,20260908,1.089,76200,82982.0,,,0.0
515660.SH,20260908,,0,0.0,,,0.0
515680.SH,20260908,,0,0.0,,,0.0
515700.SH,20260908,2.08,700,1456.0,,,0.0
515710.SH,20260908,0.504043,4700,2369.0,,,0.0
515720.SH,20260908,0.716999,108300,77651.0,,,0.0
515730.SH,20260908,,0,0.0,,,0.0
515750.SH,20260908,,0,0.0,,,0.0
515760.SH,20260908,,0,0.0,,,0.0
515770.SH,20260908,,0,0.0,,,0.0
515790.SH,20260908,0.817,529700,432765.0,,,0.0
515800.SH,20260908,,0,0.0,,,0.0
515810.SH,20260908,,0,0.0,,,0.0
515840.SH,20260908,,0,0.0,,,0.0
515850.SH,20260908,1.363,50600,68968.0,,,0.0
515860.SH,20260908,2.13,100,213.0,,,0.0
515880.SH,20260908,0.678,30596000,20744088.0,,,0.0
515890.SH,20260908,1.479,1000,1479.0,,,0.0
515900.SH,20260908,,0,0.0,,,0.0
515910.SH,20260908,,0,0.0,,,0.0
515920.SH,20260908,,0,0.0,,,0.0
515950.SH,20260908,0.94,1100,1034.0,,,0.0
515960.SH,20260908,,0,0.0,,,0.0
515970.SH,20260908,0.85,100,85.0,,,0.0
515980.SH,20260908,1.031,211700,218263.0,,,0.0
515990.SH,20260908,,0,0.0,,,0.0
516000.SH,20260908,0.942989,26100,24612.0,,,0.0
516010.SH,20260908,1.133,731000,828223.0,,,0.0
516020.SH,20260908,0.846999,289900,245545.0,,,0.0
516050.SH,20260908,,0,0.0,,,0.0
516060.SH,20260908,,0,0.0,,,0.0
516070.SH,20260908,,0,0.0,,,0.0
516080.SH,20260908,0.672002,223300,150058.0,,,0.0
516090.SH,20260908,0.471081,3700,1743.0,,,0.0
516100.SH,20260908,1.064,184700,196521.0,,,0.0
516110.SH,20260908,1.10204,5400,5951.0,,,0.0
516120.SH,20260908,0.87,60700,52809.0,,,0.0
516130.SH,20260908,0.694118,1700,1180.0,,,0.0
516150.SH,20260908,1.688,31000,52328.0,,,0.0
516160.SH,20260908,2.37099,57400,136095.0,,,0.0
516180.SH,20260908,0.678571,700,475.0,,,0.0
516190.SH,20260908,1.045,17800,18601.0,,,0.0
516200.SH,20260908,,0,0.0,,,0.0
516210.SH,20260908,,0,0.0,,,0.0
516220.SH,20260908,0.89,9600,8544.0,,,0.0
516230.SH,20260908,0.756667,300,227.0,,,0.0
516250.SH,20260908,,0,0.0,,,0.0
516260.SH,20260908,,0,0.0,,,0.0
516270.SH,20260908,0.549057,5300,2910.0,,,0.0
516290.SH,20260908,0.508,24500,12446.0,,,0.0
516300.SH,20260908,,0,0.0,,,0.0
516310.SH,20260908,1.383,453900,627744.0,,,0.0
516320.SH,20260908,,0,0.0,,,0.0
516330.SH,20260908,,0,0.0,,,0.0
516350.SH,20260908,1.587,111400,176792.0,,,0.0
516360.SH,20260908,,0,0.0,,,0.0
516370.SH,20260908,,0,0.0,,,0.0
516380.SH,20260908,,0,0.0,,,0.0
516390.SH,20260908,0.83,200,166.0,,,0.0
516440.SH,20260908,,0,0.0,,,0.0
516460.SH,20260908,,0,0.0,,,0.0
516500.SH,20260908,,0,0.0,,,0.0
516510.SH,20260908,1.66901,50500,84285.0,,,0.0
516520.SH,20260908,1.04407,5900,6160.0,,,0.0
516530.SH,20260908,1.008,500,504.0,,,0.0
516550.SH,20260908,0.725019,26900,19503.0,,,0.0
516560.SH,20260908,0.765,200,153.0,,,0.0
516570.SH,20260908,1.02,1200,1224.0,,,0.0
516580.SH,20260908,,0,0.0,,,0.0
516590.SH,20260908,,0,0.0,,,0.0
516600.SH,20260908,,0,0.0,,,0.0
516610.SH,20260908,,0,0.0,,,0.0
516620.SH,20260908,0.898999,181800,163438.0,,,0.0
516630.SH,20260908,1.636,40300,65931.0,,,0.0
516640.SH,20260908,1.396,344900,481480.0,,,0.0
516650.SH,20260908,1.84,120000,220800.0,,,0.0
516660.SH,20260908,,0,0.0,,,0.0
516670.SH,20260908,0.638999,163800,104668.0,,,0.0
516700.SH,20260908,0.890909,1100,980.0,,,0.0
516710.SH,20260908,,0,0.0,,,0.0
516720.SH,20260908,,0,0.0,,,0.0
516730.SH,20260908,,0,0.0,,,0.0
516750.SH,20260908,0.587,4000,2348.0,,,0.0
516760.SH,20260908,0.611007,13900,8493.0,,,0.0
516770.SH,20260908,1.204,73000,87892.0,,,0.0
516780.SH,20260908,0.825011,44500,36713.0,,,0.0
516790.SH,20260908,,0,0.0,,,0.0
516800.SH,20260908,,0,0.0,,,0.0
516810.SH,20260908,0.797003,61400,48936.0,,,0.0
516820.SH,20260908,0.347992,50800,17678.0,,,0.0
516830.SH,20260908,,0,0.0,,,0.0
516840.SH,20260908,,0,0.0,,,0.0
516850.SH,20260908,0.87,100,87.0,,,0.0
516860.SH,20260908,1.097,180800,198338.0,,,0.0
516880.SH,20260908,0.7,33900,23730.0,,,0.0
516890.SH,20260908,,0,0.0,,,0.0
516900.SH,20260908,0.4972,2500,1243.0,,,0.0
516910.SH,20260908,1.182,500,591.0,,,0.0
516920.SH,20260908,1.35501,95900,129945.0,,,0.0
516930.SH,20260908,,0,0.0,,,0.0
516950.SH,20260908,,0,0.0,,,0.0
516960.SH,20260908,,0,0.0,,,0.0
516970.SH,20260908,1.10201,65300,71961.0,,,0.0
516980.SH,20260908,1.07,100,107.0,,,0.0
517000.SH,20260908,,0,0.0,,,0.0
517010.SH,20260908,,0,0.0,,,0.0
517030.SH,20260908,,0,0.0,,,0.0
517050.SH,20260908,0.669,30000,20070.0,,,0.0
517080.SH,20260908,,0,0.0,,,0.0
517090.SH,20260908,,0,0.0,,,0.0
517100.SH,20260908,,0,0.0,,,0.0
517110.SH,20260908,0.779006,65400,50947.0,,,0.0
517120.SH,20260908,0.747996,51900,38821.0,,,0.0
517130.SH,20260908,0.94,100,94.0,,,0.0
517160.SH,20260908,,0,0.0,,,0.0
517170.SH,20260908,,0,0.0,,,0.0
517180.SH,20260908,,0,0.0,,,0.0
517200.SH,20260908,,0,0.0,,,0.0
517230.SH,20260908,,0,0.0,,,0.0
517300.SH,20260908,,0,0.0,,,0.0
517330.SH,20260908,,0,0.0,,,0.0
517350.SH,20260908,,0,0.0,,,0.0
517360.SH,20260908,,0,0.0,,,0.0
517380.SH,20260908,0.85,64300,54655.0,,,0.0
517390.SH,20260908,1.92,12800,24576.0,,,0.0
517400.SH,20260908,1.711,463100,792364.0,,,0.0
517520.SH,20260908,2.175,1407865,3062106.0,,,0.0
517550.SH,20260908,,0,0.0,,,0.0
517660.SH,20260908,,0,0.0,,,0.0
517770.SH,20260908,0.900998,153300,138123.0,,,0.0
517800.SH,20260908,0.98,10100,9898.0,,,0.0
517850.SH,20260908,,0,0.0,,,0.0
517880.SH,20260908,,0,0.0,,,0.0
517900.SH,20260908,1.575,74000,116550.0,,,0.0
517950.SH,20260908,,0,0.0,,,0.0
517990.SH,20260908,,0,0.0,,,0.0
518600.SH,20260908,9.48501,51100,484684.0,,,0.0
518660.SH,20260908,9.12899,59700,545001.0,,,0.0
518680.SH,20260908,9.532,48500,462302.0,,,0.0
518800.SH,20260908,9.55,66651,636517.0,,,0.0
518850.SH,20260908,9.192,394500,3626244.0,,,0.0
518860.SH,20260908,9.11407,5400,49216.0,,,0.0
518880.SH,20260908,9.102,3161800,28778704.0,,,0.0
518890.SH,20260908,9.1,2400,21840.0,,,0.0
520500.SH,20260908,1.413,2251500,3181370.0,,,0.0
520510.SH,20260908,0.93,215400,200322.0,,,0.0
520520.SH,20260908,0.933636,1100,1027.0,,,0.0
520530.SH,20260908,0.801999,143100,114766.0,,,0.0
520550.SH,20260908,1.1,95000,104500.0,,,0.0
520560.SH,20260908,0.810833,1200,973.0,,,0.0
520570.SH,20260908,0.72,85300,61416.0,,,0.0
520580.SH,20260908,0.957027,3700,3541.0,,,0.0
520590.SH,20260908,0.76901,10100,7767.0,,,0.0
520600.SH,20260908,0.989001,354500,350601.0,,,0.0
520610.SH,20260908,0.945,200,189.0,,,0.0
520620.SH,20260908,0.801001,103900,83224.0,,,0.0
520630.SH,20260908,0.651005,36800,23957.0,,,0.0
520650.SH,20260908,0.588998,42900,25268.0,,,0.0
520660.SH,20260908,0.995018,27300,27164.0,,,0.0
520670.SH,20260908,0.760833,1200,913.0,,,0.0
520680.SH,20260908,0.792308,1300,1030.0,,,0.0
520690.SH,20260908,0.743011,43500,32321.0,,,0.0
520700.SH,20260908,1.616,295700,477851.0,,,0.0
520710.SH,20260908,0.922043,9300,8575.0,,,0.0
520720.SH,20260908,0.726923,1300,945.0,,,0.0
520730.SH,20260908,0.755,200,151.0,,,0.0
520740.SH,20260908,0.9,1100,990.0,,,0.0
520750.SH,20260908,0.910994,62400,56846.0,,,0.0
520760.SH,20260908,0.975,1000,975.0,,,0.0
520770.SH,20260908,0.936364,1100,1030.0,,,0.0
520780.SH,20260908,0.799231,1300,1039.0,,,0.0
520790.SH,20260908,0.81,15700,12717.0,,,0.0
520810.SH,20260908,1.03512,4100,4244.0,,,0.0
520820.SH,20260908,0.934167,1200,1121.0,,,0.0
520830.SH,20260908,0.901005,36800,33157.0,,,0.0
520840.SH,20260908,0.75,15900,11925.0,,,0.0
520850.SH,20260908,0.897005,18700,16774.0,,,0.0
520860.SH,20260908,0.772976,8400,6493.0,,,0.0
520870.SH,20260908,1.159,757000,877363.0,,,0.0
520880.SH,20260908,0.46,3196200,1470252.0,,,0.0
520890.SH,20260908,1.325,800,1060.0,,,0.0
520900.SH,20260908,1.00101,11900,11912.0,,,0.0
520910.SH,20260908,,0,0.0,,,0.0
520920.SH,20260908,0.67,194300,130181.0,,,0.0
520930.SH,20260908,0.971029,6800,6603.0,,,0.0
520940.SH,20260908,,0,0.0,,,0.0
520950.SH,20260908,0.843333,1200,1012.0,,,0.0
520960.SH,20260908,0.915455,1100,1007.0,,,0.0
520970.SH,20260908,0.900999,76100,68566.0,,,0.0
520980.SH,20260908,0.855999,168700,144407.0,,,0.0
520990.SH,20260908,0.991002,178600,176993.0,,,0.0
526000.SH,20260908,1.207,754800,911044.0,,,0.0
526010.SH,20260908,1.01818,1100,1120.0,,,0.0
526030.SH,20260908,0.885005,109900,97262.0,,,0.0
526050.SH,20260908,1.09,262900,286561.0,,,0.0
526060.SH,20260908,1.006,500,503.0,,,0.0
526070.SH,20260908,1.0,200,200.0,,,0.0
530000.SH,20260908,,0,0.0,,,0.0
530050.SH,20260908,1.19,19000,22610.0,,,0.0
530060.SH,20260908,0.996,163000,162348.0,,,0.0
530080.SH,20260908,,0,0.0,,,0.0
530100.SH,20260908,,0,0.0,,,0.0
530180.SH,20260908,,0,0.0,,,0.0
530280.SH,20260908,,0,0.0,,,0.0
530300.SH,20260908,,0,0.0,,,0.0
530380.SH,20260908,,0,0.0,,,0.0
530530.SH,20260908,,0,0.0,,,0.0
530580.SH,20260908,,0,0.0,,,0.0
530680.SH,20260908,,0,0.0,,,0.0
530800.SH,20260908,,0,0.0,,,0.0
530880.SH,20260908,1.115,200,223.0,,,0.0
551000.SH,20260908,,0,0.0,,,0.0
551030.SH,20260908,102.041,5900,602042.0,,,0.0
551060.SH,20260908,,0,0.0,,,0.0
551300.SH,20260908,,0,0.0,,,0.0
551500.SH,20260908,102.29,100,10229.0,,,0.0
551510.SH,20260908,,0,0.0,,,0.0
551520.SH,20260908,102.19,5800,592702.0,,,0.0
551550.SH,20260908,101.881,5900,601098.0,,,0.0
551560.SH,20260908,,0,0.0,,,0.0
551580.SH,20260908,,0,0.0,,,0.0
551800.SH,20260908,,0,0.0,,,0.0
551900.SH,20260908,,0,0.0,,,0.0
560010.SH,20260908,3.181,48200,153324.0,,,0.0
560020.SH,20260908,,0,0.0,,,0.0
560030.SH,20260908,,0,0.0,,,0.0
560050.SH,20260908,,0,0.0,,,0.0
560060.SH,20260908,,0,0.0,,,0.0
560070.SH,20260908,,0,0.0,,,0.0
560080.SH,20260908,0.953014,34500,32879.0,,,0.0
560090.SH,20260908,1.174,120700,141702.0,,,0.0
560100.SH,20260908,,0,0.0,,,0.0
560110.SH,20260908,1.153,135300,156001.0,,,0.0
560120.SH,20260908,1.22297,11100,13575.0,,,0.0
560130.SH,20260908,,0,0.0,,,0.0
560150.SH,20260908,,0,0.0,,,0.0
560160.SH,20260908,0.95,3700,3515.0,,,0.0
560170.SH,20260908,1.23603,15100,18664.0,,,0.0
560180.SH,20260908,,0,0.0,,,0.0
560190.SH,20260908,,0,0.0,,,0.0
560210.SH,20260908,0.883,36000,31788.0,,,0.0
560220.SH,20260908,,0,0.0,,,0.0
560230.SH,20260908,,0,0.0,,,0.0
560250.SH,20260908,,0,0.0,,,0.0
560260.SH,20260908,,0,0.0,,,0.0
560270.SH,20260908,0.94,100,94.0,,,0.0
560280.SH,20260908,1.526,67500,103005.0,,,0.0
560290.SH,20260908,0.83,22000,18260.0,,,0.0
560300.SH,20260908,,0,0.0,,,0.0
560310.SH,20260908,,0,0.0,,,0.0
560320.SH,20260908,,0,0.0,,,0.0
560330.SH,20260908,,0,0.0,,,0.0
560350.SH,20260908,,0,0.0,,,0.0
560360.SH,20260908,,0,0.0,,,0.0
560370.SH,20260908,0.905,200,181.0,,,0.0
560380.SH,20260908,,0,0.0,,,0.0
560390.SH,20260908,0.851998,100100,85285.0,,,0.0
560400.SH,20260908,,0,0.0,,,0.0
560410.SH,20260908,,0,0.0,,,0.0
560420.SH,20260908,,0,0.0,,,0.0
560450.SH,20260908,,0,0.0,,,0.0
560460.SH,20260908,,0,0.0,,,0.0
560470.SH,20260908,0.9,500,450.0,,,0.0
560480.SH,20260908,,0,0.0,,,0.0
560490.SH,20260908,,0,0.0,,,0.0
560500.SH,20260908,,0,0.0,,,0.0
560510.SH,20260908,1.177,41000,48257.0,,,0.0
560520.SH,20260908,,0,0.0,,,0.0
560530.SH,20260908,,0,0.0,,,0.0
560550.SH,20260908,,0,0.0,,,0.0
560560.SH,20260908,,0,0.0,,,0.0
560570.SH,20260908,1.01,300,303.0,,,0.0
560580.SH,20260908,1.095,3000,3285.0,,,0.0
560590.SH,20260908,,0,0.0,,,0.0
560610.SH,20260908,1.179,40000,47160.0,,,0.0
560620.SH,20260908,,0,0.0,,,0.0
560630.SH,20260908,1.09,100,109.0,,,0.0
560660.SH,20260908,,0,0.0,,,0.0
560670.SH,20260908,1.08205,8300,8981.0,,,0.0
560680.SH,20260908,0.755035,14100,10646.0,,,0.0
560690.SH,20260908,2.184,500,1092.0,,,0.0
560700.SH,20260908,1.212,81700,99020.0,,,0.0
560710.SH,20260908,0.951002,200500,190676.0,,,0.0
560720.SH,20260908,,0,0.0,,,0.0
560730.SH,20260908,1.055,200,211.0,,,0.0
560750.SH,20260908,,0,0.0,,,0.0
560770.SH,20260908,0.955,10000,9550.0,,,0.0
560780.SH,20260908,1.005,3583900,3601820.0,,,0.0
560790.SH,20260908,0.823021,23500,19341.0,,,0.0
560800.SH,20260908,,0,0.0,,,0.0
560810.SH,20260908,,0,0.0,,,0.0
560820.SH,20260908,,0,0.0,,,0.0
560830.SH,20260908,0.896012,16800,15053.0,,,0.0
560850.SH,20260908,,0,0.0,,,0.0
560860.SH,20260908,1.607,386600,621266.0,,,0.0
560870.SH,20260908,,0,0.0,,,0.0
560880.SH,20260908,1.54,100,154.0,,,0.0
560900.SH,20260908,0.901023,8800,7929.0,,,0.0
560910.SH,20260908,,0,0.0,,,0.0
560920.SH,20260908,,0,0.0,,,0.0
560930.SH,20260908,,0,0.0,,,0.0
560950.SH,20260908,,0,0.0,,,0.0
560970.SH,20260908,,0,0.0,,,0.0
560980.SH,20260908,0.617016,24800,15302.0,,,0.0
560990.SH,20260908,,0,0.0,,,0.0
561000.SH,20260908,,0,0.0,,,0.0
561010.SH,20260908,0.87697,3300,2894.0,,,0.0
561020.SH,20260908,,0,0.0,,,0.0
561030.SH,20260908,,0,0.0,,,0.0
561050.SH,20260908,0.845122,4100,3465.0,,,0.0
561060.SH,20260908,,0,0.0,,,0.0
561080.SH,20260908,,0,0.0,,,0.0
561090.SH,20260908,1.22,100,122.0,,,0.0
561100.SH,20260908,1.60801,48200,77506.0,,,0.0
561120.SH,20260908,,0,0.0,,,0.0
561130.SH,20260908,,0,0.0,,,0.0
561160.SH,20260908,0.696003,144100,100294.0,,,0.0
561170.SH,20260908,1.135,14400,16344.0,,,0.0
561180.SH,20260908,,0,0.0,,,0.0
561190.SH,20260908,,0,0.0,,,0.0
561200.SH,20260908,,0,0.0,,,0.0
561220.SH,20260908,,0,0.0,,,0.0
561230.SH,20260908,,0,0.0,,,0.0
561250.SH,20260908,,0,0.0,,,0.0
561260.SH,20260908,,0,0.0,,,0.0
561280.SH,20260908,,0,0.0,,,0.0
561300.SH,20260908,,0,0.0,,,0.0
561310.SH,20260908,0.705862,2900,2047.0,,,0.0
561320.SH,20260908,,0,0.0,,,0.0
561330.SH,20260908,0.956998,41300,39524.0,,,0.0
561350.SH,20260908,,0,0.0,,,0.0
561360.SH,20260908,1.47298,17100,25188.0,,,0.0
561370.SH,20260908,,0,0.0,,,0.0
561380.SH,20260908,0.72,408800,294336.0,,,0.0
561390.SH,20260908,,0,0.0,,,0.0
561400.SH,20260908,,0,0.0,,,0.0
561410.SH,20260908,,0,0.0,,,0.0
561420.SH,20260908,,0,0.0,,,0.0
561430.SH,20260908,,0,0.0,,,0.0
561450.SH,20260908,,0,0.0,,,0.0
561460.SH,20260908,0.81,4100,3321.0,,,0.0
561470.SH,20260908,1.09,300,327.0,,,0.0
561490.SH,20260908,,0,0.0,,,0.0
561500.SH,20260908,0.796667,300,239.0,,,0.0
561510.SH,20260908,,0,0.0,,,0.0
561530.SH,20260908,1.00333,300,301.0,,,0.0
561550.SH,20260908,1.402,33000,46266.0,,,0.0
561560.SH,20260908,1.256,86400,108518.0,,,0.0
561570.SH,20260908,1.39305,10500,14627.0,,,0.0
561580.SH,20260908,1.258,195000,245310.0,,,0.0
561590.SH,20260908,,0,0.0,,,0.0
561600.SH,20260908,0.732,6500,4758.0,,,0.0
561620.SH,20260908,,0,0.0,,,0.0
561630.SH,20260908,,0,0.0,,,0.0
561660.SH,20260908,,0,0.0,,,0.0
561680.SH,20260908,,0,0.0,,,0.0
561690.SH,20260908,0.99,32001,31681.0,,,0.0
561700.SH,20260908,,0,0.0,,,0.0
561730.SH,20260908,,0,0.0,,,0.0
561750.SH,20260908,,0,0.0,,,0.0
561760.SH,20260908,,0,0.0,,,0.0
561770.SH,20260908,,0,0.0,,,0.0
561780.SH,20260908,,0,0.0,,,0.0
561790.SH,20260908,,0,0.0,,,0.0
561800.SH,20260908,,0,0.0,,,0.0
561810.SH,20260908,,0,0.0,,,0.0
561830.SH,20260908,,0,0.0,,,0.0
561870.SH,20260908,,0,0.0,,,0.0
561880.SH,20260908,,0,0.0,,,0.0
561890.SH,20260908,,0,0.0,,,0.0
561900.SH,20260908,,0,0.0,,,0.0
561910.SH,20260908,0.690999,153100,105792.0,,,0.0
561920.SH,20260908,,0,0.0,,,0.0
561930.SH,20260908,,0,0.0,,,0.0
561950.SH,20260908,,0,0.0,,,0.0
561960.SH,20260908,1.281,77100,98765.0,,,0.0
561980.SH,20260908,0.665001,799500,531668.0,,,0.0
561990.SH,20260908,,0,0.0,,,0.0
562000.SH,20260908,,0,0.0,,,0.0
562010.SH,20260908,,0,0.0,,,0.0
562030.SH,20260908,0.5,400,200.0,,,0.0
562050.SH,20260908,0.91,200,182.0,,,0.0
562060.SH,20260908,0.617973,7400,4573.0,,,0.0
562070.SH,20260908,,0,0.0,,,0.0
562080.SH,20260908,0.628019,20700,13000.0,,,0.0
562180.SH,20260908,,0,0.0,,,0.0
562300.SH,20260908,,0,0.0,,,0.0
562310.SH,20260908,,0,0.0,,,0.0
562320.SH,20260908,1.348,500,674.0,,,0.0
562330.SH,20260908,,0,0.0,,,0.0
562340.SH,20260908,,0,0.0,,,0.0
562350.SH,20260908,1.09,9100,9919.0,,,0.0
562360.SH,20260908,1.034,500,517.0,,,0.0
562380.SH,20260908,1.2425,800,994.0,,,0.0
562390.SH,20260908,,0,0.0,,,0.0
562500.SH,20260908,0.956001,786100,751512.0,,,0.0
562510.SH,20260908,0.59,446600,263494.0,,,0.0
562520.SH,20260908,,0,0.0,,,0.0
562530.SH,20260908,,0,0.0,,,0.0
562550.SH,20260908,1.12601,58600,65984.0,,,0.0
562560.SH,20260908,,0,0.0,,,0.0
562570.SH,20260908,1.35301,25600,34637.0,,,0.0
562580.SH,20260908,,0,0.0,,,0.0
562590.SH,20260908,0.963,1003600,966467.0,,,0.0
562600.SH,20260908,0.781875,3200,2502.0,,,0.0
562660.SH,20260908,1.90399,30300,57691.0,,,0.0
562700.SH,20260908,1.21,400,484.0,,,0.0
562800.SH,20260908,0.909,1022100,929089.0,,,0.0
562810.SH,20260908,,0,0.0,,,0.0
562820.SH,20260908,,0,0.0,,,0.0
562850.SH,20260908,,0,0.0,,,0.0
562860.SH,20260908,0.637952,8300,5295.0,,,0.0
562870.SH,20260908,0.927024,8400,7787.0,,,0.0
562880.SH,20260908,0.713,1000,713.0,,,0.0
562890.SH,20260908,,0,0.0,,,0.0
562900.SH,20260908,0.742004,45900,34058.0,,,0.0
562910.SH,20260908,0.81,100,81.0,,,0.0
562920.SH,20260908,0.93,100,93.0,,,0.0
562930.SH,20260908,0.706005,37800,26687.0,,,0.0
562950.SH,20260908,1.55,51100,79205.0,,,0.0
562960.SH,20260908,1.13083,2400,2714.0,,,0.0
562970.SH,20260908,0.959,7000,6713.0,,,0.0
562990.SH,20260908,,0,0.0,,,0.0
563000.SH,20260908,,0,0.0,,,0.0
563010.SH,20260908,2.17,3400,7378.0,,,0.0
563020.SH,20260908,1.187,409800,486433.0,,,0.0
563030.SH,20260908,1.57,10000,15700.0,,,0.0
563050.SH,20260908,1.32,4900,6468.0,,,0.0
563060.SH,20260908,,0,0.0,,,0.0
563080.SH,20260908,,0,0.0,,,0.0
563090.SH,20260908,,0,0.0,,,0.0
563150.SH,20260908,1.36,100,136.0,,,0.0
563180.SH,20260908,1.162,2000,2324.0,,,0.0
563200.SH,20260908,1.55,3200,4960.0,,,0.0
563210.SH,20260908,2.01522,2300,4635.0,,,0.0
563220.SH,20260908,,0,0.0,,,0.0
563230.SH,20260908,1.081,224500,242685.0,,,0.0
563280.SH,20260908,,0,0.0,,,0.0
563300.SH,20260908,1.452,3137800,4556086.0,,,0.0
563320.SH,20260908,0.845,1000,845.0,,,0.0
563330.SH,20260908,,0,0.0,,,0.0
563350.SH,20260908,,0,0.0,,,0.0
563360.SH,20260908,1.273,502900,640192.0,,,0.0
563380.SH,20260908,0.96,900,864.0,,,0.0
563390.SH,20260908,,0,0.0,,,0.0
563500.SH,20260908,,0,0.0,,,0.0
563510.SH,20260908,1.0175,400,407.0,,,0.0
563520.SH,20260908,,0,0.0,,,0.0
563530.SH,20260908,1.08899,8900,9692.0,,,0.0
563550.SH,20260908,,0,0.0,,,0.0
563560.SH,20260908,1.20099,39300,47199.0,,,0.0
563570.SH,20260908,,0,0.0,,,0.0
563580.SH,20260908,1.13,9600,10848.0,,,0.0
563590.SH,20260908,,0,0.0,,,0.0
563600.SH,20260908,,0,0.0,,,0.0
563620.SH,20260908,,0,0.0,,,0.0
563630.SH,20260908,,0,0.0,,,0.0
563650.SH,20260908,,0,0.0,,,0.0
563660.SH,20260908,,0,0.0,,,0.0
563670.SH,20260908,0.69,35500,24495.0,,,0.0
563680.SH,20260908,,0,0.0,,,0.0
563690.SH,20260908,1.033,41000,42353.0,,,0.0
563700.SH,20260908,,0,0.0,,,0.0
563750.SH,20260908,,0,0.0,,,0.0
563760.SH,20260908,,0,0.0,,,0.0
563770.SH,20260908,,0,0.0,,,0.0
563780.SH,20260908,,0,0.0,,,0.0
563790.SH,20260908,0.816,2000,1632.0,,,0.0
563800.SH,20260908,1.20598,12700,15316.0,,,0.0
563830.SH,20260908,,0,0.0,,,0.0
563850.SH,20260908,,0,0.0,,,0.0
563860.SH,20260908,,0,0.0,,,0.0
563870.SH,20260908,,0,0.0,,,0.0
563880.SH,20260908,,0,0.0,,,0.0
563890.SH,20260908,,0,0.0,,,0.0
563900.SH,20260908,1.17402,12200,14323.0,,,0.0
563930.SH,20260908,,0,0.0,,,0.0
563960.SH,20260908,,0,0.0,,,0.0
563980.SH,20260908,,0,0.0,,,0.0
563990.SH,20260908,,0,0.0,,,0.0
588000.SH,20260908,1.701,9458700,16089249.0,,,0.0
588010.SH,20260908,1.01301,77200,78204.0,,,0.0
588020.SH,20260908,0.852,3019600,2572699.0,,,0.0
588030.SH,20260908,1.748,289200,505522.0,,,0.0
588040.SH,20260908,,0,0.0,,,0.0
588050.SH,20260908,1.655,940100,1555866.0,,,0.0
588060.SH,20260908,1.025,1354300,1388158.0,,,0.0
588070.SH,20260908,2.186,133900,292705.0,,,0.0
588080.SH,20260908,1.651,1984500,3276410.0,,,0.0
588090.SH,20260908,1.655,123300,204062.0,,,0.0
588100.SH,20260908,0.852966,11800,10065.0,,,0.0
588110.SH,20260908,0.628,590100,370583.0,,,0.0
588120.SH,20260908,0.889,31000,27559.0,,,0.0
588130.SH,20260908,0.996923,1300,1296.0,,,0.0
588140.SH,20260908,,0,0.0,,,0.0
588150.SH,20260908,1.14801,37700,43280.0,,,0.0
588160.SH,20260908,1.036,173400,179642.0,,,0.0
588170.SH,20260908,0.933,20588300,19208884.0,,,0.0
588180.SH,20260908,1.06,12900,13674.0,,,0.0
588190.SH,20260908,1.74298,14100,24576.0,,,0.0
588200.SH,20260908,1.137,6755000,7680435.0,,,0.0
588210.SH,20260908,1.76308,2600,4584.0,,,0.0
588220.SH,20260908,1.744,247400,431466.0,,,0.0
588230.SH,20260908,1.766,49700,87770.0,,,0.0
588240.SH,20260908,,0,0.0,,,0.0
588250.SH,20260908,,0,0.0,,,0.0
588260.SH,20260908,,0,0.0,,,0.0
588270.SH,20260908,1.66,200,332.0,,,0.0
588280.SH,20260908,1.16197,6600,7669.0,,,0.0
588290.SH,20260908,1.114,208200,231935.0,,,0.0
588300.SH,20260908,1.10507,6700,7404.0,,,0.0
588310.SH,20260908,,0,0.0,,,0.0
588320.SH,20260908,1.69894,4700,7985.0,,,0.0
588330.SH,20260908,1.081,241300,260845.0,,,0.0
588350.SH,20260908,,0,0.0,,,0.0
588360.SH,20260908,,0,0.0,,,0.0
588370.SH,20260908,,0,0.0,,,0.0
588380.SH,20260908,1.09,136900,149221.0,,,0.0
588390.SH,20260908,,0,0.0,,,0.0
588400.SH,20260908,1.08083,2400,2594.0,,,0.0
588410.SH,20260908,,0,0.0,,,0.0
588420.SH,20260908,,0,0.0,,,0.0
588430.SH,20260908,1.24502,22700,28262.0,,,0.0
588450.SH,20260908,2.125,5800,12325.0,,,0.0
588460.SH,20260908,2.03199,44200,89814.0,,,0.0
588470.SH,20260908,0.837,15000,12555.0,,,0.0
588480.SH,20260908,,0,0.0,,,0.0
588500.SH,20260908,,0,0.0,,,0.0
588510.SH,20260908,,0,0.0,,,0.0
588520.SH,20260908,,0,0.0,,,0.0
588530.SH,20260908,0.923,50000,46150.0,,,0.0
588550.SH,20260908,,0,0.0,,,0.0
588660.SH,20260908,,0,0.0,,,0.0
588670.SH,20260908,,0,0.0,,,0.0
588680.SH,20260908,,0,0.0,,,0.0
588690.SH,20260908,,0,0.0,,,0.0
588700.SH,20260908,,0,0.0,,,0.0
588710.SH,20260908,0.963,2670100,2571306.0,,,0.0
588720.SH,20260908,,0,0.0,,,0.0
588730.SH,20260908,1.45,100,145.0,,,0.0
588750.SH,20260908,2.281,136000,310216.0,,,0.0
588760.SH,20260908,0.735015,32700,24035.0,,,0.0
588770.SH,20260908,1.799,1000,1799.0,,,0.0
588780.SH,20260908,0.955,369600,352968.0,,,0.0
588790.SH,20260908,0.778,345518,268813.0,,,0.0
588800.SH,20260908,1.728,81600,141005.0,,,0.0
588810.SH,20260908,2.43899,51600,125852.0,,,0.0
588820.SH,20260908,1.9,100,190.0,,,0.0
588830.SH,20260908,1.16199,24100,28004.0,,,0.0
588840.SH,20260908,,0,0.0,,,0.0
588850.SH,20260908,1.8,32100,57780.0,,,0.0
588860.SH,20260908,0.652857,700,457.0,,,0.0
588870.SH,20260908,1.637,364600,596850.0,,,0.0
588880.SH,20260908,1.73304,2300,3986.0,,,0.0
588890.SH,20260908,1.28502,24500,31483.0,,,0.0
588900.SH,20260908,,0,0.0,,,0.0
588910.SH,20260908,,0,0.0,,,0.0
588920.SH,20260908,1.093,164000,179252.0,,,0.0
588930.SH,20260908,1.523,10000,15230.0,,,0.0
588940.SH,20260908,0.836002,173100,144712.0,,,0.0
588950.SH,20260908,1.69,167700,283413.0,,,0.0
588960.SH,20260908,,0,0.0,,,0.0
588980.SH,20260908,,0,0.0,,,0.0
588990.SH,20260908,3.56196,5100,18166.0,,,0.0
589000.SH,20260908,1.524,65700,100127.0,,,0.0
589010.SH,20260908,,0,0.0,,,0.0
589020.SH,20260908,1.137,1822800,2072524.0,,,0.0
589030.SH,20260908,1.112,69000,76728.0,,,0.0
589050.SH,20260908,,0,0.0,,,0.0
589060.SH,20260908,1.60397,5800,9303.0,,,0.0
589070.SH,20260908,1.038,86700,89995.0,,,0.0
589080.SH,20260908,1.53,100,153.0,,,0.0
589090.SH,20260908,1.03833,1200,1246.0,,,0.0
589100.SH,20260908,0.883007,57200,50508.0,,,0.0
589110.SH,20260908,0.902,3000,2706.0,,,0.0
589120.SH,20260908,0.817998,225300,184295.0,,,0.0
589130.SH,20260908,1.357,399200,541714.0,,,0.0
589150.SH,20260908,1.17,31500,36855.0,,,0.0
589160.SH,20260908,1.242,21000,26082.0,,,0.0
589170.SH,20260908,1.04902,24500,25701.0,,,0.0
589180.SH,20260908,1.652,35500,58646.0,,,0.0
589190.SH,20260908,0.621998,122100,75946.0,,,0.0
589200.SH,20260908,,0,0.0,,,0.0
589210.SH,20260908,0.655,15600,10218.0,,,0.0
589220.SH,20260908,,0,0.0,,,0.0
589230.SH,20260908,,0,0.0,,,0.0
589250.SH,20260908,1.21102,12700,15380.0,,,0.0
589260.SH,20260908,1.20902,4100,4957.0,,,0.0
589270.SH,20260908,,0,0.0,,,0.0
589280.SH,20260908,,0,0.0,,,0.0
589290.SH,20260908,0.766818,2200,1687.0,,,0.0
589300.SH,20260908,,0,0.0,,,0.0
589310.SH,20260908,,0,0.0,,,0.0
589320.SH,20260908,,0,0.0,,,0.0
589330.SH,20260908,0.860909,1100,947.0,,,0.0
589350.SH,20260908,0.746029,6800,5073.0,,,0.0
589360.SH,20260908,0.836,39000,32604.0,,,0.0
589380.SH,20260908,,0,0.0,,,0.0
589390.SH,20260908,,0,0.0,,,0.0
589400.SH,20260908,0.740998,55100,40829.0,,,0.0
589410.SH,20260908,,0,0.0,,,0.0
589420.SH,20260908,0.74,100,74.0,,,0.0
589430.SH,20260908,,0,0.0,,,0.0
589460.SH,20260908,,0,0.0,,,0.0
589500.SH,20260908,,0,0.0,,,0.0
589520.SH,20260908,0.581001,334800,194519.0,,,0.0
589550.SH,20260908,,0,0.0,,,0.0
589560.SH,20260908,,0,0.0,,,0.0
589580.SH,20260908,,0,0.0,,,0.0
589600.SH,20260908,,0,0.0,,,0.0
589630.SH,20260908,0.755091,5500,4153.0,,,0.0
589660.SH,20260908,,0,0.0,,,0.0
589680.SH,20260908,1.474,270800,399159.0,,,0.0
589700.SH,20260908,2.169,1000,2169.0,,,0.0
589720.SH,20260908,0.883001,888500,784546.0,,,0.0
589770.SH,20260908,,0,0.0,,,0.0
589780.SH,20260908,,0,0.0,,,0.0
589800.SH,20260908,1.53601,33300,51149.0,,,0.0
589820.SH,20260908,,0,0.0,,,0.0
589850.SH,20260908,1.55,1512600,2344530.0,,,0.0
589860.SH,20260908,,0,0.0,,,0.0
589880.SH,20260908,,0,0.0,,,0.0
589890.SH,20260908,,0,0.0,,,0.0
589900.SH,20260908,,0,0.0,,,0.0
589950.SH,20260908,,0,0.0,,,0.0
589960.SH,20260908,0.82,200,164.0,,,0.0
589980.SH,20260908,1.802,2000,3604.0,,,0.0
589990.SH,20260908,,0,0.0,,,0.0
000001.SZ,20260908,11.66,236300,2755258.0,-0.34188034188032956,3.1656494223204814,42.94871794871802
000002.SZ,20260908,3.2,566300,1812160.0,0.31347962382446415,3.3011130664095014,46.88087774294679
000006.SZ,20260908,7.12,55900,398008.0,0.14064697609001975,1.854638840542503,45.84388185654012
000007.SZ,20260908,11.5,39700,456550.0,0.0,3.6016984585945493,45.0
000008.SZ,20260908,2.5,87600,219000.0,0.40160642570279403,3.1597493981110243,47.40963855421676
000009.SZ,20260908,7.03,34800,244644.0,-0.4249291784702458,2.7068176176325527,42.450424929178524
000010.SZ,20260908,1.7,44000,74800.0,-0.5847953216374324,1.5851887759564331,41.4912280701754
000011.SZ,20260908,8.74,218900,1913186.0,1.2746234067207318,5.924426613561805,52.64774044032439
000012.SZ,20260908,3.75,60600,227250.0,0.2673796791443861,2.4470827284159635,46.604278074866315
000014.SZ,20260908,10.6,10800,114480.0,0.1890359168241984,0.9863682326611695,46.13421550094519
000016.SZ,20260908,,0,0.0,,,0.0
000017.SZ,20260908,9.09,1418900,12897801.0,1.1123470522803158,15.032365998673807,51.67408231368189
000019.SZ,20260908,7.37,167300,1233001.0,-0.13550135501354532,4.239313105109891,44.18699186991873
000020.SZ,20260908,12.36,20000,247200.0,-0.7228915662650603,1.6953582050442737,40.66265060240964
000021.SZ,20260908,35.17,216200,7603754.0,-0.34003967129497825,3.7826683357207953,42.95976197223013
000025.SZ,20260908,15.04,23500,353440.0,0.0,1.9174969576647627,45.0
000026.SZ,20260908,21.21,80900,1715889.0,0.3786086133459543,4.901880146429084,47.27165168007573
000027.SZ,20260908,6.28,28510,179042.8,0.0,1.1343793429803206,45.0
000028.SZ,20260908,20.34,4600,93564.0,0.0,1.9837352872966194,45.0
000029.SZ,20260908,22.95,21900,502605.0,0.3937007874015741,4.062501768132552,47.362204724409445
000030.SZ,20260908,4.06,18000,73080.0,0.0,1.8047351627704176,45.0
000031.SZ,20260908,2.28,124000,282720.0,0.0,2.731780035732688,45.0
000032.SZ,20260908,14.18,31488,446499.84,0.0,1.4089358841140642,45.0
000034.SZ,20260908,23.61,31500,743715.0,-0.16913319238900382,2.3432618943582826,43.98520084566598
000035.SZ,20260908,4.93,54900,270657.0,-0.2024291497975894,1.1732679142757338,43.785425101214464
000036.SZ,20260908,3.94,13800,54372.0,0.2544529262086481,0.5699448388114297,46.526717557251885
000037.SZ,20260908,9.28,26400,244992.0,-0.42918454935623185,3.495788300818325,42.42489270386261
000039.SZ,20260908,9.45,78000,737100.0,0.4250797024442088,4.086207359842179,47.550478214665254
000042.SZ,20260908,8.72,23300,203176.0,0.3452243958573131,4.989265193555373,47.071346375143875
000045.SZ,20260908,10.85,19100,207235.0,-0.09208103130754486,3.9399068715409364,44.44751381215473
000048.SZ,20260908,22.14,30500,675270.0,0.0,2.8549876091554864,45.0
000049.SZ,20260908,23.0,9400,216200.0,0.04349717268379294,2.453421031198696,45.26098303610276
000050.SZ,20260908,6.59,126000,830340.0,-0.15151515151514694,8.363154551938942,44.09090909090912
000055.SZ,20260908,3.59,43700,156883.0,0.27932960893854997,5.338592713026993,46.6759776536313
000056.SZ,20260908,2.36,117400,277064.0,0.0,5.349921855117418,45.0
000058.SZ,20260908,7.23,36300,262449.0,0.0,3.853765113494292,45.0
000059.SZ,20260908,5.59,160800,898872.0,0.0,1.7240453219145264,45.0
000060.SZ,20260908,6.51,744900,4849299.0,0.9302325581395321,5.920762670168313,50.58139534883719
000061.SZ,20260908,6.49,203800,1322662.0,0.0,4.354366422551827,45.0
000062.SZ,20260908,24.05,134200,3227510.0,0.0,5.266243707929584,45.0
000063.SZ,20260908,33.36,512700,17103672.0,0.24038461538460343,11.266386846667164,46.44230769230762
000065.SZ,20260908,9.84,143975,1416714.0,0.10172939979653517,9.39334496835104,45.61037639877921
000066.SZ,20260908,14.7,1283400,18865980.0,-0.6085192697768749,14.775269286267246,41.34888438133875
000068.SZ,20260908,3.3,9200,30360.0,0.6097560975609762,0.619650526491703,48.65853658536586
000069.SZ,20260908,1.83,527100,964593.0,0.5494505494505475,7.179276913930195,48.296703296703285
000070.SZ,20260908,16.07,304200,4888494.0,0.12461059190029822,3.00525906674215,45.747663551401786
000078.SZ,20260908,1.6,5231600,8370560.0,0.0,46.979355964657536,45.0
000088.SZ,20260908,4.55,31900,145145.0,0.0,0.7633497857978468,45.0
000089.SZ,20260908,6.63,11400,75582.0,0.0,0.7160807165982896,45.0
000090.SZ,20260908,3.56,75700,269492.0,0.28169014084507005,2.9204455639915397,46.69014084507042
000096.SZ,20260908,8.24,10800,88992.0,0.24330900243307862,1.2716280748379665,46.45985401459847
000099.SZ,20260908,13.79,3100,42749.0,0.43699927166787056,0.5213585399043256,47.62199563000722
000100.SZ,20260908,4.81,733800,3529578.0,0.0,2.2460590287366307,45.0
000151.SZ,20260908,10.25,4700,48175.0,0.0,0.7383281846788142,45.0
000153.SZ,20260908,6.3,8900,56070.0,0.4784688995215447,0.5277453602715328,47.87081339712927
000155.SZ,20260908,12.02,25400,305308.0,0.08326394671107629,0.9236065805304298,45.499583680266454
000156.SZ,20260908,7.11,69400,493434.0,0.28208744710860323,7.543085369353187,46.69252468265162
000157.SZ,20260908,6.65,111200,739480.0,0.1506024096385561,3.0223041847328576,45.90361445783134
000158.SZ,20260908,13.84,318200,4403888.0,0.0,8.160895374719082,45.0
000159.SZ,20260908,5.7,12900,73530.0,0.0,1.352237216061908,45.0
000166.SZ,20260908,4.52,172400,779248.0,0.0,2.450571779263839,45.0
000301.SZ,20260908,13.8,211900,2924220.0,-1.0043041606886516,5.354476257743333,38.97417503586809
000333.SZ,20260908,85.88,67900,5831252.0,-0.4520690854294629,2.980825945587864,42.28758548742322
000338.SZ,20260908,27.46,186700,5126782.0,-0.2904865649963617,2.7589559010829374,43.25708061002183
000400.SZ,20260908,21.87,47900,1047573.0,-0.31905195989061497,5.045458419965235,43.08568824065631
000401.SZ,20260908,3.61,3800,13718.0,0.2777777777777768,0.30183212801388176,46.66666666666666
000402.SZ,20260908,2.57,81800,210226.0,-0.387596899224818,1.5347435202487743,42.674418604651095
000403.SZ,20260908,10.45,1600,16720.0,0.09578544061301653,0.2664838823541594,45.5747126436781
000404.SZ,20260908,7.08,2800,19824.0,0.0,0.42599844511599005,45.0
000407.SZ,20260908,4.22,1600,6752.0,0.23752969121140222,0.06965579550275601,13.963221337764494
000408.SZ,20260908,75.93,233900,17760027.0,2.566527083614756,17.563169981642083,60.39916250168854
000409.SZ,20260908,9.1,7700,70070.0,0.0,1.5959437422783824,45.0
000410.SZ,20260908,5.33,20900,111397.0,0.0,1.2846446794757314,45.0
000411.SZ,20260908,10.19,11400,116166.0,0.2952755905511806,3.478688522209224,46.77165354330708
000415.SZ,20260908,4.48,67300,301504.0,-0.22271714922048602,1.009003438979918,43.663697104677084
000417.SZ,20260908,6.8,1070800,7281440.0,-1.1627906976744207,10.680172515706154,38.023255813953476
000419.SZ,20260908,5.22,15100,78822.0,-0.3816793893129833,1.4862336995487182,42.7099236641221
000420.SZ,20260908,3.72,241100,896892.0,-0.2680965147452974,3.7724787763866368,43.391420911528215
000421.SZ,20260908,5.79,18800,108852.0,-0.344234079173833,1.718062254145192,42.934595524957004
000422.SZ,20260908,12.5,34800,435000.0,0.32102728731941976,0.7456727760794175,46.92616372391652
000423.SZ,20260908,47.27,14200,671234.0,0.021159542953874677,2.6337079997961137,45.12695725772325
000425.SZ,20260908,8.45,926700,7830615.0,1.6847172081829065,6.716376291752439,55.10830324909744
000426.SZ,20260908,37.96,221300,8400548.0,1.4159764894469795,4.750606488139395,53.49585893668188
000428.SZ,20260908,5.01,3865500,19366155.0,-2.9069767441860517,21.34093704518556,27.55813953488369
000429.SZ,20260908,12.94,51500,666410.0,0.23237800154918276,4.553719776911412,46.3942680092951
000430.SZ,20260908,7.98,859900,6862002.0,-2.0858895705521463,19.402858259529644,32.48466257668712
000488.SZ,20260908,1.94,234600,455124.0,0.0,6.653527338505337,45.0
000498.SZ,20260908,4.94,8100,40014.0,0.0,0.7756674360516501,45.0
000501.SZ,20260908,7.75,154100,1194275.0,-0.3856041131105381,8.675314546315402,42.68637532133677
000503.SZ,20260908,6.96,35000,243600.0,0.0,3.1443271323872084,45.0
000504.SZ,20260908,8.49,79600,675804.0,-1.2790697674418539,9.762748274515241,37.32558139534888
000505.SZ,20260908,7.38,843200,6222816.0,0.40816326530612734,8.877580427592124,47.44897959183676
000506.SZ,20260908,20.28,538800,10926864.0,2.2692889561271024,9.344142220804114,58.615733736762614
000507.SZ,20260908,5.04,26100,131544.0,0.0,2.854118204996963,45.0
000509.SZ,20260908,3.53,29100,102723.0,0.28409090909089496,1.8908844635409854,46.70454545454537
000510.SZ,20260908,17.41,133000,2315530.0,1.9320843091334972,3.3539491243789517,56.59250585480098
000513.SZ,20260908,27.16,12500,339500.0,0.0,2.991362907385357,45.0
000514.SZ,20260908,4.3,69100,297130.0,0.2331002331002363,4.816216513675515,46.398601398601414
000516.SZ,20260908,4.08,122100,498168.0,0.0,2.401699448175959,45.0
000517.SZ,20260908,2.15,83400,179310.0,-0.4629629629629761,2.5860511162627846,42.22222222222214
000518.SZ,20260908,3.87,372600,1441962.0,1.0443864229765065,8.213606937599568,51.266318537859036
000519.SZ,20260908,15.5,388500,6021750.0,-1.210962396430848,4.084075026559705,37.734225621414915
000520.SZ,20260908,4.39,957100,4201669.0,-0.22727272727274261,21.852719650287884,43.63636363636354
000521.SZ,20260908,4.94,25700,126958.0,0.20283975659229903,2.290803698611574,46.2170385395538
000523.SZ,20260908,3.96,11217200,44420112.0,9.999999999999986,89.39987516439,100.0
000524.SZ,20260908,10.35,41600,430560.0,-0.48076923076924016,4.764761646960695,42.115384615384556
000525.SZ,20260908,4.74,38300,181542.0,-0.6289308176100517,0.6878274818630365,41.22641509433969
000526.SZ,20260908,37.71,26800,1010628.0,0.9638554216867545,5.755176320482528,50.783132530120525
000528.SZ,20260908,8.08,206500,1668520.0,0.3726708074534013,2.9463162434087384,47.236024844720404
000529.SZ,20260908,5.21,147700,769517.0,-0.3824091778202754,17.785223880630582,42.70554493307835
000530.SZ,20260908,5.26,45600,239856.0,-0.37878787878788955,2.0773931292909933,42.72727272727266
000531.SZ,20260908,5.63,24000,135120.0,0.1779359430605032,2.6382386996604112,46.06761565836302
000532.SZ,20260908,11.38,3600,40968.0,0.44130626654899086,0.9179443808788027,47.64783759929394
000533.SZ,20260908,11.99,271200,3251688.0,-0.08333333333333526,5.56778528502418,44.499999999999986
000534.SZ,20260908,23.72,29600,702112.0,-0.6284038542103132,1.5346346305458471,41.22957687473812
000536.SZ,20260908,3.63,573800,2082894.0,-0.27472527472528485,8.331316061272625,43.351648351648294
000537.SZ,20260908,7.48,13000,97240.0,-0.1335113484646211,0.7461505508950257,44.19893190921228
000538.SZ,20260908,50.5,9700,489850.0,-0.13842198932173533,1.5065090540502173,44.16946806406959
000539.SZ,20260908,5.09,147700,751793.0,0.19685039370078705,3.063984712156878,46.181102362204726
000541.SZ,20260908,4.96,21600,107136.0,0.0,3.1046876354443924,45.0
000543.SZ,20260908,7.34,36100,264974.0,0.2732240437158362,1.8494751592771979,46.63934426229502
000544.SZ,20260908,7.35,300,2205.0,-0.13586956521740579,0.07783620847226479,13.195300133703228
000545.SZ,20260908,2.3,726700,1671410.0,0.4366812227074135,10.310173537259395,47.62008733624448
000546.SZ,20260908,4.63,25600,118528.0,0.6521739130434856,2.3015668296784204,48.91304347826092
000547.SZ,20260908,14.27,214600,3062342.0,-0.5574912891986084,3.4833147106145734,41.65505226480835
000548.SZ,20260908,4.66,9500,44270.0,0.0,1.3783492912861557,45.0
000550.SZ,20260908,17.4,10000,174000.0,-0.11481056257177658,3.0407261449199754,44.31113662456934
000551.SZ,20260908,12.24,10100,123624.0,0.0,1.1249217472624247,45.0
000552.SZ,20260908,2.53,322200,815166.0,0.0,2.4693642147226194,45.0
000553.SZ,20260908,5.76,96400,555264.0,0.34843205574912606,5.472769806925862,47.09059233449476
000554.SZ,20260908,6.54,22700,148458.0,-0.45662100456621557,0.9203286633325924,42.260273972602704
000555.SZ,20260908,10.9,29700,323730.0,0.0,2.700738120963677,45.0
000557.SZ,20260908,3.75,78100,292875.0,0.536193029490617,5.902769650867365,48.2171581769437
000558.SZ,20260908,4.0,284500,1138000.0,-0.7444168734491385,5.24148477601945,40.53349875930517
000559.SZ,20260908,10.98,170300,1869894.0,-0.5434782608695565,6.9627450841207486,41.73913043478266
000560.SZ,20260908,3.35,12614100,42257235.0,7.028753993610226,19.39105772982522,87.17252396166135
000561.SZ,20260908,7.77,8100,62937.0,-0.25673940949936247,1.3024447376735286,43.459563543003824
000563.SZ,20260908,2.99,112900,337571.0,0.0,2.2811644849966406,45.0
000564.SZ,20260908,1.65,3003600,4955940.0,0.0,2.95251385594472,45.0
000565.SZ,20260908,6.41,54800,351268.0,-0.6201550387596955,4.083311803235236,41.279069767441825
000566.SZ,20260908,4.92,139900,688308.0,0.0,2.0693106011768667,45.0
000567.SZ,20260908,6.69,92900,621501.0,0.0,2.8581406248415866,45.0
000568.SZ,20260908,79.35,20300,1610805.0,0.06305170239595537,2.2972789650914955,45.37831021437573
000570.SZ,20260908,5.23,8000,41840.0,0.0,1.0197036403432147,45.0
000571.SZ,20260908,5.96,16300,97148.0,0.1680672268907557,0.930139180570307,46.008403361344534
000572.SZ,20260908,4.0,52500,210000.0,0.7556675062972307,1.0692583033057512,49.53400503778339
000573.SZ,20260908,3.82,6800,25976.0,0.0,0.682231307141895,45.0
000576.SZ,20260908,8.39,121100,1016029.0,0.8413461538461675,5.394820204362987,50.048076923077005
000581.SZ,20260908,18.07,5500,99385.0,0.11080332409971749,0.7947446972122462,45.66481994459831
000582.SZ,20260908,11.87,1368972,16249697.64,-1.7384105960264962,13.558259464837262,34.56953642384102
000586.SZ,20260908,13.7,21300,291810.0,-0.1457725947521915,3.6853059636209364,44.12536443148685
000589.SZ,20260908,4.31,71100,306441.0,0.0,2.927627517559146,45.0
000590.SZ,20260908,9.34,4400,41096.0,0.4301075268817067,1.1911066509985633,47.58064516129024
000591.SZ,20260908,4.3,136700,587810.0,-0.23201856148491462,2.91708278411818,43.60788863109051
000592.SZ,20260908,8.0,9072101,72576808.0,1.6518424396442244,21.82386801298083,54.91105463786535
000593.SZ,20260908,21.72,33700,731964.0,-0.9124087591241059,3.0688770182045166,39.52554744525536
000595.SZ,20260908,5.41,147500,797975.0,-0.36832412523019054,8.660941919601818,42.790055248618856
000596.SZ,20260908,100.0,16900,1690000.0,-0.990099009900991,4.23881939549617,39.059405940594054
000597.SZ,20260908,4.8,28200,135360.0,-0.20790020790020236,1.8514982926919925,43.752598752598786
000598.SZ,20260908,7.14,21300,152082.0,-0.13986013986014845,1.5426919157352343,44.16083916083911
000599.SZ,20260908,4.69,1400,6566.0,0.0,0.16279727979600336,29.303510363280605
000600.SZ,20260908,7.39,27400,202486.0,0.13550135501354532,1.823145228353014,45.81300813008127
000601.SZ,20260908,6.17,77200,476324.0,0.16233766233766378,3.8843173026067124,45.974025974025984
000603.SZ,20260908,35.88,308700,11076156.0,1.4705882352941346,7.97676397957223,53.82352941176481
000605.SZ,20260908,6.07,15200,92264.0,0.33057851239670644,4.339450005659478,46.98347107438024
000607.SZ,20260908,3.88,40700,157916.0,0.0,1.6494288309795104,45.0
000608.SZ,20260908,7.76,141500,1098040.0,-0.8939974457215838,3.3784075637511526,39.6360153256705
000609.SZ,20260908,9.6,11300,108480.0,-0.4149377593361092,1.917747003666153,42.51037344398335
000610.SZ,20260908,7.85,97100,762235.0,-3.205918618988901,7.129424178865914,25.764488286066594
000612.SZ,20260908,10.85,126000,1367100.0,0.4629629629629539,3.5535864508116335,47.77777777777772
000615.SZ,20260908,,0,0.0,,0.0,0.0
000617.SZ,20260908,7.11,507300,3606903.0,-0.1404494382022392,4.887815184749377,44.157303370786565
000619.SZ,20260908,5.1,23100,117810.0,0.19646365422396617,5.7171333620718645,46.1787819253438
000620.SZ,20260908,3.0,828900,2486700.0,-0.6622516556291425,1.361623443036434,41.02649006622514
000623.SZ,20260908,18.22,20200,368044.0,0.2751788662630483,2.753463095912934,46.65107319757829
000625.SZ,20260908,7.11,109300,777123.0,0.0,1.5187545948144046,45.0
000626.SZ,20260908,10.01,262400,2626624.0,1.5212981744421983,6.8982804986837385,54.12778904665319
000628.SZ,20260908,53.74,62100,3337254.0,0.6744098913450625,6.491446950475268,49.04645934807037
000629.SZ,20260908,2.99,121800,364182.0,0.0,1.4495882132322797,45.0
000630.SZ,20260908,6.48,3918300,25390584.0,1.5673981191222763,9.854446135185032,54.404388714733656
000631.SZ,20260908,2.95,7500,22125.0,-0.33783783783782884,0.622110195336317,42.972972972973025
000632.SZ,20260908,4.06,144100,585046.0,0.0,13.40454888956856,45.0
000633.SZ,20260908,5.4,7000,37800.0,0.18552875695734272,0.9214153153753551,46.113172541744056
000635.SZ,20260908,7.28,137900,1003912.0,-1.4884979702300294,5.2542007914360855,36.06901217861982
000636.SZ,20260908,50.46,500100,25235046.0,0.01982160555005219,6.8678972687751285,45.11892963330031
000637.SZ,20260908,4.29,43400,186186.0,0.2336448598130758,4.787456416776631,46.401869158878455
000639.SZ,20260908,1.69,452800,765232.0,-0.588235294117645,8.568805849688532,41.47058823529413
000650.SZ,20260908,5.36,7000,37520.0,0.0,0.28444668950446583,45.0
000651.SZ,20260908,38.9,41600,1618240.0,0.0,0.9279301716578162,45.0
000652.SZ,20260908,3.5,38200,133700.0,-0.2849002849002802,1.8188977443481757,43.29059829059832
000655.SZ,20260908,7.21,5600,40376.0,0.0,0.4520099541610611,45.0
000656.SZ,20260908,1.24,367700,455948.0,0.0,1.5626551970587388,45.0
000657.SZ,20260908,60.01,239200,14354392.0,0.01666666666666483,5.230484874542298,45.09999999999999
000659.SZ,20260908,2.98,23900,71222.0,-0.33444816053512794,0.8199903907930151,42.99331103678923
000661.SZ,20260908,73.0,8856,646488.0,-0.10946907498631253,1.1155093709306667,44.343185550082126
000663.SZ,20260908,6.2,102000,632400.0,0.1615508885298933,10.587364829910753,45.969305331179356
000665.SZ,20260908,4.19,64000,268160.0,-0.23809523809523725,3.261152961317455,43.57142857142858
000668.SZ,20260908,21.0,2300,48300.0,-3.136531365313655,1.8578900686569466,26.18081180811807
000669.SZ,20260908,4.18,4500,18810.0,0.0,1.0479940608098415,45.0
000670.SZ,20260908,7.01,69300,485793.0,-0.42613636363636465,1.8137748364349526,42.44318181818181
000672.SZ,20260908,14.93,77800,1161554.0,0.33602150537632713,3.5403530386586755,47.016129032257965
000676.SZ,20260908,7.08,88800,628704.0,0.0,1.8409625777064405,45.0
000677.SZ,20260908,1.86,150600,280116.0,0.0,3.05107285090779,45.0
000678.SZ,20260908,9.4,38500,361900.0,0.32017075773747017,4.300803594943397,46.92102454642482
000679.SZ,20260908,6.57,55800,366606.0,0.3053435114503955,3.3230343262476345,46.83206106870237
000680.SZ,20260908,10.63,21300,226419.0,0.2830188679245449,1.0868169968905816,46.698113207547266
000681.SZ,20260908,17.68,312300,5521464.0,0.0,4.879263962492914,45.0
000682.SZ,20260908,11.19,13800,154422.0,0.08944543828264262,1.8729790727187645,45.53667262969586
000683.SZ,20260908,6.15,405600,2494440.0,-0.16233766233766378,6.7535219103230535,44.025974025974016
000685.SZ,20260908,11.34,25000,283500.0,0.0,2.4267293614973466,45.0
000686.SZ,20260908,7.98,29000,231420.0,0.0,2.590556245083224,45.0
000688.SZ,20260908,27.73,26100,723753.0,0.5438723712835491,2.0053939320430123,48.2632342277013
000690.SZ,20260908,4.98,160400,798792.0,0.0,2.0301239320240825,45.0
000691.SZ,20260908,10.05,5500,55275.0,-0.09940357852882276,0.562818932917818,44.40357852882706
000692.SZ,20260908,4.23,26900,113787.0,0.0,1.8465343301105897,45.0
000695.SZ,20260908,14.22,9700,137934.0,0.14084507042253502,1.48660724591862,45.84507042253521
000697.SZ,20260908,9.09,12400,112716.0,-0.3289473684210509,1.9513166609405008,43.02631578947369
000698.SZ,20260908,3.66,1000,3660.0,0.273972602739736,0.38431571851288715,46.643835616438416
000700.SZ,20260908,11.82,226100,2672502.0,1.0256410256410442,3.5662637223008153,51.15384615384627
000701.SZ,20260908,5.21,181100,943531.0,0.0,10.687535881826312,45.0
000702.SZ,20260908,6.34,1576500,9995010.0,-1.2461059190031154,41.88695361098241,37.523364485981304
000703.SZ,20260908,17.65,311496,5497904.4,-0.22611644997174718,3.281840915686292,43.64330130016952
000705.SZ,20260908,7.32,63900,467748.0,0.687757909215958,11.720432989099425,49.12654745529575
000707.SZ,20260908,4.68,11300,52884.0,0.21413276231263545,0.9755967616031798,46.28479657387581
000708.SZ,20260908,13.44,7100,95424.0,0.07446016381236209,0.4910542297079632,45.446760982874174
000709.SZ,20260908,2.08,89400,185952.0,0.48309178743961567,0.6782192943464551,47.898550724637694
000710.SZ,20260908,8.72,42200,367984.0,0.0,3.4186296264615064,45.0
000711.SZ,20260908,5.61,1512100,8482881.0,0.0,16.097062254195464,45.0
000712.SZ,20260908,12.34,1554900,19187466.0,-0.08097165991902688,13.417149841771062,44.51417004048584
000713.SZ,20260908,6.76,170900,1155284.0,-0.44182621502208974,3.1542750852738886,42.34904270986746
000715.SZ,20260908,5.78,14700,84966.0,0.0,1.5526496467105315,45.0
000716.SZ,20260908,5.67,460200,2609334.0,-0.8741258741258751,5.369200062581065,39.755244755244746
000717.SZ,20260908,2.25,7900,17775.0,0.0,0.30559073552015387,45.0
000718.SZ,20260908,1.99,41400,82386.0,-0.5000000000000004,1.2197240227725428,42.0
000719.SZ,20260908,12.32,12500,154000.0,0.0,2.442463591739224,45.0
000720.SZ,20260908,3.78,18700,70686.0,0.0,0.9245889813102904,45.0
000721.SZ,20260908,7.43,619900,4605857.0,-2.1080368906455926,11.859245699823632,32.35177865612644
000722.SZ,20260908,13.16,31500,414540.0,0.0,2.48453206373247,45.0
000723.SZ,20260908,3.71,217400,806554.0,-0.536193029490617,2.1723953364698887,41.7828418230563
000725.SZ,20260908,5.65,4060600,22942390.0,-0.5281690140845008,4.287084784204254,41.830985915492995
000726.SZ,20260908,5.9,1300,7670.0,0.0,0.29043938142200854,45.0
000727.SZ,20260908,2.26,64300,145318.0,0.0,0.9540981378140793,45.0
000728.SZ,20260908,7.71,115100,887421.0,-0.12953367875647714,3.7078809718491965,44.22279792746114
000729.SZ,20260908,11.14,24900,277386.0,0.0,1.4857299190814088,45.0
000731.SZ,20260908,7.52,155600,1170112.0,0.8042895442359255,5.466768548134745,49.825737265415555
000733.SZ,20260908,40.36,17600,710336.0,-0.14844136566056765,2.593420252832557,44.10935180603659
000735.SZ,20260908,6.65,6932680,46102322.0,-1.3353115727002929,25.94887036106508,36.988130563798244
000736.SZ,20260908,4.7,80500,378350.0,-0.2123142250530785,2.6047305010785156,43.72611464968153
000737.SZ,20260908,14.91,1961800,29250438.0,4.04745289602233,7.690914074563421,69.28471737613398
000738.SZ,20260908,19.25,43200,831600.0,-0.1556016597510479,1.9085207701880542,44.06639004149371
000739.SZ,20260908,22.45,38100,855345.0,0.6726457399103047,2.0347250040750127,49.03587443946183
000750.SZ,20260908,3.79,108800,412352.0,0.0,2.9952722241628083,45.0
000751.SZ,20260908,4.97,263098,1307597.06,1.2219959266802416,3.6451689269918535,52.331975560081446
000752.SZ,20260908,8.89,4000,35560.0,0.11261261261261701,2.03782293347362,45.675675675675706
000753.SZ,20260908,5.09,202800,1032252.0,0.0,6.814838197422403,45.0
000755.SZ,20260908,4.85,91600,444260.0,-0.4106776180698213,16.66674708167673,42.53593429158107
000756.SZ,20260908,13.19,4800,63312.0,0.22796352583585033,0.39059806348642817,46.3677811550151
000757.SZ,20260908,4.33,12900,55857.0,0.0,1.2822454650813595,45.0
000758.SZ,20260908,6.13,231100,1416643.0,0.9884678747940523,6.139839214021403,50.93080724876431
000759.SZ,20260908,7.7,9043300,69633410.0,10.000000000000009,153.11949190948403,100.0
000761.SZ,20260908,2.3,31600,72680.0,0.0,0.9486547008843871,45.0
000762.SZ,20260908,22.25,21709,483025.25,0.5422503389064692,1.539663285696671,48.253502033438814
000766.SZ,20260908,16.8,17800,299040.0,0.17889087656530744,1.1035848030316044,46.07334525939184
000767.SZ,20260908,3.36,32400,108864.0,-0.29673590504452063,0.4399855505922527,43.21958456973287
000768.SZ,20260908,23.31,76100,1773891.0,0.12886597938144284,3.191282115521287,45.77319587628865
000776.SZ,20260908,21.9,167300,3663870.0,0.4126547455295837,3.7739334470538886,47.475928473177504
000777.SZ,20260908,17.14,4200,71988.0,-0.05830903790086106,0.9066875835802709,44.65014577259483
000778.SZ,20260908,3.66,265100,970266.0,0.0,1.6626218713789462,45.0
000779.SZ,20260908,10.17,275100,2797767.0,-1.5488867376573068,4.489366812175398,35.70667957405616
000782.SZ,20260908,7.58,300,2274.0,0.13210039630118242,0.015888476810925305,3.6525282037736493
000783.SZ,20260908,9.08,405900,3685572.0,0.22075055187638082,4.033373082022898,46.32450331125828
000785.SZ,20260908,2.35,147800,347330.0,0.0,2.387476093840414,45.0
000786.SZ,20260908,16.31,28400,463204.0,0.061349693251511184,1.6462375003968843,45.36809815950907
000788.SZ,20260908,5.52,4000,22080.0,-0.1808318264014619,0.26381012868163434,43.915009041591226
000789.SZ,20260908,4.15,22900,95035.0,0.4842615012106588,0.6263665986914512,47.90556900726395
000790.SZ,20260908,4.17,14600,60882.0,0.24038461538460343,1.1360490482393721,46.44230769230762
000791.SZ,20260908,7.22,36000,259920.0,0.0,2.884952830118847,45.0
000792.SZ,20260908,26.39,122100,3222219.0,0.4185692541856856,2.2830658742244836,47.51141552511412
000793.SZ,20260908,2.09,196000,409640.0,0.48076923076922906,9.656797501657017,47.88461538461537
000795.SZ,20260908,8.47,84200,713174.0,0.11820330969267712,8.176876899829514,45.70921985815606
000796.SZ,20260908,4.45,680900,3030005.0,-1.1111111111111072,7.822549813889197,38.33333333333336
000797.SZ,20260908,2.6,67900,176540.0,0.0,1.811762690741123,45.0
000798.SZ,20260908,11.96,3599000,43044040.0,7.264573991031398,42.09022340140621,88.58744394618839
000799.SZ,20260908,39.68,22600,896768.0,0.4811344644213733,4.63245506103215,47.88680678652824
000800.SZ,20260908,6.03,89100,537273.0,0.16611295681063787,7.773121279694749,45.99667774086383
000801.SZ,20260908,12.61,31400,395954.0,0.07936507936507908,2.266108907453793,45.476190476190474
000802.SZ,20260908,4.19,590200,2472938.0,0.0,5.89073776137807,45.0
000803.SZ,20260908,7.41,12700,94107.0,0.40650406504065817,0.8452599029296475,47.43902439024395
000807.SZ,20260908,26.95,179500,4837525.0,0.5972377752892832,2.5469565744791045,48.5834266517357
000809.SZ,20260908,3.4,16100,54740.0,0.2949852507374562,1.3439106350984333,46.76991150442474
000810.SZ,20260908,9.76,74700,729072.0,0.30832476875641834,7.352823417145897,46.84994861253851
000811.SZ,20260908,37.88,97700,3700876.0,0.0,2.876068413946577,45.0
000812.SZ,20260908,3.91,1171800,4581738.0,0.773195876288657,37.80597628863456,49.63917525773194
000813.SZ,20260908,3.55,6496800,23063640.0,-5.333333333333334,36.148285368421504,15.0
000815.SZ,20260908,16.33,116602,1904110.66,-0.12232415902142524,2.6861784369042767,44.26605504587145
000816.SZ,20260908,3.34,3965100,13243434.0,2.7692307692307683,21.169132450634184,61.61538461538461
000818.SZ,20260908,12.25,13000,159250.0,0.08169934640522847,1.444396631968178,45.49019607843137
000819.SZ,20260908,12.29,2200,27038.0,-0.08130081300814496,0.5702714698682174,44.51219512195113
000820.SZ,20260908,3.6,69000,248400.0,-0.27700831024930483,6.160658129298555,43.33795013850417
000821.SZ,20260908,7.46,116200,866852.0,1.2211668928086894,6.967821791429963,52.327001356852136
000822.SZ,20260908,4.55,606900,2761395.0,-1.0869565217391242,18.876462434187737,38.478260869565254
000823.SZ,20260908,17.23,4737500,81627125.0,8.092848180677548,32.110874855508015,93.55708908406528
000825.SZ,20260908,3.47,237700,824819.0,0.0,6.127834563495681,45.0
000826.SZ,20260908,1.84,110900,204056.0,0.0,7.5439329208994295,45.0
000828.SZ,20260908,10.1,5600,56560.0,0.09910802775023875,0.7170380607708587,45.59464816650143
000829.SZ,20260908,9.06,70100,635106.0,0.11049723756906271,5.034994239388764,45.662983425414374
000830.SZ,20260908,12.44,77000,957880.0,0.0,2.117085479781334,45.0
000831.SZ,20260908,55.59,68700,3819033.0,-0.41203869580794805,2.595680795909751,42.52776782515231
000833.SZ,20260908,21.48,603189,12956499.72,3.5180722891566374,14.388522256111843,66.10843373493982
000837.SZ,20260908,10.04,34200,343368.0,0.0,2.5684612923340753,45.0
000838.SZ,20260908,2.62,1073500,2812570.0,-0.7575757575757569,15.926394596883046,40.45454545454546
000839.SZ,20260908,2.81,1612300,4530563.0,-0.7067137809187329,15.389547710947006,40.7597173144876
000848.SZ,20260908,8.37,49100,410967.0,-0.11933174224345588,4.902764691995012,44.28400954653927
000850.SZ,20260908,4.27,8400,35868.0,0.23474178403755097,1.033095937480126,46.4084507042253
000852.SZ,20260908,5.64,96300,543132.0,0.0,1.4334086993256314,45.0
000856.SZ,20260908,8.69,13900,120791.0,-0.45819014891180787,1.376560067458566,42.250859106529155
000858.SZ,20260908,71.43,72200,5157246.0,-0.04198152812761036,3.649409661260517,44.748110831234335
000859.SZ,20260908,8.87,140300,1244461.0,-0.3370786516854074,5.1038214750069395,42.97752808988756
000860.SZ,20260908,11.16,49800,555768.0,0.08968609865471766,3.2620004635564857,45.53811659192831
000862.SZ,20260908,5.27,33200,174964.0,-0.3780718336483968,1.5887653444886627,42.73156899810962
000863.SZ,20260908,4.24,14700,62328.0,0.0,0.6851399903617728,45.0
000868.SZ,20260908,3.57,70700,252399.0,0.2808988764044784,5.527864929557957,46.68539325842687
000869.SZ,20260908,16.37,1800,29466.0,0.0,0.668643031691715,45.0
000875.SZ,20260908,4.85,18600,90210.0,0.0,0.570826558595713,45.0
000876.SZ,20260908,7.82,2415400,18888428.0,0.0,23.415496635253053,45.0
000877.SZ,20260908,3.76,43500,163560.0,0.8042895442359255,1.7503937749233798,49.825737265415555
000878.SZ,20260908,17.81,482700,8596887.0,2.1215596330275144,5.251750190162404,57.72935779816508
000880.SZ,20260908,25.55,72800,1860040.0,-0.07821666014861117,4.796656623901229,44.53070003910833
000881.SZ,20260908,6.72,19600,131712.0,0.14903129657226621,2.1859435491762285,45.894187779433594
000882.SZ,20260908,1.58,486800,769144.0,1.2820512820512775,6.056240928024412,52.692307692307665
000883.SZ,20260908,4.45,355400,1581530.0,-0.6696428571428603,12.135842037910098,40.98214285714284
000885.SZ,20260908,12.15,3300,40095.0,-0.0822368421052655,1.2297602823818898,44.50657894736841
000886.SZ,20260908,4.81,25700,123617.0,-0.6198347107438051,1.5304716261296485,41.28099173553717
000887.SZ,20260908,21.44,130800,2804352.0,0.5628517823639712,5.007601701902981,48.37711069418383
000888.SZ,20260908,10.57,143400,1515738.0,0.09469696969697239,7.630150724452733,45.568181818181834
000889.SZ,20260908,3.97,84600,335862.0,0.5063291139240533,3.260383263351936,48.03797468354432
000890.SZ,20260908,8.32,137800,1146496.0,-0.12004801920768582,2.2801416669748167,44.27971188475389
000892.SZ,20260908,5.7,4352300,24808110.0,-2.7303754266211677,19.003006445493913,28.617747440272993
000893.SZ,20260908,45.54,58800,2677752.0,-0.0877577885037284,3.693460524536647,44.47345326897763
000895.SZ,20260908,24.0,45300,1087200.0,0.0,5.0875048744346065,45.0
000897.SZ,20260908,1.88,30400,57152.0,0.0,0.7097103726061961,45.0
000898.SZ,20260908,2.04,92400,188496.0,0.49261083743843415,1.5142287454342984,47.955665024630605
000899.SZ,20260908,9.35,8600,80410.0,0.0,1.2739870864679488,45.0
000900.SZ,20260908,3.67,10500,38535.0,0.0,0.789928567904473,45.0
000901.SZ,20260908,14.1,13900,195990.0,0.0,0.9696938355729438,45.0
000902.SZ,20260908,14.36,19400,278584.0,0.0,0.7143685027818107,45.0
000903.SZ,20260908,2.08,1455200,3026816.0,-0.4784688995215225,29.8756008193586,42.12918660287087
000905.SZ,20260908,9.13,127600,1164988.0,0.0,8.320995673108106,45.0
000906.SZ,20260908,6.2,54000,334800.0,0.1615508885298933,3.982844392660118,45.969305331179356
000908.SZ,20260908,6.36,29700,188892.0,0.6329113924050667,3.0253209155143472,48.7974683544304
000909.SZ,20260908,4.54,4600,20884.0,0.22075055187638082,2.007395257971822,46.32450331125828
000910.SZ,20260908,5.41,8100,43821.0,0.0,2.731428506404354,45.0
000911.SZ,20260908,6.6,1636200,10798920.0,9.090909090909083,79.54440891400151,99.5454545454545
000912.SZ,20260908,4.31,388600,1674866.0,0.23255813953488857,7.377085445602158,46.39534883720933
000913.SZ,20260908,11.15,3400,37910.0,-0.08960573476702871,1.1434586338984178,44.46236559139783
000915.SZ,20260908,25.82,40000,1032800.0,-0.6540977298961081,8.433361037607526,41.07541362062335
000917.SZ,20260908,7.25,69000,500250.0,-0.27510316368637433,2.4430389716475682,43.349381017881754
000919.SZ,20260908,6.6,18100,119460.0,0.0,1.2820455445552843,45.0
000920.SZ,20260908,11.32,11500,130180.0,0.08841732979663064,2.15769670037489,45.530503978779784
000921.SZ,20260908,27.8,4100,113980.0,-0.35842293906809264,0.7050298518286674,42.84946236559144
000922.SZ,20260908,12.05,31200,375960.0,0.24958402662229595,4.53370045431406,46.49750415973378
000923.SZ,20260908,17.23,549900,9474777.0,4.297820823244547,22.97021000967535,70.78692493946728
000925.SZ,20260908,8.63,116400,1004532.0,0.0,4.094004790474914,45.0
000926.SZ,20260908,2.23,17200,38356.0,0.45045045045044585,0.5803629422553017,47.70270270270267
000927.SZ,20260908,2.48,76400,189472.0,-0.40160642570281624,1.4882226705641208,42.5903614457831
000928.SZ,20260908,5.44,52800,287232.0,0.3690036900369176,0.5436679533456535,47.2140221402215
000929.SZ,20260908,9.91,36700,363697.0,-0.4020100502512447,5.861864852468967,42.587939698492534
000930.SZ,20260908,5.33,575400,3066882.0,0.5660377358490676,13.179778967353855,48.396226415094404
000931.SZ,20260908,4.58,78200,358156.0,-0.2178649237472685,1.6904197989352752,43.69281045751639
000932.SZ,20260908,3.57,126800,452676.0,0.0,1.3295376780178079,45.0
000933.SZ,20260908,27.16,128900,3500924.0,0.7792207792207906,4.366191849473539,49.675324675324745
000935.SZ,20260908,21.67,3500,75845.0,0.046168051708228575,1.4869227359728405,45.27700831024937
000936.SZ,20260908,5.65,369600,2088240.0,-0.17667844522968323,13.167675665163156,43.9399293286219
000937.SZ,20260908,4.72,59000,278480.0,0.2123142250530785,1.5971088179105792,46.27388535031847
000938.SZ,20260908,35.18,630700,22188026.0,-0.5371783997738078,3.5737708495034,41.77692960135715
000948.SZ,20260908,14.24,176100,2507664.0,0.9929078014184523,27.19074076781806,50.95744680851071
000949.SZ,20260908,7.61,248300,1889563.0,0.5284015852047519,5.0850919719433065,48.17040951122851
000950.SZ,20260908,5.36,86800,465248.0,0.0,4.075269147610675,45.0
000951.SZ,20260908,22.02,39700,874194.0,0.09090909090909705,4.02132546641832,45.54545454545458
000952.SZ,20260908,6.7,19900,133330.0,0.1494768310911887,2.620304234203323,45.89686098654713
000953.SZ,20260908,6.17,5900,36403.0,0.16233766233766378,0.3557221970191666,45.974025974025984
000955.SZ,20260908,4.27,24100,102907.0,0.0,2.684090905560855,45.0
000957.SZ,20260908,10.22,27200,277984.0,0.39292730844795454,1.5103385282906943,47.357563850687725
000958.SZ,20260908,5.27,37300,196571.0,0.0,3.1935777716550384,45.0
000959.SZ,20260908,3.63,17300,62799.0,0.0,0.5210302549744226,45.0
000960.SZ,20260908,34.22,114100,3904502.0,0.7062978222483807,3.468717276145919,49.237786933490284
000962.SZ,20260908,53.71,55633,2988048.43,0.018621973929233704,4.123270610783869,45.1117318435754
000963.SZ,20260908,27.19,23800,647122.0,-0.03676470588234171,2.6208587794719578,44.77941176470595
000965.SZ,20260908,3.35,274500,919575.0,0.6006006006006093,4.928589307348279,48.60360360360366
000966.SZ,20260908,4.01,18200,72982.0,0.0,0.519988329364893,45.0
000967.SZ,20260908,8.06,71700,577902.0,-0.12391573729862992,1.5598391551296638,44.25650557620822
000968.SZ,20260908,7.23,41900,302937.0,0.0,1.2129389768730294,45.0
000969.SZ,20260908,17.39,32000,556480.0,-0.22948938611588865,2.40679675344558,43.623063683304665
000970.SZ,20260908,11.75,46700,548725.0,0.0,2.6518870855830587,45.0
000972.SZ,20260908,3.89,84800,329872.0,0.7772020725388629,4.236725572036073,49.66321243523318
000973.SZ,20260908,12.27,163100,2001237.0,-0.9685230024213176,5.4684707479178725,39.188861985472094
000975.SZ,20260908,26.1,108800,2839680.0,1.1627906976744207,3.1578239242124373,51.976744186046524
000977.SZ,20260908,74.88,1265523,94762362.24,0.18731602890018628,12.256999715130206,46.12389617340112
000978.SZ,20260908,8.0,7808371,62466968.0,9.890109890109876,305.34418921583807,100.0
000980.SZ,20260908,1.69,1811400,3061266.0,1.1976047904191711,4.7675429033355545,52.18562874251503
000981.SZ,20260908,2.68,448400,1201712.0,0.0,1.4949715604637945,45.0
000983.SZ,20260908,6.62,481900,3190178.0,0.0,4.4543889339131,45.0
000985.SZ,20260908,17.99,44300,796957.0,-0.22185246810871861,11.513939402863496,43.66888519134769
000987.SZ,20260908,7.53,87200,656616.0,0.0,3.579463702346865,45.0
000988.SZ,20260908,102.0,278000,28356000.0,0.08831321754489974,8.559338626239397,45.5298793052694
000989.SZ,20260908,8.9,16100,143290.0,-0.11223344556677839,0.7933985524436711,44.32659932659933
000990.SZ,20260908,6.53,57100,372863.0,0.0,1.1237833107966786,45.0
000993.SZ,20260908,10.46,111000,1161060.0,0.0,9.442926490175074,45.0
000995.SZ,20260908,11.53,25900,298627.0,-0.2595155709342656,4.009205032829279,43.44290657439441
000997.SZ,20260908,20.99,65800,1381142.0,-0.37968675842431354,3.8844969725348006,42.72187944945412
000998.SZ,20260908,9.6,608800,5844480.0,-0.8264462809917328,4.401197715647348,40.0413223140496
000999.SZ,20260908,24.67,6900,170223.0,0.0,1.0461237809484054,45.0
001201.SZ,20260908,13.29,64400,855876.0,1.5278838808250539,6.513580195027769,54.16730328495032
001202.SZ,20260908,14.22,9400,133668.0,0.3528581510232831,2.6437324742916655,47.1171489061397
001203.SZ,20260908,25.6,230500,5900800.0,-0.8136381247578317,14.343006123882875,40.118171251453006
001205.SZ,20260908,14.58,900,13122.0,-0.1369863013698569,0.39133891061166454,44.17808219178086
001206.SZ,20260908,16.91,22200,375402.0,-0.7046388725778119,6.096387335011427,40.772166764533125
001207.SZ,20260908,17.54,5200,91208.0,0.17133066818959541,2.220514973974973,46.02798400913757
001208.SZ,20260908,14.37,23300,334821.0,0.0,2.2807623718029513,45.0
001209.SZ,20260908,18.55,15200,281960.0,0.05393743257822159,7.414544261260812,45.323624595469326
001210.SZ,20260908,28.39,329000,9340310.0,0.3534817956875269,19.603986760118186,47.12089077412516
001211.SZ,20260908,24.26,11200,271712.0,-0.04120313143798349,2.991440858966172,44.752781211372096
001212.SZ,20260908,33.45,700,23415.0,0.08976660682227244,0.26846821577791796,45.53859964093363
001213.SZ,20260908,3.53,8300,29299.0,0.0,0.9270401757804102,45.0
001215.SZ,20260908,31.0,2700,83700.0,0.4536616979909258,1.945450316894565,47.72197018794556
001216.SZ,20260908,15.08,30900,465972.0,0.13280212483399723,12.381239573127663,45.79681274900398
001217.SZ,20260908,10.4,2700,28080.0,0.09624639076033503,0.7612206072676431,45.57747834456201
001218.SZ,20260908,23.8,7100,168980.0,0.0841042893187538,5.01526679503866,45.504625735912526
001219.SZ,20260908,13.3,18900,251370.0,0.5291005291005346,5.4347063464505805,48.174603174603206
001220.SZ,20260908,31.9,310,9889.0,0.03135779241141279,0.6601980657352972,45.18814675446848
001221.SZ,20260908,39.01,11100,433011.0,-0.6873727087576498,4.968518243476947,40.8757637474541
001222.SZ,20260908,17.0,419100,7124700.0,0.058858151854046525,41.68659393651689,45.35314891112428
001223.SZ,20260908,41.46,6000,248760.0,0.24177949709864865,3.2912677072729712,46.450676982591894
001225.SZ,20260908,47.74,13700,654038.0,0.10484378276369721,19.514897385949364,45.62906269658218
001226.SZ,20260908,47.17,2000,94340.0,0.46858359957400175,3.3990149558099234,47.81150159744401
001227.SZ,20260908,2.14,170300,364442.0,0.0,1.745720374611311,45.0
001228.SZ,20260908,31.01,14300,443443.0,0.0,7.677013499244416,45.0
001229.SZ,20260908,39.99,75600,3023244.0,2.82849061455388,8.065624758490985,61.970943687323285
001230.SZ,20260908,19.76,6700,132392.0,0.10131712259373593,1.7338962843728416,45.60790273556242
001231.SZ,20260908,22.27,3900,86853.0,-0.04488330341113622,1.2237664354017648,44.73070017953318
001232.SZ,20260908,168.75,38008,6413850.0,0.5002680007146765,9.91576174648133,48.00160800428806
001233.SZ,20260908,43.53,5600,243768.0,0.3457814661134151,6.850687626444871,47.07468879668049
001234.SZ,20260908,23.33,1600,37328.0,0.43047783039171783,1.1456691218078492,47.58286698235031
001236.SZ,20260908,8.04,11600,93264.0,0.24937655860348684,0.7070400206839955,46.49625935162092
001237.SZ,20260908,50.94,2300,117162.0,0.019634792852940564,3.290074805706525,45.11780875711764
001238.SZ,20260908,25.15,500,12575.0,-0.07945967421534306,1.7605680142635272,44.52324195470794
001239.SZ,20260908,12.24,9200,112608.0,0.49261083743843415,7.509977314777293,47.955665024630605
001248.SZ,20260908,12.07,48000,579360.0,0.0,1.960731257436674,45.0
001255.SZ,20260908,27.21,2400,65304.0,0.2948765204570547,2.1300783863757795,46.769259122742326
001256.SZ,20260908,22.52,12300,276996.0,-0.22153300841826207,5.959476053371429,43.670801949490425
001257.SZ,20260908,24.38,21300,519294.0,0.2055076037813519,3.008818162079589,46.23304562268811
001258.SZ,20260908,12.31,616700,7591577.0,0.9016393442623061,8.783734404507422,50.409836065573835
001259.SZ,20260908,46.87,3600,168732.0,0.14957264957264904,4.791792917255694,45.8974358974359
001260.SZ,20260908,18.55,10600,196630.0,-0.5361930294906059,6.093348185282037,41.782841823056366
001266.SZ,20260908,33.53,26700,895251.0,0.6906906906906984,12.714243642242646,49.14414414414419
001267.SZ,20260908,38.01,331000,12581310.0,-1.8083182640144746,8.940323806566258,34.150090415913155
001268.SZ,20260908,25.89,26000,673140.0,-0.49961568024595726,10.199922295484557,42.00230591852426
001269.SZ,20260908,19.5,2300,44850.0,0.46367851622874934,0.9638910508679801,47.782071097372494
001270.SZ,20260908,96.83,12500,1210375.0,0.07234394377841902,2.0921602976393885,45.43406366267051
001277.SZ,20260908,30.75,4800,147600.0,-0.12991230919129348,2.572624853638518,44.220526144852236
001278.SZ,20260908,16.08,68900,1107912.0,-0.12422360248449671,8.737964017629475,44.25465838509302
001279.SZ,20260908,26.0,4000,104000.0,0.0,7.412934246195509,45.0
001280.SZ,20260908,66.09,7600,502284.0,-0.015128593040836247,1.8154187089569331,44.90922844175498
001282.SZ,20260908,,0,0.0,,0.0,0.0
001283.SZ,20260908,50.12,5600,280672.0,0.19992003198718855,1.508856746651014,46.19952019192313
001285.SZ,20260908,44.21,3900,172419.0,-0.09039548022599098,4.449941147277148,44.457627118644055
001286.SZ,20260908,9.45,20400,192780.0,0.0,1.4029962616392444,45.0
001287.SZ,20260908,22.5,40200,904500.0,-0.22172949002217113,3.265244257966712,43.66962305986697
001288.SZ,20260908,30.73,32200,989506.0,1.4861294583883744,5.606346835479765,53.91677675033024
001289.SZ,20260908,15.1,12400,187240.0,-0.1322751322751281,4.25767944519901,44.20634920634923
001296.SZ,20260908,22.19,440000,9763600.0,0.8636363636363775,37.34964988260089,50.181818181818265
001298.SZ,20260908,18.05,44100,796005.0,-0.22111663902708578,5.697465939318514,43.67330016583749
001299.SZ,20260908,10.8,585585,6324318.0,-0.4608294930875445,23.57660772063247,42.23502304147473
001300.SZ,20260908,12.3,23400,287820.0,1.0682004930156141,4.071360095702169,51.40920295809369
001301.SZ,20260908,53.81,5100,274431.0,-0.37030179596370116,1.449049464668064,42.77818922421779
001306.SZ,20260908,55.76,1400,78064.0,0.868306801736618,3.5404044852258956,50.209840810419706
001308.SZ,20260908,17.79,7400,131646.0,0.0,5.124018037491649,45.0
001309.SZ,20260908,404.06,54008,21822472.48,0.01980296054260311,3.3388594996780254,45.11881776325562
001311.SZ,20260908,18.13,31700,574721.0,0.5546311702717466,6.344939117589951,48.32778702163048
001312.SZ,20260908,17.58,400,7032.0,0.22805017103761926,0.4369821677420629,46.368301026225716
001313.SZ,20260908,8.05,65900,530495.0,0.24906600249068322,2.741231556125905,46.4943960149441
001314.SZ,20260908,51.45,6000,308700.0,0.03888780867198349,1.7910305499182568,45.2333268520319
001316.SZ,20260908,29.52,54300,1602936.0,-0.33760972316003723,9.537577610273162,42.97434166103977
001317.SZ,20260908,53.89,16100,867629.0,0.03712641544459938,5.311163238790961,45.222758492667595
001318.SZ,20260908,12.0,15600,187200.0,-0.4975124378109541,2.8001032747492,42.014925373134275
001319.SZ,20260908,20.27,6500,131755.0,0.5456349206349076,3.5910191786943524,48.27380952380945
001322.SZ,20260908,6.52,17000,110840.0,0.1536098310291889,6.500402666340608,45.92165898617513
001323.SZ,20260908,18.68,1000,18680.0,-0.3733333333333366,0.3944553206254794,42.75999999999998
001324.SZ,20260908,20.01,11700,234117.0,0.653923541247492,1.5997316358805935,48.92354124748495
001325.SZ,20260908,40.17,2300,92391.0,0.09967605282830139,3.541986201684423,45.59805631696981
001326.SZ,20260908,72.06,6000,432360.0,-0.2077274615704061,4.370606981666082,43.753635230577565
001328.SZ,20260908,29.99,11200,335888.0,-1.7365661861074688,5.264659256027525,34.58060288335518
001330.SZ,20260908,6.45,6629500,42760275.0,1.5748031496063186,31.5261643249804,54.44881889763791
001331.SZ,20260908,45.4,18500,839900.0,0.709849157054121,2.8202060153731647,49.25909494232472
001332.SZ,20260908,27.09,820,22213.8,0.0,0.6489614953778036,45.0
001333.SZ,20260908,20.19,1300,26247.0,0.0,1.0208288047108642,45.0
001335.SZ,20260908,32.88,1800,59184.0,0.45829514207151867,2.922512333480787,47.74977085242911
001336.SZ,20260908,18.53,8100,150093.0,-0.053937432578199385,4.162541070679788,44.6763754045308
001337.SZ,20260908,51.8,84700,4387460.0,1.1126293187585512,6.765799855060643,51.67577591255131
001338.SZ,20260908,9.41,22400,210784.0,0.21299254526090383,0.847911071673145,46.277955271565425
001339.SZ,20260908,76.58,7400,566692.0,-0.15645371577575062,1.6186869874026582,44.061277705345496
001356.SZ,20260908,9.37,7600,71212.0,-0.31914893617022155,0.9443203030228217,43.08510638297867
001358.SZ,20260908,24.23,15100,365873.0,0.24824162184524656,6.212366430925331,46.48944973107148
001359.SZ,20260908,83.12,2500,207800.0,-0.4670099389294746,0.9427916354906162,42.197940366423154
001360.SZ,20260908,19.32,31100,600852.0,0.6250000000000089,3.6235199522701853,48.75000000000006
001365.SZ,20260908,34.2,3800,129960.0,0.0,1.8111234592277239,45.0
001366.SZ,20260908,17.38,989400,17195772.0,9.999999999999986,29.98674223713732,100.0
001367.SZ,20260908,20.45,2700,55215.0,0.14691478942212566,1.8251919417909646,45.88148873653275
001368.SZ,20260908,24.23,1000,24230.0,0.581154005811535,0.12191027050113602,25.430772725073695
001369.SZ,20260908,12.49,3100,38719.0,0.0,0.7319748998356465,45.0
001373.SZ,20260908,29.0,10715,310735.0,-0.48043925875086435,12.151237758489241,42.117364447494815
001376.SZ,20260908,11.66,50100,584166.0,0.1718213058419238,2.2540045817395447,46.03092783505154
001378.SZ,20260908,20.15,9000,181350.0,0.19890601690699672,4.712499818847453,46.19343610144198
001379.SZ,20260908,16.14,4400,71016.0,0.3107520198881275,3.207825402800803,46.864512119328765
001380.SZ,20260908,17.94,4100,73554.0,0.11160714285713969,2.4168874596460643,45.66964285714284
001382.SZ,20260908,17.01,17600,299376.0,0.05882352941177782,7.291719424135552,45.352941176470665
001386.SZ,20260908,16.5,15400,254100.0,-0.24183796856105388,6.274328997737427,43.54897218863368
001387.SZ,20260908,12.07,13400,161738.0,-0.3303055326176696,8.041100476897396,43.01816680429398
001388.SZ,20260908,21.22,11500,244030.0,-0.18814675446849893,4.6767193514749446,43.871119473189005
001389.SZ,20260908,168.0,44700,7509600.0,0.07147962830593713,5.290199275170206,45.42887776983562
001390.SZ,20260908,17.0,2000,34000.0,0.0,1.0883657605509538,45.0
001391.SZ,20260908,4.12,16700,68804.0,0.0,0.7202219930438798,45.0
001393.SZ,20260908,41.3,2000,82600.0,-0.4099348926935198,0.68686735634142,42.54039064383888
001395.SZ,20260908,30.24,13300,402192.0,-0.29673590504450953,10.198699398200636,43.219584569732945
001396.SZ,20260908,32.98,1400,46172.0,0.30413625304135383,2.628336231236454,46.824817518248125
001399.SZ,20260908,21.61,59500,1285795.0,-0.36883356385432053,3.6418979493304624,42.78699861687408
001400.SZ,20260908,80.02,10997,879979.94,-0.49738870927630296,6.61888284375823,42.01566774434218
001696.SZ,20260908,16.36,176200,2882632.0,-0.728155339805836,2.9303913928851077,40.63106796116499
001872.SZ,20260908,23.1,600,13860.0,-0.388098318240615,0.21455396180283745,36.291123215067046
001896.SZ,20260908,11.55,52400,605220.0,-0.17286084701814142,1.4418533416755595,43.96283491789115
001914.SZ,20260908,9.05,18100,163805.0,-0.22050716648290836,1.9601222547653478,43.67695700110255
001965.SZ,20260908,9.72,30200,293544.0,-0.6134969325153228,1.3558306570197542,41.319018404908064
001979.SZ,20260908,6.89,169400,1167166.0,0.0,2.286336233313499,45.0
002001.SZ,20260908,26.48,46700,1236616.0,-0.11316484345530453,2.851054185120289,44.32101093926817
002003.SZ,20260908,11.68,115100,1344368.0,1.1255411255411074,7.662512387571997,51.75324675324664
002004.SZ,20260908,4.44,74800,332112.0,0.0,2.32933169379276,45.0
002005.SZ,20260908,2.41,29500,71095.0,0.0,2.3288255556885606,45.0
002006.SZ,20260908,14.29,136400,1949156.0,0.0,13.437050794291101,45.0
002007.SZ,20260908,13.05,23300,304065.0,0.0,1.603118321870113,45.0
002008.SZ,20260908,94.12,288300,27134796.0,0.37325370587608653,4.313162439637885,47.239522235256516
002009.SZ,20260908,16.34,62300,1017982.0,-0.06116207951071262,9.157046521838726,44.63302752293573
002010.SZ,20260908,4.7,188800,887360.0,0.2132196162046851,8.413600849969537,46.27931769722811
002011.SZ,20260908,12.3,2079100,25572930.0,3.015075376884435,25.32432315139322,63.09045226130661
002012.SZ,20260908,7.25,19300,139925.0,0.694444444444442,1.5783586736892328,49.16666666666665
002014.SZ,20260908,11.53,8900,102617.0,0.17376194613378804,1.942378141486833,46.04257167680273
002015.SZ,20260908,17.0,366000,6222000.0,-1.1052937754508552,3.876255498560651,38.368237347294865
002016.SZ,20260908,4.72,17400,82128.0,0.0,1.3769144321314368,45.0
002017.SZ,20260908,16.49,304100,5014609.0,0.8562691131498212,4.536820948721687,50.13761467889893
002019.SZ,20260908,9.7,5400,52380.0,0.10319917440659854,0.6262925104210871,45.61919504643959
002020.SZ,20260908,11.85,301600,3573960.0,0.08445945945945166,14.587469341289083,45.50675675675671
002021.SZ,20260908,2.68,33600,90048.0,-0.3717472118959009,0.872255793278892,42.769516728624595
002022.SZ,20260908,5.74,28000,160720.0,-0.5199306759098632,5.509345104599901,41.88041594454082
002023.SZ,20260908,9.75,12300,119925.0,0.4119464469618972,1.61810418132057,47.47167868177138
002024.SZ,20260908,1.18,376800,444624.0,0.0,13.12376328656141,45.0
002025.SZ,20260908,66.95,79600,5329220.0,-0.667655786350152,8.887276058495315,40.99406528189909
002026.SZ,20260908,12.33,93300,1150389.0,-0.24271844660194164,7.6316602346007,43.54368932038835
002027.SZ,20260908,4.87,666600,3246342.0,-0.2049180327868827,4.084577228240203,43.7704918032787
002028.SZ,20260908,145.0,25500,3697500.0,0.0,1.8960955325525222,45.0
002029.SZ,20260908,9.1,124500,1132950.0,0.330760749724357,10.700720721644222,46.984564498346145
002030.SZ,20260908,5.48,15800,86584.0,0.0,0.6873954924788123,45.0
002031.SZ,20260908,5.4,744100,4018140.0,-0.7352941176470562,5.735573816602864,40.588235294117666
002032.SZ,20260908,39.93,3000,119790.0,0.2510670348983224,1.5893439677044499,46.50640220938993
002033.SZ,20260908,9.26,118500,1097310.0,-0.32292787944024903,3.1796006367252287,43.062432723358505
002034.SZ,20260908,14.52,5000,72600.0,0.0,0.7268825000476002,45.0
002035.SZ,20260908,4.62,10500,48510.0,0.2169197396963085,0.9586620923696182,46.30151843817785
002036.SZ,20260908,6.85,184500,1263825.0,0.14619883040936088,9.31634846960707,45.877192982456165
002037.SZ,20260908,7.13,60900,434217.0,-0.41899441340782495,13.802123276709946,42.48603351955305
002038.SZ,20260908,5.93,34500,204585.0,0.0,1.3188981107444737,45.0
002039.SZ,20260908,19.24,800,15392.0,0.2083333333333215,0.3261417181009888,46.24999999999993
002040.SZ,20260908,8.88,21200,188256.0,-0.4484304932735328,1.4472086441145018,42.3094170403588
002041.SZ,20260908,11.18,1105800,12362844.0,-3.4542314335060498,10.83902344565979,24.2746113989637
002042.SZ,20260908,3.92,34600,135632.0,0.2557544757033181,0.9034485972222333,46.534526854219905
002043.SZ,20260908,11.72,58700,687964.0,-0.8460236886632777,5.439981227287137,39.923857868020335
002044.SZ,20260908,4.64,130100,603664.0,0.21598272138227959,1.9245873540467067,46.29589632829368
002045.SZ,20260908,9.19,73600,676384.0,-0.21715526601521207,2.77030707639303,43.69706840390873
002046.SZ,20260908,52.01,59000,3068590.0,0.775043596202285,3.673314394418664,49.65026157721371
002047.SZ,20260908,3.46,220000,761200.0,0.0,4.391132855974349,45.0
002048.SZ,20260908,19.24,59100,1137084.0,-0.10384215991694479,5.590341841849113,44.37694704049833
002049.SZ,20260908,62.03,33700,2090411.0,-0.01611863313990547,3.425942150499899,44.903288201160564
002050.SZ,20260908,36.3,130100,4722630.0,-0.5479452054794609,3.905512339559363,41.71232876712323
002051.SZ,20260908,8.52,83000,707160.0,-0.35087719298246833,3.78994716253599,42.89473684210519
002052.SZ,20260908,8.83,5500,48565.0,0.2270147559591429,0.625627385815511,46.36208853575486
002053.SZ,20260908,9.55,16300,155665.0,0.0,1.003807856646705,45.0
002054.SZ,20260908,7.22,36600,264252.0,-0.13831258644537714,3.8260425622618257,44.17012448132774
002055.SZ,20260908,6.33,46600,294978.0,-0.31496062992125706,5.727710249294172,43.11023622047246
002056.SZ,20260908,20.45,443500,9069575.0,-0.776322173702082,20.157409517240435,40.34206695778751
002057.SZ,20260908,8.87,40100,355687.0,-0.22497187851520106,2.2576971454611683,43.650168728908795
002058.SZ,20260908,16.34,41200,673208.0,-0.24420024420024333,16.66557709613286,43.53479853479854
002059.SZ,20260908,5.88,2274700,13375236.0,-3.130148270181221,10.682390382523055,26.219110378912674
002060.SZ,20260908,3.17,21600,68472.0,0.0,1.1651898639845804,45.0
002061.SZ,20260908,3.46,16700,57782.0,-0.2881844380403509,0.7200777331128378,43.27089337175789
002062.SZ,20260908,8.88,44300,393384.0,0.11273957158963732,1.7095403288026052,45.67643742953783
002063.SZ,20260908,5.51,17300,95323.0,0.1818181818181719,0.9749049647865846,46.09090909090903
002064.SZ,20260908,10.8,100200,1082160.0,0.0926784059314345,2.792068344859085,45.55607043558861
002065.SZ,20260908,6.94,10200,70788.0,0.28901734104047616,0.511262955788473,46.734104046242855
002066.SZ,20260908,,0,0.0,,0.0,0.0
002067.SZ,20260908,4.18,79300,331474.0,-0.4761904761904856,2.925928618115629,42.14285714285709
002068.SZ,20260908,8.3,103600,859880.0,0.36275695284160303,1.7959749680985706,47.176541717049616
002069.SZ,20260908,3.88,92200,357736.0,-0.25706940874036244,4.777249217285022,43.457583547557824
002072.SZ,20260908,8.61,139200,1198512.0,0.5841121495326895,7.728534640396335,48.50467289719614
002073.SZ,20260908,5.84,16000,93440.0,-0.17094017094017033,1.5780722270350085,43.97435897435898
002074.SZ,20260908,25.98,25300,657294.0,-0.038476337052706366,2.315488183216602,44.76914197768376
002075.SZ,20260908,3.68,36200,133216.0,0.2724795640327127,1.1102288031108607,46.63487738419627
002076.SZ,20260908,2.16,238000,514080.0,-0.4608294930875445,9.052304793962072,42.23502304147473
002077.SZ,20260908,12.39,57000,706230.0,-0.32180209171358554,3.4284896711173594,43.069187449718484
002078.SZ,20260908,14.56,4600,66976.0,0.0,0.22030289553653595,39.654521196576475
002079.SZ,20260908,8.96,92300,827008.0,0.11173184357544663,4.502575595489537,45.670391061452676
002080.SZ,20260908,50.16,109300,5482488.0,-0.07968127490041166,3.21635268976336,44.52191235059753
002081.SZ,20260908,5.23,2201000,11511230.0,-1.8761726078799223,4.862049023599976,33.74296435272046
002082.SZ,20260908,9.54,130300,1243062.0,0.952380952380949,11.754148179029256,50.714285714285694
002083.SZ,20260908,9.99,37400,373626.0,0.20060180541623396,2.0292292301686765,46.203610832497404
002084.SZ,20260908,7.35,3382190,24859096.5,1.379310344827589,27.250825659020315,53.27586206896554
002085.SZ,20260908,10.37,24800,257176.0,0.29013539651836506,1.8668779329578158,46.74081237911019
002086.SZ,20260908,2.26,1310100,2960826.0,0.4444444444444251,11.788555919151385,47.66666666666655
002088.SZ,20260908,7.97,12400,98828.0,-0.12531328320802837,6.7817445017600715,44.24812030075183
002090.SZ,20260908,9.32,200,1864.0,0.21505376344086446,0.053967865726097096,11.004538411342663
002091.SZ,20260908,7.7,12900,99330.0,0.0,1.7035202267414953,45.0
002092.SZ,20260908,4.82,102500,494050.0,0.0,1.5176199216525645,45.0
002093.SZ,20260908,7.0,7100,49700.0,0.14306151645206988,0.24105922641313768,44.249029853077204
002094.SZ,20260908,5.78,421200,2434536.0,-1.1965811965811812,6.688474638336844,37.82051282051291
002095.SZ,20260908,14.95,3600,53820.0,0.8091706001348564,0.2337993531714741,46.93890717167448
002096.SZ,20260908,9.54,6100,58194.0,0.10493179433368471,1.054811479551505,45.62959076600211
002097.SZ,20260908,7.48,69100,516868.0,0.1338688085676054,2.738129058765528,45.80321285140563
002098.SZ,20260908,8.14,30300,246642.0,-0.4889975550122161,4.624078531305277,42.0660146699267
002099.SZ,20260908,5.45,5200,28340.0,-0.3656307129798808,0.35905082231741275,42.80621572212071
002100.SZ,20260908,8.41,195600,1644996.0,0.23837902264600697,7.347164140330422,46.43027413587604
002101.SZ,20260908,8.78,6700,58826.0,0.4576659038901587,1.7844726730970497,47.74599542334095
002102.SZ,20260908,2.5,82500,206250.0,1.2145748987854255,3.1444021183052078,52.28744939271255
002103.SZ,20260908,6.9,34700,239430.0,0.4366812227074357,4.083893261770565,47.620087336244616
002104.SZ,20260908,13.24,1408200,18644568.0,-2.143385070214332,11.183214898189677,32.13968957871401
002105.SZ,20260908,6.28,16100,101108.0,0.48000000000001375,3.497047459583936,47.88000000000008
002106.SZ,20260908,10.83,56500,611895.0,0.3707136237256714,3.6898497852374454,47.22428174235403
002107.SZ,20260908,6.8,174900,1189320.0,-0.5847953216374324,3.8826049040346358,41.4912280701754
002108.SZ,20260908,4.33,35000,151550.0,0.23148148148146586,1.6609454511949688,46.38888888888879
002109.SZ,20260908,2.82,13400,37788.0,-0.35335689045937757,1.9150023364873165,42.87985865724374
002110.SZ,20260908,2.98,98000,292040.0,0.0,3.262883785778373,45.0
002111.SZ,20260908,9.95,24200,240790.0,-0.10040160642571516,3.1478227114664783,44.39759036144571
002112.SZ,20260908,15.2,28300,430160.0,-0.5886200130804431,2.7975811663707915,41.46827992151734
002114.SZ,20260908,7.69,19800,152262.0,0.9186351706036877,2.5301180706595106,50.51181102362213
002115.SZ,20260908,10.74,186700,2005158.0,0.6560449859418949,3.610203744058665,48.936269915651366
002116.SZ,20260908,7.39,61500,454485.0,0.13550135501354532,7.858258793891025,45.81300813008127
002117.SZ,20260908,8.17,10000,81700.0,-0.4872107186358221,1.606880990892899,42.07673568818507
002119.SZ,20260908,22.85,146500,3347525.0,0.0,5.396286008387782,45.0
002120.SZ,20260908,6.87,19500,133965.0,0.0,0.9289318928432988,45.0
002121.SZ,20260908,4.91,26300,129133.0,-0.6072874493927127,1.6129906622838508,41.35627530364373
002122.SZ,20260908,2.82,3000,8460.0,0.0,0.2940897144660019,45.0
002123.SZ,20260908,8.14,21800,177452.0,0.12300123001229846,1.895783953276188,45.73800738007379
002124.SZ,20260908,2.58,12104400,31229352.0,1.5748031496062964,44.5131104507334,54.44881889763778
002125.SZ,20260908,12.28,11900,146132.0,0.0,1.0048862478965328,45.0
002126.SZ,20260908,42.0,47500,1995000.0,-0.6857413100023635,2.332080837740888,40.88555213998582
002127.SZ,20260908,3.0,192400,577200.0,-0.33222591362125353,3.832723906194721,43.00664451827248
002128.SZ,20260908,28.2,12000,338400.0,0.0,1.066629789349584,45.0
002129.SZ,20260908,9.18,72500,665550.0,-0.21739130434782483,1.6118741447057756,43.695652173913054
002130.SZ,20260908,17.2,87500,1505000.0,0.05817335660267542,3.8312549742118867,45.34904013961605
002131.SZ,20260908,4.75,1042800,4953300.0,-0.8350730688935326,3.417751074123577,39.98956158663881
002132.SZ,20260908,4.18,139600,583528.0,0.0,2.765953699019982,45.0
002133.SZ,20260908,2.9,319800,927420.0,1.3986013986013957,9.214586985096053,53.39160839160837
002134.SZ,20260908,22.28,27600,614928.0,-0.40232454179705,2.662611575675767,42.5860527492177
002135.SZ,20260908,6.22,19200,119424.0,-0.3205128205128305,1.8830028389314053,43.076923076923016
002136.SZ,20260908,12.75,3600,45900.0,0.15710919088767206,0.781058485661108,45.94265514532603
002137.SZ,20260908,7.75,64100,496775.0,-0.6410256410256387,4.826742322081483,41.15384615384617
002138.SZ,20260908,49.55,502700,24908785.0,1.2464241928892505,19.389377006327724,52.4785451573355
002139.SZ,20260908,9.34,6700,62578.0,0.21459227467810482,0.845510099250493,46.28755364806863
002140.SZ,20260908,9.2,3500,32200.0,0.0,0.6511427555157082,45.0
002141.SZ,20260908,6.59,646400,4259776.0,-0.6033182503770718,4.635379844626213,41.38009049773757
002142.SZ,20260908,34.12,85500,2917260.0,-0.029299736302390578,3.675864372461986,44.82420158218566
002144.SZ,20260908,11.19,2900,32451.0,0.08944543828264262,1.2359829286499517,45.53667262969586
002145.SZ,20260908,4.27,22000,93940.0,0.0,0.6552571959338725,45.0
002146.SZ,20260908,1.2,182200,218640.0,0.0,0.9421774670542759,45.0
002148.SZ,20260908,6.41,53200,341012.0,-0.7739938080495334,3.8353285748524373,40.3560371517028
002149.SZ,20260908,33.9,20200,684780.0,0.0,1.4998273273030807,45.0
002150.SZ,20260908,21.11,4600,97106.0,-0.23629489603025355,0.4564965284072711,43.582230623818475
002151.SZ,20260908,28.39,11900,337841.0,0.2117896223085225,1.3845633139003524,46.270737733851135
002152.SZ,20260908,9.63,34300,330309.0,0.0,2.425607505126781,45.0
002153.SZ,20260908,7.95,41100,326745.0,-0.3759398496240629,2.6895129735248404,42.74436090225562
002154.SZ,20260908,4.05,39200,158760.0,-0.24630541871920597,2.0000145377725915,43.52216748768476
002155.SZ,20260908,26.31,696500,18324915.0,1.309202926453601,14.171096091683175,52.855217558721606
002156.SZ,20260908,59.15,261500,15467725.0,0.0,4.289035444374393,45.0
002157.SZ,20260908,3.23,1145500,3699965.0,0.31055900621117516,4.643012101145498,46.86335403726705
002158.SZ,20260908,27.65,52900,1462685.0,0.3629764065335772,5.764422100062372,47.177858439201465
002159.SZ,20260908,14.21,41800,593978.0,0.0,11.627988471739513,45.0
002160.SZ,20260908,4.08,163000,665040.0,0.49261083743843415,11.99706719115291,47.955665024630605
002161.SZ,20260908,7.05,47700,336285.0,0.14204545454545858,3.4340745958591463,45.85227272727275
002162.SZ,20260908,4.07,700,2849.0,0.4938271604938427,0.07311295958157768,16.123295687647037
002163.SZ,20260908,8.87,141900,1258653.0,-0.44893378226712466,4.894766182251629,42.30639730639725
002164.SZ,20260908,10.88,15100,164288.0,-0.09182736455463081,2.5678601047420835,44.449035812672214
002165.SZ,20260908,8.03,324300,2604129.0,-1.1083743842364546,2.106155067793262,38.349753694581274
002166.SZ,20260908,6.89,52700,363103.0,0.29112081513826826,1.4962863365941665,46.74672489082961
002167.SZ,20260908,15.5,111100,1722050.0,0.38860103626943143,3.5111512758879106,47.33160621761659
002168.SZ,20260908,3.77,20800,78416.0,0.0,5.297965280274767,45.0
002169.SZ,20260908,12.56,62700,787512.0,0.48000000000001375,4.832543769773909,47.88000000000008
002170.SZ,20260908,11.73,92900,1089717.0,0.08532423208191808,2.6095692042559895,45.51194539249151
002171.SZ,20260908,10.28,450200,4628056.0,0.7843137254901933,8.157207283603444,49.70588235294116
002172.SZ,20260908,4.63,2431400,11257382.0,0.0,13.78306542242737,45.0
002173.SZ,20260908,18.3,46700,854610.0,-0.3810560696788312,2.5047871660640126,42.713663581927015
002174.SZ,20260908,12.2,72100,879620.0,-0.16366612111293755,1.902367530320159,44.01800327332238
002175.SZ,20260908,2.57,151600,389612.0,-0.387596899224818,9.794928766462753,42.674418604651095
002176.SZ,20260908,8.91,142341,1268258.31,0.22497187851517886,2.2366213840456637,46.34983127109108
002177.SZ,20260908,5.99,210200,1259098.0,-0.1666666666666594,6.361532909134065,44.00000000000004
002178.SZ,20260908,4.69,17300,81137.0,-0.21276595744680327,2.2512121591482166,43.72340425531918
002179.SZ,20260908,34.14,21100,720354.0,-0.02928257686676261,1.9424663830041875,44.824304538799424
002180.SZ,20260908,16.68,11400,190152.0,-0.11976047904190823,1.45501699816423,44.28143712574855
002181.SZ,20260908,9.82,899200,8830144.0,0.306435137895833,6.63400708693821,46.838610827375
002182.SZ,20260908,12.24,122200,1495728.0,0.49261083743843415,8.842224488374153,47.955665024630605
002183.SZ,20260908,4.36,36600,159576.0,0.0,0.530260668916459,45.0
002184.SZ,20260908,10.01,25200,252252.0,-0.29880478087648266,8.669792164571431,43.2071713147411
002185.SZ,20260908,16.08,1017300,16358184.0,0.0,5.624177050054346,45.0
002186.SZ,20260908,10.15,83400,846510.0,0.0,9.070890520320562,45.0
002187.SZ,20260908,5.92,106300,629296.0,-0.1686340640809414,4.4267587697436745,43.98819561551435
002188.SZ,20260908,5.65,19100,107915.0,0.0,2.6401629519876892,45.0
002189.SZ,20260908,19.39,3200,62048.0,-0.051546391752566034,1.106097364000844,44.6907216494846
002190.SZ,20260908,26.09,35000,913150.0,0.0,3.373535423776096,45.0
002191.SZ,20260908,3.62,21100,76382.0,-0.2754820936639035,1.6103813839105796,43.34710743801658
002192.SZ,20260908,65.6,78000,5116800.0,1.0941593465865207,6.290320821467984,51.56495607951912
002193.SZ,20260908,5.07,4900,24843.0,-0.5882352941176339,0.902440167153482,41.470588235294194
002194.SZ,20260908,10.59,1252600,13265034.0,5.163853028798404,23.17020376324506,75.98311817279043
002195.SZ,20260908,6.31,233400,1472754.0,0.0,3.463837891496137,45.0
002196.SZ,20260908,10.85,102500,1112125.0,-0.4587155963302836,3.4067191013146045,42.2477064220183
002197.SZ,20260908,7.05,35100,247455.0,0.42735042735042583,2.021299759368574,47.564102564102555
002198.SZ,20260908,3.86,62500,241250.0,-0.5154639175257714,6.748506964515133,41.90721649484537
002199.SZ,20260908,12.35,23300,287755.0,0.40650406504063596,6.011221936411255,47.439024390243816
002200.SZ,20260908,7.06,46800,330408.0,0.14184397163119478,13.047539028787568,45.851063829787165
002201.SZ,20260908,9.05,193600,1752080.0,0.0,3.130759974933131,45.0
002202.SZ,20260908,17.66,131400,2320524.0,0.056657223796041656,2.4133858287428556,45.33994334277625
002203.SZ,20260908,19.29,19000,366510.0,0.6784968684759862,1.041836064784184,49.07098121085592
002204.SZ,20260908,5.18,50300,260554.0,-0.19267822736032114,1.958272735915922,43.84393063583807
002205.SZ,20260908,11.03,40600,447818.0,-0.2712477396021762,12.880759194451638,43.37251356238694
002206.SZ,20260908,5.23,5800,30334.0,0.19157088122607746,0.7248443705085026,46.149425287356465
002207.SZ,20260908,5.89,8300,48887.0,-0.33840947546531774,0.6955886034565149,42.96954314720809
002208.SZ,20260908,10.21,57700,589117.0,-0.4873294346978474,1.6830780903332654,42.07602339181292
002209.SZ,20260908,13.41,37800,506898.0,0.07462686567163423,7.608543218360303,45.44776119402981
002210.SZ,20260908,2.28,31900,72732.0,0.0,0.5161297025171371,45.0
002211.SZ,20260908,3.91,12100,47311.0,-0.5089058524173073,2.6644028825402737,41.94656488549616
002212.SZ,20260908,6.6,237500,1567500.0,-0.7518796992481258,4.792804835689074,40.48872180451124
002213.SZ,20260908,28.16,22800,642048.0,0.0355239786856254,3.0420671896585447,45.213143872113754
002214.SZ,20260908,16.73,35000,585550.0,0.359928014397104,3.185712820905056,47.15956808638262
002215.SZ,20260908,10.59,233200,2469588.0,0.0,5.92223188136157,45.0
002216.SZ,20260908,12.03,27200,327216.0,0.08319467554076532,3.7280503719889166,45.49916805324459
002217.SZ,20260908,1.46,313700,458002.0,0.6896551724137945,2.1327087861443332,49.13793103448277
002218.SZ,20260908,3.99,13000,51870.0,-0.24999999999999467,0.5055402415295256,43.50000000000003
002219.SZ,20260908,2.15,158603,340996.45,0.0,1.0109241786033383,45.0
002221.SZ,20260908,5.87,81300,477231.0,0.0,2.3540154880084097,45.0
002222.SZ,20260908,68.31,61297,4187198.07,0.029286864841115978,4.186821552696564,45.1757211890467
002223.SZ,20260908,25.56,10000,255600.0,0.039138943248517855,2.437260551648197,45.23483365949111
002224.SZ,20260908,3.95,2028100,8010995.0,-0.5037783375314908,24.844432189261678,41.977329974811056
002225.SZ,20260908,3.67,1004500,3686515.0,0.2732240437158362,40.34752622264176,46.63934426229502
002226.SZ,20260908,5.12,2800,14336.0,0.1956947162426559,0.1707722681712974,31.913176568289465
002227.SZ,20260908,6.77,1800,12186.0,0.0,1.4348778463974214,45.0
002228.SZ,20260908,3.22,348500,1122170.0,-0.6172839506172867,13.424626744844378,41.296296296296276
002229.SZ,20260908,12.44,621700,7733948.0,0.5658852061438902,12.617799943373896,48.39531123686334
002230.SZ,20260908,39.36,68500,2696160.0,-0.20283975659228792,4.468348595689502,43.78296146044627
002232.SZ,20260908,14.54,1900,27626.0,0.06882312456986117,0.6936392034653738,45.41293874741917
002233.SZ,20260908,7.1,26600,188860.0,-0.2808988764045006,2.5973536067178538,43.314606741572995
002234.SZ,20260908,8.51,42100,358271.0,-0.11737089201877549,5.386483191724949,44.29577464788735
002235.SZ,20260908,8.72,143700,1253064.0,0.4608294930875667,6.804505512489314,47.7649769585254
002236.SZ,20260908,16.28,46800,761904.0,0.0,1.1816953275744972,45.0
002237.SZ,20260908,14.66,149800,2196068.0,1.1034482758620623,6.852913347667183,51.62068965517237
002238.SZ,20260908,6.68,8800,58784.0,-0.29850746268657025,1.5400529969584844,43.20895522388058
002239.SZ,20260908,2.55,143700,366435.0,0.0,2.830217764273719,45.0
002240.SZ,20260908,29.45,81692,2405829.4,0.6493506493506329,3.6028705585883896,48.896103896103796
002241.SZ,20260908,23.6,128500,3032600.0,0.0,1.444694542156217,45.0
002242.SZ,20260908,8.61,49900,429639.0,0.2328288707799775,6.712515317394411,46.39697322467987
002243.SZ,20260908,7.45,23800,177310.0,-0.2677376171351997,1.9047064815584713,43.3935742971888
002244.SZ,20260908,8.55,60500,517275.0,-0.1168224299065379,2.234468901112918,44.29906542056077
002245.SZ,20260908,18.23,205980,3755015.4,0.0,4.723363009960574,45.0
002246.SZ,20260908,21.53,17700,381081.0,0.2327746741154657,0.6369643107343735,46.396648044692796
002247.SZ,20260908,2.49,111400,277386.0,0.40322580645162365,6.062962165731195,47.419354838709744
002248.SZ,20260908,10.1,255400,2579540.0,0.6979062811565351,19.093109072559077,49.18743768693921
002249.SZ,20260908,6.72,245700,1651104.0,0.14903129657226621,8.442218944232428,45.894187779433594
002250.SZ,20260908,14.87,20900,310783.0,0.20215633423179558,1.314026611906357,46.212938005390775
002251.SZ,20260908,3.94,1720400,6778376.0,0.2544529262086481,6.94920251447553,46.526717557251885
002252.SZ,20260908,4.94,46600,230204.0,0.0,0.841697715840948,45.0
002253.SZ,20260908,10.35,22900,237015.0,-0.8620689655172376,6.2359847220150275,39.82758620689658
002254.SZ,20260908,12.66,25600,324096.0,0.31695721077655836,1.9731625013672172,46.90174326465935
002255.SZ,20260908,7.86,18400,144624.0,-0.25380710659898,3.1882922620728356,43.47715736040612
002256.SZ,20260908,3.36,25800,86688.0,0.5988023952095745,0.6911715272784875,48.59281437125745
002258.SZ,20260908,14.94,69000,1030860.0,-0.13368983957220415,1.2522205039930325,44.19786096256678
002259.SZ,20260908,4.31,72200,311182.0,0.7009345794392274,4.821342280146818,49.205607476635365
002261.SZ,20260908,25.87,89700,2320539.0,-0.038639876352386526,3.1301064773570704,44.76816074188568
002262.SZ,20260908,22.09,23200,512488.0,0.0,4.470033056020398,45.0
002263.SZ,20260908,3.16,23800,75208.0,-0.3154574132492094,0.7723746783854812,43.107255520504744
002264.SZ,20260908,7.05,93700,660585.0,0.5706134094151327,2.115918945336762,48.4236804564908
002265.SZ,20260908,20.99,220500,4628295.0,0.9134615384615241,8.916321878836417,50.48076923076914
002266.SZ,20260908,4.77,218300,1041291.0,0.42105263157894424,3.8867859967272715,47.526315789473664
002267.SZ,20260908,7.33,23400,171522.0,-0.2721088435374108,1.814091400528262,43.36734693877553
002268.SZ,20260908,13.98,13200,184536.0,-0.3563791874554467,2.116739047195066,42.86172487526732
002269.SZ,20260908,1.49,67900,101171.0,0.0,0.9986444254026847,45.0
002270.SZ,20260908,19.62,25000,490500.0,0.3580562659846631,3.095809200655131,47.148337595907975
002271.SZ,20260908,10.84,78700,853108.0,0.0,2.101512114431491,45.0
002272.SZ,20260908,17.31,174100,3013671.0,1.7636684303350858,7.912436625940742,55.58201058201051
002273.SZ,20260908,25.69,51100,1312759.0,0.0,2.082752135339259,45.0
002274.SZ,20260908,6.06,361600,2191296.0,-0.328947368421062,4.395039910239808,43.02631578947363
002275.SZ,20260908,12.32,2700,33264.0,-0.24291497975708065,1.1683699198763775,43.54251012145752
002276.SZ,20260908,10.27,20700,212589.0,-0.09727626459143934,2.3094035474456445,44.416342412451364
002277.SZ,20260908,6.07,47400,287718.0,0.0,2.028091798482559,45.0
002278.SZ,20260908,8.25,26400,217800.0,-0.4825090470446214,1.3887831133800235,42.10494571773227
002279.SZ,20260908,7.09,135800,962822.0,0.5673758865248235,5.512250749546451,48.404255319148945
002281.SZ,20260908,189.29,544598,103086955.42,2.6128909849840065,15.475325248305529,60.67734590990404
002282.SZ,20260908,6.17,4100,25297.0,-0.4838709677419395,1.2448961815539623,42.09677419354836
002283.SZ,20260908,8.25,20800,171600.0,-0.24183796856105388,0.6236077393482741,43.54897218863368
002284.SZ,20260908,10.16,132100,1342136.0,0.09852216748769127,3.8886098253996044,45.59113300492615
002285.SZ,20260908,2.38,430400,1024352.0,0.8474576271186418,2.5947957420856285,50.08474576271185
002286.SZ,20260908,8.95,498200,4458890.0,6.42092746730083,9.293231025789785,83.52556480380498
002287.SZ,20260908,19.93,3000,59790.0,0.10045203415369741,2.0318340845460168,45.602712204922184
002289.SZ,20260908,36.6,14000,512400.0,0.577081615828523,4.963823280063812,48.46248969497114
002290.SZ,20260908,68.37,128700,8799219.0,0.4702424687729634,12.460358727783923,47.82145481263778
002291.SZ,20260908,5.86,322000,1886920.0,0.6872852233676952,8.96571924877943,49.12371134020617
002292.SZ,20260908,8.65,272300,2355395.0,0.0,4.493657881926005,45.0
002293.SZ,20260908,11.21,96100,1077281.0,0.0,28.077377017460147,45.0
002294.SZ,20260908,31.32,18100,566892.0,0.0,1.853566252142305,45.0
002295.SZ,20260908,10.22,981999,10036029.78,6.792058516196442,55.57404436702657,85.75235109717866
002296.SZ,20260908,9.09,9000,81810.0,0.0,1.689336369265514,45.0
002297.SZ,20260908,20.8,690225,14356680.0,-0.19193857965450478,4.071253347457511,43.848368522072974
002298.SZ,20260908,8.4,66100,555240.0,0.0,1.9678060713277847,45.0
002299.SZ,20260908,17.25,57300,988425.0,0.0,4.998636364616259,45.0
002300.SZ,20260908,8.05,1264500,10179225.0,0.6250000000000089,17.001532593472337,48.75000000000006
002301.SZ,20260908,7.99,10300,82297.0,-0.7453416149068359,1.0263631981316172,40.527950310558985
002302.SZ,20260908,4.77,5900,28143.0,-0.20920502092051096,0.7262214909745504,43.74476987447694
002303.SZ,20260908,5.2,112800,586560.0,-0.952380952380949,1.2893723041465572,39.285714285714306
002304.SZ,20260908,39.41,18500,729085.0,-0.22784810126582622,4.869055463982553,43.63291139240504
002305.SZ,20260908,2.09,171200,357808.0,0.0,10.587466063831762,45.0
002306.SZ,20260908,2.37,343500,814095.0,1.7167381974249052,18.297461644825816,55.30042918454943
002307.SZ,20260908,3.12,264600,825552.0,-0.31948881789136685,6.650990529567518,43.0830670926518
002309.SZ,20260908,3.0,130400,391200.0,0.0,1.4855104853150203,45.0
002310.SZ,20260908,2.3,111400,256220.0,-0.43290043290044045,1.714178690294134,42.40259740259736
002311.SZ,20260908,44.15,13200,582780.0,-0.3386004514672636,1.6698252436824033,42.96839729119642
002312.SZ,20260908,8.56,58500,500760.0,0.8244994110718551,1.1890012953832663,49.94699646643113
002313.SZ,20260908,8.59,48900,420051.0,-0.578703703703709,7.44580075297331,41.52777777777774
002314.SZ,20260908,2.24,27700,62048.0,-0.4444444444444362,1.0001074283781934,42.333333333333385
002315.SZ,20260908,26.02,28700,746774.0,0.038446751249510136,3.7118438849799342,45.23068050749706
002316.SZ,20260908,4.54,93200,423128.0,0.8888888888888946,5.896487867860966,50.33333333333337
002317.SZ,20260908,25.35,98800,2504580.0,1.2784658409908056,4.215677800990685,52.670795045944836
002318.SZ,20260908,19.19,26300,504697.0,0.41862899005757903,3.79708737396452,47.51177394034548
002319.SZ,20260908,10.69,5900,63071.0,0.9442870632672351,0.88791519202838,50.66572237960341
002320.SZ,20260908,7.08,478600,3388488.0,0.14144271570013522,6.31014701900418,45.84865629420081
002321.SZ,20260908,2.22,308100,683982.0,0.452488687782826,5.308713253491652,47.71493212669696
002322.SZ,20260908,12.77,22500,287325.0,0.15686274509802978,4.506328949510869,45.941176470588175
002323.SZ,20260908,1.27,243900,309753.0,0.0,6.934122301820547,45.0
002324.SZ,20260908,9.35,495900,4636665.0,-0.9533898305084776,8.138761991223474,39.279661016949134
002326.SZ,20260908,17.79,18300,325557.0,-0.056179775280906785,1.2902041560257265,44.66292134831456
002327.SZ,20260908,6.36,7300,46428.0,-0.15698587127158659,1.846754330457523,44.05808477237048
002328.SZ,20260908,9.5,1220800,11597600.0,-0.6276150627615107,12.603292385211596,41.23430962343094
002329.SZ,20260908,4.06,171400,695884.0,0.4950495049504955,4.350927373443249,47.97029702970298
002330.SZ,20260908,4.36,60100,262036.0,0.0,4.014708601903779,45.0
002331.SZ,20260908,7.19,13700,98503.0,0.0,2.579018396944399,45.0
002332.SZ,20260908,8.67,31300,271371.0,0.3472222222222099,1.598183698181743,47.08333333333326
002333.SZ,20260908,5.56,13100,72836.0,0.18018018018017834,1.7805487588888709,46.08108108108107
002334.SZ,20260908,6.69,17500,117075.0,-0.29806259314455463,1.899537890968113,43.21162444113267
002335.SZ,20260908,30.91,79500,2457345.0,0.0,4.761709070838142,45.0
002337.SZ,20260908,4.75,19400,92150.0,0.0,2.974187857903084,45.0
002338.SZ,20260908,41.01,10000,410100.0,-0.1217730150998686,4.504662802664601,44.269361909400786
002339.SZ,20260908,7.56,11300,85428.0,-0.13210039630119352,1.039279030768775,44.207397622192836
002340.SZ,20260908,6.41,89700,574977.0,0.0,1.9176281483961672,45.0
002342.SZ,20260908,7.73,62200,480806.0,-0.12919896640826156,1.0999166008321857,44.22480620155043
002343.SZ,20260908,5.88,538000,3163440.0,4.440497335701599,11.281455849350394,71.64298401420959
002344.SZ,20260908,4.11,19200,78912.0,0.4889975550122383,1.8252197372401158,47.933985330073426
002345.SZ,20260908,9.35,64200,600270.0,-0.10683760683760646,2.5515573141743255,44.358974358974365
002346.SZ,20260908,18.85,8000,150800.0,0.10621348911312722,1.6443031264526675,45.63728093467876
002347.SZ,20260908,6.29,42300,266067.0,0.4792332268370725,3.4522716365039776,47.87539936102243
002348.SZ,20260908,10.74,38900,417786.0,0.0,3.7760433707484466,45.0
002349.SZ,20260908,7.65,640300,4898295.0,0.0,7.303751679269548,45.0
002350.SZ,20260908,14.55,31300,455415.0,0.06877579092161579,3.8364735987269505,45.41265474552969
002351.SZ,20260908,10.11,13800,139518.0,0.0,2.920352970909376,45.0
002352.SZ,20260908,31.76,47600,1511776.0,0.03149606299213126,3.8934159426962816,45.188976377952784
002353.SZ,20260908,126.0,53500,6741000.0,0.51052967453733,2.329361305870163,48.06317804722398
002354.SZ,20260908,8.43,3400900,28669587.0,0.0,9.536734364943314,45.0
002355.SZ,20260908,4.89,35000,171150.0,-0.6097560975609762,3.2204003016846166,41.34146341463414
002356.SZ,20260908,2.87,77200,221564.0,0.7017543859649145,4.467366042682981,49.21052631578949
002357.SZ,20260908,11.49,19100,219459.0,0.3493449781659441,0.7179369352921506,47.09606986899566
002358.SZ,20260908,5.35,3800,20330.0,-0.1865671641791189,0.4535986902479499,43.880597014925286
002360.SZ,20260908,5.58,10300,57474.0,-0.7117437722419906,2.998787837299716,40.72953736654806
002361.SZ,20260908,9.95,6760733,67269293.35,-3.957528957528955,54.60028198677188,21.25482625482627
002362.SZ,20260908,16.09,5700,91713.0,-0.8014796547472169,2.312704720690969,40.1911220715167
002363.SZ,20260908,6.9,22500,155250.0,0.0,5.9799819094473206,45.0
002364.SZ,20260908,38.24,282900,10818096.0,-0.2868318122555391,8.011597006142804,43.27900912646677
002365.SZ,20260908,14.65,167900,2459735.0,0.20519835841315004,3.3874788622978826,46.2311901504789
002366.SZ,20260908,5.9,647700,3821430.0,-0.8403361344537785,19.227700643775265,39.95798319327733
002367.SZ,20260908,5.78,20900,120802.0,0.3472222222222321,1.9423547125243232,47.08333333333339
002368.SZ,20260908,13.96,25700,358772.0,0.287356321839094,3.8388687291742873,46.72413793103456
002369.SZ,20260908,6.18,25800,159444.0,0.0,2.387022657324615,45.0
002370.SZ,20260908,5.39,30500,164395.0,-0.18518518518519933,0.5080860103704995,43.8888888888888
002371.SZ,20260908,660.6,29600,19553760.0,-0.007568303943084054,5.1539655855387,44.9545901763415
002372.SZ,20260908,8.53,10500,89565.0,0.0,1.8299000402745136,45.0
002373.SZ,20260908,7.64,5100,38964.0,0.0,0.49551397769149125,45.0
002374.SZ,20260908,3.15,12800,40320.0,0.31847133757960666,0.9820987176791603,46.91082802547764
002375.SZ,20260908,3.87,66900,258903.0,0.2590673575129543,4.4259766816118535,46.554404145077726
002376.SZ,20260908,6.67,50000,333500.0,0.45180722891566827,7.1443317932276935,47.71084337349401
002377.SZ,20260908,2.75,15000,41250.0,0.36496350364962904,0.4049996972074991,47.18978102189777
002378.SZ,20260908,24.05,39600,952380.0,0.2501042100875539,2.7745086835834303,46.500625260525325
002379.SZ,20260908,18.71,124500,2329395.0,0.5373455131649774,3.0637419351604174,48.22407307898986
002380.SZ,20260908,28.17,4800,135216.0,-0.2831858407079557,1.2060540955046206,43.30088495575227
002381.SZ,20260908,5.59,30600,171054.0,-0.17857142857142794,5.09229657294222,43.92857142857143
002382.SZ,20260908,5.91,24001,141845.91,0.16949152542371504,1.6531032454066186,46.01694915254229
002383.SZ,20260908,7.08,48700,344796.0,-0.28169014084505895,1.2190775827301752,43.30985915492965
002384.SZ,20260908,189.5,354600,67196700.0,-0.5510364733665729,6.0966316344325575,41.693781159800565
002385.SZ,20260908,3.49,876000,3057240.0,-0.28571428571427804,3.2469556047277583,43.285714285714334
002386.SZ,20260908,5.86,17200,100792.0,-0.17035775127768327,1.02970718993926,43.9778534923339
002387.SZ,20260908,7.06,29300,206858.0,0.0,3.080423401335859,45.0
002388.SZ,20260908,6.4,101000,646400.0,-0.7751937984496138,4.19897814125269,40.34883720930232
002389.SZ,20260908,19.0,146700,2787300.0,-0.5235602094240899,3.877080237271492,41.85863874345546
002390.SZ,20260908,3.01,22200,66822.0,0.0,0.5541317091634034,45.0
002391.SZ,20260908,5.4,10500,56700.0,0.18552875695734272,0.7148053664409999,46.113172541744056
002392.SZ,20260908,7.8,31000,241800.0,-0.1280409731113874,2.7150393101311927,44.23175416133168
002393.SZ,20260908,13.96,3400,47464.0,-0.07158196134573469,1.0766565245519222,44.570508231925594
002394.SZ,20260908,10.71,4300,46053.0,-1.0166358595193992,1.8070634745710938,38.900184842883604
002395.SZ,20260908,13.24,22600,299224.0,-0.6006006006005982,4.0014716992039965,41.39639639639641
002396.SZ,20260908,38.7,1071970,41485239.0,1.4682747771368687,10.822456271571248,53.80964866282121
002397.SZ,20260908,3.89,59400,231066.0,-0.2564102564102555,3.223031953217956,43.46153846153847
002398.SZ,20260908,4.27,24600,105042.0,0.47058823529411153,2.1747430310740308,47.82352941176467
002399.SZ,20260908,9.84,1900,18696.0,0.0,0.3973480420390862,45.0
002400.SZ,20260908,6.79,182400,1238496.0,-0.14705882352941124,1.7571501286376563,44.117647058823536
002401.SZ,20260908,12.4,800,9920.0,0.24252223120453387,0.27516027291899264,46.45513338722721
002402.SZ,20260908,18.85,24000,452400.0,-0.053022269353120155,1.6508634442761008,44.68186638388128
002403.SZ,20260908,13.65,6401500,87380475.0,9.991941982272357,147.55101338489078,100.0
002404.SZ,20260908,5.97,387200,2311584.0,1.8771331058020424,28.564206796847905,56.262798634812256
002405.SZ,20260908,6.26,52200,326772.0,-0.15948963317383713,1.7337596160520665,44.043062200956975
002406.SZ,20260908,6.73,31600,212668.0,-0.4437869822485063,3.4304718929846163,42.33727810650896
002407.SZ,20260908,33.31,255700,8517367.0,0.030030030030037125,3.344650642102472,45.18018018018022
002408.SZ,20260908,5.42,431300,2337646.0,0.0,12.384953597508758,45.0
002409.SZ,20260908,133.3,243000,32391900.0,1.7557251908397076,11.106019118694233,55.534351145038244
002410.SZ,20260908,8.84,26000,229840.0,0.34052213393869213,1.7604863470560828,47.043132803632155
002412.SZ,20260908,9.6,341200,3275520.0,-1.4373716632443578,3.96692496773937,36.37577002053385
002413.SZ,20260908,8.06,51800,417508.0,0.0,1.8490682885080825,45.0
002414.SZ,20260908,12.5,171800,2147500.0,0.08006405124099114,4.480920426965363,45.480384307445945
002415.SZ,20260908,34.78,52600,1829428.0,-0.25810151993116426,0.29584754548233755,43.451390880413015
002416.SZ,20260908,9.69,28200,273258.0,0.0,2.114494668506343,45.0
002418.SZ,20260908,5.38,2320200,12482676.0,0.9380863039399667,9.249445734536682,50.6285178236398
002419.SZ,20260908,4.86,33400,162324.0,-0.4098360655737654,1.6649856856003606,42.540983606557404
002420.SZ,20260908,6.18,2400,14832.0,0.32467532467532756,0.40577095373218036,46.94805194805197
002421.SZ,20260908,3.36,224100,752976.0,-0.591715976331364,1.864706307369778,41.44970414201182
002422.SZ,20260908,41.55,11500,477825.0,0.02407318247472645,0.733651049435219,45.14443909484836
002423.SZ,20260908,9.73,35800,348334.0,0.309278350515485,1.415506779600572,46.85567010309291
002424.SZ,20260908,4.65,9600,44640.0,0.21551724137931494,1.1470583235505583,46.293103448275886
002425.SZ,20260908,3.44,186800,642592.0,0.0,3.7369162179873765,45.0
002426.SZ,20260908,2.7,104300,281610.0,0.0,1.7784886764344037,45.0
002427.SZ,20260908,4.95,55300,273735.0,-0.6024096385542244,3.111331248504866,41.385542168674654
002428.SZ,20260908,92.82,352800,32746896.0,0.8913043478260718,8.241525700988916,50.34782608695643
002429.SZ,20260908,7.94,79600,632024.0,-0.2512562814070307,2.129554756119033,43.492462311557816
002430.SZ,20260908,26.86,39700,1066342.0,0.8258258258258211,2.5249133640531536,49.95495495495493
002431.SZ,20260908,1.39,126200,175418.0,0.0,6.288638084572714,45.0
002432.SZ,20260908,69.39,142900,9915831.0,-0.30172413793102537,6.523150586869206,43.18965517241385
002434.SZ,20260908,5.81,24000,139440.0,-0.1718213058419349,2.272051331753136,43.96907216494839
002436.SZ,20260908,39.0,5671968,221206752.0,6.1224489795918435,19.384460087505925,81.73469387755105
002437.SZ,20260908,3.88,2054956,7973229.28,-1.7721518987341867,4.041432286129062,34.36708860759488
002438.SZ,20260908,14.08,38000,535040.0,-0.2126151665485465,5.204758571927246,43.72430900070872
002439.SZ,20260908,13.43,29300,393499.0,0.0,2.958706831887028,45.0
002440.SZ,20260908,12.58,263300,3312314.0,0.07955449482894839,7.04664317906075,45.47732696897369
002441.SZ,20260908,8.33,23900,199087.0,-0.11990407673860837,5.125854938365492,44.280575539568346
002442.SZ,20260908,5.23,18400,96232.0,-0.1908396946564861,1.6413469657862343,43.854961832061086
002443.SZ,20260908,11.43,434500,4966335.0,-1.0389610389610504,13.763531200638681,38.7662337662337
002444.SZ,20260908,29.3,16500,483450.0,0.0,2.616308204180757,45.0
002445.SZ,20260908,3.2,382300,1223360.0,-0.6211180124223614,5.784623709124096,41.273291925465834
002446.SZ,20260908,8.17,185100,1512267.0,1.2391573729863659,5.721879075823455,52.434944237918195
002448.SZ,20260908,11.96,15900,190164.0,0.0,1.037234116100808,45.0
002449.SZ,20260908,6.6,21900,144540.0,0.3039513677811412,2.799516338714516,46.823708206686845
002451.SZ,20260908,7.77,182400,1417248.0,0.2580645161290196,13.262280908167092,46.54838709677412
002452.SZ,20260908,12.22,55700,680654.0,0.0,3.642178447992127,45.0
002453.SZ,20260908,4.55,2400,10920.0,0.0,0.3410273943683261,45.0
002454.SZ,20260908,5.07,14000,70980.0,-0.5882352941176339,1.6401679290532547,41.470588235294194
002455.SZ,20260908,7.72,16400,126608.0,-0.25839793281654533,0.7165205717706737,43.44961240310073
002456.SZ,20260908,7.52,119700,900144.0,-0.13280212483400833,2.2187298547509937,44.20318725099595
002457.SZ,20260908,12.5,748200,9352500.0,3.1353135313531455,13.12714747100221,63.811881188118875
002458.SZ,20260908,9.21,282052,2597698.92,0.21762785636563198,5.979241782613133,46.305767138193794
002459.SZ,20260908,6.84,75000,513000.0,-0.291545189504383,2.5636417893736407,43.2507288629737
002460.SZ,20260908,49.15,100900,4959235.0,0.5935325419565984,4.671116236917904,48.56119525173959
002461.SZ,20260908,8.72,15200,132544.0,0.0,3.670696276082948,45.0
002462.SZ,20260908,12.41,4500,55845.0,0.08064516129031585,2.026678999849428,45.48387096774189
002463.SZ,20260908,126.0,1352600,170427600.0,2.7313493681206724,19.541843870570233,61.388096208724036
002465.SZ,20260908,9.99,248700,2484513.0,0.3012048192771122,4.103200283395794,46.80722891566268
002466.SZ,20260908,45.5,138400,6297200.0,0.5302695536897994,5.4643884210290645,48.1816173221388
002467.SZ,20260908,4.78,33900,162042.0,0.20964360587003572,1.2459750852380787,46.257861635220216
002468.SZ,20260908,14.33,34800,498684.0,0.0,2.7640213506190827,45.0
002469.SZ,20260908,6.43,41200,264916.0,0.0,2.307718192083357,45.0
002470.SZ,20260908,2.34,9028200,21125988.0,1.7391304347826209,25.93922367152407,55.43478260869573
002471.SZ,20260908,5.72,141600,809952.0,0.0,2.974486330390525,45.0
002472.SZ,20260908,37.72,135300,5103516.0,0.26581605528974706,6.59263263762415,46.59489633173848
002474.SZ,20260908,6.51,22500,146475.0,-0.15337423312883347,1.5245570092824634,44.079754601227
002475.SZ,20260908,55.9,307105,17167169.5,-0.053638476667261514,4.478017115965849,44.67816913999643
002476.SZ,20260908,5.28,43700,230736.0,-0.1890359168241873,4.081708611546147,43.865784499054875
002478.SZ,20260908,6.93,345100,2391543.0,1.0204081632652962,15.371854141500927,51.12244897959178
002479.SZ,20260908,6.0,28100,168600.0,0.0,1.7737724677809095,45.0
002480.SZ,20260908,5.45,34400,187480.0,1.1131725417439897,5.362905633027535,51.67903525046394
002481.SZ,20260908,4.49,222300,998127.0,-0.22222222222221255,6.622619226827787,43.66666666666673
002482.SZ,20260908,1.35,480300,648405.0,0.746268656716409,6.316155056457607,49.47761194029845
002483.SZ,20260908,6.18,1900300,11743854.0,2.657807308970095,18.96125463884545,60.94684385382057
002484.SZ,20260908,64.12,1189900,76296388.0,3.5028248587570587,21.087773405541277,66.01694915254235
002485.SZ,20260908,5.86,5000,29300.0,0.34246575342467,5.063443390357269,47.05479452054802
002486.SZ,20260908,3.0,17200,51600.0,0.0,0.18337328390170898,33.007191102307615
002487.SZ,20260908,33.24,26400,877536.0,0.0,2.084761069111814,45.0
002488.SZ,20260908,8.1,32500,263250.0,0.0,2.4807936119849274,45.0
002489.SZ,20260908,2.8,71900,201320.0,0.0,3.454647703861977,45.0
002490.SZ,20260908,7.73,438200,3387286.0,-1.2771392081736832,5.242973151953065,37.3371647509579
002491.SZ,20260908,21.12,465600,9833472.0,0.09478672985780978,2.554793552538467,45.56872037914686
002492.SZ,20260908,6.08,6100,37088.0,0.49586776859504855,0.7809852825926218,47.97520661157029
002493.SZ,20260908,14.07,47700,671139.0,0.5718370264474526,0.9494153199393393,48.43102215868471
002494.SZ,20260908,4.83,41700,201411.0,-0.6172839506172867,4.793788503366477,41.296296296296276
002495.SZ,20260908,2.47,176700,436449.0,0.8163265306122547,6.341447253420856,49.89795918367353
002496.SZ,20260908,2.22,89600,198912.0,0.0,1.967696624295122,45.0
002497.SZ,20260908,17.78,50700,901446.0,0.28200789622110367,2.459000785790943,46.692047377326624
002498.SZ,20260908,6.44,153600,989184.0,0.0,2.8598481293931353,45.0
002500.SZ,20260908,5.34,30100,160734.0,0.0,1.5105282823243342,45.0
002501.SZ,20260908,1.27,125100,158877.0,0.0,4.432301297877733,45.0
002506.SZ,20260908,2.58,445500,1149390.0,0.0,2.346396848469692,45.0
002507.SZ,20260908,11.39,31400,357646.0,-0.17528483786152238,2.353434903956964,43.94829097283087
002508.SZ,20260908,15.94,16500,263010.0,0.12562814070351536,3.321048278958055,45.75376884422109
002510.SZ,20260908,5.69,36600,208254.0,0.0,3.3232713683720743,45.0
002511.SZ,20260908,7.24,7600,55024.0,-0.13793103448275223,0.6628723696740325,44.17241379310349
002512.SZ,20260908,4.32,290900,1256688.0,0.9345794392523477,18.954894913433208,50.60747663551409
002513.SZ,20260908,5.49,43400,238266.0,0.18248175182480342,4.9532934360867795,46.09489051094882
002514.SZ,20260908,2.45,600500,1471225.0,0.4098360655737876,9.099830845152711,47.459016393442724
002515.SZ,20260908,8.16,2017500,16462800.0,0.0,14.984640521873931,45.0
002516.SZ,20260908,6.18,3275000,20239500.0,5.102040816326525,47.337658722556036,75.61224489795916
002517.SZ,20260908,17.63,288600,5088018.0,0.0,4.755796176351288,45.0
002518.SZ,20260908,36.54,138400,5057136.0,-0.7604562737642651,6.709478717754086,40.43726235741441
002519.SZ,20260908,5.65,45000,254250.0,-0.17667844522968323,1.7865807197681667,43.9399293286219
002520.SZ,20260908,6.45,93200,601140.0,-0.1547987616099089,3.6826521121637357,44.07120743034055
002521.SZ,20260908,6.62,5100,33762.0,0.4552352048558417,1.175193087823493,47.73141122913505
002522.SZ,20260908,5.23,5000,26150.0,0.19157088122607746,0.330841611021016,46.149425287356465
002523.SZ,20260908,3.58,140000,501200.0,0.2801120448179262,8.83120729887936,46.68067226890756
002524.SZ,20260908,4.07,67400,274318.0,-0.9732360097323589,5.75781833346214,39.16058394160585
002526.SZ,20260908,2.72,32400,88128.0,0.0,1.0460741049828184,45.0
002527.SZ,20260908,11.43,45900,524637.0,0.5277044854881341,7.454108793640305,48.166226912928806
002528.SZ,20260908,7.71,909200,7009932.0,2.9372496662216196,28.447118018780305,62.62349799732972
002529.SZ,20260908,6.97,49200,342924.0,-0.5706134094151216,5.505390922044252,41.57631954350927
002530.SZ,20260908,7.48,38300,286484.0,0.2680965147453085,4.1873717393225425,46.60857908847185
002531.SZ,20260908,6.28,79900,501772.0,-0.31746031746030523,3.1418655127298747,43.095238095238166
002532.SZ,20260908,13.05,236300,3083715.0,0.694444444444442,4.173957790068303,49.16666666666665
002533.SZ,20260908,11.22,69200,776424.0,0.2680965147453085,16.978301186849695,46.60857908847185
002534.SZ,20260908,16.9,35000,591500.0,-0.41249263406011316,2.966637704849773,42.525044195639325
002535.SZ,20260908,2.6,125100,325260.0,0.38610038610038533,8.242598816040871,47.316602316602314
002536.SZ,20260908,57.0,420800,23985600.0,-0.6449363778978534,4.833012161852821,41.13038173261288
002537.SZ,20260908,6.33,349400,2211702.0,-1.0937500000000044,6.069555892390505,38.43749999999997
002538.SZ,20260908,,0,0.0,,0.0,0.0
002539.SZ,20260908,13.06,7300,95338.0,0.07662835249042654,0.505831367286837,45.45977011494256
002540.SZ,20260908,5.23,38000,198740.0,0.0,3.916724819916865,45.0
002541.SZ,20260908,20.35,10800,219780.0,0.0,1.3430949424043768,45.0
002542.SZ,20260908,1.7,285900,486030.0,-0.5847953216374324,19.49812829522099,41.4912280701754
002543.SZ,20260908,7.33,15100,110683.0,-0.40760869565217295,1.657988639612776,42.55434782608696
002544.SZ,20260908,15.85,14700,232995.0,0.06313131313131493,1.1122864859096064,45.37878787878789
002545.SZ,20260908,17.45,82600,1441370.0,0.11474469305794432,3.9199508209454077,45.68846815834767
002546.SZ,20260908,7.75,80100,620775.0,0.2587322121604174,6.955424493097412,46.552393272962505
002547.SZ,20260908,2.64,155900,411576.0,-0.7518796992481258,7.799616525069984,40.48872180451124
002548.SZ,20260908,4.59,459500,2109105.0,0.4376367614879584,7.697624486261811,47.62582056892775
002549.SZ,20260908,13.97,76400,1067308.0,1.0122921185828027,5.162823101204136,51.073752711496816
002550.SZ,20260908,6.54,21300,139302.0,0.0,1.962950281649074,45.0
002551.SZ,20260908,3.35,8000,26800.0,0.29940119760478723,0.6653430033388384,46.79640718562872
002552.SZ,20260908,47.92,89100,4269672.0,-0.18746094563631965,4.703402080985357,43.87523432618208
002553.SZ,20260908,18.58,239900,4457342.0,1.6967706622879053,9.820137248892989,55.180623973727435
002554.SZ,20260908,2.89,21100,60979.0,0.0,0.5592253915996416,45.0
002555.SZ,20260908,18.81,131600,2475396.0,-0.21220159151195128,4.168868165734315,43.72679045092829
002556.SZ,20260908,5.42,41800,226556.0,0.0,1.2210259248323958,45.0
002557.SZ,20260908,19.23,11200,215376.0,0.0,1.5595939016991207,45.0
002558.SZ,20260908,27.32,241400,6595048.0,-0.6184066933430321,4.285078765977873,41.28955983994181
002559.SZ,20260908,8.99,64900,583451.0,0.33482142857141906,4.73851125368302,47.00892857142851
002560.SZ,20260908,6.22,39600,246312.0,0.4846526655896577,2.5057802655363846,47.90791599353795
002561.SZ,20260908,7.66,226154,1732339.64,-0.7772020725388518,13.845696988755206,40.33678756476689
002562.SZ,20260908,4.97,56400,280308.0,0.0,0.8248545588105738,45.0
002563.SZ,20260908,5.78,67200,388416.0,0.17331022530331364,6.563627307248429,46.03986135181988
002564.SZ,20260908,5.56,3793800,21093528.0,2.58302583025829,34.2926892590228,60.49815498154974
002565.SZ,20260908,8.63,191400,1651782.0,0.8177570093457875,5.704619378934926,49.90654205607473
002566.SZ,20260908,7.05,16000,112800.0,0.0,2.1565971551800014,45.0
002567.SZ,20260908,4.11,485400,1994994.0,0.7352941176470562,8.83487280321968,49.411764705882334
002568.SZ,20260908,18.3,60900,1114470.0,0.7709251101321701,3.5532837234874646,49.625550660793024
002569.SZ,20260908,11.0,16300,179300.0,-1.4336917562724039,12.01334077137574,36.39784946236558
002570.SZ,20260908,4.68,38500,180180.0,-0.2132196162047073,1.590698415926572,43.720682302771756
002571.SZ,20260908,11.87,20600,244522.0,0.4230118443316222,2.778537214163106,47.53807106598973
002572.SZ,20260908,7.94,4900,38906.0,0.0,0.5268814271711674,45.0
002573.SZ,20260908,3.23,27500,88825.0,0.0,2.125104460577396,45.0
002574.SZ,20260908,5.19,122000,633180.0,0.7766990291262044,9.106913491961405,49.66019417475722
002575.SZ,20260908,5.54,118700,657598.0,0.0,7.762878106199517,45.0
002576.SZ,20260908,14.63,1600,23408.0,0.0,1.0658595858401503,45.0
002577.SZ,20260908,19.24,7100,136604.0,0.0,2.433510416803058,45.0
002578.SZ,20260908,4.26,69700,296922.0,0.7092198581560183,1.5893460107892592,49.25531914893611
002579.SZ,20260908,16.9,7551200,127615280.0,8.961960025789795,152.5387543157103,98.77176015473877
002580.SZ,20260908,22.1,374800,8283080.0,-1.6903914590747249,4.6005423055117145,34.85765124555165
002581.SZ,20260908,5.8,26800,155440.0,-1.1925042589437829,2.3756567443770114,37.844974446337304
002582.SZ,20260908,10.55,73900,779645.0,0.2851711026616188,1.6820517441474747,46.711026615969715
002583.SZ,20260908,8.49,28000,237720.0,0.4733727810650956,1.7068053600868205,47.840236686390575
002584.SZ,20260908,8.07,25200,203364.0,0.12406947890819531,1.6089263529001834,45.74441687344917
002585.SZ,20260908,9.06,47600,431256.0,-0.766703176341732,1.6269106390345554,40.39978094194961
002586.SZ,20260908,4.0,30100,120400.0,0.0,3.9303224343163636,45.0
002587.SZ,20260908,5.55,26300,145965.0,-0.17985611510791255,3.0095016346837027,43.92086330935253
002588.SZ,20260908,8.12,75600,613872.0,0.7444168734491052,1.7724925265835674,49.46650124069463
002589.SZ,20260908,3.26,159400,519644.0,0.0,1.6125876135056543,45.0
002590.SZ,20260908,10.0,600,6000.0,0.10010010010010895,0.13254569831169427,24.458826296705624
002591.SZ,20260908,6.53,11500,75095.0,0.3072196620583778,1.4963839099205383,46.84331797235026
002592.SZ,20260908,6.73,9900,66627.0,0.4477611940298498,6.3369979500605345,47.686567164179095
002593.SZ,20260908,4.57,4700,21479.0,0.21929824561404132,0.540189166052198,46.31578947368425
002594.SZ,20260908,86.39,105000,9070950.0,-0.13871228759680942,5.332252831030732,44.167726274419145
002595.SZ,20260908,41.3,13800,569940.0,-0.14506769825919363,1.8503574504705464,44.12959381044484
002596.SZ,20260908,3.44,116000,399040.0,1.17647058823529,5.190905226470641,52.05882352941174
002597.SZ,20260908,21.41,16000,342560.0,0.9905660377358627,0.9236618052585678,50.943396226415175
002598.SZ,20260908,7.05,400,2820.0,-0.14164305949008194,0.2625273489262166,44.150141643059506
002599.SZ,20260908,5.82,3400,19788.0,-0.3424657534246478,0.46513991642807523,42.94520547945211
002600.SZ,20260908,12.6,277000,3490200.0,-0.23752969121141332,3.7251997705867006,43.57482185273152
002601.SZ,20260908,15.66,43100,674946.0,0.5780346820809301,4.576139088642966,48.46820809248558
002602.SZ,20260908,16.15,933000,15067950.0,-0.06188118811881749,7.660694932038723,44.62871287128709
002603.SZ,20260908,15.76,12700,200152.0,0.0,1.0309553628519743,45.0
002605.SZ,20260908,17.59,4100,72119.0,0.0,0.7306471759997719,45.0
002606.SZ,20260908,12.98,101800,1321364.0,-0.07698229407235857,7.049474104843209,44.53810623556585
002607.SZ,20260908,2.06,333600,687216.0,0.4878048780487809,1.2920087235639541,47.926829268292686
002608.SZ,20260908,7.35,39500,290325.0,0.13623978201635634,1.1244477007150229,45.817438692098136
002609.SZ,20260908,7.86,12500,98250.0,0.1273885350318471,3.130205958631389,45.76433121019108
002611.SZ,20260908,14.8,29000,429200.0,-0.13495276653171517,2.0225637024749314,44.19028340080971
002612.SZ,20260908,16.68,28000,467040.0,-0.05991611743559888,4.32066675308179,44.64050329538641
002613.SZ,20260908,3.45,4300,14835.0,-0.28901734104045396,0.2596867489860532,43.26589595375728
002614.SZ,20260908,5.78,13000,75140.0,0.0,1.746840500466781,45.0
002615.SZ,20260908,6.49,2100,13629.0,0.0,0.3773549644133711,45.0
002616.SZ,20260908,4.89,28400,138876.0,0.2049180327868827,2.511784735703043,46.2295081967213
002617.SZ,20260908,6.14,84900,521286.0,0.16313213703098572,0.8815714197330433,45.978792822185916
002620.SZ,20260908,6.12,11000,67320.0,0.49261083743843415,1.47119541642643,47.955665024630605
002622.SZ,20260908,2.66,69100,183806.0,0.37735849056603765,2.7221781738080386,47.264150943396224
002623.SZ,20260908,16.02,5400,86508.0,0.12499999999999734,1.6611689424597007,45.749999999999986
002624.SZ,20260908,11.55,460700,5321085.0,0.6097560975609762,8.184145623830393,48.65853658536586
002625.SZ,20260908,28.0,37000,1036000.0,-0.2849002849002802,2.1925688694614607,43.29059829059832
002626.SZ,20260908,16.89,800,13512.0,0.05924170616113944,0.1419149606946918,25.90014316201136
002627.SZ,20260908,7.34,34000,249560.0,0.13642564802183177,2.6520057520342744,45.81855388813099
002628.SZ,20260908,5.29,51200,270848.0,-0.18867924528301883,2.8505824471782173,43.867924528301884
002629.SZ,20260908,4.88,74900,365512.0,0.2053388090349051,7.3979405133625695,46.23203285420943
002630.SZ,20260908,1.69,41800,70642.0,0.0,3.354076264312073,45.0
002631.SZ,20260908,11.28,329100,3712248.0,0.7142857142857117,13.828287500933744,49.28571428571427
002632.SZ,20260908,9.41,420100,3953141.0,0.0,13.072006164289292,45.0
002633.SZ,20260908,14.74,4100,60434.0,0.06788866259335169,3.2159005138714645,45.40733197556011
002634.SZ,20260908,4.29,36500,156585.0,1.4184397163120366,5.836583185293812,53.51063829787222
002635.SZ,20260908,15.25,75600,1152900.0,-0.0655307994757548,5.196933648564847,44.60681520314547
002636.SZ,20260908,68.27,415500,28366185.0,0.3232916972814026,6.90190190013517,46.93975018368842
002637.SZ,20260908,13.45,407500,5480875.0,5.242566510172142,7.312884973355114,76.45539906103285
002638.SZ,20260908,4.26,305000,1299300.0,0.23529411764704466,6.519838733223569,46.41176470588227
002639.SZ,20260908,14.1,714600,10075860.0,0.7142857142857117,4.7465656081170735,49.28571428571427
002640.SZ,20260908,3.48,421800,1467864.0,-0.5714285714285672,5.57864736965487,41.5714285714286
002641.SZ,20260908,3.93,11100,43623.0,0.25510204081633514,0.9042988651617032,46.53061224489801
002642.SZ,20260908,7.18,7100,50978.0,0.0,1.0206742701006688,45.0
002643.SZ,20260908,12.73,15300,194769.0,0.07861635220125507,1.4651950105319793,45.47169811320753
002644.SZ,20260908,8.56,14300,122408.0,-0.1166861143523934,1.8777203786151138,44.29988331388564
002645.SZ,20260908,18.03,24100,434523.0,0.05549389567147678,1.788338017284922,45.332963374028864
002646.SZ,20260908,7.21,14700,105987.0,-0.2766251728907432,2.042020494550159,43.340248962655544
002647.SZ,20260908,11.47,18300,209901.0,0.0,1.7363714598871813,45.0
002648.SZ,20260908,27.05,79300,2145065.0,0.14809329877822908,2.0921396154639282,45.888559792669376
002649.SZ,20260908,9.81,38600,378666.0,0.4094165813715467,4.354022589237578,47.456499488229284
002650.SZ,20260908,6.15,13400,82410.0,0.0,2.360853795426991,45.0
002651.SZ,20260908,8.54,75700,646478.0,-0.4662004662004726,3.9876986611488308,42.202797202797164
002652.SZ,20260908,4.43,216900,960867.0,0.45351473922901064,5.937743401228471,47.721088435374064
002653.SZ,20260908,68.0,7600,516800.0,-1.062127164265969,0.8714263195997051,38.62723701440419
002654.SZ,20260908,13.87,228700,3172069.0,-0.28756290438534116,4.896430013014738,43.27462257368795
002655.SZ,20260908,38.9,66000,2567400.0,0.12870012870012104,2.46325328648589,45.772200772200726
002656.SZ,20260908,2.93,21000,61530.0,0.0,1.7212764681924586,45.0
002657.SZ,20260908,16.22,30800,499576.0,0.0,3.8652895959441698,45.0
002658.SZ,20260908,7.67,69900,536133.0,0.0,10.543702372257812,45.0
002659.SZ,20260908,4.67,114900,536583.0,0.4301075268817067,5.684276047486841,47.58064516129024
002660.SZ,20260908,7.97,352800,2811816.0,0.2515723270440251,21.119235764115896,46.509433962264154
002661.SZ,20260908,8.17,41500,339055.0,0.8641975308641969,2.199238849670781,50.18518518518518
002662.SZ,20260908,3.28,6900,22632.0,-0.60606060606061,0.6433297785137121,41.36363636363634
002663.SZ,20260908,1.75,46900,82075.0,0.0,1.4898591432708719,45.0
002664.SZ,20260908,15.64,27700,433228.0,0.2564102564102555,6.574678113515924,46.53846153846153
002666.SZ,20260908,4.28,69000,295320.0,0.46948356807512415,7.1473030305949194,47.81690140845075
002667.SZ,20260908,18.02,103510,1865250.2,-0.16620498614958734,12.386523683616451,44.002770083102476
002668.SZ,20260908,9.11,26600,242326.0,0.0,2.602905505736101,45.0
002669.SZ,20260908,12.31,222200,2735282.0,0.0,16.698892817597947,45.0
002670.SZ,20260908,12.5,270500,3381250.0,0.32102728731941976,8.557899359721597,46.92616372391652
002671.SZ,20260908,4.03,63400,255502.0,0.0,5.530971008803548,45.0
002672.SZ,20260908,3.73,34100,127193.0,-0.2673796791443861,4.9769237084757565,43.395721925133685
002673.SZ,20260908,6.91,41600,287456.0,0.14492753623187582,1.9950401283882055,45.869565217391255
002674.SZ,20260908,20.5,9406700,192837350.0,-2.0544672718585733,257.78220026285754,32.673196368848565
002675.SZ,20260908,12.66,6500,82290.0,-0.4716981132075526,0.844129490416181,42.16981132075468
002676.SZ,20260908,5.22,8500,44370.0,0.38461538461538325,0.6034048105792352,47.3076923076923
002677.SZ,20260908,6.59,4300,28337.0,0.0,1.665988109323672,45.0
002678.SZ,20260908,4.8,104700,502560.0,0.0,6.255963025963904,45.0
002679.SZ,20260908,11.1,342600,3802860.0,-0.6266786034019756,11.513457971109213,41.23992837958815
002681.SZ,20260908,4.88,23800,116144.0,-0.40816326530612734,0.7299993580236911,42.55102040816324
002682.SZ,20260908,5.3,92800,491840.0,0.37878787878786735,3.264221822880532,47.2727272727272
002683.SZ,20260908,30.12,36500,1099380.0,-0.1657275439178041,6.097964259761585,44.00563473649318
002685.SZ,20260908,5.44,30700,167008.0,0.3690036900369176,1.7141503243630378,47.2140221402215
002686.SZ,20260908,6.54,7400,48396.0,-0.15267175572518665,0.7313431227671318,44.08396946564888
002687.SZ,20260908,6.17,210600,1299402.0,0.16233766233766378,9.696442676147477,45.974025974025984
002688.SZ,20260908,5.36,59900,321064.0,0.3745318352059934,3.203273357942797,47.24719101123596
002689.SZ,20260908,2.98,15600,46488.0,0.0,4.263084824411167,45.0
002690.SZ,20260908,15.87,10900,172983.0,-0.12586532410321372,3.5040744200966034,44.244808055380716
002691.SZ,20260908,4.61,3800,17518.0,0.0,1.884141941561054,45.0
002692.SZ,20260908,4.32,15200,65664.0,0.23201856148493682,1.2057124372532018,46.392111368909625
002693.SZ,20260908,8.88,145400,1291152.0,0.9090909090909038,14.370154803439537,50.454545454545425
002694.SZ,20260908,2.59,13900,36001.0,-0.38461538461539435,5.380888303185502,42.69230769230764
002695.SZ,20260908,10.49,300,3147.0,-0.09523809523809268,0.0442653459327037,7.396333696458109
002696.SZ,20260908,7.05,363000,2559150.0,0.2844950213371167,6.816492339381194,46.706970128022704
002697.SZ,20260908,4.88,211400,1031632.0,-0.2044989775051076,6.082460006267598,43.77300613496936
002698.SZ,20260908,11.98,21419,256599.62,0.08354218880535225,2.726577794727119,45.50125313283211
002700.SZ,20260908,6.52,3700,24124.0,0.1536098310291889,0.7045465065968001,45.92165898617513
002701.SZ,20260908,4.53,7400,33522.0,-0.22026431718060735,0.27047836358961447,43.678414096916356
002702.SZ,20260908,6.79,11140490,75643927.1,10.048622366288495,126.42594533263376,100.0
002703.SZ,20260908,16.69,552900,9227901.0,-1.0083036773428145,10.581992367672179,38.95017793594312
002705.SZ,20260908,11.35,3100,35185.0,0.0,0.6615279599648686,45.0
002706.SZ,20260908,9.51,141200,1342812.0,0.10526315789474161,2.9338792025470424,45.63157894736845
002707.SZ,20260908,5.68,179900,1021832.0,0.0,7.3182013358342966,45.0
002708.SZ,20260908,17.0,1434500,24386500.0,1.1904761904761862,21.5067583538351,52.14285714285712
002709.SZ,20260908,34.0,98200,3338800.0,0.0,3.07532420481312,45.0
002712.SZ,20260908,5.23,93000,486390.0,0.19157088122607746,2.6477067600381945,46.149425287356465
002713.SZ,20260908,9.92,386796,3837016.32,0.9155645981688609,12.171178557218234,50.49338758901317
002714.SZ,20260908,43.79,128000,5605120.0,-0.27328626736505823,3.3193980949379767,43.36028239580965
002715.SZ,20260908,14.05,7600,106780.0,0.21398002853068032,4.4334162166543,46.28388017118408
002716.SZ,20260908,10.86,1368100,14857566.0,1.495327102803734,7.619866493047482,53.9719626168224
002717.SZ,20260908,0.98,828700,812126.0,0.0,36.87298608079759,45.0
002718.SZ,20260908,87.45,1000,87450.0,1.1567379988432602,1.511833847022607,51.94042799305956
002719.SZ,20260908,7.0,28600,200200.0,0.14306151645206988,7.787305579433298,45.858369098712416
002721.SZ,20260908,2.99,1296400,3876236.0,0.3355704697986628,7.1610896391776375,47.01342281879198
002722.SZ,20260908,13.2,17000,224400.0,0.07581501137225999,6.750073399152073,45.45489006823356
002723.SZ,20260908,7.86,2600,20436.0,-0.3802281368821214,0.350307626869677,42.71863117870727
002724.SZ,20260908,6.86,61600,422576.0,0.0,2.707889711837265,45.0
002725.SZ,20260908,11.43,6500,74295.0,0.4393673110720364,1.6094841433804168,47.63620386643222
002726.SZ,20260908,2.82,291400,821748.0,-0.7042253521126751,4.489231233686707,40.77464788732395
002727.SZ,20260908,11.26,14800,166648.0,0.1779359430605032,2.9239552332193073,46.06761565836302
002728.SZ,20260908,9.06,60780,550666.8,0.0,1.7271295018904982,45.0
002729.SZ,20260908,14.03,4100,57523.0,0.07132667617688604,1.636113908774341,45.42796005706131
002730.SZ,20260908,24.26,58300,1414358.0,-0.123507616302998,5.708359066040748,44.25895430218201
002731.SZ,20260908,,0,0.0,,,0.0
002732.SZ,20260908,14.48,7000,101360.0,0.0,2.7835340886809354,45.0
002733.SZ,20260908,18.62,36500,679630.0,0.0,3.0273285916402113,45.0
002734.SZ,20260908,17.21,318600,5483106.0,1.834319526627226,11.154174522497845,56.00591715976336
002735.SZ,20260908,11.94,5000,59700.0,0.0,0.6132830450824264,45.0
002736.SZ,20260908,10.15,31500,319725.0,0.09861932938854956,2.214446123886957,45.5917159763313
002737.SZ,20260908,11.76,15700,184632.0,0.0,3.4843551048890955,45.0
002738.SZ,20260908,48.44,101000,4892440.0,1.064051742123917,4.8744886513770895,51.384310452743506
002739.SZ,20260908,8.65,362800,3138220.0,-0.3456221198156584,5.717401224659643,42.92626728110605
002741.SZ,20260908,23.56,24800,584288.0,-0.9667927700714563,1.3979597451081178,39.199243379571264
002742.SZ,20260908,4.65,2715200,12625680.0,2.197802197802212,35.45712503036488,58.186813186813275
002743.SZ,20260908,4.6,14889310,68490826.0,-5.9304703476482645,201.32402919099277,15.0
002745.SZ,20260908,11.21,157700,1767817.0,0.17873100983021306,4.029032939827785,46.07238605898128
002746.SZ,20260908,6.83,97500,665925.0,0.0,5.144929142481767,45.0
002747.SZ,20260908,30.64,117400,3597136.0,0.19620667102682177,4.163805182574883,46.17724002616093
002748.SZ,20260908,12.29,18700,229823.0,0.49059689288633024,4.309468045098401,47.94358135731798
002749.SZ,20260908,8.73,7400,64602.0,-0.11441647597253413,0.8876400733584108,44.313501144164796
002752.SZ,20260908,6.23,79900,497777.0,0.0,5.351046601869335,45.0
002753.SZ,20260908,6.79,23900,162281.0,0.0,5.997240729708165,45.0
002755.SZ,20260908,11.93,42800,510604.0,0.16792611251048584,3.380939309514651,46.007556675062915
002756.SZ,20260908,42.9,22500,965250.0,-0.09315323707498324,3.483606464992056,44.4410805775501
002757.SZ,20260908,17.65,88800,1567320.0,0.6271379703534752,5.0995679498328546,48.762827822120855
002758.SZ,20260908,8.93,67900,606347.0,-0.22346368715083775,3.6540999894243065,43.659217877094974
002759.SZ,20260908,15.98,35400,565692.0,0.3138731952291307,2.8193620160422217,46.88323917137478
002760.SZ,20260908,18.05,11700,211185.0,0.33351862145638567,3.1885362169441183,47.001111728738316
002761.SZ,20260908,7.45,99000,737550.0,-0.7989347536617841,6.781686114236059,40.206391478029296
002762.SZ,20260908,9.32,15700,146324.0,0.0,3.4390881633175723,45.0
002763.SZ,20260908,7.52,24000,180480.0,-0.5291005291005346,6.450268175045868,41.825396825396794
002765.SZ,20260908,7.24,20800,150592.0,0.0,2.4173038839630943,45.0
002766.SZ,20260908,4.27,202900,866383.0,0.0,8.027645988116818,45.0
002767.SZ,20260908,18.39,16200,297918.0,0.43691971600219315,10.528587257100837,47.62151829601316
002768.SZ,20260908,61.68,20700,1276776.0,0.6527415143602999,4.101971462912851,48.9164490861618
002769.SZ,20260908,7.77,140700,1093239.0,0.0,16.50398510645592,45.0
002771.SZ,20260908,14.87,35100,521937.0,0.2697235333782855,3.201855297908417,46.61834120026971
002772.SZ,20260908,12.07,105100,1268557.0,0.9197324414715657,2.9747091872558746,50.51839464882939
002773.SZ,20260908,20.15,4300,86645.0,0.0,1.0790169749703926,45.0
002774.SZ,20260908,15.6,5600,87360.0,-0.1280409731113874,0.662285730457304,44.23175416133168
002775.SZ,20260908,3.56,110800,394448.0,-0.2801120448179262,12.096819057448371,43.31932773109244
002777.SZ,20260908,12.83,6900,88527.0,0.07800312012480326,1.405506218923729,45.468018720748816
002778.SZ,20260908,16.92,19800,335016.0,0.23696682464455776,6.422206009131044,46.42180094786735
002779.SZ,20260908,81.26,4200,341292.0,-0.3067108330266244,1.27105886366056,43.159735001840254
002780.SZ,20260908,13.99,66500,930335.0,0.0,14.058672407680225,45.0
002782.SZ,20260908,15.8,25500,402900.0,0.3811944091486774,3.1732768499694375,47.287166454892066
002783.SZ,20260908,8.07,4200,33894.0,0.49813200498132204,0.46921736079482457,47.98879202988793
002785.SZ,20260908,36.43,5900,214937.0,-0.08228195282501405,1.4098214079508464,44.50630828304992
002786.SZ,20260908,7.96,6400,50944.0,-0.12547051442910462,1.341841955703043,44.24717691342537
002787.SZ,20260908,23.56,71500,1684540.0,-0.5067567567567655,2.635084467938123,41.95945945945941
002788.SZ,20260908,11.56,250300,2893468.0,0.17331022530331364,9.99153146549576,46.03986135181988
002789.SZ,20260908,12.7,73800,937260.0,-1.5503875968992276,12.784353520452168,35.697674418604635
002790.SZ,20260908,6.36,29300,186348.0,0.15748031496063408,2.250121986417195,45.944881889763806
002791.SZ,20260908,15.24,7800,118872.0,0.0,2.547485251965133,45.0
002792.SZ,20260908,30.07,185804,5587126.28,0.03326679973387758,3.054803513907143,45.19960079840327
002793.SZ,20260908,4.75,29000,137750.0,0.0,1.0353178679516886,45.0
002795.SZ,20260908,7.14,59300,423402.0,-0.5571030640668551,4.354102084432056,41.65738161559887
002796.SZ,20260908,30.29,68500,2074865.0,0.664672648720499,8.047525402626274,48.988035892323
002797.SZ,20260908,6.47,67600,437372.0,0.1547987616099089,1.7213653041662897,45.92879256965945
002798.SZ,20260908,6.9,49500,341550.0,-0.43290043290041824,3.4059943737899196,42.40259740259749
002799.SZ,20260908,6.97,3200,22304.0,0.1436781609195359,0.7393631518828401,45.86206896551722
002800.SZ,20260908,15.09,6300,95067.0,0.13271400132712774,1.54033425895367,45.79628400796277
002801.SZ,20260908,27.95,200,5590.0,-0.07150518412585294,0.23889952747280374,42.572883840349554
002802.SZ,20260908,12.47,4600,57362.0,0.483481063658342,2.01737854680313,47.90088638195005
002803.SZ,20260908,20.07,20500,411435.0,0.45045045045044585,2.0787255388776913,47.70270270270267
002805.SZ,20260908,17.19,54500,936855.0,0.058207217695005475,7.618244434768537,45.34924330617003
002806.SZ,20260908,14.73,7700,113421.0,0.0,1.954888481096749,45.0
002807.SZ,20260908,4.17,128000,533760.0,0.0,2.78130327366272,45.0
002809.SZ,20260908,8.72,7800,68016.0,-0.11454753722794919,1.6826830815765847,44.312714776632305
002810.SZ,20260908,22.1,14600,322660.0,1.5625,4.279973178710943,54.375
002811.SZ,20260908,14.38,100400,1443752.0,0.0,5.784084262401975,45.0
002812.SZ,20260908,48.27,13500,651645.0,0.14522821576763434,1.3092627668746861,45.871369294605806
002813.SZ,20260908,21.88,4800,105024.0,-0.5002273760800313,3.4925895041739374,41.99863574351981
002815.SZ,20260908,17.11,3251235,55628630.85,6.870705808869437,16.212213929534983,86.22423485321661
002816.SZ,20260908,22.9,100,2290.0,-0.478053020425917,0.07727567150955662,11.04130274916469
002817.SZ,20260908,6.76,21600,146016.0,0.0,5.756441678851771,45.0
002818.SZ,20260908,11.06,6600,72996.0,-0.3603603603603567,1.181508077810455,42.83783783783786
002819.SZ,20260908,21.59,12200,263398.0,-0.04629629629629983,6.532135723038517,44.7222222222222
002820.SZ,20260908,10.63,89000,946070.0,0.18850141376061114,6.471595566939293,46.131008482563665
002821.SZ,20260908,165.8,36500,6051700.0,-0.48019207683072107,2.8949649353207874,42.118847539015675
002822.SZ,20260908,3.1,100,310.0,0.0,0.019023666095404998,3.4242598971728997
002823.SZ,20260908,13.18,1400,18452.0,0.0,0.41456053610792387,45.0
002824.SZ,20260908,26.73,51483,1376140.59,-0.4839910647803425,2.36396160148912,42.09605361131794
002825.SZ,20260908,10.0,3700,37000.0,0.0,0.4429444999678169,45.0
002826.SZ,20260908,17.93,6700,120131.0,0.0,2.1033294791353945,45.0
002827.SZ,20260908,63.95,2169900,138765105.0,-9.992962702322306,86.22277086995899,15.0
002828.SZ,20260908,12.16,23400,284544.0,0.7456503728251906,1.0357317064820994,49.47390223695115
002829.SZ,20260908,20.8,6300,131040.0,-0.048053820278703974,1.332120057686166,44.711677078327774
002830.SZ,20260908,15.24,5100,77724.0,-0.1310615989515096,1.3435553387339243,44.213630406290946
002831.SZ,20260908,27.77,24400,677588.0,-0.14383315354188353,1.750797222166939,44.137001078748696
002832.SZ,20260908,26.14,31000,810340.0,-0.26707363601679024,3.3040718566327874,43.39755818389926
002833.SZ,20260908,19.08,23100,440748.0,-0.3655352480417817,5.758228044183801,42.80678851174931
002835.SZ,20260908,12.92,6600,85272.0,0.0,4.0006778519749195,45.0
002836.SZ,20260908,10.27,39800,408746.0,0.09746588693957392,8.784872134592002,45.58479532163744
002837.SZ,20260908,64.5,272900,17602050.0,0.046533271288984324,5.243129678104296,45.2791996277339
002838.SZ,20260908,25.58,41300,1056454.0,-0.07812500000000666,7.320948779663756,44.53124999999996
002839.SZ,20260908,4.31,63500,273685.0,0.0,1.4885045069240332,45.0
002840.SZ,20260908,9.13,97100,886523.0,0.3296703296703507,4.80068183409526,46.978021978022106
002841.SZ,20260908,47.95,25000,1198750.0,0.0,3.3551870016793486,45.0
002842.SZ,20260908,34.66,70600,2446996.0,0.05773672055426893,4.33964289969535,45.34642032332562
002843.SZ,20260908,16.67,17500,291725.0,0.0,2.3777451113667487,45.0
002845.SZ,20260908,13.5,31500,425250.0,-0.2954209748892156,5.419335473272268,43.227474150664705
002846.SZ,20260908,11.02,9000,99180.0,0.0,2.082501101040043,45.0
002847.SZ,20260908,46.41,37300,1731093.0,0.2808988764044784,7.648575660261285,46.68539325842687
002848.SZ,20260908,13.59,41700,566703.0,0.0,11.691386897509165,45.0
002849.SZ,20260908,17.33,19800,343134.0,0.0,1.9389563969948707,45.0
002850.SZ,20260908,178.9,11000,1967900.0,0.03914332047194602,5.974295947883299,45.234859922831674
002851.SZ,20260908,135.0,399000,53865000.0,2.249488752556239,13.445127877110242,58.496932515337434
002852.SZ,20260908,10.0,1860000,18600000.0,6.8376068376068355,40.79604127606925,86.02564102564102
002853.SZ,20260908,21.87,1700,37179.0,0.0,1.512445671718051,45.0
002855.SZ,20260908,19.15,892500,17091375.0,0.0,27.719572524032998,45.0
002856.SZ,20260908,22.35,190200,4250970.0,2.995391705069128,17.74303477186958,62.97235023041477
002857.SZ,20260908,18.72,12100,226512.0,-0.2132196162047073,6.912504879161198,43.720682302771756
002858.SZ,20260908,12.12,51100,619332.0,-0.24691358024692134,6.639369173154881,43.51851851851847
002859.SZ,20260908,62.6,36900,2309940.0,-0.20723736649130853,3.401440831906292,43.75657580105215
002860.SZ,20260908,17.79,9300,165447.0,0.05624296962878361,1.0547938833728887,45.3374578177727
002861.SZ,20260908,15.86,10100,160186.0,0.0,2.510584914365312,45.0
002862.SZ,20260908,15.97,304900,4869253.0,-0.4984423676012484,21.019316890932693,42.00934579439251
002863.SZ,20260908,4.83,11900,57477.0,0.0,1.4361392702535034,45.0
002864.SZ,20260908,,0,0.0,,0.0,0.0
002865.SZ,20260908,38.45,11500,442175.0,0.36543983294179405,1.6822651111271896,47.19263899765076
002866.SZ,20260908,14.48,4900,70952.0,-0.2754820936639035,1.6045455550772834,43.34710743801658
002867.SZ,20260908,10.71,40800,436968.0,-0.27932960893853886,6.285183198936764,43.324022346368764
002868.SZ,20260908,25.69,167900,4313351.0,0.0,14.467447025159446,45.0
002869.SZ,20260908,16.18,9900,160182.0,-0.12345679012345512,4.278785949046274,44.25925925925927
002870.SZ,20260908,,0,0.0,,,0.0
002871.SZ,20260908,19.59,6000,117540.0,0.0,1.4947563531286299,45.0
002872.SZ,20260908,5.94,40100,238194.0,0.1686340640809636,7.569902035944974,46.011804384485785
002873.SZ,20260908,8.54,36400,310856.0,-0.11695906432750425,8.117720897943096,44.298245614034975
002875.SZ,20260908,13.61,14700,200067.0,0.44280442804427445,1.75696522664229,47.65682656826564
002876.SZ,20260908,29.95,4000,119800.0,0.0,0.7532975601955151,45.0
002877.SZ,20260908,7.53,28000,210840.0,-0.3968253968253843,5.08717296986475,42.61904761904769
002878.SZ,20260908,13.14,9900,130086.0,0.22883295194509046,1.7678759825183523,46.37299771167054
002879.SZ,20260908,16.64,43100,717184.0,-0.5379557680812885,5.70549952177985,41.77226539151227
002880.SZ,20260908,22.85,27900,637515.0,-1.4236410698878266,6.914370484540212,36.45815358067304
002881.SZ,20260908,46.12,1420700,65522684.0,0.0,39.46532100640623,45.0
002882.SZ,20260908,24.05,74100,1782105.0,1.0928961748633892,5.09451052846393,51.55737704918033
002883.SZ,20260908,9.4,8000,75200.0,-0.2123142250530785,18.063731342351428,43.72611464968153
002884.SZ,20260908,15.99,4700,75153.0,0.1252348152786409,3.591749171045196,45.75140889167184
002885.SZ,20260908,30.03,251500,7552545.0,0.0,7.023191761690036,45.0
002886.SZ,20260908,26.5,766800,20320200.0,-0.07541478129713397,17.215690362645496,44.547511312217196
002887.SZ,20260908,9.49,18600,176514.0,1.1727078891258014,5.313692647634033,52.036247334754805
002888.SZ,20260908,20.73,23300,483009.0,0.09657170449057784,4.305332648684698,45.579430226943465
002889.SZ,20260908,,0,0.0,,0.0,0.0
002890.SZ,20260908,15.1,18200,274820.0,-1.2426422498364897,8.382936054940284,37.544146500981064
002891.SZ,20260908,29.68,65900,1955912.0,-0.30231776956667344,8.416566807121072,43.18609338259996
002892.SZ,20260908,9.18,13300,122094.0,-0.10881392818280489,2.4488086788664543,44.34711643090317
002893.SZ,20260908,10.54,45100,475354.0,0.0,2.3913418601937364,45.0
002895.SZ,20260908,33.05,7900,261095.0,0.5476118040766753,1.2927297384825718,48.285670824460055
002896.SZ,20260908,63.58,16400,1042712.0,0.0,3.5257006891085823,45.0
002897.SZ,20260908,61.37,80900,4964833.0,0.11419249592170555,4.266493583840097,45.68515497553023
002899.SZ,20260908,19.81,22200,439782.0,-0.05045408678103769,3.2212075651394274,44.697275479313774
002900.SZ,20260908,12.34,18900,233226.0,0.2437043054427157,1.733457094714582,46.462225832656294
002901.SZ,20260908,40.83,300,12249.0,0.024497795198419325,0.30717805061985315,45.14698677119051
002902.SZ,20260908,27.17,183200,4977544.0,-0.03679175864605977,8.61223980421081,44.77924944812364
002903.SZ,20260908,28.1,51000,1433100.0,-0.9167842031029494,3.6795749543451346,39.499294781382304
002905.SZ,20260908,8.65,70200,607230.0,-0.460299194476399,7.198433709591606,42.23820483314161
002906.SZ,20260908,28.67,23800,682346.0,-0.034867503486746276,4.352036801702754,44.79079497907952
002907.SZ,20260908,14.15,22800,322620.0,-0.4222378606615118,1.9385875168201616,42.46657283603093
002908.SZ,20260908,7.34,7500,55050.0,-0.1360544217687054,2.100656795818392,44.18367346938777
002909.SZ,20260908,7.8,4868400,37973520.0,-1.6393442622950838,33.23539687193079,35.163934426229496
002910.SZ,20260908,10.48,63700,667576.0,-0.09532888465204614,5.507810652022125,44.42802669208773
002911.SZ,20260908,11.39,26200,298418.0,0.35242290748900285,4.193393865565422,47.114537444934015
002912.SZ,20260908,19.9,9500,189050.0,0.3024193548387011,4.635024821541069,46.81451612903221
002913.SZ,20260908,65.66,52800,3466848.0,0.8447243127015724,6.09669714618987,50.068345876209435
002915.SZ,20260908,18.1,28900,523090.0,0.27700831024930483,2.4523845556865744,46.66204986149583
002916.SZ,20260908,375.37,82880,31110665.6,2.8467313277439787,6.087460594693847,62.080387966463874
002917.SZ,20260908,10.56,1800,19008.0,0.189753320683117,0.6748022081879835,46.1385199240987
002918.SZ,20260908,10.92,32900,359268.0,0.09165902841430373,3.2185499088776073,45.54995417048582
002919.SZ,20260908,18.13,3800,68894.0,0.0,1.3242187625387674,45.0
002920.SZ,20260908,88.9,21700,1929130.0,0.38392050587172655,4.644727874070053,47.303523035230356
002921.SZ,20260908,21.85,16500,360525.0,0.0,3.747474917566466,45.0
002922.SZ,20260908,25.61,190500,4878705.0,-0.7364341085271398,7.772285951873484,40.58139534883716
002923.SZ,20260908,11.15,20100,224115.0,0.17969451931716396,3.0833915823514637,46.078167115902986
002925.SZ,20260908,23.14,8200,189748.0,0.08650519031141446,0.8594297260774126,45.51903114186849
002926.SZ,20260908,8.47,30000,254100.0,-0.2355712603062332,2.735935190242099,43.5865724381626
002927.SZ,20260908,17.66,22800,402648.0,-0.6190208216094506,3.806300412524558,41.285875070343295
002928.SZ,20260908,6.4,18000,115200.0,-0.31152647975076775,0.9661755007274144,43.13084112149539
002929.SZ,20260908,51.8,22200,1149960.0,-0.2887391722810495,2.5787133998405656,43.2675649663137
002930.SZ,20260908,9.49,28000,265720.0,0.0,3.942785799029494,45.0
002931.SZ,20260908,45.02,23200,1044464.0,-0.06659267480575437,5.54657363778227,44.600443951165474
002932.SZ,20260908,15.31,24300,372033.0,0.06535947712418277,29.836845428053387,45.3921568627451
002933.SZ,20260908,27.52,2100,57792.0,0.0,1.7110429954621478,45.0
002935.SZ,20260908,15.7,3100,48670.0,0.0,1.0174795230228593,45.0
002936.SZ,20260908,1.77,117758,208431.66,-0.5617977528089901,1.0518844893952408,41.62921348314606
002937.SZ,20260908,29.15,10500,306075.0,-0.6137061029662494,1.2398777587449206,41.3177633822025
002938.SZ,20260908,89.77,69100,6203107.0,-0.2444716079564424,3.3819360915893544,43.533170352261344
002939.SZ,20260908,8.09,46200,373758.0,0.24783147459725985,3.648963983196127,46.48698884758356
002940.SZ,20260908,25.62,199200,5103504.0,-1.2716763005780285,15.852883783263882,37.36994219653183
002941.SZ,20260908,11.0,4800,52800.0,-0.09082652134423386,0.6628478575466198,44.4550408719346
002942.SZ,20260908,18.46,137700,2541942.0,-0.3239740820734305,7.838553915043973,43.05615550755942
002943.SZ,20260908,30.98,14800,458504.0,-0.12894906511927706,1.6810538613388823,44.22630560928434
002945.SZ,20260908,14.79,192400,2845596.0,-0.8713136729222581,6.7081644796623365,39.77211796246645
002946.SZ,20260908,15.61,14300,223223.0,0.5798969072164928,2.9103470272955643,48.479381443298955
002947.SZ,20260908,66.86,19500,1303770.0,0.16479400749063178,2.029509108482948,45.98876404494379
002948.SZ,20260908,6.21,72900,452709.0,-0.1607717041800627,1.5597632471334044,44.03536977491962
002949.SZ,20260908,14.0,333400,4667600.0,-0.3558718861210064,28.11825221209337,42.864768683273965
002950.SZ,20260908,8.85,4300,38055.0,0.22650056625141968,0.6046507629825096,46.359003397508516
002951.SZ,20260908,16.57,30600,507042.0,1.159951159951178,6.620590563906812,51.95970695970707
002952.SZ,20260908,21.48,126000,2706480.0,1.225259189443939,16.025095894166014,52.351555136663634
002953.SZ,20260908,10.58,38600,408388.0,-0.9363295880149725,2.959380614370949,39.38202247191016
002955.SZ,20260908,38.6,24600,949560.0,-0.25839793281654533,4.175818493692875,43.44961240310073
002956.SZ,20260908,16.7,3500,58450.0,-0.2389486260453988,1.1858118474674701,43.566308243727605
002957.SZ,20260908,41.5,258400,10723600.0,1.4173998044965774,11.438586250798272,53.50439882697947
002958.SZ,20260908,2.97,64200,190674.0,0.0,0.6512938580954081,45.0
002959.SZ,20260908,32.74,2500,81850.0,0.0,5.014026940989755,45.0
002960.SZ,20260908,8.76,15300,134028.0,-0.454545454545463,1.3173274395751686,42.272727272727224
002961.SZ,20260908,19.95,10100,201495.0,0.10035122930256435,1.3834107496154244,45.602107375815386
002962.SZ,20260908,12.9,13200,170280.0,-0.462962962962965,1.0984229272194606,42.22222222222221
002963.SZ,20260908,22.15,345500,7652825.0,0.0,20.593048385769603,45.0
002965.SZ,20260908,30.63,14900,456387.0,0.0,1.5612621940910503,45.0
002966.SZ,20260908,8.98,58100,521738.0,0.0,2.182494099158936,45.0
002967.SZ,20260908,17.52,3800,66576.0,0.17152658662094034,1.3088882231555334,46.02915951972564
002968.SZ,20260908,9.66,18900,182574.0,0.0,5.8369132411425815,45.0
002969.SZ,20260908,12.54,329200,4128168.0,-0.7911392405063444,4.796263441112071,40.253164556961934
002970.SZ,20260908,51.0,48400,2468400.0,-0.8746355685131268,7.396083681332574,39.75218658892124
002971.SZ,20260908,42.0,712300,29916600.0,5.501130369253948,34.526174852567564,78.00678221552369
002972.SZ,20260908,14.23,233600,3324128.0,2.1536252692031743,14.652136029956832,57.921751615219044
002973.SZ,20260908,12.5,6500,81250.0,0.08006405124099114,1.903476030703572,45.480384307445945
002975.SZ,20260908,106.01,156400,16579964.0,1.4158614751745846,11.507238837141129,53.49516885104751
002976.SZ,20260908,25.37,11010,279323.7,-0.353495679497251,1.625321934525689,42.87902592301649
002977.SZ,20260908,,0,0.0,,0.0,0.0
002978.SZ,20260908,26.11,5900,154049.0,0.5778120184899871,3.16050487654399,48.466872110939924
002979.SZ,20260908,54.18,55700,3017826.0,-0.2760905577029238,10.946435065581541,43.343456653782454
002980.SZ,20260908,124.88,256800,32069184.0,5.74089754445386,14.013184494779804,79.44538526672316
002981.SZ,20260908,24.18,3800,91884.0,-0.2886597938144386,3.1377941975575308,43.268041237113366
002982.SZ,20260908,13.54,48600,658044.0,0.22205773501109416,7.555987046902182,46.33234641006656
002983.SZ,20260908,21.31,600,12786.0,0.0,0.29958507312729177,45.0
002984.SZ,20260908,13.56,6200,84072.0,0.0,0.3574942559353592,45.0
002985.SZ,20260908,29.18,29800,869564.0,0.0,3.1285327288810056,45.0
002986.SZ,20260908,13.17,34900,459633.0,0.0,4.507770556029237,45.0
002987.SZ,20260908,11.79,47900,564741.0,-0.33812341504649845,3.706018544822537,42.97125950972101
002988.SZ,20260908,29.27,167400,4899798.0,1.737921445950641,10.842217352968035,55.42752867570385
002989.SZ,20260908,23.45,53600,1256920.0,-0.7197290431837478,8.576482430611202,40.681625740897516
002990.SZ,20260908,49.01,48800,2391688.0,0.9266886326194212,6.0635164329542866,50.56013179571653
002991.SZ,20260908,39.75,5400,214650.0,0.4548900682335155,3.4176756724503776,47.72934040940109
002992.SZ,20260908,33.97,18800,638636.0,-0.5562060889929721,10.424655901816797,41.662763466042165
002993.SZ,20260908,38.17,8400,320628.0,-0.026191723415391888,1.1810386218905569,44.84284965950765
002995.SZ,20260908,18.42,35800,659436.0,1.1532125205930832,5.586040337497349,51.9192751235585
002996.SZ,20260908,6.18,15200,93936.0,0.16207455429497752,1.7256488328286366,45.97244732576986
002997.SZ,20260908,28.44,2700,76788.0,0.14084507042253502,1.1376131794593534,45.84507042253521
002998.SZ,20260908,,0,0.0,,,0.0
002999.SZ,20260908,6.67,284100,1894947.0,-0.4477611940298498,5.382648192908963,42.313432835820905
003000.SZ,20260908,9.85,97500,960375.0,-0.7056451612903247,13.949676783755663,40.76612903225805
003001.SZ,20260908,16.18,12100,195778.0,0.0,3.4527698817130417,45.0
003002.SZ,20260908,17.42,117200,2041624.0,-1.0227272727272751,5.680526239692281,38.863636363636346
003003.SZ,20260908,11.27,23800,268226.0,0.0888099467140302,10.166886030779102,45.53285968028418
003004.SZ,20260908,78.02,2500,195050.0,0.1540436456995975,1.1597566321612809,45.92426187419758
003005.SZ,20260908,19.58,1306000,25571480.0,2.085505735140769,27.61880283975811,57.51303441084461
003006.SZ,20260908,15.45,79900,1234455.0,0.4551365409622754,6.825875515933677,47.73081924577365
003007.SZ,20260908,39.39,3000,118170.0,0.5616543272912944,1.8795612403901727,48.36992596374777
003008.SZ,20260908,19.74,5400,106596.0,0.15220700152205335,3.6069779491749885,45.91324200913232
003009.SZ,20260908,47.4,9000,426600.0,-0.27351146644225555,3.2243740106704943,43.358931201346465
003010.SZ,20260908,30.78,17500,538650.0,0.16270745200130943,3.0281323346492144,45.976244712007855
003011.SZ,20260908,20.32,10200,207264.0,0.39525691699606735,4.4202593856934795,47.3715415019764
003012.SZ,20260908,4.69,7600,35644.0,-0.4246284501061459,0.741591346758306,42.452229299363125
003013.SZ,20260908,16.46,12400,204104.0,0.0,2.8402574371412292,45.0
003015.SZ,20260908,12.0,25100,301200.0,-0.7444168734491274,6.494791035273573,40.53349875930523
003016.SZ,20260908,7.39,5900,43601.0,0.40760869565217295,1.2675795957042946,47.44565217391304
003017.SZ,20260908,22.75,300,6825.0,0.1761338617349173,0.1739860253262002,32.37428772912554
003018.SZ,20260908,54.46,232900,12683734.0,-0.9998182148700185,10.546404241903383,39.00109071077989
003019.SZ,20260908,27.0,5000,135000.0,0.03705075954056891,1.523946568265926,45.22230455724341
003020.SZ,20260908,17.72,6300,111636.0,0.0,2.142021253033332,45.0
003021.SZ,20260908,72.32,4100,296512.0,-0.9586414680909372,1.6252844147554253,39.248151191454376
003022.SZ,20260908,19.33,9200,177836.0,-0.36082474226803996,1.781390577894631,42.83505154639176
003023.SZ,20260908,26.05,3600,93780.0,-0.45854031333588674,0.5837847402253037,42.24875811998468
003025.SZ,20260908,12.12,10000,121200.0,-0.49261083743842304,3.5596927774840945,42.04433497536946
003026.SZ,20260908,28.0,14600,408800.0,-0.0357015351660217,3.327406777719611,44.78579078900387
003027.SZ,20260908,17.03,2500,42575.0,0.0587544065804968,2.1151654030778677,45.35252643948298
003028.SZ,20260908,23.16,1800,41688.0,0.08643042350906516,1.8147250520468874,45.51858254105439
003029.SZ,20260908,17.25,3900,67275.0,-0.5763688760807018,1.5876428031898038,41.541786743515786
003030.SZ,20260908,26.4,59400,1568160.0,-0.03786444528588451,15.246306958980107,44.77281332828469
003031.SZ,20260908,120.18,27800,3341004.0,-0.4473161033797135,3.88907319999419,42.31610337972172
003032.SZ,20260908,9.53,431900,4116007.0,-1.4477766287487093,6.137459714843877,36.313340227507744
003033.SZ,20260908,69.5,10300,715850.0,-0.20103388856979043,7.155475022934055,43.79379666858126
003035.SZ,20260908,5.6,43200,241920.0,-0.7092198581560294,1.8285233161563426,40.744680851063826
003036.SZ,20260908,53.0,27500,1457500.0,0.6074411541381997,3.783863923183472,48.644646924829196
003037.SZ,20260908,5.8,125000,725000.0,-0.3436426116838587,28.729805499228657,42.93814432989685
003038.SZ,20260908,11.03,8400,92652.0,0.09074410163338875,1.9772322985514887,45.54446460980033
003039.SZ,20260908,12.66,131900,1669854.0,-1.016419077404218,5.635642217863444,38.90148553557469
003040.SZ,20260908,22.96,1901259,43652906.64,0.043572984749462584,19.464146611574325,45.261437908496774
003041.SZ,20260908,38.59,1200,46308.0,0.23376623376625272,0.5171943985045563,46.402597402597515
003042.SZ,20260908,14.86,31900,474034.0,0.0,2.8032382247675294,45.0
003043.SZ,20260908,68.76,11800,811368.0,-0.11621150493899002,1.38520087210601,44.302730970366056
003816.SZ,20260908,4.29,329600,1413984.0,0.0,3.462416378239507,45.0
123071.SZ,20260908,114.77,40,4590.8,,,0.0
123072.SZ,20260908,119.773,270,32338.71,,,0.0
123076.SZ,20260908,123.245,240,29578.8,,,0.0
123080.SZ,20260908,125.33,280,35092.4,,,0.0
123088.SZ,20260908,115.578,110,12713.58,,,0.0
123090.SZ,20260908,111.512,30,3345.36,,,0.0
123091.SZ,20260908,125.8,560,70448.0,,,0.0
123092.SZ,20260908,117.956,530,62516.68,,,0.0
123104.SZ,20260908,126.802,130,16484.26,,,0.0
123107.SZ,20260908,115.6,120,13872.0,,,0.0
123109.SZ,20260908,124.4,430,53492.0,,,0.0
123112.SZ,20260908,160.48,72090,11569003.2,,,0.0
123113.SZ,20260908,114.759,210,24099.39,,,0.0
123114.SZ,20260908,127.3,100,12730.0,,,0.0
123117.SZ,20260908,110.0,139,15290.0,,,0.0
123118.SZ,20260908,687.868,1090,749776.12,,,0.0
123119.SZ,20260908,122.699,20,2453.98,,,0.0
123122.SZ,20260908,125.5,30,3765.0,,,0.0
123124.SZ,20260908,136.1,370,50357.0,,,0.0
123131.SZ,20260908,275.419,2000,550838.0,,,0.0
123133.SZ,20260908,129.93,360,46774.8,,,0.0
123138.SZ,20260908,129.061,9910,1278994.51,,,0.0
123142.SZ,20260908,125.229,120,15027.48,,,0.0
123144.SZ,20260908,128.45,250,32112.5,,,0.0
123149.SZ,20260908,129.111,240,30986.64,,,0.0
123150.SZ,20260908,132.18,290,38332.2,,,0.0
123151.SZ,20260908,119.948,60,7196.88,,,0.0
123154.SZ,20260908,124.477,200,24895.4,,,0.0
123155.SZ,20260908,133.43,140,18680.2,,,0.0
123157.SZ,20260908,140.0,1200,168000.0,,,0.0
123158.SZ,20260908,240.14,720,172900.8,,,0.0
123160.SZ,20260908,151.88,410,62270.8,,,0.0
123165.SZ,20260908,134.84,130,17529.2,,,0.0
123168.SZ,20260908,127.201,110,13992.11,,,0.0
123171.SZ,20260908,128.34,220,28234.8,,,0.0
123172.SZ,20260908,129.111,60,7746.66,,,0.0
123173.SZ,20260908,137.8,100,13780.0,,,0.0
123175.SZ,20260908,118.85,390,46351.5,,,0.0
123176.SZ,20260908,417.655,1770,739249.35,,,0.0
123178.SZ,20260908,142.47,220,31343.4,,,0.0
123179.SZ,20260908,122.0,150,18300.0,,,0.0
123180.SZ,20260908,128.769,90,11589.21,,,0.0
123183.SZ,20260908,128.478,420,53960.76,,,0.0
123187.SZ,20260908,194.378,1720,334330.16,,,0.0
123189.SZ,20260908,141.56,750,106170.0,,,0.0
123192.SZ,20260908,123.88,430,53268.4,,,0.0
123193.SZ,20260908,126.65,10,1266.5,,,0.0
123194.SZ,20260908,133.666,620,82872.92,,,0.0
123195.SZ,20260908,171.264,320,54804.48,,,0.0
123196.SZ,20260908,126.488,40,5059.52,,,0.0
123199.SZ,20260908,139.38,140,19513.2,,,0.0
123207.SZ,20260908,214.568,480,102992.64,,,0.0
123209.SZ,20260908,163.248,120,19589.76,,,0.0
123211.SZ,20260908,153.683,100,15368.3,,,0.0
123213.SZ,20260908,293.551,2240,657554.24,,,0.0
123214.SZ,20260908,129.5,60,7770.0,,,0.0
123215.SZ,20260908,122.259,100,12225.9,,,0.0
123216.SZ,20260908,123.158,30,3694.74,,,0.0
123220.SZ,20260908,128.995,150,19349.25,,,0.0
123222.SZ,20260908,148.976,1350,201117.6,,,0.0
123223.SZ,20260908,132.18,30,3965.4,,,0.0
123224.SZ,20260908,139.418,4640,646899.52,,,0.0
123225.SZ,20260908,136.897,470,64341.59,,,0.0
123229.SZ,20260908,130.919,140,18328.66,,,0.0
123235.SZ,20260908,158.069,6420,1014802.98,,,0.0
123237.SZ,20260908,134.6,120,16152.0,,,0.0
123241.SZ,20260908,920.351,2220,2043179.22,,,0.0
123243.SZ,20260908,221.691,6190,1372267.29,,,0.0
123245.SZ,20260908,325.049,1850,601340.65,,,0.0
123247.SZ,20260908,206.388,1560,321965.28,,,0.0
123250.SZ,20260908,123.877,990,122638.23,,,0.0
123252.SZ,20260908,134.55,150,20182.5,,,0.0
123253.SZ,20260908,133.7,1700,227290.0,,,0.0
123255.SZ,20260908,343.5,1760,604560.0,,,0.0
123257.SZ,20260908,150.0,870,130500.0,,,0.0
123258.SZ,20260908,248.0,6510,1614480.0,,,0.0
123259.SZ,20260908,147.78,160,23644.8,,,0.0
123260.SZ,20260908,145.457,220,32000.54,,,0.0
123261.SZ,20260908,161.804,5520,893158.08,,,0.0
123262.SZ,20260908,129.666,150,19449.9,,,0.0
123263.SZ,20260908,153.91,590,90806.9,,,0.0
123264.SZ,20260908,122.433,1670,204463.11,,,0.0
123265.SZ,20260908,134.167,100,13416.7,,,0.0
123266.SZ,20260908,138.23,30,4146.9,,,0.0
123267.SZ,20260908,219.673,2690,590920.37,,,0.0
123268.SZ,20260908,192.446,2520,484963.92,,,0.0
123269.SZ,20260908,147.868,160,23658.88,,,0.0
123270.SZ,20260908,231.008,1150,265659.2,,,0.0
123271.SZ,20260908,161.664,140,22632.96,,,0.0
123272.SZ,20260908,151.034,190,28696.46,,,0.0
123273.SZ,20260908,326.0,1990,648740.0,,,0.0
123274.SZ,20260908,141.48,600,84888.0,,,0.0
123275.SZ,20260908,138.68,160,22188.8,,,0.0
123276.SZ,20260908,164.2,1240,203608.0,,,0.0
123277.SZ,20260908,143.3,220,31526.0,,,0.0
123278.SZ,20260908,178.81,12540,2242277.4,,,0.0
123279.SZ,20260908,169.001,2270,383632.27,,,0.0
123280.SZ,20260908,152.25,410,62422.5,,,0.0
123281.SZ,20260908,157.03,1090,171162.7,,,0.0
123282.SZ,20260908,152.0,4784,727168.0,,,0.0
123284.SZ,20260908,200.12,48765,9758851.8,,,0.0
127025.SZ,20260908,105.777,60,6346.62,,,0.0
127027.SZ,20260908,111.099,40,4443.96,,,0.0
127030.SZ,20260908,118.598,700,83018.6,,,0.0
127031.SZ,20260908,118.909,20,2378.18,,,0.0
127033.SZ,20260908,,0,0.0,,,0.0
127034.SZ,20260908,118.987,20,2379.74,,,0.0
127037.SZ,20260908,542.623,340,184491.82,,,0.0
127038.SZ,20260908,117.908,100,11790.8,,,0.0
127040.SZ,20260908,121.441,230,27931.43,,,0.0
127044.SZ,20260908,115.37,220,25381.4,,,0.0
127045.SZ,20260908,122.533,540,66167.82,,,0.0
127046.SZ,20260908,127.322,310,39469.82,,,0.0
127047.SZ,20260908,139.95,260,36387.0,,,0.0
127049.SZ,20260908,111.85,1370,153234.5,,,0.0
127050.SZ,20260908,126.18,210,26497.8,,,0.0
127053.SZ,20260908,218.89,9860,2158255.4,,,0.0
127054.SZ,20260908,124.049,50,6202.45,,,0.0
127055.SZ,20260908,183.004,1080,197644.32,,,0.0
127056.SZ,20260908,124.836,310,38699.16,,,0.0
127059.SZ,20260908,129.601,170,22032.17,,,0.0
127060.SZ,20260908,130.242,540,70330.68,,,0.0
127061.SZ,20260908,112.101,1180,132279.18,,,0.0
127062.SZ,20260908,124.342,570,70874.94,,,0.0
127064.SZ,20260908,141.135,720,101617.2,,,0.0
127067.SZ,20260908,,0,0.0,,,0.0
127068.SZ,20260908,122.0,150,18300.0,,,0.0
127069.SZ,20260908,126.864,150,19029.6,,,0.0
127070.SZ,20260908,291.0,1200,349200.0,,,0.0
127072.SZ,20260908,135.581,170,23048.77,,,0.0
127078.SZ,20260908,,0,0.0,,,0.0
127080.SZ,20260908,286.4,1130,323632.0,,,0.0
127082.SZ,20260908,134.598,240,32303.52,,,0.0
127083.SZ,20260908,118.771,70,8313.97,,,0.0
127084.SZ,20260908,142.6,340,48484.0,,,0.0
127085.SZ,20260908,120.198,20,2403.96,,,0.0
127088.SZ,20260908,174.3,100,17430.0,,,0.0
127089.SZ,20260908,121.0,40,4840.0,,,0.0
127092.SZ,20260908,322.605,1170,377447.85,,,0.0
127093.SZ,20260908,128.879,260,33508.54,,,0.0
127095.SZ,20260908,148.05,250,37012.5,,,0.0
127096.SZ,20260908,516.0,3790,1955640.0,,,0.0
127098.SZ,20260908,123.647,20,2472.94,,,0.0
127099.SZ,20260908,134.102,50,6705.1,,,0.0
127102.SZ,20260908,120.932,610,73768.52,,,0.0
127103.SZ,20260908,137.489,330,45371.37,,,0.0
127104.SZ,20260908,144.654,140,20251.56,,,0.0
127105.SZ,20260908,131.995,30,3959.85,,,0.0
127108.SZ,20260908,123.301,50,6165.05,,,0.0
127109.SZ,20260908,148.94,720,107236.8,,,0.0
127110.SZ,20260908,137.25,70,9607.5,,,0.0
127111.SZ,20260908,139.101,10,1391.01,,,0.0
127112.SZ,20260908,152.998,140,21419.72,,,0.0
127113.SZ,20260908,163.685,120,19642.2,,,0.0
127114.SZ,20260908,138.669,1180,163629.42,,,0.0
127115.SZ,20260908,191.132,12520,2392972.64,,,0.0
128044.SZ,20260908,,0,0.0,,,0.0
128134.SZ,20260908,120.06,650,78039.0,,,0.0
128135.SZ,20260908,114.768,310,35578.08,,,0.0
128136.SZ,20260908,115.199,720,82943.28,,,0.0
128138.SZ,20260908,130.989,370,48465.93,,,0.0
128142.SZ,20260908,112.302,40,4492.08,,,0.0
158000.SZ,20260908,1.038,30100,31243.8,,,0.0
158001.SZ,20260908,0.999,10014,10003.986,,,0.0
158003.SZ,20260908,0.989,1100,1087.9,,,0.0
158005.SZ,20260908,,0,0.0,,,0.0
158006.SZ,20260908,,0,0.0,,,0.0
158008.SZ,20260908,,0,0.0,,,0.0
158009.SZ,20260908,,0,0.0,,,0.0
158010.SZ,20260908,,0,0.0,,,0.0
158011.SZ,20260908,0.995,25,24.875,,,0.0
158012.SZ,20260908,0.955,20900,19959.5,,,0.0
158013.SZ,20260908,0.986,187,184.382,,,0.0
158017.SZ,20260908,,0,0.0,,,0.0
158019.SZ,20260908,,0,0.0,,,0.0
158023.SZ,20260908,0.99,2800,2772.0,,,0.0
158027.SZ,20260908,,0,0.0,,,0.0
159001.SZ,20260908,100.0,413300,41330000.0,,,0.0
159003.SZ,20260908,100.0,100,10000.0,,,0.0
159005.SZ,20260908,,0,0.0,,,0.0
159007.SZ,20260908,,0,0.0,,,0.0
159008.SZ,20260908,1.02,100,102.0,,,0.0
159009.SZ,20260908,0.838,600,502.8,,,0.0
159010.SZ,20260908,0.898,1600,1436.8,,,0.0
159011.SZ,20260908,,0,0.0,,,0.0
159012.SZ,20260908,,0,0.0,,,0.0
159013.SZ,20260908,,0,0.0,,,0.0
159015.SZ,20260908,0.887,1700,1507.9,,,0.0
159016.SZ,20260908,1.012,116200,117594.4,,,0.0
159017.SZ,20260908,,0,0.0,,,0.0
159018.SZ,20260908,0.904,26700,24136.8,,,0.0
159019.SZ,20260908,,0,0.0,,,0.0
159020.SZ,20260908,0.966,2800,2704.8,,,0.0
159021.SZ,20260908,,0,0.0,,,0.0
159022.SZ,20260908,,0,0.0,,,0.0
159023.SZ,20260908,1.124,4600,5170.4,,,0.0
159026.SZ,20260908,,0,0.0,,,0.0
159027.SZ,20260908,0.96,2000,1920.0,,,0.0
159028.SZ,20260908,0.743,600,445.8,,,0.0
159029.SZ,20260908,0.916,2900,2656.4,,,0.0
159030.SZ,20260908,0.961,565800,543733.8,,,0.0
159031.SZ,20260908,1.053,61801,65076.453,,,0.0
159032.SZ,20260908,0.895,82000,73390.0,,,0.0
159033.SZ,20260908,1.079,197400,212994.6,,,0.0
159035.SZ,20260908,,0,0.0,,,0.0
159036.SZ,20260908,0.938,28100,26357.8,,,0.0
159037.SZ,20260908,,0,0.0,,,0.0
159038.SZ,20260908,1.02,138700,141474.0,,,0.0
159039.SZ,20260908,,0,0.0,,,0.0
159040.SZ,20260908,1.053,11000,11583.0,,,0.0
159041.SZ,20260908,,0,0.0,,,0.0
159042.SZ,20260908,1.009,100,100.9,,,0.0
159043.SZ,20260908,1.016,2000,2032.0,,,0.0
159045.SZ,20260908,0.78,100010,78007.8,,,0.0
159046.SZ,20260908,,0,0.0,,,0.0
159048.SZ,20260908,,0,0.0,,,0.0
159049.SZ,20260908,,0,0.0,,,0.0
159050.SZ,20260908,0.85,57300,48705.0,,,0.0
159051.SZ,20260908,1.032,900,928.8,,,0.0
159052.SZ,20260908,0.825,2600,2145.0,,,0.0
159053.SZ,20260908,0.873,17700,15452.1,,,0.0
159055.SZ,20260908,,0,0.0,,,0.0
159056.SZ,20260908,,0,0.0,,,0.0
159057.SZ,20260908,,0,0.0,,,0.0
159058.SZ,20260908,,0,0.0,,,0.0
159059.SZ,20260908,,0,0.0,,,0.0
159060.SZ,20260908,1.115,2100,2341.5,,,0.0
159061.SZ,20260908,,0,0.0,,,0.0
159062.SZ,20260908,0.792,300,237.6,,,0.0
159063.SZ,20260908,1.139,72600,82691.4,,,0.0
159065.SZ,20260908,,0,0.0,,,0.0
159066.SZ,20260908,,0,0.0,,,0.0
159067.SZ,20260908,,0,0.0,,,0.0
159068.SZ,20260908,,0,0.0,,,0.0
159069.SZ,20260908,,0,0.0,,,0.0
159070.SZ,20260908,,0,0.0,,,0.0
159071.SZ,20260908,,0,0.0,,,0.0
159072.SZ,20260908,1.221,8500,10378.5,,,0.0
159073.SZ,20260908,1.127,75800,85426.6,,,0.0
159075.SZ,20260908,,0,0.0,,,0.0
159076.SZ,20260908,,0,0.0,,,0.0
159077.SZ,20260908,,0,0.0,,,0.0
159078.SZ,20260908,,0,0.0,,,0.0
159079.SZ,20260908,,0,0.0,,,0.0
159082.SZ,20260908,0.987,3600,3553.2,,,0.0
159083.SZ,20260908,,0,0.0,,,0.0
159085.SZ,20260908,,0,0.0,,,0.0
159086.SZ,20260908,1.058,19500,20631.0,,,0.0
159087.SZ,20260908,,0,0.0,,,0.0
159091.SZ,20260908,1.093,900,983.7,,,0.0
159093.SZ,20260908,,0,0.0,,,0.0
159095.SZ,20260908,0.951,20000,19020.0,,,0.0
159096.SZ,20260908,1.001,100,100.1,,,0.0
159098.SZ,20260908,,0,0.0,,,0.0
159099.SZ,20260908,0.982,6000,5892.0,,,0.0
159100.SZ,20260908,1.154,95000,109630.0,,,0.0
159101.SZ,20260908,0.724,265600,192294.4,,,0.0
159102.SZ,20260908,0.828,195800,162122.4,,,0.0
159103.SZ,20260908,0.678,14100,9559.8,,,0.0
159105.SZ,20260908,0.936,37300,34912.8,,,0.0
159106.SZ,20260908,,0,0.0,,,0.0
159107.SZ,20260908,0.755,71800,54209.0,,,0.0
159108.SZ,20260908,,0,0.0,,,0.0
159109.SZ,20260908,0.814,6900,5616.6,,,0.0
159110.SZ,20260908,,0,0.0,,,0.0
159111.SZ,20260908,,0,0.0,,,0.0
159112.SZ,20260908,102.3,5900,603570.0,,,0.0
159113.SZ,20260908,,0,0.0,,,0.0
159115.SZ,20260908,,0,0.0,,,0.0
159116.SZ,20260908,,0,0.0,,,0.0
159117.SZ,20260908,,0,0.0,,,0.0
159118.SZ,20260908,0.971,2000,1942.0,,,0.0
159119.SZ,20260908,,0,0.0,,,0.0
159120.SZ,20260908,0.738,1800,1328.4,,,0.0
159121.SZ,20260908,0.712,42300,30117.6,,,0.0
159122.SZ,20260908,,0,0.0,,,0.0
159123.SZ,20260908,0.873,10000,8730.0,,,0.0
159125.SZ,20260908,,0,0.0,,,0.0
159126.SZ,20260908,,0,0.0,,,0.0
159127.SZ,20260908,0.96,8100,7776.0,,,0.0
159128.SZ,20260908,0.71,10700,7597.0,,,0.0
159129.SZ,20260908,,0,0.0,,,0.0
159130.SZ,20260908,0.942,17200,16202.4,,,0.0
159131.SZ,20260908,0.981,7885900,7736067.9,,,0.0
159132.SZ,20260908,0.971,142300,138173.3,,,0.0
159133.SZ,20260908,,0,0.0,,,0.0
159135.SZ,20260908,0.783,200,156.6,,,0.0
159136.SZ,20260908,,0,0.0,,,0.0
159137.SZ,20260908,0.958,16800,16094.4,,,0.0
159138.SZ,20260908,,0,0.0,,,0.0
159139.SZ,20260908,1.25,12100,15125.0,,,0.0
159140.SZ,20260908,1.252,50300,62975.6,,,0.0
159141.SZ,20260908,1.167,31800,37110.6,,,0.0
159142.SZ,20260908,1.195,74700,89266.5,,,0.0
159143.SZ,20260908,0.966,33000,31878.0,,,0.0
159145.SZ,20260908,0.832,300,249.6,,,0.0
159146.SZ,20260908,1.002,9900,9919.8,,,0.0
159147.SZ,20260908,,0,0.0,,,0.0
159148.SZ,20260908,0.986,700,690.2,,,0.0
159149.SZ,20260908,,0,0.0,,,0.0
159150.SZ,20260908,,0,0.0,,,0.0
159151.SZ,20260908,0.947,72900,69036.3,,,0.0
159152.SZ,20260908,0.763,2100,1602.3,,,0.0
159153.SZ,20260908,1.164,12800,14899.2,,,0.0
159155.SZ,20260908,0.813,27700,22520.1,,,0.0
159156.SZ,20260908,,0,0.0,,,0.0
159157.SZ,20260908,0.838,190300,159471.4,,,0.0
159158.SZ,20260908,0.994,5100,5069.4,,,0.0
159159.SZ,20260908,,0,0.0,,,0.0
159160.SZ,20260908,0.797,94100,74997.7,,,0.0
159161.SZ,20260908,,0,0.0,,,0.0
159162.SZ,20260908,0.834,9300,7756.2,,,0.0
159163.SZ,20260908,0.763,26500,20219.5,,,0.0
159165.SZ,20260908,0.917,100,91.7,,,0.0
159166.SZ,20260908,0.86,100,86.0,,,0.0
159167.SZ,20260908,0.941,8100,7622.1,,,0.0
159168.SZ,20260908,0.876,76400,66926.4,,,0.0
159169.SZ,20260908,0.999,50900,50849.1,,,0.0
159170.SZ,20260908,0.839,1300,1090.7,,,0.0
159171.SZ,20260908,0.8,300,240.0,,,0.0
159172.SZ,20260908,0.878,92800,81478.4,,,0.0
159173.SZ,20260908,0.96,10000,9600.0,,,0.0
159175.SZ,20260908,0.86,25000,21500.0,,,0.0
159176.SZ,20260908,,0,0.0,,,0.0
159177.SZ,20260908,0.944,50000,47200.0,,,0.0
159178.SZ,20260908,1.018,38000,38684.0,,,0.0
159179.SZ,20260908,,0,0.0,,,0.0
159180.SZ,20260908,,0,0.0,,,0.0
159181.SZ,20260908,0.885,8000,7080.0,,,0.0
159182.SZ,20260908,,0,0.0,,,0.0
159183.SZ,20260908,,0,0.0,,,0.0
159185.SZ,20260908,1.12,318200,356384.0,,,0.0
159186.SZ,20260908,,0,0.0,,,0.0
159187.SZ,20260908,,0,0.0,,,0.0
159188.SZ,20260908,,0,0.0,,,0.0
159189.SZ,20260908,0.888,800,710.4,,,0.0
159190.SZ,20260908,,0,0.0,,,0.0
159191.SZ,20260908,0.901,1100,991.1,,,0.0
159192.SZ,20260908,,0,0.0,,,0.0
159193.SZ,20260908,,0,0.0,,,0.0
159195.SZ,20260908,0.899,100,89.9,,,0.0
159196.SZ,20260908,1.255,526700,661008.5,,,0.0
159197.SZ,20260908,,0,0.0,,,0.0
159198.SZ,20260908,1.259,335900,422898.1,,,0.0
159199.SZ,20260908,,0,0.0,,,0.0
159200.SZ,20260908,,0,0.0,,,0.0
159201.SZ,20260908,1.179,179500,211630.5,,,0.0
159202.SZ,20260908,0.784,129900,101841.6,,,0.0
159203.SZ,20260908,,0,0.0,,,0.0
159205.SZ,20260908,1.668,331500,552942.0,,,0.0
159206.SZ,20260908,1.354,384400,520477.6,,,0.0
159207.SZ,20260908,1.154,154500,178293.0,,,0.0
159208.SZ,20260908,1.072,5900,6324.8,,,0.0
159209.SZ,20260908,1.153,35700,41162.1,,,0.0
159210.SZ,20260908,0.811,41000,33251.0,,,0.0
159211.SZ,20260908,,0,0.0,,,0.0
159212.SZ,20260908,,0,0.0,,,0.0
159213.SZ,20260908,1.15,41300,47495.0,,,0.0
159215.SZ,20260908,,0,0.0,,,0.0
159216.SZ,20260908,,0,0.0,,,0.0
159217.SZ,20260908,1.185,638400,756504.0,,,0.0
159218.SZ,20260908,1.33,16500,21945.0,,,0.0
159219.SZ,20260908,,0,0.0,,,0.0
159220.SZ,20260908,0.583,24900,14516.7,,,0.0
159221.SZ,20260908,,0,0.0,,,0.0
159222.SZ,20260908,1.265,5100,6451.5,,,0.0
159223.SZ,20260908,,0,0.0,,,0.0
159225.SZ,20260908,,0,0.0,,,0.0
159226.SZ,20260908,,0,0.0,,,0.0
159227.SZ,20260908,1.025,141100,144627.5,,,0.0
159228.SZ,20260908,,0,0.0,,,0.0
159229.SZ,20260908,,0,0.0,,,0.0
159230.SZ,20260908,,0,0.0,,,0.0
159231.SZ,20260908,0.499,100,49.9,,,0.0
159232.SZ,20260908,1.197,100,119.7,,,0.0
159233.SZ,20260908,,0,0.0,,,0.0
159235.SZ,20260908,,0,0.0,,,0.0
159236.SZ,20260908,1.198,48600,58222.8,,,0.0
159237.SZ,20260908,0.845,1200,1014.0,,,0.0
159238.SZ,20260908,,0,0.0,,,0.0
159239.SZ,20260908,0.751,14000,10514.0,,,0.0
159240.SZ,20260908,,0,0.0,,,0.0
159241.SZ,20260908,1.051,5300,5570.3,,,0.0
159242.SZ,20260908,2.111,77300,163180.3,,,0.0
159243.SZ,20260908,1.272,3000,3816.0,,,0.0
159245.SZ,20260908,0.776,2400,1862.4,,,0.0
159246.SZ,20260908,1.178,274300,323125.4,,,0.0
159247.SZ,20260908,1.018,118300,120429.4,,,0.0
159248.SZ,20260908,1.752,93300,163461.6,,,0.0
159249.SZ,20260908,,0,0.0,,,0.0
159251.SZ,20260908,0.751,1300,976.3,,,0.0
159253.SZ,20260908,0.996,2300,2290.8,,,0.0
159255.SZ,20260908,,0,0.0,,,0.0
159256.SZ,20260908,0.827,41000,33907.0,,,0.0
159257.SZ,20260908,0.862,100,86.2,,,0.0
159258.SZ,20260908,,0,0.0,,,0.0
159259.SZ,20260908,1.343,587300,788743.9,,,0.0
159260.SZ,20260908,,0,0.0,,,0.0
159261.SZ,20260908,,0,0.0,,,0.0
159262.SZ,20260908,0.835,417700,348779.5,,,0.0
159263.SZ,20260908,1.159,165000,191235.0,,,0.0
159265.SZ,20260908,0.797,21300,16976.1,,,0.0
159266.SZ,20260908,,0,0.0,,,0.0
159267.SZ,20260908,0.866,228600,197967.6,,,0.0
159268.SZ,20260908,0.769,38000,29222.0,,,0.0
159269.SZ,20260908,0.839,77600,65106.4,,,0.0
159270.SZ,20260908,,0,0.0,,,0.0
159271.SZ,20260908,0.957,1100,1052.7,,,0.0
159272.SZ,20260908,0.8,95300,76240.0,,,0.0
159273.SZ,20260908,1.384,78500,108644.0,,,0.0
159275.SZ,20260908,0.928,37800,35078.4,,,0.0
159276.SZ,20260908,,0,0.0,,,0.0
159277.SZ,20260908,0.989,3600,3560.4,,,0.0
159278.SZ,20260908,0.941,16000,15056.0,,,0.0
159279.SZ,20260908,1.422,144300,205194.6,,,0.0
159280.SZ,20260908,0.691,70700,48853.7,,,0.0
159281.SZ,20260908,0.972,8200,7970.4,,,0.0
159283.SZ,20260908,0.863,100,86.3,,,0.0
159285.SZ,20260908,0.763,1200,915.6,,,0.0
159286.SZ,20260908,0.759,174200,132217.8,,,0.0
159287.SZ,20260908,1.107,10100,11180.7,,,0.0
159288.SZ,20260908,,0,0.0,,,0.0
159289.SZ,20260908,,0,0.0,,,0.0
159290.SZ,20260908,,0,0.0,,,0.0
159291.SZ,20260908,,0,0.0,,,0.0
159292.SZ,20260908,,0,0.0,,,0.0
159293.SZ,20260908,,0,0.0,,,0.0
159295.SZ,20260908,1.043,1600,1668.8,,,0.0
159296.SZ,20260908,,0,0.0,,,0.0
159297.SZ,20260908,0.744,477500,355260.0,,,0.0
159298.SZ,20260908,,0,0.0,,,0.0
159299.SZ,20260908,0.715,142100,101601.5,,,0.0
159300.SZ,20260908,4.971,2500,12427.5,,,0.0
159301.SZ,20260908,0.963,100,96.3,,,0.0
159302.SZ,20260908,1.325,800,1060.0,,,0.0
159303.SZ,20260908,1.592,61400,97748.8,,,0.0
159305.SZ,20260908,0.802,7100,5694.2,,,0.0
159306.SZ,20260908,,0,0.0,,,0.0
159307.SZ,20260908,1.031,135600,139803.6,,,0.0
159309.SZ,20260908,1.422,19100,27160.2,,,0.0
159310.SZ,20260908,2.733,25600,69964.8,,,0.0
159311.SZ,20260908,,0,0.0,,,0.0
159312.SZ,20260908,,0,0.0,,,0.0
159315.SZ,20260908,1.778,129000,229362.0,,,0.0
159316.SZ,20260908,1.164,1308400,1522977.6,,,0.0
159318.SZ,20260908,1.313,1500,1969.5,,,0.0
159320.SZ,20260908,0.612,35200,21542.4,,,0.0
159321.SZ,20260908,1.669,156600,261365.4,,,0.0
159322.SZ,20260908,1.742,55300,96332.6,,,0.0
159323.SZ,20260908,1.019,17800,18138.2,,,0.0
159325.SZ,20260908,2.058,466200,959439.6,,,0.0
159326.SZ,20260908,1.654,274200,453526.8,,,0.0
159327.SZ,20260908,1.09,373700,407333.0,,,0.0
159328.SZ,20260908,,0,0.0,,,0.0
159329.SZ,20260908,0.916,296600,271685.6,,,0.0
159330.SZ,20260908,1.433,21200,30379.6,,,0.0
159331.SZ,20260908,1.295,800,1036.0,,,0.0
159332.SZ,20260908,1.232,2100,2587.2,,,0.0
159333.SZ,20260908,1.38,1100,1518.0,,,0.0
159335.SZ,20260908,,0,0.0,,,0.0
159336.SZ,20260908,1.221,5400,6593.4,,,0.0
159337.SZ,20260908,1.783,10000,17830.0,,,0.0
159338.SZ,20260908,1.206,353100,425838.6,,,0.0
159339.SZ,20260908,1.217,10700,13021.9,,,0.0
159350.SZ,20260908,1.544,7500,11580.0,,,0.0
159351.SZ,20260908,1.206,100,120.6,,,0.0
159352.SZ,20260908,1.254,106100,133049.4,,,0.0
159353.SZ,20260908,1.225,700,857.5,,,0.0
159355.SZ,20260908,,0,0.0,,,0.0
159356.SZ,20260908,,0,0.0,,,0.0
159357.SZ,20260908,,0,0.0,,,0.0
159358.SZ,20260908,,0,0.0,,,0.0
159359.SZ,20260908,,0,0.0,,,0.0
159360.SZ,20260908,,0,0.0,,,0.0
159361.SZ,20260908,1.23,51700,63591.0,,,0.0
159362.SZ,20260908,,0,0.0,,,0.0
159363.SZ,20260908,1.252,797900,998970.8,,,0.0
159365.SZ,20260908,0.991,1000,991.0,,,0.0
159366.SZ,20260908,1.419,138000,195822.0,,,0.0
159367.SZ,20260908,,0,0.0,,,0.0
159368.SZ,20260908,0.639,6300,4025.7,,,0.0
159369.SZ,20260908,1.37,27300,37401.0,,,0.0
159370.SZ,20260908,,0,0.0,,,0.0
159371.SZ,20260908,1.681,800,1344.8,,,0.0
159372.SZ,20260908,,0,0.0,,,0.0
159373.SZ,20260908,,0,0.0,,,0.0
159375.SZ,20260908,0.716,10000,7160.0,,,0.0
159376.SZ,20260908,,0,0.0,,,0.0
159377.SZ,20260908,0.986,200,197.2,,,0.0
159378.SZ,20260908,,0,0.0,,,0.0
159379.SZ,20260908,,0,0.0,,,0.0
159380.SZ,20260908,1.346,1800,2422.8,,,0.0
159381.SZ,20260908,1.186,435900,516977.4,,,0.0
159382.SZ,20260908,2.655,79100,210010.5,,,0.0
159383.SZ,20260908,1.678,400,671.2,,,0.0
159385.SZ,20260908,,0,0.0,,,0.0
159386.SZ,20260908,,0,0.0,,,0.0
159387.SZ,20260908,0.704,9900,6969.6,,,0.0
159388.SZ,20260908,1.03,334500,344535.0,,,0.0
159389.SZ,20260908,,0,0.0,,,0.0
159390.SZ,20260908,,0,0.0,,,0.0
159391.SZ,20260908,,0,0.0,,,0.0
159392.SZ,20260908,,0,0.0,,,0.0
159393.SZ,20260908,,0,0.0,,,0.0
159395.SZ,20260908,,0,0.0,,,0.0
159396.SZ,20260908,,0,0.0,,,0.0
159397.SZ,20260908,,0,0.0,,,0.0
159398.SZ,20260908,,0,0.0,,,0.0
159399.SZ,20260908,1.006,71300,71727.8,,,0.0
159400.SZ,20260908,101.276,200,20255.2,,,0.0
159500.SZ,20260908,1.165,18300,21319.5,,,0.0
159501.SZ,20260908,,0,0.0,,,0.0
159502.SZ,20260908,1.633,291900,476672.7,,,0.0
159505.SZ,20260908,,0,0.0,,,0.0
159506.SZ,20260908,1.289,551500,710883.5,,,0.0
159507.SZ,20260908,0.879,241700,212454.3,,,0.0
159508.SZ,20260908,0.794,7700,6113.8,,,0.0
159509.SZ,20260908,,0,0.0,,,0.0
159510.SZ,20260908,1.259,8700,10953.3,,,0.0
159511.SZ,20260908,2.406,200,481.2,,,0.0
159512.SZ,20260908,1.024,28300,28979.2,,,0.0
159513.SZ,20260908,1.822,340400,620208.8,,,0.0
159515.SZ,20260908,1.21,200,242.0,,,0.0
159516.SZ,20260908,0.681,19906400,13556258.4,,,0.0
159517.SZ,20260908,1.339,100,133.9,,,0.0
159518.SZ,20260908,1.3,313800,407940.0,,,0.0
159519.SZ,20260908,1.797,400,718.8,,,0.0
159520.SZ,20260908,0.941,21300,20043.3,,,0.0
159521.SZ,20260908,,0,0.0,,,0.0
159523.SZ,20260908,1.251,200,250.2,,,0.0
159525.SZ,20260908,1.114,700,779.8,,,0.0
159526.SZ,20260908,1.419,1700,2412.3,,,0.0
159527.SZ,20260908,0.71,4800,3408.0,,,0.0
159528.SZ,20260908,,0,0.0,,,0.0
159529.SZ,20260908,1.271,74600,94816.6,,,0.0
159530.SZ,20260908,1.323,628600,831637.8,,,0.0
159531.SZ,20260908,1.483,570600,846199.8,,,0.0
159532.SZ,20260908,1.665,23600,39294.0,,,0.0
159533.SZ,20260908,,0,0.0,,,0.0
159535.SZ,20260908,,0,0.0,,,0.0
159536.SZ,20260908,1.416,4800,6796.8,,,0.0
159537.SZ,20260908,0.874,56600,49468.4,,,0.0
159538.SZ,20260908,0.882,4000,3528.0,,,0.0
159539.SZ,20260908,,0,0.0,,,0.0
159540.SZ,20260908,,0,0.0,,,0.0
159541.SZ,20260908,,0,0.0,,,0.0
159542.SZ,20260908,,0,0.0,,,0.0
159543.SZ,20260908,,0,0.0,,,0.0
159545.SZ,20260908,1.306,124800,162988.8,,,0.0
159546.SZ,20260908,0.754,58800,44335.2,,,0.0
159547.SZ,20260908,1.223,3500,4280.5,,,0.0
159549.SZ,20260908,,0,0.0,,,0.0
159550.SZ,20260908,0.802,20700,16601.4,,,0.0
159551.SZ,20260908,1.244,3800,4727.2,,,0.0
159552.SZ,20260908,2.27,90900,206343.0,,,0.0
159553.SZ,20260908,,0,0.0,,,0.0
159555.SZ,20260908,1.788,600,1072.8,,,0.0
159556.SZ,20260908,,0,0.0,,,0.0
159557.SZ,20260908,1.457,49100,71538.7,,,0.0
159558.SZ,20260908,1.069,4536500,4849518.5,,,0.0
159559.SZ,20260908,1.198,207800,248944.4,,,0.0
159560.SZ,20260908,1.102,83700,92237.4,,,0.0
159561.SZ,20260908,1.358,1002600,1361530.8,,,0.0
159562.SZ,20260908,2.375,367400,872575.0,,,0.0
159563.SZ,20260908,,0,0.0,,,0.0
159565.SZ,20260908,1.307,3800,4966.6,,,0.0
159566.SZ,20260908,1.8,124400,223920.0,,,0.0
159567.SZ,20260908,0.71,2316200,1644502.0,,,0.0
159568.SZ,20260908,1.116,427500,477090.0,,,0.0
159569.SZ,20260908,1.397,4800,6705.6,,,0.0
159570.SZ,20260908,1.462,4671700,6830025.4,,,0.0
159571.SZ,20260908,,0,0.0,,,0.0
159572.SZ,20260908,,0,0.0,,,0.0
159573.SZ,20260908,,0,0.0,,,0.0
159575.SZ,20260908,,0,0.0,,,0.0
159576.SZ,20260908,,0,0.0,,,0.0
159577.SZ,20260908,1.662,251000,417162.0,,,0.0
159578.SZ,20260908,,0,0.0,,,0.0
159581.SZ,20260908,1.069,15300,16355.7,,,0.0
159582.SZ,20260908,0.733,481000,352573.0,,,0.0
159583.SZ,20260908,1.673,1560200,2610214.6,,,0.0
159586.SZ,20260908,1.061,4400,4668.4,,,0.0
159587.SZ,20260908,1.31,183800,240778.0,,,0.0
159588.SZ,20260908,1.254,100,125.4,,,0.0
159589.SZ,20260908,1.107,1200,1328.4,,,0.0
159590.SZ,20260908,0.892,54400,48524.8,,,0.0
159591.SZ,20260908,,0,0.0,,,0.0
159592.SZ,20260908,1.344,100,134.4,,,0.0
159593.SZ,20260908,1.358,10100,13715.8,,,0.0
159595.SZ,20260908,,0,0.0,,,0.0
159596.SZ,20260908,,0,0.0,,,0.0
159597.SZ,20260908,0.788,14300,11268.4,,,0.0
159599.SZ,20260908,2.696,216400,583414.4,,,0.0
159600.SZ,20260908,101.771,6000,610626.0,,,0.0
159601.SZ,20260908,1.116,1100,1227.6,,,0.0
159602.SZ,20260908,,0,0.0,,,0.0
159603.SZ,20260908,1.645,2900,4770.5,,,0.0
159605.SZ,20260908,0.776,570800,442940.8,,,0.0
159606.SZ,20260908,,0,0.0,,,0.0
159607.SZ,20260908,0.771,851700,656660.7,,,0.0
159608.SZ,20260908,1.045,169100,176709.5,,,0.0
159609.SZ,20260908,0.475,15000,7125.0,,,0.0
159610.SZ,20260908,,0,0.0,,,0.0
159611.SZ,20260908,1.035,647300,669955.5,,,0.0
159612.SZ,20260908,2.08,20100,41808.0,,,0.0
159613.SZ,20260908,0.878,3300,2897.4,,,0.0
159615.SZ,20260908,1.142,102500,117055.0,,,0.0
159616.SZ,20260908,,0,0.0,,,0.0
159617.SZ,20260908,,0,0.0,,,0.0
159618.SZ,20260908,0.645,300,193.5,,,0.0
159619.SZ,20260908,,0,0.0,,,0.0
159620.SZ,20260908,,0,0.0,,,0.0
159621.SZ,20260908,,0,0.0,,,0.0
159622.SZ,20260908,1.17,64100,74997.0,,,0.0
159623.SZ,20260908,,0,0.0,,,0.0
159625.SZ,20260908,,0,0.0,,,0.0
159627.SZ,20260908,,0,0.0,,,0.0
159628.SZ,20260908,1.396,7100,9911.6,,,0.0
159629.SZ,20260908,3.188,34600,110304.8,,,0.0
159630.SZ,20260908,,0,0.0,,,0.0
159631.SZ,20260908,,0,0.0,,,0.0
159632.SZ,20260908,2.487,551700,1372077.9,,,0.0
159633.SZ,20260908,3.263,66500,216989.5,,,0.0
159635.SZ,20260908,,0,0.0,,,0.0
159636.SZ,20260908,0.509,1121200,570690.8,,,0.0
159637.SZ,20260908,0.782,5500,4301.0,,,0.0
159638.SZ,20260908,0.837,60100,50303.7,,,0.0
159639.SZ,20260908,,0,0.0,,,0.0
159640.SZ,20260908,,0,0.0,,,0.0
159641.SZ,20260908,0.964,1600,1542.4,,,0.0
159642.SZ,20260908,,0,0.0,,,0.0
159643.SZ,20260908,,0,0.0,,,0.0
159645.SZ,20260908,,0,0.0,,,0.0
159647.SZ,20260908,0.886,1200,1063.2,,,0.0
159649.SZ,20260908,,0,0.0,,,0.0
159650.SZ,20260908,108.043,700,75630.1,,,0.0
159651.SZ,20260908,108.121,100,10812.1,,,0.0
159652.SZ,20260908,1.631,133100,217086.1,,,0.0
159653.SZ,20260908,,0,0.0,,,0.0
159655.SZ,20260908,2.022,209000,422598.0,,,0.0
159656.SZ,20260908,1.203,100,120.3,,,0.0
159657.SZ,20260908,,0,0.0,,,0.0
159658.SZ,20260908,,0,0.0,,,0.0
159659.SZ,20260908,2.369,722800,1712313.2,,,0.0
159660.SZ,20260908,2.387,1230200,2936487.4,,,0.0
159661.SZ,20260908,,0,0.0,,,0.0
159662.SZ,20260908,,0,0.0,,,0.0
159663.SZ,20260908,0.976,60000,58560.0,,,0.0
159665.SZ,20260908,2.369,27500,65147.5,,,0.0
159666.SZ,20260908,0.984,1000,984.0,,,0.0
159667.SZ,20260908,0.652,858400,559676.8,,,0.0
159669.SZ,20260908,,0,0.0,,,0.0
159670.SZ,20260908,,0,0.0,,,0.0
159671.SZ,20260908,1.284,13900,17847.6,,,0.0
159672.SZ,20260908,0.647,600,388.2,,,0.0
159673.SZ,20260908,1.278,1500,1917.0,,,0.0
159675.SZ,20260908,,0,0.0,,,0.0
159676.SZ,20260908,1.576,200,315.2,,,0.0
159677.SZ,20260908,,0,0.0,,,0.0
159678.SZ,20260908,,0,0.0,,,0.0
159679.SZ,20260908,,0,0.0,,,0.0
159680.SZ,20260908,1.667,9300,15503.1,,,0.0
159681.SZ,20260908,1.575,58300,91822.5,,,0.0
159682.SZ,20260908,1.555,84700,131708.5,,,0.0
159685.SZ,20260908,,0,0.0,,,0.0
159686.SZ,20260908,,0,0.0,,,0.0
159687.SZ,20260908,1.894,549200,1040184.8,,,0.0
159688.SZ,20260908,0.739,290600,214753.4,,,0.0
159689.SZ,20260908,,0,0.0,,,0.0
159690.SZ,20260908,1.977,15700,31038.9,,,0.0
159691.SZ,20260908,1.214,53400,64827.6,,,0.0
159692.SZ,20260908,1.216,136100,165497.6,,,0.0
159695.SZ,20260908,0.964,64300,61985.2,,,0.0
159696.SZ,20260908,,0,0.0,,,0.0
159697.SZ,20260908,1.32,139000,183480.0,,,0.0
159698.SZ,20260908,1.012,2096800,2121961.6,,,0.0
159699.SZ,20260908,0.873,43400,37888.2,,,0.0
159700.SZ,20260908,,0,0.0,,,0.0
159701.SZ,20260908,,0,0.0,,,0.0
159703.SZ,20260908,,0,0.0,,,0.0
159706.SZ,20260908,,0,0.0,,,0.0
159707.SZ,20260908,0.486,19600,9525.6,,,0.0
159708.SZ,20260908,,0,0.0,,,0.0
159709.SZ,20260908,,0,0.0,,,0.0
159711.SZ,20260908,1.338,1800,2408.4,,,0.0
159712.SZ,20260908,1.234,3600,4442.4,,,0.0
159713.SZ,20260908,1.235,73100,90278.5,,,0.0
159715.SZ,20260908,1.138,5300,6031.4,,,0.0
159716.SZ,20260908,,0,0.0,,,0.0
159717.SZ,20260908,,0,0.0,,,0.0
159718.SZ,20260908,0.91,194700,177177.0,,,0.0
159719.SZ,20260908,,0,0.0,,,0.0
159720.SZ,20260908,,0,0.0,,,0.0
159721.SZ,20260908,,0,0.0,,,0.0
159723.SZ,20260908,,0,0.0,,,0.0
159725.SZ,20260908,0.804,400,321.6,,,0.0
159726.SZ,20260908,,0,0.0,,,0.0
159728.SZ,20260908,,0,0.0,,,0.0
159729.SZ,20260908,,0,0.0,,,0.0
159730.SZ,20260908,,0,0.0,,,0.0
159731.SZ,20260908,0.936,16000,14976.0,,,0.0
159732.SZ,20260908,1.339,396800,531315.2,,,0.0
159735.SZ,20260908,0.654,36900,24132.6,,,0.0
159736.SZ,20260908,0.6,98900,59340.0,,,0.0
159738.SZ,20260908,,0,0.0,,,0.0
159739.SZ,20260908,,0,0.0,,,0.0
159740.SZ,20260908,0.559,9908000,5538572.0,,,0.0
159741.SZ,20260908,0.563,238700,134388.1,,,0.0
159742.SZ,20260908,0.575,1947000,1119525.0,,,0.0
159743.SZ,20260908,,0,0.0,,,0.0
159745.SZ,20260908,0.536,274600,147185.6,,,0.0
159747.SZ,20260908,1.143,23300,26631.9,,,0.0
159748.SZ,20260908,0.828,139900,115837.2,,,0.0
159750.SZ,20260908,0.845,66300,56023.5,,,0.0
159751.SZ,20260908,0.876,75800,66400.8,,,0.0
159752.SZ,20260908,,0,0.0,,,0.0
159755.SZ,20260908,0.899,559700,503170.3,,,0.0
159757.SZ,20260908,0.76,48500,36860.0,,,0.0
159758.SZ,20260908,1.127,13500,15214.5,,,0.0
159760.SZ,20260908,,0,0.0,,,0.0
159761.SZ,20260908,0.78,2200,1716.0,,,0.0
159763.SZ,20260908,,0,0.0,,,0.0
159766.SZ,20260908,0.581,1906900,1107908.9,,,0.0
159767.SZ,20260908,0.732,13600,9955.2,,,0.0
159768.SZ,20260908,0.435,67100,29188.5,,,0.0
159770.SZ,20260908,0.991,95700,94838.7,,,0.0
159773.SZ,20260908,,0,0.0,,,0.0
159775.SZ,20260908,,0,0.0,,,0.0
159776.SZ,20260908,1.205,8500,10242.5,,,0.0
159777.SZ,20260908,,0,0.0,,,0.0
159778.SZ,20260908,,0,0.0,,,0.0
159779.SZ,20260908,1.447,2200,3183.4,,,0.0
159780.SZ,20260908,1.066,67300,71741.8,,,0.0
159781.SZ,20260908,1.06,895900,949654.0,,,0.0
159782.SZ,20260908,1.068,61200,65361.6,,,0.0
159783.SZ,20260908,1.066,195100,207976.6,,,0.0
159786.SZ,20260908,1.15,2000,2300.0,,,0.0
159787.SZ,20260908,,0,0.0,,,0.0
159788.SZ,20260908,,0,0.0,,,0.0
159790.SZ,20260908,0.675,1000,675.0,,,0.0
159791.SZ,20260908,,0,0.0,,,0.0
159792.SZ,20260908,0.563,18603800,10473939.4,,,0.0
159793.SZ,20260908,0.791,100,79.1,,,0.0
159795.SZ,20260908,,0,0.0,,,0.0
159796.SZ,20260908,0.806,125200,100911.2,,,0.0
159797.SZ,20260908,0.674,47600,32082.4,,,0.0
159798.SZ,20260908,0.874,68400,59781.6,,,0.0
159800.SZ,20260908,,0,0.0,,,0.0
159801.SZ,20260908,1.115,396200,441763.0,,,0.0
159804.SZ,20260908,,0,0.0,,,0.0
159805.SZ,20260908,1.205,45000,54225.0,,,0.0
159806.SZ,20260908,0.682,100,68.2,,,0.0
159807.SZ,20260908,0.901,10200,9190.2,,,0.0
159808.SZ,20260908,,0,0.0,,,0.0
159810.SZ,20260908,,0,0.0,,,0.0
159811.SZ,20260908,3.006,58300,175249.8,,,0.0
159812.SZ,20260908,9.042,100,904.2,,,0.0
159813.SZ,20260908,0.718,663200,476177.6,,,0.0
159814.SZ,20260908,0.708,10300,7292.4,,,0.0
159816.SZ,20260908,,0,0.0,,,0.0
159819.SZ,20260908,1.755,696200,1221831.0,,,0.0
159820.SZ,20260908,1.35,39300,53055.0,,,0.0
159821.SZ,20260908,,0,0.0,,,0.0
159822.SZ,20260908,0.587,32300,18960.1,,,0.0
159824.SZ,20260908,,0,0.0,,,0.0
159825.SZ,20260908,0.776,332700,258175.2,,,0.0
159827.SZ,20260908,0.836,800,668.8,,,0.0
159828.SZ,20260908,0.42,137400,57708.0,,,0.0
159830.SZ,20260908,9.5,14300,135850.0,,,0.0
159831.SZ,20260908,9.169,12400,113695.6,,,0.0
159834.SZ,20260908,9.505,24000,228120.0,,,0.0
159835.SZ,20260908,,0,0.0,,,0.0
159836.SZ,20260908,,0,0.0,,,0.0
159837.SZ,20260908,0.492,100000,49200.0,,,0.0
159838.SZ,20260908,0.588,8200,4821.6,,,0.0
159839.SZ,20260908,0.36,249000,89640.0,,,0.0
159840.SZ,20260908,0.726,12000,8712.0,,,0.0
159841.SZ,20260908,0.991,797300,790124.3,,,0.0
159842.SZ,20260908,1.04,115500,120120.0,,,0.0
159843.SZ,20260908,0.549,12600,6917.4,,,0.0
159845.SZ,20260908,3.178,331200,1052553.6,,,0.0
159847.SZ,20260908,0.404,5200,2100.8,,,0.0
159848.SZ,20260908,,0,0.0,,,0.0
159849.SZ,20260908,,0,0.0,,,0.0
159850.SZ,20260908,,0,0.0,,,0.0
159851.SZ,20260908,0.636,8407800,5347360.8,,,0.0
159852.SZ,20260908,0.678,1497300,1015169.4,,,0.0
159855.SZ,20260908,0.79,56100,44319.0,,,0.0
159856.SZ,20260908,0.581,100,58.1,,,0.0
159857.SZ,20260908,0.701,71400,50051.4,,,0.0
159858.SZ,20260908,0.678,9700,6576.6,,,0.0
159859.SZ,20260908,0.386,364900,140851.4,,,0.0
159861.SZ,20260908,,0,0.0,,,0.0
159862.SZ,20260908,0.552,100,55.2,,,0.0
159863.SZ,20260908,0.548,1000,548.0,,,0.0
159864.SZ,20260908,0.536,28800,15436.8,,,0.0
159865.SZ,20260908,0.57,1562000,890340.0,,,0.0
159866.SZ,20260908,1.725,2012100,3470872.5,,,0.0
159867.SZ,20260908,0.581,77900,45259.9,,,0.0
159869.SZ,20260908,1.145,1463700,1675936.5,,,0.0
159870.SZ,20260908,0.797,438800,349723.6,,,0.0
159871.SZ,20260908,0.959,93200,89378.8,,,0.0
159872.SZ,20260908,,0,0.0,,,0.0
159873.SZ,20260908,,0,0.0,,,0.0
159875.SZ,20260908,0.562,61400,34506.8,,,0.0
159876.SZ,20260908,0.977,223300,218164.1,,,0.0
159877.SZ,20260908,,0,0.0,,,0.0
159880.SZ,20260908,0.963,49200,47379.6,,,0.0
159881.SZ,20260908,0.915,214800,196542.0,,,0.0
159883.SZ,20260908,0.442,806100,356296.2,,,0.0
159885.SZ,20260908,,0,0.0,,,0.0
159886.SZ,20260908,,0,0.0,,,0.0
159887.SZ,20260908,1.365,567300,774364.5,,,0.0
159888.SZ,20260908,,0,0.0,,,0.0
159889.SZ,20260908,,0,0.0,,,0.0
159890.SZ,20260908,1.707,83900,143217.3,,,0.0
159891.SZ,20260908,0.383,15500,5936.5,,,0.0
159892.SZ,20260908,0.797,1661000,1323817.0,,,0.0
159895.SZ,20260908,,0,0.0,,,0.0
159896.SZ,20260908,,0,0.0,,,0.0
159898.SZ,20260908,0.497,50700,25197.9,,,0.0
159899.SZ,20260908,0.712,15000,10680.0,,,0.0
159901.SZ,20260908,3.55,15000,53250.0,,,0.0
159902.SZ,20260908,,0,0.0,,,0.0
159903.SZ,20260908,1.685,596400,1004934.0,,,0.0
159905.SZ,20260908,1.66,900,1494.0,,,0.0
159906.SZ,20260908,1.668,700,1167.6,,,0.0
159907.SZ,20260908,,0,0.0,,,0.0
159908.SZ,20260908,3.199,251200,803588.8,,,0.0
159909.SZ,20260908,1.306,50000,65300.0,,,0.0
159910.SZ,20260908,,0,0.0,,,0.0
159912.SZ,20260908,,0,0.0,,,0.0
159913.SZ,20260908,,0,0.0,,,0.0
159915.SZ,20260908,3.413,4555900,15549286.7,,,0.0
159916.SZ,20260908,,0,0.0,,,0.0
159918.SZ,20260908,,0,0.0,,,0.0
159919.SZ,20260908,4.843,12700,61506.1,,,0.0
159920.SZ,20260908,1.483,1292200,1916332.6,,,0.0
159922.SZ,20260908,3.155,2700,8518.5,,,0.0
159923.SZ,20260908,,0,0.0,,,0.0
159925.SZ,20260908,4.72,46400,219008.0,,,0.0
159928.SZ,20260908,0.684,1892300,1294333.2,,,0.0
159929.SZ,20260908,1.317,15100,19886.7,,,0.0
159930.SZ,20260908,1.703,65200,111035.6,,,0.0
159931.SZ,20260908,,0,0.0,,,0.0
159933.SZ,20260908,,0,0.0,,,0.0
159934.SZ,20260908,9.506,351575,3342071.95,,,0.0
159935.SZ,20260908,,0,0.0,,,0.0
159936.SZ,20260908,,0,0.0,,,0.0
159937.SZ,20260908,9.077,287000,2605099.0,,,0.0
159938.SZ,20260908,0.64,53500,34240.0,,,0.0
159939.SZ,20260908,1.09,1100,1199.0,,,0.0
159940.SZ,20260908,1.232,100,123.2,,,0.0
159941.SZ,20260908,,0,0.0,,,0.0
159943.SZ,20260908,1.524,14500,22098.0,,,0.0
159944.SZ,20260908,,0,0.0,,,0.0
159945.SZ,20260908,1.373,3300,4530.9,,,0.0
159948.SZ,20260908,3.769,12600,47489.4,,,0.0
159949.SZ,20260908,1.6,3957100,6331360.0,,,0.0
159952.SZ,20260908,2.078,946200,1966203.6,,,0.0
159954.SZ,20260908,0.915,5400,4941.0,,,0.0
159956.SZ,20260908,,0,0.0,,,0.0
159957.SZ,20260908,2.235,65700,146839.5,,,0.0
159958.SZ,20260908,,0,0.0,,,0.0
159959.SZ,20260908,,0,0.0,,,0.0
159960.SZ,20260908,0.846,6900,5837.4,,,0.0
159961.SZ,20260908,,0,0.0,,,0.0
159964.SZ,20260908,2.233,100,223.3,,,0.0
159965.SZ,20260908,,0,0.0,,,0.0
159966.SZ,20260908,0.529,400,211.6,,,0.0
159967.SZ,20260908,0.779,1656900,1290725.1,,,0.0
159968.SZ,20260908,,0,0.0,,,0.0
159970.SZ,20260908,,0,0.0,,,0.0
159971.SZ,20260908,1.187,344600,409040.2,,,0.0
159972.SZ,20260908,119.752,200,23950.4,,,0.0
159973.SZ,20260908,,0,0.0,,,0.0
159974.SZ,20260908,,0,0.0,,,0.0
159975.SZ,20260908,,0,0.0,,,0.0
159976.SZ,20260908,,0,0.0,,,0.0
159977.SZ,20260908,1.773,115900,205490.7,,,0.0
159980.SZ,20260908,2.191,1236800,2709828.8,,,0.0
159981.SZ,20260908,1.685,670300,1129455.5,,,0.0
159982.SZ,20260908,2.1,700,1470.0,,,0.0
159985.SZ,20260908,2.426,1103600,2677333.6,,,0.0
159991.SZ,20260908,0.81,34100,27621.0,,,0.0
159992.SZ,20260908,0.839,1818800,1525973.2,,,0.0
159993.SZ,20260908,1.18,523800,618084.0,,,0.0
159994.SZ,20260908,1.289,1041300,1342235.7,,,0.0
159995.SZ,20260908,1.122,1218200,1366820.4,,,0.0
159996.SZ,20260908,1.444,140900,203459.6,,,0.0
159997.SZ,20260908,2.067,20600,42580.2,,,0.0
159998.SZ,20260908,0.965,21300,20554.5,,,0.0
160105.SZ,20260908,,0,0.0,,,0.0
160106.SZ,20260908,,0,0.0,,,0.0
160119.SZ,20260908,,0,0.0,,,0.0
160125.SZ,20260908,,0,0.0,,,0.0
160127.SZ,20260908,,0,0.0,,,0.0
160128.SZ,20260908,,0,0.0,,,0.0
160133.SZ,20260908,,0,0.0,,,0.0
160135.SZ,20260908,,0,0.0,,,0.0
160140.SZ,20260908,1.423,100,142.3,,,0.0
160142.SZ,20260908,,0,0.0,,,0.0
160143.SZ,20260908,1.645,3407,5604.515,,,0.0
160211.SZ,20260908,,0,0.0,,,0.0
160212.SZ,20260908,,0,0.0,,,0.0
160215.SZ,20260908,,0,0.0,,,0.0
160216.SZ,20260908,0.656,10788,7076.928,,,0.0
160218.SZ,20260908,,0,0.0,,,0.0
160219.SZ,20260908,,0,0.0,,,0.0
160220.SZ,20260908,,0,0.0,,,0.0
160221.SZ,20260908,,0,0.0,,,0.0
160222.SZ,20260908,,0,0.0,,,0.0
160223.SZ,20260908,1.894,1400,2651.6,,,0.0
160225.SZ,20260908,,0,0.0,,,0.0
160311.SZ,20260908,,0,0.0,,,0.0
160314.SZ,20260908,,0,0.0,,,0.0
160322.SZ,20260908,,0,0.0,,,0.0
160323.SZ,20260908,,0,0.0,,,0.0
160324.SZ,20260908,,0,0.0,,,0.0
160325.SZ,20260908,,0,0.0,,,0.0
160326.SZ,20260908,,0,0.0,,,0.0
160416.SZ,20260908,2.21,28600,63206.0,,,0.0
160421.SZ,20260908,,0,0.0,,,0.0
160505.SZ,20260908,,0,0.0,,,0.0
160512.SZ,20260908,,0,0.0,,,0.0
160513.SZ,20260908,,0,0.0,,,0.0
160515.SZ,20260908,,0,0.0,,,0.0
160518.SZ,20260908,,0,0.0,,,0.0
160526.SZ,20260908,,0,0.0,,,0.0
160527.SZ,20260908,,0,0.0,,,0.0
160529.SZ,20260908,,0,0.0,,,0.0
160607.SZ,20260908,,0,0.0,,,0.0
160610.SZ,20260908,,0,0.0,,,0.0
160611.SZ,20260908,,0,0.0,,,0.0
160613.SZ,20260908,,0,0.0,,,0.0
160615.SZ,20260908,,0,0.0,,,0.0
160616.SZ,20260908,,0,0.0,,,0.0
160617.SZ,20260908,,0,0.0,,,0.0
160618.SZ,20260908,,0,0.0,,,0.0
160620.SZ,20260908,,0,0.0,,,0.0
160621.SZ,20260908,,0,0.0,,,0.0
160622.SZ,20260908,,0,0.0,,,0.0
160625.SZ,20260908,,0,0.0,,,0.0
160626.SZ,20260908,,0,0.0,,,0.0
160628.SZ,20260908,,0,0.0,,,0.0
160629.SZ,20260908,,0,0.0,,,0.0
160630.SZ,20260908,,0,0.0,,,0.0
160631.SZ,20260908,,0,0.0,,,0.0
160632.SZ,20260908,0.27,15700,4239.0,,,0.0
160633.SZ,20260908,1.075,1000,1075.0,,,0.0
160635.SZ,20260908,,0,0.0,,,0.0
160637.SZ,20260908,,0,0.0,,,0.0
160638.SZ,20260908,,0,0.0,,,0.0
160639.SZ,20260908,,0,0.0,,,0.0
160641.SZ,20260908,,0,0.0,,,0.0
160642.SZ,20260908,,0,0.0,,,0.0
160643.SZ,20260908,,0,0.0,,,0.0
160644.SZ,20260908,1.843,705000,1299315.0,,,0.0
160706.SZ,20260908,1.183,1000,1183.0,,,0.0
160716.SZ,20260908,,0,0.0,,,0.0
160717.SZ,20260908,,0,0.0,,,0.0
160719.SZ,20260908,1.951,111000,216561.0,,,0.0
160722.SZ,20260908,,0,0.0,,,0.0
160723.SZ,20260908,2.186,1134637,2480316.482,,,0.0
160726.SZ,20260908,,0,0.0,,,0.0
160805.SZ,20260908,,0,0.0,,,0.0
160806.SZ,20260908,,0,0.0,,,0.0
160807.SZ,20260908,,0,0.0,,,0.0
160812.SZ,20260908,,0,0.0,,,0.0
160813.SZ,20260908,,0,0.0,,,0.0
160910.SZ,20260908,,0,0.0,,,0.0
160916.SZ,20260908,,0,0.0,,,0.0
160918.SZ,20260908,,0,0.0,,,0.0
160919.SZ,20260908,,0,0.0,,,0.0
160921.SZ,20260908,,0,0.0,,,0.0
160924.SZ,20260908,,0,0.0,,,0.0
160925.SZ,20260908,,0,0.0,,,0.0
160926.SZ,20260908,,0,0.0,,,0.0
161005.SZ,20260908,3.052,300,915.6,,,0.0
161010.SZ,20260908,,0,0.0,,,0.0
161014.SZ,20260908,,0,0.0,,,0.0
161015.SZ,20260908,,0,0.0,,,0.0
161017.SZ,20260908,,0,0.0,,,0.0
161019.SZ,20260908,,0,0.0,,,0.0
161024.SZ,20260908,1.116,300,334.8,,,0.0
161025.SZ,20260908,,0,0.0,,,0.0
161026.SZ,20260908,,0,0.0,,,0.0
161027.SZ,20260908,,0,0.0,,,0.0
161028.SZ,20260908,,0,0.0,,,0.0
161029.SZ,20260908,,0,0.0,,,0.0
161030.SZ,20260908,1.04,1000,1040.0,,,0.0
161031.SZ,20260908,,0,0.0,,,0.0
161032.SZ,20260908,,0,0.0,,,0.0
161033.SZ,20260908,,0,0.0,,,0.0
161035.SZ,20260908,,0,0.0,,,0.0
161036.SZ,20260908,,0,0.0,,,0.0
161037.SZ,20260908,,0,0.0,,,0.0
161038.SZ,20260908,,0,0.0,,,0.0
161039.SZ,20260908,,0,0.0,,,0.0
161040.SZ,20260908,,0,0.0,,,0.0
161115.SZ,20260908,1.756,10000,17560.0,,,0.0
161116.SZ,20260908,1.636,388800,636076.8,,,0.0
161117.SZ,20260908,,0,0.0,,,0.0
161118.SZ,20260908,,0,0.0,,,0.0
161119.SZ,20260908,1.805,469700,847808.5,,,0.0
161121.SZ,20260908,,0,0.0,,,0.0
161122.SZ,20260908,0.565,100,56.5,,,0.0
161123.SZ,20260908,,0,0.0,,,0.0
161124.SZ,20260908,0.894,500,447.0,,,0.0
161125.SZ,20260908,3.252,31200,101462.4,,,0.0
161126.SZ,20260908,2.176,500,1088.0,,,0.0
161127.SZ,20260908,2.151,3300,7098.3,,,0.0
161128.SZ,20260908,7.119,30948,220318.812,,,0.0
161129.SZ,20260908,1.875,2151200,4033500.0,,,0.0
161130.SZ,20260908,4.609,2436,11227.524,,,0.0
161131.SZ,20260908,,0,0.0,,,0.0
161132.SZ,20260908,,0,0.0,,,0.0
161133.SZ,20260908,,0,0.0,,,0.0
161216.SZ,20260908,,0,0.0,,,0.0
161217.SZ,20260908,,0,0.0,,,0.0
161219.SZ,20260908,,0,0.0,,,0.0
161222.SZ,20260908,,0,0.0,,,0.0
161224.SZ,20260908,,0,0.0,,,0.0
161225.SZ,20260908,,0,0.0,,,0.0
161226.SZ,20260908,1.961,3198900,6273042.9,,,0.0
161227.SZ,20260908,,0,0.0,,,0.0
161229.SZ,20260908,,0,0.0,,,0.0
161232.SZ,20260908,,0,0.0,,,0.0
161233.SZ,20260908,,0,0.0,,,0.0
161505.SZ,20260908,,0,0.0,,,0.0
161607.SZ,20260908,,0,0.0,,,0.0
161610.SZ,20260908,,0,0.0,,,0.0
161614.SZ,20260908,,0,0.0,,,0.0
161626.SZ,20260908,,0,0.0,,,0.0
161631.SZ,20260908,2.77,100,277.0,,,0.0
161706.SZ,20260908,,0,0.0,,,0.0
161713.SZ,20260908,,0,0.0,,,0.0
161715.SZ,20260908,,0,0.0,,,0.0
161716.SZ,20260908,1.659,122200,202729.8,,,0.0
161720.SZ,20260908,,0,0.0,,,0.0
161722.SZ,20260908,,0,0.0,,,0.0
161724.SZ,20260908,2.422,100,242.2,,,0.0
161725.SZ,20260908,0.563,227700,128195.1,,,0.0
161726.SZ,20260908,0.402,30000,12060.0,,,0.0
161727.SZ,20260908,,0,0.0,,,0.0
161728.SZ,20260908,,0,0.0,,,0.0
161729.SZ,20260908,,0,0.0,,,0.0
161810.SZ,20260908,,0,0.0,,,0.0
161811.SZ,20260908,,0,0.0,,,0.0
161812.SZ,20260908,,0,0.0,,,0.0
161815.SZ,20260908,1.12,10300,11536.0,,,0.0
161816.SZ,20260908,,0,0.0,,,0.0
161820.SZ,20260908,1.16,8900,10324.0,,,0.0
161831.SZ,20260908,,0,0.0,,,0.0
161834.SZ,20260908,,0,0.0,,,0.0
161837.SZ,20260908,,0,0.0,,,0.0
161903.SZ,20260908,,0,0.0,,,0.0
161908.SZ,20260908,,0,0.0,,,0.0
161912.SZ,20260908,,0,0.0,,,0.0
161914.SZ,20260908,,0,0.0,,,0.0
162006.SZ,20260908,,0,0.0,,,0.0
162105.SZ,20260908,,0,0.0,,,0.0
162108.SZ,20260908,,0,0.0,,,0.0
162207.SZ,20260908,,0,0.0,,,0.0
162215.SZ,20260908,,0,0.0,,,0.0
162216.SZ,20260908,,0,0.0,,,0.0
162307.SZ,20260908,,0,0.0,,,0.0
162411.SZ,20260908,1.003,484200,485652.6,,,0.0
162412.SZ,20260908,,0,0.0,,,0.0
162414.SZ,20260908,,0,0.0,,,0.0
162415.SZ,20260908,2.811,10600,29796.6,,,0.0
162509.SZ,20260908,,0,0.0,,,0.0
162605.SZ,20260908,1.572,700,1100.4,,,0.0
162607.SZ,20260908,0.484,100,48.4,,,0.0
162703.SZ,20260908,2.339,1290,3017.31,,,0.0
162711.SZ,20260908,,0,0.0,,,0.0
162712.SZ,20260908,,0,0.0,,,0.0
162715.SZ,20260908,1.192,1700,2026.4,,,0.0
162719.SZ,20260908,3.144,57400,180465.6,,,0.0
162720.SZ,20260908,1.365,100,136.5,,,0.0
162721.SZ,20260908,,0,0.0,,,0.0
163001.SZ,20260908,1.396,672,938.112,,,0.0
163003.SZ,20260908,,0,0.0,,,0.0
163005.SZ,20260908,,0,0.0,,,0.0
163109.SZ,20260908,,0,0.0,,,0.0
163110.SZ,20260908,2.384,1200,2860.8,,,0.0
163111.SZ,20260908,,0,0.0,,,0.0
163113.SZ,20260908,,0,0.0,,,0.0
163114.SZ,20260908,,0,0.0,,,0.0
163115.SZ,20260908,,0,0.0,,,0.0
163116.SZ,20260908,,0,0.0,,,0.0
163118.SZ,20260908,,0,0.0,,,0.0
163208.SZ,20260908,1.424,8000,11392.0,,,0.0
163302.SZ,20260908,,0,0.0,,,0.0
163402.SZ,20260908,0.866,29100,25200.6,,,0.0
163406.SZ,20260908,,0,0.0,,,0.0
163407.SZ,20260908,,0,0.0,,,0.0
163409.SZ,20260908,,0,0.0,,,0.0
163412.SZ,20260908,,0,0.0,,,0.0
163415.SZ,20260908,,0,0.0,,,0.0
163417.SZ,20260908,2.076,9000,18684.0,,,0.0
163418.SZ,20260908,,0,0.0,,,0.0
163503.SZ,20260908,,0,0.0,,,0.0
163801.SZ,20260908,,0,0.0,,,0.0
163819.SZ,20260908,,0,0.0,,,0.0
163821.SZ,20260908,,0,0.0,,,0.0
163907.SZ,20260908,,0,0.0,,,0.0
164105.SZ,20260908,,0,0.0,,,0.0
164206.SZ,20260908,,0,0.0,,,0.0
164208.SZ,20260908,,0,0.0,,,0.0
164210.SZ,20260908,1.258,5100,6415.8,,,0.0
164403.SZ,20260908,1.011,11100,11222.1,,,0.0
164508.SZ,20260908,,0,0.0,,,0.0
164509.SZ,20260908,0.73,100,73.0,,,0.0
164606.SZ,20260908,,0,0.0,,,0.0
164701.SZ,20260908,1.715,92000,157780.0,,,0.0
164703.SZ,20260908,,0,0.0,,,0.0
164705.SZ,20260908,,0,0.0,,,0.0
164808.SZ,20260908,,0,0.0,,,0.0
164810.SZ,20260908,,0,0.0,,,0.0
164814.SZ,20260908,1.061,300,318.3,,,0.0
164824.SZ,20260908,1.311,33600,44049.6,,,0.0
164902.SZ,20260908,,0,0.0,,,0.0
164906.SZ,20260908,0.919,107200,98516.8,,,0.0
165309.SZ,20260908,,0,0.0,,,0.0
165311.SZ,20260908,,0,0.0,,,0.0
165313.SZ,20260908,,0,0.0,,,0.0
165508.SZ,20260908,,0,0.0,,,0.0
165509.SZ,20260908,,0,0.0,,,0.0
165511.SZ,20260908,,0,0.0,,,0.0
165512.SZ,20260908,,0,0.0,,,0.0
165513.SZ,20260908,1.037,6300,6533.1,,,0.0
165515.SZ,20260908,,0,0.0,,,0.0
165516.SZ,20260908,,0,0.0,,,0.0
165517.SZ,20260908,,0,0.0,,,0.0
165519.SZ,20260908,,0,0.0,,,0.0
165520.SZ,20260908,,0,0.0,,,0.0
165521.SZ,20260908,,0,0.0,,,0.0
165522.SZ,20260908,,0,0.0,,,0.0
165525.SZ,20260908,,0,0.0,,,0.0
165528.SZ,20260908,,0,0.0,,,0.0
166001.SZ,20260908,,0,0.0,,,0.0
166006.SZ,20260908,,0,0.0,,,0.0
166008.SZ,20260908,,0,0.0,,,0.0
166009.SZ,20260908,,0,0.0,,,0.0
166011.SZ,20260908,1.911,1100,2102.1,,,0.0
166016.SZ,20260908,,0,0.0,,,0.0
166023.SZ,20260908,,0,0.0,,,0.0
166024.SZ,20260908,,0,0.0,,,0.0
166025.SZ,20260908,,0,0.0,,,0.0
166027.SZ,20260908,,0,0.0,,,0.0
166105.SZ,20260908,,0,0.0,,,0.0
166107.SZ,20260908,,0,0.0,,,0.0
166401.SZ,20260908,,0,0.0,,,0.0
167001.SZ,20260908,,0,0.0,,,0.0
167002.SZ,20260908,,0,0.0,,,0.0
167003.SZ,20260908,,0,0.0,,,0.0
167301.SZ,20260908,1.086,138100,149976.6,,,0.0
167302.SZ,20260908,,0,0.0,,,0.0
167501.SZ,20260908,,0,0.0,,,0.0
167506.SZ,20260908,,0,0.0,,,0.0
167508.SZ,20260908,,0,0.0,,,0.0
168101.SZ,20260908,,0,0.0,,,0.0
168102.SZ,20260908,,0,0.0,,,0.0
168103.SZ,20260908,,0,0.0,,,0.0
168104.SZ,20260908,,0,0.0,,,0.0
168105.SZ,20260908,,0,0.0,,,0.0
168203.SZ,20260908,,0,0.0,,,0.0
168204.SZ,20260908,,0,0.0,,,0.0
168301.SZ,20260908,,0,0.0,,,0.0
168401.SZ,20260908,,0,0.0,,,0.0
168701.SZ,20260908,,0,0.0,,,0.0
169101.SZ,20260908,,0,0.0,,,0.0
169104.SZ,20260908,2.928,200,585.6,,,0.0
169105.SZ,20260908,,0,0.0,,,0.0
169106.SZ,20260908,,0,0.0,,,0.0
169201.SZ,20260908,,0,0.0,,,0.0
180101.SZ,20260908,,0,0.0,,,0.0
180102.SZ,20260908,1.016,100,101.6,,,0.0
180103.SZ,20260908,,0,0.0,,,0.0
180105.SZ,20260908,1.224,9400,11505.6,,,0.0
180106.SZ,20260908,,0,0.0,,,0.0
180201.SZ,20260908,6.817,200,1363.4,,,0.0
180202.SZ,20260908,,0,0.0,,,0.0
180203.SZ,20260908,,0,0.0,,,0.0
180301.SZ,20260908,,0,0.0,,,0.0
180302.SZ,20260908,,0,0.0,,,0.0
180303.SZ,20260908,,0,0.0,,,0.0
180305.SZ,20260908,,0,0.0,,,0.0
180306.SZ,20260908,,0,0.0,,,0.0
180401.SZ,20260908,5.49,7900,43371.0,,,0.0
180402.SZ,20260908,,0,0.0,,,0.0
180501.SZ,20260908,,0,0.0,,,0.0
180502.SZ,20260908,,0,0.0,,,0.0
180503.SZ,20260908,,0,0.0,,,0.0
180601.SZ,20260908,,0,0.0,,,0.0
180602.SZ,20260908,,0,0.0,,,0.0
180603.SZ,20260908,,0,0.0,,,0.0
180605.SZ,20260908,,0,0.0,,,0.0
180606.SZ,20260908,,0,0.0,,,0.0
180607.SZ,20260908,,0,0.0,,,0.0
180701.SZ,20260908,,0,0.0,,,0.0
180801.SZ,20260908,,0,0.0,,,0.0
180901.SZ,20260908,,0,0.0,,,0.0
181001.SZ,20260908,2.355,66600,156843.0,,,0.0
200011.SZ,20260908,,0,0.0,,,0.0
200012.SZ,20260908,,0,0.0,,,0.0
200016.SZ,20260908,,0,0.0,,,0.0
200017.SZ,20260908,,0,0.0,,,0.0
200019.SZ,20260908,,0,0.0,,,0.0
200020.SZ,20260908,,0,0.0,,,0.0
200025.SZ,20260908,,0,0.0,,,0.0
200026.SZ,20260908,,0,0.0,,,0.0
200028.SZ,20260908,,0,0.0,,,0.0
200029.SZ,20260908,4.05,2000,8100.0,,,0.0
200030.SZ,20260908,,0,0.0,,,0.0
200037.SZ,20260908,,0,0.0,,,0.0
200045.SZ,20260908,,0,0.0,,,0.0
200055.SZ,20260908,,0,0.0,,,0.0
200056.SZ,20260908,,0,0.0,,,0.0
200058.SZ,20260908,,0,0.0,,,0.0
200429.SZ,20260908,,0,0.0,,,0.0
200468.SZ,20260908,,0,0.0,,,0.0
200488.SZ,20260908,,0,0.0,,,0.0
200505.SZ,20260908,,0,0.0,,,0.0
200512.SZ,20260908,,0,0.0,,,0.0
200521.SZ,20260908,2.95,10000,29500.0,,,0.0
200530.SZ,20260908,,0,0.0,,,0.0
200539.SZ,20260908,,0,0.0,,,0.0
200541.SZ,20260908,,0,0.0,,,0.0
200550.SZ,20260908,,0,0.0,,,0.0
200553.SZ,20260908,,0,0.0,,,0.0
200570.SZ,20260908,,0,0.0,,,0.0
200581.SZ,20260908,12.82,100,1282.0,,,0.0
200596.SZ,20260908,,0,0.0,,,0.0
200625.SZ,20260908,3.3,8554,28228.2,,,0.0
200706.SZ,20260908,,0,0.0,,,0.0
200725.SZ,20260908,,0,0.0,,,0.0
200726.SZ,20260908,,0,0.0,,,0.0
200761.SZ,20260908,,0,0.0,,,0.0
200869.SZ,20260908,,0,0.0,,,0.0
200992.SZ,20260908,,0,0.0,,,0.0
201872.SZ,20260908,,0,0.0,,,0.0
300001.SZ,20260908,34.08,22400,763392.0,0.4716981132075304,2.276327272604287,47.83018867924518
300002.SZ,20260908,8.33,84500,703885.0,-0.23952095808382756,1.7863593822829054,43.562874251497036
300003.SZ,20260908,11.67,23200,270744.0,0.0,2.212131849517881,45.0
300004.SZ,20260908,9.23,164400,1517412.0,0.5446623093682046,5.74605480597845,48.267973856209224
300005.SZ,20260908,10.8,74700,806760.0,-0.4608294930875445,2.3325070477038286,42.23502304147473
300006.SZ,20260908,5.36,38400,205824.0,-0.18621973929235924,1.199565706649477,43.88268156424584
300007.SZ,20260908,31.0,6800,210800.0,-0.06447453255963298,1.426370379484024,44.613152804642205
300008.SZ,20260908,6.34,129400,820396.0,-0.6269592476489061,2.6490229983298343,41.23824451410656
300009.SZ,20260908,8.28,39000,322920.0,0.0,1.864943136256888,45.0
300010.SZ,20260908,4.52,1389300,6279636.0,2.0316027088036037,5.82956607325182,57.18961625282162
300011.SZ,20260908,6.07,2100,12747.0,0.16501650165017256,0.5755408806502406,45.99009900990104
300012.SZ,20260908,14.84,60000,890400.0,0.13495276653170407,4.025513111110941,45.809716599190224
300013.SZ,20260908,4.19,41900,175561.0,-0.23809523809523725,3.4772667504056765,43.57142857142858
300014.SZ,20260908,51.27,103600,5311572.0,0.588581518540332,4.399833984879852,48.531489111241996
300015.SZ,20260908,8.28,47257,391287.96,0.0,1.2483431330908674,45.0
300016.SZ,20260908,8.49,33700,286113.0,0.0,1.1461970941078123,45.0
300017.SZ,20260908,15.7,513700,8065090.0,-0.443880786303108,5.2076989197092916,42.33671528218135
300018.SZ,20260908,11.87,2600,30862.0,0.0843170320404596,0.5340195453922167,45.50590219224276
300019.SZ,20260908,14.32,4600,65872.0,0.42075736325386526,1.675190981804456,47.52454417952319
300020.SZ,20260908,4.01,114780,460267.8,0.5012531328320691,3.0506969995951807,48.007518796992414
300021.SZ,20260908,4.19,127300,533387.0,0.23923444976077235,2.1849653578268424,46.435406698564634
300022.SZ,20260908,8.18,9600,78528.0,0.0,1.3233840004748327,45.0
300024.SZ,20260908,14.37,51700,742929.0,0.0,3.348532537676232,45.0
300025.SZ,20260908,6.0,21800,130800.0,0.0,1.498119190385694,45.0
300026.SZ,20260908,3.29,48700,160223.0,0.0,0.6501383438261313,45.0
300027.SZ,20260908,1.8,76400,137520.0,0.0,3.0283233300556365,45.0
300030.SZ,20260908,6.82,9500,64790.0,0.0,1.7619376647720373,45.0
300031.SZ,20260908,20.75,27800,576850.0,-0.19240019240018835,2.4654990172765605,43.84559884559887
300032.SZ,20260908,3.85,5800,22330.0,-0.5167958656330796,0.26595577747359805,41.899224806201524
300033.SZ,20260908,216.88,37700,8176376.0,-0.013830620994881304,4.326336078261893,44.917016274030715
300034.SZ,20260908,16.14,62700,1011978.0,0.3731343283582156,5.119109991370374,47.23880597014929
300035.SZ,20260908,12.73,15500,197315.0,-0.23510971786833146,1.9915290016419696,43.589341692790015
300036.SZ,20260908,10.5,8900,93450.0,0.09532888465204614,1.1740950974563007,45.57197330791227
300037.SZ,20260908,68.58,59400,4073652.0,0.6605019815059565,4.413008248241288,48.96301188903574
300039.SZ,20260908,5.39,95000,512050.0,-0.3696857670979714,4.329473060922782,42.78188539741217
300040.SZ,20260908,5.64,29400,165816.0,-0.35335689045937757,1.925511888003749,42.87985865724374
300041.SZ,20260908,10.87,52000,565240.0,-0.09191176470589868,4.201312371402034,44.44852941176461
300042.SZ,20260908,38.61,22800,880308.0,0.0,2.295222319669595,45.0
300043.SZ,20260908,4.74,280300,1328622.0,-0.21052631578947212,7.809854844722864,43.736842105263165
300044.SZ,20260908,6.08,27800,169024.0,0.33003300330034513,1.5365529030499152,46.980198019802074
300045.SZ,20260908,12.02,30200,363004.0,0.08326394671107629,2.6797716218842815,45.499583680266454
300046.SZ,20260908,24.32,7400,179968.0,-0.5316973415132931,1.725785557176022,41.80981595092024
300047.SZ,20260908,9.38,13500,126630.0,0.0,1.434157412557666,45.0
300048.SZ,20260908,5.08,45500,231140.0,-0.19646365422396617,6.227012466492966,43.8212180746562
300049.SZ,20260908,40.77,482467,19670179.59,-0.6094588005850832,25.514209828284226,41.3432471964895
300050.SZ,20260908,7.05,92200,650010.0,-0.7042253521126751,4.46541836740386,40.77464788732395
300051.SZ,20260908,8.21,9300,76353.0,0.12195121951221743,0.9769796739877215,45.7317073170733
300052.SZ,20260908,11.47,103100,1182557.0,0.0,6.315514317339429,45.0
300053.SZ,20260908,12.04,20700,249228.0,-0.24855012427507095,2.242120615159356,43.50869925434957
300054.SZ,20260908,68.82,77300,5319786.0,0.540540540540535,4.294411873079685,48.243243243243214
300055.SZ,20260908,5.97,130800,780876.0,-0.33388981636061077,5.841135625193034,42.99666110183634
300056.SZ,20260908,8.6,1100,9460.0,-0.23201856148491462,0.1268587726877729,21.442467714889638
300057.SZ,20260908,6.42,27119,174103.98,-0.46511627906976605,1.7509500043811268,42.209302325581405
300058.SZ,20260908,14.01,1230800,17243508.0,-1.6151685393258508,4.238867529723566,35.3089887640449
300059.SZ,20260908,18.98,487800,9258444.0,-0.05265929436544248,3.4647030590495893,44.68404423380734
300061.SZ,20260908,6.51,498600,3245886.0,0.7739938080495223,5.283396769678178,49.643962848297136
300062.SZ,20260908,6.3,49500,311850.0,-0.15847860538826808,3.593915605637369,44.04912836767039
300063.SZ,20260908,9.58,256000,2452480.0,0.7360672975814886,3.505174182532983,49.41640378548893
300065.SZ,20260908,15.49,48200,746618.0,0.0,2.2676423059560387,45.0
300066.SZ,20260908,4.89,8000,39120.0,0.2049180327868827,0.6254247522564258,46.2295081967213
300067.SZ,20260908,5.48,162400,889952.0,0.0,5.815497067910338,45.0
300068.SZ,20260908,4.15,435000,1805250.0,-0.7177033492822837,18.741463133123457,40.6937799043063
300069.SZ,20260908,25.3,22900,579370.0,-0.15785319652722452,5.236325178676706,44.052880820836656
300070.SZ,20260908,3.46,37600,130096.0,0.0,0.7546813593131115,45.0
300071.SZ,20260908,4.4,137600,605440.0,-0.6772009029345272,1.4302260467069778,40.936794582392835
300072.SZ,20260908,3.62,8800,31856.0,0.0,0.18155255605020867,32.67946008903756
300073.SZ,20260908,38.52,4900,188748.0,-0.025953802232026035,0.46231060791038764,44.84427718660784
300074.SZ,20260908,3.84,67000,257280.0,0.0,6.080897348340664,45.0
300075.SZ,20260908,10.88,17300,188224.0,0.09199632014720294,2.5736394838315357,45.55197792088322
300076.SZ,20260908,4.54,200,908.0,0.4424778761062065,0.04078353617153807,9.995903767514092
300077.SZ,20260908,20.01,60200,1204602.0,-0.5467196819085474,2.491305697556224,41.719681908548715
300078.SZ,20260908,2.87,75500,216685.0,0.34965034965035446,2.2314442382686726,47.09790209790213
300079.SZ,20260908,4.97,98600,490042.0,0.20161290322580072,2.8461191317214,46.209677419354804
300080.SZ,20260908,3.77,98300,370591.0,0.5333333333333412,5.882002171060681,48.200000000000045
300081.SZ,20260908,3.55,39800,141290.0,0.28248587570620654,2.530381456840305,46.69491525423724
300082.SZ,20260908,8.49,12100,102729.0,0.23612750885477762,1.9594031144921265,46.416765053128664
300083.SZ,20260908,12.8,89700,1148160.0,-0.5439005439005329,1.767769642082052,41.7365967365968
300084.SZ,20260908,11.37,153300,1743021.0,1.3368983957219083,12.015550348661659,53.021390374331446
300085.SZ,20260908,32.7,753901,24652562.7,3.382864369269689,18.637510520586822,65.29718621561813
300086.SZ,20260908,6.68,19800,132264.0,0.7541478129713397,1.3276036578319386,49.52488687782804
300087.SZ,20260908,6.2,91400,566680.0,0.0,2.617330176117241,45.0
300088.SZ,20260908,6.9,128300,885270.0,-0.14471780028942893,1.9175995636590668,44.13169319826343
300091.SZ,20260908,2.49,79300,197457.0,0.0,20.770473627850908,45.0
300092.SZ,20260908,11.79,8100,95499.0,-0.16934801016089684,3.1613898820428394,43.98391193903462
300093.SZ,20260908,23.81,14500,345245.0,-0.501462599247815,3.2780326673005584,41.99122440451311
300094.SZ,20260908,3.3,1689000,5573700.0,-0.9009009009009028,11.2387758170791,39.59459459459458
300095.SZ,20260908,8.62,6700,57754.0,0.4662004662004504,1.4400321148554893,47.7972027972027
300096.SZ,20260908,9.33,136500,1273545.0,-1.7894736842105297,13.933393866493423,34.26315789473682
300097.SZ,20260908,9.97,10200,101694.0,-0.499001996007975,0.8246102784739902,42.00598802395215
300098.SZ,20260908,4.46,69900,311754.0,-0.22371364653243075,2.2642029052663397,43.65771812080541
300099.SZ,20260908,6.18,418600,2586948.0,1.477832512315258,11.51382046375052,53.866995073891545
300100.SZ,20260908,21.15,2900,61335.0,-0.04725897920605515,0.774931835512468,44.71644612476367
300101.SZ,20260908,14.4,2800,40320.0,-0.20790020790020236,0.5046128802228923,43.752598752598786
300102.SZ,20260908,17.74,20400,361896.0,0.0,1.2710486751670484,45.0
300103.SZ,20260908,8.76,28700,251412.0,1.2716763005780285,3.953500902873449,52.63005780346817
300105.SZ,20260908,7.44,3800,28272.0,-0.13422818791946067,0.34648493933575936,44.19463087248324
300106.SZ,20260908,11.78,32400,381672.0,-0.5067567567567655,1.5829649376711177,41.95945945945941
300107.SZ,20260908,6.94,7300,50662.0,-0.43041606886655703,0.9698470713007553,42.417503586800656
300109.SZ,20260908,13.76,11600,159616.0,-0.3620564808110127,1.1879609718670456,42.82766111513392
300110.SZ,20260908,2.83,41400,117162.0,-0.35211267605632646,1.834644960782462,42.88732394366204
300111.SZ,20260908,3.13,36500,114245.0,0.0,1.120582460803596,45.0
300112.SZ,20260908,10.7,874477,9356903.9,1.42180094786728,16.135537308551285,53.53080568720368
300113.SZ,20260908,17.27,33800,583726.0,-0.23108030040438488,2.3238675832592013,43.61351819757369
300115.SZ,20260908,24.44,202300,4944212.0,-0.48859934853419107,7.422685806396522,42.068403908794856
300118.SZ,20260908,9.47,40900,387323.0,0.2116402116402183,2.1605846161099422,46.26984126984131
300119.SZ,20260908,18.25,10700,195275.0,0.38503850385038785,2.0664165047837053,47.310231023102325
300120.SZ,20260908,7.45,43000,320350.0,-0.930851063829774,1.8785155904714277,39.414893617021356
300121.SZ,20260908,9.7,4200,40740.0,0.41407867494822614,0.47007577811696627,47.48447204968936
300122.SZ,20260908,13.26,63200,838032.0,-0.1506024096385561,1.9375715739628296,44.09638554216866
300123.SZ,20260908,4.85,779200,3779120.0,2.320675105485215,18.224662568543867,58.92405063291129
300124.SZ,20260908,58.61,59000,3457990.0,-0.4923599320882821,1.9828270701242194,42.04584040747031
300125.SZ,20260908,9.21,28100,258801.0,-0.10845986984815426,5.786718423937606,44.349240780911074
300126.SZ,20260908,6.65,31600,210140.0,-0.2998500749625155,9.8211645113758,43.200899550224904
300127.SZ,20260908,24.54,4500,110430.0,-0.24390243902440156,1.3454657376985413,43.53658536585359
300128.SZ,20260908,5.23,200400,1048092.0,-0.7590132827324347,7.733965166357611,40.44592030360539
300129.SZ,20260908,7.38,2700,19926.0,0.13568521031206426,0.2919522141418707,45.814111261872384
300130.SZ,20260908,19.51,59000,1151090.0,-0.40837161817253165,6.282526108264477,42.54977029096481
300131.SZ,20260908,15.57,363200,5655024.0,-1.828499369482972,6.668454740458181,34.02900378310217
300132.SZ,20260908,6.42,3900,25038.0,-0.15552099533436836,0.2251004193036978,39.5849495026594
300133.SZ,20260908,7.7,643400,4954180.0,0.0,7.814510046487446,45.0
300134.SZ,20260908,8.81,56900,501289.0,1.148105625717566,3.2877592656006462,51.888633754305395
300135.SZ,20260908,3.52,43700,153824.0,0.2849002849002913,2.2986185604901266,46.709401709401746
300136.SZ,20260908,57.1,70800,4042680.0,-0.3316460115203257,2.209125141827288,43.010123930878045
300137.SZ,20260908,11.21,200,2242.0,0.0,0.01391105744779715,2.5039903406034867
300138.SZ,20260908,12.0,26900,322800.0,0.6711409395973256,1.7553335030880763,49.02684563758395
300139.SZ,20260908,50.5,160268,8093534.0,0.7984031936127733,5.7262068017539995,49.79041916167664
300140.SZ,20260908,5.45,12800,69760.0,0.36832412523020164,1.1305635789753357,47.20994475138121
300141.SZ,20260908,10.46,5300,55438.0,0.5769230769230749,1.2806495511443214,48.46153846153845
300142.SZ,20260908,13.01,171300,2228613.0,-0.3828483920367609,1.8536694578308903,42.702909647779435
300143.SZ,20260908,7.56,27100,204876.0,-0.26385224274406704,4.835525766339411,43.4168865435356
300144.SZ,20260908,6.16,129900,800184.0,-0.16207455429497752,3.3502789933795105,44.02755267423014
300145.SZ,20260908,4.87,438700,2136469.0,-0.4089979550102152,5.136015760291483,42.54601226993871
300146.SZ,20260908,9.82,12600,123732.0,-0.10172939979653517,1.34279519477868,44.38962360122079
300147.SZ,20260908,6.36,19300,122748.0,0.0,2.3663132670425817,45.0
300148.SZ,20260908,3.67,86100,315987.0,-0.27173913043478937,1.608484771253363,43.36956521739126
300149.SZ,20260908,9.07,143300,1299731.0,0.8898776418242438,4.918405151542969,50.339265850945466
300150.SZ,20260908,4.28,3200,13696.0,0.0,0.6718601360342041,45.0
300151.SZ,20260908,16.17,25000,404250.0,0.18587360594797264,2.3645121532123614,46.11524163568784
300152.SZ,20260908,1.73,245800,425234.0,0.0,17.019865341683502,45.0
300153.SZ,20260908,25.78,460500,11871690.0,1.4960629921259905,18.455461013475105,53.97637795275594
300154.SZ,20260908,12.63,53600,676968.0,1.6090104585679832,5.777876179859466,54.6540627514079
300155.SZ,20260908,4.57,26800,122476.0,0.21929824561404132,3.1352710647856776,46.31578947368425
300157.SZ,20260908,4.05,17300,70065.0,-0.49140049140050657,0.37277367209063766,42.05159705159696
300158.SZ,20260908,5.36,27300,146328.0,0.0,1.1338870571683557,45.0
300159.SZ,20260908,3.05,324500,989725.0,-0.326797385620925,9.69800344469006,43.03921568627445
300160.SZ,20260908,4.47,7800,34866.0,-0.666666666666671,1.131541193116818,40.99999999999997
300161.SZ,20260908,26.65,9700,258505.0,-0.8925251022685043,4.171804261245369,39.64484938638898
300162.SZ,20260908,7.72,42300,326556.0,0.0,2.994858237910799,45.0
300163.SZ,20260908,7.74,249200,1928808.0,1.708278580814726,4.96694158024409,55.24967148488835
300164.SZ,20260908,10.34,573200,5926888.0,-0.8628954937679789,3.698080903378385,39.822627037392124
300165.SZ,20260908,5.28,33800,178464.0,-0.1890359168241873,2.929953773241437,43.865784499054875
300166.SZ,20260908,12.77,61300,782801.0,0.3142183817753219,2.2264326620409736,46.88531029065193
300167.SZ,20260908,4.08,1400,5712.0,0.0,0.4314995910121173,45.0
300168.SZ,20260908,4.94,9400,46436.0,0.20283975659229903,0.6088056163901352,46.2170385395538
300169.SZ,20260908,5.77,100400,579308.0,0.8741258741258751,14.935293149484725,50.244755244755254
300170.SZ,20260908,16.39,115000,1884850.0,-0.4857316332726014,3.097621747945902,42.08561020036439
300171.SZ,20260908,13.77,23200,319464.0,0.07267441860465684,2.040644304771176,45.43604651162794
300172.SZ,20260908,4.7,35700,167790.0,0.2132196162046851,2.8020534223684153,46.27931769722811
300173.SZ,20260908,3.37,61600,207592.0,0.29761904761904656,11.55425981473709,46.78571428571428
300174.SZ,20260908,18.98,91500,1736670.0,0.7966011683483876,6.209824694609645,49.779607010090324
300175.SZ,20260908,6.12,11900,72828.0,0.0,1.2172592479060076,45.0
300176.SZ,20260908,4.5,42580,191610.0,0.0,3.021684377296926,45.0
300177.SZ,20260908,6.31,3000,18930.0,-0.15822784810127777,0.1877796769230363,32.850974757538864
300179.SZ,20260908,38.99,464900,18126451.0,1.0365379632028882,6.883106374843888,51.21922777921733
300180.SZ,20260908,4.69,242200,1135918.0,0.21367521367523512,4.756831376999707,46.28205128205141
300181.SZ,20260908,13.47,52800,711216.0,0.522388059701484,5.113922412905357,48.134328358208904
300182.SZ,20260908,5.36,1066100,5714296.0,0.18691588785046953,6.8763719840716355,46.12149532710282
300183.SZ,20260908,10.62,2400,25488.0,0.0,1.0352071145307533,45.0
300184.SZ,20260908,12.0,153800,1845600.0,0.25062656641603454,4.312805927765943,46.50375939849621
300185.SZ,20260908,2.71,30600,82926.0,0.0,0.45037447068209596,45.0
300187.SZ,20260908,4.75,5400,25650.0,0.21097046413500742,0.8721710020806925,46.26582278481004
300188.SZ,20260908,10.36,3200,33152.0,0.2904162633107443,0.5454882750741596,46.74249757986446
300189.SZ,20260908,7.77,5611300,43599801.0,0.6476683937823857,13.887896121163175,48.886010362694314
300190.SZ,20260908,4.15,312200,1295630.0,-0.47961630695442237,13.725563029056573,42.12230215827346
300191.SZ,20260908,36.46,48800,1779248.0,-0.7080610021786393,2.684250167466392,40.75163398692816
300192.SZ,20260908,18.5,26700,493950.0,0.0,1.8525485864761746,45.0
300193.SZ,20260908,8.03,4000,32120.0,0.12468827930174342,0.9583543077766554,45.74812967581046
300194.SZ,20260908,3.93,3000,11790.0,0.5115089514066584,0.15386144964381954,30.76411464432747
300195.SZ,20260908,6.28,28000,175840.0,-0.31746031746030523,4.030219957092735,43.095238095238166
300196.SZ,20260908,16.85,24100,406085.0,-0.11855364552459946,2.1589474513733182,44.2886781268524
300197.SZ,20260908,2.06,1144100,2356846.0,1.4778325123152802,5.8802259045776575,53.86699507389168
300198.SZ,20260908,2.44,400,976.0,0.411522633744843,0.06783068335556305,14.678658806470407
300199.SZ,20260908,23.51,192600,4528026.0,0.34144259496373675,5.840638217690635,47.04865556978242
300200.SZ,20260908,8.61,1700,14637.0,0.34965034965033226,0.30257527716097976,47.097902097901994
300201.SZ,20260908,13.25,55300,732725.0,-0.3009781790820121,2.731385353542119,43.19413092550793
300203.SZ,20260908,12.55,300,3765.0,-0.15910898965790787,0.09962957907733323,16.978670295972535
300204.SZ,20260908,21.2,31600,669920.0,-0.14130946773434072,2.178909083834603,44.15214319359396
300205.SZ,20260908,5.05,33900,171195.0,0.5976095617529875,18.52147769789917,48.58565737051792
300206.SZ,20260908,11.75,5100,59925.0,0.08517887563883608,1.335505711384613,45.51107325383302
300207.SZ,20260908,17.25,278100,4797225.0,0.5830903790087438,6.879317564614678,48.49854227405246
300209.SZ,20260908,35.86,618300,22172238.0,-0.13923698134223894,7.900295216489063,44.16457811194657
300210.SZ,20260908,8.08,5700,46056.0,-0.36991368680640013,1.1513128145344937,42.7805178791616
300211.SZ,20260908,7.45,21100,157195.0,-0.6666666666666599,15.054650502642119,41.00000000000004
300212.SZ,20260908,8.22,13500,110970.0,0.4889975550122383,2.371306746796825,47.933985330073426
300213.SZ,20260908,6.52,2800,18256.0,0.3076923076922977,0.31535800751780596,46.84615384615378
300214.SZ,20260908,11.22,192500,2159850.0,-0.5319148936170137,7.632753654700325,41.80851063829792
300215.SZ,20260908,6.53,9200,60076.0,-0.60882800608828,0.7325255538947177,41.34703196347032
300217.SZ,20260908,4.17,46500,193905.0,-0.23923444976076125,2.957039051474653,43.56459330143543
300218.SZ,20260908,13.0,16000,208000.0,0.5413766434648082,10.737007833369898,48.24825986078885
300219.SZ,20260908,6.97,82200,572934.0,0.4322766570605152,6.738001588516916,47.59365994236309
300220.SZ,20260908,11.64,5200,60528.0,0.0,2.6930780046698173,45.0
300221.SZ,20260908,13.58,82000,1113560.0,-0.7309941520467822,4.216646869907336,40.61403508771931
300222.SZ,20260908,10.26,118100,1211706.0,0.0,9.145232409492573,45.0
300223.SZ,20260908,135.0,78000,10530000.0,0.8968609865470656,3.452446672176026,50.381165919282395
300224.SZ,20260908,12.19,103300,1259227.0,-0.16380016380017626,5.9022091631557485,44.01719901719894
300225.SZ,20260908,8.12,313000,2541560.0,0.12330456226881115,13.897199360386535,45.73982737361287
300226.SZ,20260908,17.2,21300,366360.0,0.5847953216374213,2.0145892707937016,48.508771929824526
300227.SZ,20260908,13.57,35600,483092.0,0.0,1.3363301782463728,45.0
300228.SZ,20260908,6.91,1900,13129.0,0.0,0.20744028203662274,37.339250766592095
300229.SZ,20260908,13.66,61400,838724.0,-0.0731528895391298,2.8368649907702452,44.56108266276522
300230.SZ,20260908,4.4,15800,69520.0,0.2277904328018332,2.7849763137183645,46.366742596811
300231.SZ,20260908,8.39,13200,110748.0,0.0,1.8186058412736823,45.0
300232.SZ,20260908,5.55,4400,24420.0,0.0,0.37724698546753777,45.0
300233.SZ,20260908,13.24,25200,333648.0,0.6079027355623046,1.736625332671705,48.647416413373826
300234.SZ,20260908,10.54,47000,495380.0,0.0,4.329632986808401,45.0
300235.SZ,20260908,11.46,19900,228054.0,-0.3478260869565153,5.658149673607651,42.91304347826091
300236.SZ,20260908,83.81,18900,1584009.0,0.0716417910447742,3.9494907508386006,45.42985074626864
300237.SZ,20260908,2.3,218200,501860.0,-0.43290043290044045,8.467289905499976,42.40259740259736
300238.SZ,20260908,11.55,6700,77385.0,-0.17286084701814142,2.058828842589133,43.96283491789115
300239.SZ,20260908,5.13,14700,75411.0,0.0,1.651005587359464,45.0
300240.SZ,20260908,6.14,18100,111134.0,-0.6472491909385147,2.829443827846081,41.11650485436891
300241.SZ,20260908,5.84,6800,39712.0,0.17152658662091813,0.5712764650418176,46.02915951972551
300242.SZ,20260908,4.15,12400,51460.0,-0.47961630695442237,0.823593004344045,42.12230215827346
300243.SZ,20260908,15.84,45100,714384.0,-0.06309148264984632,3.364758159473515,44.62145110410092
300244.SZ,20260908,18.0,96400,1735200.0,-0.05552470849529145,3.811235019406778,44.666851749028254
300245.SZ,20260908,6.04,14300,86372.0,-0.49423393739703725,4.498697715243664,42.034596375617774
300246.SZ,20260908,15.28,12900,197112.0,1.1250827266710672,1.6275512286822358,51.7504963600264
300247.SZ,20260908,3.75,2100,7875.0,-0.26595744680850686,0.1600408878760368,27.211615136835583
300248.SZ,20260908,8.74,17100,149454.0,-0.22831050228310223,2.6766481168675478,43.63013698630139
300249.SZ,20260908,13.47,25600,344832.0,-0.5169867060561217,2.017327803801349,41.89807976366327
300250.SZ,20260908,16.1,11300,181930.0,0.4993757802746579,2.191375402131464,47.99625468164795
300251.SZ,20260908,11.66,129000,1504140.0,0.0,2.566773208221668,45.0
300252.SZ,20260908,12.23,185000,2262550.0,0.3281378178835226,4.0743660998541085,46.968826907301136
300253.SZ,20260908,6.95,83100,577545.0,0.0,1.8360146727559528,45.0
300254.SZ,20260908,8.7,15100,131370.0,0.0,1.1520067515645747,45.0
300255.SZ,20260908,23.4,35800,837720.0,-0.5102040816326592,2.1155864078718163,41.938775510204046
300256.SZ,20260908,2.87,51500,147805.0,-0.3472222222222099,2.801051173549572,42.91666666666674
300257.SZ,20260908,17.73,8600,152478.0,-0.3372681281618828,1.1444638553104132,42.9763912310287
300258.SZ,20260908,9.54,1900,18126.0,0.0,0.272869233744676,45.0
300259.SZ,20260908,4.48,244500,1095360.0,-0.6651884700665023,9.38185691122383,41.008869179600985
300260.SZ,20260908,55.53,25200,1399356.0,0.0,2.1776308614316764,45.0
300261.SZ,20260908,4.93,31300,154309.0,0.0,0.44837402246436137,45.0
300263.SZ,20260908,9.97,48200,480554.0,0.0,1.690378381994295,45.0
300264.SZ,20260908,6.35,77200,490220.0,0.9538950715421324,1.9878895497773361,50.723370429252796
300265.SZ,20260908,13.75,15700,215875.0,0.0,1.3488189937707211,45.0
300266.SZ,20260908,2.05,340100,697205.0,1.4851485148514865,6.587693400138541,53.910891089108915
300267.SZ,20260908,3.26,28700,93562.0,0.3076923076922977,0.859521688609831,46.84615384615378
300268.SZ,20260908,13.06,26400,344784.0,0.07662835249042654,6.801810525552429,45.45977011494256
300269.SZ,20260908,5.06,7900,39974.0,0.3968253968253954,1.0338411773582161,47.38095238095237
300270.SZ,20260908,10.94,11600,126904.0,0.0,1.6850783223352575,45.0
300271.SZ,20260908,5.77,6300,36351.0,-0.17301038062285112,0.7522821763735071,43.961937716262895
300272.SZ,20260908,5.82,20600,119892.0,-0.3424657534246478,3.0862548138748327,42.94520547945211
300274.SZ,20260908,88.5,193980,17167230.0,-0.28169014084507005,4.8025026718979555,43.30985915492958
300275.SZ,20260908,9.06,25100,227406.0,-0.3300330033003229,6.7986106446033965,43.01980198019806
300276.SZ,20260908,6.3,27300,171990.0,0.0,1.7470022994144012,45.0
300277.SZ,20260908,12.91,85300,1101223.0,0.38880248833592645,4.01939601673089,47.33281493001556
300278.SZ,20260908,3.61,4400,15884.0,-0.5509641873278293,0.3346811180473232,41.69421487603302
300279.SZ,20260908,5.78,5500,31790.0,-0.34482758620688614,0.6246518509098489,42.93103448275868
300281.SZ,20260908,6.75,4000,27000.0,0.0,0.8665004290942218,45.0
300283.SZ,20260908,13.0,29800,387400.0,-0.5355776587605221,1.281862700836084,41.78653404743687
300284.SZ,20260908,5.17,46100,238337.0,0.0,3.4273536423934408,45.0
300285.SZ,20260908,62.25,451200,28087200.0,0.0,7.983779308007883,45.0
300286.SZ,20260908,20.2,10700,216140.0,0.09910802775023875,2.8202437761099097,45.59464816650143
300287.SZ,20260908,3.72,780500,2903460.0,-0.7999999999999896,24.878218837008465,40.20000000000006
300288.SZ,20260908,9.99,5500,54945.0,-0.5970149253731405,1.4254402150864627,41.41791044776116
300289.SZ,20260908,5.91,2400,14184.0,0.0,0.5331227904242216,45.0
300290.SZ,20260908,5.5,118300,650650.0,1.6635859519408491,2.538311747071976,54.981515711645095
300291.SZ,20260908,5.47,76900,420643.0,-0.36429872495447047,1.3216505585998064,42.814207650273175
300292.SZ,20260908,4.3,40800,175440.0,0.4672897196261516,0.8686536710283155,47.80373831775691
300293.SZ,20260908,14.86,500,7430.0,-0.06724949562878502,0.19164075905422628,34.09183965598802
300294.SZ,20260908,14.56,7600,110656.0,0.0,0.8780162601643176,45.0
300295.SZ,20260908,12.1,3000,36300.0,0.0,1.502621888920726,45.0
300296.SZ,20260908,5.07,106700,540969.0,0.19762845849804478,2.880933644446588,46.18577075098827
300298.SZ,20260908,15.77,8400,132468.0,-0.1266624445851794,2.7962331530055513,44.240025332488926
300299.SZ,20260908,5.71,64600,368866.0,-0.5226480836237002,1.8342035866878357,41.8641114982578
300300.SZ,20260908,8.82,1944900,17154018.0,0.2272727272727204,17.819477175085705,46.363636363636324
300301.SZ,20260908,3.49,6000,20940.0,0.287356321839094,0.9818833610720853,46.72413793103456
300302.SZ,20260908,27.85,56300,1567955.0,-0.6067094932191264,2.9893512201427535,41.359743040685245
300303.SZ,20260908,6.89,224500,1546805.0,0.29112081513826826,7.2701898768153,46.74672489082961
300304.SZ,20260908,11.7,46800,547560.0,-1.0152284263959421,2.090154012975543,38.90862944162435
300305.SZ,20260908,6.25,43600,272500.0,-0.15974440894568342,7.062771973417541,44.0415335463259
300306.SZ,20260908,10.65,49400,526110.0,2.011494252873569,22.035574231709816,57.068965517241416
300307.SZ,20260908,7.58,177400,1344692.0,1.744966442953011,9.768600264363274,55.469798657718066
300308.SZ,20260908,899.2,277926,249911059.2,0.08236315473142408,9.530291314566496,45.49417892838854
300310.SZ,20260908,4.47,22900,102363.0,0.44943820224718767,1.406651544577849,47.69662921348313
300311.SZ,20260908,5.75,233600,1343200.0,1.4109347442680775,7.425399853695443,53.46560846560847
300313.SZ,20260908,15.0,811100,12166500.0,-4.761904761904767,20.20277229888938,16.428571428571395
300314.SZ,20260908,11.55,2700,31185.0,0.0,0.48641490053942216,45.0
300315.SZ,20260908,4.35,6531300,28411155.0,-2.684563758389269,33.2001161096625,28.892617449664385
300316.SZ,20260908,41.18,27300,1124214.0,-0.16969696969697523,2.7395415086059773,43.98181818181815
300317.SZ,20260908,4.12,48400,199408.0,0.0,1.5709087751254083,45.0
300318.SZ,20260908,5.08,4200,21336.0,0.0,0.5733793211175132,45.0
300319.SZ,20260908,19.41,947200,18385152.0,-0.20565552699228773,7.462570953415833,43.76606683804627
300320.SZ,20260908,8.25,4500,37125.0,0.2430133657351119,1.0062556440099817,46.45808019441067
300321.SZ,20260908,33.24,8400,279216.0,0.757805395574418,3.021050013480701,49.546832373446506
300322.SZ,20260908,18.56,141000,2616960.0,1.5873015873015817,3.699086897949323,54.52380952380949
300323.SZ,20260908,11.04,166400,1837056.0,0.5464480874316724,1.4773715870254482,48.27868852459004
300324.SZ,20260908,3.54,30600,108324.0,-0.28169014084505895,1.6190500113485207,43.30985915492965
300326.SZ,20260908,6.27,4200,26334.0,0.15974440894568342,0.8527809145468122,45.9584664536741
300327.SZ,20260908,24.52,15700,384964.0,-0.365704997968308,1.9586078665491062,42.80577001219015
300328.SZ,20260908,15.54,172003,2672926.62,-0.38461538461538325,3.57135692907443,42.6923076923077
300329.SZ,20260908,12.33,2400,29592.0,0.4889975550122383,1.7092941831492081,47.933985330073426
300331.SZ,20260908,47.8,8900,425420.0,-1.2396694214876103,0.893027191495143,37.56198347107434
300332.SZ,20260908,4.95,39600,196020.0,-0.4024144869215207,1.1355704654988292,42.585513078470875
300333.SZ,20260908,11.92,175900,2096728.0,-0.8319467554076532,7.000448337521199,40.00831946755408
300334.SZ,20260908,8.44,80500,679420.0,-0.9389671361502372,7.376624804702713,39.36619718309858
300335.SZ,20260908,5.6,7100,39760.0,0.0,0.8707981915661762,45.0
300337.SZ,20260908,9.83,31500,309645.0,0.3061224489795844,2.816712676307612,46.8367346938775
300338.SZ,20260908,3.12,107200,334464.0,0.0,15.462820834900972,45.0
300339.SZ,20260908,35.33,138000,4875540.0,0.0,9.722425010043867,45.0
300340.SZ,20260908,8.91,18100,161271.0,-0.5580357142857206,5.971960613432791,41.65178571428568
300341.SZ,20260908,12.94,6400,82816.0,0.31007751937983663,1.5045357530895795,46.860465116279016
300342.SZ,20260908,32.5,19200,624000.0,0.0,2.2747307032689084,45.0
300343.SZ,20260908,5.63,64300,362009.0,0.1779359430605032,5.7545781332813215,46.06761565836302
300345.SZ,20260908,7.71,55900,430989.0,0.390625,1.9251027821187745,47.34375
300346.SZ,20260908,52.36,116600,6105176.0,0.8086253369272267,5.665063259748372,49.85175202156336
300347.SZ,20260908,49.27,13200,650364.0,0.020300446609833322,0.5343591839944427,45.121802679659
300348.SZ,20260908,10.08,41100,414288.0,-0.29673590504450953,2.3319449289259464,43.219584569732945
300349.SZ,20260908,10.28,1900,19532.0,-0.09718172983479434,0.44548307373011725,44.416909620991234
300350.SZ,20260908,4.55,64800,294840.0,0.0,5.4760383021057,45.0
300351.SZ,20260908,14.82,27400,406068.0,0.0,3.8798497847612468,45.0
300352.SZ,20260908,2.63,20200,53126.0,-0.37878787878788955,1.3458854390198198,42.72727272727266
300353.SZ,20260908,16.5,9400,155100.0,-0.1814882032667997,1.2587865862277505,43.9110707803992
300354.SZ,20260908,27.6,1800,49680.0,0.10881392818280489,1.48754013076288,45.65288356909683
300355.SZ,20260908,3.01,463900,1396339.0,1.0067114093959662,12.348280207743736,51.0402684563758
300357.SZ,20260908,21.67,8300,179861.0,0.0,0.7250517889326332,45.0
300358.SZ,20260908,8.38,15700,131566.0,-0.11918951132300348,1.144332862046893,44.284862932061976
300359.SZ,20260908,4.35,79600,346260.0,1.1627906976744207,4.716379498642294,51.976744186046524
300360.SZ,20260908,11.41,16000,182560.0,0.17559262510973284,4.063646120130651,46.0535557506584
300363.SZ,20260908,19.74,52100,1028454.0,-0.8040201005025116,1.3987723184945073,40.17587939698493
300364.SZ,20260908,26.72,759300,20288496.0,0.4133784291619591,7.819786989646548,47.480270574971755
300365.SZ,20260908,4.74,13400,63516.0,-0.21052631578947212,2.20637314474695,43.736842105263165
300366.SZ,20260908,5.6,14000,78400.0,-0.3558718861210064,2.245530870850956,42.864768683273965
300368.SZ,20260908,9.68,363700,3520616.0,0.10341261633919352,8.534714546380298,45.620475698035165
300369.SZ,20260908,7.84,131800,1033312.0,-0.6337135614702172,3.417699541592377,41.197718631178695
300370.SZ,20260908,2.22,18500,41070.0,0.0,0.9942559218422562,45.0
300371.SZ,20260908,10.44,5400,56376.0,-0.0956937799043045,2.84890178110938,44.425837320574175
300373.SZ,20260908,88.48,40400,3574592.0,-0.584269662921344,4.627587015839217,41.49438202247194
300374.SZ,20260908,11.15,19900,221885.0,-0.6238859180035639,4.476545943673579,41.25668449197862
300375.SZ,20260908,4.2,3700,15540.0,0.0,0.48853755402953414,45.0
300376.SZ,20260908,4.38,52400,229512.0,0.22883295194506825,3.6552139010448763,46.37299771167041
300377.SZ,20260908,14.97,51600,772452.0,0.06684491978610207,2.2098118525164674,45.40106951871661
300378.SZ,20260908,39.39,130000,5120700.0,-0.025380710659894667,7.0910481048118195,44.847715736040634
300380.SZ,20260908,29.98,13500,404730.0,0.0,4.555877383253213,45.0
300381.SZ,20260908,5.6,7900,44240.0,0.35842293906809264,0.2967552519149498,47.15053763440856
300382.SZ,20260908,18.66,81400,1518924.0,-0.9554140127388533,4.416464763329726,39.26751592356688
300383.SZ,20260908,12.18,105800,1288644.0,0.0,3.3042577284240005,45.0
300384.SZ,20260908,12.06,400,4824.0,-0.41288191577207867,0.1439434276548404,23.4325254832388
300385.SZ,20260908,13.25,34900,462425.0,-0.6746626686656709,3.802019229148691,40.952023988005976
300386.SZ,20260908,12.0,102200,1226400.0,-1.3157894736842146,7.014190093701214,37.10526315789471
300387.SZ,20260908,7.81,40000,312400.0,-0.7623888182973326,1.185844481200191,40.425667090216
300388.SZ,20260908,6.96,7300,50808.0,0.28818443804032867,0.939054758436536,46.72910662824197
300389.SZ,20260908,12.73,3900,49647.0,-0.3132341425215235,1.4524470384307357,43.12059514487086
300390.SZ,20260908,57.7,50900,2936930.0,-0.034650034650030026,2.891224980174189,44.79209979209982
300393.SZ,20260908,6.18,14700,90846.0,0.6514657980456029,0.7632153588654319,48.90879478827362
300394.SZ,20260908,265.1,203199,53868054.9,-0.7116104868913786,4.9476071325840465,40.73033707865173
300395.SZ,20260908,93.98,68700,6456426.0,0.6748794858061125,2.69388443263785,49.049276914836675
300396.SZ,20260908,7.18,100,718.0,0.0,0.0407164738399491,7.328965291190838
300397.SZ,20260908,10.88,56000,609280.0,-0.274977085242889,5.42849136178589,43.350137488542664
300398.SZ,20260908,33.01,40700,1343507.0,-0.30202355783751633,2.0182769626989927,43.1878586529749
300399.SZ,20260908,20.19,82300,1661637.0,-0.14836795252224366,8.031022251100307,44.109792284866536
300400.SZ,20260908,35.17,64600,2271982.0,0.2851439977188619,4.580714753819864,46.71086398631317
300401.SZ,20260908,15.25,109200,1665300.0,0.9265387160820593,4.140949241166311,50.559232296492354
300402.SZ,20260908,15.07,6200,93434.0,0.3997335109926725,2.9142095678296513,47.39840106595604
300403.SZ,20260908,9.38,6000,56280.0,0.3208556149732811,1.4125065863013666,46.92513368983968
300404.SZ,20260908,12.72,89300,1135896.0,-0.6249999999999978,1.8862313972505818,41.250000000000014
300405.SZ,20260908,5.84,30800,179872.0,-0.17094017094017033,5.3478740452454785,43.97435897435898
300406.SZ,20260908,11.66,3200,37312.0,0.0,0.7546784320581158,45.0
300407.SZ,20260908,11.64,1500,17460.0,0.34482758620690834,0.34049535873233694,47.06896551724145
300408.SZ,20260908,114.93,161600,18572688.0,0.008701705534286397,4.093063092815919,45.05221023320572
300409.SZ,20260908,17.48,41400,723672.0,0.40206777713958086,4.779255445278814,47.41240666283748
300410.SZ,20260908,8.16,126300,1030608.0,1.2406947890818865,9.380484995724029,52.44416873449132
300411.SZ,20260908,8.64,107200,926208.0,-0.11560693641617936,6.224823383051433,44.306358381502925
300412.SZ,20260908,4.52,15900,71868.0,0.0,1.835036078191166,45.0
300413.SZ,20260908,21.3,2599800,55375740.0,-3.6199095022624417,15.625208489255822,23.28054298642535
300414.SZ,20260908,11.12,18100,201272.0,-0.35842293906810374,2.921843449279719,42.84946236559138
300415.SZ,20260908,19.4,700,13580.0,-0.05151983513653757,0.23242980838010782,41.528246497600186
300416.SZ,20260908,14.22,13800,196236.0,0.28208744710860323,1.69957749689622,46.69252468265162
300417.SZ,20260908,12.03,5300,63759.0,0.0,1.9676858208743064,45.0
300418.SZ,20260908,46.03,623559,28702420.77,-1.2231759656652352,7.980532805576502,37.66094420600859
300419.SZ,20260908,,0,0.0,,0.0,0.0
300420.SZ,20260908,8.26,237100,1958446.0,-0.3618817852834688,3.312606913024981,42.82870928829919
300421.SZ,20260908,16.91,2800,47348.0,-0.41224970553592755,0.7364684018176204,42.526501766784435
300422.SZ,20260908,4.15,21600,89640.0,0.0,2.4370622025327555,45.0
300423.SZ,20260908,5.86,19500,114270.0,0.17094017094019254,3.1792811586038394,46.02564102564116
300424.SZ,20260908,14.04,3900,54756.0,0.0,0.470209292345799,45.0
300425.SZ,20260908,4.09,13900,56851.0,0.0,1.6170424849305847,45.0
300426.SZ,20260908,7.15,148500,1061775.0,-0.2789400278939924,7.54725234629079,43.326359832636044
300427.SZ,20260908,7.06,80800,570448.0,-0.14144271570014633,2.724502686009906,44.15134370579912
300428.SZ,20260908,20.65,10000,206500.0,-0.04840271055179812,1.5819460403396568,44.70958373668921
300429.SZ,20260908,10.91,50300,548773.0,-0.36529680365295913,4.260067464044378,42.80821917808225
300430.SZ,20260908,4.75,1300,6175.0,-0.21008403361344463,0.18660571502095763,32.3285245020917
300432.SZ,20260908,13.85,42900,594165.0,-0.2161383285302687,1.624336078394145,43.70317002881839
300433.SZ,20260908,35.76,233200,8339232.0,-0.05589714924539857,3.217497874909078,44.66461710452761
300434.SZ,20260908,11.1,4300,47730.0,-0.17985611510791255,0.22962739497524187,40.25379440489606
300435.SZ,20260908,17.19,25200,433188.0,-0.05813953488370549,3.0597542483095803,44.65116279069777
300436.SZ,20260908,90.01,29100,2619291.0,-0.9464069549906418,10.66530338378459,39.32155827005615
300437.SZ,20260908,11.51,4500,51795.0,0.43630017452005454,0.3051018525646648,47.617801047120324
300438.SZ,20260908,54.81,61800,3387258.0,0.10958904109590328,4.280994663458019,45.65753424657542
300439.SZ,20260908,9.46,300,2838.0,0.31813361611878754,0.10009934101267166,19.926683078993626
300440.SZ,20260908,20.2,500,10100.0,0.24813895781639062,0.06324784272723796,12.873445437801177
300441.SZ,20260908,7.11,10600,75366.0,0.14084507042253502,2.9827154005250995,45.84507042253521
300442.SZ,20260908,64.0,46300,2963200.0,0.015627441787779972,2.587430666349914,45.09376465072668
300443.SZ,20260908,18.66,9900,184734.0,-0.26723677177979965,4.013565576159357,43.3965793693212
300444.SZ,20260908,9.41,69000,649290.0,-0.7383966244725815,2.984226948916909,40.56962025316451
300445.SZ,20260908,17.88,10700,191316.0,-0.33444816053512794,4.038480012852818,42.99331103678923
300446.SZ,20260908,12.96,14800,191808.0,0.0,2.198845981871718,45.0
300447.SZ,20260908,14.28,2600,37128.0,0.0,1.1820442737471653,45.0
300448.SZ,20260908,5.78,12400,71672.0,0.0,0.5899999033569753,45.0
300449.SZ,20260908,7.02,25800,181116.0,-0.42553191489361764,4.193311114498495,42.44680851063829
300450.SZ,20260908,31.45,50300,1581935.0,-0.1270244522070474,2.337596739335952,44.23785328675771
300451.SZ,20260908,3.53,20300,71659.0,0.28409090909089496,0.905644266786672,46.70454545454537
300452.SZ,20260908,12.93,36700,474531.0,0.3103180760279267,6.792657921377193,46.86190845616756
300453.SZ,20260908,9.06,5300,48018.0,-0.11025358324144863,1.0624575889429557,44.33847850055131
300454.SZ,20260908,133.97,34300,4595171.0,-0.4680534918276358,2.8022710282846144,42.191679049034185
300455.SZ,20260908,17.25,3100,53475.0,-0.5763688760807018,0.7573285755796242,41.541786743515786
300456.SZ,20260908,38.33,139900,5362367.0,-0.9048603929679433,4.265563089972124,39.57083764219234
300457.SZ,20260908,21.54,28200,607428.0,-0.09276437847866026,3.5076236878020337,44.44341372912804
300458.SZ,20260908,31.55,122200,3855410.0,0.0,3.672195871397323,45.0
300459.SZ,20260908,3.81,481200,1833372.0,0.5277044854881341,4.801064630213227,48.166226912928806
300460.SZ,20260908,8.94,10000,89400.0,0.0,3.8483452705072057,45.0
300461.SZ,20260908,34.12,78800,2688656.0,-1.1587485515643259,8.90843003496743,38.047508690614045
300462.SZ,20260908,,0,0.0,,0.0,0.0
300463.SZ,20260908,9.24,9100,84084.0,-0.4310344827586077,1.8055488776425246,42.413793103448356
300464.SZ,20260908,8.01,14200,113742.0,0.5018820577164407,1.641530979116612,48.011292346298646
300465.SZ,20260908,12.15,12300,149445.0,0.0,1.1006047056385306,45.0
300466.SZ,20260908,7.36,8900,65504.0,-0.5405405405405461,2.087997078793144,41.75675675675672
300467.SZ,20260908,34.7,1800,62460.0,0.0,0.49424773500648933,45.0
300468.SZ,20260908,25.01,1440539,36027880.39,-2.5331254871395092,17.725900841772212,29.801247077162945
300469.SZ,20260908,51.88,69100,3584908.0,-1.7796289284361944,13.958528893042496,34.32222642938284
300470.SZ,20260908,27.9,1300,36270.0,-0.4992867332382356,1.0402390088940006,42.004279600570584
300471.SZ,20260908,9.88,6200,61256.0,0.0,0.9007623797005031,45.0
300472.SZ,20260908,,0,0.0,,0.0,0.0
300473.SZ,20260908,27.23,7000,190610.0,0.5539143279172931,2.164295091013457,48.32348596750376
300474.SZ,20260908,49.99,12400,619876.0,0.040024014408657216,2.4461919711427655,45.24014408645194
300475.SZ,20260908,179.88,228600,41120568.0,1.713316369804918,5.952579731233019,55.27989821882951
300476.SZ,20260908,232.0,128826,29887632.0,-0.6253747965390244,4.7921914704993105,41.247751220765856
300477.SZ,20260908,2.61,36600,95526.0,0.0,1.5654437028992172,45.0
300478.SZ,20260908,31.94,15000,479100.0,0.03131850923896451,4.406541106776959,45.18791105543379
300479.SZ,20260908,15.0,9400,141000.0,-0.4644990046449915,3.127879896281783,42.21300597213005
300480.SZ,20260908,30.18,55300,1668954.0,-0.2314049586776834,5.382303227350891,43.6115702479339
300481.SZ,20260908,13.96,6000,83760.0,-0.42796005706132734,1.018840255582131,42.43223965763204
300482.SZ,20260908,16.64,2500,41600.0,0.060132291040293495,0.6713943686581062,45.36079374624176
300483.SZ,20260908,25.06,57900,1450974.0,-0.8702531645569667,5.441731134780495,39.7784810126582
300484.SZ,20260908,12.93,11000,142230.0,0.07739938080495445,4.579688118827821,45.464396284829725
300485.SZ,20260908,8.64,6100,52704.0,-0.11560693641617936,1.180989431350138,44.306358381502925
300486.SZ,20260908,18.27,19200,350784.0,-0.6525285481239873,2.4304680016544844,41.08482871125608
300487.SZ,20260908,63.65,10600,674690.0,0.9996826404315984,2.582729592834505,50.99809584258959
300488.SZ,20260908,36.0,162800,5860800.0,-0.22172949002217113,15.230015119024513,43.66962305986697
300489.SZ,20260908,228.93,38400,8790912.0,-0.29615434867820145,4.448911581231566,43.22307390793079
300490.SZ,20260908,10.99,15200,167048.0,-0.3626473254759621,1.5146172652350718,42.82411604714423
300491.SZ,20260908,31.8,84200,2677560.0,-1.517497677299473,5.6643263691281955,35.89501393620316
300492.SZ,20260908,24.31,3600,87516.0,0.0,1.0829040466784268,45.0
300493.SZ,20260908,12.85,16400,210740.0,0.0,2.5733931758165323,45.0
300494.SZ,20260908,8.68,193200,1676976.0,-0.22988505747125743,15.109707997119049,43.620689655172455
300496.SZ,20260908,59.28,28200,1671696.0,-0.1852163663916495,1.891684020904089,43.8887018016501
300497.SZ,20260908,18.98,227800,4323644.0,1.4430785676109004,7.827379713946493,53.6584714056654
300498.SZ,20260908,15.25,161300,2459825.0,-0.19633507853402676,3.6368533676752604,43.82198952879584
300499.SZ,20260908,35.37,551900,19520703.0,-1.5037593984962405,12.760207987353029,35.97744360902256
300500.SZ,20260908,9.91,13500,133785.0,0.2022244691607611,4.001339767650782,46.21334681496457
300501.SZ,20260908,9.98,20300,202594.0,0.0,5.587135371199423,45.0
300502.SZ,20260908,419.33,244310,102446512.3,0.5105465004793919,6.577598872506587,48.06327900287635
300503.SZ,20260908,66.6,40900,2723940.0,0.49796287913081994,4.803282087400808,47.98777727478492
300504.SZ,20260908,17.7,22000,389400.0,0.28328611898016387,3.554982997780285,46.69971671388098
300505.SZ,20260908,20.5,47000,963500.0,-0.146127618119829,0.7434389641282813,44.12323429128102
300506.SZ,20260908,5.05,99800,503990.0,0.0,6.933875634802375,45.0
300507.SZ,20260908,6.57,35400,232578.0,-0.1519756838905706,4.863922718098994,44.08814589665658
300508.SZ,20260908,40.2,1200,48240.0,-0.1242236024844634,0.6402321443957463,44.25465838509322
300509.SZ,20260908,9.05,4700,42535.0,-0.44004400440043057,1.2004219196171029,42.35973597359742
300510.SZ,20260908,3.46,33900,117294.0,0.8746355685131046,1.8437827005517289,50.247813411078624
300511.SZ,20260908,5.68,236600,1343888.0,0.0,3.6870107350475037,45.0
300512.SZ,20260908,7.45,29900,222755.0,0.1344086021505264,9.095814651262453,45.80645161290316
300513.SZ,20260908,7.58,17000,128860.0,-0.13175230566534468,6.3374825132008,44.209486166007935
300514.SZ,20260908,10.31,10100,104131.0,0.0970873786407811,3.800919161690198,45.58252427184469
300515.SZ,20260908,15.93,38200,608526.0,0.9505703422053147,12.74568429880472,50.70342205323189
300516.SZ,20260908,35.8,22700,812660.0,0.561797752808979,3.9008556451736,48.370786516853876
300517.SZ,20260908,11.74,76000,892240.0,0.0,9.948143761992002,45.0
300518.SZ,20260908,25.39,10100,256439.0,-0.3140950137416554,1.420012439738455,43.11542991755007
300519.SZ,20260908,14.35,6200,88970.0,0.06973500697349255,2.6610498632697723,45.41841004184096
300520.SZ,20260908,23.88,14400,343872.0,-0.16722408026756952,3.835271540186776,43.99665551839458
300521.SZ,20260908,25.2,10200,257040.0,-0.1980198019801982,3.387872082076645,43.81188118811881
300522.SZ,20260908,14.07,72300,1017261.0,-0.07102272727272929,6.889858180855315,44.573863636363626
300523.SZ,20260908,20.75,5500,114125.0,0.4842615012106588,1.0985848114110681,47.90556900726395
300525.SZ,20260908,8.25,16000,132000.0,0.0,2.0783839588005826,45.0
300527.SZ,20260908,8.38,27500,230450.0,-0.23809523809523725,4.46576540740869,43.57142857142858
300528.SZ,20260908,13.87,243400,3375958.0,-1.770538243626063,9.07958750443145,34.37677053824362
300529.SZ,20260908,15.51,2500,38775.0,0.0,0.7614723850775832,45.0
300530.SZ,20260908,21.89,24000,525360.0,0.45892611289584107,4.71866309575412,47.753556677375045
300531.SZ,20260908,16.5,23600,389400.0,-0.6024096385542244,2.507644806988949,41.385542168674654
300532.SZ,20260908,7.3,2800,20440.0,-0.544959128065392,0.5484576767871769,41.73024523160765
300533.SZ,20260908,16.17,184900,2989833.0,-0.06180469715697523,14.329721009565352,44.62917181705815
300534.SZ,20260908,13.41,169400,2271654.0,-0.5930318754633013,2.3850687423262578,41.44180874722019
300535.SZ,20260908,16.56,8700,144072.0,0.5464480874316946,6.525592365966797,48.278688524590166
300536.SZ,20260908,9.28,160700,1491296.0,0.0,17.43295888278386,45.0
300537.SZ,20260908,19.9,18000,358200.0,-0.050226017076848706,4.1044078865681906,44.69864389753891
300538.SZ,20260908,15.42,81400,1255188.0,0.6527415143602999,12.91713392073649,48.9164490861618
300539.SZ,20260908,18.01,6700,120667.0,-0.2216066481994461,1.24812902700219,43.67036011080332
300540.SZ,20260908,27.4,25800,706920.0,0.4030780505679621,3.516662580976521,47.41846830340777
300541.SZ,20260908,10.05,2400,24120.0,0.0,0.567655801865001,45.0
300542.SZ,20260908,13.12,17800,233536.0,-0.37965072133637756,2.7964742508729326,42.722095671981734
300543.SZ,20260908,7.8,8700,67860.0,0.5154639175257714,2.577204327542763,48.09278350515463
300545.SZ,20260908,29.06,15123,439474.38,-0.6155950752393946,1.951993455320549,41.306429548563635
300546.SZ,20260908,17.86,55200,985872.0,-0.7226236798221208,5.980588485777068,40.664257921067275
300547.SZ,20260908,28.09,19300,542137.0,0.8617594254937133,2.65354414219722,50.17055655296228
300548.SZ,20260908,214.02,74973,16045721.46,0.014019346698446178,5.7050338985332125,45.084116080190675
300549.SZ,20260908,14.74,10500,154770.0,-0.06779661016949046,7.029975484794414,44.59322033898306
300550.SZ,20260908,14.3,37100,530530.0,1.9971469329529423,4.386403781696023,56.98288159771765
300551.SZ,20260908,12.25,88100,1079225.0,0.3276003276003303,4.851419739593473,46.965601965601984
300552.SZ,20260908,21.62,19500,421590.0,-0.8711600183402002,4.903396095229328,39.773039889958795
300553.SZ,20260908,51.3,33200,1703160.0,0.03900156006240163,3.0912064899984144,45.23400936037441
300554.SZ,20260908,21.37,5000,106850.0,0.0,2.562720220952389,45.0
300555.SZ,20260908,,0,0.0,,0.0,0.0
300556.SZ,20260908,18.0,229957,4139226.0,5.448154657293491,11.774665170426266,77.68892794376094
300557.SZ,20260908,27.34,400,10936.0,0.0,0.18877422268020938,33.97936008243769
300558.SZ,20260908,48.3,20800,1004640.0,0.0,2.1094221134687836,45.0
300559.SZ,20260908,12.89,45200,582628.0,0.8607198748043832,2.28502104425206,50.1643192488263
300560.SZ,20260908,18.3,19400,355020.0,-0.27247956403270157,1.547041763542731,43.36512261580379
300561.SZ,20260908,16.12,95100,1533012.0,-0.6165228113440113,5.639482212426786,41.300863131935934
300562.SZ,20260908,17.48,273200,4775536.0,1.333333333333342,14.832556084099103,53.00000000000005
300563.SZ,20260908,23.44,9500,222680.0,-0.3824904377390581,2.1797792920802803,42.70505737356565
300564.SZ,20260908,12.63,12100,152823.0,0.15860428231564416,5.821755485664657,45.95162569389387
300565.SZ,20260908,9.96,26100,259956.0,-0.6979062811565129,4.94449502103031,40.81256231306092
300566.SZ,20260908,25.62,76400,1957368.0,-1.157407407407407,4.156633610979236,38.05555555555556
300567.SZ,20260908,196.95,13200,2599740.0,-0.02538071065990577,2.3098800426223507,44.84771573604056
300568.SZ,20260908,14.2,32500,461500.0,-0.2808988764045006,1.017024082809968,43.314606741572995
300569.SZ,20260908,4.65,7100,33015.0,0.0,0.5634940274019524,45.0
300570.SZ,20260908,206.18,211200,43545216.0,0.038816108685102435,13.366812586520108,45.23289665211061
300571.SZ,20260908,29.12,9700,282464.0,0.03435245620062588,2.0043038044682473,45.206114737203755
300572.SZ,20260908,23.51,100,2351.0,-0.9270965023177369,0.020895069776734713,0.0
300573.SZ,20260908,37.19,6200,230578.0,-0.2949061662198327,1.5890332680659147,43.230563002681
300575.SZ,20260908,6.11,2300,14053.0,0.16393442622952836,0.17893222699663436,33.191407416771355
300576.SZ,20260908,28.3,6100,172630.0,-0.07062146892655718,0.7197345466831536,44.57627118644066
300577.SZ,20260908,20.46,2600,53196.0,0.39254170755642637,1.1558335230353758,47.35525024533856
300578.SZ,20260908,16.33,13300,217189.0,0.5541871921182162,3.3022856678664847,48.325123152709295
300579.SZ,20260908,23.48,40200,943896.0,-0.04257130693910982,9.078034690640052,44.744572158365344
300580.SZ,20260908,19.33,12100,233893.0,0.20736132711249855,1.828989032788849,46.24416796267499
300581.SZ,20260908,10.8,47200,509760.0,-0.36900369003689537,2.103601752628378,42.785977859778626
300582.SZ,20260908,11.35,53400,606090.0,0.9786476868327343,7.457058897475487,50.87188612099641
300583.SZ,20260908,13.43,15500,208165.0,0.4487658937920802,2.3810959014790423,47.692595362752485
300584.SZ,20260908,31.24,1500,46860.0,0.9369951534733412,0.8496530389414773,50.62197092084005
300585.SZ,20260908,16.75,12400,207700.0,0.29940119760478723,3.0634982283974113,46.79640718562872
300586.SZ,20260908,9.09,26900,244521.0,-0.4381161007667167,2.212931614138349,42.3713033953997
300587.SZ,20260908,4.91,14500,71195.0,0.6147540983606703,0.7624683797631943,48.68852459016402
300588.SZ,20260908,24.55,5600,137480.0,-0.04071661237784463,0.8263247236708336,44.75570032573293
300589.SZ,20260908,13.94,128700,1794078.0,-1.2048192771084376,5.588269411183044,37.77108433734937
300590.SZ,20260908,11.19,15900,177921.0,-0.08928571428571397,1.4532886356886308,44.464285714285715
300591.SZ,20260908,7.36,33100,243616.0,-0.13568521031207537,3.0382387115082246,44.185888738127545
300592.SZ,20260908,17.35,20100,348735.0,-0.05760368663593196,1.27377167126859,44.654377880184406
300593.SZ,20260908,34.5,129000,4450500.0,-1.0043041606886738,6.819386048480452,38.97417503586796
300594.SZ,20260908,15.75,11900,187425.0,-0.4424778761061954,6.439329116902657,42.345132743362825
300595.SZ,20260908,10.98,2100,23058.0,0.0,0.3220877396845396,45.0
300596.SZ,20260908,41.54,3900,162006.0,-0.21619024741773574,1.9310517858543828,43.70285851549359
300597.SZ,20260908,7.95,12100,96195.0,-0.12562814070351536,3.5705683651880977,44.24623115577891
300598.SZ,20260908,33.0,275500,9091500.0,-0.7817197835237488,33.49999369242818,40.309681298857505
300599.SZ,20260908,11.38,7700,87626.0,-0.3502626970227629,2.0791163738801997,42.898423817863424
300600.SZ,20260908,10.5,18900,198450.0,-0.6622516556291425,2.427391901156455,41.02649006622514
300601.SZ,20260908,12.6,44300,558180.0,-0.07930214115781098,3.1902326342516116,44.524187153053134
300602.SZ,20260908,42.43,272900,11579147.0,0.4973945997157836,7.600945220738478,47.9843675982947
300603.SZ,20260908,8.2,64400,528080.0,0.12210012210012167,5.84433206311042,45.73260073260073
300604.SZ,20260908,271.5,49400,13412100.0,0.3696857670979714,3.692520825999124,47.21811460258783
300605.SZ,20260908,10.51,16300,171313.0,-0.18993352326684976,3.301334256614144,43.8603988603989
300606.SZ,20260908,35.85,12700,455295.0,-0.22265516281658737,1.3881468643766068,43.664069023100474
300607.SZ,20260908,37.84,378600,14326224.0,0.7723035952064139,7.627817944239485,49.633821571238485
300608.SZ,20260908,10.0,11100,111000.0,-0.3984063745019806,1.7995614344274105,42.609561752988114
300609.SZ,20260908,25.35,24300,616005.0,-0.9765625,5.536546652507728,39.140625
300610.SZ,20260908,10.55,25500,269025.0,0.09487666034158071,9.11954979780125,45.569259962049486
300611.SZ,20260908,26.26,19200,504192.0,0.8061420345489401,2.6208496209870074,49.83685220729364
300612.SZ,20260908,12.59,8500,107015.0,0.0,1.647956867649083,45.0
300613.SZ,20260908,72.31,31057,2245731.67,-0.4405892881729212,3.06035088046402,42.356464270962476
300614.SZ,20260908,10.65,12600,134190.0,-0.9302325581395321,7.008674677230318,39.41860465116281
300615.SZ,20260908,14.55,73400,1067970.0,0.34482758620690834,7.051118020828676,47.06896551724145
300616.SZ,20260908,10.82,28900,312698.0,-0.36832412523019054,7.716421448115325,42.790055248618856
300617.SZ,20260908,38.04,3200,121728.0,-0.28833551769331667,0.3526829880448723,43.2699868938401
300618.SZ,20260908,33.63,14300,480909.0,1.2341962673088513,4.421737118076546,52.405177603853105
300619.SZ,20260908,27.73,9000,249570.0,0.0,1.460349476629396,45.0
300620.SZ,20260908,301.58,39800,12002884.0,-0.23487379668530872,4.114065878736451,43.59075721988815
300621.SZ,20260908,7.42,26600,197372.0,-0.26881720430108613,11.578520205961466,43.38709677419348
300622.SZ,20260908,15.72,2500,39300.0,0.0,0.4179795714324423,45.0
300623.SZ,20260908,29.2,15500,452600.0,-0.3752985329239178,1.33999283834699,42.748208802456496
300624.SZ,20260908,57.19,61500,3517185.0,3.3056358381502893,3.428759005367439,64.83381502890174
300625.SZ,20260908,9.76,5000,48800.0,0.0,3.467609803287349,45.0
300626.SZ,20260908,27.29,900,24561.0,0.07334066740007916,0.24967114586522077,45.380850260140214
300627.SZ,20260908,27.83,25100,698533.0,0.0,4.649958314647073,45.0
300628.SZ,20260908,40.63,38100,1548003.0,-0.5872277954489746,2.6157133627111397,41.47663322730615
300629.SZ,20260908,18.09,7300,132057.0,-0.22062879205735353,1.5109169329520606,43.67622724765588
300631.SZ,20260908,21.61,1700,36737.0,0.7459207459207473,0.6539568141495427,49.47552447552448
300632.SZ,20260908,18.92,248100,4694052.0,-0.42105263157893313,12.899430217264259,42.4736842105264
300633.SZ,20260908,20.82,16300,339366.0,0.0,2.5675185919027346,45.0
300634.SZ,20260908,20.14,15000,302100.0,0.0,2.03617790915449,45.0
300635.SZ,20260908,12.45,6400,79680.0,0.0,3.2897893164091947,45.0
300636.SZ,20260908,6.88,1600,11008.0,0.0,0.4522239451757343,45.0
300637.SZ,20260908,9.47,7200,68184.0,-0.3157894736842026,2.2754786935180094,43.10526315789478
300638.SZ,20260908,19.09,50200,958318.0,0.0,6.266551126546927,45.0
300639.SZ,20260908,5.85,19800,115830.0,-0.34071550255537764,2.344617007496001,42.955706984667735
300640.SZ,20260908,6.78,52300,354594.0,-0.14727540500736325,7.549148117017932,44.11634756995582
300641.SZ,20260908,14.0,2100,29400.0,0.21474588403722628,0.677813720605046,46.288475304223354
300642.SZ,20260908,17.2,88400,1520480.0,-0.9786989061600582,2.3632624694152433,39.12780656303965
300643.SZ,20260908,18.27,4300,78561.0,-0.4901960784313708,0.89089037191343,42.058823529411775
300644.SZ,20260908,20.59,2400,49416.0,0.0972289742343202,1.8822195839051485,45.58337384540592
300645.SZ,20260908,13.86,8000,110880.0,0.07220216606498298,3.5921086097233945,45.4332129963899
300647.SZ,20260908,7.71,661600,5100936.0,0.2600780234070177,6.599974559825924,46.560468140442104
300648.SZ,20260908,40.17,500,20085.0,-0.34730836020838707,0.31454138277475896,42.916149838749675
300649.SZ,20260908,28.28,25400,718312.0,0.42613636363637575,4.2918563663770914,47.55681818181826
300650.SZ,20260908,12.42,97000,1204740.0,-0.48076923076924016,6.43735714806165,42.115384615384556
300651.SZ,20260908,17.74,31100,551714.0,-0.22497187851520106,4.00626329220303,43.650168728908795
300652.SZ,20260908,28.01,2400,67224.0,-0.2847988608045471,1.8729086702933515,43.291206835172716
300653.SZ,20260908,15.14,1400,21196.0,0.1322751322751392,0.253814089140912,45.79365079365083
300654.SZ,20260908,9.94,39000,387660.0,-0.10050251256281673,2.542859609776369,44.3969849246231
300655.SZ,20260908,12.35,80300,991705.0,-0.08090614886731018,2.5300650297601055,44.51456310679614
300656.SZ,20260908,25.2,2000,50400.0,0.278551532033422,0.6943396291627706,46.67130919220053
300657.SZ,20260908,35.62,137300,4890626.0,-0.11217049915871469,7.014359877217009,44.32697700504771
300658.SZ,20260908,10.56,5000,52800.0,0.09478672985780978,0.827240052316165,45.56872037914686
300659.SZ,20260908,10.27,1256,12899.12,0.0,0.47865800372636563,45.0
300660.SZ,20260908,24.67,24600,606882.0,-0.5241935483870974,7.632838082322205,41.854838709677416
300661.SZ,20260908,111.0,25200,2797200.0,0.3616636528029016,3.5339411019828413,47.169981916817406
300662.SZ,20260908,22.11,57800,1277958.0,-0.13550135501355642,7.237875138055239,44.186991869918664
300663.SZ,20260908,8.99,147700,1327823.0,-0.6629834254143652,5.341777246683776,41.02209944751381
300664.SZ,20260908,4.7,35400,166380.0,-0.4237288135593098,7.887771344312103,42.45762711864414
300665.SZ,20260908,9.3,24400,226920.0,-0.5347593582887611,5.162227823050845,41.791443850267434
300666.SZ,20260908,239.5,48000,11496000.0,0.10449320794148065,5.674148305550171,45.626959247648884
300667.SZ,20260908,,0,0.0,,0.0,0.0
300668.SZ,20260908,32.68,5500,179740.0,0.6467508469356398,1.2828848627465939,48.88050508161384
300669.SZ,20260908,23.43,1200,28116.0,0.3426124197002167,0.5688051477084359,47.0556745182013
300670.SZ,20260908,7.16,35400,253464.0,0.0,3.813545283623478,45.0
300671.SZ,20260908,52.73,21400,1128422.0,0.05692599620492622,2.7258385843954476,45.34155597722956
300672.SZ,20260908,170.0,29900,5083000.0,-0.7936507936508019,3.166459053230262,40.23809523809519
300673.SZ,20260908,14.18,6400,90752.0,0.0,2.370382814787279,45.0
300674.SZ,20260908,17.62,202300,3564526.0,0.05678591709257219,9.638414627536177,45.34071550255543
300675.SZ,20260908,13.28,2900,38512.0,0.302114803625364,1.7698252063237427,46.81268882175218
300676.SZ,20260908,36.83,13238,487555.54,-0.13557483731020392,1.991062350530559,44.186550976138776
300677.SZ,20260908,53.86,9200,495512.0,0.39142590866729776,1.6578389417355948,47.34855545200379
300678.SZ,20260908,22.44,14300,320892.0,0.49261083743843415,4.768374868256689,47.955665024630605
300679.SZ,20260908,44.5,42200,1877900.0,-0.4919499105545566,3.1348543501296255,42.04830053667266
300680.SZ,20260908,20.24,2590,52421.6,-0.4916420845624492,0.637709778809572,42.05014749262531
300681.SZ,20260908,21.52,40000,860800.0,-0.6004618937644257,4.494795992272237,41.39722863741345
300682.SZ,20260908,9.29,14300,132847.0,-0.10752688172044333,1.2560208775938333,44.35483870967734
300683.SZ,20260908,24.95,11000,274450.0,-0.27977617905675656,2.8000123161773294,43.32134292565946
300684.SZ,20260908,96.0,1590000,152640000.0,-8.010732081257188,41.123257912527414,15.0
300685.SZ,20260908,17.14,20500,351370.0,0.0,3.6270827893491955,45.0
300686.SZ,20260908,14.8,8800,130240.0,-0.06752194463199857,1.8651836280012697,44.59486833220801
300687.SZ,20260908,28.61,110500,3161405.0,-0.4523312456506612,8.422786221895942,42.28601252609603
300688.SZ,20260908,29.71,19300,573403.0,-0.2350570852921452,5.252763616295659,43.58965748824713
300689.SZ,20260908,59.92,26600,1593872.0,1.3017751479289963,8.693051167842986,52.81065088757398
300690.SZ,20260908,23.45,7600,178220.0,0.04266211604093684,2.160729858707884,45.25597269624562
300691.SZ,20260908,14.53,6600,95898.0,-0.8867667121418843,2.126762829361225,39.67939972714869
300692.SZ,20260908,8.88,3900,34632.0,0.0,0.32684919872497065,45.0
300693.SZ,20260908,40.55,30000,1216500.0,-0.24600246002460802,3.6716279411400983,43.52398523985235
300694.SZ,20260908,10.9,1300,14170.0,0.0,0.4243371394208634,45.0
300695.SZ,20260908,49.96,4300,214828.0,1.4416243654822303,6.295833705200928,53.64974619289338
300696.SZ,20260908,21.29,6400,136256.0,0.09402914903620108,1.1319572887266574,45.5641748942172
300697.SZ,20260908,15.1,207500,3133250.0,3.424657534246567,4.342688672893628,65.54794520547941
300698.SZ,20260908,26.82,1000,26820.0,0.0,0.4747397980727369,45.0
300699.SZ,20260908,24.03,22700,545481.0,0.04163197335553814,3.2814357488825294,45.24979184013323
300700.SZ,20260908,20.01,20000,400200.0,-0.5961251862891093,2.3535428130550775,41.42324888226534
300701.SZ,20260908,10.08,4800,48384.0,0.29850746268655914,1.6171273789618559,46.79104477611936
300702.SZ,20260908,21.39,300,6417.0,0.23430178069354657,0.18858870821932594,35.35177816363995
300703.SZ,20260908,14.91,77700,1158507.0,0.0,5.7159104270738545,45.0
300705.SZ,20260908,11.0,8300,91300.0,-0.27198549410697437,1.723977916296829,43.36808703535815
300706.SZ,20260908,48.59,24900,1209891.0,-0.020576131687233268,4.942263699788723,44.8765432098766
300707.SZ,20260908,12.1,23500,284350.0,0.4983388704318914,11.680364274557364,47.99003322259135
300708.SZ,20260908,8.49,33700,286113.0,0.35460992907800915,2.7973593948434456,47.127659574468055
300709.SZ,20260908,45.15,119300,5386395.0,-0.7910349373764003,6.028159136466306,40.2537903757416
300710.SZ,20260908,31.3,3800,118940.0,-0.8552423186569569,1.0567878707521317,39.86854608805826
300711.SZ,20260908,18.31,55400,1014374.0,1.4966740576496607,2.381139916903034,53.980044345897966
300712.SZ,20260908,20.22,600,12132.0,0.04948045522017441,0.7332109327972581,45.29688273132105
300713.SZ,20260908,13.48,28200,380136.0,-0.4431314623338123,15.3288569191359,42.34121122599713
300715.SZ,20260908,14.45,10100,145945.0,-0.34482758620689724,1.106685229587233,42.93103448275862
300716.SZ,20260908,18.77,3500,65695.0,0.10666666666665492,2.299688373759938,45.63999999999993
300717.SZ,20260908,18.65,8700,162255.0,0.3227541689080127,6.582392622456134,46.936525013448076
300718.SZ,20260908,55.69,6900,384261.0,-0.17924359204158913,2.084403143641469,43.924538447750464
300719.SZ,20260908,12.46,5600,69776.0,-0.31999999999999806,1.3133586223632998,43.08000000000001
300720.SZ,20260908,65.64,29500,1936380.0,0.01523693432881057,3.894257315066855,45.09142160597286
300721.SZ,20260908,21.84,6200,135408.0,0.0,1.5468714675077981,45.0
300722.SZ,20260908,22.16,2300,50968.0,0.04514672686231069,0.6886801074053216,45.270880361173866
300723.SZ,20260908,35.6,14700,523320.0,-1.0286349735890932,2.3445017235473244,38.82819015846544
300724.SZ,20260908,53.1,7000,371700.0,-0.09407337723423836,1.1471247044075938,44.43555973659457
300725.SZ,20260908,42.7,57900,2472330.0,0.21121802393804234,2.128105508422504,46.267308143628256
300726.SZ,20260908,50.11,27400,1373014.0,-0.5359269551409307,3.8958301886429236,41.784438269154414
300727.SZ,20260908,32.2,351700,11324740.0,4.038772213247177,34.224252366931715,69.23263327948305
300729.SZ,20260908,10.8,3200,34560.0,-0.27700831024930483,1.7719421270165647,43.33795013850417
300730.SZ,20260908,11.62,23000,267260.0,0.6932409012131657,6.558130418015419,49.159445407278994
300731.SZ,20260908,47.3,19700,931810.0,0.12701100762064765,2.69915382270077,45.762066045723884
300732.SZ,20260908,5.97,39000,232830.0,-0.16722408026756952,7.375466423096452,43.99665551839458
300733.SZ,20260908,13.4,1000,13400.0,-0.4457652303120341,0.3039094473587911,42.325408618127796
300735.SZ,20260908,19.39,60100,1165339.0,0.6227296315516329,3.920526983353458,48.7363777893098
300736.SZ,20260908,34.01,40900,1391009.0,-0.3515968356284871,6.409186004317442,42.89041898622908
300737.SZ,20260908,4.87,72400,352588.0,0.4123711340206171,3.433011130745447,47.4742268041237
300738.SZ,20260908,20.15,50100,1009515.0,-0.09915716410512365,1.5784578396907856,44.40505701536926
300739.SZ,20260908,24.58,118900,2922562.0,-0.5261027923917583,6.085369717528976,41.84338324564945
300740.SZ,20260908,22.69,104700,2375643.0,0.39823008849557695,5.746147674865773,47.38938053097346
300741.SZ,20260908,18.3,186200,3407460.0,-0.9740259740259716,10.600368053591462,39.15584415584417
300743.SZ,20260908,14.57,18700,272459.0,-0.546075085324238,10.47782374271422,41.72354948805457
300745.SZ,20260908,29.63,32300,957049.0,0.5088195386702798,4.261016282861303,48.05291723202168
300746.SZ,20260908,14.33,47100,674943.0,1.415428167020516,18.9418838062291,53.4925690021231
300747.SZ,20260908,40.53,312200,12653466.0,1.8853695324283493,12.10527384455053,56.312217194570096
300748.SZ,20260908,26.15,8200,214430.0,-0.03822629969419955,0.6141187263003259,44.770642201834804
300749.SZ,20260908,25.56,1000,25560.0,0.0,0.16315846393021494,29.368523507438688
300750.SZ,20260908,345.67,217878,75313888.26,-0.7265939115450815,4.317122302532946,40.64043653072951
300751.SZ,20260908,200.0,14400,2880000.0,0.765820233776715,2.9585197753267107,49.59492140266029
300752.SZ,20260908,11.58,17900,207282.0,-0.08628127696289623,1.3813032392267197,44.48231233822262
300753.SZ,20260908,21.98,4500,98910.0,0.594965675057213,1.4281194058943225,48.569794050343276
300755.SZ,20260908,11.73,3100,36363.0,-0.3398470688190214,0.525544994408307,42.96091758708587
300756.SZ,20260908,31.0,40400,1252400.0,0.0,6.8460884618293605,45.0
300757.SZ,20260908,633.14,58350,36943719.0,0.18989144539036662,7.802353718362228,46.1393486723422
300758.SZ,20260908,11.48,15000,172200.0,0.26200873362447474,1.5026788680281342,46.572052401746845
300759.SZ,20260908,41.28,126800,5234304.0,0.04847309743092332,2.128468904302819,45.29083858458554
300760.SZ,20260908,168.0,20200,3393600.0,0.07744087686900603,2.7890003216063115,45.46464526121404
300761.SZ,20260908,21.69,39800,863262.0,0.18475750577369165,4.571242701455393,46.10854503464215
300762.SZ,20260908,27.72,50700,1405404.0,-0.2877697841726645,4.2037884989944985,43.27338129496401
300763.SZ,20260908,58.25,3540,206205.0,-0.06862240521530172,0.4176825196288846,44.58826556870819
300765.SZ,20260908,44.98,76200,3427476.0,-0.9687362395420673,4.056483196886806,39.18758256274759
300766.SZ,20260908,22.59,25800,582822.0,-0.04424778761062953,0.867958881559685,44.73451327433622
300767.SZ,20260908,19.1,11400,217740.0,0.4206098843323014,1.4818026839614493,47.52365930599381
300768.SZ,20260908,14.75,3600,53100.0,-0.06775067750677266,1.0618215920990026,44.593495934959364
300769.SZ,20260908,41.82,13600,568752.0,0.023917723032762517,2.078933196608614,45.14350633819657
300770.SZ,20260908,35.55,3800,135090.0,0.0,1.2618863604773467,45.0
300771.SZ,20260908,11.65,35000,407750.0,-0.25684931506848585,15.431421813436279,43.458904109589085
300772.SZ,20260908,9.19,50000,459500.0,-0.21715526601521207,2.4866121452838095,43.69706840390873
300773.SZ,20260908,16.12,399861,6445759.32,-0.3708281829418958,6.194712400487899,42.775030902348625
300774.SZ,20260908,10.96,2300,25208.0,0.6427915518824712,0.2792369591104679,48.85674931129483
300775.SZ,20260908,21.55,5100,109905.0,-0.18527095877720612,0.29984751137971793,43.88837424733676
300776.SZ,20260908,113.68,23600,2682848.0,0.24691358024691024,3.8487293623269987,46.48148148148146
300777.SZ,20260908,22.13,13000,287690.0,0.045207956600346044,1.588423878528182,45.271247739602074
300778.SZ,20260908,11.78,85000,1001300.0,0.0,12.357587382786038,45.0
300779.SZ,20260908,56.8,18400,1045120.0,0.0,2.076026860064022,45.0
300780.SZ,20260908,20.5,14700,301350.0,0.5394801373222124,1.7378324380175547,48.23688082393328
300781.SZ,20260908,28.62,21500,615330.0,-0.9345794392523366,3.5767103444955044,39.39252336448598
300782.SZ,20260908,73.5,10100,742350.0,-0.27137042062415073,1.1582169662880317,43.3717774762551
300783.SZ,20260908,18.02,9400,169388.0,-0.3869541182974001,1.242564644406186,42.6782752902156
300784.SZ,20260908,42.05,2054,86370.7,-0.6145119357126139,5.150681190702607,41.31292838572432
300785.SZ,20260908,36.5,16400,598600.0,-0.4364429896344668,2.0544492807032433,42.3813420621932
300786.SZ,20260908,14.69,12300,180687.0,0.3415300546448119,2.4626073462967937,47.04918032786887
300787.SZ,20260908,10.29,2500,25725.0,0.586510263929596,0.9712375994563631,48.519061583577574
300788.SZ,20260908,29.89,764600,22853894.0,12.962962962962955,48.19098663344818,100.0
300789.SZ,20260908,16.61,5000,83050.0,-0.18028846153846922,2.2047910840319287,43.918269230769184
300790.SZ,20260908,19.01,34600,657746.0,-0.2623294858341896,1.4690771236594657,43.42602308499486
300791.SZ,20260908,17.89,2300,41147.0,0.11191941801902416,1.4724375605743785,45.671516508114145
300792.SZ,20260908,26.18,81800,2141524.0,0.46047582501917983,8.771035058308668,47.76285495011508
300793.SZ,20260908,11.56,8800,101728.0,0.08658008658009031,2.604195532875908,45.51948051948054
300795.SZ,20260908,13.45,122300,1644935.0,-1.465201465201471,6.1810026293286695,36.20879120879117
300796.SZ,20260908,7.02,7000,49140.0,0.42918454935620964,1.0907957614793269,47.57510729613726
300797.SZ,20260908,13.14,4600,60444.0,0.0,1.2600717035209785,45.0
300798.SZ,20260908,8.65,154100,1332965.0,-0.9163802978235935,4.251364429041953,39.50171821305844
300800.SZ,20260908,10.34,10200,105468.0,0.29097963142579175,5.156512686083136,46.74587778855475
300801.SZ,20260908,21.89,9300,203577.0,-0.045662100456611565,2.9967375089876955,44.72602739726033
300802.SZ,20260908,25.76,214100,5515216.0,1.0196078431372602,18.245553117344627,51.117647058823565
300803.SZ,20260908,84.91,50900,4321919.0,-0.04708652148323056,3.485333982463841,44.71748087110062
300804.SZ,20260908,45.25,600,27150.0,0.0,0.6838766815431885,45.0
300805.SZ,20260908,8.58,2500,21450.0,-0.23255813953487747,0.25434353843797847,43.60465116279074
300806.SZ,20260908,47.71,44500,2123095.0,0.0,2.0102689826699156,45.0
300807.SZ,20260908,38.21,1000,38210.0,0.05236973029589809,1.3021970221027241,45.31421838177539
300808.SZ,20260908,24.96,53900,1345344.0,0.0,9.154878991469507,45.0
300809.SZ,20260908,24.38,8000,195040.0,-0.5709624796084833,2.1709297770714087,41.5742251223491
300810.SZ,20260908,25.03,2700,67581.0,-0.23913909924272447,1.6478514948361906,43.565165404543656
300811.SZ,20260908,84.4,90700,7655080.0,-0.11834319526626835,5.855938794570171,44.28994082840239
300812.SZ,20260908,19.79,18100,358199.0,0.6100660904931221,3.8223216403102156,48.660396542958736
300813.SZ,20260908,21.0,5500,115500.0,0.6229036895064599,2.6146400692943637,48.73742213703876
300814.SZ,20260908,137.72,13300,1831676.0,0.08720930232557489,2.3199314508590816,45.52325581395345
300815.SZ,20260908,15.26,12000,183120.0,-0.06548788474132206,4.1336794479327885,44.60707269155207
300816.SZ,20260908,67.01,24200,1621642.0,-0.9167529203016223,6.332418988411489,39.49948247819027
300817.SZ,20260908,16.79,1800,30222.0,-0.5331753554502328,0.8859274601950685,41.8009478672986
300818.SZ,20260908,18.2,6000,109200.0,0.27548209366392573,2.2252420341555936,46.652892561983556
300819.SZ,20260908,46.71,2100,98091.0,0.10715816545221468,0.7877370547186824,45.642948992713286
300820.SZ,20260908,57.93,12700,735711.0,0.0,3.5074647994757333,45.0
300821.SZ,20260908,15.16,194400,2947104.0,0.2645502645502784,3.6736149960623514,46.58730158730167
300822.SZ,20260908,12.05,50700,610935.0,-0.9046052631578871,13.85325874422971,39.57236842105268
300823.SZ,20260908,14.95,13000,194350.0,0.0669344042838027,4.856142818261268,45.401606425702816
300824.SZ,20260908,7.97,7300,58181.0,0.5044136191677095,0.8022614371143909,48.026481715006256
300825.SZ,20260908,12.3,48200,592860.0,-0.9661835748792202,1.400665494397834,39.202898550724676
300826.SZ,20260908,14.9,5720,85228.0,0.0671591672263272,1.3537472067043046,45.40295500335796
300827.SZ,20260908,24.47,1800,44046.0,-0.08166598611678566,0.18009228483597686,31.92661535377512
300828.SZ,20260908,18.76,53500,1003660.0,-0.5302226935312682,5.457512531409272,41.81866383881239
300829.SZ,20260908,17.75,88800,1576200.0,0.0,9.832860663265,45.0
300830.SZ,20260908,9.53,569000,5422570.0,-0.6256517205422418,14.828874179946963,41.24608967674655
300831.SZ,20260908,14.63,3800,55594.0,-0.13651877133105117,0.9047147381541387,44.18088737201369
300832.SZ,20260908,51.0,4100,209100.0,0.13744354997053954,0.9582277824350887,45.824661299823234
300833.SZ,20260908,41.58,400,16632.0,-0.07209805335256503,0.4563170402561236,44.56741167988461
300834.SZ,20260908,41.48,5500,228140.0,-0.36031707902955956,3.4483141496838656,42.83809752582264
300835.SZ,20260908,172.8,21500,3715200.0,-0.4034582132564801,6.10767674685665,42.57925072046112
300836.SZ,20260908,50.7,19400,983580.0,0.0,10.205352859786803,45.0
300837.SZ,20260908,23.22,8800,204336.0,-0.3005581794761736,5.6961186912173805,43.19665092314296
300838.SZ,20260908,14.6,10100,147460.0,-0.4092769440654842,3.816604833751504,42.544338335607094
300839.SZ,20260908,13.15,101000,1328150.0,-0.30326004548899554,5.44539791703527,43.18043972706603
300840.SZ,20260908,17.99,107400,1932126.0,-1.045104510451056,5.865227000578079,38.72937293729366
300841.SZ,20260908,51.0,5100,260100.0,0.01961168856638995,1.3280861315086403,45.11767013139834
300842.SZ,20260908,65.55,9100,596505.0,-0.015253203172671537,1.9840170086332176,44.90848078096397
300843.SZ,20260908,128.68,12600,1621368.0,0.6098514464425442,2.4769347380280413,48.659108678655265
300844.SZ,20260908,25.05,4900,122745.0,0.2802241793434801,3.2166561336738106,46.68134507606088
300845.SZ,20260908,13.94,39000,543660.0,-0.5706134094151216,7.681862086761007,41.57631954350927
300846.SZ,20260908,19.3,32500,627250.0,0.15568240788792487,1.8805596452551117,45.93409444732755
300847.SZ,20260908,14.05,26900,377945.0,-0.8468595624558817,8.555660494457056,39.91884262526471
300848.SZ,20260908,11.67,3300,38511.0,0.0,1.8788517503713393,45.0
300849.SZ,20260908,22.92,4100,93972.0,-0.3478260869565153,1.566716729289265,42.91304347826091
300850.SZ,20260908,26.88,33300,895104.0,-0.4444444444444473,4.152312922974564,42.333333333333314
300851.SZ,20260908,24.11,4500,108495.0,0.45833333333333837,4.796197311123456,47.75000000000003
300852.SZ,20260908,52.98,124600,6601308.0,0.018878610534267537,6.307835869316968,45.11327166320561
300853.SZ,20260908,28.49,3600,102564.0,0.6713780918727874,1.1958421853023715,49.02826855123672
300854.SZ,20260908,16.91,8700,147117.0,0.1184132622853662,1.6910849352268158,45.7104795737122
300855.SZ,20260908,36.04,10100,364004.0,0.5019520356943641,2.1487970109073475,48.01171221416618
300856.SZ,20260908,10.72,22700,243344.0,-0.3717472118959009,7.773635853793391,42.769516728624595
300857.SZ,20260908,274.0,137300,37620200.0,-0.010947706455488593,7.5503870921120635,44.93431376126707
300858.SZ,20260908,14.76,19500,287820.0,-0.06770480704130222,7.5016686012919696,44.59377115775219
300859.SZ,20260908,29.86,104566,3122340.76,0.03350083752093891,10.002415157536237,45.20100502512563
300860.SZ,20260908,33.1,90700,3002170.0,1.9088669950739101,16.097391011109256,56.45320197044346
300861.SZ,20260908,16.23,7400,120102.0,0.061652281134416675,0.9965930368974042,45.3699136868065
300862.SZ,20260908,49.0,693000,33957000.0,-2.7584838261559885,37.38303595816746,28.449097043064068
300863.SZ,20260908,42.0,11100,466200.0,-0.45034368333727315,2.0887425208366985,42.29793789997636
300864.SZ,20260908,29.03,212700,6174681.0,-0.6842285323298003,38.82547664586985,40.894628806021196
300865.SZ,20260908,34.36,30400,1044544.0,-0.6362058993637953,4.759359504122549,41.182764603817226
300866.SZ,20260908,132.25,6843,904986.75,0.007562008469452763,1.549718048607192,45.04537205081672
300867.SZ,20260908,17.4,2400,41760.0,-0.2293577981651529,0.2593160476314868,43.623853211009084
300868.SZ,20260908,82.46,4200,346332.0,0.048531909730642475,2.0219237508968746,45.29119145838386
300869.SZ,20260908,11.21,200,2242.0,-0.17809439002670624,0.0890418725164238,14.958970712796045
300870.SZ,20260908,216.0,26100,5637600.0,-0.11560693641619046,4.3296132274673935,44.30635838150286
300871.SZ,20260908,22.77,15900,362043.0,0.13192612137202797,3.7658847426556896,45.791556728232166
300872.SZ,20260908,15.52,17700,274704.0,-0.5765534913516945,1.7042371191998296,41.54067905188983
300873.SZ,20260908,16.48,78500,1293680.0,0.7951070336391419,8.206384807923907,49.77064220183485
300875.SZ,20260908,35.25,35100,1237275.0,0.14204545454543638,6.18278084037141,45.85227272727262
300876.SZ,20260908,15.47,3000,46410.0,0.0,1.5353172561548643,45.0
300877.SZ,20260908,26.61,31000,824910.0,0.6429652042359901,14.47054127690192,48.85779122541594
300878.SZ,20260908,34.09,2200,74998.0,0.029342723004699423,0.7776817143347194,45.1760563380282
300879.SZ,20260908,18.21,124200,2261682.0,3.7606837606837695,9.273925000866804,67.56410256410263
300880.SZ,20260908,21.24,5900,125316.0,-0.2348520432127743,1.9731173738470689,43.59088774072335
300881.SZ,20260908,31.69,1000,31690.0,0.1263823064771019,1.221876898715586,45.75829383886261
300882.SZ,20260908,14.0,5100,71400.0,-0.497512437810943,3.0900580006483405,42.01492537313434
300883.SZ,20260908,6.78,9700,65766.0,0.7429420505200568,1.4972060395096114,49.45765230312034
300884.SZ,20260908,12.82,20200,258964.0,-0.46583850931677384,4.34462675127436,42.204968944099356
300885.SZ,20260908,19.77,1800,35586.0,-0.1010611419908991,0.7489312482124333,44.393633148054604
300886.SZ,20260908,23.57,1700,40069.0,0.3833049403747957,1.7053999967831959,47.299829642248774
300887.SZ,20260908,7.35,8900,65415.0,0.0,0.8709801272985356,45.0
300888.SZ,20260908,29.45,2100,61845.0,-0.405816706121076,0.9072368064216423,42.565099763273544
300889.SZ,20260908,27.02,262200,7084644.0,0.4460966542751077,17.856065469205504,47.67657992565064
300890.SZ,20260908,25.93,600,15558.0,0.07719027402546264,0.2383275148903318,43.3620943244125
300891.SZ,20260908,7.55,2000,15100.0,0.5326231691078487,0.36326520239130694,48.19573901464709
300892.SZ,20260908,24.83,17400,432042.0,0.0,3.8176855306786477,45.0
300893.SZ,20260908,14.3,14100,201630.0,-0.13966480446927498,7.346805442621909,44.162011173184354
300894.SZ,20260908,10.24,37700,386048.0,0.0,3.9804734335392804,45.0
300895.SZ,20260908,56.56,16500,933240.0,-0.33480176211453383,3.428219657931526,42.9911894273128
300896.SZ,20260908,92.98,8100,753138.0,0.0215146299483715,4.180214834018333,45.12908777969023
300897.SZ,20260908,16.07,2000,32140.0,0.4375000000000018,1.8252255397949073,47.625000000000014
300898.SZ,20260908,21.39,19700,421383.0,0.4697040864255486,3.123003920052613,47.81822451855329
300899.SZ,20260908,31.7,3500,110950.0,0.0,5.502419229494673,45.0
300900.SZ,20260908,23.47,15700,368479.0,-0.3397027600849367,1.830551613514674,42.96178343949038
300901.SZ,20260908,21.1,348400,7351240.0,-1.217228464419462,23.214658145759156,37.69662921348323
300902.SZ,20260908,16.16,4700,75952.0,-0.49261083743841194,1.8744176871900924,42.04433497536953
300903.SZ,20260908,90.94,101900,9266786.0,1.9964109466128255,4.97341767176339,56.97846567967695
300904.SZ,20260908,42.31,7500,317325.0,0.7380952380952488,16.599458888765028,49.428571428571495
300905.SZ,20260908,36.11,1100,39721.0,1.0069930069930066,0.4182326907496635,51.04195804195804
300906.SZ,20260908,29.4,4600,135240.0,-0.10193679918450993,5.111031335754283,44.38837920489294
300907.SZ,20260908,53.53,11300,604889.0,0.7908115232536206,3.290858149345322,49.744869139521725
300908.SZ,20260908,25.92,7602,197043.84,-0.4608294930875445,4.281994775722654,42.23502304147473
300909.SZ,20260908,56.5,4700,265550.0,0.0,0.9743094164970925,45.0
300910.SZ,20260908,30.1,12200,367220.0,-0.03321155762204819,2.0844897714224286,44.80073065426771
300911.SZ,20260908,27.88,349500,9744060.0,0.0,13.503434985093023,45.0
300912.SZ,20260908,21.06,17100,360126.0,-0.0948766603415585,7.051255506493698,44.43074003795065
300913.SZ,20260908,36.16,17300,625568.0,-0.11049723756907381,2.5310962844526315,44.337016574585554
300915.SZ,20260908,20.4,6600,134640.0,-0.24449877750611915,2.3487266471025774,43.53300733496329
300916.SZ,20260908,26.56,24500,650720.0,0.15082956259426794,5.711744841513291,45.90497737556561
300917.SZ,20260908,28.96,66600,1928736.0,1.3650682534126712,3.8907982092090307,53.190409520476024
300918.SZ,20260908,11.17,41500,463555.0,0.8122743682310363,5.970000026532761,49.873646209386216
300919.SZ,20260908,38.75,10500,406875.0,-0.5134788189987249,1.6945199383577763,41.91912708600765
300920.SZ,20260908,34.67,7100,246157.0,-0.4593741027849485,3.846412556153663,42.243755383290306
300921.SZ,20260908,16.0,20300,324800.0,0.439422473320783,3.9284822154288794,47.6365348399247
300922.SZ,20260908,18.96,27800,527088.0,-0.47244094488189115,1.7133446572195692,42.16535433070865
300923.SZ,20260908,25.05,9600,240480.0,0.6024096385542244,13.250981962894276,48.614457831325346
300925.SZ,20260908,14.71,10500,154455.0,0.0,2.108032771370598,45.0
300926.SZ,20260908,17.68,7100,125528.0,0.22675736961450532,3.2425278253242014,46.360544217687035
300927.SZ,20260908,29.98,150000,4497000.0,-0.9907529722589237,6.246414388073342,39.05548216644646
300928.SZ,20260908,25.03,11700,292851.0,-0.07984031936127955,13.10537472920052,44.520958083832326
300929.SZ,20260908,15.94,54300,865542.0,0.0,14.494600615494443,45.0
300930.SZ,20260908,25.68,3300,84744.0,-0.07782101167315147,3.06863754719499,44.53307392996109
300931.SZ,20260908,15.34,37600,576784.0,0.3270111183780289,6.756850587533073,46.962066710268175
300932.SZ,20260908,11.41,48000,547680.0,-0.5231037489102031,3.6536733237092074,41.86137750653878
300933.SZ,20260908,7.3,311500,2273950.0,1.2482662968099856,18.519375514692268,52.48959778085991
300935.SZ,20260908,29.75,4817,143305.75,1.9883441892355025,2.4797420063651523,56.93006513541302
300936.SZ,20260908,77.5,10500,813750.0,-0.3599897145795894,3.240694977765429,42.84006171252246
300937.SZ,20260908,25.1,4000,100400.0,-0.9080142123963575,1.2020946956964278,39.551914725621856
300938.SZ,20260908,28.94,67700,1959238.0,-0.2068965517241339,5.110730676808984,43.758620689655196
300939.SZ,20260908,70.0,14900,1043000.0,1.4345746993189357,2.1401945124125876,53.60744819591361
300940.SZ,20260908,14.02,4300,60286.0,0.07137758743753775,1.57732782113626,45.428265524625225
300941.SZ,20260908,15.6,13700,213720.0,-1.1406844106463865,2.893937343024879,38.15589353612168
300942.SZ,20260908,6.54,100,654.0,-0.15267175572518665,0.019634100747792288,2.618107600251492
300943.SZ,20260908,36.79,98800,3634852.0,-1.7623497997329873,5.994041781587719,34.42590120160207
300945.SZ,20260908,12.6,59000,743400.0,-0.15847860538826808,3.618945541982082,44.04912836767039
300946.SZ,20260908,40.4,26600,1074640.0,0.0,9.05655359973682,45.0
300947.SZ,20260908,15.01,5000,75050.0,-0.596026490066226,1.3174229376954605,41.423841059602644
300948.SZ,20260908,20.93,7100,148603.0,0.09564801530368428,3.5771888055046266,45.573888091822106
300949.SZ,20260908,24.2,44000,1064800.0,2.5423728813559254,13.177655520783361,60.254237288135556
300950.SZ,20260908,19.06,47400,903444.0,0.5804749340369453,14.225067560159026,48.48284960422167
300951.SZ,20260908,80.0,12800,1024000.0,-0.4975124378109541,2.7248580774022195,42.014925373134275
300952.SZ,20260908,16.51,10300,170053.0,-0.6020469596628386,3.2516330445139894,41.38771824202297
300953.SZ,20260908,92.25,16500,1522125.0,-0.03250975292587999,4.156386114410739,44.80494148244472
300955.SZ,20260908,30.58,4600,140668.0,0.0,3.2410144389571,45.0
300956.SZ,20260908,11.35,10400,118040.0,0.08818342151675207,3.563406101320077,45.52910052910051
300957.SZ,20260908,33.04,22100,730184.0,-0.24154589371979673,3.8835273701144604,43.55072463768122
300958.SZ,20260908,12.47,10000,124700.0,0.08025682182986049,5.221085767282516,45.481540930979165
300959.SZ,20260908,96.59,3900,376701.0,0.0103541105819005,1.7096079680890948,45.0621246634914
300960.SZ,20260908,16.95,3700,62715.0,0.05903187721367775,2.620228395509754,45.35419126328207
300961.SZ,20260908,15.05,550300,8282015.0,0.4002668445630464,16.761592973162948,47.40160106737828
300962.SZ,20260908,13.12,1800,23616.0,-0.5307050796057644,0.9604430523800629,41.815769522365414
300963.SZ,20260908,11.66,4300,50138.0,0.3442340791738552,0.9739177771969797,47.06540447504313
300964.SZ,20260908,60.47,7900,477713.0,-0.9175815172865809,1.0118873592764954,39.49451089628052
300965.SZ,20260908,43.47,1000,43470.0,0.09210223347915214,2.155765433974997,45.55261340087491
300966.SZ,20260908,23.64,1800,42552.0,0.2544529262086703,1.2824950665442,46.52671755725202
300967.SZ,20260908,18.27,29900,546273.0,0.164473684210531,2.62740540262506,45.986842105263186
300968.SZ,20260908,10.66,56211,599209.26,-0.09372071227741197,6.574142979919491,44.43767572633553
300969.SZ,20260908,85.0,28400,2414000.0,0.40160642570281624,12.754151117365929,47.4096385542169
300970.SZ,20260908,19.99,136700,2732633.0,-0.744786494538241,4.158563191382751,40.53128103277055
300971.SZ,20260908,17.86,2000,35720.0,0.0,1.238237609338946,45.0
300972.SZ,20260908,181.53,3700,671661.0,0.4537657019534125,3.6142871007692046,47.72259421172048
300973.SZ,20260908,27.36,9900,270864.0,0.5143277002204183,4.184708029016423,48.085966201322506
300975.SZ,20260908,25.18,84700,2132746.0,-0.15860428231562196,2.644357663133056,44.04837430610627
300976.SZ,20260908,60.54,26600,1610364.0,-1.0137344669718718,3.852218673507973,38.91759319816877
300977.SZ,20260908,19.44,31700,616248.0,-0.35879036391593955,10.83909131770859,42.84725781650436
300978.SZ,20260908,8.86,11100,98346.0,-0.3374578177727905,4.6221180580918775,42.97525309336326
300979.SZ,20260908,32.67,4700,153549.0,0.0,1.7706088479105357,45.0
300980.SZ,20260908,23.95,6800,162860.0,0.4614093959731447,2.843990706094726,47.768456375838866
300981.SZ,20260908,15.53,44700,694191.0,-0.956632653061229,3.724278622458885,39.26020408163262
300982.SZ,20260908,14.88,4400,65472.0,-0.13422818791946067,2.7865558355906366,44.19463087248324
300983.SZ,20260908,,0,0.0,,0.0,0.0
300984.SZ,20260908,30.99,2700,83673.0,1.8402891883010142,0.9189642330220044,56.041735129806085
300985.SZ,20260908,36.2,4100,148420.0,-0.02761668047500665,1.8099843105262448,44.83429991714996
300986.SZ,20260908,12.15,132800,1613520.0,0.0,6.276286232494949,45.0
300987.SZ,20260908,15.16,119300,1808588.0,3.835616438356171,9.10461671442334,68.01369863013703
300988.SZ,20260908,15.88,33000,524040.0,-0.7499999999999951,8.89554890877763,40.50000000000003
300989.SZ,20260908,15.12,12100,182952.0,-0.26385224274406704,3.3211025437511617,43.4168865435356
300990.SZ,20260908,96.81,78400,7589904.0,-0.8094262295081922,7.116437211079292,40.14344262295084
300991.SZ,20260908,27.65,3700,102305.0,0.43588812204866656,1.8668148026470834,47.615328732292
300992.SZ,20260908,26.42,4200,110964.0,1.7327685791297842,1.7105062377968387,55.39661147477871
300993.SZ,20260908,10.03,700,7021.0,-0.09960159362549792,0.13813289671989862,24.266311847828767
300994.SZ,20260908,11.4,5300,60420.0,0.17574692442881013,2.9095663440165307,46.05448154657286
300995.SZ,20260908,27.51,16100,442911.0,0.0,5.59274518001496,45.0
300996.SZ,20260908,13.82,94900,1311518.0,-0.21660649819493782,4.913712965782945,43.70036101083037
300997.SZ,20260908,17.89,111900,2001891.0,0.9593679458239412,4.076793172243895,50.756207674943646
300998.SZ,20260908,29.95,9000,269550.0,-0.4983388704319025,2.223493972419443,42.009966777408586
300999.SZ,20260908,27.4,86800,2378320.0,0.0,3.660688260202222,45.0
301000.SZ,20260908,24.31,10100,245531.0,0.08233841086866533,4.167560468645852,45.49403046521199
301001.SZ,20260908,25.9,10800,279720.0,0.34870205346764216,8.53467052430764,47.09221232080586
301002.SZ,20260908,28.35,8200,232470.0,0.0,2.124206441905207,45.0
301003.SZ,20260908,61.5,500,30750.0,0.16286644951140072,0.21150019772689216,39.04723428790899
301004.SZ,20260908,33.56,1300,43628.0,0.0,3.34334359280325,45.0
301005.SZ,20260908,65.98,29000,1913420.0,0.060661207158041464,5.35411151688117,45.36396724294825
301006.SZ,20260908,13.98,5700,79686.0,0.4310344827586299,5.184063638520685,47.58620689655178
301007.SZ,20260908,31.59,900,28431.0,0.4770992366412097,0.3105061267252479,47.86259541984726
301008.SZ,20260908,45.74,42500,1943950.0,0.9713024282560712,4.334392923255575,50.82781456953643
301009.SZ,20260908,9.27,13900,128853.0,0.32467532467532756,5.46248908958388,46.94805194805197
301010.SZ,20260908,17.9,13200,236280.0,-0.33407572383075124,12.336387408927903,42.99554565701549
301011.SZ,20260908,15.7,20300,318710.0,-0.31746031746032743,6.773011727589558,43.09523809523804
301012.SZ,20260908,23.24,13000,302120.0,-0.1718213058419349,2.5348776013298937,43.96907216494839
301013.SZ,20260908,36.89,191700,7071813.0,-2.278145695364242,12.924487679119858,31.331125827814546
301015.SZ,20260908,23.49,1900,44631.0,0.17057569296374808,0.18814016470227246,34.88868380419153
301016.SZ,20260908,14.89,31900,474991.0,1.017639077340582,4.112897086915411,51.10583446404349
301017.SZ,20260908,13.3,5100,67830.0,0.0,1.3761632413138867,45.0
301018.SZ,20260908,106.22,98632,10476691.04,-0.2816372512204235,5.655965971282586,43.310176492677456
301019.SZ,20260908,15.48,2600,40248.0,0.06464124111182912,2.566564860507885,45.387847446670975
301020.SZ,20260908,20.99,2900,60871.0,-0.2850356294536893,1.8089803955156094,43.289786223277865
301021.SZ,20260908,73.01,12800,934528.0,-1.3245033112582627,2.1333041170112463,37.05298013245042
301022.SZ,20260908,22.85,26000,594100.0,-0.6521739130434745,8.644803931042073,41.086956521739154
301023.SZ,20260908,28.73,2100,60333.0,0.0,1.3941624565853188,45.0
301024.SZ,20260908,33.82,4400,148808.0,-0.029559562518466365,5.35693980990265,44.8226426248892
301025.SZ,20260908,10.42,298100,3106202.0,1.5594541910331383,6.505410483554164,54.356725146198826
301026.SZ,20260908,20.21,34400,695224.0,0.1983143282102029,9.19896496882865,46.18988596926122
301027.SZ,20260908,20.7,78100,1616670.0,-1.0043041606886738,9.428758726342023,38.97417503586796
301028.SZ,20260908,13.48,5800,78184.0,-0.0741289844329085,1.6966555165963126,44.55522609340255
301029.SZ,20260908,25.89,13200,341748.0,0.0,2.2947921249632857,45.0
301030.SZ,20260908,7.46,107700,803442.0,-0.7978723404255317,16.046940329730344,40.21276595744681
301031.SZ,20260908,97.12,2700,262224.0,0.12371134020618957,1.6945096025604043,45.74226804123714
301032.SZ,20260908,10.28,1100,11308.0,0.09737098344693162,0.41913431857734235,45.58422590068159
301033.SZ,20260908,55.07,1500,82605.0,0.3279285844416169,2.078959718103683,46.967571506649705
301035.SZ,20260908,56.08,2600,145808.0,-0.035650623885918886,1.1543301359551805,44.78609625668449
301036.SZ,20260908,22.7,2900,65830.0,0.5314437555358875,4.3506857600726665,48.18866253321532
301037.SZ,20260908,13.32,5000,66600.0,0.0,3.9059088835909543,45.0
301038.SZ,20260908,17.85,25900,462315.0,0.056053811659206865,5.835605548221335,45.33632286995524
301039.SZ,20260908,7.81,3000,23430.0,0.12820512820512775,0.31313658572113945,45.76923076923077
301040.SZ,20260908,28.0,7200,201600.0,-0.2849002849002802,4.479894174944267,43.29059829059832
301041.SZ,20260908,30.5,47300,1442650.0,-0.326797385620925,9.483801390628997,43.03921568627445
301042.SZ,20260908,32.13,7400,237762.0,-0.06220839813373402,2.2000303658635603,44.626749611197596
301043.SZ,20260908,50.4,1000,50400.0,1.9417475728155331,0.8214414605855029,56.6504854368932
301045.SZ,20260908,64.87,600,38922.0,-0.506134969325156,0.26248584243288564,41.96319018404906
301046.SZ,20260908,31.24,123900,3870636.0,-0.5095541401273884,13.262507232785097,41.94267515923567
301047.SZ,20260908,93.17,18000,1677060.0,-0.15003750937734317,1.4958716325146668,44.09977494373594
301048.SZ,20260908,9.24,14300,132132.0,0.6535947712418277,2.5257717539158357,48.92156862745097
301049.SZ,20260908,20.76,4100,85116.0,0.0,6.672116758750961,45.0
301050.SZ,20260908,28.86,700,20202.0,0.03466204506066273,0.33396387162636143,45.207972270363975
301051.SZ,20260908,18.48,22900,423192.0,1.1494252873563315,2.34981747654269,51.89655172413799
301052.SZ,20260908,25.51,45200,1153052.0,0.3145890680299024,4.689672320281344,46.88753440817941
301053.SZ,20260908,32.47,9600,311712.0,-0.3987730061349781,4.438538547653441,42.60736196319013
301055.SZ,20260908,26.98,9700,261706.0,-0.8452774715178246,2.1578032361573767,39.92833517089305
301056.SZ,20260908,14.79,35300,522087.0,0.0,7.360199807685497,45.0
301057.SZ,20260908,21.48,13300,285684.0,-0.8310249307479256,5.046361628942896,40.013850415512444
301058.SZ,20260908,9.2,35700,328440.0,0.10881392818280489,1.4300199886621359,45.65288356909683
301059.SZ,20260908,12.47,10000,124700.0,0.0,6.467338297276694,45.0
301060.SZ,20260908,10.43,32300,336889.0,-0.191387559808609,2.1934496637059553,43.85167464114835
301061.SZ,20260908,38.07,4600,175122.0,-0.36639623135305,2.091306220357018,42.8016226118817
301062.SZ,20260908,7.38,18900,139482.0,-0.9395973154362469,3.302256821149048,39.362416107382515
301063.SZ,20260908,18.07,5800,104806.0,-0.49559471365638874,4.625468037798281,42.026431718061666
301065.SZ,20260908,19.68,2300,45264.0,0.15267175572519776,1.467212961249868,45.91603053435119
301066.SZ,20260908,13.69,221300,3029597.0,4.1064638783269825,32.11844583826321,69.63878326996189
301067.SZ,20260908,31.8,23900,760020.0,1.016518424396451,5.926106527644781,51.099110546378704
301068.SZ,20260908,28.32,2400,67968.0,0.782918149466183,3.6322040677928062,49.697508896797096
301069.SZ,20260908,16.26,1700,27642.0,0.12315270935963074,0.45982978393619856,45.738916256157786
301070.SZ,20260908,66.46,4700,312362.0,0.015048908954096163,2.0516685628978317,45.09029345372458
301071.SZ,20260908,61.92,123500,7647120.0,0.8797653958944274,5.223017780436948,50.278592375366564
301072.SZ,20260908,44.86,3300,148038.0,0.0,1.8620254464232986,45.0
301073.SZ,20260908,21.0,135000,2835000.0,-0.8030231459612791,12.116216224829882,40.18186112423233
301075.SZ,20260908,61.05,600,36630.0,0.0,0.6821004731948666,45.0
301076.SZ,20260908,21.94,15000,329100.0,0.0,4.687961710944096,45.0
301077.SZ,20260908,21.53,9300,200229.0,-0.5083179297597051,5.62812070388283,41.95009242144177
301078.SZ,20260908,7.36,17900,131744.0,-0.13568521031207537,0.8505297498923627,44.185888738127545
301079.SZ,20260908,29.4,8200,241080.0,0.3070624360286489,2.227988112148561,46.842374616171895
301080.SZ,20260908,82.78,16400,1357592.0,1.2227928588897097,1.0275654789545712,52.336757153338255
301081.SZ,20260908,15.9,22600,359340.0,1.016518424396451,4.3343791241439,51.099110546378704
301082.SZ,20260908,10.22,4100,41902.0,0.19607843137257053,0.8794375844233033,46.176470588235425
301083.SZ,20260908,14.05,4200,59010.0,-0.07112375533427917,3.1676527312134195,44.573257467994324
301085.SZ,20260908,71.87,263700,18952119.0,7.2686567164179205,27.015810264596247,88.61194029850752
301086.SZ,20260908,153.87,45500,7001085.0,-0.40132047381707947,7.321134025166729,42.59207715709752
301087.SZ,20260908,52.5,17300,908250.0,0.2865329512893977,7.046574296151937,46.719197707736384
301088.SZ,20260908,13.59,7700,104643.0,0.07363770250368162,4.573072402981012,45.44182621502209
301089.SZ,20260908,,0,0.0,,0.0,0.0
301090.SZ,20260908,7.1,55300,392630.0,-0.42075736325386526,8.320300329397941,42.47545582047681
301091.SZ,20260908,19.94,20200,402788.0,-0.44932601098351954,2.3092334608891645,42.304043934098885
301092.SZ,20260908,44.13,6700,295671.0,-0.5409060175794345,4.35692278426911,41.75456389452339
301093.SZ,20260908,61.42,11300,694046.0,0.016283992835042227,2.2621400524053397,45.09770395701025
301095.SZ,20260908,74.39,19400,1443166.0,-0.3082283570088551,3.043573496377156,43.15062985794687
301096.SZ,20260908,43.26,3200,138432.0,-0.9842069123369157,1.1948505239236866,39.094758525978506
301097.SZ,20260908,34.87,3500,122045.0,0.0,7.086976657717109,45.0
301098.SZ,20260908,9.6,36500,350400.0,0.31347962382444194,4.906271533748629,46.88087774294665
301099.SZ,20260908,49.5,10400,514800.0,-0.8612056879631513,1.9600145160609184,39.83276587222109
301100.SZ,20260908,15.89,10400,165256.0,0.1260239445494804,14.034289130678479,45.75614366729688
301101.SZ,20260908,29.67,5000,148350.0,0.03371544167229956,4.101006548974071,45.2022926500338
301102.SZ,20260908,,0,0.0,,0.0,0.0
301103.SZ,20260908,16.41,6800,111588.0,0.0,3.986700779489177,45.0
301105.SZ,20260908,52.19,4100,213979.0,-0.11483253588516762,5.381996142249233,44.311004784689
301106.SZ,20260908,19.95,22900,456855.0,-0.15015015015015232,4.673890590140186,44.099099099099085
301107.SZ,20260908,22.14,6900,152766.0,-0.31517334533993635,3.9055126610324793,43.108959927960385
301108.SZ,20260908,41.14,8600,353804.0,-0.14563106796117165,4.772955043543406,44.12621359223297
301109.SZ,20260908,12.89,4800,61872.0,-0.07751937984495916,1.4105688475897369,44.534883720930246
301110.SZ,20260908,37.6,9200,345920.0,-0.0797236247674804,2.7607492697013707,44.52165825139512
301111.SZ,20260908,22.87,7800,178386.0,0.08752735229760056,1.465788929605321,45.52516411378561
301112.SZ,20260908,30.41,1800,54738.0,-0.42567125081859336,1.0719164208832825,42.44597249508844
301113.SZ,20260908,17.7,7100,125670.0,0.4540295119182636,8.378342171494284,47.72417707150958
301115.SZ,20260908,29.56,10100,298556.0,0.03384094754652622,2.93212465677994,45.20304568527916
301116.SZ,20260908,10.01,7700,77077.0,-0.1994017946161497,1.07697288312883,43.8035892323031
301117.SZ,20260908,14.86,1200,17832.0,0.13477088948787852,0.1639222983375571,30.314639037687545
301118.SZ,20260908,23.3,3500,81550.0,0.04293688278231844,1.3477924895038151,45.25762129669391
301119.SZ,20260908,28.09,51400,1443826.0,-2.431399791594302,7.246338039930132,30.411601250434188
301120.SZ,20260908,15.2,10600,161120.0,-0.5886200130804431,1.7288447750194809,41.46827992151734
301121.SZ,20260908,36.58,3723,136187.34,0.10946907498632363,3.754573542210883,45.656814449917945
301122.SZ,20260908,46.88,14200,665696.0,0.6008583690987113,1.5477959298025117,48.60515021459227
301123.SZ,20260908,79.14,85200,6742728.0,-1.1985018726591634,8.916872023519844,37.80898876404502
301125.SZ,20260908,13.87,53900,747593.0,-0.7868383404864177,21.0190606090119,40.27896995708149
301126.SZ,20260908,10.61,10600,112466.0,0.09433962264151496,3.3473020030358045,45.56603773584909
301127.SZ,20260908,18.41,101836,1874800.76,0.4912663755458402,3.388697118153882,47.94759825327504
301128.SZ,20260908,122.66,54215,6650011.9,-0.5271267537101609,6.962318457600836,41.83723947773903
301129.SZ,20260908,23.47,900,21123.0,-0.29736618521665203,0.42192496572700083,43.21580288870009
301130.SZ,20260908,27.51,18200,500682.0,-1.0075566750629594,2.414774377153294,38.95465994962224
301131.SZ,20260908,33.69,1000,33690.0,0.507159904534582,1.748853809181674,48.04295942720749
301132.SZ,20260908,41.0,13700,561700.0,-0.7984514880232219,1.5940817416424211,40.20929107186067
301133.SZ,20260908,33.0,287300,9480900.0,-0.39239360096590126,31.721402409977173,42.645638394204596
301135.SZ,20260908,17.32,2900,50228.0,0.5807200929152323,1.6047432360821807,48.484320557491394
301136.SZ,20260908,12.35,74900,925015.0,0.40650406504063596,7.399143162751928,47.439024390243816
301137.SZ,20260908,32.69,8900,290941.0,-0.517346317711509,3.8625034732922683,41.895922093730945
301138.SZ,20260908,,0,0.0,,0.0,0.0
301139.SZ,20260908,,0,0.0,,,0.0
301141.SZ,20260908,40.0,2300,92000.0,1.522842639593902,2.084477833447248,54.13705583756341
301148.SZ,20260908,55.27,9700,536119.0,0.0,5.641829038646852,45.0
301149.SZ,20260908,8.6,354060,3044916.0,1.0575793184488758,31.959223089599572,51.34547591069325
301150.SZ,20260908,37.9,34000,1288600.0,-0.6813417190775661,3.031781936694446,40.9119496855346
301151.SZ,20260908,22.0,145600,3203200.0,0.9637448370812374,16.19035946311399,50.782469022487426
301152.SZ,20260908,22.33,9200,205436.0,0.26942074539739735,1.9054735598862464,46.616524472384384
301153.SZ,20260908,18.24,19100,348384.0,-0.3278688524590234,5.151453227640784,43.03278688524586
301155.SZ,20260908,37.52,5239,196567.28,-0.23929805902684897,1.6573104649981707,43.56421164583891
301156.SZ,20260908,12.63,38300,483729.0,0.3177124702144596,4.3664018243437,46.90627482128676
301157.SZ,20260908,62.73,1400,87822.0,-0.25441246621085156,1.462532606473513,43.47352520273489
301158.SZ,20260908,15.09,21100,318399.0,-0.26437541308659274,2.269269364998396,43.413747521480445
301159.SZ,20260908,32.13,1400,44982.0,-0.12433944668945873,0.9328605809985769,44.253963319863246
301160.SZ,20260908,44.22,8700,384714.0,0.0,1.6349118835951484,45.0
301161.SZ,20260908,28.62,1700,48654.0,0.21008403361344463,0.61602717888515,46.26050420168067
301162.SZ,20260908,36.84,1300,47892.0,0.6007646095030239,1.3571909201717032,48.60458765701814
301163.SZ,20260908,23.07,1600,36912.0,-0.30250648228176136,1.8863878554889533,43.18496110630943
301165.SZ,20260908,111.89,70400,7877056.0,-0.08929368693633144,5.489302579631107,44.46423787838201
301166.SZ,20260908,28.52,4100,116932.0,0.31656700668307725,2.5502534295262094,46.899402040098465
301167.SZ,20260908,13.74,3400,46716.0,-0.7225433526011571,2.2925048987349412,40.66473988439306
301168.SZ,20260908,40.38,700,28266.0,-0.7862407862407883,0.8058288795268186,40.28255528255527
301169.SZ,20260908,57.38,1100,63118.0,1.0211267605633845,0.5632699505243979,51.12676056338031
301170.SZ,20260908,23.02,14800,340696.0,0.5240174672489051,18.49756124681216,48.144104803493434
301171.SZ,20260908,40.3,1067940,43037982.0,0.0,13.248771353682347,45.0
301172.SZ,20260908,18.4,12700,233680.0,-0.6479481641468721,2.3403014021577144,41.11231101511877
301173.SZ,20260908,33.56,1300,43628.0,0.38887227041579653,3.0024999728159094,47.33323362249478
301175.SZ,20260908,5.69,35300,200857.0,0.3527336860670305,2.95612963046041,47.116402116402185
301176.SZ,20260908,46.46,39700,1844462.0,-0.5990586221651717,6.921667792241349,41.40564826700897
301177.SZ,20260908,24.14,13800,333132.0,-0.24793388429751317,4.927083156713901,43.51239669421492
301178.SZ,20260908,35.27,3900,137553.0,0.5129666571672908,2.649469045078179,48.07779994300375
301179.SZ,20260908,20.25,900,18225.0,-0.0493583415597354,0.3052735638817244,44.70384995064159
301180.SZ,20260908,11.93,20000,238600.0,-0.16736401673639323,3.8658310984368596,43.99581589958164
301181.SZ,20260908,25.42,4200,106764.0,-0.9738994935722611,1.5263527582961676,39.15660303856643
301182.SZ,20260908,73.45,25000,1836250.0,0.0953938402834753,3.711888956352474,45.572363041700854
301183.SZ,20260908,242.87,25300,6144611.0,0.049433573635426775,7.008666896288262,45.29660144181256
301185.SZ,20260908,17.43,3800,66234.0,0.11487650775416913,2.0874803965501987,45.68925904652502
301186.SZ,20260908,35.12,1300,45656.0,0.659214674691877,1.3132305661190966,48.95528804815126
301187.SZ,20260908,14.62,1000,14620.0,0.274348422496562,0.7261640163319155,46.64609053497937
301188.SZ,20260908,34.3,239600,8218280.0,-3.8677130044843078,9.328355037524895,21.793721973094154
301189.SZ,20260908,56.0,10700,599200.0,-0.990099009900991,1.2204605509746231,39.059405940594054
301190.SZ,20260908,18.47,13700,253039.0,-0.698924731182804,2.2401834551061865,40.806451612903174
301191.SZ,20260908,84.51,3700,312687.0,-0.5881660981061021,1.1450083221635727,41.471003411363384
301192.SZ,20260908,19.94,2000,39880.0,0.352289884247603,1.8331888458289776,47.113739305485616
301193.SZ,20260908,20.46,108100,2211726.0,-0.19512195121951237,12.315743557502076,43.829268292682926
301195.SZ,20260908,26.16,1300,34008.0,-0.11454753722794919,1.8879750401794264,44.312714776632305
301196.SZ,20260908,88.61,24100,2135501.0,-0.07893549842129532,4.000069124234031,44.52638700947223
301197.SZ,20260908,26.99,25400,685546.0,0.2600297176819977,7.518610462905212,46.560178306091984
301198.SZ,20260908,13.25,7400,98050.0,0.3028009084027117,2.4012326692764754,46.81680545041627
301199.SZ,20260908,18.08,3300,59664.0,0.4444444444444251,2.930584085261741,47.66666666666655
301200.SZ,20260908,265.92,6000,1595520.0,-0.739081746920478,2.1549858351672984,40.56550951847713
301201.SZ,20260908,35.1,4000,140400.0,-0.48199603062092367,1.003219659362371,42.10802381627446
301202.SZ,20260908,36.31,200,7262.0,-0.0825536598789256,0.13712566620570402,24.18729795775317
301203.SZ,20260908,35.36,10700,378352.0,-0.45045045045045695,14.714088131146848,42.297297297297256
301205.SZ,20260908,321.3,39300,12627090.0,0.7273183271678363,7.259873418385421,49.36390996300702
301206.SZ,20260908,25.18,79500,2001810.0,6.559458315700395,4.818767559809211,84.35674989420237
301207.SZ,20260908,17.61,21200,373332.0,1.0907003444316832,1.4698065442419377,51.5442020665901
301208.SZ,20260908,31.0,3700,114700.0,-0.16103059581320522,2.8444892630362038,44.03381642512077
301209.SZ,20260908,60.13,600,36078.0,0.0,0.32215040040853504,45.0
301210.SZ,20260908,25.54,7700,196658.0,-0.19538882375927935,2.263098568171111,43.82766705744432
301211.SZ,20260908,11.8,12900,152220.0,0.08481764206955678,0.9945048108781166,45.50890585241734
301212.SZ,20260908,26.01,20500,533205.0,0.038461538461542766,11.970497592521127,45.230769230769255
301213.SZ,20260908,40.4,1100,44440.0,0.723011717776112,0.7462018660005434,49.338070306656675
301215.SZ,20260908,5.36,107800,577808.0,0.5628517823639712,10.759272326098234,48.37711069418383
301216.SZ,20260908,20.08,97900,1965832.0,-0.8395061728395103,3.182268526218807,39.96296296296294
301217.SZ,20260908,107.5,228800,24596000.0,0.47668006355734427,8.197571516745178,47.86008038134406
301218.SZ,20260908,45.44,89900,4085056.0,-1.6663059943735181,10.183549181034852,35.00216403375889
301219.SZ,20260908,43.52,40000,1740800.0,0.7640657559620401,7.525285673030042,49.58439453577224
301220.SZ,20260908,26.53,9000,238770.0,-0.9705113848450853,7.555733430838591,39.176931690929486
301221.SZ,20260908,27.69,900,24921.0,-0.07217610970768895,0.6331622930126127,44.56694334175387
301222.SZ,20260908,25.23,10700,269961.0,0.0,7.294264135897974,45.0
301223.SZ,20260908,17.61,900,15849.0,-0.1700680272108901,1.4080678047415343,43.979591836734656
301225.SZ,20260908,60.5,26700,1615350.0,0.0,7.66963155029116,45.0
301226.SZ,20260908,32.83,4700,154301.0,-0.3339404978749183,1.9674525661197464,42.996357012750494
301227.SZ,20260908,35.3,2700,95310.0,0.36963321012224437,1.2090025647834446,47.217799260733464
301228.SZ,20260908,58.15,8800,511720.0,0.05161734342740143,2.905623973975666,45.30970406056441
301229.SZ,20260908,12.28,11800,144904.0,-0.2437043054427379,4.391923384679947,43.53777416734357
301230.SZ,20260908,30.08,33900,1019712.0,0.0,1.345300149039027,45.0
301231.SZ,20260908,29.86,88521,2643237.06,0.2013422818791799,9.194731439893452,46.20805369127508
301232.SZ,20260908,98.4,4900,482160.0,-0.18259281801581428,1.7069639884844878,43.904443091905115
301233.SZ,20260908,33.46,4300,143878.0,0.0,4.309234960975447,45.0
301234.SZ,20260908,105.0,100300,10531500.0,-8.376963350785338,45.483564806348745,15.0
301235.SZ,20260908,47.19,13100,618189.0,-1.2554927809165117,2.0371800428004923,37.46704331450093
301236.SZ,20260908,37.58,39100,1469378.0,-0.34473614425882815,2.532518226028435,42.93158313444703
301237.SZ,20260908,37.47,2200,82434.0,2.209492635024546,1.1845732485246752,58.256955810147275
301238.SZ,20260908,15.8,8400,132720.0,-0.12642225031604948,1.6697830624437846,44.241466498103705
301239.SZ,20260908,33.35,2700,90045.0,0.06000600060007688,1.8821133695683774,45.36003600360046
301246.SZ,20260908,18.22,12000,218640.0,-0.054854635216683434,2.7334060529359756,44.6708721886999
301248.SZ,20260908,57.83,5600,323848.0,-0.5331957344341332,1.5446302023115333,41.8008255933952
301251.SZ,20260908,55.78,35800,1996924.0,0.25161754133717906,5.9584729082894246,46.509705248023074
301252.SZ,20260908,37.45,4900,183505.0,-0.05337603416064596,1.6628264047041597,44.679743795036124
301255.SZ,20260908,20.04,12100,242484.0,1.0080645161290258,10.678857532940812,51.04838709677416
301256.SZ,20260908,10.54,117200,1235288.0,2.3300970873786353,6.542625640781277,58.98058252427181
301257.SZ,20260908,38.0,12100,459800.0,-0.41928721174003813,1.7887088667293323,42.484276729559774
301258.SZ,20260908,25.85,10300,266255.0,0.5836575875486361,18.478770148334718,48.501945525291816
301259.SZ,20260908,21.42,2500,53550.0,0.0,0.8583505279644532,45.0
301260.SZ,20260908,12.11,3400,41174.0,0.0,2.0375102822292797,45.0
301261.SZ,20260908,61.64,74660,4602042.4,0.5874673629242766,23.686266600898936,48.52480417754566
301262.SZ,20260908,20.92,49900,1043908.0,0.14360938247965915,3.737894283339259,45.86165629487795
301263.SZ,20260908,20.05,1500,30075.0,0.0,0.48333506785669106,45.0
301265.SZ,20260908,18.66,16000,298560.0,0.10729613733906351,1.2821255855753038,45.64377682403438
301266.SZ,20260908,25.97,449960,11685461.2,0.30899961375048246,34.231584589490254,46.85399768250289
301267.SZ,20260908,15.11,900,13599.0,0.0,0.27798620610736247,45.0
301268.SZ,20260908,12.7,17900,227330.0,0.1577287066246047,7.943086091777848,45.94637223974763
301269.SZ,20260908,93.28,67800,6324384.0,0.0,9.758098371268554,45.0
301270.SZ,20260908,31.43,5526,173682.18,0.06367398917541678,3.7351294498370042,45.3820439350525
301272.SZ,20260908,34.7,3400,117980.0,-0.028810141169688386,5.983600457443263,44.82713915298187
301273.SZ,20260908,37.5,5400,202500.0,0.45539780337531255,4.562269709579653,47.732386820251875
301275.SZ,20260908,43.0,9600,412800.0,-0.48599861143253653,2.2978475913932406,42.08400833140478
301276.SZ,20260908,18.48,2600,48048.0,0.2169197396963085,1.2054704253925645,46.30151843817785
301277.SZ,20260908,10.24,2000,20480.0,0.68829891838742,0.7654203466691603,49.12979351032452
301278.SZ,20260908,28.8,1390,40032.0,-0.4149377593360981,1.3078740930585213,42.51037344398341
301279.SZ,20260908,23.89,12100,289069.0,0.12573344509640982,4.824045863825738,45.75440067057846
301280.SZ,20260908,42.4,1400,59360.0,0.9764229578471006,0.9739978290704155,50.85853774708261
301281.SZ,20260908,49.5,6400,316800.0,1.0204081632652962,2.3563450931935583,51.12244897959178
301282.SZ,20260908,40.31,126000,5079060.0,-1.5147813339848493,8.718838568833377,35.9113119960909
301283.SZ,20260908,24.65,1000,24650.0,0.44824775876119993,1.224507824777375,47.6894865525672
301285.SZ,20260908,86.74,6500,563810.0,0.011530035743101408,3.36165760861691,45.06918021445861
301286.SZ,20260908,44.5,2900,129050.0,0.0,1.9496446298658967,45.0
301287.SZ,20260908,42.75,2300,98325.0,-0.3264164140825421,1.7071432219981373,43.04150151550475
301288.SZ,20260908,17.55,20100,352755.0,1.0362694300518172,11.914019655574036,51.2176165803109
301289.SZ,20260908,,0,0.0,,0.0,0.0
301290.SZ,20260908,28.5,2000,57000.0,0.6711409395973256,1.7283934039381956,49.02684563758395
301291.SZ,20260908,33.95,7600,258020.0,-0.3814553990610148,1.6106748035046266,42.711267605633914
301292.SZ,20260908,61.54,12600,775404.0,-0.45292785506308997,2.0586586075525886,42.28243286962146
301293.SZ,20260908,51.61,2700,139347.0,-0.38602586373287506,0.6952117707795594,42.68384481760275
301295.SZ,20260908,37.53,2200,82566.0,0.21361815754339375,1.7842574964973847,46.28170894526036
301296.SZ,20260908,6.5,14400,93600.0,-0.30674846625766694,4.031995781912105,43.159509202454
301297.SZ,20260908,41.67,303900,12663513.0,2.7873704982733116,10.837444931635426,61.72422298963987
301298.SZ,20260908,13.09,21600,282744.0,0.5376344086021501,18.744787893666302,48.2258064516129
301299.SZ,20260908,45.2,3700,167240.0,-0.3966505068311976,1.4834021585648811,42.62009695901281
301300.SZ,20260908,33.52,900,30168.0,0.29922202274088594,2.154979207036513,46.79533213644532
301301.SZ,20260908,8.31,49400,410514.0,0.0,2.7342942863271045,45.0
301302.SZ,20260908,22.06,3700,81622.0,-0.22614201718679228,1.1957612914160067,43.64314789687925
301303.SZ,20260908,13.82,100,1382.0,0.2175489485134241,0.048220480545064885,9.984980189192225
301305.SZ,20260908,25.83,23400,604422.0,-0.19319938176197704,2.532649548627474,43.84080370942814
301306.SZ,20260908,98.5,3200,315200.0,-0.4044489383215444,1.549529202582526,42.57330637007073
301307.SZ,20260908,58.69,41500,2435635.0,-0.40726285423383635,4.2522531075589,42.55642287459698
301308.SZ,20260908,353.32,46200,16323384.0,-1.367874490536547,3.6452302048819,36.79275305678072
301309.SZ,20260908,32.01,7800,249678.0,0.0,9.909547664500383,45.0
301310.SZ,20260908,57.59,47800,2752802.0,-0.7240131011894357,6.156080808455126,40.655921392863384
301311.SZ,20260908,13.79,25000,344750.0,0.1452432824981864,10.84160188319219,45.87145969498912
301312.SZ,20260908,86.83,95700,8309631.0,-0.14949402023918257,13.213322590477192,44.1030358785649
301313.SZ,20260908,33.56,80900,2715004.0,0.38887227041579653,7.698871844819294,47.33323362249478
301314.SZ,20260908,46.26,4500,208170.0,0.0,3.3774825317980928,45.0
301315.SZ,20260908,40.4,6400,258560.0,-0.14829461196244065,3.7516422494369555,44.11023232822536
301316.SZ,20260908,38.34,12000,460080.0,-0.3379256563555866,1.0240293759672856,42.97244606186648
301317.SZ,20260908,50.54,14800,747992.0,-0.059323709709313555,4.7034258488169804,44.64405774174412
301318.SZ,20260908,21.74,55400,1204396.0,1.826697892271656,62.41920983164487,55.960187353629934
301319.SZ,20260908,96.66,30200,2919132.0,-0.6883797390321633,4.484004697506049,40.86972156580702
301320.SZ,20260908,13.92,24000,334080.0,0.5780346820809301,18.632930324452705,48.46820809248558
301321.SZ,20260908,46.0,68800,3164800.0,4.213864975079296,7.000047643322245,70.28318985047576
301322.SZ,20260908,41.48,43800,1816824.0,0.19323671497584183,9.951603944018714,46.15942028985505
301323.SZ,20260908,69.96,1400,97944.0,0.014295925661178543,1.4671563339378677,45.08577555396707
301325.SZ,20260908,29.85,2100,62685.0,0.5389019872010792,2.0988222780465535,48.233411923206475
301326.SZ,20260908,107.0,3700,395900.0,-0.13999066728884735,1.728613134749984,44.16005599626692
301327.SZ,20260908,43.11,524,22589.64,-0.5077313639510694,0.7448823349383735,41.95361181629358
301328.SZ,20260908,52.6,2700,142020.0,1.2512030798845108,0.8995937875131128,52.50721847930706
301329.SZ,20260908,19.7,2400,47280.0,0.2544529262086481,1.1505336798899763,46.526717557251885
301330.SZ,20260908,25.56,3800,97128.0,-0.3897116134060852,1.4837288708335072,42.66173031956349
301331.SZ,20260908,21.7,6100,132370.0,-0.18399264029438367,5.092310501809741,43.8960441582337
301332.SZ,20260908,7.88,700,5516.0,0.0,0.2271806583758082,40.89251850764548
301333.SZ,20260908,56.11,5652,317133.72,0.23222579492676587,0.8774960280675858,46.393354769560595
301335.SZ,20260908,24.98,13400,334732.0,0.20056157240273542,5.559038053228554,46.203369434416416
301336.SZ,20260908,43.18,8300,358394.0,0.4419632472667967,3.091774356297395,47.65177948360078
301337.SZ,20260908,29.81,39400,1174514.0,1.7406143344709912,11.705373959285625,55.44368600682595
301338.SZ,20260908,102.61,13400,1374974.0,1.233228097868988,3.135398794691699,52.39936858721393
301339.SZ,20260908,11.36,303700,3450032.0,5.185185185185182,29.653965390455657,76.11111111111109
301345.SZ,20260908,228.92,1200,274704.0,0.0,2.243113060007001,45.0
301348.SZ,20260908,21.29,17600,374704.0,0.0,3.3237342674116133,45.0
301349.SZ,20260908,42.99,2700,116073.0,0.6555841723249856,1.1109981817448917,48.93350503394991
301353.SZ,20260908,19.32,800,15456.0,0.31152647975076775,0.6734935882828671,46.86915887850461
301355.SZ,20260908,10.49,16700,175183.0,0.0954198473282375,2.371843657118455,45.572519083969425
301356.SZ,20260908,19.55,900,17595.0,-0.1532175689478943,0.6254518565295811,44.08069458631263
301357.SZ,20260908,98.79,21100,2084469.0,-0.7434944237918129,2.4902770423459217,40.539033457249126
301358.SZ,20260908,55.2,22900,1264080.0,-0.1808318264014397,1.9550793590830189,43.91500904159136
301359.SZ,20260908,18.78,3600,67608.0,0.0,3.0774621643260467,45.0
301360.SZ,20260908,55.47,2200,122034.0,0.036068530207389315,1.5485558246153852,45.21641118124434
301361.SZ,20260908,26.91,1700,45747.0,0.0,3.021173393168967,45.0
301362.SZ,20260908,109.96,16100,1770356.0,0.9733700642791332,7.454828122451051,50.8402203856748
301363.SZ,20260908,16.08,5000,80400.0,-0.18621973929237035,0.9073986848264586,43.88268156424578
301365.SZ,20260908,38.92,16600,646072.0,0.025700334104361566,5.800083175307104,45.15420200462617
301366.SZ,20260908,58.79,124200,7301718.0,1.7304031839418643,9.722225027800075,55.38241910365119
301367.SZ,20260908,46.79,5600,262024.0,0.1498287671232834,3.1597963877248554,45.898972602739704
301368.SZ,20260908,39.18,4400,172392.0,1.4237639140564307,5.610016159402404,53.542583484338586
301369.SZ,20260908,127.43,4000,509720.0,-0.5074953154278639,2.536277516609841,41.95502810743282
301370.SZ,20260908,8.65,3900,33735.0,-0.3456221198156584,1.5273316300805055,42.92626728110605
301371.SZ,20260908,21.46,7500,160950.0,-0.18604651162790198,2.5370187014964585,43.883720930232585
301372.SZ,20260908,31.86,3800,121068.0,1.1107584893684574,2.7700842775695778,51.664550936210745
301373.SZ,20260908,101.4,25400,2575560.0,-1.3714619200466793,5.0010120797128375,36.77122847971992
301376.SZ,20260908,22.4,86200,1930880.0,-0.22271714922049712,16.922636990767906,43.66369710467702
301377.SZ,20260908,399.27,5600,2235912.0,0.6326242564774542,1.9239541741592172,48.79574553886472
301378.SZ,20260908,25.3,5700,144210.0,0.0,4.219032097853206,45.0
301379.SZ,20260908,21.3,64200,1367460.0,0.6616257088846833,7.541056363347303,48.969754253308096
301380.SZ,20260908,32.38,17200,556936.0,-0.21571648690292822,7.629372112206812,43.70570107858243
301381.SZ,20260908,23.26,10200,237252.0,0.0,2.123895499959545,45.0
301382.SZ,20260908,37.18,11800,438724.0,-0.2682403433476477,1.4420916602114593,43.39055793991412
301383.SZ,20260908,24.14,2400,57936.0,0.33250207813799726,1.1841057591858022,46.99501246882798
301386.SZ,20260908,20.33,1600,32528.0,0.39506172839505194,2.0317711594056522,47.37037037037031
301387.SZ,20260908,56.44,10000,564400.0,0.017721070352649804,6.2993563752048,45.1063264221159
301388.SZ,20260908,25.88,11600,300208.0,1.6895874263261224,8.237064634238392,55.13752455795674
301389.SZ,20260908,58.03,40700,2361821.0,-1.460349804720662,4.851481810362183,36.23790117167603
301390.SZ,20260908,36.31,3000,108930.0,-1.2510198531411554,1.4354816997827011,37.49388088115307
301391.SZ,20260908,46.0,2000,92000.0,0.3052769297863023,1.6147407861003955,46.831661578717814
301392.SZ,20260908,175.41,8800,1543608.0,-0.3352272727272787,2.5085454117017254,42.98863636363633
301393.SZ,20260908,56.4,2000,112800.0,-0.1769911504424848,0.6713701709754862,43.93805309734509
301395.SZ,20260908,12.49,3200,39968.0,0.0,0.6804381575009495,45.0
301396.SZ,20260908,175.9,27400,4819660.0,0.011371389583803015,2.2855442544054148,45.068228337502816
301397.SZ,20260908,24.56,18100,444536.0,0.6557377049180246,4.878330362176907,48.93442622950815
301398.SZ,20260908,37.99,26700,1014333.0,-1.1706555671175733,10.011245522946995,37.97606659729456
301399.SZ,20260908,20.53,27290,560263.7,-0.09732360097323145,4.189128126151164,44.416058394160615
301408.SZ,20260908,14.54,8600,125044.0,0.27586206896550447,1.2865974235286117,46.655172413793025
301413.SZ,20260908,59.99,3500,209965.0,-0.5140961857379667,1.2516155937718187,41.9154228855722
301418.SZ,20260908,35.06,1613,56551.78,0.02853067047077218,1.8053492522561767,45.17118402282463
301419.SZ,20260908,40.38,107300,4332774.0,-1.0051483206668266,9.927379637712058,38.96911007599904
301421.SZ,20260908,76.29,8800,671352.0,-0.43069694596711283,2.263643546536934,42.415818324197325
301428.SZ,20260908,28.71,3400,97614.0,-0.3816793893129722,1.4144920665857565,42.709923664122165
301429.SZ,20260908,17.65,16000,282400.0,0.6271379703534752,15.578964580308265,48.762827822120855
301439.SZ,20260908,14.33,39900,571767.0,-0.3477051460361702,4.707556200941072,42.91376912378298
301446.SZ,20260908,38.03,900,34227.0,-0.05256241787121585,1.4651659335628777,44.6846254927727
301448.SZ,20260908,45.32,1500,67980.0,0.0,0.8081234211547216,45.0
301449.SZ,20260908,42.93,3600,154548.0,-0.04656577415600438,2.458927728956777,44.720605355063974
301456.SZ,20260908,23.16,10300,238548.0,-0.301334481274218,11.011813413678315,43.191993112354695
301458.SZ,20260908,36.6,7400,270840.0,-0.2996458730591067,1.3763699629999524,43.20212476164536
301459.SZ,20260908,32.19,5300,170607.0,-0.03105590062113528,4.735511623677131,44.813664596273185
301468.SZ,20260908,31.85,600,19110.0,-0.12543116964565115,0.2529000642251425,44.24741298212609
301469.SZ,20260908,28.48,1000,28480.0,-0.070175438596487,1.317211018272586,44.578947368421076
301479.SZ,20260908,48.29,2900,140041.0,-0.6174109899156344,0.5730604606610986,41.29553406050619
301486.SZ,20260908,196.68,130800,25725744.0,-0.16243654822334364,17.25758113960333,44.02538071065994
301487.SZ,20260908,15.82,11100,175602.0,0.12658227848101333,1.3039353868654886,45.75949367088608
301488.SZ,20260908,99.51,27200,2706672.0,-0.3704445334401174,24.59891638788366,42.77733279935929
301489.SZ,20260908,138.96,132700,18439992.0,0.03599452883162879,14.34921274788193,45.21596717298977
301491.SZ,20260908,38.71,2300,89033.0,0.025839793281656753,4.645589179183932,45.155038759689944
301498.SZ,20260908,39.74,12300,488802.0,-0.12565971349585148,2.79209256539311,44.24604171902489
301499.SZ,20260908,24.85,9000,223650.0,-0.3208985158443589,8.60389502347865,43.07460890493385
301500.SZ,20260908,24.53,97300,2386769.0,1.4474772539288638,7.470859845548028,53.684863523573185
301501.SZ,20260908,27.9,2600,72540.0,-0.035829451809388235,5.146955418424536,44.78502328914367
301502.SZ,20260908,50.66,600,30396.0,0.21760633036598254,1.4402147415331947,46.3056379821959
301503.SZ,20260908,22.3,6900,153870.0,-0.44642857142855874,6.994871409560735,42.32142857142865
301505.SZ,20260908,17.3,10300,178190.0,0.05783689994216523,1.8322067149013899,45.34702139965299
301507.SZ,20260908,12.54,2400,30096.0,-0.07968127490041166,0.9373307091229474,44.52191235059753
301508.SZ,20260908,24.68,2600,64168.0,0.3252032520325132,2.192472286083247,46.95121951219508
301509.SZ,20260908,28.5,10000,285000.0,-0.48882681564246244,3.0798298367820416,42.067039106145224
301510.SZ,20260908,28.1,13900,390590.0,-0.07112375533427917,2.432865887705053,44.573257467994324
301511.SZ,20260908,99.0,286100,28323900.0,-0.4825090470446325,6.35236232133993,42.10494571773221
301512.SZ,20260908,30.86,1500,46290.0,-0.3873466752743693,1.7149698476883743,42.67591994835379
301513.SZ,20260908,44.4,1200,53280.0,-0.04502476361999408,1.367559767726339,44.729851418280035
301515.SZ,20260908,19.3,2400,46320.0,-0.20682523267838704,3.0146181646364205,43.75904860392968
301516.SZ,20260908,20.82,956100,19906002.0,4.204204204204198,31.88199174251945,70.22522522522519
301517.SZ,20260908,38.2,1600,61120.0,0.05238344683080598,1.1499974832515811,45.314300680984836
301518.SZ,20260908,24.08,500,12040.0,-0.24855012427507095,0.346663026743276,43.50869925434957
301519.SZ,20260908,12.0,7100,85200.0,-0.7444168734491274,3.986566394227901,40.53349875930523
301520.SZ,20260908,60.5,125400,7586700.0,-0.34590676988963676,9.016010322670715,42.92455938066218
301522.SZ,20260908,23.09,1600,36944.0,0.0866926744690133,0.4515388818053951,45.52015604681408
301525.SZ,20260908,39.52,6300,248976.0,0.0506329113924231,7.869359926992609,45.30379746835454
301526.SZ,20260908,27.39,497300,13621047.0,-0.21857923497267118,4.624382781183005,43.68852459016397
301528.SZ,20260908,58.5,2600,152100.0,0.017096939647798237,2.456497453756891,45.102581637886786
301529.SZ,20260908,126.31,65820,8313724.2,0.4852824184566451,14.840685199289089,47.91169451073987
301531.SZ,20260908,47.79,3700,176823.0,0.23070469798658344,2.6140425069037674,46.384228187919504
301533.SZ,20260908,29.78,20000,595600.0,-0.9644163618224066,5.547726659559991,39.213501829065564
301535.SZ,20260908,14.64,17400,254736.0,0.06835269993163973,8.342433955271877,45.41011619958984
301536.SZ,20260908,124.03,81600,10120848.0,0.2748807502627626,6.022617211270543,46.649284501576574
301538.SZ,20260908,41.94,1500,62910.0,0.33492822966507685,0.9169718758944848,47.00956937799046
301539.SZ,20260908,15.58,106800,1663944.0,1.6971279373368064,22.34649476047042,55.18276762402084
301548.SZ,20260908,56.4,2600,146640.0,0.1954165926452367,1.8807739814135784,46.17249955587142
301550.SZ,20260908,99.18,367887,36487032.66,1.4629156010230293,21.345980480634953,53.77749360613818
301551.SZ,20260908,22.47,28900,649383.0,0.1783325902808608,2.6161025784904903,46.06999554168517
301552.SZ,20260908,24.9,4000,99600.0,0.3223207091055613,3.9452931236927626,46.93392425463337
301555.SZ,20260908,34.86,1300,45318.0,0.02869440459110084,1.186231673601129,45.17216642754661
301556.SZ,20260908,65.8,43100,2835980.0,-1.6589448512927762,7.192508142812112,35.04633089224335
301557.SZ,20260908,86.0,900,77400.0,0.18639328984155767,2.830637018696438,46.118359739049346
301558.SZ,20260908,6.75,22800,153900.0,0.14836795252224366,1.5141222143514497,45.890207715133464
301559.SZ,20260908,13.19,2000,26380.0,0.0,1.361535181435288,45.0
301560.SZ,20260908,24.44,3500,85540.0,-0.4480651731160856,1.6920400109449787,42.311608961303484
301563.SZ,20260908,117.08,2200,257576.0,-0.2725724020443021,1.8576758960350404,43.36456558773419
301565.SZ,20260908,18.96,6200,117552.0,0.0,1.1036787848352365,45.0
301566.SZ,20260908,25.16,36400,915824.0,-0.35643564356435675,2.8738146268479525,42.86138613861386
301567.SZ,20260908,36.45,1623,59158.35,-0.10961907371882518,1.551086284455945,44.34228555768705
301568.SZ,20260908,69.42,4800,333216.0,0.4921829762594143,2.012665448241082,47.953097857556486
301571.SZ,20260908,69.84,16000,1117440.0,0.35924701824974203,2.211095185279739,47.15548210949845
301575.SZ,20260908,26.5,5100,135150.0,-0.9715994020926821,4.4917073848997635,39.17040358744391
301577.SZ,20260908,57.81,2500,144525.0,-0.37911425124935727,2.3753033925183393,42.725314492503855
301578.SZ,20260908,23.72,1000,23720.0,0.42337002540220325,0.8679402374568204,47.54022015241322
301580.SZ,20260908,55.3,5900,326270.0,-0.09033423667570428,1.5905168006318655,44.457994579945776
301581.SZ,20260908,36.9,2900,107010.0,0.5723630417007408,6.951104430914191,48.43417825020445
301583.SZ,20260908,119.02,26700,3177834.0,-0.15100671140940713,7.698377512377981,44.093959731543556
301584.SZ,20260908,20.95,23400,490230.0,-0.5223171889838563,16.00575257645993,41.86609686609686
301585.SZ,20260908,,0,0.0,,0.0,0.0
301586.SZ,20260908,30.69,7700,236313.0,0.8544199802826169,9.184012914236368,50.1265198816957
301587.SZ,20260908,,0,0.0,,0.0,0.0
301588.SZ,20260908,28.17,12700,357759.0,0.0,4.847366768169423,45.0
301589.SZ,20260908,142.71,800,114168.0,0.049074593381948084,1.3775271782520886,45.29444756029169
301590.SZ,20260908,73.91,12500,923875.0,-0.20253848231164273,10.78578378334515,43.78476910613014
301591.SZ,20260908,48.0,204500,9816000.0,-1.7400204708290734,14.818490810755371,34.55987717502556
301592.SZ,20260908,105.91,1500,158865.0,0.38862559241705785,1.7578563810563068,47.33175355450235
301595.SZ,20260908,44.7,80400,3593880.0,3.5201482167670273,24.498194940572738,66.12088930060216
301596.SZ,20260908,48.1,9900,476190.0,-0.31088082901553626,5.806382748816547,43.134715025906786
301598.SZ,20260908,51.87,2000,103740.0,-0.19241870309794074,4.451636216613855,43.84548778141236
301599.SZ,20260908,32.18,1800,57924.0,0.031084861672359132,0.7052904395363018,45.18650917003416
301600.SZ,20260908,83.38,800,66704.0,-0.5011933174224326,1.2719856080594945,41.992840095465404
301601.SZ,20260908,16.0,11100,177600.0,0.0,6.67806181655311,45.0
301602.SZ,20260908,16.07,3300,53031.0,0.0,1.0878790200707693,45.0
301603.SZ,20260908,127.25,3200,407200.0,-0.8570315543435902,1.4635604155007562,39.85781067393846
301606.SZ,20260908,56.66,24800,1405168.0,-1.099668353988481,3.5321519050209647,38.401989876069116
301607.SZ,20260908,42.27,26300,1111701.0,-0.2595563945257173,3.387174868020019,43.4426616328457
301608.SZ,20260908,44.6,500,22300.0,0.0,0.45022580754364333,45.0
301609.SZ,20260908,31.8,5200,165360.0,-0.12562814070351536,3.260446251915405,44.24623115577891
301611.SZ,20260908,89.89,23100,2076459.0,-0.22200022200022929,3.47736697151447,43.667998667998624
301613.SZ,20260908,35.79,2200,78738.0,-0.16736401673640433,4.520863153017619,43.99581589958157
301616.SZ,20260908,35.8,818,29284.4,0.11185682326622093,0.5933004302844898,45.67114093959732
301617.SZ,20260908,48.94,2700,132138.0,0.12274959083469206,2.163901013894184,45.73649754500815
301618.SZ,20260908,31.8,700,22260.0,0.44219835754895076,0.7145843520280071,47.653190145293706
301622.SZ,20260908,38.45,1700,65365.0,0.0,1.9061664076479157,45.0
301626.SZ,20260908,267.5,3600,963000.0,-0.1865671641791078,1.578320867344809,43.88059701492536
301628.SZ,20260908,118.02,44900,5299098.0,5.838041431261765,7.639241120052367,80.02824858757059
301629.SZ,20260908,292.78,12000,3513360.0,0.003415650510629753,9.606965632972551,45.02049390306378
301630.SZ,20260908,189.0,4600,869400.0,-0.7405073262958806,3.7923012069649618,40.55695604222472
301631.SZ,20260908,65.73,7100,466683.0,0.35114503816795484,1.4848708773214563,47.106870229007725
301632.SZ,20260908,13.71,26600,364686.0,0.0,5.795602267580027,45.0
301633.SZ,20260908,66.14,8200,542348.0,-0.9880239520958067,2.5993618833534957,39.07185628742516
301636.SZ,20260908,40.45,1300,52585.0,0.39712087366592375,1.581055215222701,47.382725241995544
301638.SZ,20260908,22.1,40300,890630.0,-0.45045045045044585,6.608631940885294,42.29729729729733
301655.SZ,20260908,23.79,29400,699426.0,-0.4185851820845632,4.3203201663558275,42.48848890749262
301656.SZ,20260908,14.83,700,10381.0,0.06747638326585204,0.2746726212720476,45.40485829959511
301658.SZ,20260908,22.69,2400,54456.0,-0.1320422535211141,1.014605867235331,44.20774647887332
301662.SZ,20260908,62.94,35688,2246202.72,0.46288906624101234,13.496472598531277,47.777334397446076
301665.SZ,20260908,22.9,14000,320600.0,-0.30474531998259113,2.905266782792391,43.17152808010445
301666.SZ,20260908,417.06,25000,10426500.0,-0.9005583937269912,9.288960788550671,39.59664963763805
301667.SZ,20260908,59.66,3400,202844.0,-0.40066777963272404,4.08322480885425,42.595993322203654
301668.SZ,20260908,35.09,1900,66671.0,1.153070049005489,2.0530889338434406,51.918420294032934
301669.SZ,20260908,26.43,4600,121578.0,0.07572889057174681,1.1323255993388788,45.45437334343048
301677.SZ,20260908,53.22,1900,101118.0,-0.07510326699211589,1.013480843127733,44.549380398047305
301678.SZ,20260908,44.61,6100,272121.0,-0.044812906116964424,2.607106693723294,44.731122563298214
301680.SZ,20260908,102.0,47400,4834800.0,2.4199216788834077,21.27235852035938,59.519530073300444
301682.SZ,20260908,106.8,3300,352440.0,-0.14958863126401933,3.327972992490311,44.102468212415886
301683.SZ,20260908,,0,0.0,,0.0,0.0
301687.SZ,20260908,50.7,10900,552630.0,-0.05913660555882938,4.134273590780334,44.645180366647025
301688.SZ,20260908,40.08,39600,1587168.0,-0.09970089730807485,3.8267621975619033,44.40179461615155
301696.SZ,20260908,94.0,4500,423000.0,-0.5817028027498616,3.1785386130854487,41.50978318350083
301697.SZ,20260908,27.6,121300,3347880.0,-0.25298156848572173,9.732151228825147,43.48211058908567
301707.SZ,20260908,73.16,14300,1046188.0,-0.8000000000000007,4.259047814425978,40.199999999999996
301717.SZ,20260908,354.99,25200,8945748.0,-1.9960245154878264,8.509836330384527,33.02385290707304
302132.SZ,20260908,61.06,55700,3401042.0,-0.4402413174628972,6.7192145422206755,42.35855209522262
920000.BJ,20260908,14.61,3563,52055.43,0.550584996558845,7.972585791432406,48.303509979353066
920001.BJ,20260908,11.72,4600,53912.0,0.8605851979346157,5.043268072585096,50.163511187607696
920002.BJ,20260908,53.26,1104,58799.04,-1.0772659732540935,1.5136112552133596,38.53640416047544
920003.BJ,20260908,16.1,3000,48300.0,0.7509386733416834,6.35475920876643,49.5056320400501
920005.BJ,20260908,24.61,1920,47251.2,-0.2836304700162051,5.587664125527389,43.29821717990277
920006.BJ,20260908,19.6,18759,367676.4,-0.45708481462671813,3.2871252739275647,42.25749111223969
920007.BJ,20260908,34.5,2200,75900.0,-0.11580775911985697,10.482064193818367,44.30515344528086
920008.BJ,20260908,21.67,7561,163846.87,1.4038371548900308,10.265209102175218,53.423022929340185
920009.BJ,20260908,36.55,100,3655.0,0.0,0.3542385709179833,45.0
920010.BJ,20260908,9.4,9348,87871.2,-0.10626992561104665,0.7364589029442377,44.36238044633372
920011.BJ,20260908,18.59,1357,25226.63,0.0,1.8746937632938832,45.0
920012.BJ,20260908,49.88,6290,313745.2,0.02005213555245078,7.060081670766582,45.120312813314705
920014.BJ,20260908,8.95,101,903.95,0.0,0.03548953218924381,6.388115794063887
920015.BJ,20260908,39.4,345,13593.0,0.0507872016251909,0.32267559900521486,45.304723209751145
920016.BJ,20260908,14.29,7700,110033.0,-0.06993006993007977,4.320819063718064,44.58041958041952
920017.BJ,20260908,,0,0.0,,0.0,0.0
920018.BJ,20260908,15.62,1100,17182.0,0.5795235028976276,1.6872915637750159,48.47714101738576
920019.BJ,20260908,15.66,23764,372144.24,1.1627906976744207,5.633668945670972,51.976744186046524
920020.BJ,20260908,15.01,544,8165.44,0.06666666666665932,3.0433121569479384,45.399999999999956
920021.BJ,20260908,9.0,345493,3109437.0,-0.11098779134295356,7.584015667858607,44.33407325194228
920022.BJ,20260908,,0,0.0,,0.0,0.0
920023.BJ,20260908,,0,0.0,,0.0,0.0
920026.BJ,20260908,20.47,1985,40632.95,-0.8236434108527257,0.6680029026309654,40.058139534883644
920027.BJ,20260908,12.06,5209,62820.54,0.0,4.497814135892427,45.0
920028.BJ,20260908,14.8,3000,44400.0,0.8174386920980936,3.6403317410702676,49.90463215258856
920029.BJ,20260908,34.27,1903,65215.81,0.0,3.339489760588948,45.0
920030.BJ,20260908,4.95,19266,95366.7,0.40567951318459805,19.550946594283253,47.43407707910759
920033.BJ,20260908,14.3,1905,27241.5,0.7042253521126751,2.1242775586742866,49.22535211267605
920035.BJ,20260908,25.17,2511,63201.87,-0.316831683168306,3.9234469038218216,43.09900990099016
920036.BJ,20260908,32.49,103,3346.47,0.12326656394452407,0.08869573467224713,16.704831624671627
920037.BJ,20260908,39.8,1620,64476.0,0.0,3.194014487788354,45.0
920038.BJ,20260908,34.84,5947,207193.48,0.8685581933989717,1.505787388591276,50.21134916039383
920039.BJ,20260908,,0,0.0,,0.0,0.0
920045.BJ,20260908,539.99,15881,8575581.19,-1.7306642402183825,10.131902247718223,34.616014558689706
920046.BJ,20260908,20.3,1000,20300.0,-0.782013685239491,0.563409379147929,40.307917888563054
920047.BJ,20260908,16.23,100,1623.0,-0.061576354679793166,0.0330010669806156,5.570733928432048
920050.BJ,20260908,28.85,100,2885.0,0.17361111111111605,0.6488909619012072,46.0416666666667
920055.BJ,20260908,26.71,100,2671.0,0.18754688672169006,0.34845092657386895,46.12528132033014
920056.BJ,20260908,15.96,119076,1900452.96,-0.8695652173913104,44.651329143861894,39.78260869565214
920057.BJ,20260908,5.09,19161,97529.49,0.0,18.008137072740244,45.0
920058.BJ,20260908,29.68,2582,76633.76,0.33806626098715764,6.371946550141636,47.028397565922944
920059.BJ,20260908,13.65,11659,159145.35,0.07331378299120228,4.496421383520166,45.43988269794721
920060.BJ,20260908,23.17,43925,1017742.25,-1.4042553191489282,13.710086998734504,36.57446808510643
920061.BJ,20260908,18.4,1550,28520.0,-0.27100271002710175,2.5996621148415198,43.37398373983739
920062.BJ,20260908,7.59,1900,14421.0,0.6631299734747964,1.5891170091339075,48.97877984084878
920065.BJ,20260908,36.09,7374,266127.66,-0.4413793103448138,2.713823128693155,42.351724137931114
920066.BJ,20260908,18.28,3208,58642.24,0.9944751381215422,5.826999518821898,50.96685082872925
920068.BJ,20260908,16.88,49719,839256.72,-0.7642563198118957,19.65947720785709,40.414462081128626
920069.BJ,20260908,33.22,900,29898.0,0.0,4.130638560993951,45.0
920071.BJ,20260908,25.57,124576,3185408.32,-1.6916570549788568,9.713378753208346,34.85005767012686
920072.BJ,20260908,,0,0.0,,0.0,0.0
920075.BJ,20260908,19.99,184203,3682217.97,-0.299251870324202,28.34823307213611,43.20448877805479
920076.BJ,20260908,,0,0.0,,0.0,0.0
920077.BJ,20260908,14.12,8301,117210.12,0.0,3.029789475352002,45.0
920078.BJ,20260908,19.92,1694,33744.48,-0.30030030030029353,0.7531130240288235,43.19819819819824
920079.BJ,20260908,13.57,6608,89670.56,0.07374631268437515,2.8367077361321305,45.44247787610625
920080.BJ,20260908,22.33,100,2233.0,-0.04476275738586333,0.21556523836592503,38.533166361551324
920081.BJ,20260908,43.62,2814,122746.68,-0.18306636155607237,3.544868013515883,43.901601830663566
920082.BJ,20260908,,0,0.0,,0.0,0.0
920083.BJ,20260908,37.59,35985,1352676.15,-1.9561815336463173,11.122207170817633,33.26291079812209
920086.BJ,20260908,20.9,100,2090.0,0.5291005291005346,0.20185349119158447,39.50823158908841
920087.BJ,20260908,20.0,221211,4424220.0,-1.3806706114398493,8.17626086317309,36.715976331360906
920088.BJ,20260908,45.79,54082,2476414.78,-0.9945945945946,6.511346991284549,39.0324324324324
920089.BJ,20260908,10.39,1500,15585.0,-0.47892720306512704,1.190787258337949,42.126436781609236
920090.BJ,20260908,3.58,11517,41230.86,-1.9178082191780743,8.76195855155576,33.49315068493155
920091.BJ,20260908,30.0,1200,36000.0,1.2145748987854255,2.7188858295884835,52.28744939271255
920092.BJ,20260908,27.78,7792,216461.76,-0.39440659734671923,3.5098918338952556,42.63356041591968
920093.BJ,20260908,19.8,8306,164458.8,0.0,3.278521656376702,45.0
920096.BJ,20260908,35.19,300,10557.0,0.83094555873926,0.21121622928893424,43.004594624443726
920098.BJ,20260908,19.54,8797,171893.38,-0.8121827411167515,4.5511185884241785,40.12690355329949
920099.BJ,20260908,17.8,3063,54521.4,-0.4474272930648726,3.4188122083451677,42.31543624161076
920100.BJ,20260908,31.72,76098,2413828.56,-4.429044893040068,25.964093074802758,18.425730641759593
920101.BJ,20260908,,0,0.0,,0.0,0.0
920106.BJ,20260908,37.35,701,26182.35,-0.2670226969292422,1.6363389547372733,43.39786381842455
920107.BJ,20260908,20.62,290,5979.8,0.4873294346978696,0.29859804781062477,47.92397660818722
920108.BJ,20260908,,0,0.0,,0.0,0.0
920110.BJ,20260908,27.21,5150,140131.5,1.3785394932935846,15.37559448082568,53.27123695976151
920111.BJ,20260908,28.39,4000,113560.0,-0.1055594651653835,2.1535162161631414,44.3666432090077
920112.BJ,20260908,15.8,100,1580.0,0.7653061224489832,0.4361607374000644,49.5918367346939
920116.BJ,20260908,45.5,885,40267.5,0.22026431718062955,0.7052029324374863,46.32158590308378
920117.BJ,20260908,28.11,16650,468031.5,-0.9513742071881603,5.702487404679384,39.291754756871036
920118.BJ,20260908,22.09,305,6737.45,0.5004549590536866,0.6784931110751385,48.00272975432212
920119.BJ,20260908,56.98,930,52991.4,-0.017546938059320727,1.7127735140738052,44.894718371644075
920121.BJ,20260908,28.7,613,17593.1,-0.38181187087816815,5.037453654465738,42.70912877473099
920122.BJ,20260908,24.53,1127,27645.31,0.081599347205219,0.6981071629084378,45.48959608323131
920123.BJ,20260908,11.65,3215,37454.75,-0.5123825789923209,1.6338923058940695,41.925704526046076
920124.BJ,20260908,,0,0.0,,0.0,0.0
920125.BJ,20260908,135.5,7551,1023160.5,0.17743604909064015,4.965501361175646,46.06461629454384
920126.BJ,20260908,10.55,2627,27714.85,-0.2835538752362865,1.0280828491192704,43.29867674858228
920128.BJ,20260908,18.67,7633,142508.11,-0.8497079129049179,7.212757693749889,39.90175252257049
920130.BJ,20260908,18.15,13833,251068.95,-1.0359869138495181,4.9626105627787735,38.784078516902895
920132.BJ,20260908,,0,0.0,,0.0,0.0
920136.BJ,20260908,22.28,14009,312120.52,0.860117700316887,10.769884240813953,50.16070620190132
920138.BJ,20260908,34.03,36479,1241380.37,-0.9604190919674016,12.633467192353992,39.23748544819559
920139.BJ,20260908,15.28,771,11780.88,-0.6501950585175664,0.2331893503714563,38.072912715756736
920145.BJ,20260908,10.6,363,3847.8,-0.2822201317027373,0.7520190797626287,43.306679209783574
920146.BJ,20260908,5.41,6300,34083.0,0.0,2.61267802968275,45.0
920149.BJ,20260908,9.1,1500,13650.0,0.5524861878452914,1.7775607628576644,48.31491712707175
920152.BJ,20260908,13.19,2556,33713.64,0.0,3.511811146783853,45.0
920156.BJ,20260908,36.96,334,12344.64,0.0,0.33249391671711465,45.0
920158.BJ,20260908,8.55,8000,68400.0,-0.5813953488371992,1.872906252532659,41.511627906976805
920159.BJ,20260908,35.41,36973,1309213.93,-2.317241379310353,7.0119690472634755,31.096551724137882
920160.BJ,20260908,,0,0.0,,0.0,0.0
920161.BJ,20260908,22.64,2100,47544.0,0.3991130820399036,0.47470239275383513,47.39467849223942
920163.BJ,20260908,,0,0.0,,0.0,0.0
920165.BJ,20260908,36.2,3540,128148.0,-0.5494505494505364,4.259365932555646,41.70329670329678
920166.BJ,20260908,,0,0.0,,0.0,0.0
920167.BJ,20260908,,0,0.0,,0.0,0.0
920168.BJ,20260908,16.01,200,3202.0,-0.31133250311330407,0.24339288687009378,41.94272461793706
920169.BJ,20260908,22.0,3186,70092.0,-0.36231884057970065,1.131629681659837,42.8260869565218
920171.BJ,20260908,17.13,400,6852.0,0.0,0.20763757592520463,37.374763666536836
920174.BJ,20260908,33.7,1168,39361.6,0.0,0.7835014244085992,45.0
920175.BJ,20260908,8.0,15405,123240.0,-0.4975124378109319,11.943556971000795,42.01492537313441
920176.BJ,20260908,67.62,22956,1552284.72,-0.908558030480644,6.725508641403234,39.54865181711614
920177.BJ,20260908,,0,0.0,,0.0,0.0
920178.BJ,20260908,95.27,28752,2739203.04,0.21037130535395132,17.339156794763237,46.262227832123706
920179.BJ,20260908,54.31,4547,246947.57,-0.8941605839415945,1.7039875953003403,39.63503649635043
920180.BJ,20260908,11.99,3000,35970.0,0.92592592592593,7.296034458215386,50.55555555555558
920181.BJ,20260908,71.41,900,64269.0,0.63416009019166,1.6362948324479665,48.80496054114996
920183.BJ,20260908,31.72,1500,47580.0,-0.5642633228840066,3.660058352591858,41.61442006269596
920184.BJ,20260908,12.79,13886,177601.94,1.9936204146730363,5.664510884964051,56.96172248803822
920185.BJ,20260908,21.2,5000,106000.0,-0.23529411764706687,1.0913666109989764,43.588235294117595
920186.BJ,20260908,75.94,22525,1710548.5,-0.6151027352440774,7.131423113522812,41.30938358853554
920187.BJ,20260908,17.92,3099,55534.08,0.0,8.438973526400432,45.0
920188.BJ,20260908,22.73,300,6819.0,0.0,0.17516098172722797,31.528976710901034
920189.BJ,20260908,22.1,49819,1100999.9,0.0,7.643387483139258,45.0
920190.BJ,20260908,26.24,17392,456366.08,-0.15220700152207556,2.9823551591421964,44.08675799086755
920191.BJ,20260908,,0,0.0,,0.0,0.0
920193.BJ,20260908,31.2,5857,182738.4,-0.6369426751592355,2.5524863772742683,41.17834394904459
920195.BJ,20260908,13.31,600,7986.0,0.45283018867925406,1.8989054956964395,47.716981132075524
920198.BJ,20260908,8.34,56551,471635.34,2.457002457002444,32.91713247706444,59.74201474201466
920199.BJ,20260908,26.08,200,5216.0,-0.5718642775448091,0.26868047490283553,41.568814334731144
920200.BJ,20260908,26.4,1600,42240.0,0.6481128478840859,1.356089568895437,48.888677087304515
920204.BJ,20260908,14.01,24098,337612.98,2.3374726077428853,38.392656174808984,59.02483564645731
920206.BJ,20260908,44.47,4016,178591.52,-0.044953922229717946,1.4816658191466232,44.73027646662169
920207.BJ,20260908,22.68,3000,68040.0,0.17667844522968323,1.7302258539383737,46.0600706713781
920208.BJ,20260908,13.13,900,11817.0,0.0,0.37205837638808115,45.0
920211.BJ,20260908,99.98,600,59988.0,0.7761314383630813,1.4447980132192058,49.65678863017849
920212.BJ,20260908,11.61,26279,305099.19,-0.7692307692307665,5.387504039296733,40.3846153846154
920218.BJ,20260908,15.63,1500,23445.0,0.0640204865557159,2.524055622731644,45.384122919334295
920220.BJ,20260908,42.9,1350,57915.0,0.0,1.6809022549037747,45.0
920221.BJ,20260908,13.08,4967,64968.36,-0.5323193916349833,7.04672718690899,41.806083650190104
920222.BJ,20260908,28.81,7189,207115.09,-0.9965635738831691,1.74120704234802,39.02061855670099
920223.BJ,20260908,15.92,163243,2598828.56,-1.4851485148514865,15.977909315691416,36.089108910891085
920225.BJ,20260908,17.2,9495,163314.0,-0.9216589861751112,2.2490670031349715,39.47004608294933
920227.BJ,20260908,50.66,200,10132.0,0.13836726625813256,0.4025155484909407,45.830203597548795
920230.BJ,20260908,10.88,1100,11968.0,0.27649769585254,0.3810067270456041,46.65898617511524
920237.BJ,20260908,11.96,1100,13156.0,0.25146689019279744,1.8094525188917308,46.50880134115678
920238.BJ,20260908,67.74,6188,419175.12,-0.6744868035190699,4.100508781338558,40.95307917888558
920239.BJ,20260908,21.87,1000,21870.0,0.0,1.5001508639371912,45.0
920242.BJ,20260908,14.28,400,5712.0,0.07007708479327412,1.0150077406157103,45.42046250875964
920245.BJ,20260908,14.25,18931,269766.75,-0.6968641114982521,19.66709589719607,40.818815331010484
920247.BJ,20260908,15.01,525,7880.25,0.0,0.3073067143163524,45.0
920249.BJ,20260908,9.54,19599,186974.46,1.273885350318471,4.542969126799421,52.64331210191082
920252.BJ,20260908,15.81,120,1897.2,1.0223642172523917,0.171654569163426,37.03200775293103
920258.BJ,20260908,11.28,5731,64645.68,-0.5291005291005346,2.7702773226697426,41.825396825396794
920260.BJ,20260908,8.68,1600,13888.0,0.8130081300812941,0.9830852154397024,49.87804878048777
920261.BJ,20260908,13.99,3100,43369.0,-0.07142857142856673,2.8216195588794135,44.5714285714286
920262.BJ,20260908,15.3,7206,110251.8,-0.45543266102796576,3.262176028501824,42.26740403383221
920263.BJ,20260908,7.14,200,1428.0,0.5633802816901401,0.30122402572701246,48.38028169014084
920266.BJ,20260908,,0,0.0,,0.0,0.0
920267.BJ,20260908,17.08,2696,46047.68,1.0650887573964374,2.6149824543725324,51.39053254437862
920269.BJ,20260908,38.08,175627,6687876.16,-7.684848484848494,39.24394104768515,15.0
920270.BJ,20260908,12.29,100,1229.0,0.8203445447087843,0.18599857230583264,38.40181028330258
920271.BJ,20260908,,0,0.0,,0.0,0.0
920273.BJ,20260908,20.28,26843,544376.04,-1.0248901903367358,3.4107223525500787,38.85065885797958
920274.BJ,20260908,17.18,4361,74921.98,-0.17431725740848503,1.802909513924906,43.95409645554909
920275.BJ,20260908,7.33,15766,115564.78,0.0,3.450422289841485,45.0
920278.BJ,20260908,6.58,100,658.0,0.0,0.10150332345637093,18.270598222146766
920284.BJ,20260908,17.2,2200,37840.0,0.7615700058582142,1.29275510395883,49.569420035149285
920288.BJ,20260908,18.9,14259,269495.1,0.9615384615384581,5.201751371623608,50.769230769230745
920289.BJ,20260908,27.88,122980,3428682.4,-1.2747875354107596,23.482994483223845,37.351274787535445
920299.BJ,20260908,15.09,3262,49223.58,0.46604527296938425,4.065832166381748,47.796271637816304
920300.BJ,20260908,9.99,100,999.0,0.0,0.135311660421792,24.35609887592256
920304.BJ,20260908,10.23,14233,145603.59,-0.19512195121951237,1.3482993715757134,43.829268292682926
920339.BJ,20260908,10.6,2736,29001.6,-0.09425070688029447,3.839190158355911,44.434495758718235
920344.BJ,20260908,20.54,2115,43442.1,0.09746588693957392,0.5146444070421903,45.58479532163744
920346.BJ,20260908,15.77,7281,114821.37,-0.5047318611987373,12.502133841182635,41.971608832807576
920351.BJ,20260908,14.05,1775,24938.75,-0.2838892831795503,0.7662827246001805,43.2966643009227
920357.BJ,20260908,15.99,14334,229200.66,0.0,5.373436403464678,45.0
920363.BJ,20260908,10.68,3000,32040.0,0.18761726078799779,2.2314063738978116,46.125703564727985
920367.BJ,20260908,26.09,26955,703255.95,-2.0277882087870847,3.431045533970381,32.833270747277496
920368.BJ,20260908,23.51,1250,29387.5,0.0,0.533409486268836,45.0
920370.BJ,20260908,3.06,6500,19890.0,0.6578947368421018,2.471510731773024,48.94736842105261
920371.BJ,20260908,7.88,16808,132447.04,-0.12674271229403677,0.48554662119871456,44.23954372623578
920374.BJ,20260908,15.79,2500,39475.0,-0.504095778197855,2.9015882993717548,41.97542533081287
920375.BJ,20260908,,0,0.0,,0.0,0.0
920378.BJ,20260908,,0,0.0,,0.0,0.0
920392.BJ,20260908,14.61,5626,82195.86,-0.8146639511201648,4.89801794533718,40.11201629327901
920394.BJ,20260908,46.93,592,27782.56,0.5140286999357535,0.5494519347004028,48.08417219961452
920395.BJ,20260908,7.34,10500,77070.0,0.0,13.164941877644242,45.0
920396.BJ,20260908,20.0,1893,37860.0,-0.8428358948934123,2.156279085579996,39.94298463063953
920402.BJ,20260908,9.21,100731,927732.51,2.219755826859049,11.971526991971954,58.31853496115429
920403.BJ,20260908,25.23,36149,912039.27,1.0008006405124004,3.2400575406074728,51.0048038430744
920405.BJ,20260908,,0,0.0,,0.0,0.0
920407.BJ,20260908,11.57,3890,45007.3,1.4022787028922012,6.473180799178808,53.41367221735321
920414.BJ,20260908,8.54,4001,34168.54,-0.11695906432750425,3.5937262789271815,44.298245614034975
920415.BJ,20260908,9.76,8000,78080.0,1.139896373056981,4.579405697748885,51.83937823834189
920418.BJ,20260908,18.6,700,13020.0,0.0,0.6400290064685062,45.0
920419.BJ,20260908,12.1,4233,51219.3,-0.8196721311475419,1.189409663442947,40.08196721311475
920422.BJ,20260908,10.09,17123,172771.07,-0.4930966469428033,2.613317213266787,42.04142011834318
920425.BJ,20260908,15.03,11709,175986.27,1.0759919300605159,7.317455267837469,51.45595158036309
920427.BJ,20260908,8.99,4924,44266.76,0.4469273743016755,5.274470079040484,47.68156424581005
920429.BJ,20260908,11.34,11024,125012.16,-0.17605633802816323,2.3752360812960687,43.94366197183102
920433.BJ,20260908,4.98,4000,19920.0,0.40322580645162365,1.0404843508139783,47.419354838709744
920436.BJ,20260908,12.38,23483,290719.54,0.6504065040650486,8.57200355250077,48.90243902439029
920438.BJ,20260908,99.51,7085,705028.35,1.0048721071863609,2.2284384163314037,51.02923264311816
920445.BJ,20260908,7.5,48812,366090.0,0.2673796791443861,10.404379363990971,46.604278074866315
920454.BJ,20260908,11.78,4527,53328.06,0.2553191489361728,6.002959466493657,46.531914893617035
920455.BJ,20260908,6.81,100,681.0,0.4424778761061843,0.09314591692780441,19.421132303641897
920469.BJ,20260908,6.4,15425,98720.0,0.9463722397476504,5.453700504618444,50.678233438485904
920471.BJ,20260908,12.6,12461,157008.6,0.15898251192367763,3.8816887813680543,45.953895071542064
920475.BJ,20260908,12.67,3861,48918.87,1.9308125502815798,9.073807152656029,56.58487530168948
920476.BJ,20260908,22.88,229,5239.52,-0.7805724197745056,0.23636636638279915,37.862511430256816
920478.BJ,20260908,10.16,3100,31496.0,-0.5870841487279899,1.2763487485837979,41.47749510763206
920489.BJ,20260908,12.66,8126,102875.16,0.0,6.668182085795518,45.0
920491.BJ,20260908,22.78,330,7517.4,-0.6974716652136004,0.17835691151605929,27.91941408160907
920493.BJ,20260908,119.0,2160,257040.0,0.489782131396721,1.598689723058254,47.93869278838032
920496.BJ,20260908,6.59,7700,50743.0,0.45731707317073766,2.892664021450842,47.743902439024424
920504.BJ,20260908,19.05,2226,42405.3,0.4746835443038,3.744381001356246,47.8481012658228
920505.BJ,20260908,28.13,7573,213028.49,0.2852049910873289,11.01748315420419,46.71122994652397
920508.BJ,20260908,,0,0.0,,0.0,0.0
920509.BJ,20260908,21.87,13072,285884.64,0.04574565416286536,4.248967211185925,45.274473924977194
920510.BJ,20260908,21.54,41642,896968.68,-0.046403712296994026,8.789409278613427,44.72157772621804
920519.BJ,20260908,11.15,1200,13380.0,0.45045045045044585,1.5160855469784709,47.70270270270267
920522.BJ,20260908,19.01,25499,484735.99,0.21085925144967987,6.944083887606478,46.26515550869808
920523.BJ,20260908,15.43,3166,48851.38,0.0,6.446872190357442,45.0
920526.BJ,20260908,20.3,6400,129920.0,-0.6849315068493178,3.875495845523788,40.89041095890409
920527.BJ,20260908,15.95,3971,63337.45,0.0,1.961928204478952,45.0
920533.BJ,20260908,19.99,3056,61089.44,-0.9905894006934313,1.4135167350833433,39.05646359583941
920541.BJ,20260908,,0,0.0,,0.0,0.0
920547.BJ,20260908,19.19,200,3838.0,-0.5699481865284906,0.14490845997227422,22.66383367583842
920553.BJ,20260908,,0,0.0,,0.0,0.0
920556.BJ,20260908,,0,0.0,,0.0,0.0
920564.BJ,20260908,15.15,18863,285774.45,-0.9803921568627527,6.504191842781603,39.117647058823486
920566.BJ,20260908,9.74,100,974.0,0.10277492291881352,0.06384337556114231,12.108457138518496
920570.BJ,20260908,25.29,700,17703.0,-0.5896226415094463,1.7127672770772,41.46226415094332
920571.BJ,20260908,9.94,192275,1911213.5,-0.20080321285141922,6.9573858375115005,43.79518072289149
920575.BJ,20260908,4.87,33383,162575.21,0.8281573498964745,4.824868817639919,49.968944099378845
920576.BJ,20260908,39.7,1702,67569.4,-0.10065425264217387,1.357792243275936,44.39607448414696
920578.BJ,20260908,17.55,2300,40365.0,-0.5665722379603277,1.9161846324979377,41.60056657223804
920579.BJ,20260908,,0,0.0,,0.0,0.0
920580.BJ,20260908,11.4,3400,38760.0,0.08779631255486642,3.4365530563534756,45.5267778753292
920592.BJ,20260908,26.81,48968,1312832.08,-1.902671057446026,9.233161063097974,33.583973655323845
920593.BJ,20260908,24.58,8319,204481.02,0.36749693752551327,5.789974724686284,47.20498162515308
920599.BJ,20260908,18.56,8244,153008.64,0.48727666486194643,3.0068472291601087,47.92365998917168
920608.BJ,20260908,15.01,10769,161642.69,1.3504388926401045,1.899839085214336,53.102633355840624
920627.BJ,20260908,14.52,1421,20632.92,0.3455425017277136,1.2203945076788982,47.07325501036628
920634.BJ,20260908,17.91,30106,539198.46,0.44868199663490316,9.140370398989672,47.69209197980942
920639.BJ,20260908,,0,0.0,,0.0,0.0
920640.BJ,20260908,26.5,8970,237705.0,0.6074411541381997,3.815121616198462,48.644646924829196
920641.BJ,20260908,14.26,2835,40427.1,0.635144671841914,2.236595340583771,48.810868031051484
920642.BJ,20260908,10.46,7018,73408.28,1.0628019323671634,3.059724530918453,51.37681159420298
920651.BJ,20260908,25.26,790,19955.4,-0.47281323877067516,4.076453849664871,42.16312056737595
920656.BJ,20260908,14.95,3000,44850.0,-0.9933774834437137,6.2663524203866565,39.03973509933772
920662.BJ,20260908,21.26,2411,51257.86,0.0,1.0515287086749712,45.0
920663.BJ,20260908,13.33,1730,23060.9,-0.37369207772796065,4.074341375956014,42.75784753363224
920665.BJ,20260908,9.11,3900,35529.0,-0.43715846994536456,2.621359315276304,42.377049180327816
920670.BJ,20260908,13.24,5809,76911.16,0.2271006813020282,2.430183319979655,46.36260408781217
920675.BJ,20260908,,0,0.0,,0.0,0.0
920679.BJ,20260908,16.12,1200,19344.0,0.24875621890549926,3.687884708488042,46.492537313433
920682.BJ,20260908,5.98,1509,9023.82,-0.33333333333332993,0.6289941774505103,43.00000000000002
920685.BJ,20260908,12.74,500,6370.0,0.5524861878453136,0.3246552477641971,48.31491712707188
920689.BJ,20260908,20.92,2764,57822.88,0.7221954742417047,5.594558705604265,49.33317284545023
920690.BJ,20260908,,0,0.0,,0.0,0.0
920693.BJ,20260908,25.0,1058,26450.0,-0.03998400639744215,1.4616046690206863,44.76009596161535
920694.BJ,20260908,16.84,668,11249.12,0.7779772591262724,0.6982689011693602,49.66786355475763
920699.BJ,20260908,73.81,312,23028.72,0.0,0.4359556248086094,45.0
920701.BJ,20260908,12.4,2400,29760.0,-0.5613472333600655,0.9937357771629504,41.631916599839606
920703.BJ,20260908,,0,0.0,,0.0,0.0
920706.BJ,20260908,15.5,30375,470812.5,0.9114583333333481,14.831368360037063,50.468750000000085
920717.BJ,20260908,7.27,7295,53034.65,-0.5471956224350261,7.596210562634369,41.71682626538984
920718.BJ,20260908,10.75,3412,36679.0,-0.2782931354359919,1.3307514739931976,43.33024118738405
920719.BJ,20260908,7.5,2529,18967.5,0.536193029490617,2.3226780225463726,48.2171581769437
920720.BJ,20260908,9.59,1009,9676.31,0.0,0.9203544769620583,45.0
920725.BJ,20260908,83.6,37801,3160163.6,-1.3569321533923318,4.608387200698671,36.858407079646014
920726.BJ,20260908,18.16,42589,773416.24,1.057317751808573,5.785763801185779,51.34390651085144
920729.BJ,20260908,7.36,15000,110400.0,-0.8086253369272156,4.938134944770577,40.14824797843671
920735.BJ,20260908,26.31,100,2631.0,-0.604457876841713,0.048848674850953996,5.166014212121441
920748.BJ,20260908,35.5,17590,624445.0,-2.3383768913342595,4.226383765828595,30.969738651994444
920751.BJ,20260908,,0,0.0,,0.0,0.0
920753.BJ,20260908,15.85,4726,74907.1,-0.9375000000000022,5.211891124373618,39.374999999999986
920765.BJ,20260908,12.41,11309,140344.69,1.8883415435139606,12.233215604320717,56.330049261083765
920768.BJ,20260908,,0,0.0,,0.0,0.0
920770.BJ,20260908,10.5,14047,147493.5,-0.6622516556291425,9.65182318125876,41.02649006622514
920779.BJ,20260908,24.44,4300,105092.0,0.20500205002049743,4.556292380400162,46.230012300122986
920781.BJ,20260908,5.95,572,3403.4,-0.5016722408026753,0.3143150292633905,41.98996655518395
920786.BJ,20260908,9.28,299684,2781067.52,6.789413118527032,7.929253387750408,85.73647871116219
920790.BJ,20260908,26.63,8732,232533.16,0.9094353921940135,3.129906083491567,50.45661235316408
920792.BJ,20260908,9.8,9270,90846.0,-0.20366598778003286,14.82397876324302,43.778004073319806
920799.BJ,20260908,35.89,51383,1844135.87,-0.9110988404196552,6.758250789608121,39.53340695748207
920802.BJ,20260908,11.26,382,4301.32,-0.4420866489832087,0.9276079993964376,42.34748010610075
920806.BJ,20260908,10.72,800,8576.0,0.0,0.502369715026005,45.0
920807.BJ,20260908,9.52,4970,47314.4,-0.8333333333333304,1.551778570268409,40.000000000000014
920808.BJ,20260908,64.01,14745,943827.45,-0.5592667391642103,5.576405644010452,41.64439956501474
920809.BJ,20260908,7.55,2586,19524.3,0.6666666666666599,0.3811745497813606,48.99999999999996
920810.BJ,20260908,9.3,3480,32364.0,1.0869565217391353,5.268814607050369,51.52173913043481
920819.BJ,20260908,3.28,5000,16400.0,-0.3039513677811634,0.2513560502580218,43.17629179331302
920821.BJ,20260908,22.7,293960,6672892.0,-3.7727850784230577,23.288604835584554,22.363289529461653
920826.BJ,20260908,10.61,238060,2525816.6,0.09433962264151496,14.294473077878227,45.56603773584909
920832.BJ,20260908,,0,0.0,,0.0,0.0
920833.BJ,20260908,11.11,600,6666.0,0.9082652134423164,0.7584152028948906,50.4495912806539
920834.BJ,20260908,9.89,36727,363230.03,0.0,6.957290257277042,45.0
920837.BJ,20260908,10.54,5300,55862.0,0.5725190839694472,6.974010640610905,48.435114503816685
920839.BJ,20260908,25.36,788,19983.68,-0.03941663381947791,1.2529484196764467,44.76350019708313
920855.BJ,20260908,15.05,87271,1313428.55,-0.9868421052631526,14.372498920088692,39.07894736842108
920856.BJ,20260908,11.98,3750,44925.0,0.0,1.8940046146291512,45.0
920857.BJ,20260908,20.76,372,7722.72,0.28985507246377384,0.5088150669284113,46.739130434782645
920866.BJ,20260908,7.38,38780,286196.4,-0.5390835579514808,2.9062756636089575,41.765498652291114
920870.BJ,20260908,,0,0.0,,0.0,0.0
920871.BJ,20260908,11.41,3077,35108.57,0.0877192982456032,3.009040323232604,45.52631578947362
920873.BJ,20260908,,0,0.0,,0.0,0.0
920876.BJ,20260908,17.79,15503,275798.37,1.0795454545454497,5.312650902666677,51.4772727272727
920879.BJ,20260908,13.41,100,1341.0,0.22421524663676085,0.10808745880044196,20.80103406390012
920885.BJ,20260908,12.9,1100,14190.0,0.4672897196261738,0.6396394008220871,47.803738317757045
920892.BJ,20260908,11.55,3662,42296.1,1.049868766404205,1.8851637470481304,51.29921259842523
920895.BJ,20260908,28.0,161579,4524212.0,-1.0600706713780994,14.871433902614097,38.639575971731404
920896.BJ,20260908,13.24,4405,58322.2,-0.4511278195488799,5.318268130752539,42.29323308270672
920906.BJ,20260908,,0,0.0,,0.0,0.0
920914.BJ,20260908,,0,0.0,,0.0,0.0
920924.BJ,20260908,15.5,33191,514460.5,2.9900332225913484,5.184451648630587,62.94019933554809
920925.BJ,20260908,12.01,3527,42359.27,0.0,5.9061746603791345,45.0
920926.BJ,20260908,10.63,7314,77747.82,0.0,10.410577800336254,45.0
920931.BJ,20260908,,0,0.0,,0.0,0.0
920932.BJ,20260908,11.6,29766,345285.6,2.2026431718061623,23.69452150778589,58.215859030836974
920942.BJ,20260908,18.73,808,15133.84,0.2676659528908054,0.9050468150670566,46.60599571734483
920943.BJ,20260908,15.54,1247,19378.38,0.843608046722899,0.796937116440357,50.061648280337394
920946.BJ,20260908,10.31,600,6186.0,0.0970873786407811,0.07397512568437234,13.898046895031708
920950.BJ,20260908,,0,0.0,,0.0,0.0
920953.BJ,20260908,23.61,100,2361.0,-0.7566204287515754,0.07027934884129987,8.110560218924524
920957.BJ,20260908,10.16,3500,35560.0,0.0,3.8236780995344355,45.0
920961.BJ,20260908,22.14,25030,554164.2,1.4665444546287931,4.8311567574987295,53.79926672777276
920964.BJ,20260908,5.59,74203,414794.77,-0.886524822695034,4.946010662931196,39.6808510638298
920970.BJ,20260908,8.06,149689,1206493.34,-3.008423586040909,9.337012112989937,26.949458483754544
920971.BJ,20260908,27.78,37252,1034860.56,2.622829700775764,5.464136796642198,60.736978204654584
920974.BJ,20260908,,0,0.0,,0.0,0.0
920976.BJ,20260908,20.28,3100,62868.0,0.4457652303120341,1.1832619805323052,47.674591381872204
920978.BJ,20260908,20.15,1882,37922.3,-0.04960317460318553,2.3598860377843494,44.702380952380885
920981.BJ,20260908,31.0,50591,1568321.0,2.074415541652952,23.64754117234427,57.44649324991771
920982.BJ,20260908,121.86,2046,249325.56,0.0,2.9720518568355754,45.0
920985.BJ,20260908,4.88,4105,20032.4,0.0,2.0466133214901303,45.0
920992.BJ,20260908,11.93,3021,36040.53,0.25210084033613356,4.143345906287175,46.5126050420168
