ts_code,trade_date,auction_price,auction_vol,auction_amount,auction_pct_chg,auction_amount_ratio,auction_strength_score
600000.SH,20260729,9.19,310100,2849819.0,0.0,2.7626049807370903,45.0
600004.SH,20260729,7.73,18000,139140.0,0.25940337224383825,1.4103162474543685,46.55642023346303
600006.SH,20260729,5.48,71700,392916.0,-0.18214936247722413,3.3327773841253254,43.90710382513666
600007.SH,20260729,18.87,4200,79254.0,0.2656748140276388,1.9816214325957298,46.59404888416583
600008.SH,20260729,2.87,127400,365638.0,0.0,1.15727629438686,45.0
600009.SH,20260729,24.04,44600,1072184.0,0.0,3.0443798554813988,45.0
600010.SH,20260729,2.17,745700,1618169.0,0.0,1.926035829254312,45.0
600011.SH,20260729,7.16,329200,2357072.0,0.0,3.2137990627940125,45.0
600012.SH,20260729,18.89,44400,838716.0,-0.9958071278825864,3.813160188217306,39.02515723270448
600015.SH,20260729,7.09,559800,3968982.0,0.14124293785311437,5.589929891539065,45.847457627118686
600016.SH,20260729,3.55,1148900,4078595.0,0.0,4.584966231180938,45.0
600017.SH,20260729,2.71,109300,296203.0,-0.3676470588235392,3.005307235625968,42.79411764705876
600018.SH,20260729,5.16,84100,433956.0,0.0,1.593426433363279,45.0
600019.SH,20260729,5.95,180000,1071000.0,-0.335008375209378,1.4985255096641967,42.98994974874373
600020.SH,20260729,3.76,19800,74448.0,-0.2652519893899252,1.4311383470644288,43.40848806366045
600021.SH,20260729,14.19,64900,920931.0,0.0,1.3211094062039772,45.0
600022.SH,20260729,1.34,714200,957028.0,0.0,4.937577764252088,45.0
600023.SH,20260729,5.31,160200,850662.0,-0.37523452157599557,2.5073559713724327,42.74859287054403
600025.SH,20260729,9.97,39700,395809.0,0.0,1.4199507512868235,45.0
600026.SH,20260729,15.77,328400,5178868.0,0.0,5.666438868705192,45.0
600027.SH,20260729,4.65,659000,3064350.0,0.21551724137931494,7.13727881932557,46.293103448275886
600028.SH,20260729,5.21,4009500,20889495.0,0.5791505791505891,19.116164379074352,48.474903474903535
600029.SH,20260729,5.12,536400,2746368.0,-0.38910505836574627,6.080166952384415,42.66536964980552
600030.SH,20260729,28.09,1224700,34401823.0,0.0,8.074939023199146,45.0
600031.SH,20260729,20.16,1973500,39785760.0,2.3350253807106647,15.881794138921004,59.01015228426399
600032.SH,20260729,7.22,39500,285190.0,0.0,1.19579736786546,45.0
600033.SH,20260729,3.55,64700,229685.0,0.0,2.4719104775480067,45.0
600035.SH,20260729,3.47,2000,6940.0,-0.2873563218390718,0.10216346144999423,16.66528512996453
600036.SH,20260729,39.98,3278600,131078428.0,0.985097246779465,28.72266317028925,50.91058348067679
600037.SH,20260729,6.71,62000,416020.0,0.0,3.214019795076996,45.0
600038.SH,20260729,26.19,67700,1773063.0,0.7307692307692459,6.874355738634464,49.38461538461547
600039.SH,20260729,8.8,25700,226160.0,0.6864988558352492,1.6546600772819027,49.11899313501149
600048.SH,20260729,5.04,439600,2215584.0,0.0,2.198321135898395,45.0
600050.SH,20260729,4.44,1796800,7977792.0,0.0,12.316513058237197,45.0
600051.SH,20260729,5.7,3300,18810.0,0.5291005291005346,0.5893608799543325,48.174603174603206
600052.SH,20260729,3.51,243100,853281.0,-1.404494382022481,18.412661598817387,36.573033707865115
600053.SH,20260729,,0,0.0,,0.0,0.0
600054.SH,20260729,11.01,33400,367734.0,0.09090909090909705,4.666770535118427,45.54545454545458
600055.SH,20260729,10.5,14200,149100.0,-0.8498583569405138,2.045715947689438,39.90084985835692
600056.SH,20260729,9.38,12600,118188.0,0.3208556149732811,0.8350839433250541,46.92513368983968
600057.SH,20260729,6.43,40300,259129.0,0.15576323987538387,2.254344039770356,45.9345794392523
600058.SH,20260729,9.48,65900,624732.0,-0.10537407797681642,3.535615391744937,44.3677555321391
600059.SH,20260729,7.82,34100,266662.0,-0.5089058524173073,2.9634289209245606,41.94656488549616
600060.SH,20260729,27.59,21200,584908.0,0.0,1.171886106337807,45.0
600061.SH,20260729,6.34,47400,300516.0,0.0,1.2015053000354834,45.0
600062.SH,20260729,16.44,15900,261396.0,0.12180267965895553,1.437698533929311,45.73081607795373
600063.SH,20260729,5.71,193500,1104885.0,0.35149384885764245,3.18593840510433,47.10896309314585
600064.SH,20260729,7.59,93800,711942.0,0.26420079260236484,3.3118671195970495,46.585204755614186
600066.SH,20260729,32.83,23100,758373.0,-0.060882800608841325,0.959337398499938,44.634703196346955
600067.SH,20260729,2.61,17100,44631.0,0.38461538461538325,0.6898640772545132,47.3076923076923
600071.SH,20260729,14.72,4200,61824.0,-0.06788866259334059,1.6157542732132175,44.59266802443996
600072.SH,20260729,8.69,75900,659571.0,0.23068050749710522,2.0992713043997915,46.38408304498263
600073.SH,20260729,5.06,2300,11638.0,0.1980198019801982,0.23341586590497176,43.20297467477611
600075.SH,20260729,4.5,47200,212400.0,-0.4424778761061843,2.0691643714756376,42.345132743362896
600076.SH,20260729,2.94,2383100,7006314.0,-2.0000000000000018,62.33130777820358,32.999999999999986
600078.SH,20260729,9.4,14300,134420.0,0.32017075773747017,0.751650788300055,46.92102454642482
600079.SH,20260729,17.73,61800,1095714.0,0.7959067652075102,5.166589862739839,49.77544059124506
600080.SH,20260729,4.84,12200,59048.0,1.680672268907557,4.862081421748757,55.08403361344534
600081.SH,20260729,9.66,600,5796.0,-0.20661157024792765,0.23026576507051888,40.20816829120584
600082.SH,20260729,2.6,24600,63960.0,-0.7633587786259555,4.617148780689403,40.419847328244266
600084.SH,20260729,4.25,34800,147900.0,1.918465227817756,6.262360116277503,56.51079136690654
600085.SH,20260729,25.48,17500,445900.0,-0.03923107100822776,1.5001883882007245,44.76461357395063
600088.SH,20260729,11.21,17600,197296.0,1.2646793134598155,4.103591559857941,52.58807588075889
600089.SH,20260729,20.25,1057600,21416400.0,0.0,9.150405319131414,45.0
600094.SH,20260729,3.68,23200,85376.0,0.0,1.0081825201466754,45.0
600095.SH,20260729,8.56,308165,2637892.0,-1.1547344110854452,4.940109386627518,38.07159353348733
600096.SH,20260729,29.18,69300,2022174.0,-0.7482993197278853,2.997355639329526,40.510204081632686
600097.SH,20260729,7.81,2900,22649.0,-0.25542784163474774,0.7715280564684004,43.467432950191515
600098.SH,20260729,6.28,138500,869780.0,0.0,5.01711881687319,45.0
600099.SH,20260729,7.93,16200,128466.0,-0.5018820577164407,4.412542232078096,41.988707653701354
600100.SH,20260729,6.9,43700,301530.0,0.0,1.2974467806719336,45.0
600101.SH,20260729,8.07,26400,213048.0,0.248447204968949,1.6954732302000035,46.4906832298137
600103.SH,20260729,2.68,121500,325620.0,-0.3717472118959009,1.8349853188494936,42.769516728624595
600104.SH,20260729,10.59,156700,1659453.0,0.0945179584120881,2.6150526742389255,45.56710775047253
600105.SH,20260729,32.0,603000,19296000.0,1.0101010101010166,4.937554711530583,51.0606060606061
600106.SH,20260729,4.24,10000,42400.0,0.23640661938533203,0.6875405379333385,46.418439716311994
600107.SH,20260729,,0,0.0,,0.0,0.0
600108.SH,20260729,2.96,626500,1854440.0,-1.3333333333333308,9.671891395514194,37.000000000000014
600109.SH,20260729,8.41,39900,335559.0,0.23837902264600697,0.9779447504800457,46.43027413587604
600110.SH,20260729,8.85,260900,2308965.0,-0.4499437570303799,2.356288536380762,42.30033745781772
600111.SH,20260729,39.16,256100,10028876.0,0.4360092331366916,5.621518334676737,47.61605539882015
600113.SH,20260729,28.6,12000,343200.0,0.0,1.6874177586657284,45.0
600114.SH,20260729,25.45,75700,1926565.0,1.3944223107569709,4.286969418929079,53.36653386454182
600115.SH,20260729,3.61,1465000,5288650.0,-0.5509641873278293,6.929476917121192,41.69421487603302
600116.SH,20260729,6.45,63300,408285.0,-0.1547987616099089,2.6260492378330826,44.07120743034055
600117.SH,20260729,2.2,2700,5940.0,0.0,0.17135153000040762,30.84327540007337
600118.SH,20260729,58.42,72800,4252976.0,0.8284432171211664,2.80148859283464,49.970659302727
600119.SH,20260729,4.38,26200,114756.0,1.388888888888884,18.01894881928277,53.3333333333333
600120.SH,20260729,4.98,139000,692220.0,-0.2004008016032066,1.9936293947385855,43.79759519038076
600121.SH,20260729,3.73,285000,1063050.0,0.5390835579514919,5.952241372046817,48.23450134770895
600123.SH,20260729,6.55,126200,826610.0,0.6144393241167334,3.0995534023548457,48.6866359447004
600125.SH,20260729,5.47,7900,43213.0,0.1831501831501825,0.6609694272310562,46.098901098901095
600126.SH,20260729,6.09,116000,706440.0,0.0,1.1800432851583216,45.0
600127.SH,20260729,5.49,5600,30744.0,-0.3629764065335661,0.5128773862711412,42.822141560798606
600128.SH,20260729,7.54,8500,64090.0,0.5333333333333412,2.8271140573559643,48.200000000000045
600129.SH,20260729,15.51,127600,1979076.0,0.0,5.63512015296164,45.0
600130.SH,20260729,3.8,114300,434340.0,-0.7832898172323799,4.698054895593534,40.30026109660572
600131.SH,20260729,15.24,9100,138684.0,-0.2617801047120394,1.0641135389595426,43.429319371727765
600132.SH,20260729,44.8,23300,1043840.0,0.2461400760796595,3.262556938860444,46.47684045647796
600133.SH,20260729,7.81,66400,518584.0,-0.25542784163474774,2.160201063022503,43.467432950191515
600135.SH,20260729,7.05,8600,60630.0,1.147776183644189,1.1948213922335547,51.88665710186513
600136.SH,20260729,1.4,6100,8540.0,0.0,0.7480019195796334,45.0
600137.SH,20260729,16.08,5100,82008.0,1.2594458438287104,2.119136407984716,52.55667506297226
600138.SH,20260729,7.01,7600,53276.0,0.14285714285713347,0.7996423793230216,45.857142857142804
600141.SH,20260729,28.55,208500,5952675.0,-0.6956521739130417,6.7153095134824525,40.82608695652175
600143.SH,20260729,14.31,44600,638226.0,0.21008403361344463,1.3956302026887477,46.26050420168067
600148.SH,20260729,13.99,1400,19586.0,-0.28510334996435516,0.8068759042903297,43.289379900213866
600149.SH,20260729,4.5,20000,90000.0,0.0,1.8460416825545902,45.0
600150.SH,20260729,33.9,1663300,56385870.0,1.2242460435951008,11.993856218177807,52.3454762615706
600151.SH,20260729,9.48,184699,1750947.0,-1.147028154327423,4.174121081510749,38.117831074035465
600152.SH,20260729,7.47,71500,534105.0,-0.6648936170212782,2.483367463856427,41.01063829787233
600153.SH,20260729,8.84,84900,750516.0,0.0,3.3485733674965306,45.0
600155.SH,20260729,5.72,74000,423280.0,-0.17452006980803736,1.5039745319778215,43.95287958115178
600156.SH,20260729,7.5,59500,446250.0,2.0408163265306145,5.214997549973701,57.24489795918369
600157.SH,20260729,1.56,835807,1303859.0,0.0,1.5768680256535943,45.0
600158.SH,20260729,6.85,113100,774735.0,-0.43604651162790775,1.7878756931489994,42.383720930232556
600159.SH,20260729,2.29,12200,27938.0,0.43859649122808264,0.8763103801157025,47.631578947368496
600160.SH,20260729,38.42,130300,5006126.0,-0.05202913631632278,3.3170272484027854,44.68782518210206
600161.SH,20260729,12.28,29200,358576.0,0.08149959250203231,1.8222456804766782,45.48899755501219
600162.SH,20260729,2.67,666200,1778754.0,-0.3731343283582156,4.901486312482485,42.76119402985071
600163.SH,20260729,5.26,63100,331906.0,0.0,2.5689369588152053,45.0
600165.SH,20260729,2.41,66300,159783.0,0.0,10.094465313262122,45.0
600166.SH,20260729,3.04,180300,548112.0,0.0,0.8112199939905026,45.0
600167.SH,20260729,5.67,13800,78246.0,-0.17605633802816323,1.3481663216763853,43.94366197183102
600168.SH,20260729,4.1996,501,2104.0,-0.009523809523803717,0.09058266611134556,16.24773704289938
600169.SH,20260729,2.0,5000,10000.0,-0.4975124378109319,0.38242912555744785,42.01492537313441
600170.SH,20260729,2.31,524800,1212288.0,-0.4310344827586077,4.225591325301816,42.413793103448356
600171.SH,20260729,22.31,15300,341343.0,0.04484304932734773,1.1480334251632045,45.269058295964086
600172.SH,20260729,10.96,560600,6144176.0,1.7641597028783762,4.7248373645713935,55.584958217270255
600173.SH,20260729,6.04,62000,374480.0,-0.983606557377048,6.212652004091246,39.098360655737714
600176.SH,20260729,37.99,1188900,45166311.0,1.0641127959563734,4.563489172016574,51.38467677573824
600177.SH,20260729,7.71,95600,737076.0,0.2600780234070177,2.1058610687447485,46.560468140442104
600178.SH,20260729,9.41,186300,1753083.0,0.0,8.19920043761172,45.0
600179.SH,20260729,4.21,91500,385215.0,0.23809523809523725,2.1515385188564538,46.42857142857142
600180.SH,20260729,1.45,971500,1408675.0,-1.3605442176870763,35.56708631540463,36.836734693877546
600182.SH,20260729,12.87,4900,63063.0,0.3900156006240163,4.19200768538066,47.340093603744094
600183.SH,20260729,111.88,695200,77778976.0,-1.3316870976276651,8.206766823969717,37.00987741423401
600184.SH,20260729,16.57,145500,2410935.0,-1.1336515513126533,8.387087455579676,38.19809069212408
600185.SH,20260729,4.72,85100,401672.0,0.42553191489360653,3.2300832567967896,47.55319148936164
600186.SH,20260729,8.59,922100,7920839.0,0.3504672897196137,7.408345622246171,47.10280373831768
600187.SH,20260729,1.42,44900,63758.0,0.0,1.349047807069448,45.0
600188.SH,20260729,19.85,180100,3574985.0,0.2525252525252597,4.457014455405249,46.51515151515156
600189.SH,20260729,7.01,62300,436723.0,0.28612303290413976,3.5064758999082724,46.71673819742484
600191.SH,20260729,9.41,704600,6630286.0,-0.5285412262156508,28.319574016805383,41.82875264270609
600192.SH,20260729,6.42,17300,111066.0,0.0,2.3306008972181838,45.0
600195.SH,20260729,6.4,3100,19840.0,0.0,0.45182636003264265,45.0
600196.SH,20260729,22.63,33500,758105.0,0.04420866489831532,1.875320380579327,45.265251989389895
600197.SH,20260729,10.1,40801,412090.0,-0.49261083743843415,4.099308368917739,42.044334975369395
600198.SH,20260729,6.88,54200,372896.0,0.14556040756914523,2.4544920348575308,45.87336244541487
600199.SH,20260729,7.45,1805200,13448740.0,-0.2677376171351997,26.650633939861358,43.3935742971888
600201.SH,20260729,11.16,18100,201996.0,0.17953321364452268,0.9554325363980534,46.07719928186714
600202.SH,20260729,4.44,10000,44400.0,-0.22471910112359383,1.2862799012276094,43.65168539325844
600203.SH,20260729,9.26,30800,285208.0,-0.7502679528403,1.7250081693659869,40.4983922829582
600206.SH,20260729,43.09,647900,27918011.0,-0.9425287356321754,6.095816995975786,39.34482758620695
600207.SH,20260729,4.06,52900,214774.0,-0.4901960784313819,2.759886885424203,42.05882352941171
600208.SH,20260729,2.81,155800,437798.0,0.0,1.4302712637493908,45.0
600210.SH,20260729,6.09,23200,141288.0,0.164473684210531,1.1617275976708614,45.986842105263186
600211.SH,20260729,37.52,2400,90048.0,0.21367521367523512,0.6437635137934884,46.28205128205141
600212.SH,20260729,5.05,8600,43430.0,0.397614314115291,0.9737276923761269,47.385685884691746
600215.SH,20260729,5.62,6200,34844.0,0.0,0.7220908039340478,45.0
600216.SH,20260729,11.87,10200,121074.0,0.4230118443316222,0.6003715049721982,47.53807106598973
600217.SH,20260729,3.07,1400,4298.0,0.0,0.11180297039005763,20.124534670210373
600218.SH,20260729,7.26,9400,68244.0,-0.27472527472528485,2.02513621239941,43.351648351648294
600219.SH,20260729,4.45,594200,2644190.0,-0.4474272930648726,2.3758096899122294,42.31543624161076
600221.SH,20260729,1.34,1367700,1832718.0,0.0,4.463005166366606,45.0
600222.SH,20260729,6.96,20400,141984.0,0.43290043290042934,2.4080620419248104,47.59740259740258
600223.SH,20260729,5.4,30200,163080.0,-0.7352941176470562,3.422860616090984,40.588235294117666
600226.SH,20260729,5.38,279700,1504786.0,-0.18552875695732052,1.89892787160253,43.88682745825608
600227.SH,20260729,3.11,944600,2937706.0,1.3029315960912058,7.848509945116059,52.817589576547235
600228.SH,20260729,6.13,216200,1325306.0,1.3223140495867813,5.754179199577369,52.93388429752069
600229.SH,20260729,4.85,14200,68870.0,0.6224066390041472,2.614005779962657,48.73443983402488
600230.SH,20260729,13.0,36000,468000.0,-0.45941807044410643,1.5966473898332578,42.24349157733536
600231.SH,20260729,1.65,5500,9075.0,-0.6024096385542133,0.2841460055208551,41.38554216867472
600232.SH,20260729,5.66,7100,40186.0,0.35460992907803135,0.9607734922340067,47.12765957446819
600233.SH,20260729,18.27,64800,1183896.0,0.10958904109588108,3.411535427782644,45.65753424657529
600234.SH,20260729,18.61,6000,111660.0,-1.010638297872346,1.281960258910508,38.93617021276592
600235.SH,20260729,5.11,4600,23506.0,0.19607843137257053,0.8749966451513382,46.176470588235425
600236.SH,20260729,9.94,204800,2035712.0,0.10070493454179541,5.776538546944797,45.60422960725077
600237.SH,20260729,7.85,21400,167990.0,-0.6329113924050778,0.6233348848245851,41.202531645569536
600238.SH,20260729,4.08,20200,82416.0,0.0,6.338689819517774,45.0
600239.SH,20260729,1.35,184600,249210.0,0.746268656716409,8.99775754695444,49.47761194029845
600241.SH,20260729,6.76,43500,294060.0,-0.588235294117645,2.097897218674558,41.47058823529413
600243.SH,20260729,3.16,31600,99856.0,2.5974025974025983,4.31336909866888,60.58441558441559
600246.SH,20260729,12.5,360100,4501250.0,-0.07993605115906854,2.7019577048431644,44.52038369304559
600248.SH,20260729,2.84,23300,66172.0,0.0,0.9941512411243283,45.0
600249.SH,20260729,4.87,3800,18506.0,-0.4089979550102152,0.6131926411979106,42.54601226993871
600250.SH,20260729,7.95,32700,259965.0,-0.25094102885820924,3.606331712184585,43.49435382685074
600251.SH,20260729,9.1,36100,328510.0,-0.4376367614879806,3.815965168419146,42.374179431072115
600252.SH,20260729,2.18,90400,197072.0,0.0,2.0630287137874586,45.0
600255.SH,20260729,3.03,178300,540249.0,-0.9803921568627527,2.5306206959138757,39.117647058823486
600256.SH,20260729,5.32,380500,2024260.0,0.7575757575757569,3.429422077391948,49.54545454545454
600257.SH,20260729,5.0,152900,764500.0,0.0,6.169444266951313,45.0
600258.SH,20260729,12.18,147600,1797768.0,0.164473684210531,7.286667776533984,45.986842105263186
600259.SH,20260729,70.3,13000,913900.0,-0.2412374059883704,1.284791275057382,43.55257556406978
600261.SH,20260729,2.96,5300,15688.0,-0.33670033670034627,0.6260756684758529,42.97979797979792
600262.SH,20260729,13.74,600,8244.0,1.2527634487840889,0.12653265440368172,30.29245848536724
600265.SH,20260729,,0,0.0,,0.0,0.0
600266.SH,20260729,4.03,35100,141453.0,-0.7389162561576179,0.9672763834184759,40.56650246305429
600267.SH,20260729,11.8,138400,1633120.0,0.6825938566553003,4.275472288146181,49.0955631399318
600268.SH,20260729,10.75,57800,621350.0,-0.3707136237256603,2.2876386613783426,42.77571825764604
600269.SH,20260729,3.98,103600,412328.0,-0.25062656641604564,3.601819079015469,43.49624060150373
600271.SH,20260729,6.71,13700,91927.0,-0.4451038575667643,0.8433504768512234,42.32937685459942
600272.SH,20260729,10.32,800,8256.0,0.78125,0.307632792120457,49.6875
600273.SH,20260729,6.82,31500,214830.0,0.0,1.5694559314410101,45.0
600276.SH,20260729,54.0,1036000,55944000.0,1.332332520172641,15.175286011390973,52.993995121035844
600278.SH,20260729,6.15,2100,12915.0,0.0,0.47359487627182595,45.0
600279.SH,20260729,4.17,150900,629253.0,0.9685230024213176,13.303217430956208,50.811138014527906
600280.SH,20260729,2.68,336900,902892.0,0.0,5.813313713789081,45.0
600281.SH,20260729,3.94,24300,95742.0,0.5102040816326481,2.1867536794034375,48.06122448979589
600282.SH,20260729,4.98,93400,465132.0,0.40322580645162365,2.739793371118675,47.419354838709744
600283.SH,20260729,7.69,5100,39219.0,-0.38860103626942033,1.903535283256136,42.668393782383475
600284.SH,20260729,4.96,12000,59520.0,0.0,0.8664228018375326,45.0
600285.SH,20260729,22.45,57700,1295365.0,-0.08900756564307333,4.931871252767372,44.46595460614156
600287.SH,20260729,4.31,10600,45686.0,0.4662004662004504,2.7023337336615456,47.7972027972027
600288.SH,20260729,10.03,247200,2479416.0,1.3131313131313105,7.125862556040579,52.87878787878786
600289.SH,20260729,4.39,7100,31169.0,0.0,1.253913173402043,45.0
600292.SH,20260729,12.32,9100,112112.0,0.24410089503661414,0.941535754226516,46.46460537021969
600293.SH,20260729,2.62,173600,454832.0,0.0,4.67191533326491,45.0
600295.SH,20260729,12.45,37300,464385.0,0.8914100486223653,2.428991229170198,50.34846029173419
600298.SH,20260729,38.18,33200,1267576.0,0.6856540084388074,1.4246762063897005,49.113924050632846
600299.SH,20260729,8.15,97900,797885.0,-0.609756097560965,2.110001142553117,41.34146341463421
600300.SH,20260729,3.11,60700,188777.0,0.0,1.8054335288928756,45.0
600301.SH,20260729,39.32,19600,770672.0,0.0,1.6340462060769247,45.0
600302.SH,20260729,5.89,21300,125457.0,1.0291595197255532,3.098113037107693,51.17495711835332
600303.SH,20260729,2.69,2243500,6035015.0,-0.7380073800738018,36.30781407913782,40.57195571955719
600305.SH,20260729,6.76,51800,350168.0,-0.2949852507374673,3.9288428935648314,43.230088495575195
600307.SH,20260729,1.44,85800,123552.0,0.0,1.3139654592095624,45.0
600308.SH,20260729,3.16,2400,7584.0,0.0,0.2770499311265707,45.0
600309.SH,20260729,74.58,252000,18794160.0,0.512129380053894,6.239464871608864,48.07277628032337
600310.SH,20260729,4.32,359100,1551312.0,0.0,4.843061952204659,45.0
600312.SH,20260729,18.9,51400,971460.0,-0.052882072977267214,1.332227881960726,44.6827075621364
600313.SH,20260729,5.46,61300,334698.0,-0.5464480874316946,3.0642456399675893,41.721311475409834
600315.SH,20260729,17.78,14000,248920.0,0.4519774011299438,1.7667287501149274,47.71186440677966
600316.SH,20260729,24.11,24700,595517.0,-0.3307151715585044,1.8890892154505907,43.01570897064897
600318.SH,20260729,6.29,27400,172346.0,0.0,1.7265837352938938,45.0
600319.SH,20260729,5.35,9700,51895.0,0.7532956685499137,1.4951640899011525,49.51977401129948
600320.SH,20260729,4.17,175800,733086.0,-0.23923444976076125,3.502176430912425,43.56459330143543
600322.SH,20260729,2.48,1700,4216.0,0.0,0.08087455627376697,14.557420129278054
600323.SH,20260729,29.78,16000,476480.0,0.03359086328518224,1.6027637556598897,45.20154517971109
600325.SH,20260729,2.42,39700,96074.0,0.4149377593360981,0.43649671950957236,47.48962655601659
600326.SH,20260729,6.45,232415,1499077.0,1.0971786833855912,2.1294388988297532,51.583072100313544
600327.SH,20260729,3.55,22300,79165.0,0.28248587570620654,1.9208354242572603,46.69491525423724
600328.SH,20260729,6.17,14100,86997.0,-0.16181229773462036,0.6420053621251328,44.02912621359228
600329.SH,20260729,36.58,7100,259718.0,0.4117485588800429,1.0872727010280643,47.47049135328026
600330.SH,20260729,18.52,393400,7285768.0,-0.10787486515642097,5.162867289011109,44.352750809061476
600331.SH,20260729,12.07,118500,1430295.0,0.0,1.985036996122765,45.0
600332.SH,20260729,21.75,20600,448050.0,0.23041474654377225,1.6998325024773622,46.38248847926263
600333.SH,20260729,5.76,12900,74304.0,0.17391304347824654,1.375234656446379,46.04347826086948
600335.SH,20260729,5.01,95501,478460.0,0.20000000000000018,7.594347377696262,46.2
600336.SH,20260729,5.88,11100,65268.0,-1.0101010101010166,1.8038565517817766,38.9393939393939
600337.SH,20260729,2.77,52400,145148.0,-1.0714285714285676,1.8500900157990814,38.5714285714286
600338.SH,20260729,12.46,33000,411180.0,0.08032128514057213,0.649964111763199,45.481927710843436
600339.SH,20260729,3.32,468800,1556416.0,0.911854103343468,7.769074530390753,50.471124620060806
600340.SH,20260729,1.03,822900,847587.0,-0.9615384615384581,16.94020676842792,39.230769230769255
600343.SH,20260729,17.59,101200,1780108.0,0.5717552887364308,4.1458837351766045,48.430531732418586
600345.SH,20260729,41.87,42000,1758540.0,-1.2033978291647096,4.867568015498272,37.77961302501174
600346.SH,20260729,16.35,34000,555900.0,0.0,1.0308339838382847,45.0
600348.SH,20260729,8.38,99500,833810.0,-0.23809523809523725,3.2514636841189675,43.57142857142858
600350.SH,20260729,11.38,56200,639556.0,-0.3502626970227629,3.852974870525776,42.898423817863424
600351.SH,20260729,6.49,6700,43483.0,0.0,0.5344576983731569,45.0
600352.SH,20260729,12.92,585800,7568536.0,1.0954616588419341,5.37681884720309,51.572769953051605
600353.SH,20260729,24.8,272900,6767920.0,-0.839664134346263,5.406431075468474,39.962015193922426
600354.SH,20260729,5.77,203200,1172464.0,-1.1986301369863117,5.528468033378619,37.808219178082126
600356.SH,20260729,7.56,9700,73332.0,0.13245033112583293,1.298749830200131,45.794701986755
600358.SH,20260729,4.81,6200,29822.0,0.0,1.2175222609545975,45.0
600359.SH,20260729,5.73,4000,22920.0,-0.17421602787456303,0.688519469555228,43.95470383275262
600360.SH,20260729,10.0,223100,2231000.0,-0.8919722497522264,3.532232831020271,39.64816650148664
600361.SH,20260729,3.6,56400,203040.0,0.0,0.7012249118604423,45.0
600362.SH,20260729,42.35,87800,3718330.0,-0.4700352526439411,2.2227541201548795,42.17978848413635
600363.SH,20260729,25.46,16700,425182.0,-0.07849293563578774,1.1970695791209818,44.529042386185274
600365.SH,20260729,2.66,1500,3990.0,0.37735849056603765,0.9239751402057015,47.264150943396224
600366.SH,20260729,10.85,176000,1909600.0,0.8364312267657992,3.1629191706001745,50.01858736059479
600367.SH,20260729,28.67,96300,2760921.0,-0.7271468144044224,4.098728477624895,40.63711911357346
600368.SH,20260729,3.8,8600,32680.0,0.0,0.6675274938907855,45.0
600369.SH,20260729,4.05,80600,326430.0,0.24752475247524774,1.3245060628683782,46.48514851485149
600370.SH,20260729,1.65,162300,267795.0,0.0,7.707082126249255,45.0
600371.SH,20260729,6.48,3400,22032.0,0.7776049766718529,0.877782703043227,49.66562986003112
600372.SH,20260729,11.09,71200,789608.0,0.0,2.611493382110879,45.0
600373.SH,20260729,7.22,34600,249812.0,0.1386962552011095,3.2074724509262635,45.83217753120665
600375.SH,20260729,3.89,4400,17116.0,0.0,0.15410605943477074,27.73909069825873
600376.SH,20260729,3.61,989000,3570290.0,-0.2762430939226568,9.412570588479422,43.34254143646406
600377.SH,20260729,12.29,39800,489142.0,0.0,3.082085790163127,45.0
600378.SH,20260729,42.5,560200,23808500.0,0.25949516395376016,9.66350737440336,46.556970983722564
600379.SH,20260729,11.68,116700,1363056.0,-1.2679628064243498,5.826581114083828,37.3922231614539
600380.SH,20260729,10.12,45400,459448.0,0.0,2.9523888801645937,45.0
600381.SH,20260729,3.44,337002,1159287.0,3.3033033033033066,21.31995445978707,64.81981981981984
600382.SH,20260729,6.25001,72438,452738.0,1.4612012987012868,4.2401835486670025,53.76720779220772
600383.SH,20260729,2.21,134700,297687.0,0.0,1.6373312605438741,45.0
600386.SH,20260729,3.11,10500,32655.0,0.0,0.9505919257761057,45.0
600388.SH,20260729,16.67,20000,333400.0,0.0,0.7725960379977469,45.0
600389.SH,20260729,19.46,67200,1307712.0,0.309278350515485,3.7014329579699052,46.85567010309291
600390.SH,20260729,4.87,37800,184086.0,-0.2049180327868827,0.9655080856358877,43.7704918032787
600391.SH,20260729,27.25,9900,269775.0,0.22066936373665857,0.8415052584042348,46.32401618241995
600392.SH,20260729,20.05,128500,2576425.0,-0.24875621890547706,2.050537451682014,43.50746268656714
600395.SH,20260729,4.68,57600,269568.0,-0.2132196162047073,1.3587541999045039,43.720682302771756
600396.SH,20260729,16.0,3162900,50606400.0,-3.498190591073569,9.68823607456617,24.01085645355859
600397.SH,20260729,13.9,170100,2364390.0,0.07199424046075986,2.650247850727501,45.43196544276456
600398.SH,20260729,6.01,78300,470583.0,-0.16611295681062677,1.7061880527758617,44.00332225913624
600399.SH,20260729,4.03,63600,256308.0,0.4987531172069959,1.6333940722837483,47.99251870324198
600400.SH,20260729,2.67,216100,576987.0,0.0,3.6397247142895233,45.0
600403.SH,20260729,5.56,572200,3181432.0,-2.7972027972028024,5.835486098696414,28.216783216783185
600405.SH,20260729,3.94,12100,47674.0,0.0,1.0902547974904429,45.0
600406.SH,20260729,23.9,954200,22805380.0,1.4431239388794648,16.20362648753314,53.658743633276785
600408.SH,20260729,2.62,55900,146458.0,0.0,1.4215159007595974,45.0
600409.SH,20260729,6.4,100300,641920.0,0.0,2.2813945264294344,45.0
600410.SH,20260729,13.52,138400,1871168.0,0.0,2.8699143081570733,45.0
600415.SH,20260729,11.75,521700,6129975.0,-0.6762468300929858,2.269364344093792,40.94251901944209
600416.SH,20260729,8.81,26700,235227.0,0.0,1.3627479931146487,45.0
600418.SH,20260729,21.2,341800,7246160.0,1.1450381679389166,2.816352227896547,51.8702290076335
600419.SH,20260729,7.98,40700,324786.0,-0.6226650062266414,2.210690048317231,41.26400996264015
600420.SH,20260729,8.61,15000,129150.0,0.0,1.5138025208451427,45.0
600422.SH,20260729,9.13,26600,242858.0,0.2195389681668658,2.3902953563656975,46.317233809001195
600423.SH,20260729,2.68,24200,64856.0,1.132075471698113,3.9410574437561046,51.79245283018868
600425.SH,20260729,3.38,29300,99034.0,0.29673590504450953,1.809653551682188,46.780415430267055
600426.SH,20260729,20.9,56620,1183358.0,0.04786979415987158,1.2718797412628347,45.28721876495923
600428.SH,20260729,11.05,387000,4276350.0,-1.3392857142856984,5.99833102945766,36.96428571428581
600429.SH,20260729,4.28,178500,763980.0,0.46948356807512415,4.658215495433912,47.81690140845075
600433.SH,20260729,3.27,108300,354141.0,0.30674846625766694,3.193145383767492,46.840490797546
600435.SH,20260729,10.22,27100,276962.0,0.0,1.1163744527790298,45.0
600436.SH,20260729,135.05,43600,5888180.0,-0.705830453643097,6.307641280018978,40.765017278141414
600438.SH,20260729,11.15,95300,1062595.0,-0.3574620196604039,1.425487834087589,42.855227882037575
600439.SH,20260729,2.14,18200,38948.0,0.46948356807512415,1.0964341230522938,47.81690140845075
600444.SH,20260729,12.3,9600,118080.0,-0.7263922518159771,4.347533939796154,40.64164648910414
600446.SH,20260729,10.32,59900,618168.0,0.09699321047527132,2.7284079589405517,45.581959262851626
600448.SH,20260729,2.52,20900,52668.0,0.3984063745019917,1.3560402183794276,47.39043824701195
600449.SH,20260729,11.82,5500,65010.0,-0.08453085376162184,1.0679396739753155,44.49281487743027
600452.SH,20260729,9.54,35700,340578.0,-0.20920502092051096,0.9374841448693855,43.74476987447694
600455.SH,20260729,20.96,4800,100608.0,0.4312410158121782,2.4444721916140812,47.58744609487307
600456.SH,20260729,26.88,12800,344064.0,0.26109660574411553,1.4959459861167514,46.566579634464695
600458.SH,20260729,10.86,50900,552774.0,0.09216589861751334,1.8691017501204565,45.55299539170508
600459.SH,20260729,17.72,30000,531600.0,-0.056401579244225175,1.5905960324179749,44.661590524534645
600460.SH,20260729,30.19,387400,11695606.0,0.06629101756712164,4.50155860517122,45.39774610540273
600461.SH,20260729,9.08,26800,243344.0,-0.3293084522502654,2.0945051636871828,43.02414928649841
600463.SH,20260729,7.47,11500,85905.0,0.9459459459459474,2.6128088310839845,50.675675675675684
600467.SH,20260729,2.14,47000,100580.0,0.0,1.8617829928104226,45.0
600468.SH,20260729,5.63,532500,2997975.0,-2.086956521739136,13.120501904433976,32.47826086956518
600469.SH,20260729,5.12,4900,25088.0,0.0,0.5101255488760178,45.0
600470.SH,20260729,5.27,9900,52173.0,-0.5660377358490565,0.32391207360105795,41.60377358490566
600475.SH,20260729,12.71,32200,409262.0,0.07874015748032814,2.293728353205583,45.47244094488197
600476.SH,20260729,8.44,6700,56548.0,-0.11834319526626835,4.947512516205754,44.28994082840239
600477.SH,20260729,2.34001,28943,67727.0,0.0004273504273566431,0.9174734979570173,45.002564102564136
600478.SH,20260729,4.92,67500,332100.0,0.6134969325153339,1.8783859518766908,48.68098159509201
600479.SH,20260729,9.58,6700,64186.0,0.10449320794148065,1.2704393353638406,45.626959247648884
600480.SH,20260729,8.39,19400,162766.0,-0.11904761904761862,1.0682940823021332,44.28571428571429
600481.SH,20260729,3.89,59000,229510.0,-0.5115089514066473,1.1186667625120035,41.93094629156012
600482.SH,20260729,27.7,43100,1193870.0,0.727272727272732,1.9170422298790117,49.36363636363639
600483.SH,20260729,10.93,56100,613173.0,0.7373271889400845,3.201690291215796,49.423963133640505
600486.SH,20260729,55.14,9700,534858.0,-0.01813236627379311,1.8437556221467846,44.89120580235724
600487.SH,20260729,50.01,1958600,97949586.0,0.0,11.45664910083929,45.0
600488.SH,20260729,5.25,989800,5196450.0,0.0,10.943468090198438,45.0
600489.SH,20260729,21.1,454100,9581510.0,-1.1246485473289547,6.317897633692414,38.25210871602627
600490.SH,20260729,6.34,108700,689158.0,0.0,2.591657423922876,45.0
600491.SH,20260729,1.23,988600,1215978.0,0.0,18.380591328530095,45.0
600493.SH,20260729,5.38,22600,121588.0,0.7490636704119868,3.0826320477260847,49.494382022471925
600495.SH,20260729,3.89,14400,56016.0,0.0,1.518752469131836,45.0
600496.SH,20260729,3.23,50400,162792.0,0.0,1.6480237139185034,45.0
600497.SH,20260729,8.9,232700,2071030.0,0.0,2.1147539484245614,45.0
600498.SH,20260729,35.0,461700,16159500.0,-0.652852682372973,7.244764836628085,41.08288390576216
600499.SH,20260729,15.28,72500,1107800.0,0.9247027741083214,1.755596749093767,50.548216644649926
600500.SH,20260729,4.63,368300,1705229.0,-1.0683760683760646,4.157773659791202,38.58974358974361
600501.SH,20260729,13.6,5300,72080.0,0.36900369003689537,0.7894104141348008,47.214022140221374
600502.SH,20260729,4.64,113400,526176.0,-0.6423982869379063,3.7109810837123236,41.14561027837256
600503.SH,20260729,2.0,48200,96400.0,1.0101010101010166,1.3080881191661764,51.0606060606061
600505.SH,20260729,10.78,44500,479710.0,-0.0926784059314123,2.944807092268711,44.443929564411526
600506.SH,20260729,13.8,8600,118680.0,0.6564551422319376,1.8483252581495835,48.938730853391625
600507.SH,20260729,4.27,37500,160125.0,0.0,0.47724962440789864,45.0
600508.SH,20260729,8.37,26100,218457.0,0.0,2.6197629519682306,45.0
600509.SH,20260729,7.65,963000,7366950.0,-1.797175866495504,21.826172357164488,34.216944801026976
600510.SH,20260729,6.02,4400,26488.0,0.0,0.4527303332656209,45.0
600511.SH,20260729,27.18,11500,312570.0,-0.07352941176470562,1.931569194404823,44.55882352941177
600512.SH,20260729,1.96,12100,23716.0,-0.5076142131979711,0.5273026769393304,41.95431472081217
600513.SH,20260729,16.09,192700,3100543.0,1.6424510423246996,9.227517253967996,54.854706253948194
600515.SH,20260729,2.82,137800,388596.0,-0.35335689045937757,1.2510590608880328,42.87985865724374
600516.SH,20260729,5.04,74000,372960.0,0.0,1.6329419881202683,45.0
600517.SH,20260729,4.98,62300,310254.0,0.0,2.3026726630433765,45.0
600518.SH,20260729,1.34,626800,839912.0,0.0,4.869215940067492,45.0
600519.SH,20260729,1333.83,102000,136050660.0,1.0477272727272613,16.4264841413897,51.28636363636357
600520.SH,20260729,23.17,47400,1098258.0,-0.34408602150537426,3.353735172934091,42.93548387096776
600521.SH,20260729,16.11,36900,594459.0,0.436408977556102,1.3115727675865296,47.61845386533661
600522.SH,20260729,30.02,1304200,39152084.0,0.20026702269693164,6.456546920309189,46.20160213618159
600523.SH,20260729,11.03,1000,11030.0,0.0,0.2863135305518731,45.0
600525.SH,20260729,4.75,3900,18525.0,0.42283298097249844,0.6574918310411032,47.53699788583499
600526.SH,20260729,4.24,5200,22048.0,-0.23529411764705577,0.5179538136863188,43.588235294117666
600527.SH,20260729,2.1,60000,126000.0,0.0,1.1700024954481796,45.0
600528.SH,20260729,7.12,47300,336776.0,0.28169014084507005,3.1156450266214666,46.69014084507042
600529.SH,20260729,19.53,44700,872991.0,-0.4079551249362434,2.7468936796005665,42.55226925038254
600530.SH,20260729,4.78,47100,225138.0,-0.4166666666666541,4.376067421814857,42.50000000000008
600531.SH,20260729,11.32,41400,468648.0,-0.4397537379067673,1.0740887954658238,42.361477572559394
600533.SH,20260729,1.95,10000,19500.0,0.0,0.802318280155472,45.0
600535.SH,20260729,15.78,29600,467088.0,0.31786395422759295,1.3240401750472002,46.907183725365556
600536.SH,20260729,31.46,132500,4168450.0,0.2549394518801762,5.971334813829568,46.52963671128106
600537.SH,20260729,2.15,73400,157810.0,-0.4629629629629761,3.3370482603872893,42.22222222222214
600538.SH,20260729,4.81,43800,210678.0,0.2083333333333215,3.312536909280328,46.24999999999993
600539.SH,20260729,14.86,827400,12295164.0,-7.1250000000000036,30.918083663942653,15.0
600540.SH,20260729,3.38,11400,38532.0,0.0,0.594735782624411,45.0
600543.SH,20260729,3.68,17900,65872.0,0.2724795640327127,9.005974086769728,46.63487738419627
600545.SH,20260729,3.89,163600,636404.0,0.0,1.8318422977223454,45.0
600546.SH,20260729,12.11,77500,938525.0,-0.08250825082508628,2.6945036283187753,44.504950495049485
600547.SH,20260729,26.22,374000,9806280.0,-1.4285714285714346,5.953917419415297,36.42857142857139
600548.SH,20260729,8.47,11300,95711.0,0.11820330969267712,2.9348290471509046,45.70921985815606
600549.SH,20260729,47.0,122700,5766900.0,0.02128112364332413,2.2817866302663354,45.12768674185995
600550.SH,20260729,11.09,189900,2105991.0,-0.6272401433691788,2.2566539655295212,41.23655913978493
600551.SH,20260729,6.71,5000,33550.0,-0.2971768202080338,0.95788063242734,43.2169390787518
600552.SH,20260729,15.8,1226800,19383440.0,-1.4348097317529618,15.557242844966426,36.39114160948223
600556.SH,20260729,4.37,111900,489003.0,0.0,2.575799032188167,45.0
600557.SH,20260729,12.7,6200,78740.0,0.7137192704202988,1.1335420832033132,49.28231562252179
600558.SH,20260729,4.62,8500,39270.0,0.0,0.7574622618586967,45.0
600559.SH,20260729,11.79,45200,532908.0,-0.4222972972973027,2.7418247040253925,42.46621621621618
600560.SH,20260729,10.39,2300,23897.0,0.09633911368014392,0.7196455309852919,45.57803468208086
600561.SH,20260729,4.96,24200,120032.0,0.6085192697768749,5.000649702846873,48.65111561866125
600562.SH,20260729,23.99,55600,1333844.0,0.2088554720133473,3.6232019383930987,46.253132832080084
600563.SH,20260729,131.17,19800,2597166.0,-0.007623113279475735,3.363500001248443,44.95426132032315
600566.SH,20260729,26.45,17900,473455.0,0.0,3.0122724837346637,45.0
600567.SH,20260729,1.32,412300,544236.0,0.0,5.780191131755382,45.0
600568.SH,20260729,2.21,52700,116467.0,-0.8968609865470878,9.819291547730346,39.61883408071748
600569.SH,20260729,1.72,32800,56416.0,0.0,1.2344002331392046,45.0
600570.SH,20260729,21.26,39200,833392.0,-0.2814258911819856,0.8548853584139424,43.31144465290809
600571.SH,20260729,9.92,24500,243040.0,-0.5015045135406293,2.4436377722855362,41.99097291875623
600572.SH,20260729,4.3,43700,187910.0,0.2331002331002363,0.9652996133371704,46.398601398601414
600573.SH,20260729,9.51,27900,265329.0,0.6349206349206327,2.7495096397447973,48.809523809523796
600575.SH,20260729,3.31,249200,824852.0,0.6079027355623046,2.6999623308951177,48.647416413373826
600576.SH,20260729,5.46,30900,168714.0,-0.1828153564899404,3.8547851346960824,43.903107861060356
600577.SH,20260729,7.25,146300,1060675.0,0.41551246537396835,1.6324892163711775,47.49307479224381
600578.SH,20260729,5.4,613700,3313980.0,-0.1848428835489746,3.3591509904454133,43.890942698706155
600579.SH,20260729,7.07,18800,132916.0,-0.2820874471085921,2.4659164726730496,43.30747531734845
600580.SH,20260729,29.49,138098,4072510.0,1.5146299483648873,4.629438513008676,54.08777969018932
600581.SH,20260729,2.25,3900,8775.0,0.44642857142855874,0.4214702669657513,47.67857142857135
600582.SH,20260729,4.85,35200,170720.0,0.20661157024792765,1.2731705556339437,46.23966942148756
600583.SH,20260729,5.54,70500,390570.0,0.5444646098003769,2.406536210760396,48.26678765880226
600584.SH,20260729,76.7,679800,52140660.0,-0.16920473773265332,4.319501370191577,43.98477157360408
600585.SH,20260729,17.93,90900,1629837.0,-0.16703786191537562,2.634055513394242,43.99777282850775
600586.SH,20260729,4.05,6400,25920.0,0.0,0.46523577707639013,45.0
600587.SH,20260729,12.73,48800,621224.0,0.47355958958168465,6.122960259245505,47.84135753749011
600588.SH,20260729,9.54,191800,1829772.0,0.10493179433368471,2.5608300241478994,45.62959076600211
600589.SH,20260729,7.22,559800,4041756.0,-0.13831258644537714,9.295457504846752,44.17012448132774
600590.SH,20260729,7.83,20200,158166.0,0.12787723785165905,0.6154965289604706,45.76726342710995
600592.SH,20260729,13.25,12400,164300.0,0.8371385083713712,1.7594783651038406,50.02283105022823
600593.SH,20260729,37.2,25400,944880.0,0.6765899864682012,6.534559046796442,49.05953991880921
600594.SH,20260729,3.57,1989900,7103943.0,-1.6528925619834767,40.17021564284401,35.08264462809914
600595.SH,20260729,6.27,425400,2667258.0,0.48076923076922906,3.179342917488097,47.88461538461537
600596.SH,20260729,9.87,105200,1038324.0,-0.2022244691607833,2.0393077609907047,43.7866531850353
600597.SH,20260729,6.76,31100,210236.0,0.29673590504450953,1.5341608867274206,46.780415430267055
600598.SH,20260729,11.97,76400,914508.0,0.16736401673640433,3.1639077021640625,46.00418410041843
600600.SH,20260729,54.43,16500,898095.0,-0.018368846436445097,1.4625088317110704,44.88978692138133
600601.SH,20260729,9.8,398600,3906280.0,-0.10193679918449883,2.5209335211441757,44.388379204893006
600602.SH,20260729,17.29,98600,1704794.0,0.0,2.1803569394231648,45.0
600603.SH,20260729,4.3,44900,193070.0,0.7025761124121788,2.1357213707833425,49.215456674473074
600604.SH,20260729,4.22,3800,16036.0,-0.23640661938535423,0.2838107020138065,43.58156028368788
600605.SH,20260729,24.75,6700,165825.0,0.2024291497975783,2.3755264263974314,46.21457489878547
600606.SH,20260729,1.26,197200,248472.0,0.0,1.646900910646618,45.0
600609.SH,20260729,3.21,4500,14445.0,0.0,0.2829998216190117,45.0
600610.SH,20260729,6.63,40500,268515.0,0.15105740181269312,2.0785852859725478,45.90634441087616
600611.SH,20260729,3.99,172100,686679.0,-0.7462686567163979,4.170563061634553,40.52238805970161
600612.SH,20260729,34.9,4900,171010.0,0.20097616996841428,2.197018257849956,46.20585701981049
600613.SH,20260729,4.85,12100,58685.0,0.0,1.7272712181663783,45.0
600615.SH,20260729,8.48,12500,106000.0,0.35502958579882726,8.194611192756582,47.13017751479296
600616.SH,20260729,3.95,23400,92430.0,0.2538071065989911,2.3154233926902212,46.52284263959395
600617.SH,20260729,3.29,5734100,18865189.0,-10.10928961748634,28.935882144929362,15.0
600618.SH,20260729,9.93,7400,73482.0,0.0,0.6319890926536673,45.0
600619.SH,20260729,13.53,2793600,37797408.0,-0.9516837481698404,60.27053144669254,39.28989751098096
600620.SH,20260729,3.97,16500,65505.0,0.2525252525252597,2.9248992761672437,46.51515151515156
600621.SH,20260729,12.96,8300,107568.0,0.3095975232198178,0.8718832603042214,46.85758513931891
600622.SH,20260729,2.04,51500,105060.0,0.0,1.681317165568116,45.0
600623.SH,20260729,7.82,60400,472328.0,-0.5089058524173073,3.2912832197124007,41.94656488549616
600624.SH,20260729,3.57,5500,19635.0,0.2808988764044784,1.3997936988537947,46.68539325842687
600626.SH,20260729,3.35,54400,182240.0,1.2084592145015227,4.875448007362611,52.250755287009135
600628.SH,20260729,5.9,39400,232460.0,-0.16920473773265332,6.093906719815376,43.98477157360408
600629.SH,20260729,13.0,1147600,14918800.0,-3.201787043931492,27.6674405543375,25.789277736411048
600630.SH,20260729,6.26,31200,195312.0,-0.31847133757962887,2.107498569513981,43.08917197452223
600633.SH,20260729,10.23,46100,471603.0,0.19588638589618235,1.7614331664124574,46.1753183153771
600635.SH,20260729,4.46,104300,465178.0,0.22471910112358273,2.265022745906311,46.348314606741496
600637.SH,20260729,7.93,2022500,16038425.0,-0.7509386733416834,34.190557079732244,40.4943679599499
600638.SH,20260729,4.59,67600,310284.0,0.4376367614879584,2.893549263481933,47.62582056892775
600639.SH,20260729,9.27,22500,208575.0,-0.10775862068965747,4.358848540906406,44.35344827586206
600640.SH,20260729,10.28,14700,151116.0,0.5870841487279677,1.9999110127210256,48.522504892367806
600641.SH,20260729,28.57,245400,7011078.0,-0.5569091541942184,3.3901174493196176,41.65854507483469
600642.SH,20260729,8.45,44300,374335.0,0.0,1.7439825996347345,45.0
600643.SH,20260729,3.85,24400,93940.0,-0.2590673575129432,1.4366815635077868,43.44559585492234
600644.SH,20260729,9.0,189600,1706400.0,-0.990099009900991,2.635951830118231,39.059405940594054
600645.SH,20260729,18.49,19600,362404.0,0.4891304347826031,2.4788182225027113,47.93478260869562
600648.SH,20260729,8.52999,24544,209360.0,0.3528235294117721,8.54999186697134,47.11694117647063
600649.SH,20260729,3.62,50700,183534.0,-0.2754820936639035,2.828408468452275,43.34710743801658
600650.SH,20260729,9.95,8300,82585.0,-0.4004004004004136,2.3687285949296273,42.59759759759752
600651.SH,20260729,5.3,121200,642360.0,-1.1194029850746356,6.0444342702259775,38.28358208955218
600653.SH,20260729,1.64,15100,24764.0,0.0,0.6177648865272374,45.0
600654.SH,20260729,2.86,361200,1033032.0,-0.694444444444442,4.606778771556074,40.83333333333335
600655.SH,20260729,4.45,75100,334195.0,0.0,4.223394739403863,45.0
600657.SH,20260729,2.48,57900,143592.0,0.8130081300812941,2.601319286561845,49.87804878048777
600658.SH,20260729,3.8,95000,361000.0,-0.5235602094240788,7.650039471872638,41.85863874345553
600660.SH,20260729,56.4,22100,1246440.0,0.14204545454545858,0.7887467752815432,45.85227272727275
600661.SH,20260729,8.11,28900,234379.0,1.374999999999993,1.888082440936412,53.24999999999996
600662.SH,20260729,4.32,32000,138240.0,-0.2309468822170868,1.8337799944206605,43.61431870669748
600663.SH,20260729,7.37,46500,342705.0,0.13586956521738358,2.68429672201318,45.8152173913043
600664.SH,20260729,5.47,7343711,40170099.0,-4.703832752613247,18.716857492828968,16.77700348432052
600665.SH,20260729,2.74,45700,125218.0,-0.3636363636363549,3.954349617206401,42.81818181818187
600666.SH,20260729,3.25,278200,904150.0,-0.30674846625766694,2.646178071145884,43.159509202454
600667.SH,20260729,18.0,4225800,76064400.0,-2.0141535111595,10.309659820320674,32.915078933043
600668.SH,20260729,7.16,2500,17900.0,0.7032348804500765,0.569006411494311,49.21940928270046
600671.SH,20260729,20.79,37000,769230.0,0.9713453132588645,11.017457936457612,50.828071879553185
600673.SH,20260729,28.25,59800,1689350.0,0.21284143313231585,1.6264033282507446,46.2770485987939
600674.SH,20260729,16.19,42500,688075.0,-0.24645717806530687,1.4274366926770117,43.52125693160816
600675.SH,20260729,2.18,44500,97010.0,0.4608294930875667,1.232387786207486,47.7649769585254
600676.SH,20260729,6.59,58500,385515.0,1.0736196319018454,3.5676157932233705,51.44171779141107
600678.SH,20260729,5.17,64300,332431.0,-0.19305019305019266,4.941592376268061,43.84169884169884
600679.SH,20260729,9.15,1100,10065.0,-0.43525571273121955,0.40867019085324247,42.38846572361268
600681.SH,20260729,3.39,80700,273573.0,0.2958579881656931,4.285124083188983,46.77514792899416
600682.SH,20260729,5.46,21700,118482.0,0.5524861878453136,1.607271211287672,48.31491712707188
600683.SH,20260729,7.92,200300,1586376.0,1.6688061617458283,7.799892327996571,55.01283697047497
600684.SH,20260729,3.37,104400,351828.0,-1.1730205278592365,6.026836060613634,37.96187683284458
600685.SH,20260729,25.61,28300,724763.0,0.15643332029722234,1.8065624102475824,45.938599921783336
600686.SH,20260729,11.11,102200,1135442.0,0.6340579710145011,3.5899211326916003,48.80434782608701
600688.SH,20260729,2.77,475200,1316304.0,0.36231884057971175,6.123505971777185,47.17391304347827
600689.SH,20260729,9.52,6100,58072.0,0.5279831045406524,2.314692285273149,48.167898627243915
600690.SH,20260729,22.36,102800,2298608.0,-0.17857142857142794,1.4050005769583678,43.92857142857143
600691.SH,20260729,2.35,37900,89065.0,0.0,1.0569890545588045,45.0
600692.SH,20260729,5.51,9400,51794.0,0.0,1.5099877729298379,45.0
600693.SH,20260729,8.95,2785000,24925750.0,3.948896631823451,22.96630349988111,68.6933797909407
600694.SH,20260729,14.24,18000,256320.0,-0.3498950314905436,3.9771622258590584,42.90062981105674
600697.SH,20260729,9.69,26900,260661.0,0.10330578512396382,7.160417093657023,45.61983471074378
600698.SH,20260729,6.4,439700,2814080.0,-0.7751937984496138,10.783367745055171,40.34883720930232
600699.SH,20260729,20.05,32000,641600.0,0.40060090135203286,1.2848513963724324,47.4036054081122
600702.SH,20260729,33.45,35900,1200855.0,-0.6238859180035417,3.797251200637545,41.25668449197875
600703.SH,20260729,12.01,443400,5325234.0,-0.9075907590759047,2.7945580172508864,39.55445544554457
600704.SH,20260729,4.9,66800,327320.0,0.2044989775051187,1.2540689041822393,46.226993865030714
600706.SH,20260729,7.14,54400,388416.0,0.2808988764044784,6.1346595487120315,46.68539325842687
600707.SH,20260729,8.55,464400,3970620.0,-0.5813953488371992,3.9305067690214863,41.511627906976805
600708.SH,20260729,3.01,19600,58996.0,-0.33112582781458233,1.7974269155510059,43.013245033112504
600710.SH,20260729,10.58,14400,152352.0,0.7619047619047636,0.7257969290965592,49.571428571428584
600711.SH,20260729,10.56,113400,1197504.0,-0.5649717514124131,1.3779640343198685,41.610169491525525
600712.SH,20260729,4.8,196100,941280.0,3.6717062634989084,15.462873702336626,67.03023758099346
600713.SH,20260729,5.0,48600,243000.0,0.0,4.955392797978933,45.0
600714.SH,20260729,13.02,56000,729120.0,-1.2139605462822445,5.732982743259606,37.71623672230653
600715.SH,20260729,1.52,150500,228760.0,0.0,4.305682934936888,45.0
600716.SH,20260729,3.23,3300,10659.0,0.0,0.3692306285379839,45.0
600717.SH,20260729,4.25,32800,139400.0,0.0,1.1045250831743438,45.0
600718.SH,20260729,8.26,52600,434476.0,0.0,3.7734708193976076,45.0
600719.SH,20260729,7.07,11500,81305.0,-0.8415147265077083,0.8325261671048202,39.95091164095375
600720.SH,20260729,5.13,4800,24624.0,0.0,0.48877845146038346,45.0
600721.SH,20260729,7.21,214300,1545103.0,1.980198019801982,11.937082957134267,56.88118811881189
600722.SH,20260729,9.41,12589628,118468399.0,1.6198704103671746,220.1346583035995,54.71922246220305
600724.SH,20260729,4.8,26200,125760.0,-0.6211180124223614,2.8098820531005595,41.273291925465834
600725.SH,20260729,3.19,10100,32219.0,0.0,0.6456709415671505,45.0
600726.SH,20260729,5.9,1451300,8562670.0,-2.960526315789469,6.874424358674001,27.236842105263186
600727.SH,20260729,7.26,74700,542322.0,-0.4115226337448541,4.492514302751089,42.530864197530875
600728.SH,20260729,4.55,205800,936390.0,1.5624999999999778,3.8834252305712966,54.374999999999865
600729.SH,20260729,20.11,11700,235287.0,-0.1985111662531014,2.48347833598518,43.80893300248139
600730.SH,20260729,9.0,85100,765900.0,-0.33222591362125353,8.534745451300491,43.00664451827248
600731.SH,20260729,5.5,11800,64900.0,0.0,1.0250176645763782,45.0
600732.SH,20260729,11.9,53900,641410.0,-0.4184100418409997,2.1572463155217703,42.489539748954
600733.SH,20260729,5.22,595300,3107466.0,0.0,4.262025460755984,45.0
600734.SH,20260729,1.66,629600,1045136.0,1.2195121951219523,12.5292638624708,52.31707317073172
600735.SH,20260729,6.22,5000,31100.0,0.16103059581320522,1.8637045868826119,45.96618357487923
600736.SH,20260729,6.28,413900,2599292.0,0.0,13.838317947037023,45.0
600737.SH,20260729,12.16,84500,1027520.0,0.33003300330034513,2.756734281008677,46.980198019802074
600738.SH,20260729,3.76,12300,46248.0,0.53475935828875,1.0306561596848485,48.2085561497325
600739.SH,20260729,10.53,82000,863460.0,0.0950570342205248,4.553582840836712,45.57034220532315
600740.SH,20260729,3.52,164600,579392.0,0.0,4.928719221705529,45.0
600741.SH,20260729,16.31,64600,1053626.0,0.5548705302096169,3.1938815469856485,48.3292231812577
600742.SH,20260729,7.25,15600,113100.0,-0.27510316368637433,2.0962695187992004,43.349381017881754
600743.SH,20260729,2.17,119800,259966.0,-0.4587155963302836,4.3058616337767335,42.2477064220183
600744.SH,20260729,7.13,3789288,27017623.0,-3.125000000000011,13.454699490499356,26.249999999999932
600745.SH,20260729,16.75,226300,3790525.0,-0.5344418052256494,7.733186714467545,41.7933491686461
600746.SH,20260729,6.21,76200,473202.0,-0.48076923076924016,2.0548107062272045,42.115384615384556
600748.SH,20260729,3.62,480800,1740496.0,-2.1621621621621623,21.743387708792593,32.027027027027025
600749.SH,20260729,13.5,22700,306450.0,0.2971768202080227,3.3046296940016426,46.783060921248136
600750.SH,20260729,25.36,11900,301784.0,0.2767892447607778,1.9713231352299818,46.66073546856467
600751.SH,20260729,2.97,90800,269676.0,0.0,3.404719626497424,45.0
600753.SH,20260729,10.05,2500,25125.0,-0.29761904761904656,1.4682683970085544,43.21428571428572
600754.SH,20260729,19.0,122300,2323700.0,0.42283298097249844,6.767580375836587,47.53699788583499
600755.SH,20260729,5.77,122200,705094.0,0.522648083623678,7.5354156863916915,48.135888501742066
600756.SH,20260729,15.34,1188500,18231590.0,-0.32488628979857603,17.742903731900828,43.05068226120854
600757.SH,20260729,7.95,39300,312435.0,0.5056890012642201,3.72678453350125,48.03413400758532
600758.SH,20260729,3.21,118400,380064.0,-0.31055900621118626,2.360166629015928,43.136645962732885
600759.SH,20260729,2.38,2476500,5894070.0,0.8474576271186418,17.419726220718776,50.08474576271185
600760.SH,20260729,43.8,163300,7152540.0,0.7823285780027556,10.14072183626305,49.693971468016535
600761.SH,20260729,17.32,23700,410484.0,-0.17291066282421053,0.8984267066266256,43.96253602305474
600763.SH,20260729,34.65,5500,190575.0,0.14450867052022698,0.4888793887795542,45.86705202312136
600764.SH,20260729,18.1,12700,229870.0,-0.5494505494505364,1.6184189666733901,41.70329670329678
600765.SH,20260729,13.31,25500,339405.0,-0.07507507507507061,1.5411341208742633,44.549549549549575
600768.SH,20260729,13.18,8100,106758.0,0.0,2.332618079859275,45.0
600769.SH,20260729,13.6,49500,673200.0,0.0,3.7987236672187605,45.0
600770.SH,20260729,4.83,34200,165186.0,0.0,1.1716851064889229,45.0
600771.SH,20260729,14.4,42101,606254.0,0.7697690692792358,5.169979621759026,49.61861441567542
600773.SH,20260729,10.48,47400,496752.0,0.0,1.585726884924332,45.0
600774.SH,20260729,,0,0.0,,0.0,0.0
600775.SH,20260729,9.9,2423100,23988690.0,-4.347826086956519,35.731466342746835,18.91304347826089
600776.SH,20260729,12.0,74600,895200.0,0.25062656641603454,4.104659180202997,46.50375939849621
600777.SH,20260729,4.13,119500,493535.0,0.7317073170731714,5.677921326388009,49.390243902439025
600778.SH,20260729,4.93,13900,68527.0,0.20325203252031798,1.6105641463512943,46.21951219512191
600779.SH,20260729,27.42,11800,323556.0,-0.8318264014466448,2.3333787355967015,40.009041591320134
600780.SH,20260729,5.92,26000,153920.0,0.16920473773265332,1.897478492459748,46.01522842639592
600782.SH,20260729,2.78,66000,183480.0,0.0,0.8628370942357257,45.0
600783.SH,20260729,14.7,74700,1098090.0,0.0680735194009463,3.4627163326187134,45.408441116405676
600784.SH,20260729,6.99,2800,19572.0,-0.7102272727272707,0.3010880521024475,40.738636363636374
600785.SH,20260729,8.1,89000,720900.0,1.1235955056179803,4.238178581465932,51.74157303370788
600787.SH,20260729,4.56,37800,172368.0,-0.2188183807440014,1.7720632088514991,43.68708971553599
600789.SH,20260729,7.35,20900,153615.0,0.547195622435015,1.1200453795738385,48.28317373461009
600790.SH,20260729,3.17,20400,64668.0,0.31645569620253333,1.4735532868569017,46.8987341772152
600791.SH,20260729,6.31,70100,442331.0,-1.5600624024961096,4.611367948633024,35.63962558502334
600792.SH,20260729,3.41,28300,96503.0,0.2941176470588225,1.4365328908096118,46.764705882352935
600793.SH,20260729,12.91,109100,1408481.0,-1.9741837509491211,7.90934835704137,33.154897494305274
600794.SH,20260729,3.04,2200,6688.0,0.0,0.17827069482735905,32.08872506892463
600795.SH,20260729,4.84,574500,2780580.0,-0.20618556701030855,3.185134472096018,43.76288659793815
600796.SH,20260729,4.76,1300,6188.0,0.42194092827003704,0.14329352715720323,28.324480457916806
600797.SH,20260729,6.84,137200,938448.0,0.0,4.684170953432199,45.0
600798.SH,20260729,3.16,31700,100172.0,0.0,2.970399758245067,45.0
600800.SH,20260729,3.0,18500,55500.0,0.0,0.6486286202855831,45.0
600801.SH,20260729,21.26,31300,665438.0,-0.187793427230043,1.2076590166841015,43.87323943661974
600802.SH,20260729,4.05,8200,33210.0,0.0,1.177403885766084,45.0
600803.SH,20260729,17.25,24500,422625.0,0.8771929824561209,2.093364787754233,50.26315789473672
600805.SH,20260729,4.17,17900,74643.0,0.24038461538460343,2.6596812693951795,46.44230769230762
600807.SH,20260729,2.41,15700,37837.0,0.4166666666666874,1.0177079077978206,47.50000000000013
600808.SH,20260729,2.48,101400,251472.0,0.0,0.8209092458471821,45.0
600809.SH,20260729,127.0,156100,19824700.0,0.5940594059405946,10.13876462314415,48.56435643564357
600810.SH,20260729,6.33,8400,53172.0,0.0,0.707892959906528,45.0
600812.SH,20260729,4.77,18400,87768.0,0.21008403361344463,1.2014214356372905,46.26050420168067
600814.SH,20260729,6.45,25400,163830.0,0.6240249609984483,4.080872058670302,48.74414976599069
600815.SH,20260729,3.03,877800,2659734.0,0.0,10.15471294086948,45.0
600816.SH,20260729,2.47,478300,1181401.0,0.0,6.130989099168732,45.0
600817.SH,20260729,9.1,300,2730.0,0.0,0.14878966150570014,26.782139071026023
600818.SH,20260729,6.0,17300,103800.0,1.3513513513513598,3.5671201422559267,53.108108108108155
600819.SH,20260729,5.03,5700,28671.0,-0.3960396039603853,0.42369139968229425,42.623762376237686
600820.SH,20260729,5.54,146300,810502.0,0.36231884057971175,5.632411510794447,47.17391304347827
600821.SH,20260729,6.49,248500,1612765.0,0.7763975155279379,2.9279414663332166,49.658385093167624
600822.SH,20260729,7.99,1600,12784.0,0.0,0.6313271920829279,45.0
600824.SH,20260729,3.45,11900,41055.0,0.0,1.2365240190912923,45.0
600825.SH,20260729,4.71,74400,350424.0,-0.42283298097252064,7.047921578738938,42.46300211416488
600826.SH,20260729,7.85,40700,319495.0,-1.1335012594458571,5.218669854085178,38.198992443324855
600827.SH,20260729,7.62,100800,768096.0,0.39525691699604515,5.778077822470121,47.37154150197627
600828.SH,20260729,3.62,65800,238196.0,0.27700831024930483,1.780025519956465,46.66204986149583
600829.SH,20260729,9.25,454400,4203200.0,0.0,21.65429923103024,45.0
600830.SH,20260729,7.88,600,4728.0,0.0,0.11692014242990176,21.045625637382315
600831.SH,20260729,2.93,9600,28128.0,0.0,0.7655542605497844,45.0
600833.SH,20260729,9.48,1000,9480.0,0.0,0.3091483956323332,45.0
600834.SH,20260729,6.97,1000,6970.0,-0.14326647564470996,0.45855308409843826,44.14040114613174
600835.SH,20260729,18.08,197200,3565376.0,-2.16450216450218,23.22434612072545,32.01298701298692
600838.SH,20260729,6.85,10300,70555.0,-0.7246376811594346,1.0860540895728095,40.65217391304339
600839.SH,20260729,6.69,218600,1462434.0,0.45045045045044585,2.9769846290400435,47.70270270270267
600841.SH,20260729,5.49,53500,293715.0,0.365630712979903,3.5727577957042316,47.193784277879416
600843.SH,20260729,6.53,53100,346743.0,-1.2102874432677768,5.132273457135297,37.738275340393336
600844.SH,20260729,3.13,913100,2858003.0,-0.31847133757962887,8.396121326223023,43.08917197452223
600845.SH,20260729,17.69,56000,990640.0,0.912721049629206,3.8794033292528405,50.47632629777524
600846.SH,20260729,11.97,200600,2401182.0,-0.992555831265507,21.204104012155273,39.04466501240696
600847.SH,20260729,10.89,97000,1056330.0,0.18399264029440587,16.707041793606184,46.103955841766435
600848.SH,20260729,8.26,28400,234584.0,0.0,2.532031519876465,45.0
600850.SH,20260729,15.28,1210560,18497357.0,0.0,38.25871475314066,45.0
600851.SH,20260729,7.58,21100,159938.0,-1.1734028683181186,2.33281242344771,37.95958279009129
600853.SH,20260729,3.12,8400,26208.0,0.0,0.9305003111431425,45.0
600854.SH,20260729,4.2,24500,102900.0,0.23866348448686736,4.197545035803346,46.431980906921204
600855.SH,20260729,11.95,7500,89625.0,-0.1670843776107045,0.8646324908659838,43.99749373433578
600857.SH,20260729,16.0,52100,833600.0,0.6289308176100628,6.488039078916379,48.77358490566038
600858.SH,20260729,4.58,85300,390674.0,0.0,9.95546601014149,45.0
600859.SH,20260729,9.88,26383,260664.0,-0.10111223458038054,1.0706681565043255,44.39332659251772
600860.SH,20260729,7.78,200,1556.0,0.0,0.04286944715990739,7.71650048878333
600861.SH,20260729,13.41,16400,219924.0,0.37425149700598404,2.6934911229269134,47.2455089820359
600862.SH,20260729,17.96,16500,296340.0,0.11148272017837968,0.9147849256644023,45.66889632107028
600863.SH,20260729,4.64,350500,1626320.0,-0.42918454935623185,2.041906043557628,42.42489270386261
600864.SH,20260729,5.31,47300,251163.0,0.3780718336483746,1.3317613759634905,47.26843100189025
600865.SH,20260729,8.16,67500,550800.0,0.0,3.584066155458323,45.0
600866.SH,20260729,4.57,24900,113793.0,0.4395604395604602,1.28497875386161,47.63736263736276
600867.SH,20260729,8.25,202300,1668975.0,0.0,5.458526513093263,45.0
600868.SH,20260729,2.63,345100,907613.0,-1.4981273408239737,6.811896992323366,36.01123595505616
600869.SH,20260729,14.28,323000,4612440.0,-1.039501039501045,3.2078670717871924,38.76299376299373
600871.SH,20260729,2.17,602400,1307208.0,0.4629629629629539,4.888490610312987,47.77777777777772
600872.SH,20260729,19.11,33300,636363.0,0.0,1.6464724377890891,45.0
600873.SH,20260729,8.2,29100,238620.0,0.0,0.8109494226559741,45.0
600874.SH,20260729,5.49,21500,118035.0,-0.181818181818183,2.8379028413722307,43.9090909090909
600875.SH,20260729,24.83,85400,2120482.0,-0.2009646302250867,1.9253577211312156,43.79421221864948
600876.SH,20260729,6.54,14700,96138.0,0.0,2.1506442906420666,45.0
600877.SH,20260729,11.97,24100,288477.0,0.0,1.1249127528436162,45.0
600879.SH,20260729,14.75,265500,3916125.0,0.7513661202185773,3.834531041619694,49.508196721311464
600880.SH,20260729,3.71,79300,294203.0,0.0,3.109725459387225,45.0
600881.SH,20260729,1.76,9200900,16193584.0,-2.7624309392265234,31.325257980930104,28.425414364640858
600882.SH,20260729,21.39,41600,889824.0,-0.6502554575011588,1.68613304472446,41.09846725499305
600883.SH,20260729,6.64,13600,90304.0,0.15082956259426794,3.478209692628471,45.90497737556561
600884.SH,20260729,12.61,228200,2877602.0,0.0,2.739008131049714,45.0
600885.SH,20260729,33.2,43600,1447520.0,-0.24038461538461453,2.330937603805805,43.557692307692314
600886.SH,20260729,15.09,39800,600582.0,-0.06622516556291647,1.0054663735641556,44.6026490066225
600887.SH,20260729,27.37,1673200,45795484.0,2.9721595184349248,16.73865833494715,62.83295711060955
600888.SH,20260729,8.84,108500,959140.0,0.0,1.3963680814732398,45.0
600889.SH,20260729,13.33,1700,22661.0,0.0,0.8354918377966759,45.0
600892.SH,20260729,3.26,44300,144418.0,0.6172839506172645,6.251519397380161,48.70370370370359
600893.SH,20260729,34.55,20800,718640.0,-0.08675534991324785,0.6228902743721146,44.47946790052051
600894.SH,20260729,7.63,6700,51121.0,0.1312335958005173,1.136584553744546,45.787401574803106
600895.SH,20260729,32.0,10396100,332675200.0,3.0927835051546504,113.71313932226427,63.556701030927904
600897.SH,20260729,14.54,2300,33442.0,0.06882312456986117,1.7207059864947067,45.41293874741917
600900.SH,20260729,29.5,4844600,142915700.0,1.4791881664946605,37.562052149052725,53.875128998967966
600901.SH,20260729,6.47,115400,746638.0,0.6220839813374734,3.322326236730733,48.73250388802484
600903.SH,20260729,5.99,60000,359400.0,0.0,2.151401433908457,45.0
600905.SH,20260729,3.82,247700,946214.0,-0.26109660574412663,2.5315402791408594,43.43342036553524
600906.SH,20260729,6.3,318000,2003400.0,-0.6309148264984188,6.912653907993011,41.21451104100949
600908.SH,20260729,5.43,87200,473496.0,0.0,4.035730572146393,45.0
600909.SH,20260729,7.43,2251800,16730874.0,0.13477088948787852,9.87143774780388,45.80862533692727
600916.SH,20260729,7.45,138200,1029590.0,-0.6666666666666599,5.145153814707859,41.00000000000004
600917.SH,20260729,4.8,14600,70080.0,0.20876826722338038,2.7149685186848176,46.25260960334028
600918.SH,20260729,5.5,35700,196350.0,-0.1814882032667886,0.9170607373413064,43.91107078039927
600919.SH,20260729,11.56,244000,2820640.0,-0.08643042350907626,2.086154286142634,44.48141745894554
600925.SH,20260729,4.29,15300,65637.0,-0.23255813953487747,1.841274440079992,43.60465116279074
600926.SH,20260729,16.08,98200,1579056.0,0.12453300124533051,2.4461284034121324,45.74719800747198
600927.SH,20260729,12.47,14800,184556.0,0.0,1.3403491217429122,45.0
600928.SH,20260729,3.57,54200,193494.0,0.0,2.4189726243442675,45.0
600929.SH,20260729,5.27,58900,310403.0,0.5725190839694472,2.3786433486671075,48.435114503816685
600930.SH,20260729,4.18,387700,1620586.0,-0.23866348448688957,2.4623682577538073,43.56801909307866
600933.SH,20260729,12.82,26400,338448.0,0.3129890453834161,1.402995594240316,46.87793427230049
600935.SH,20260729,2.24,110900,248416.0,-0.4444444444444362,6.932179770874961,42.333333333333385
600936.SH,20260729,5.11,511600,2614276.0,0.0,7.625589571366964,45.0
600938.SH,20260729,31.6,459000,14504400.0,0.8939974457215838,10.185830764451374,50.3639846743295
600939.SH,20260729,2.55,3500,8925.0,-0.3906250000000111,0.43059536116843267,42.656249999999936
600941.SH,20260729,96.35,19000,1830650.0,0.0,1.2512632861858137,45.0
600955.SH,20260729,12.01,3000,36030.0,-0.7438016528925617,0.5585340160934996,40.53719008264463
600956.SH,20260729,7.24,19700,142628.0,0.27700831024930483,2.2260969237431323,46.66204986149583
600958.SH,20260729,9.08,940400,8538832.0,0.33149171270716593,9.596348814018883,46.988950276242996
600959.SH,20260729,3.03,207400,628422.0,0.0,6.503678299508698,45.0
600960.SH,20260729,3.77,53800,202826.0,1.072386058981234,3.2005830752707465,51.434316353887404
600961.SH,20260729,22.16,92100,2040936.0,0.13556258472662286,2.420254776647688,45.81337550835974
600962.SH,20260729,23.6,86000,2029600.0,0.0,10.34936812125686,45.0
600963.SH,20260729,3.21,46100,147981.0,-0.31055900621118626,1.2781566117701622,43.136645962732885
600965.SH,20260729,2.51,57000,143070.0,0.8032128514056103,9.911426197215006,49.81927710843366
600966.SH,20260729,4.66,523100,2437646.0,-0.8510638297872353,41.74451945696981,39.89361702127659
600967.SH,20260729,11.09,169500,1879755.0,-1.6843971631205656,5.117361246572871,34.893617021276604
600968.SH,20260729,3.75,114500,429375.0,0.8064516129032251,1.8340683204171497,49.83870967741935
600969.SH,20260729,8.11,29700,240867.0,-0.9768009768009733,2.7744641164147255,39.13919413919416
600970.SH,20260729,7.73,51200,395776.0,0.0,2.088678739655776,45.0
600971.SH,20260729,7.48,54700,409156.0,-1.9659239842725995,3.1609727269416505,33.2044560943644
600973.SH,20260729,5.76,24800,142848.0,-0.34602076124568004,1.483466387644385,42.92387543252592
600975.SH,20260729,4.78,21400,102292.0,-0.4166666666666541,2.087746329963111,42.50000000000008
600976.SH,20260729,27.4,300,8220.0,0.0,0.15752082609286877,28.35374869671638
600977.SH,20260729,12.25,465700,5704825.0,1.2396694214876103,9.708699250485166,52.43801652892566
600979.SH,20260729,3.85,109400,421190.0,-0.5167958656330796,3.8358625673618776,41.899224806201524
600980.SH,20260729,17.08,39600,676368.0,-1.839080459770115,9.667282115572394,33.96551724137931
600981.SH,20260729,2.25,6500,14625.0,0.0,0.31032864769257545,45.0
600982.SH,20260729,4.92,159200,783264.0,-0.4048582995951455,4.1861960646537435,42.57085020242913
600983.SH,20260729,7.53,43800,329814.0,-1.0512483574244391,9.491195663772464,38.692509855453366
600984.SH,20260729,3.96,134800,533808.0,-0.25188916876575096,4.059343981973194,43.48866498740549
600985.SH,20260729,14.53,123200,1790096.0,0.0,4.5038761172605355,45.0
600986.SH,20260729,7.03,606600,4264398.0,1.2968299711815456,6.6400533026931985,52.780979827089276
600987.SH,20260729,6.56,14800,97088.0,-0.3039513677811634,2.6299502980892964,43.17629179331302
600988.SH,20260729,36.7,435100,15968170.0,-1.5821936175918427,8.31363816991226,35.50683829444894
600989.SH,20260729,23.14,219900,5088486.0,0.8718395815169977,3.4381035451638913,50.231037489101986
600990.SH,20260729,17.11,15700,268627.0,0.5878894767783471,4.2485189445051,48.52733686067008
600992.SH,20260729,9.25,61300,567025.0,0.8724100327153872,4.692346112977246,50.234460196292325
600993.SH,20260729,24.1,36900,889290.0,0.3748438150770417,4.303782660490431,47.24906289046225
600995.SH,20260729,12.52,28400,355568.0,0.0,1.6496334953245082,45.0
600996.SH,20260729,6.57,71296,468415.0,-0.1519756838905706,3.7120924799392947,44.08814589665658
600997.SH,20260729,5.2,22800,118560.0,0.0,2.117611719066155,45.0
600998.SH,20260729,5.04,73500,370440.0,0.3984063745019917,2.0016614373504775,47.39043824701195
600999.SH,20260729,17.41,209900,3654359.0,0.0,2.695803751582609,45.0
601000.SH,20260729,4.62,173368,800960.0,-0.6451612903225823,3.0615791566119253,41.129032258064505
601001.SH,20260729,16.3,76300,1243690.0,-1.1522134627046543,3.75453592839774,38.08671922377207
601002.SH,20260729,4.79,32000,153280.0,-0.4158004158004047,2.140383581090739,42.50519750519757
601003.SH,20260729,3.46,29500,102070.0,0.0,0.9281326358732257,45.0
601005.SH,20260729,1.19,603800,718522.0,0.0,6.23368430807776,45.0
601006.SH,20260729,4.89,268900,1314921.0,-0.20408163265307477,2.7404901503336276,43.77551020408155
601007.SH,20260729,6.51,48700,317037.0,0.4629629629629539,4.379881020119088,47.77777777777772
601008.SH,20260729,4.32,200,864.0,0.0,0.028963616434693466,5.213450958244824
601009.SH,20260729,11.42,94700,1081474.0,0.26338893766462146,1.7394445654150132,46.58033362598773
601010.SH,20260729,1.44,59800,86112.0,0.0,1.2042958589295616,45.0
601011.SH,20260729,2.49,72500,180525.0,-0.7968127490039723,2.377417320793897,40.219123505976164
601012.SH,20260729,12.86,1687200,21697392.0,1.4195583596214423,11.514703594502162,53.51735015772866
601015.SH,20260729,3.18,61200,194616.0,-0.31347962382444194,1.871336931947254,43.11912225705335
601016.SH,20260729,3.51,384400,1349244.0,0.0,2.490521058694689,45.0
601018.SH,20260729,3.4,251700,855780.0,-0.2932551319648202,4.276196503046844,43.24046920821108
601019.SH,20260729,7.36,9500,69920.0,0.13605442176871652,1.0775129896795306,45.8163265306123
601020.SH,20260729,18.24,29300,534432.0,-0.05479452054795164,1.477914342055685,44.67123287671229
601021.SH,20260729,45.8,27900,1277820.0,-0.6938421509106729,3.6899208928052682,40.836947094535965
601022.SH,20260729,8.09,4700,38023.0,0.24783147459725985,0.8832792973368351,46.48698884758356
601026.SH,20260729,15.05,18400,276920.0,-0.2650762094101977,3.388033914938889,43.409542743538815
601033.SH,20260729,14.25,10200,145350.0,0.35211267605634866,1.57141434383121,47.11267605633809
601038.SH,20260729,13.97,38300,535051.0,0.07163323782235498,3.115756674958273,45.42979942693413
601058.SH,20260729,13.84,59500,823480.0,-0.07220216606498298,1.0535709387162129,44.5667870036101
601059.SH,20260729,16.13,7000,112910.0,0.18633540372670065,1.1063263820579747,46.1180124223602
601061.SH,20260729,11.71,180000,2107800.0,1.8260869565217552,6.0387955397395405,55.95652173913053
601065.SH,20260729,6.7,4600,30820.0,0.0,0.9661961753177695,45.0
601066.SH,20260729,25.48,67600,1722448.0,0.15723270440251014,2.779529593217724,45.94339622641506
601068.SH,20260729,4.4,54600,240240.0,0.2277904328018332,3.8737994692488384,46.366742596811
601069.SH,20260729,22.75,95900,2181725.0,-0.6550218340611313,3.9165138637302483,41.069868995633215
601077.SH,20260729,6.56,157600,1033856.0,0.0,1.7431821126357705,45.0
601083.SH,20260729,10.83,21900,237177.0,0.0,1.6112837102353497,45.0
601086.SH,20260729,7.0,32500,227500.0,-0.42674253200569723,1.4197382318475218,42.43954480796582
601088.SH,20260729,45.99,697500,32078025.0,1.2103873239436735,23.54513487821618,52.26232394366204
601089.SH,20260729,16.76,10600,177656.0,0.0,3.603356482671686,45.0
601096.SH,20260729,4.19,64400,269836.0,0.4796163069544557,1.7358574874872341,47.877697841726736
601098.SH,20260729,10.21,28600,292006.0,-0.19550342130987275,1.7206574506454577,43.82697947214076
601099.SH,20260729,3.34,151400,505676.0,0.0,1.1337405738012076,45.0
601100.SH,20260729,103.6,3700,383320.0,-0.19267822736031004,0.4736625594488865,43.84393063583814
601101.SH,20260729,10.76,88700,954412.0,0.09302325581395099,2.6708463655438868,45.55813953488371
601106.SH,20260729,2.96,64800,191808.0,0.0,0.8643324565246066,45.0
601107.SH,20260729,5.55,25100,139305.0,0.5434782608695787,1.7896408795009957,48.260869565217476
601108.SH,20260729,7.97,107600,857572.0,0.0,2.1462193131202745,45.0
601111.SH,20260729,6.05,408700,2472635.0,-0.6568144499178974,4.664390805916753,41.05911330049261
601112.SH,20260729,14.68,170521,2503248.0,-2.068045363575721,20.44814895847792,32.59172781854567
601113.SH,20260729,3.34,7200,24048.0,0.0,0.9482931787482957,45.0
601116.SH,20260729,9.75,27700,270075.0,0.0,1.3709294549930675,45.0
601117.SH,20260729,7.62,74900,570738.0,0.0,0.9361880144018417,45.0
601118.SH,20260729,4.71,266400,1254744.0,-0.42283298097252064,5.093580967327105,42.46300211416488
601121.SH,20260729,6.78,82200,557316.0,-0.14727540500736325,5.938985343094488,44.11634756995582
601126.SH,20260729,40.07,54300,2175801.0,-0.4966476285075849,2.2777691155545305,42.02011422895449
601127.SH,20260729,56.85,273600,15554160.0,1.6449132844627234,5.9991095058810116,54.86947970677634
601128.SH,20260729,6.25,108580,678625.0,0.1602564102564097,1.7172366685796392,45.96153846153846
601133.SH,20260729,27.04,115900,3133936.0,-0.22140221402214832,6.51374874049191,43.67158671586711
601136.SH,20260729,13.87,17600,244112.0,-0.21582733812950394,1.1170926552558218,43.705035971222976
601137.SH,20260729,16.34,48900,799026.0,0.06123698714024517,3.0846050526086013,45.36742192284147
601138.SH,20260729,58.08,391490,22737739.0,0.0,3.440123669450707,45.0
601139.SH,20260729,6.39,114000,728460.0,0.7886435331230235,3.918114072917391,49.731861198738144
601155.SH,20260729,11.46,84900,972954.0,-0.08718395815169311,4.783162903180887,44.47689625108984
601156.SH,20260729,16.97,26100,442917.0,-0.35231943628891704,2.249400741048794,42.8860833822665
601158.SH,20260729,4.17,11300,47121.0,0.0,1.5526692658606973,45.0
601162.SH,20260729,3.6,527700,1899720.0,-0.27700831024930483,2.9402201118125597,43.33795013850417
601163.SH,20260729,12.66,9400,119004.0,-0.1577287066246047,1.8370454090629178,44.05362776025237
601166.SH,20260729,18.66,2742600,51176916.0,0.3225806451612856,24.895733384567343,46.935483870967715
601168.SH,20260729,36.86,251537,9271654.0,0.0,3.930763283506855,45.0
601169.SH,20260729,5.09,356200,1813058.0,0.0,2.428416297897062,45.0
601177.SH,20260729,12.4,3400,42160.0,0.8130081300812941,0.5008281483285716,49.87804878048777
601179.SH,20260729,13.24,763900,10114036.0,-1.4880952380952328,3.476872873111634,36.071428571428605
601186.SH,20260729,6.24,92500,577200.0,0.0,1.4155354555188682,45.0
601187.SH,20260729,7.46,89600,668416.0,-0.4005340453938633,5.230261074783376,42.59679572763682
601188.SH,20260729,2.83,2400,6792.0,0.0,0.19070119949425995,34.326215908966795
601198.SH,20260729,13.4,52900,708860.0,0.1494768310911887,2.449275912552053,45.89686098654713
601199.SH,20260729,5.44,34800,189312.0,0.0,3.1138722720227445,45.0
601200.SH,20260729,7.02,30200,212004.0,0.28571428571428914,2.4225134554085677,46.71428571428574
601208.SH,20260729,38.53,222700,8580631.0,-1.0529019003595153,2.7867032717154254,38.68258859784291
601211.SH,20260729,18.87,934200,17628354.0,-0.5795574288724903,9.687666101902316,41.522655426765056
601212.SH,20260729,4.76,259300,1234268.0,-0.4184100418410108,2.0768813007030236,42.48953974895394
601216.SH,20260729,4.61,78800,363268.0,0.0,0.79610569606845,45.0
601218.SH,20260729,4.51,2478900,11179839.0,-3.010752688172058,37.00415366683974,26.93548387096765
601222.SH,20260729,5.59,35200,196768.0,-0.17857142857142794,1.5896608063031898,43.92857142857143
601225.SH,20260729,24.38,145500,3547290.0,-0.08196721311475308,3.4853573058311924,44.50819672131148
601226.SH,20260729,5.8,27200,157760.0,0.0,1.8000611308792775,45.0
601228.SH,20260729,3.04,23900,72656.0,0.0,0.9047125930586296,45.0
601229.SH,20260729,9.37,137800,1291186.0,0.0,1.993986705906955,45.0
601231.SH,20260729,23.27,91200,2122224.0,0.25850926324859635,3.143296308144703,46.551055579491575
601233.SH,20260729,21.2,80200,1700240.0,0.0,1.9430273711284445,45.0
601236.SH,20260729,6.89,43300,298337.0,0.0,2.391768673478356,45.0
601238.SH,20260729,5.2,32300,167960.0,0.0,0.6510900795025721,45.0
601279.SH,20260729,3.01,10500,31605.0,-0.660066006600657,0.890416782670182,41.03960396039606
601288.SH,20260729,7.01,9177900,64337079.0,0.7183908045977017,17.816679769799407,49.310344827586206
601298.SH,20260729,8.86,28600,253396.0,-0.44943820224719877,1.861257542591647,42.30337078651681
601311.SH,20260729,7.77,49400,383838.0,0.0,2.5413741495614954,45.0
601318.SH,20260729,54.47,1681900,91613093.0,0.4981549815498143,19.361518785235273,47.98892988929889
601319.SH,20260729,7.45,416500,3102925.0,-0.40106951871657914,5.183151459452208,42.59358288770053
601326.SH,20260729,3.43,78100,267883.0,-0.29069767441859407,3.0866469642594416,43.255813953488435
601328.SH,20260729,7.13,4256800,30350984.0,0.2812939521800173,18.007336293891047,46.6877637130801
601330.SH,20260729,7.1,5500,39050.0,-0.5602240896358524,0.4963237660879599,41.638655462184886
601333.SH,20260729,2.98,132100,393658.0,0.0,1.3915819321903982,45.0
601336.SH,20260729,62.83,65400,4109082.0,0.07964319847084678,4.091278026325619,45.47785919082508
601339.SH,20260729,8.0,147200,1177600.0,-0.12484394506866447,11.658176637809975,44.250936329588015
601360.SH,20260729,8.75,351700,3077375.0,0.8064516129032251,3.6514824459268596,49.83870967741935
601366.SH,20260729,3.42,6400,21888.0,0.2932551319648091,0.5934692193832666,46.759530791788855
601368.SH,20260729,4.37,31800,138966.0,-0.22831050228310223,6.628514288110129,43.63013698630139
601369.SH,20260729,9.18,73000,670140.0,-0.21739130434782483,3.4255191618779905,43.695652173913054
601375.SH,20260729,4.05,172800,699840.0,0.0,2.94891152365384,45.0
601377.SH,20260729,6.05,110900,670945.0,0.0,0.938577916491039,45.0
601388.SH,20260729,3.03,31500,95445.0,0.0,0.7205137313860492,45.0
601390.SH,20260729,4.55,292100,1329055.0,0.0,2.405741103919003,45.0
601398.SH,20260729,8.03,9125000,73273750.0,0.7528230865746499,21.568608112332356,49.5169385194479
601399.SH,20260729,3.23,184500,595935.0,-0.30864197530865445,2.0680428091576424,43.148148148148074
601456.SH,20260729,8.83,50600,446798.0,0.2270147559591429,2.821524318159462,46.36208853575486
601500.SH,20260729,3.92,63400,248528.0,0.512820512820511,4.5639366149623255,48.076923076923066
601512.SH,20260729,7.75,6900,53475.0,0.5188067444876765,2.1946231629906303,48.11284046692606
601515.SH,20260729,3.28,13700,44936.0,0.6134969325153339,1.0334529806146842,48.68098159509201
601518.SH,20260729,2.75,10900,29975.0,0.0,0.759786564230962,45.0
601519.SH,20260729,7.79,42200,328738.0,0.12853470437017567,0.9736215834660291,45.771208226221056
601528.SH,20260729,4.83,119800,578634.0,0.4158004158004269,5.929458388407653,47.49480249480256
601555.SH,20260729,7.85,91200,715920.0,0.25542784163472554,1.679461787390713,46.53256704980835
601566.SH,20260729,8.02,64800,519696.0,-0.987654320987652,6.452149722113444,39.07407407407409
601567.SH,20260729,15.29,35300,539737.0,0.7910349373764003,1.0358968783665001,49.7462096242584
601568.SH,20260729,3.57,124200,443394.0,-0.27932960893854997,5.6855362731544,43.3240223463687
601577.SH,20260729,9.32,178800,1666416.0,0.10741138560688146,6.827615168345457,45.64446831364129
601579.SH,20260729,14.46,15800,228468.0,0.6263048016701633,1.2221198297190832,48.75782881002098
601588.SH,20260729,1.66,7200,11952.0,0.0,0.2260290448835587,40.68522807904057
601595.SH,20260729,16.72,27900,466488.0,0.541190619362597,2.9490619977812624,48.247143716175586
601598.SH,20260729,6.26,70100,438826.0,0.0,2.5359637061988503,45.0
601599.SH,20260729,2.95,48400,142780.0,0.3401360544217802,2.575035372920778,47.04081632653068
601600.SH,20260729,9.49,3673600,34862464.0,1.3888888888889062,16.340358529232912,53.333333333333435
601601.SH,20260729,32.28,1093400,35294952.0,1.8296529968454323,22.86090570636225,55.97791798107259
601606.SH,20260729,33.0,1507500,49747500.0,-1.6393442622950727,22.04814552499528,35.16393442622956
601607.SH,20260729,16.41,13800,226458.0,-0.2431610942249196,1.084794709841654,43.54103343465048
601608.SH,20260729,4.5,46800,210600.0,0.0,0.8455575316682074,45.0
601609.SH,20260729,9.65,34000,328100.0,0.5208333333333481,0.8712517926682772,48.125000000000085
601611.SH,20260729,10.15,257900,2617685.0,-0.9756097560975618,6.582651250166853,39.14634146341463
601615.SH,20260729,10.87,177900,1933773.0,-0.9115770282589031,3.0494617490822673,39.53053783044658
601616.SH,20260729,3.39,12600,42714.0,0.0,0.6386579600414888,45.0
601618.SH,20260729,2.66,58200,154812.0,0.0,0.5964731450519146,45.0
601619.SH,20260729,4.42,322800,1426776.0,-0.8968609865470878,4.451345511853365,39.61883408071748
601628.SH,20260729,40.19,459400,18463286.0,-0.02487562189056325,12.25044517715476,44.85074626865662
601633.SH,20260729,16.4,56400,924960.0,-0.1825928180158365,3.27908079923312,43.90444309190498
601636.SH,20260729,5.5,209800,1153900.0,-0.36231884057970065,2.5306762859648324,42.8260869565218
601658.SH,20260729,5.21,3137700,16347417.0,0.19230769230769162,17.856775639170458,46.153846153846146
601665.SH,20260729,6.25,127200,795000.0,0.32102728731941976,2.3943302837135017,46.92616372391652
601666.SH,20260729,7.76,169500,1315320.0,1.1734028683181297,3.4380013931731397,52.04041720990878
601668.SH,20260729,4.65,6265600,29135040.0,0.21551724137931494,20.896296624040264,46.293103448275886
601669.SH,20260729,4.76,415500,1977780.0,-0.20964360587001352,3.8647537459843515,43.74213836477992
601677.SH,20260729,15.74,120100,1890374.0,0.0,2.7922403707245786,45.0
601678.SH,20260729,6.45,2893599,18663714.0,-0.7692307692307665,11.205611878517262,40.3846153846154
601686.SH,20260729,5.05,1600,8080.0,0.0,0.21388975730130422,38.50015631423476
601688.SH,20260729,20.1,534800,10749480.0,0.04977600796416404,8.214740638880217,45.29865604778499
601689.SH,20260729,45.55,116300,5297465.0,-0.10964912280703176,4.3763600785368135,44.34210526315781
601696.SH,20260729,11.22,71100,797742.0,0.44762757385856666,1.0401712587992478,47.685765443151396
601698.SH,20260729,25.09,39700,996073.0,0.400160064025612,2.144432897959746,47.40096038415367
601699.SH,20260729,14.7,56200,826140.0,-0.13586956521740579,1.326443271841447,44.18478260869556
601700.SH,20260729,4.82,58400,281488.0,0.20790020790022457,2.1449133866101224,46.24740124740135
601702.SH,20260729,14.71,5800,85318.0,0.0,0.42671482688830964,45.0
601717.SH,20260729,15.43,43600,672748.0,0.0,1.8316545489958662,45.0
601718.SH,20260729,1.74,171900,299106.0,0.0,6.961049138226138,45.0
601727.SH,20260729,6.71,4653600,31225656.0,-2.0437956204379493,24.763616754508234,32.7372262773723
601728.SH,20260729,6.38,2575000,16428500.0,1.2698412698412653,20.063804939245056,52.61904761904759
601766.SH,20260729,5.99,284701,1705359.0,-0.1666666666666594,1.0464410382949487,44.00000000000004
601777.SH,20260729,7.74,97100,751554.0,0.78125,2.3086270767526704,49.6875
601778.SH,20260729,3.52,466000,1640320.0,0.0,2.848004253449349,45.0
601788.SH,20260729,14.46,39300,568278.0,0.13850415512466352,1.864496642339058,45.83102493074798
601789.SH,20260729,4.28,1117807,4784214.0,-1.3824884792626668,18.68308022647457,36.705069124424
601798.SH,20260729,7.32,4000,29280.0,-0.13642564802182067,0.5923901536582773,44.18144611186908
601799.SH,20260729,93.96,14400,1353024.0,-0.07444432627885522,4.130752615546618,44.55333404232687
601800.SH,20260729,6.15,312100,1919415.0,0.4901960784313708,6.320702634821306,47.941176470588225
601801.SH,20260729,5.38,57300,308274.0,0.3731343283581934,3.5108248839510736,47.23880597014916
601808.SH,20260729,12.07,187775,2266444.0,0.4159733777038266,9.469678864120535,47.495840266222956
601811.SH,20260729,12.13,11700,141921.0,0.663900414937757,3.1979265540231716,48.98340248962654
601816.SH,20260729,5.08,303900,1543812.0,0.0,1.3782345568020775,45.0
601818.SH,20260729,3.19,429000,1368510.0,0.3144654088050203,2.3720780954232046,46.88679245283012
601825.SH,20260729,8.35,43900,366565.0,-0.11961722488037507,1.793019623680563,44.28229665071775
601827.SH,20260729,7.95,8000,63600.0,-0.3759398496240629,1.0499547677505006,42.74436090225562
601828.SH,20260729,2.17,74500,161665.0,-0.4587155963302836,1.949675282856982,42.2477064220183
601838.SH,20260729,18.41,31800,585438.0,0.05434782608697564,1.810797363421285,45.326086956521856
601857.SH,20260729,11.1,4047800,44930580.0,0.0,24.410519466354817,45.0
601858.SH,20260729,17.46,33400,583164.0,0.05730659025788842,1.7147598428946609,45.34383954154733
601860.SH,20260729,2.58,94400,243552.0,0.0,1.5251045520875475,45.0
601865.SH,20260729,9.48,27700,262596.0,-0.42016806722687816,1.1834683750958388,42.47899159663873
601866.SH,20260729,2.41,295700,712637.0,-0.4132231404958553,3.5641244140924444,42.52066115702487
601868.SH,20260729,2.53,1297004,3281420.0,0.0,4.795142562757076,45.0
601869.SH,20260729,300.0,91962,27588600.0,-0.7608336089976908,6.15312605453601,40.434998346013856
601872.SH,20260729,15.92,467000,7434640.0,-1.6676961087090825,4.9518415650903425,34.993823347745504
601877.SH,20260729,24.23,29300,709939.0,0.041288191577204536,1.323486903020327,45.247729149463225
601878.SH,20260729,9.38,64400,604072.0,0.0,2.4985390355590185,45.0
601880.SH,20260729,1.47,121700,178899.0,0.6849315068493178,0.9849782164160317,49.10958904109591
601881.SH,20260729,12.32,45000,554400.0,0.0,1.3664832777422269,45.0
601882.SH,20260729,18.89,22900,432581.0,0.37194473963868546,4.11320102469035,47.23166843783211
601886.SH,20260729,8.47,15300,129591.0,-0.4700352526439411,3.430512343951807,42.17978848413635
601888.SH,20260729,55.92,351200,19639104.0,0.738605656638458,5.932529364618776,49.431633939830746
601890.SH,20260729,8.39,18700,156893.0,0.0,0.9749584331633192,45.0
601898.SH,20260729,13.76,128300,1765408.0,0.2915451895043608,3.135329950965697,46.74927113702616
601899.SH,20260729,31.94,3492400,111547256.0,0.7888923950773119,16.26193563374715,49.73335437046387
601900.SH,20260729,11.44,5900,67496.0,0.17513134851137035,0.7737292906963741,46.05078809106822
601901.SH,20260729,6.98,114000,795720.0,0.1434720229555264,2.161115430185464,45.860832137733155
601908.SH,20260729,3.04,37500,114000.0,0.0,0.8613299178730991,45.0
601916.SH,20260729,2.93,874000,2560820.0,0.34246575342467,5.331997884565933,47.05479452054802
601918.SH,20260729,9.67,134700,1302549.0,-0.10330578512396382,4.009058870283862,44.38016528925622
601919.SH,20260729,15.57,1656600,25793262.0,0.9073233959818516,19.766148431893836,50.44394037589111
601921.SH,20260729,7.06,6200,43772.0,0.28409090909089496,0.9635997826595099,46.70454545454537
601928.SH,20260729,9.63,56400,543132.0,0.4171011470281538,4.734708783268708,47.50260688216892
601929.SH,20260729,2.26,106300,240238.0,-0.440528634361248,1.157281980981109,42.35682819383251
601933.SH,20260729,3.09,493700,1525533.0,0.0,2.1993250454207023,45.0
601939.SH,20260729,10.62,685500,7280010.0,-0.1879699248120481,4.933879852128354,43.87218045112771
601949.SH,20260729,5.06,21600,109296.0,-0.19723865877713243,1.1616142233208233,43.816568047337206
601952.SH,20260729,8.0,10500,84000.0,0.12515644555695093,0.9569222536895219,45.75093867334171
601956.SH,20260729,4.61,1900,8759.0,0.0,0.35013708872383487,45.0
601958.SH,20260729,20.15,129100,2601365.0,-0.09915716410512365,2.3950237038954003,44.40505701536926
601963.SH,20260729,11.21,57300,642333.0,-0.17809439002670624,4.05699397786828,43.93143365983976
601965.SH,20260729,14.23,18000,256140.0,0.28188865398168783,1.694064996658795,46.691331923890125
601966.SH,20260729,11.08,118100,1308548.0,-0.18018018018017834,9.04162067050517,43.91891891891893
601968.SH,20260729,4.25,20800,88400.0,-0.23474178403755097,1.064305097262918,43.5915492957747
601969.SH,20260729,8.64,37500,324000.0,0.23201856148493682,1.4558473186415273,46.392111368909625
601975.SH,20260729,3.51,467100,1639521.0,-0.5665722379603388,2.7379060644059647,41.600566572237966
601985.SH,20260729,8.84,306800,2712112.0,-0.1129943502824804,3.04757748001928,44.322033898305115
601988.SH,20260729,6.1,4315600,26325160.0,0.0,13.459650070050623,45.0
601990.SH,20260729,6.71,126600,849486.0,0.0,5.349342945340596,45.0
601991.SH,20260729,5.88,3124617,18372748.0,-1.0101010101010166,5.704687260356787,38.9393939393939
601992.SH,20260729,1.39,106800,148452.0,0.0,2.31656887767144,45.0
601995.SH,20260729,34.67,111800,3876106.0,-0.14400921658985766,5.239655795443776,44.135944700460854
601996.SH,20260729,2.2,54900,120780.0,0.0,2.238878056275696,45.0
601997.SH,20260729,5.62,214100,1203242.0,0.0,4.478669386127588,45.0
601998.SH,20260729,7.76,245900,1908184.0,-0.12870012870012104,4.133957087016531,44.227799227799274
601999.SH,20260729,5.73,500,2865.0,0.5263157894736858,0.10357407189226359,21.80122767744956
603000.SH,20260729,15.79,78800,1244252.0,0.959079283887454,5.647448996355406,50.75447570332472
603001.SH,20260729,6.29,93400,587486.0,0.8012820512820484,6.952744048966094,49.80769230769229
603002.SH,20260729,13.1,280000,3668000.0,-1.2810851544837965,4.210613138086207,37.31348907309722
603004.SH,20260729,18.01,49700,895097.0,-0.6618863761720717,13.362847844261315,41.02868174296757
603005.SH,20260729,29.64,437400,12964536.0,-1.002004008016033,9.093460911363374,38.9879759519038
603006.SH,20260729,10.02,6600,66132.0,0.20000000000000018,1.582688434623686,46.2
603007.SH,20260729,4.43,42600,188718.0,-0.6726457399103158,2.074108511029397,40.96412556053811
603008.SH,20260729,7.77,29700,230769.0,0.3875968992248069,6.704288744279272,47.32558139534884
603009.SH,20260729,39.0,12900,503100.0,0.5932421975754387,1.5320753868672305,48.55945318545263
603010.SH,20260729,9.94,20300,201782.0,-0.20080321285141922,1.8540489627995351,43.79518072289149
603011.SH,20260729,18.06,217100,3920826.0,0.16638935108150843,5.299627393167919,45.99833610648905
603012.SH,20260729,7.92,59700,472824.0,0.25316455696202667,5.561247664685643,46.51898734177216
603013.SH,20260729,16.1,8600,138460.0,-0.06207324643077161,1.745648520970104,44.62756052141537
603014.SH,20260729,31.94,6200,198028.0,-0.4674353381115659,3.710458684441273,42.195387971330604
603015.SH,20260729,9.46,21800,206228.0,-1.1494252873563204,4.048775029007046,38.10344827586208
603016.SH,20260729,26.89,8900,239321.0,-1.1397058823529371,4.7195259116804325,38.161764705882376
603017.SH,20260729,8.71,7700,67067.0,-0.3432494279176135,1.6134050002347926,42.94050343249432
603018.SH,20260729,5.16,8400,43344.0,0.5847953216374213,1.2563046019257251,48.508771929824526
603019.SH,20260729,94.4,574050,54190320.0,2.4972855591748333,8.253671882952432,59.983713355049
603020.SH,20260729,9.28,28500,264480.0,0.7600434310531812,3.928411357309347,49.56026058631909
603021.SH,20260729,6.77,11800,79886.0,0.14792899408284654,3.263036809502714,45.88757396449708
603022.SH,20260729,7.63,19200,146496.0,0.0,4.928288583699697,45.0
603023.SH,20260729,3.68,28500,104880.0,0.8219178082191858,2.0687575477696,49.93150684931511
603025.SH,20260729,12.79,8900,113831.0,0.0,0.7542174334698508,45.0
603026.SH,20260729,64.0,71700,4588800.0,-0.7751937984496138,4.1046089135371595,40.34883720930232
603027.SH,20260729,7.39,67700,500303.0,0.27137042062415073,1.9094403335704706,46.6282225237449
603028.SH,20260729,6.17,8600,53062.0,0.0,2.7758940320161622,45.0
603029.SH,20260729,13.72,5000,68600.0,-0.0728332119446451,2.6813811692776257,44.56300072833213
603030.SH,20260729,1.85,133300,246605.0,0.0,3.3434071429048853,45.0
603031.SH,20260729,36.98,61900,2289062.0,-0.857908847184985,3.5643287079279857,39.85254691689009
603032.SH,20260729,16.95,18400,311880.0,0.05903187721367775,2.3639190640135683,45.35419126328207
603033.SH,20260729,7.6,18000,136800.0,0.39630118890354726,2.098379324091772,47.377807133421285
603035.SH,20260729,10.69,2600,27794.0,0.18744142455482393,0.6382186274235155,46.124648547328945
603036.SH,20260729,11.79,1500,17685.0,0.0,0.40178092205143406,45.0
603037.SH,20260729,9.37,8500,79645.0,1.0787486515641875,1.0491435461001801,51.47249190938513
603038.SH,20260729,11.94,1300,15522.0,0.25188916876572875,0.31330922952835943,46.51133501259437
603039.SH,20260729,30.02,30100,903602.0,0.2672010688042681,2.6311643595168435,46.60320641282561
603040.SH,20260729,51.65,1500,77475.0,0.0,0.7543889737047024,45.0
603041.SH,20260729,9.78,1100,10758.0,0.3076923076922977,0.5650012749029512,46.84615384615378
603042.SH,20260729,11.21,15690,175885.0,-0.8841732979663952,1.6788886309940148,39.69496021220163
603043.SH,20260729,13.57,9700,131629.0,0.5185185185185182,2.078214200637246,48.11111111111111
603045.SH,20260729,49.45,51600,2551620.0,1.352736216437811,7.245543413796721,53.116417298626864
603048.SH,20260729,18.49,18500,342065.0,1.259583789704255,5.186534820690378,52.55750273822553
603049.SH,20260729,48.6,2700,131220.0,0.1442406758705994,0.6941846608329444,45.8654440552236
603050.SH,20260729,17.88,6400,114432.0,-0.2788622420524356,1.7308993609806105,43.326826547685386
603051.SH,20260729,18.02,7100,127942.0,0.5580357142856984,1.5586264128105052,48.34821428571419
603052.SH,20260729,49.98,7300,364854.0,-0.0400000000000067,1.8337450708055567,44.75999999999996
603053.SH,20260729,8.65,8800,76120.0,0.2317497103128563,3.958213289976719,46.39049826187714
603055.SH,20260729,8.3,10600,87980.0,0.0,1.4897342780034486,45.0
603057.SH,20260729,20.37,3300,67221.0,-0.19598236158745452,0.9626785862509089,43.824105830475276
603058.SH,20260729,9.38,83500,783230.0,0.5359056806002238,11.356445104848438,48.215434083601345
603059.SH,20260729,22.87,700,16009.0,-0.21815008726003837,0.39125479903619687,43.69109947643977
603060.SH,20260729,5.27,3700,19499.0,0.1901140684410496,0.7825841612093674,46.1406844106463
603061.SH,20260729,275.11,12300,3383853.0,-0.8147961207051968,2.9906788052256497,40.11122327576882
603062.SH,20260729,35.35,1500,53025.0,0.5689900426742556,4.17393579593315,48.413940256045535
603063.SH,20260729,28.65,99000,2836350.0,-0.3478260869565264,3.6348718265328515,42.91304347826084
603065.SH,20260729,14.6,873600,12754560.0,-9.090909090909083,61.672013475415405,15.0
603066.SH,20260729,8.53,22800,194484.0,-0.8139534883720989,4.716801065730647,40.11627906976741
603067.SH,20260729,31.61,298700,9441907.0,4.946879150066397,7.593292840937772,74.68127490039838
603068.SH,20260729,35.1,71300,2502630.0,-2.797009138742723,5.598211136854138,28.21794516754366
603069.SH,20260729,12.43,2700,33561.0,-0.0803858520900258,0.7444365726886382,44.51768488745984
603070.SH,20260729,10.86,9000,97740.0,-0.5494505494505586,4.462433786002056,41.70329670329665
603071.SH,20260729,11.76,15100,177576.0,-0.591715976331364,4.895709769567827,41.44970414201182
603072.SH,20260729,30.99,4300,133257.0,0.4863813229571967,1.7476149325635086,47.91828793774318
603073.SH,20260729,14.54,7800,113412.0,0.13774104683195176,5.018227201904707,45.82644628099171
603075.SH,20260729,18.43,1600,29488.0,0.0,0.7546335634486293,45.0
603076.SH,20260729,18.9,3500,66150.0,-0.21119324181627652,1.3360999793010544,43.73284054910234
603077.SH,20260729,2.3,352800,811440.0,0.0,2.0528821573437632,45.0
603078.SH,20260729,31.86,164200,5231412.0,-0.7476635514018781,6.313612381736668,40.51401869158873
603079.SH,20260729,10.55,10700,112885.0,-0.09469696969697239,3.453132682826375,44.431818181818166
603080.SH,20260729,17.9,5000,89500.0,0.0,3.8531794822626955,45.0
603081.SH,20260729,8.54,14900,127246.0,-0.3500583430571913,2.6907848074423377,42.899649941656854
603082.SH,20260729,37.76,71100,2684736.0,-1.8965965185762657,10.358858504057356,33.620420888542405
603083.SH,20260729,149.8,337000,50482600.0,-4.21994884910486,12.34834445321084,19.68030690537084
603085.SH,20260729,9.1,22300,202930.0,-0.1097694840834218,4.003067525809557,44.34138309549947
603086.SH,20260729,5.24,8400,44016.0,0.5758157389635254,1.239399454423208,48.45489443378115
603087.SH,20260729,64.8,17800,1153440.0,0.34066274388355744,1.2205445055553246,47.04397646330135
603088.SH,20260729,9.0,16700,150300.0,0.7838745800671898,2.0089337806505756,49.703247480403135
603089.SH,20260729,,0,0.0,,0.0,0.0
603090.SH,20260729,38.33,5800,222314.0,0.0,1.6266144128292122,45.0
603091.SH,20260729,46.2,600,27720.0,0.0,0.9721326531818214,45.0
603092.SH,20260729,49.08,2700,132516.0,-0.848484848484854,1.5456488304659333,39.90909090909088
603093.SH,20260729,16.6,17300,287180.0,0.060277275467157665,1.5541703510654783,45.361663652802946
603095.SH,20260729,12.03,8900,107067.0,-0.16597510373445035,2.583199784652526,44.0041493775933
603096.SH,20260729,13.65,6800,92820.0,-0.29218407596784957,3.6160697015550385,43.2468955441929
603097.SH,20260729,17.11,79440,1359218.0,-1.4968336211859667,11.348116513957539,36.018998272884204
603098.SH,20260729,9.54,200,1908.0,0.0,0.04317902151313277,7.772223872363899
603099.SH,20260729,36.88,23700,874056.0,0.0,3.143401555605723,45.0
603100.SH,20260729,17.67,6000,106020.0,0.34071550255538874,0.8381513066914847,47.04429301533233
603101.SH,20260729,7.25,98600,714850.0,0.554785020804438,7.77717129706909,48.32871012482663
603102.SH,20260729,,0,0.0,,0.0,0.0
603103.SH,20260729,13.6,23200,315520.0,0.8154188287620379,3.7399180039097977,49.89251297257223
603105.SH,20260729,6.98,10900,76082.0,0.0,1.2502800238112266,45.0
603106.SH,20260729,6.72,4100,27552.0,1.0526315789473495,0.5455908567590335,51.3157894736841
603107.SH,20260729,11.33,4400,49852.0,0.17683465959328348,2.2516717935876587,46.0610079575597
603108.SH,20260729,9.41,168300,1583703.0,0.4268943436499528,8.711389378273712,47.56136606189972
603109.SH,20260729,16.12,100,1612.0,0.062073246430793816,0.05382554905816475,10.061038309054418
603110.SH,20260729,21.08,32900,693532.0,0.0,2.5658098946531136,45.0
603111.SH,20260729,5.7,1500,8550.0,0.17574692442881013,0.2723705324901251,46.05448154657286
603112.SH,20260729,14.21,2500,35525.0,0.0,0.44720905733731214,45.0
603113.SH,20260729,4.3,29000,124700.0,0.7025761124121788,3.248969214362247,49.215456674473074
603115.SH,20260729,68.0,42300,2876400.0,0.2801946615543338,3.306833241175265,46.681167969326005
603116.SH,20260729,5.31,2600,13806.0,0.0,0.3126309280709286,45.0
603117.SH,20260729,3.45,10400,35880.0,0.29069767441860517,1.2846484050148406,46.74418604651163
603118.SH,20260729,17.4,4079979,70991635.0,0.5199306759098743,22.059899935354327,48.11958405545924
603119.SH,20260729,45.0,32100,1444500.0,-0.26595744680850686,3.399127843330143,43.40425531914896
603120.SH,20260729,43.6,9000,392400.0,-0.9090909090909038,1.8865615809878362,39.545454545454575
603121.SH,20260729,11.14,4000,44560.0,1.4571948998178597,0.4534749092312369,53.743169398907156
603122.SH,20260729,10.37,56400,584868.0,-0.09633911368016612,4.338831341681744,44.421965317919
603123.SH,20260729,8.86,269000,2383340.0,-1.882613510520481,5.911573917650913,33.704318936877115
603124.SH,20260729,114.0,39400,4491600.0,-1.605385810460902,6.628302202271558,35.36768513723459
603125.SH,20260729,20.48,24500,501760.0,0.09775171065493637,4.834692138191835,45.58651026392962
603126.SH,20260729,5.79,17200,99588.0,0.34662045060658286,1.9342309051945425,47.0797227036395
603127.SH,20260729,46.35,529600,24546960.0,1.7116524028966351,9.66137459363339,55.26991441737981
603128.SH,20260729,5.25,378600,1987650.0,0.7677543186180413,28.690295688092426,49.606525911708246
603129.SH,20260729,299.5,2700,808650.0,-0.3161923780995113,1.2864883509971294,43.10284573140293
603130.SH,20260729,36.9,700,25830.0,1.0128661374212866,0.3831925828751131,51.07719682452772
603131.SH,20260729,13.99,3500,48965.0,-0.21398002853066922,0.6442207432737777,43.716119828815984
603132.SH,20260729,15.05,4600,69230.0,-0.3970880211780159,1.0246902998269276,42.6174718729319
603135.SH,20260729,8.69,14500,126005.0,0.11520737327188613,1.4731888571995677,45.69124423963132
603136.SH,20260729,8.6,3900,33540.0,0.0,1.3529717273685324,45.0
603137.SH,20260729,24.22,857345,20764896.0,-4.982346018046291,28.923872604480554,15.105923891722252
603138.SH,20260729,11.95,10300,123085.0,0.0,1.4738889881447044,45.0
603139.SH,20260729,31.64,1800,56952.0,-0.6281407035175879,1.0794506946983187,41.231155778894475
603150.SH,20260729,48.12,1000,48120.0,0.020785699438774508,0.6865156135435834,45.124714196632645
603151.SH,20260729,12.12,17500,212100.0,0.41425020712508864,4.084068892561876,47.48550124275053
603153.SH,20260729,13.0,29700,386100.0,0.853374709076804,16.275155252588217,50.120248254460826
603155.SH,20260729,12.81,132245,1694058.0,-0.2336448598130758,9.348907837714698,43.598130841121545
603156.SH,20260729,36.8,26000,956800.0,0.10881392818280489,2.4856409099479344,45.65288356909683
603158.SH,20260729,8.86,23500,208210.0,-0.8948545861297563,1.417476304382684,39.63087248322146
603159.SH,20260729,18.35,4400,80740.0,-0.05446623093681158,1.8658086565849528,44.67320261437913
603160.SH,20260729,49.96,8600,429656.0,0.0,0.8569094316120235,45.0
603161.SH,20260729,14.43,38600,556998.0,1.978798586572439,4.039528370242656,56.872791519434635
603162.SH,20260729,10.74,202500,2174850.0,-0.9225092250922495,3.8217936282260943,39.4649446494465
603163.SH,20260729,77.72,279600,21730512.0,10.007077140835086,189.0051205786423,100.0
603165.SH,20260729,12.9,11000,141900.0,0.9389671361502483,2.744651599554519,50.63380281690149
603166.SH,20260729,10.14,28400,287976.0,-0.2949852507374562,2.1403925875535523,43.23008849557526
603167.SH,20260729,8.64,15000,129600.0,0.34843205574914826,2.8353912928590126,47.090592334494886
603168.SH,20260729,5.07,6100,30927.0,0.9960159362550014,0.7181137536117276,50.97609561753001
603169.SH,20260729,6.4,79800,510720.0,0.0,3.2470260723312823,45.0
603170.SH,20260729,12.26,13600,166736.0,0.6568144499178974,3.229133158167604,48.94088669950739
603171.SH,20260729,36.85,15600,574860.0,0.0,2.5231245267029254,45.0
603172.SH,20260729,15.12,5600,84672.0,0.13245033112583293,2.4870078424810442,45.794701986755
603173.SH,20260729,31.25,700,21875.0,-0.31897926634769647,1.0199686311270273,43.08612440191382
603175.SH,20260729,76.75,9300,713775.0,0.06518904823988869,3.7820979984709786,45.391134289439336
603176.SH,20260729,4.15,16400,68060.0,0.4842615012106588,4.213179712604935,47.90556900726395
603177.SH,20260729,8.46,9600,81216.0,0.23696682464455776,2.4640728852953684,46.42180094786735
603178.SH,20260729,15.21,21300,323973.0,0.5952380952381153,1.7256603342153969,48.57142857142869
603179.SH,20260729,38.0,18400,699200.0,0.0,1.3357560545091787,45.0
603180.SH,20260729,14.01,11300,158313.0,-0.2846975088968029,9.870400376777672,43.29181494661918
603181.SH,20260729,12.59,8800,110792.0,0.07949125596184992,0.9871880030104994,45.4769475357711
603182.SH,20260729,11.35,3400,38590.0,0.4424778761061843,1.9726819083394551,47.654867256637104
603183.SH,20260729,4.04,33200,134128.0,-0.9803921568627416,1.1723301247299014,39.11764705882355
603185.SH,20260729,13.65,19300,263445.0,-0.1463057790782707,1.4968040340489412,44.122165325530375
603186.SH,20260729,118.02,56300,6644526.0,-3.0078895463510946,3.2215017087547637,26.952662721893432
603187.SH,20260729,12.09,7700,93093.0,-0.24752475247524774,1.2516903291799142,43.51485148514851
603188.SH,20260729,3.84,26400,101376.0,0.0,2.4901490552289594,45.0
603189.SH,20260729,8.92,12700,113284.0,0.9049773755656076,3.6156550163894012,50.429864253393646
603190.SH,20260729,15.15,3980,60297.0,0.06605019815060231,2.022635795974124,45.396301188903614
603191.SH,20260729,13.4,28400,380560.0,0.6006006006006093,2.3403789279872673,48.60360360360366
603192.SH,20260729,20.1,17400,349740.0,-0.4457652303120341,6.3918236122780545,42.325408618127796
603193.SH,20260729,20.88,37400,780912.0,-0.4766444232602529,3.652731281412702,42.140133460438484
603194.SH,20260729,33.7,2900,97730.0,0.0,1.4812883932089058,45.0
603195.SH,20260729,40.0,16600,664000.0,-0.024993751562107924,2.3804156607259523,44.85003749062735
603196.SH,20260729,19.74,3200,63168.0,0.20304568527917954,1.7666744091053315,46.21827411167508
603197.SH,20260729,28.31,23200,656792.0,0.035335689045923324,7.291376096479847,45.21201413427554
603198.SH,20260729,36.4,46900,1707160.0,-1.461829994585817,6.117118087199433,36.229020032485096
603199.SH,20260729,31.66,600,18996.0,0.0,0.4968675451722201,45.0
603200.SH,20260729,34.19,21200,724828.0,0.47017337643255885,1.839686798721059,47.82104025859535
603201.SH,20260729,15.01,23100,346731.0,-1.054713249835204,5.118242908867094,38.671720500988776
603202.SH,20260729,51.44,5400,277776.0,-0.2714230321830158,3.1621590054526343,43.371461806901905
603203.SH,20260729,39.39,36190,1425524.0,-1.0550113036925435,3.218104663982309,38.66993217784474
603205.SH,20260729,20.3,200,4060.0,-0.29469548133594925,0.2835076742594584,43.2318271119843
603206.SH,20260729,13.07,5300,69271.0,0.15325670498083088,1.4442102162627188,45.91954022988499
603207.SH,20260729,21.58,3400,73372.0,-0.3693444136657509,2.394842843089585,42.7839335180055
603208.SH,20260729,10.01,4600,46046.0,-0.09980039920159944,1.9530159815968773,44.401197604790404
603209.SH,20260729,12.74,11100,141414.0,-0.2349256068911454,2.23276394384482,43.590446358653125
603210.SH,20260729,13.06,3400,44404.0,-0.22918258212375475,1.1824126319715917,43.62490450725747
603211.SH,20260729,23.4,31700,741780.0,0.0,4.178947067701438,45.0
603212.SH,20260729,10.4,36200,376480.0,0.38610038610038533,3.094871566488134,47.316602316602314
603213.SH,20260729,13.8,1100,15180.0,0.07251631617115617,0.3079836920403299,45.435097897026935
603214.SH,20260729,12.3,9900,121770.0,-0.16233766233766378,2.9182812936060114,44.025974025974016
603215.SH,20260729,13.32,600,7992.0,0.7564296520423675,0.4713930147246615,49.538577912254205
603216.SH,20260729,20.05,19700,394985.0,0.0,3.9271657090729675,45.0
603217.SH,20260729,18.58,400,7432.0,-0.6417112299465288,0.16083306333057226,25.099684019823833
603218.SH,20260729,9.64,41400,399096.0,-0.10362694300517505,3.7329880529528774,44.37823834196895
603219.SH,20260729,12.81,6000,76860.0,0.5494505494505475,1.8579005795968142,48.296703296703285
603220.SH,20260729,18.3,16100,294630.0,-0.05461496450026582,1.0988268036971778,44.672310212998404
603221.SH,20260729,18.63,223900,4171257.0,9.976387249114516,199.23438717898003,100.0
603222.SH,20260729,7.78,11400,88692.0,0.0,0.4731709807863143,45.0
603223.SH,20260729,10.26,44100,452466.0,1.0837438423645374,4.315239856287995,51.502463054187224
603225.SH,20260729,18.87,21342,402724.0,-0.21152829190903555,0.9668676901764145,43.730830248545786
603226.SH,20260729,45.55,14300,651365.0,0.0,3.165410708473651,45.0
603227.SH,20260729,7.34,10000,73400.0,0.2732240437158362,0.936551864845103,46.63934426229502
603228.SH,20260729,71.2,253100,18020720.0,-3.5883547731888843,4.534311859796456,23.469871360866694
603229.SH,20260729,7.34,5900,43306.0,0.2732240437158362,0.7420701893941127,46.63934426229502
603230.SH,20260729,,0,0.0,,0.0,0.0
603231.SH,20260729,14.36,6600,94776.0,0.06968641114981633,4.637215079716935,45.418118466898896
603232.SH,20260729,14.9,449600,6699040.0,-1.5201586252478583,22.762412178523878,35.87904824851285
603233.SH,20260729,19.12,49500,946440.0,1.4861995753715496,5.47414589017554,53.917197452229296
603235.SH,20260729,23.85,800,19080.0,-0.04191114836545884,2.3933918301043033,44.74853310980725
603236.SH,20260729,48.5,69400,3365900.0,-0.8585445625511112,5.41588509912789,39.84873262469333
603237.SH,20260729,13.69,4000,54760.0,0.1463057790782596,2.052855480361247,45.877834674469554
603238.SH,20260729,11.24,4900,55076.0,-0.0888888888888828,1.5589948463099592,44.466666666666704
603239.SH,20260729,13.4,18000,241200.0,0.07468259895444529,4.682396282689853,45.44809559372667
603248.SH,20260729,17.9,4200,75180.0,0.0,0.9423429272400206,45.0
603255.SH,20260729,23.75,2600,61750.0,-0.41928721174004924,1.1765358398824464,42.4842767295597
603256.SH,20260729,148.63,158200,23513266.0,-0.006727664155004032,6.4308982153601635,44.95963401506997
603257.SH,20260729,64.01,600,38406.0,0.0,0.41927416181984856,45.0
603258.SH,20260729,11.48,1800,20664.0,0.08718395815170421,0.1587621067150724,29.100282957623257
603259.SH,20260729,127.78,1047100,133798438.0,3.869289546415211,19.34091116525523,68.21573727849128
603260.SH,20260729,32.18,17700,569586.0,-0.09313877677740168,1.4332274221180714,44.44116733933559
603261.SH,20260729,44.3,8200,363260.0,0.022578460149014212,4.445648683365446,45.13547076089409
603262.SH,20260729,19.33,1000,19330.0,0.05175983436851439,0.8175070855195727,45.310559006211086
603266.SH,20260729,14.71,2000,29420.0,-0.47361299052772754,1.1023981769286872,42.15832205683363
603267.SH,20260729,44.8,32700,1464960.0,-0.5770084332001879,2.845128407734168,41.53794940079887
603268.SH,20260729,146.95,13700,2013215.0,-0.3390979993218024,1.2628354827357189,42.96541200406919
603269.SH,20260729,11.85,37700,446745.0,0.5942275042444933,1.604971944381235,48.56536502546696
603270.SH,20260729,23.9,5300,126670.0,0.5469078670593097,1.8423414721668265,48.28144720235586
603271.SH,20260729,42.99,2600,111774.0,0.13976240391335715,0.8383619310628336,45.83857442348014
603272.SH,20260729,15.15,38700,586305.0,2.157788267026306,9.807399570525542,57.94672960215784
603273.SH,20260729,12.96,600,7776.0,-0.07710100231302919,0.3654104944709811,44.53739398612183
603275.SH,20260729,34.23,100,3423.0,0.4401408450704247,0.14399545877950157,28.560027650732827
603276.SH,20260729,,0,0.0,,0.0,0.0
603277.SH,20260729,10.35,800,8280.0,0.1936108422071703,0.3867664405749012,46.16166505324302
603278.SH,20260729,8.58,44600,382668.0,1.5384615384615552,3.9113073935513123,54.23076923076933
603279.SH,20260729,13.25,35300,467725.0,0.4548900682335155,3.8321064707267416,47.72934040940109
603280.SH,20260729,23.81,2600,61906.0,-0.5845511482254762,2.7969696257755303,41.492693110647146
603281.SH,20260729,18.98,2800,53144.0,-0.3674540682414684,0.6352816827074973,42.79527559055119
603282.SH,20260729,13.52,1900,25688.0,0.5952380952380931,1.8752114248321852,48.571428571428555
603283.SH,20260729,41.78,87634,3661349.0,-0.21495103893001133,3.595019678995913,43.71029376641993
603284.SH,20260729,38.12,6900,263028.0,-0.9870129870129918,2.6779719216128455,39.07792207792205
603285.SH,20260729,31.11,1200,37332.0,-0.923566878980886,0.375312590841667,39.45859872611469
603286.SH,20260729,37.78,2600,98228.0,-0.23765513599154353,0.7394591482809438,43.57406918405074
603288.SH,20260729,37.01,70300,2601803.0,0.0,2.5583630117309246,45.0
603289.SH,20260729,7.72,10300,79516.0,-0.898587933247752,2.2620407957049102,39.60847240051349
603290.SH,20260729,81.34,36900,3001446.0,-0.07371007371007599,4.891849943520079,44.557739557739545
603291.SH,20260729,,0,0.0,,0.0,0.0
603293.SH,20260729,34.92,2900,101268.0,0.4314063848144922,1.8802292064535227,47.58843830888695
603296.SH,20260729,83.38,244500,20386410.0,-0.926806083650189,6.8807476399141505,39.439163498098864
603297.SH,20260729,100.65,132000,13285800.0,-0.9935077710013673,33.035062870890584,39.038953373991795
603298.SH,20260729,27.07,21900,592833.0,0.33358042994811044,2.7078173651814734,47.00148257968866
603299.SH,20260729,9.16,6600,60456.0,0.3285870755750153,1.0405779262674049,46.97152245345009
603300.SH,20260729,4.86,523300,2543238.0,0.20618556701033075,8.360099694342859,46.237113402061986
603301.SH,20260729,85.81,12600,1081206.0,0.011655011655009595,5.389027832748791,45.06993006993006
603303.SH,20260729,18.33,6000,109980.0,-1.5045674368619033,1.0186525488598484,35.97259537882858
603305.SH,20260729,10.77,22200,239094.0,0.27932960893854997,0.9765846337997758,46.6759776536313
603306.SH,20260729,62.0,27000,1674000.0,0.7966184360266748,1.8045819285968305,49.779710616160045
603307.SH,20260729,21.94,1200,26328.0,0.4118993135011406,1.693013797342236,47.47139588100684
603308.SH,20260729,43.66,38100,1663446.0,1.5348837209302246,2.2779532496260657,54.20930232558135
603309.SH,20260729,11.54,6100,70394.0,0.17361111111111605,1.1072779703890836,46.0416666666667
603310.SH,20260729,14.34,3000,43020.0,0.13966480446927498,1.964447877129128,45.837988826815646
603311.SH,20260729,24.63,3600,88668.0,-1.1240465676435218,0.7717294075851423,38.25572059413887
603312.SH,20260729,29.88,300,8964.0,0.03347840642784483,0.3526584304425899,45.200870438567065
603313.SH,20260729,5.6,27500,154000.0,-0.17825311942960553,1.2188748822400652,43.93048128342237
603315.SH,20260729,11.95,55100,658445.0,-0.1670843776107045,5.115111071077589,43.99749373433578
603316.SH,20260729,12.45,32400,403380.0,-0.9546539379475028,2.438594562108234,39.272076372314984
603317.SH,20260729,13.8,65100,898380.0,0.0,2.5013436181161124,45.0
603318.SH,20260729,8.51,290700,2473857.0,0.2355712603062443,4.838694496868186,46.413427561837466
603319.SH,20260729,23.0,30100,692300.0,0.0,2.0495341041586794,45.0
603320.SH,20260729,15.64,1700,26588.0,0.3207184092366866,0.7825620867270577,46.92431045542012
603321.SH,20260729,5.7,52000,296400.0,-0.6968641114982632,14.221689948446375,40.81881533101042
603322.SH,20260729,26.52,5700,151164.0,0.49261083743841194,0.99706386445224,47.95566502463047
603323.SH,20260729,4.25,257700,1095225.0,0.2358490566037652,6.53527596938823,46.41509433962259
603324.SH,20260729,25.49,42400,1080776.0,-2.7841342486651377,5.508150865710904,28.295194508009175
603325.SH,20260729,,0,0.0,,0.0,0.0
603326.SH,20260729,5.95,7200,42840.0,0.5067567567567544,0.6816141922384955,48.040540540540526
603327.SH,20260729,8.97,344600,3091062.0,0.0,7.013056806540153,45.0
603328.SH,20260729,8.72,21000,183120.0,-0.22883295194507935,1.0484929597064476,43.62700228832952
603329.SH,20260729,9.4,8100,76140.0,1.2931034482758674,2.049654067709975,52.7586206896552
603330.SH,20260729,6.85,733400,5023790.0,-2.56045519203415,23.791291603699865,29.6372688477951
603331.SH,20260729,11.5,20600,236900.0,-0.6050129645635338,3.300968652460574,41.369922212618796
603332.SH,20260729,10.28,500,5140.0,0.4887585532746819,0.20222946576168588,39.33385515675155
603333.SH,20260729,8.5,62700,532950.0,-0.3516998827666984,3.190574190745833,42.88980070339981
603334.SH,20260729,31.54,3000,94620.0,0.8634473936680598,2.0512101456990046,50.18068436200836
603335.SH,20260729,5.6,32700,183120.0,-0.7092198581560294,2.2586070820332087,40.744680851063826
603336.SH,20260729,8.43,119200,1004856.0,-0.2366863905325367,5.534659238129967,43.57988165680478
603337.SH,20260729,38.12,2000,76240.0,0.18396846254928878,0.4424255560971232,46.103810775295734
603338.SH,20260729,58.7,16000,939200.0,0.8417797629273416,1.6982157710105459,50.05067857756405
603339.SH,20260729,11.99,171700,2058683.0,2.2165387894288235,17.59933797834196,58.29923273657294
603341.SH,20260729,37.66,20900,787094.0,-0.8164340268633219,2.0665998992186823,40.10139583882007
603344.SH,20260729,21.5,900,19350.0,0.2331002331002363,0.620831246516848,46.398601398601414
603345.SH,20260729,87.35,12800,1118080.0,0.8078476630120957,1.5136224593111314,49.84708597807257
603348.SH,20260729,,0,0.0,,0.0,0.0
603350.SH,20260729,26.01,300,7803.0,0.0,0.41272614052291023,45.0
603351.SH,20260729,23.44,1000,23440.0,0.9909521757863082,0.941238224583777,50.94571305471785
603352.SH,20260729,24.37,300,7311.0,0.0,0.27927486020881787,45.0
603353.SH,20260729,28.73,24900,715377.0,1.9155728981908426,6.459833497450045,56.49343738914506
603355.SH,20260729,25.6,4400,112640.0,0.0,1.1053883363473747,45.0
603356.SH,20260729,13.95,41700,581715.0,-2.1052631578947434,12.617456774124195,32.36842105263154
603357.SH,20260729,5.83,5600,32648.0,0.3442340791738552,1.6360675726776714,47.06540447504313
603358.SH,20260729,38.64,314800,12163872.0,3.1500266951414835,17.729637415581625,63.9001601708489
603359.SH,20260729,2.17,83100,180327.0,0.4629629629629539,9.415428098437737,47.77777777777772
603360.SH,20260729,12.06,177400,2139444.0,-3.287890938251803,12.576370753895656,25.27265437048918
603363.SH,20260729,2.74,27000,73980.0,-0.3636363636363549,1.3644803988369936,42.81818181818187
603365.SH,20260729,18.33,2200,40326.0,-0.054525627044721414,1.0108828966389911,44.67284623773167
603366.SH,20260729,6.62,15500,102610.0,0.1512859304084735,1.706625901465132,45.90771558245084
603367.SH,20260729,14.0,112800,1579200.0,-0.3558718861210064,10.55125574141283,42.864768683273965
603368.SH,20260729,15.27,5200,79404.0,-0.2612671456564408,1.3936414817797753,43.43239712606135
603369.SH,20260729,26.93,65400,1761222.0,-0.36995930447650816,3.0860932351264947,42.78024417314095
603370.SH,20260729,,0,0.0,,0.0,0.0
603373.SH,20260729,32.4,3800,123120.0,-0.24630541871920597,2.3228893558859123,43.52216748768476
603375.SH,20260729,32.75,14900,487975.0,-1.1469966797464592,7.173386443025083,38.118019921521245
603376.SH,20260729,23.69,1800,42642.0,0.7656316461080337,1.8842847987637126,49.5937898766482
603377.SH,20260729,2.82,31400,88548.0,-0.7042253521126751,12.917584387794788,40.77464788732395
603378.SH,20260729,5.06,56300,284878.0,-1.9379844961240456,10.277242911816467,33.37209302325573
603379.SH,20260729,57.7,15300,882810.0,0.05202011444425114,1.3478248533473856,45.31212068666551
603380.SH,20260729,32.38,16400,531032.0,-0.5222734254992201,4.387848774327895,41.86635944700468
603381.SH,20260729,14.16,6800,96288.0,0.0,1.4918173613220136,45.0
603382.SH,20260729,16.65,100,1665.0,0.9702850212249814,0.05602870931255701,15.90687780361015
603383.SH,20260729,29.47,41700,1228899.0,-0.774410774410772,7.94164596068261,40.35353535353537
603385.SH,20260729,4.77,19600,93492.0,0.6329113924050445,3.354056840307116,48.797468354430265
603386.SH,20260729,11.56,13400,154904.0,-0.08643042350907626,1.5470760024856047,44.48141745894554
603387.SH,20260729,8.68,57300,497364.0,0.8130081300812941,5.61705322560098,49.87804878048777
603389.SH,20260729,47.87,161200,7716644.0,2.747370680403516,21.74459216392386,61.48422408242109
603390.SH,20260729,9.52,9600,91392.0,1.1689691817215575,1.7594077307480893,52.013815090329345
603391.SH,20260729,51.02,100,5102.0,-1.9976949673453648,0.14036021735860835,13.278669320477315
603392.SH,20260729,29.0,11600,336400.0,-0.6849315068493178,2.4378809596641577,40.89041095890409
603393.SH,20260729,24.67,14300,352781.0,0.28455284552846294,1.395264900106843,46.70731707317078
603395.SH,20260729,22.7,26900,610630.0,-0.43859649122807154,7.948471029337607,42.36842105263157
603396.SH,20260729,22.83,2700,61641.0,-1.0831889081455826,0.8388709964854135,38.50086655112651
603398.SH,20260729,9.05,69100,625355.0,-0.3303964757709221,7.538233097854886,43.01762114537447
603399.SH,20260729,14.36,417000,5988120.0,-0.06958942240778976,4.829423654363857,44.58246346555326
603400.SH,20260729,43.08,154400,6651552.0,0.5367561260209985,17.232618320631452,48.220536756125995
603402.SH,20260729,66.3,13000,861900.0,-0.43550082594985273,5.179431360933479,42.38699504430088
603406.SH,20260729,26.5,200,5300.0,0.0,0.2000880462908603,36.01584833235486
603407.SH,20260729,57.45,19600,1126020.0,0.6129597197898518,3.1749949911537074,48.67775831873911
603408.SH,20260729,9.9,600,5940.0,0.3039513677811634,0.09229504494628848,18.436816297018908
603409.SH,20260729,16.32,3900,63648.0,-0.4878048780487698,1.8366474535475186,42.07317073170738
603416.SH,20260729,46.96,1800,84528.0,0.5567451820128522,0.7787510343593307,48.34047109207711
603418.SH,20260729,43.17,1400,60438.0,0.13917884481560172,1.5606052198394604,45.83507306889361
603421.SH,20260729,5.41,11000,59510.0,0.37105751391466324,1.2998438571030602,47.22634508348798
603429.SH,20260729,8.88,730900,6490392.0,8.823529411764719,98.551590182674,97.94117647058832
603435.SH,20260729,47.22,41400,1954908.0,0.6823027718550145,13.491945250546552,49.09381663113009
603439.SH,20260729,10.22,27400,280028.0,-0.583657587548625,3.3634607626792734,41.49805447470825
603444.SH,20260729,349.0,4300,1500700.0,0.31618281115264324,0.9833533473839393,46.89709686691586
603456.SH,20260729,14.3,15300,218790.0,0.28050490883591017,0.5741672494481307,46.683029453015465
603458.SH,20260729,8.57,122700,1051539.0,-0.11655011655011815,4.550775428782372,44.30069930069929
603459.SH,20260729,88.26,186700,16478142.0,-0.32749858836814694,7.858784294394898,43.035008469791116
603466.SH,20260729,9.6,134200,1288320.0,-0.4149377593361092,3.688706192745075,42.51037344398335
603477.SH,20260729,14.78,10900,161102.0,-0.40431266846361336,1.2617316877778673,42.57412398921832
603486.SH,20260729,57.8,36900,2132820.0,-0.464956087480628,3.1289862870043597,42.210263475116236
603488.SH,20260729,7.52,58700,441424.0,-0.2652519893899252,7.082472821164576,43.40848806366045
603489.SH,20260729,24.71,1200,29652.0,-0.4030632809351009,0.5896634807696862,42.5816203143894
603496.SH,20260729,24.62,137800,3392636.0,-1.2038523274478408,6.128849061672344,37.776886035312955
603499.SH,20260729,10.58,1600,16928.0,0.47483380816715215,0.24789496493519275,47.47009653733761
603500.SH,20260729,8.27,6100,50447.0,0.3640776699028958,0.9078581804839051,47.18446601941737
603501.SH,20260729,94.46,284100,26836086.0,2.8976034858387845,15.477377491248685,62.3856209150327
603505.SH,20260729,15.92,57500,915400.0,0.0,4.52768766326836,45.0
603506.SH,20260729,9.18,5600,51408.0,-0.10881392818280489,1.678432420909896,44.34711643090317
603507.SH,20260729,23.81,60500,1440505.0,-1.5301902398676681,6.277284194037158,35.81885856079399
603508.SH,20260729,22.35,6600,147510.0,0.40431266846361336,1.2678148136051801,47.42587601078168
603511.SH,20260729,11.38,7800,88764.0,0.17605633802817433,3.223516110008752,46.056338028169044
603515.SH,20260729,16.65,900,14985.0,-1.010701545778847,0.7063132193930939,38.93579072532692
603516.SH,20260729,94.36,16100,1519196.0,0.8227374719521174,2.6853388995789826,49.936424831712706
603517.SH,20260729,10.16,10600,107696.0,0.09852216748769127,1.5018634327031626,45.59113300492615
603518.SH,20260729,7.67,2200,16874.0,-0.5188067444876765,0.37850372502262913,41.88715953307394
603519.SH,20260729,14.08,25900,364672.0,-0.14184397163120588,2.207566522152476,44.148936170212764
603520.SH,20260729,8.48,13300,112784.0,0.23640661938533203,1.4752289100498583,46.418439716311994
603527.SH,20260729,9.03,16500,148995.0,0.0,2.387759938226417,45.0
603528.SH,20260729,5.89,58300,343387.0,-0.6745362563237767,4.72978744062215,40.95278246205734
603529.SH,20260729,21.38,10700,228766.0,0.2814258911819856,1.3587900893890081,46.68855534709191
603530.SH,20260729,43.38,5300,229914.0,0.0,1.480532412885906,45.0
603533.SH,20260729,20.17,315900,6371703.0,0.0,10.765619886667713,45.0
603535.SH,20260729,5.97,2500,14925.0,0.0,0.304892915377477,45.0
603536.SH,20260729,8.32,12200,101504.0,0.0,1.7393706961482323,45.0
603538.SH,20260729,26.71,306740,8193025.0,0.03745318352059712,5.883547464819593,45.22471910112358
603551.SH,20260729,8.92,4300,38356.0,0.11223344556676729,1.225055065356445,45.67340067340061
603556.SH,20260729,22.33,3800,84854.0,0.08964589870013029,0.3700677495162852,45.53787539220078
603557.SH,20260729,3.85,6100,23485.0,0.5221932114882533,1.310615989515072,48.13315926892952
603558.SH,20260729,12.8,45600,583680.0,-0.9287925696594312,8.555067331800872,39.427244582043414
603559.SH,20260729,7.89,66200,522318.0,0.0,4.894024502692001,45.0
603565.SH,20260729,10.35,26600,275310.0,0.09671179883945502,1.5528591074253164,45.58027079303673
603566.SH,20260729,10.08,100,1008.0,-0.1980198019801982,0.03654115625353675,5.389289313755426
603567.SH,20260729,6.68,2820352,18839951.0,-2.9069767441860517,23.40565369085365,27.55813953488369
603568.SH,20260729,15.43,13200,203676.0,0.1948051948051921,1.629310932171905,46.168831168831154
603569.SH,20260729,5.67,11200,63504.0,0.5319148936170359,3.28399701490546,48.19148936170222
603577.SH,20260729,9.01,10500,94605.0,-0.11086474501108556,2.0702746247026815,44.33481152993349
603578.SH,20260729,11.3,2100,23730.0,-0.702987697715296,0.6553038506985309,40.78207381370822
603579.SH,20260729,17.31,10200,176562.0,-1.0857142857142899,4.18041674987076,38.48571428571426
603580.SH,20260729,54.71,520600,28482026.0,3.8140417457305453,29.161709332478722,67.88425047438326
603583.SH,20260729,23.42,1900,44498.0,0.0,0.4256043044550799,45.0
603585.SH,20260729,,0,0.0,,0.0,0.0
603586.SH,20260729,12.28,1200,14736.0,0.0,0.7183658697433422,45.0
603587.SH,20260729,11.7,2400,28080.0,0.08554319931566301,0.837331706540166,45.51325919589398
603588.SH,20260729,12.44,333400,4147496.0,-1.112877583465821,4.854034813271906,38.322734499205076
603589.SH,20260729,19.44,28600,555984.0,-0.15408320493065508,3.944223415358917,44.07550077041607
603590.SH,20260729,31.25,7000,218750.0,0.22450288646569394,3.099344204269552,46.347017318794165
603595.SH,20260729,21.9,11200,245280.0,0.0,4.552090986885828,45.0
603596.SH,20260729,24.61,30500,750605.0,-0.04061738424046002,1.7021856541841751,44.75629569455724
603598.SH,20260729,15.49,34300,531307.0,-0.6414368184733732,3.5821840357760073,41.15137908915976
603599.SH,20260729,10.19,14800,150812.0,-0.09803921568627416,0.6788064724916414,44.411764705882355
603600.SH,20260729,9.28,4400,40832.0,0.5417118093174356,0.7051096846017373,48.25027085590462
603601.SH,20260729,8.1,200800,1626480.0,-0.24630541871920597,3.1258158583007907,43.52216748768476
603602.SH,20260729,10.16,11300,114808.0,0.6937561942517378,3.8594910997025003,49.16253716551043
603605.SH,20260729,60.3,15800,952740.0,0.06637902422834685,2.3279584031555105,45.39827414537008
603606.SH,20260729,39.35,23780,935743.0,0.3826530612244916,1.0809829316456774,47.29591836734695
603607.SH,20260729,20.13,220200,4432626.0,0.649999999999995,31.318919757541853,48.89999999999997
603608.SH,20260729,17.13,79900,1368687.0,-0.4648460197559712,4.612195306122873,42.210923881464176
603609.SH,20260729,6.1,700,4270.0,0.0,0.24395171150122055,43.9113080702197
603610.SH,20260729,13.57,92800,1259296.0,-0.513196480938416,8.276234657872234,41.9208211143695
603611.SH,20260729,16.18,400,6472.0,-0.2466091245376001,0.16891871170668007,28.92571335997681
603612.SH,20260729,16.19,18600,301134.0,-0.12338062924120985,1.10449912823742,44.25971622455274
603613.SH,20260729,18.73,27100,507583.0,-0.053361792956230225,2.369170455257044,44.67982924226262
603615.SH,20260729,14.9,21100,314390.0,-0.40106951871657914,7.571915008812506,42.59358288770053
603616.SH,20260729,4.81,7900,37999.0,-0.20746887966806016,0.6862045933468944,43.75518672199164
603617.SH,20260729,6.15,6800,41820.0,-0.16233766233766378,1.3908218330293447,44.025974025974016
603618.SH,20260729,24.07,251800,6060826.0,0.6270903010033413,4.768944467220701,48.762541806020046
603619.SH,20260729,21.25,1219300,25910125.0,1.142313184197996,22.13607379258945,51.85387910518798
603626.SH,20260729,13.0,73300,952900.0,0.30864197530864335,3.8408701498781372,46.85185185185186
603628.SH,20260729,,0,0.0,,0.0,0.0
603629.SH,20260729,99.99,243380,24335566.0,-3.4379526798647975,7.090645866382558,24.372283920811213
603630.SH,20260729,14.9,257200,3832280.0,-1.2591119946984697,17.58686600136938,37.44532803180918
603633.SH,20260729,5.69,25200,143388.0,0.17605633802817433,2.828221129226873,46.056338028169044
603636.SH,20260729,6.35,58500,371475.0,1.2759170653907415,3.272827528187351,52.655502392344445
603637.SH,20260729,11.1,9700,107670.0,0.0,1.3234830238072803,45.0
603638.SH,20260729,19.28,19100,368248.0,0.3121748178980255,1.549719146650692,46.87304890738815
603639.SH,20260729,10.29,56600,582414.0,0.19474196689386325,32.3535383471039,46.168451801363176
603648.SH,20260729,8.98,103600,930328.0,3.6951501154734334,26.57055439422559,67.1709006928406
603650.SH,20260729,63.92,428200,27370544.0,-1.2360939431396711,13.959423070990116,37.58343634116197
603655.SH,20260729,24.64,2000,49280.0,0.6947282386595921,1.413126054199062,49.16836943195755
603656.SH,20260729,17.03,1000,17030.0,0.0,0.7849750520362866,45.0
603657.SH,20260729,21.72,91400,1985208.0,-0.5038937242327068,20.09457917103231,41.976637654603756
603658.SH,20260729,31.92,7300,233016.0,0.0,2.1012077399715205,45.0
603659.SH,20260729,23.83,44200,1053286.0,-0.5425709515859856,1.3150980074927847,41.74457429048409
603660.SH,20260729,8.23,146400,1204872.0,0.12165450121655041,7.252941139290225,45.7299270072993
603661.SH,20260729,28.1,14700,413070.0,0.9701760689903027,5.905214129523231,50.82105641394182
603662.SH,20260729,48.33,9100,439803.0,0.8135168961201478,1.7096710799540693,49.881101376720885
603663.SH,20260729,38.33,71900,2755927.0,0.8949723611476612,4.577145702166235,50.369834166885965
603665.SH,20260729,21.3,800,17040.0,0.9478672985781866,0.3400717906717629,50.687203791469116
603666.SH,20260729,20.71,10400,215384.0,1.3209393346379716,2.98179196970075,52.92563600782783
603667.SH,20260729,50.9,40500,2061450.0,0.0983284169124854,2.975763853081138,45.58997050147491
603668.SH,20260729,10.99,21400,235186.0,0.0,3.7918426611497664,45.0
603669.SH,20260729,5.21,154600,805466.0,0.19230769230769162,4.594441589616349,46.153846153846146
603676.SH,20260729,8.55,2300,19665.0,0.4700352526439522,0.9637596949373431,47.82021151586371
603677.SH,20260729,12.43,1700,21131.0,-0.3207698476343279,1.1277452332203401,43.075380914194035
603678.SH,20260729,40.67,117700,4786859.0,0.0,3.68101165429468,45.0
603679.SH,20260729,18.01,10900,196309.0,0.22259321090707385,1.2842986891359307,46.33555926544244
603680.SH,20260729,9.53,8500,81005.0,0.10504201680672232,1.7581443233230125,45.63025210084034
603681.SH,20260729,17.43,12500,217875.0,0.7514450867051936,1.8780475928420746,49.50867052023116
603682.SH,20260729,8.57,42600,365082.0,-0.34883720930232176,3.2764396836991208,42.90697674418607
603683.SH,20260729,14.6,231300,3376980.0,-1.4844804318488558,5.739672626782326,36.09311740890686
603685.SH,20260729,25.29,300,7587.0,0.0,0.2027854493862673,36.501380889528114
603686.SH,20260729,12.38,13700,169606.0,0.16181229773464256,1.0839527980053265,45.97087378640786
603687.SH,20260729,12.73,124000,1578520.0,0.5529225908372792,6.307211698748531,48.317535545023674
603688.SH,20260729,44.81,45200,2025412.0,0.4258180188256411,2.7118892755156683,47.55490811295385
603689.SH,20260729,7.37,22500,165825.0,0.0,5.085952364937946,45.0
603690.SH,20260729,25.1,1996386,50109289.0,-3.4615384615384603,24.32161147516648,24.230769230769237
603693.SH,20260729,11.9,33000,392700.0,-0.5016722408026753,3.8080625537742168,41.98996655518395
603696.SH,20260729,10.91,25200,274932.0,-0.2742230347349106,3.2174332802309937,43.35466179159054
603697.SH,20260729,9.5,9700,92150.0,0.10537407797681642,1.001523293562443,45.6322444678609
603698.SH,20260729,21.46,57600,1236096.0,0.0,2.7957921854729606,45.0
603699.SH,20260729,40.88,12400,506912.0,0.4422604422604337,1.1752778730245286,47.6535626535626
603700.SH,20260729,10.89,3800,41382.0,-0.9099181073703333,0.7099995010684478,39.540491355778
603701.SH,20260729,17.98,7000,125860.0,0.6155567991046329,2.151265849710954,48.6933407946278
603703.SH,20260729,8.59,18500,158915.0,0.703399765533419,1.9099879177324102,49.220398593200514
603706.SH,20260729,18.26,700,12782.0,-0.16402405686165578,0.740890587350838,44.01585565883006
603707.SH,20260729,7.78,52100,405338.0,0.12870012870014325,2.863147304386207,45.77220077220086
603708.SH,20260729,9.17,2700,24759.0,-0.3260869565217317,0.7307381048090766,43.04347826086961
603709.SH,20260729,9.99,15000,149850.0,0.4020100502512669,3.7150967773413455,47.4120603015076
603711.SH,20260729,10.5,30000,315000.0,1.2536162005786,2.954060089258379,52.521697203471604
603712.SH,20260729,11.21,14200,159182.0,-0.5323868677905796,1.2588364276176764,41.80567879325652
603713.SH,20260729,62.49,8000,499920.0,0.03201536737633681,1.8660420477368809,45.19209220425802
603716.SH,20260729,16.66,948700,15805342.0,1.3998782714546687,22.88473536607463,53.399269628728014
603717.SH,20260729,5.22,49200,256824.0,0.19193857965451588,3.813381860517092,46.1516314779271
603718.SH,20260729,2.77996,10230,28439.0,-0.35985663082437336,1.6721880014645683,42.84086021505376
603719.SH,20260729,8.58,22100,189618.0,-0.11641443538998875,2.540303835171795,44.301513387660066
603721.SH,20260729,15.58,11700,182286.0,2.030124426981006,2.9783798114454187,57.18074656188604
603722.SH,20260729,29.01,11600,336516.0,0.03448275862070194,3.9026861323163407,45.20689655172421
603725.SH,20260729,10.33,123400,1274722.0,-2.822201317027284,4.782607149224087,28.066792097836295
603726.SH,20260729,22.95,126700,2907765.0,-3.7735849056603876,9.866861293453452,22.358490566037673
603727.SH,20260729,17.28,57400,991872.0,2.369668246445511,6.937490564197433,59.21800947867307
603728.SH,20260729,47.2,10500,495600.0,0.40416932567539643,2.1909495560787398,47.42501595405238
603729.SH,20260729,10.38,9900,102762.0,0.9727626459144156,8.326383336926831,50.836575875486496
603730.SH,20260729,9.6,294500,2827200.0,3.5598705501618033,8.806763287687716,66.35922330097083
603733.SH,20260729,20.8,13000,270400.0,-0.048053820278703974,1.692550133550906,44.711677078327774
603737.SH,20260729,24.0,28600,686400.0,2.127659574468077,1.8430616665449058,57.765957446808464
603738.SH,20260729,30.66,205000,6285300.0,0.0,6.219056094615506,45.0
603739.SH,20260729,11.07,400,4428.0,0.09041591320071429,0.15117881579189055,27.754682321744582
603755.SH,20260729,20.76,2800,58128.0,0.4840271055179146,2.6036807180081376,47.90416263310749
603757.SH,20260729,56.65,27500,1557875.0,0.017655367231639296,2.5340694216912723,45.105932203389834
603758.SH,20260729,,0,0.0,,0.0,0.0
603759.SH,20260729,6.91,600,4146.0,-0.14450867052022698,0.14813661397216968,25.797538491869183
603766.SH,20260729,14.18,38900,551602.0,-0.2111189303307559,1.6461078803625544,43.73328641801547
603767.SH,20260729,13.51,4000,54040.0,-0.36873156342183133,0.9969050194499786,42.787610619469014
603768.SH,20260729,10.46,25400,265684.0,-0.2859866539561384,7.392642872887801,43.284080076263166
603773.SH,20260729,77.5,145800,11299500.0,-1.273885350318471,8.124677698019145,37.35668789808918
603776.SH,20260729,18.84,8200,154488.0,0.5872931126534864,5.52649557692188,48.52375867592092
603777.SH,20260729,13.13,6000,78780.0,0.22900763358779663,0.6673745739250044,46.374045801526776
603778.SH,20260729,8.98,361800,3248964.0,-0.44345898004433115,6.189842527708674,42.339246119734014
603779.SH,20260729,6.92,24200,167464.0,0.0,1.0225370677014256,45.0
603786.SH,20260729,39.99,7000,279930.0,0.4017072558373247,2.440533455120832,47.41024353502395
603787.SH,20260729,9.51,1200,11412.0,0.31645569620253333,0.5816781772208056,46.8987341772152
603788.SH,20260729,13.95,15500,216225.0,-0.4992867332382356,5.5794943178311165,42.004279600570584
603789.SH,20260729,6.05,9200,55660.0,0.6655574043261225,2.35868855729666,48.993344425956735
603790.SH,20260729,21.79,201200,4384148.0,-0.5022831050228271,21.98868227965886,41.986301369863035
603797.SH,20260729,3.84,13700,52608.0,0.26109660574411553,2.4666367777006433,46.566579634464695
603798.SH,20260729,11.37,14400,163728.0,-0.35056967572305586,2.8902439192306324,42.896581945661666
603799.SH,20260729,39.31,71300,2802803.0,0.07637474541752898,1.1459339609178332,45.458248472505176
603800.SH,20260729,61.74,27300,1685502.0,-0.9942270686337351,3.435626380039081,39.03463758819759
603801.SH,20260729,5.4,11000,59400.0,0.18552875695734272,1.0294101081487168,46.113172541744056
603803.SH,20260729,9.98,498600,4976028.0,-5.313092979127121,9.988508582623874,15.0
603806.SH,20260729,13.8,112000,1545600.0,-0.6479481641468721,2.532278211950425,41.11231101511877
603808.SH,20260729,7.36,6400,47104.0,-1.0752688172043001,1.399370402151437,38.5483870967742
603809.SH,20260729,8.59,67000,575530.0,-0.11627906976744429,4.049540943903504,44.30232558139534
603810.SH,20260729,10.76,2800,30128.0,-0.09285051067781103,1.0932583718832583,44.442896935933135
603811.SH,20260729,7.02007,2940,20639.0,-0.14125177809389822,0.842089063066877,44.15248933143661
603813.SH,20260729,,0,0.0,,0.0,0.0
603815.SH,20260729,5.13,81300,417069.0,0.1953125,6.791572606599179,46.171875
603816.SH,20260729,24.51,15700,384807.0,0.45081967213116414,1.4541808990427012,47.704918032786985
603817.SH,20260729,5.47,33600,183792.0,0.0,3.692944834165093,45.0
603818.SH,20260729,3.22,14900,47978.0,0.31152647975078995,0.7309823465432235,46.86915887850474
603819.SH,20260729,11.31,132400,1497444.0,-1.5665796344647487,14.009286066913266,35.6005221932115
603822.SH,20260729,55.99,600,33594.0,-0.017857142857136132,1.4638721121163765,44.89285714285718
603823.SH,20260729,55.34,121500,6723810.0,-10.00162628069604,132.1945381351322,15.0
603825.SH,20260729,7.15,2200,15730.0,0.0,1.628978207109097,45.0
603826.SH,20260729,14.95,19900,297505.0,-0.3997335109926725,3.0195973037306665,42.60159893404396
603828.SH,20260729,4.11,100,411.0,0.24390243902441266,0.08068957190353768,15.987537576783257
603829.SH,20260729,13.7,4400,60280.0,-0.7246376811594346,1.2067852803666705,40.65217391304339
603833.SH,20260729,32.12,13300,427196.0,0.0,1.7538257313875873,45.0
603836.SH,20260729,8.45,6200,52390.0,0.11848341232227888,1.8275286015726024,45.71090047393368
603838.SH,20260729,7.14,100,714.0,0.7052186177715081,0.10568108350048903,23.253906736717077
603839.SH,20260729,6.28,4500,28260.0,0.0,0.8745158018599707,45.0
603843.SH,20260729,6.4,52300,334720.0,-0.15600624024960652,3.277405679609312,44.06396255850236
603848.SH,20260729,12.68,4200,53256.0,-0.5490196078431375,1.5608814548695378,41.705882352941174
603855.SH,20260729,16.17,800,12936.0,0.6222775357809684,0.5308442417803472,48.733665214685814
603856.SH,20260729,11.0,5200,57200.0,0.0,2.0297909435980004,45.0
603858.SH,20260729,15.51,31900,494769.0,-0.7042253521126751,4.628262113109335,40.77464788732395
603859.SH,20260729,35.93,10700,384451.0,0.027839643652560753,1.8043840198872687,45.16703786191536
603860.SH,20260729,23.48,2900,68092.0,0.34188034188034067,1.7563608755680276,47.051282051282044
603861.SH,20260729,11.69,45100,527219.0,-0.8481764206955011,3.84703465938753,39.910941475826995
603863.SH,20260729,12.41,18600,230826.0,-0.16090104585679832,3.864552706477724,44.03459372485921
603866.SH,20260729,4.09,19700,80573.0,-0.24390243902439046,1.0899918676403852,43.536585365853654
603867.SH,20260729,26.92,800,21536.0,0.03716090672611916,0.10481043288966957,19.088843360497236
603868.SH,20260729,29.85,1400,41790.0,0.0,1.3995830320970037,45.0
603869.SH,20260729,7.9,500,3950.0,-0.6289308176100628,0.5847553250484606,41.22641509433962
603871.SH,20260729,12.52,13700,171524.0,0.24019215372297342,0.6350636045871642,46.44115292233784
603876.SH,20260729,21.62,62400,1349088.0,0.0,1.7565951516058222,45.0
603877.SH,20260729,13.25,18500,245125.0,-0.15071590052749828,6.000258736297165,44.09570459683501
603878.SH,20260729,4.58,11400,52212.0,-0.8658008658008698,0.6928774147216492,39.80519480519478
603879.SH,20260729,4.65,178300,829095.0,0.0,9.184545167580188,45.0
603880.SH,20260729,6.58,61000,401380.0,3.785488958990535,11.087297370856453,67.71293375394322
603881.SH,20260729,23.89,49500,1182555.0,-0.16715419974926427,1.4506547380510497,43.99707480150441
603882.SH,20260729,26.68,16800,448224.0,0.48964218455742614,2.224973986770721,47.93785310734456
603883.SH,20260729,12.41,73400,910894.0,0.7305194805194759,7.397438457032139,49.383116883116855
603885.SH,20260729,10.94,49200,538248.0,-0.45495905368517775,2.3493135830160354,42.27024567788894
603886.SH,20260729,10.06,9500,95570.0,0.29910269192423566,3.1765855497831317,46.79461615154541
603887.SH,20260729,8.66,34200,296172.0,-0.345224395857302,1.7975747162132296,42.92865362485619
603888.SH,20260729,15.88,21500,341420.0,-0.12578616352201255,2.442684904922736,44.24528301886792
603889.SH,20260729,5.68,32100,182328.0,-0.35087719298246833,2.3342308265312304,42.89473684210519
603890.SH,20260729,18.4,69700,1282480.0,-1.0220548682087216,4.592071511824644,38.86767079074767
603893.SH,20260729,200.0,175700,35140000.0,0.2405773857257376,6.973291469932739,46.44346431435443
603895.SH,20260729,21.78,2700,58806.0,-0.457038391224851,1.9802638351513702,42.25776965265089
603896.SH,20260729,14.46,16400,237144.0,-0.06910850034553828,5.921979818760607,44.58534899792677
603897.SH,20260729,24.43,17200,420196.0,0.04095004095003851,2.408486679935938,45.245700245700235
603898.SH,20260729,10.38,7500,77850.0,0.0,2.706617758645836,45.0
603899.SH,20260729,22.93,8900,204077.0,0.30621172353455517,1.396404752307287,46.83727034120733
603900.SH,20260729,5.46,23800,129948.0,0.18348623853210455,3.7489145794863337,46.10091743119263
603901.SH,20260729,8.9,7900,70310.0,0.6787330316742057,0.7645036985734259,49.072398190045234
603903.SH,20260729,11.07,114300,1265301.0,-1.2488849241748534,8.534192864526045,37.50669045495088
603906.SH,20260729,18.53,454000,8412620.0,-1.0149572649572502,11.391865952698112,38.9102564102565
603908.SH,20260729,16.65,5800,96570.0,-0.06002400960385401,4.9651812615077215,44.639855942376876
603909.SH,20260729,8.36,10600,88616.0,1.2106537530266248,3.5821373842821798,52.263922518159745
603912.SH,20260729,7.07,3600,25452.0,0.0,0.29400675002625926,45.0
603915.SH,20260729,12.5,14800,185000.0,1.2145748987854255,1.9755945725398012,52.28744939271255
603916.SH,20260729,,0,0.0,,0.0,0.0
603917.SH,20260729,11.69,168300,1967427.0,0.0,27.870844984569747,45.0
603918.SH,20260729,10.45,1028100,10743645.0,0.2879078694817627,30.48849642285954,46.727447216890575
603919.SH,20260729,14.71,24900,366279.0,-0.942760942760934,1.8602718983633397,39.343434343434396
603920.SH,20260729,32.81,19500,639795.0,0.0,0.5248786262631413,45.0
603922.SH,20260729,9.98,3700,36926.0,0.7063572149344166,2.789342334324351,49.2381432896065
603926.SH,20260729,15.24,21100,321564.0,0.5940594059405946,2.892831636900061,48.56435643564357
603927.SH,20260729,13.29,27500,365475.0,0.15071590052750938,2.253171788956318,45.90429540316506
603928.SH,20260729,11.97,1140800,13655376.0,-2.5244299674267,24.83737415400922,29.8534201954398
603929.SH,20260729,165.76,37600,6232576.0,1.9998769306504238,4.366058578246344,56.999261583902545
603931.SH,20260729,34.29,164000,5623560.0,0.8529411764705896,10.941246597646177,50.117647058823536
603933.SH,20260729,17.28,59900,1035072.0,-0.9742120343839478,14.185508130876014,39.15472779369631
603936.SH,20260729,13.12,90000,1180800.0,-0.37965072133637756,2.505607835952389,42.722095671981734
603937.SH,20260729,9.99,34400,343656.0,0.10020040080160886,7.066344963212056,45.601202404809655
603938.SH,20260729,39.05,57200,2233660.0,-0.7876016260162655,3.8434774365155966,40.27439024390241
603939.SH,20260729,22.6,24400,551440.0,0.5785491766800321,2.040011142817283,48.471295060080195
603948.SH,20260729,19.01,10700,203407.0,-1.0411244143675114,8.416198033524113,38.75325351379493
603949.SH,20260729,13.1,7700,100870.0,0.22953328232593329,2.101610568748907,46.3771996939556
603950.SH,20260729,58.39,41200,2405668.0,0.0,3.540266421740997,45.0
603955.SH,20260729,18.73,115300,2159569.0,-0.6366047745358094,43.946859921667,41.180371352785144
603956.SH,20260729,6.3,339700,2140110.0,0.0,12.179539147081687,45.0
603958.SH,20260729,13.5,18900,255150.0,-1.171303074670571,2.5910296552813517,37.972181551976576
603959.SH,20260729,4.28,90000,385200.0,2.392344497607679,18.40495458319443,59.35406698564607
603960.SH,20260729,14.7,36400,535080.0,-0.6756756756756799,4.643972924565122,40.94594594594592
603966.SH,20260729,7.46,27200,202912.0,-1.7127799736495364,3.5506516880372985,34.72332015810278
603967.SH,20260729,11.15,8500,94775.0,-0.08960573476702871,2.8648876945886737,44.46236559139783
603968.SH,20260729,9.34,3700,34558.0,0.3222341568206222,1.123173502387662,46.93340494092374
603969.SH,20260729,6.93,25100,173943.0,0.0,0.7396695976621435,45.0
603970.SH,20260729,9.85,600,5910.0,-0.5050505050505083,0.26066427843496637,41.96969696969695
603976.SH,20260729,25.22,24900,627978.0,-0.03963535473643365,5.227880688357187,44.762187871581396
603977.SH,20260729,10.96,80500,882280.0,0.8279668813247598,6.300156169294825,49.96780128794856
603978.SH,20260729,18.34,27000,495180.0,0.9911894273127775,2.6995255076103417,50.94713656387667
603979.SH,20260729,71.74,22700,1628498.0,0.40587823652902255,3.110014227172394,47.43526941917413
603980.SH,20260729,7.0,2976400,20834800.0,7.692307692307687,27.431142146150243,91.15384615384613
603982.SH,20260729,5.4,10200,55080.0,0.0,1.596655534236217,45.0
603983.SH,20260729,31.6,112100,3542360.0,-2.799138726545669,17.890416306264274,28.205167640725985
603985.SH,20260729,14.8,200300,2964440.0,-1.9867549668874052,14.396977914826852,33.079470198675565
603986.SH,20260729,373.15,1371030,511599845.0,-4.474822722269156,15.771133544370999,18.151063666385063
603987.SH,20260729,7.14,7000,49980.0,0.14025245441795509,1.7211876442695662,45.84151472650773
603988.SH,20260729,17.79,162300,2887317.0,0.7361268403170973,6.2714375802505735,49.41676104190258
603989.SH,20260729,26.3,91800,2414340.0,-0.15186028853454436,3.8988169586939794,44.088838268792735
603990.SH,20260729,19.1,227000,4335700.0,0.10482180293502896,14.436259905313026,45.628930817610176
603991.SH,20260729,119.0,15600,1856400.0,-0.6180056789711008,4.57906753914956,41.2919659261734
603992.SH,20260729,22.87,4600,105202.0,0.13134851138354442,1.4891626127863526,45.78809106830127
603993.SH,20260729,19.02,1447600,27533352.0,0.10526315789474161,7.753159832149539,45.63157894736845
603995.SH,20260729,19.61,400,7844.0,0.3069053708439906,0.13231747117763984,25.658577037039116
603997.SH,20260729,11.6,18400,213440.0,0.0,1.011565889114805,45.0
603998.SH,20260729,9.13,6200,56606.0,0.0,0.7266651754065315,45.0
603999.SH,20260729,,0,0.0,,0.0,0.0
605001.SH,20260729,5.07,27700,140439.0,0.7952286282306265,5.107446990039753,49.77137176938376
605003.SH,20260729,19.08,4700,89676.0,-0.7800312012480659,5.662709244797816,40.319812792511605
605005.SH,20260729,14.69,2400,35256.0,0.5475701574264136,2.223728423571067,48.28542094455848
605006.SH,20260729,13.29,129100,1715739.0,1.1415525114155223,2.945620968015423,51.849315068493134
605007.SH,20260729,14.89,4300,64027.0,0.3369272237196741,0.8013476989429801,47.021563342318046
605008.SH,20260729,11.97,400,4788.0,0.0,0.1802409536959936,32.443371665278846
605009.SH,20260729,23.33,5900,137647.0,0.128755364806854,4.213654865828978,45.772532188841126
605011.SH,20260729,17.36,22700,394072.0,-0.6296508299942771,2.513406526048896,41.22209502003434
605016.SH,20260729,20.4,19200,391680.0,-0.1956947162426781,2.262077437792567,43.82583170254393
605018.SH,20260729,12.26,57200,701272.0,2.508361204013365,5.323440544075069,60.05016722408019
605020.SH,20260729,32.01,27700,886677.0,-0.3424657534246589,1.9509050019252017,42.94520547945205
605028.SH,20260729,26.77,73300,1962241.0,-2.654545454545454,18.621128636789056,29.072727272727278
605033.SH,20260729,16.8,4600,77280.0,-0.9433962264150941,2.1508592888816103,39.339622641509436
605050.SH,20260729,10.26,1800,18468.0,0.48971596474043366,0.45264699225779526,47.9382957884426
605055.SH,20260729,8.34,4000,33360.0,0.0,0.9665926626402982,45.0
605056.SH,20260729,13.03,42600,555078.0,-0.8371385083713934,5.7158718113199445,39.97716894977164
605058.SH,20260729,23.47,2800,65716.0,0.4708904109588907,1.2177579108169296,47.825342465753344
605060.SH,20260729,35.14,2300,80822.0,-2.198719732813803,0.43262389249190825,31.80768160311718
605066.SH,20260729,6.4,1300,8320.0,0.0,0.28911108280231756,45.0
605068.SH,20260729,18.72,816100,15277392.0,9.9882491186839,145.73909254544066,100.0
605069.SH,20260729,9.41,22900,215489.0,-0.4232804232804144,2.29018063465112,42.46031746031751
605077.SH,20260729,10.4,6500,67600.0,0.0,0.6712754626028815,45.0
605080.SH,20260729,19.36,100,1936.0,0.15519917227109215,0.0844354389668068,16.12957404765178
605086.SH,20260729,21.84,3200,69888.0,0.09165902841430373,1.475017648376797,45.54995417048582
605088.SH,20260729,19.41,4800,93168.0,0.1031459515214106,0.9206887077245395,45.61887570912846
605089.SH,20260729,18.25,16000,292000.0,0.0,5.735788185199565,45.0
605090.SH,20260729,31.85,72200,2299570.0,0.4098360655737876,4.095196349836701,47.459016393442724
605098.SH,20260729,56.17,1500,84255.0,-0.15997156061143825,1.064044007511389,44.04017063633137
605099.SH,20260729,31.56,10200,321912.0,0.09514747859180606,3.402828826088642,45.57088487155084
605100.SH,20260729,30.65,9800,300370.0,-0.48701298701299134,2.131946364184335,42.077922077922054
605108.SH,20260729,12.19,348500,4248215.0,-1.0551948051948146,34.311490861724536,38.66883116883111
605111.SH,20260729,50.88,102400,5210112.0,0.49377839225754894,3.13587514938821,47.96267035354529
605116.SH,20260729,18.99,2400,45576.0,0.0,0.8431703204047217,45.0
605117.SH,20260729,82.59,23400,1932606.0,-0.7331730769230771,1.5803685607733933,40.60096153846154
605118.SH,20260729,28.4,4400,124960.0,0.6378454996456506,1.7818830040089086,48.827072997873906
605122.SH,20260729,9.9,11900,117810.0,-0.6024096385542244,4.012979148381854,41.385542168674654
605123.SH,20260729,73.48,8100,595188.0,0.4236709033756947,4.538423112769987,47.54202542025417
605128.SH,20260729,21.81,12400,270444.0,0.5069124423963123,3.0548092722052793,48.04147465437787
605133.SH,20260729,23.8,38900,925820.0,-0.46005855290672804,4.997898639018141,42.23964868255963
605136.SH,20260729,7.55,8000,60400.0,-0.6578947368421018,0.5786406510596361,41.05263157894739
605138.SH,20260729,5.37,2800,15036.0,0.37383177570093906,0.5780861296814509,47.242990654205634
605151.SH,20260729,15.95,12600,200970.0,-1.1159330440173587,6.710566108058312,38.30440173589585
605155.SH,20260729,12.65,26200,331430.0,0.0,8.830089004515699,45.0
605158.SH,20260729,6.53,10200,66606.0,-0.1529051987767538,4.098352081707626,44.08256880733948
605162.SH,20260729,9.15,1205851,11033537.0,-0.8667388949079147,24.53500790106436,39.79956663055251
605166.SH,20260729,,0,0.0,,0.0,0.0
605167.SH,20260729,13.09,52400,685916.0,-0.4562737642585635,11.322660787318098,42.262357414448616
605168.SH,20260729,33.93,8900,301977.0,0.05897965202006361,2.067396749269405,45.35387791212038
605169.SH,20260729,9.67,800,7736.0,0.0,0.23503998307809346,42.30719695405682
605177.SH,20260729,15.09,5200,78468.0,0.6671114076050699,2.1773527455183874,49.00266844563042
605178.SH,20260729,62.42,5800,362036.0,0.016023073225457374,1.418548888307777,45.09613843935274
605179.SH,20260729,15.44,444800,6867712.0,6.116838487972509,78.21569801133145,81.70103092783506
605180.SH,20260729,10.88,1900,20672.0,-0.18348623853210455,1.5510696355384028,43.89908256880737
605183.SH,20260729,13.92,2500,34800.0,-0.7132667617688937,1.2407516316507898,40.72039942938664
605186.SH,20260729,23.57,11700,275769.0,-0.3803888419273038,3.108310326658822,42.717666948436175
605188.SH,20260729,11.4,4400,50160.0,-0.08764241893075564,0.6588074285265849,44.474145486415466
605189.SH,20260729,15.45,196700,3039015.0,-0.6430868167202619,9.544276069149852,41.14147909967843
605196.SH,20260729,30.87,131100,4047057.0,-0.5156300354495658,3.741636129162289,41.906219787302604
605198.SH,20260729,54.7,18900,1033830.0,0.3853918150119373,3.8752420433193233,47.31235089007163
605199.SH,20260729,5.51,19500,107445.0,-0.7207207207207245,14.694034628114217,40.675675675675656
605208.SH,20260729,11.87,39200,465304.0,0.7640067911714787,3.499864237574669,49.58404074702887
605218.SH,20260729,12.6,4000,50400.0,0.0794281175536149,1.3504369386945037,45.47656870532169
605222.SH,20260729,18.03,89900,1620897.0,-0.9340659340659196,10.82422871150778,39.39560439560448
605228.SH,20260729,10.44,11200,116928.0,0.0,1.8896046694541222,45.0
605255.SH,20260729,75.11,10900,818699.0,0.5084972567911183,8.549762582191443,48.050983540746714
605258.SH,20260729,23.95,1800,43110.0,0.0,0.9013175418430031,45.0
605259.SH,20260729,17.4,3200,55680.0,0.17271157167528806,4.169644315411127,46.03626943005173
605266.SH,20260729,15.9,4900,77910.0,-0.06285355122563896,2.783978391953927,44.62287869264617
605268.SH,20260729,8.78,500,4390.0,0.0,0.18003197679580563,32.405755823245016
605277.SH,20260729,14.35,9500,136325.0,-0.8977900552486262,1.75773890243985,39.61325966850824
605286.SH,20260729,22.11,1400,30954.0,0.45433893684687643,0.7591702661893169,47.72603362108126
605287.SH,20260729,33.7,22000,741400.0,2.9951100244498985,4.431509266976843,62.97066014669939
605288.SH,20260729,65.0,6800,442000.0,0.0,5.687889202183203,45.0
605289.SH,20260729,89.42,13700,1225054.0,-0.941619585687381,1.778827994125323,39.35028248587572
605296.SH,20260729,30.0,4100,123000.0,0.23387905111929008,1.0319590848862024,46.403274306715744
605298.SH,20260729,45.4,2000,90800.0,-0.11001100110011874,1.6764285395933094,44.339933993399285
605299.SH,20260729,11.52,100100,1153152.0,0.17391304347824654,3.9763370374323577,46.04347826086948
605300.SH,20260729,9.19,1900,17461.0,0.0,0.32476036763669663,45.0
605303.SH,20260729,19.29,32700,630783.0,-1.7320427916454384,7.261523495333908,34.60774325012737
605305.SH,20260729,38.0,2600,98800.0,0.0,0.44952819990722886,45.0
605318.SH,20260729,75.12,3600,270432.0,0.18671645772205814,2.6381299783750642,46.12029874633235
605319.SH,20260729,22.35,3340,74649.0,0.0,1.6485653678396122,45.0
605333.SH,20260729,16.24,4900,79576.0,-0.061538461538468425,1.479268739032148,44.63076923076919
605336.SH,20260729,9.85,1600,15760.0,0.6128702757916216,2.151189296468282,48.67722165474973
605337.SH,20260729,8.93,22600,201818.0,0.7900677200902928,2.2612019313782388,49.74040632054176
605338.SH,20260729,18.53,18200,337246.0,-0.053937432578199385,7.443254306627533,44.6763754045308
605339.SH,20260729,11.83,3900,46137.0,-0.08445945945946276,0.992388888935493,44.49324324324322
605358.SH,20260729,40.08,153188,6139775.0,-0.17434620174345827,3.6158780020338632,43.95392278953925
605365.SH,20260729,12.9,4100,52890.0,0.0,1.1121778682155652,45.0
605366.SH,20260729,7.25,28200,204450.0,0.0,0.9807154220428591,45.0
605368.SH,20260729,6.63,3800,25194.0,0.0,0.7408422659657845,45.0
605369.SH,20260729,15.8,400,6320.0,0.12674271229404788,0.3297384193467131,45.76045627376429
605376.SH,20260729,136.5,118200,16134300.0,0.007326544069163887,5.224535964973209,45.04395926441498
605377.SH,20260729,9.02,19400,174988.0,-0.5512679162072875,2.564607854680937,41.69239250275628
605378.SH,20260729,12.94,900,11646.0,-0.4615384615384688,0.38725218736302275,42.230769230769184
605388.SH,20260729,5.09,232800,1184952.0,0.7920792079207928,24.010979115397266,49.75247524752476
605389.SH,20260729,,0,0.0,,0.0,0.0
605398.SH,20260729,19.16,400,7664.0,0.0,0.2873959980107277,45.0
605399.SH,20260729,9.89,20500,202745.0,1.22824974411464,5.230008955337537,52.36949846468784
605488.SH,20260729,23.39,4900,114611.0,-0.04273504273503148,1.2375478168874101,44.74358974358981
605499.SH,20260729,137.0,81910,11221670.0,1.3613495116898466,5.5282839251647555,53.16809707013908
605500.SH,20260729,6.34,11700,74178.0,-0.47095761381475976,2.728493690730769,42.17425431711144
605507.SH,20260729,15.48,6500,100620.0,-0.2577319587628857,0.6685862396446709,43.453608247422686
605555.SH,20260729,11.1,22600,250860.0,0.4524886877828038,3.8601258783263583,47.71493212669682
605566.SH,20260729,22.59,23000,519570.0,-0.48458149779735393,4.7026273582761595,42.092511013215876
605567.SH,20260729,8.05,6800,54740.0,0.37406483790525247,1.740651731934164,47.24438902743152
605577.SH,20260729,9.25,6400,59200.0,0.5434782608695787,1.9547694740689427,48.260869565217476
605580.SH,20260729,16.55,9700,160535.0,0.060459492140285676,1.6276773878628525,45.362756952841714
605588.SH,20260729,40.0,36500,1460000.0,-1.5748031496062964,15.382735578666958,35.55118110236222
605589.SH,20260729,35.9,179800,6454820.0,-0.5540166204986208,4.223853810812601,41.675900277008274
605598.SH,20260729,24.72,12000,296640.0,-0.6430868167202619,3.099052169979543,41.14147909967843
605599.SH,20260729,15.78,28400,448152.0,-0.189753320683117,2.6801558931748155,43.8614800759013
688001.SH,20260729,47.84,12238,585466.0,1.7872340425532096,1.2132789439464364,55.72340425531926
688002.SH,20260729,143.3,57940,8302802.0,0.9012815096465232,4.128730851102667,50.40768905787914
688003.SH,20260729,72.89,18288,1333012.0,2.5175808720112602,2.4475853444807742,60.105485232067565
688004.SH,20260729,21.92,32010,701659.0,0.13704888076748745,10.083640182335857,45.822293284604925
688005.SH,20260729,26.58,18844,500874.0,-0.037608123354648804,0.9903414511756973,44.774351259872105
688006.SH,20260729,20.29,9446,191659.0,-0.9760858955588092,0.7393822262225215,39.143484626647144
688007.SH,20260729,10.26,900,9234.0,-0.09737098344693162,0.11698778720476419,20.473575796175965
688008.SH,20260729,207.0,427006,88390242.0,0.6564551422319376,6.862100878866385,48.938730853391625
688009.SH,20260729,5.16999,61108,315928.0,-0.5771153846153787,1.2729309067723282,41.53730769230773
688010.SH,20260729,25.9,99116,2567104.0,-2.4482109227871973,13.4767222993009,30.310734463276816
688011.SH,20260729,63.7002,1801,114724.0,-0.07811764705881741,1.1911250737185402,44.53129411764709
688012.SH,20260729,390.37,257079,100355929.0,1.9242819843342085,7.403961249528096,56.54569190600525
688013.SH,20260729,22.5102,490,11030.0,-0.4413976116762419,0.4072275618997893,42.35161432994255
688015.SH,20260729,14.78,400,5912.0,0.20338983050847137,0.27266667407675554,46.22033898305083
688016.SH,20260729,91.0,3000,273000.0,0.3639572074556119,1.412745236919084,47.18374324473367
688017.SH,20260729,294.69,39543,11652927.0,0.5664948981332962,3.887609375612468,48.39896938879978
688018.SH,20260729,98.88,9088,898621.0,-0.010112245929827512,1.2671546446106365,44.939326524421034
688019.SH,20260729,248.95,42853,10668254.0,-1.600790513833994,3.9993395233787616,35.39525691699603
688020.SH,20260729,104.04,8760,911390.0,-1.9969856819894383,1.8392057293424817,33.01808590806337
688021.SH,20260729,17.59,8079,142110.0,0.4568817818389359,4.196822995246967,47.74129069103361
688022.SH,20260729,7.4,700,5180.0,-0.13495276653171517,0.36983896154931395,44.19028340080971
688023.SH,20260729,35.5001,6455,229153.0,-0.8654007260541663,2.1497550113473025,39.807595643675
688025.SH,20260729,291.0,16435,4782585.0,-0.35952747817155073,3.1229990265858505,42.8428351309707
688026.SH,20260729,12.26,7309,89608.0,1.2386457473162693,2.6956178251188154,52.431874483897616
688027.SH,20260729,369.09,6760,2495048.0,-1.0456044397973208,2.4897246425602777,38.726373361216076
688028.SH,20260729,76.81,11233,862807.0,2.0053120849933714,1.0920183589173664,57.03187250996023
688029.SH,20260729,70.37,400,28148.0,0.01421262080727459,0.18727940627664388,33.79556885463955
688030.SH,20260729,14.2,4874,69211.0,0.0,1.600452421313556,45.0
688031.SH,20260729,84.32,8706,734090.0,-0.5191127890514569,2.2933166525310713,41.885323265691255
688032.SH,20260729,,0,0.0,,0.0,0.0
688033.SH,20260729,,0,0.0,,0.0,0.0
688035.SH,20260729,57.47,6693,384647.0,-0.6912044237083137,1.0227013091957742,40.85277345775012
688036.SH,20260729,65.0,34495,2242175.0,-0.9146341463414531,1.720241782210305,39.51219512195128
688037.SH,20260729,327.55,32838,10756087.0,-1.470942124894714,3.952471935860048,36.17434725063171
688038.SH,20260729,17.2501,4319,74503.0,0.8188194038573959,2.2980262754072047,49.912916423144374
688039.SH,20260729,31.55,19626,619200.0,0.0,11.279987058619499,45.0
688041.SH,20260729,303.94,191683,58260131.0,1.8975459299986674,6.722177859698027,56.385275579992005
688045.SH,20260729,48.37,4394,212538.0,0.0,2.2533593648583827,45.0
688046.SH,20260729,25.72,33311,856759.0,0.11677695601399751,3.3319039839010625,45.70066173608399
688047.SH,20260729,104.99,5730,601593.0,-0.009523809523814819,0.9834232888950847,44.94285714285711
688048.SH,20260729,262.99,103254,27154769.0,-0.33727451872062053,6.93307275168152,42.97635288767628
688049.SH,20260729,41.76,27828,1162097.0,-0.5714285714285783,2.0923127641845385,41.57142857142853
688050.SH,20260729,39.9799,5582,223168.0,-0.00025012506251753663,1.869626383440208,44.99849924962489
688051.SH,20260729,21.12,8600,181632.0,-0.705218617771497,4.888344292177397,40.76868829337102
688052.SH,20260729,192.72,20831,4014550.0,0.8160703075957398,4.722186006242783,49.89642184557444
688053.SH,20260729,29.9412,408,12216.0,0.8121212121212196,0.6625987572368005,49.87272727272732
688055.SH,20260729,3.71,84213,312430.0,-1.3297872340425454,6.69853439249205,37.02127659574473
688056.SH,20260729,36.0,4302,154872.0,-0.19406709176601478,2.7604010003263175,43.83559744940391
688057.SH,20260729,16.24,13745,223219.0,0.061614294516321166,2.0136852364934694,45.36968576709793
688058.SH,20260729,19.83,400,7932.0,0.15151515151514694,0.47317121591878725,45.90909090909088
688059.SH,20260729,76.01,13389,1017698.0,0.0,2.027403876603045,45.0
688060.SH,20260729,29.99,1100,32989.0,-0.6953642384106007,2.0387737198489195,40.82781456953639
688061.SH,20260729,35.7999,2918,104464.0,-1.1325600662800306,1.3190734902758547,38.204639602319816
688062.SH,20260729,29.81,26824,799623.0,1.222410865874357,3.058862488890233,52.33446519524614
688063.SH,20260729,42.89,17494,750318.0,-0.20939972080036284,2.488276578608462,43.74360167519782
688065.SH,20260729,44.4,21960,975024.0,0.7945516458569779,3.6125771277810252,49.76730987514187
688066.SH,20260729,7.70001,31908,245692.0,0.3912646675358511,4.705272762072022,47.34758800521511
688067.SH,20260729,18.65,5349,99759.0,-0.7450771687067648,5.046702703534002,40.529536987759414
688068.SH,20260729,112.27,4181,469401.0,0.6815532239260902,1.2404672317959773,49.08931934355654
688069.SH,20260729,32.81,4200,137802.0,-1.8546215973676228,1.531893935693449,33.87227041579426
688070.SH,20260729,31.67,400,12668.0,0.7956715467854814,0.350426122646432,49.77402928071289
688071.SH,20260729,34.85,14500,505325.0,0.0,4.358169172393657,45.0
688072.SH,20260729,707.0,53870,38086090.0,-0.42253521126760507,5.858567952748116,42.46478873239437
688073.SH,20260729,47.5,10800,513000.0,1.734846862283157,4.925873477873888,55.409081173698944
688075.SH,20260729,27.38,1100,30118.0,-0.4001455074572502,1.7626915488778483,42.5991269552565
688076.SH,20260729,26.6801,5842,155865.0,0.037870266216710746,4.919857132386627,45.227221597300264
688077.SH,20260729,23.08,3187,73556.0,1.1836913634370783,1.6900471145781684,52.10214818062247
688078.SH,20260729,20.74,700,14518.0,0.0,0.8215749032917833,45.0
688079.SH,20260729,13.81,48762,673403.0,-0.5759539236861011,2.848063834646769,41.54427645788339
688080.SH,20260729,32.4,1600,51840.0,-0.643974241030365,1.7397070687680969,41.13615455381781
688081.SH,20260729,27.3499,4335,118562.0,-0.00036563071298401084,2.3365241577170557,44.99780621572209
688082.SH,20260729,287.0,11261,3231907.0,-0.0034841991568224095,1.3991746693495475,44.97909480505906
688083.SH,20260729,44.49,21770,968547.0,1.8077803203661258,5.073210575975787,55.84668192219675
688084.SH,20260729,,0,0.0,,0.0,0.0
688085.SH,20260729,12.38,9432,116768.0,-0.7217321571772239,2.8295846490186283,40.669607056936655
688087.SH,20260729,36.39,700,25473.0,-0.3013698630137007,0.27428085746055725,43.191780821917796
688088.SH,20260729,30.5499,4246,129715.0,0.2951411687458938,0.6171774870800365,46.770847012475365
688089.SH,20260729,7.2,4209484,30308285.0,-9.433962264150942,210.5407717491563,15.0
688090.SH,20260729,57.25,13607,779001.0,1.9953678959558019,1.335549822002383,56.97220737573481
688091.SH,20260729,36.61,700,25627.0,0.027322404371576958,0.289312691848736,45.16393442622946
688092.SH,20260729,19.9799,4231,84535.0,0.3510798593671538,5.403430121858584,47.10647915620292
688093.SH,20260729,25.1601,1068,26871.0,0.11977715877438122,0.37333102442638855,45.718662952646284
688095.SH,20260729,51.82,15114,783207.0,1.0333398323259857,5.639955014127594,51.200038993955914
688096.SH,20260729,7.95001,39866,316935.0,1.7927016645326477,4.519490406654887,55.75620998719589
688097.SH,20260729,40.95,11281,461957.0,-1.0391493475108704,1.542453546599233,38.76510391493478
688098.SH,20260729,,0,0.0,,0.0,0.0
688099.SH,20260729,95.3,37516,3575275.0,0.02099076406381073,1.8605380265749272,45.125944584382864
688100.SH,20260729,27.95,14473,404520.0,0.17921146953405742,2.389121015907269,46.075268817204346
688101.SH,20260729,14.41,15671,225819.0,-0.8940852819807388,2.683572591292794,39.63548830811557
688102.SH,20260729,27.47,29325,805558.0,1.0669610007358221,2.2297513222393675,51.40176600441493
688103.SH,20260729,65.0,16259,1056835.0,1.0101010101010166,2.4917740287330274,51.0606060606061
688105.SH,20260729,18.28,61370,1121844.0,1.838440111420625,8.180706632340744,56.03064066852375
688106.SH,20260729,28.08,119640,3359491.0,-0.0711743772242146,3.705992946415859,44.57295373665471
688107.SH,20260729,29.36,32770,962127.0,1.3112491373360902,2.822004711726889,52.86749482401654
688108.SH,20260729,15.98,29795,476124.0,1.203293223559232,3.2599464023631795,52.21975934135539
688109.SH,20260729,64.1,900,57690.0,-2.8198908429351133,0.8051669133760987,28.08065494238932
688110.SH,20260729,107.0,276223,29555861.0,0.9433962264151052,11.380801921050818,50.660377358490635
688111.SH,20260729,243.9,103766,25308527.0,1.102636378709998,8.483412108382486,51.615818272259986
688112.SH,20260729,,0,0.0,,0.0,0.0
688113.SH,20260729,32.6,1400,45640.0,0.8975549365521474,1.8910163836018714,50.385329619312884
688114.SH,20260729,47.65,12937,616448.0,0.0,3.1609522307062763,45.0
688115.SH,20260729,47.1102,2596,122298.0,0.0004245383145917714,1.6518948874665011,45.002547229887554
688116.SH,20260729,32.0,7686,245952.0,0.0,0.9337342416544171,45.0
688117.SH,20260729,23.42,2700,63234.0,0.3857693956279551,0.500178029334001,47.314616373767734
688118.SH,20260729,18.48,6200,114576.0,-0.16207455429497752,2.386074799496495,44.02755267423014
688119.SH,20260729,3.81,47180,179756.0,0.0,4.79264650464694,45.0
688120.SH,20260729,258.12,66686,17212990.0,0.0465116279069866,3.5446572168064354,45.27906976744192
688121.SH,20260729,2.36,160876,379667.0,-0.8403361344537785,13.63861140904885,39.95798319327733
688122.SH,20260729,50.0,17472,873600.0,-0.1198561725928915,1.4116153182922855,44.28086296444265
688123.SH,20260729,115.88,46900,5434772.0,-0.6515775034293569,3.606331925479957,41.09053497942386
688125.SH,20260729,102.02,2239,228423.0,-0.43915292280667373,1.3891788886236833,42.36508246315996
688126.SH,20260729,25.19,325810,8207154.0,-0.43478260869564966,3.0292094132908938,42.3913043478261
688127.SH,20260729,60.44,33705,2037130.0,0.8005336891260706,3.9055188852801366,49.803202134756425
688128.SH,20260729,21.49,5508,118367.0,0.32679738562089167,1.9048029479121593,46.96078431372535
688129.SH,20260729,18.62,3000,55860.0,0.10752688172042113,1.8511764183056891,45.64516129032253
688130.SH,20260729,18.0999,7514,136003.0,-0.05577029265597666,3.001496786946496,44.665378244064144
688131.SH,20260729,71.1,12365,879152.0,1.0660980810234477,1.3925064169270893,51.396588486140686
688132.SH,20260729,12.31,2819,34702.0,-0.48504446240904553,2.5409739555661255,42.08973322554573
688133.SH,20260729,19.94,3800,75772.0,-0.29999999999998916,0.9974109333045216,43.20000000000007
688135.SH,20260729,21.76,15645,340435.0,0.13805798435342354,1.1952951209407388,45.82834790612054
688136.SH,20260729,17.7902,1840,32734.0,0.45285149632974253,0.47024719668585335,47.717108977978455
688137.SH,20260729,,0,0.0,,0.0,0.0
688138.SH,20260729,29.83,47357,1412659.0,-0.26746907388833785,4.919559729703527,43.39518555666997
688139.SH,20260729,27.0601,4062,109918.0,0.14840858623241804,1.0283995283235337,45.89045151739451
688141.SH,20260729,116.0,43237,5015492.0,0.7994438651373059,2.158440856171894,49.796663190823836
688143.SH,20260729,90.71,68304,6195856.0,-0.2529140092368598,8.470893243435416,43.48251594457884
688146.SH,20260729,274.26,144126,39527997.0,-0.5583756345177715,4.910548904282802,41.649746192893375
688147.SH,20260729,106.21,38472,4086111.0,-1.19080844729742,2.3127434864741563,37.85514931621548
688148.SH,20260729,6.41001,50753,325327.0,0.47037617554859246,2.957807186469456,47.82225705329155
688150.SH,20260729,37.28,22269,830188.0,0.0,1.4634719567510888,45.0
688151.SH,20260729,15.88,55360,879117.0,-1.3664596273291973,9.086630232578402,36.80124223602482
688152.SH,20260729,25.7499,4583,118012.0,-0.03920807453416941,3.5936978795501564,44.76475155279498
688153.SH,20260729,24.06,12784,307583.0,0.6694560669456173,1.681531540039733,49.016736401673704
688155.SH,20260729,57.0,7038,401166.0,0.0,2.3504174239891173,45.0
688156.SH,20260729,18.95,9558,181124.0,0.5838641188959715,2.3786077325684483,48.50318471337583
688157.SH,20260729,18.04,11194,201940.0,-1.1506849315068512,2.863577936122076,38.095890410958894
688158.SH,20260729,28.59,36587,1046022.0,0.10504201680672232,1.7640066224947226,45.63025210084034
688159.SH,20260729,30.24,3346,101183.0,0.46511627906975495,1.0726246261587857,47.79069767441853
688160.SH,20260729,104.98,9549,1002454.0,-0.3038936372269596,5.057452751852511,43.17663817663824
688161.SH,20260729,20.63,400,8252.0,0.24295432458698585,0.4440882792822324,46.457725947521915
688162.SH,20260729,20.6699,8738,180614.0,-0.3379942140790737,6.038530931949594,42.97203471552556
688163.SH,20260729,29.4001,2969,87289.0,0.0003401360544108556,1.8947452505470601,45.00204081632646
688165.SH,20260729,15.58,22371,348540.0,0.5161290322580614,2.674252908503238,48.09677419354837
688166.SH,20260729,34.4,47053,1618623.0,-0.4629629629629761,2.891014965865941,42.22222222222214
688167.SH,20260729,195.32,32843,6414895.0,1.9788022764057889,3.6489276908388466,56.87281365843474
688168.SH,20260729,35.59,13937,496018.0,-0.44755244755243506,3.204608970133489,42.31468531468539
688169.SH,20260729,104.02,36413,3787680.0,-0.9993337774816813,3.2046882288798946,39.003997335109915
688170.SH,20260729,45.91,22051,1012361.0,0.3277972027972087,4.838483349460639,46.966783216783256
688171.SH,20260729,26.45,33289,880494.0,-0.8248968878890262,10.196231488850087,40.05061867266584
688172.SH,20260729,56.0,52305,2929080.0,0.7194244604316502,2.2790310894789982,49.3165467625899
688173.SH,20260729,12.26,21147,259262.0,-0.08149959250203231,1.8758299982667914,44.51100244498781
688175.SH,20260729,16.53,13699,226444.0,-1.017964071856281,3.6589475773562326,38.89221556886231
688176.SH,20260729,11.99,36805,441292.0,0.2508361204013321,2.777222595902734,46.505016722407994
688177.SH,20260729,16.9,11116,187860.0,-0.5297233666862855,4.494466645499816,41.82165979988228
688178.SH,20260729,24.19,4100,99179.0,0.08274720728174145,2.576998010770287,45.49648324369045
688179.SH,20260729,17.13,22085,378316.0,0.11689070718876593,1.8037634602777712,45.701344243132596
688180.SH,20260729,36.0,42468,1528848.0,0.7838745800671898,3.69954597677908,49.703247480403135
688181.SH,20260729,36.12,69299,2503080.0,-0.11061946902655162,9.988811771004658,44.33628318584069
688182.SH,20260729,23.66,29291,693025.0,-0.42087542087542174,4.661566975287591,42.47474747474747
688183.SH,20260729,90.25,73613,6643573.0,0.9846704710753107,3.7791209096718887,50.90802282645186
688184.SH,20260729,10.3,5000,51500.0,0.8814887365328206,9.46563460003742,50.288932419196925
688185.SH,20260729,48.7304,612,29823.0,-0.5502040816326437,0.429401531640117,41.698775510204136
688186.SH,20260729,13.5501,3323,45027.0,-0.586206896551722,0.9234945656220138,41.482758620689665
688187.SH,20260729,45.46,21271,966980.0,0.4640883977900634,2.5637296453154352,47.78453038674038
688188.SH,20260729,99.0297,1179,116756.0,-0.0003029385034825083,0.3293375937433146,44.9981823689791
688189.SH,20260729,6.5,59054,383851.0,-0.9146341463414531,10.92422331279816,39.51219512195128
688190.SH,20260729,66.2001,2079,137630.0,-0.8535270330986777,1.3665906467728086,39.87883780140793
688191.SH,20260729,19.0,20416,387904.0,0.21097046413500742,2.4749401337359895,46.26582278481004
688192.SH,20260729,53.05,13315,706361.0,-1.0261194029850818,1.418388225508461,38.84328358208951
688193.SH,20260729,43.0,244,10492.0,0.0,0.9707518895289531,45.0
688195.SH,20260729,116.09,29579,3433826.0,0.3717793532768576,4.305270273412859,47.23067611966115
688196.SH,20260729,32.1198,1862,59807.0,0.15528531337698492,1.1087936493063686,45.93171188026191
688197.SH,20260729,35.0399,2505,87775.0,-0.6805555555555509,0.9331025780314007,40.91666666666669
688198.SH,20260729,78.15,1400,109410.0,-1.1385199240986577,1.7351358637072902,38.16888045540806
688199.SH,20260729,20.72,77762,1611229.0,0.0,10.335063236465839,45.0
688200.SH,20260729,359.25,8436,3030633.0,0.9412756392245036,1.1947165615532007,50.64765383534702
688201.SH,20260729,,0,0.0,,0.0,0.0
688202.SH,20260729,79.48,11953,950024.0,1.377551020408152,1.7969951410157354,53.26530612244891
688203.SH,20260729,8.97992,946,8495.0,0.2223214285714148,0.315795229822906,46.33392857142849
688205.SH,20260729,122.83,18943,2326769.0,0.6803278688524594,2.4321216411846023,49.08196721311476
688206.SH,20260729,32.39,44792,1450813.0,-0.030864197530855453,6.080054456147565,44.814814814814866
688207.SH,20260729,15.49,70724,1095515.0,-0.25756600128782337,6.030148867337501,43.45460399227306
688208.SH,20260729,26.2,17610,461382.0,0.26789131266742316,1.0534156523402949,46.60734787600454
688209.SH,20260729,21.62,13043,281990.0,0.0,1.0904484595836814,45.0
688210.SH,20260729,26.7,8211,219234.0,-1.147723065531292,1.6953275913533141,38.11366160681225
688211.SH,20260729,27.6,1600,44160.0,-1.110713006091002,3.545515352619406,38.33572196345399
688212.SH,20260729,,0,0.0,,0.0,0.0
688213.SH,20260729,92.62,18298,1694761.0,0.3466955579631614,1.8341011609978168,47.08017334777897
688215.SH,20260729,31.5,9576,301644.0,1.8099547511312153,10.927205108752034,55.85972850678729
688216.SH,20260729,27.1,36737,995573.0,0.0,5.560555561705571,45.0
688217.SH,20260729,19.0,2095,39805.0,-2.0113460546673623,1.838885963569315,32.931923671995825
688218.SH,20260729,,0,0.0,,0.0,0.0
688219.SH,20260729,10.1199,5045,51055.0,0.09792284866467771,0.9018651323447999,45.58753709198807
688220.SH,20260729,105.22,20695,2177528.0,0.5927342256214274,1.5245273187515385,48.556405353728564
688221.SH,20260729,19.48,28337,552005.0,0.10277492291881352,2.2226499621432185,45.616649537512885
688222.SH,20260729,28.32,44785,1268311.0,0.2123142250530785,3.7232473836825464,46.27388535031847
688223.SH,20260729,4.15,83971,348480.0,0.24154589371983004,0.7117662192578315,46.44927536231898
688225.SH,20260729,12.0,15800,189600.0,1.3513513513513598,2.847012238593861,53.108108108108155
688226.SH,20260729,27.0399,4611,124681.0,-1.8515426497277776,0.7887856482956243,33.89074410163333
688227.SH,20260729,70.65,10261,724940.0,1.1018889524899933,2.6644354711816924,51.61133371493996
688228.SH,20260729,61.58,900,55422.0,0.0,0.730861855741885,45.0
688229.SH,20260729,,0,0.0,,0.0,0.0
688230.SH,20260729,49.0,2300,112700.0,0.18401144960131788,1.4512858643868267,46.10406869760791
688231.SH,20260729,24.51,10761,263752.0,0.8227067050596615,2.1926384039396063,49.93624023035797
688232.SH,20260729,17.05,14926,254488.0,-0.9872241579558572,5.166886213851892,39.076655052264854
688233.SH,20260729,102.23,37636,3847528.0,-0.37033427541174335,3.211042687008741,42.77799434752954
688234.SH,20260729,91.34,27335,2496779.0,-0.1966783216783119,2.2126920281094224,43.81993006993013
688235.SH,20260729,266.27,15403,4101357.0,1.1741013754844598,3.5554418259962812,52.044608252906755
688236.SH,20260729,13.8,435,6003.0,0.363636363636366,0.18529674209866664,35.53523175957819
688237.SH,20260729,67.0,31644,2120148.0,-1.773933440844444,9.059166426092085,34.35639935493334
688238.SH,20260729,5.56,56800,315808.0,0.7246376811594235,4.3059565605163,49.347826086956545
688239.SH,20260729,41.1,11591,476390.0,1.0076185795035775,2.6398949689865954,51.04571147702146
688244.SH,20260729,13.83,700,9681.0,1.1704462326261877,0.4646148138745185,52.02267739575713
688246.SH,20260729,16.57,9096,150721.0,0.6071645415907767,3.270900747831632,48.64298724954466
688247.SH,20260729,8.44,2700,22788.0,0.9569377990430672,0.6686685054757137,50.7416267942584
688248.SH,20260729,41.68,3700,154216.0,0.02399808015358662,0.6096860466740414,45.14398848092152
688249.SH,20260729,41.19,49764,2049779.0,0.48792388387410845,1.2420316683776518,47.92754330324465
688251.SH,20260729,18.99,1700,32283.0,-0.1577287066246158,0.8716932501651081,44.053627760252304
688252.SH,20260729,16.56,9688,160433.0,0.6075334143377686,0.9833811509285616,48.64520048602661
688253.SH,20260729,57.1902,1199,68571.0,0.07034120734907834,0.6789590020095784,45.42204724409447
688255.SH,20260729,22.95,6381,146444.0,0.2621231979030192,1.9000013674861664,46.572739187418115
688256.SH,20260729,1153.0,229243,264317179.0,2.2163120567375794,16.528040804421416,58.29787234042548
688257.SH,20260729,54.89,36920,2026539.0,0.03644979041370622,1.925037839754364,45.21869874248224
688258.SH,20260729,95.17,9148,870615.0,0.010508617065996262,3.4403074404289278,45.06305170239598
688259.SH,20260729,27.2201,2267,61708.0,-0.4749542961608899,1.275170582582556,42.15027422303466
688260.SH,20260729,73.03,18827,1374936.0,-0.9896963123644298,1.6412787091197367,39.06182212581342
688261.SH,20260729,66.81,31554,2108123.0,-0.029926679634884046,4.992820326440536,44.820439922190694
688262.SH,20260729,23.88,40685,971558.0,-0.08368200836820217,3.417317554398531,44.497907949790786
688265.SH,20260729,32.6,2040,66504.0,1.5892801495793085,3.06704908546789,54.53568089747585
688266.SH,20260729,132.34,10698,1415773.0,0.5623100303951523,1.9021502590401735,48.37386018237091
688267.SH,20260729,18.8,2990,56212.0,-0.8438818565400852,0.5306456901326532,39.93670886075949
688268.SH,20260729,145.62,57651,8395139.0,-0.49200492004920493,6.141162970193385,42.04797047970477
688269.SH,20260729,27.85,1753,48821.0,0.43274432023079346,1.056341647039172,47.59646592138476
688270.SH,20260729,60.88,27404,1668356.0,0.6613756613756738,4.429063981706687,48.96825396825405
688271.SH,20260729,110.55,7646,845265.0,-0.38745719949541124,0.9997422136082473,42.67525680302753
688272.SH,20260729,25.1001,4275,107303.0,0.8036144578313253,2.1615046858922935,49.82168674698795
688273.SH,20260729,29.73,10683,317606.0,0.6431956668923489,6.607153756422559,48.85917400135409
688275.SH,20260729,77.55,10457,810940.0,0.012896569512488298,1.8366605129834894,45.07737941707493
688276.SH,20260729,14.43,800,11544.0,0.2779708130646208,0.5252583088775479,46.66782487838773
688278.SH,20260729,57.0,6089,347073.0,-1.024483417259947,2.0535102382371377,38.853099496440315
688279.SH,20260729,161.58,2345,378905.0,0.9938121132570865,1.265807565600246,50.96287267954252
688280.SH,20260729,4.82,105257,507339.0,1.9027484143763207,3.5889322527042253,56.41649048625793
688281.SH,20260729,45.59,6771,308690.0,0.13178124313639739,1.5925817440212084,45.79068745881838
688282.SH,20260729,51.69,1100,56859.0,1.6919142238835283,1.5284806847154755,55.15148534330117
688283.SH,20260729,25.03,10582,264867.0,0.0,7.375017761138437,45.0
688285.SH,20260729,6.88004,9145,62918.0,0.0005813953488420509,3.9417778647352093,45.00348837209305
688286.SH,20260729,39.5999,4194,166082.0,0.5328763645595203,0.9345543909198105,48.19725818735712
688288.SH,20260729,16.17,1035,16736.0,0.43478260869564966,0.6479245508585155,47.6086956521739
688289.SH,20260729,14.8701,6295,93607.0,0.06796769851953322,1.3577473047866744,45.4078061911172
688290.SH,20260729,,0,0.0,,0.0,0.0
688291.SH,20260729,36.5004,1301,47487.0,0.13827160493826707,0.6944444139780179,45.8296296296296
688292.SH,20260729,,0,0.0,,0.0,0.0
688293.SH,20260729,53.09,5919,314240.0,-0.24426907177751422,1.7701427403471381,43.534385569334916
688295.SH,20260729,38.05,11046,420300.0,-0.23597273203985747,2.211143415772034,43.58416360776086
688296.SH,20260729,15.29,6082,92994.0,1.2582781456953684,1.5579714867461516,52.54966887417221
688297.SH,20260729,39.2,11861,464951.0,0.6935525301823953,1.4890983502779411,49.16131518109437
688298.SH,20260729,,0,0.0,,0.0,0.0
688299.SH,20260729,,0,0.0,,0.0,0.0
688300.SH,20260729,119.99,43946,5273081.0,1.0357022566520602,4.29487623149744,51.214213539912365
688301.SH,20260729,85.96,7251,623296.0,-0.2437043054427379,1.2591665407424706,43.53777416734357
688302.SH,20260729,33.26,1400,46564.0,0.1505570611261664,1.2683891087858583,45.903342366757
688303.SH,20260729,17.0,8464,143888.0,-0.9900990099010021,0.6327979000299467,39.05940594059399
688305.SH,20260729,53.24,8021,427038.0,0.6427221172022657,4.264103878706126,48.856332703213596
688306.SH,20260729,8.28,83694,692986.0,-0.48076923076924016,5.114959335879158,42.115384615384556
688307.SH,20260729,41.56,82932,3446654.0,0.9718172983479212,11.063753329173455,50.830903790087525
688308.SH,20260729,87.29,30491,2661559.0,0.995024875621886,3.536495544620638,50.970149253731314
688309.SH,20260729,65.9,3100,204290.0,-0.6033182503770607,1.429620117904856,41.38009049773763
688310.SH,20260729,13.29,11400,151506.0,-0.8208955223880654,6.403953504827375,40.074626865671604
688311.SH,20260729,21.6,8627,186343.0,1.028999064546321,1.9131659044088503,51.17399438727793
688312.SH,20260729,41.63,14224,592145.0,0.5555555555555758,2.419916792410907,48.33333333333346
688313.SH,20260729,100.19,69270,6940161.0,-0.009980039920165495,2.538210457513865,44.94011976047901
688314.SH,20260729,,0,0.0,,0.0,0.0
688315.SH,20260729,12.02,2000,24040.0,0.0,0.48514901158154017,45.0
688316.SH,20260729,44.0,3190,140360.0,1.382488479262678,2.213040218080009,53.29493087557607
688317.SH,20260729,15.48,700,10836.0,-0.4501607717041778,0.3581450347913972,42.299035369774934
688318.SH,20260729,65.0,1307,84955.0,0.29316463508717305,0.23667459619658812,44.3604151259089
688319.SH,20260729,23.2,37693,874478.0,-0.21505376344086446,3.056221298887377,43.70967741935481
688320.SH,20260729,26.8799,8288,222781.0,-2.0768670309653903,1.4086459872024095,32.538797814207655
688321.SH,20260729,27.38,20363,557539.0,0.735835172921262,1.9603121550784162,49.41501103752757
688322.SH,20260729,87.91,19262,1693322.0,0.0,1.8872633556667517,45.0
688323.SH,20260729,23.7,68301,1618734.0,0.29623360135420107,4.8272543939214625,46.7774016081252
688325.SH,20260729,107.64,1493,160707.0,-1.2477064220183465,1.0716182207304683,37.51376146788992
688326.SH,20260729,64.86,1400,90804.0,0.23180343069078013,0.8809674816628099,46.39082058414468
688327.SH,20260729,10.09,44038,444343.0,0.698602794411185,2.3099454572399174,49.19161676646711
688328.SH,20260729,69.05,77883,5377821.0,-0.17348561515108107,8.372762721739969,43.959086309093514
688329.SH,20260729,16.4001,2847,46691.0,0.6758747697974243,1.4655158695271224,49.055248618784546
688330.SH,20260729,31.3501,2948,92420.0,-0.1589171974522241,2.787363717910106,44.04649681528666
688331.SH,20260729,119.57,40932,4894239.0,-0.025083612040133207,7.05588465671096,44.8494983277592
688332.SH,20260729,78.79,12456,981408.0,0.9222492634815005,1.9128578382776822,50.533495580889
688333.SH,20260729,84.7,51266,4342230.0,1.4128352490421436,4.391234539530679,53.477011494252864
688334.SH,20260729,17.7801,1733,30813.0,0.16957746478873936,0.8395321702689924,46.01746478873244
688335.SH,20260729,18.99,5000,94950.0,-0.731834814427601,3.022283636242334,40.60899111343439
688336.SH,20260729,42.4001,7779,329830.0,0.5933570581257541,0.9756075542579914,48.560142348754525
688337.SH,20260729,39.99,3400,135966.0,0.4017072558373247,0.793792373862465,47.41024353502395
688338.SH,20260729,26.2,1800,47160.0,0.0,2.3224027906259828,45.0
688339.SH,20260729,16.9001,6594,111439.0,1.198203592814373,2.7262044664847775,52.18922155688624
688343.SH,20260729,62.57,21483,1344191.0,-0.1914180890094097,1.4267809500880353,43.85149146594354
688345.SH,20260729,47.04,17112,804948.0,0.29850746268655914,5.062127829387147,46.79104477611936
688347.SH,20260729,283.92,162956,46266468.0,1.0391459074733156,5.2766083306541836,51.23487544483989
688348.SH,20260729,30.43,1600,48688.0,0.0,0.8506704376088585,45.0
688349.SH,20260729,14.52,13981,203004.0,0.20703933747412417,1.227348201104235,46.24223602484474
688350.SH,20260729,28.0,4427,123956.0,0.0,1.0981057993878633,45.0
688351.SH,20260729,19.5,4000,78000.0,1.1410788381742698,0.8802606790432446,51.84647302904562
688352.SH,20260729,13.62,54401,740942.0,0.7396449704141883,2.330310482762421,49.437869822485126
688353.SH,20260729,90.85,54920,4989482.0,0.9556617401933476,6.33335513046063,50.73397044116008
688355.SH,20260729,15.67,2400,37608.0,1.3583441138421692,1.4224678970766862,53.15006468305302
688356.SH,20260729,70.84,200,14168.0,0.33994334277622773,0.17170770621834344,32.947047175959185
688357.SH,20260729,24.5296,338,8291.0,-0.2456283041887053,0.24749099326514648,43.074608962594134
688358.SH,20260729,26.5,1200,31800.0,0.0,1.3864843413597698,45.0
688359.SH,20260729,97.09,29921,2905030.0,0.020603688060183423,4.877878624736002,45.1236221283611
688360.SH,20260729,13.83,700,9681.0,-0.5751258087706712,0.146371696476538,22.896150513152815
688361.SH,20260729,367.28,74787,27467769.0,-0.4661246612466252,5.438148913237056,42.20325203252025
688362.SH,20260729,68.01,107848,7334742.0,-0.7008322382829446,2.6720978837195566,40.795006570302334
688363.SH,20260729,37.28,11689,435766.0,0.24200053777898578,2.7800403785480423,46.45200322667392
688365.SH,20260729,13.47,14061,189402.0,0.5974607916355401,1.4936137802538174,48.58476474981324
688366.SH,20260729,30.4899,1090,33234.0,0.6931968295904811,1.6668022483624625,49.15918097754289
688367.SH,20260729,24.81,1000,24810.0,-1.0370961308336701,0.7083952286883107,38.77742321499798
688368.SH,20260729,114.88,14141,1624518.0,-0.4160887656033285,3.354621885180588,42.503467406380025
688369.SH,20260729,16.5499,4259,70486.0,-0.7799760191846472,1.5765645114626143,40.32014388489212
688370.SH,20260729,,0,0.0,,0.0,0.0
688371.SH,20260729,25.04,254456,6371578.0,-2.6438569206842955,13.740875086411556,29.13685847589423
688372.SH,20260729,119.68,22982,2750486.0,1.7341040462427904,1.8857132625748414,55.40462427745674
688373.SH,20260729,4.54,42700,193858.0,-1.0893246187363759,3.1280468355379734,38.464052287581744
688375.SH,20260729,72.2,12829,926254.0,0.9225608051439682,2.6828098412147803,50.53536483086381
688376.SH,20260729,64.78,40157,2601370.0,-1.2951394179490983,7.028790315511105,37.22916349230541
688377.SH,20260729,18.85,9207,173552.0,-1.308900523560208,2.485511731680679,37.14659685863875
688378.SH,20260729,36.42,16217,590623.0,-0.5189838841846428,2.296657146992987,41.886096694892146
688379.SH,20260729,46.7,5016,234247.0,-0.40520366815951503,1.2441456620100464,42.56877799104291
688380.SH,20260729,36.17,67508,2441764.0,0.6119610570236356,5.515046063871572,48.671766342141815
688381.SH,20260729,27.83,18138,504781.0,-0.8550053437834104,1.7029684576070343,39.869967937299535
688382.SH,20260729,22.63,37681,852721.0,0.0,2.0755006481660296,45.0
688383.SH,20260729,99.7701,3819,381022.0,-0.9037544696066768,1.2803061589704687,39.57747318235994
688385.SH,20260729,48.4,60951,2950028.0,0.16556291390728006,3.7155145288948686,45.99337748344368
688386.SH,20260729,52.13,9700,505661.0,-0.7047619047618969,3.5253116155343998,40.771428571428615
688387.SH,20260729,12.1,71762,868320.0,1.1705685618728978,1.4102670703983844,52.02341137123739
688388.SH,20260729,23.66,48851,1155815.0,-0.2949852507374673,1.5051487752278407,43.230088495575195
688389.SH,20260729,,0,0.0,,0.0,0.0
688390.SH,20260729,64.4,18883,1216065.0,-0.6172839506172756,2.555772615548101,41.29629629629635
688391.SH,20260729,23.5,8168,191948.0,0.04257130693912092,6.08741968256606,45.25542784163473
688392.SH,20260729,140.45,10692,1501691.0,-0.056927346474067164,1.623719881610573,44.6584359211556
688393.SH,20260729,16.84,600,10104.0,0.0,0.34734703048540855,45.0
688395.SH,20260729,19.3001,3672,70870.0,0.000518134715021823,2.627894317637409,45.00310880829013
688396.SH,20260729,56.0,95186,5330416.0,-0.12484394506866447,4.07456043772181,44.250936329588015
688398.SH,20260729,,0,0.0,,0.0,0.0
688399.SH,20260729,26.99,8068,217755.0,0.44659471529586714,4.857751460387258,47.679568291775205
688400.SH,20260729,42.2,13660,576452.0,1.0294469715106613,1.2008089947845408,51.176681829063966
688401.SH,20260729,64.5,45571,2939330.0,0.2331002331002363,5.578896602275776,46.398601398601414
688403.SH,20260729,22.39,116819,2615577.0,-0.1338090990187335,1.5702643473822406,44.197145405887596
688408.SH,20260729,25.7,4800,123360.0,0.11686793922867089,1.1713857912669714,45.70120763537203
688409.SH,20260729,182.0,94205,17145310.0,0.5691551085815316,7.243313047301803,48.414930651489186
688410.SH,20260729,10.2,27780,283356.0,-0.1956947162426781,1.6690837975420367,43.82583170254393
688411.SH,20260729,199.0,55591,11062609.0,5.029820024278253,13.607268426985527,75.17892014566952
688416.SH,20260729,63.09,53082,3348943.0,-0.015847860538820147,6.151522283744328,44.90491283676708
688418.SH,20260729,34.28,5917,202835.0,-0.08743806470417059,1.992766816946249,44.475371611774975
688419.SH,20260729,37.37,53218,1988757.0,0.05354752342703328,10.80200998640475,45.321285140562196
688420.SH,20260729,19.48,1200,23376.0,0.6198347107438051,2.712288246066364,48.71900826446283
688425.SH,20260729,4.18,25250,105545.0,0.23980815347721673,0.8277300555876669,46.4388489208633
688426.SH,20260729,,0,0.0,,0.0,0.0
688428.SH,20260729,27.24,12845,349898.0,0.0,1.3084574517401282,45.0
688429.SH,20260729,9.13,2500,22825.0,0.44004400440045277,1.2233659957314844,47.64026402640272
688432.SH,20260729,39.02,383565,14966706.0,-2.4256064016003998,6.3362726536262395,30.4463615903976
688433.SH,20260729,74.1,3800,281580.0,0.8163265306122325,1.042405513869824,49.89795918367339
688435.SH,20260729,27.0099,6836,184640.0,-0.6988970588235333,2.9227961845289263,40.8066176470588
688439.SH,20260729,37.49,1400,52486.0,0.0,0.6309011225186155,45.0
688443.SH,20260729,23.13,5878,135958.0,0.7404181184669012,1.868576322219644,49.442508710801405
688448.SH,20260729,48.51,2100,101871.0,-2.0000000000000018,0.6199581049485353,32.999999999999986
688449.SH,20260729,52.5,22254,1168335.0,0.42081101759754436,2.341131179978106,47.52486610558527
688450.SH,20260729,27.72,13013,360720.0,-0.5738880918220945,6.360287880255626,41.55667144906743
688455.SH,20260729,13.57,13877,188311.0,-2.162941600576773,6.633736650120635,32.02235039653936
688456.SH,20260729,72.5,33705,2443613.0,1.2145748987854255,6.27807347359659,52.28744939271255
688458.SH,20260729,32.3001,1733,55976.0,-1.2229357798165252,0.7986128310841983,37.66238532110085
688459.SH,20260729,8.0,2577,20616.0,0.25062656641603454,3.2043545400074143,46.50375939849621
688466.SH,20260729,,0,0.0,,0.0,0.0
688468.SH,20260729,,0,0.0,,0.0,0.0
688469.SH,20260729,7.33,285515,2092825.0,-0.13623978201634523,1.5035449049468836,44.18256130790193
688472.SH,20260729,9.57,63447,607188.0,0.0,0.9042953008095751,45.0
688475.SH,20260729,29.0,18269,529801.0,0.554785020804438,2.323134386291495,48.32871012482663
688478.SH,20260729,42.08,8609,362267.0,0.5736137667303964,1.386706727908367,48.44168260038238
688479.SH,20260729,27.22,2800,76216.0,0.07352941176470562,1.358925309317047,45.44117647058823
688480.SH,20260729,71.5,1500,107250.0,-0.8184214176723548,1.5543222360860842,40.089471493965874
688484.SH,20260729,33.6,13647,458539.0,0.0,1.4481501977389077,45.0
688485.SH,20260729,50.94,41645,2121396.0,3.557633665379134,8.659677074097704,66.3458019922748
688486.SH,20260729,42.06,5200,218712.0,0.0,1.0278148662147482,45.0
688488.SH,20260729,15.38,18200,279916.0,-0.6459948320413411,2.0308967423854978,41.12403100775195
688489.SH,20260729,21.13,11831,249989.0,0.619047619047608,8.097781974988868,48.71428571428565
688496.SH,20260729,1.2,1734918,2081902.0,12.149532710280365,58.484800975309454,100.0
688498.SH,20260729,1226.0,71958,88220508.0,0.0,11.169184233963186,45.0
688499.SH,20260729,33.32,7498,249833.0,-1.6528925619834767,1.6622550314913471,35.08264462809914
688500.SH,20260729,31.3801,1926,60438.0,0.9655727155727156,1.0395126966470858,50.793436293436294
688501.SH,20260729,16.5499,4735,78364.0,0.7911084043848993,2.39612915859003,49.746650426309394
688502.SH,20260729,378.81,75362,28547879.0,-3.364795918367347,21.556102881466046,24.81122448979592
688503.SH,20260729,65.66,28300,1858178.0,0.5513016845329233,1.9783939447575531,48.30781010719754
688505.SH,20260729,,0,0.0,,0.0,0.0
688506.SH,20260729,307.05,2200,675510.0,0.01302889156704623,1.1234621990594302,45.07817334940228
688507.SH,20260729,145.0,59797,8670565.0,-0.41892727147861963,8.716012625721898,42.486436371128285
688508.SH,20260729,69.7,160989,11220933.0,5.5740684641018,16.37573501161807,78.4444107846108
688509.SH,20260729,3.87,34891,135028.0,0.2590673575129543,5.726629403511588,46.554404145077726
688510.SH,20260729,19.9099,3186,63433.0,-0.5996005991013464,0.42235791397843764,41.40239640539192
688511.SH,20260729,19.9398,1810,36091.0,0.4018126888217566,1.2114128374516984,47.41087613293054
688512.SH,20260729,11.03,6900,76107.0,-0.4512635379061436,0.44074532201571787,42.29241877256314
688513.SH,20260729,46.5002,2485,115553.0,-1.4826271186440754,1.1562722111323258,36.10423728813555
688515.SH,20260729,141.32,6689,945289.0,0.10625487001487688,1.423758710524761,45.63752922008926
688516.SH,20260729,37.94,23938,908208.0,1.9892473118279463,2.670080293975544,56.93548387096768
688517.SH,20260729,14.54,12400,180296.0,0.27586206896550447,4.591744842665962,46.655172413793025
688518.SH,20260729,17.68,19388,342780.0,0.05659309564232107,1.540690338402713,45.33955857385393
688519.SH,20260729,216.16,28505,6161641.0,0.9338812103100391,3.39602042406533,50.60328726186023
688520.SH,20260729,34.02,700,23814.0,0.2652519893899363,0.2975502074429984,46.591511936339614
688521.SH,20260729,205.35,40479,8312363.0,-0.029209872937052683,1.871487544699407,44.82474076237769
688522.SH,20260729,18.28,5800,106024.0,0.0,1.0602923996503906,45.0
688523.SH,20260729,39.73,8837,351094.0,-0.17587939698492372,2.2203732076678016,43.94472361809046
688525.SH,20260729,209.92,351731,73835372.0,0.04765989896100553,8.736027216817652,45.285959393766035
688526.SH,20260729,,0,0.0,,0.0,0.0
688528.SH,20260729,7.98013,3473,27715.0,0.252889447236182,1.6097631043225813,46.51733668341709
688529.SH,20260729,13.2399,5456,72237.0,-0.07622641509433814,2.9164068343325726,44.54264150943397
688530.SH,20260729,47.42,32497,1541008.0,0.35978835978836,3.200239822775169,47.15873015873016
688531.SH,20260729,116.67,33890,3953946.0,-2.1306937337471576,6.329803884244831,32.21583759751705
688533.SH,20260729,20.4,200,4080.0,0.09813542688910104,0.30114261479475285,45.588812561334606
688535.SH,20260729,98.41,35777,3520815.0,-0.5959595959595942,3.612559306891217,41.424242424242436
688536.SH,20260729,235.83,3567,841206.0,0.7820512820512882,0.6535130951277742,49.69230769230773
688538.SH,20260729,2.36,202072,476890.0,-0.42194092827004814,2.0151540480242027,42.46835443037971
688539.SH,20260729,,0,0.0,,0.0,0.0
688543.SH,20260729,36.28,13699,497000.0,-0.3022808463863713,2.025427609438367,43.18631492168177
688545.SH,20260729,72.19,54105,3905840.0,0.0,3.702111234274278,45.0
688548.SH,20260729,35.7,74962,2676143.0,-0.390625,1.7896774183331574,42.65625
688549.SH,20260729,22.77,495773,11288751.0,1.0652463382156974,5.587730435891464,51.391478029294184
688550.SH,20260729,39.11,9616,376082.0,-0.48346055979643365,1.6758464909249795,42.099236641221395
688551.SH,20260729,36.77,7996,294013.0,0.7397260273972694,3.1003223865825413,49.43835616438362
688552.SH,20260729,25.0598,2757,69090.0,-0.16015936254980545,0.9253506046159686,44.03904382470117
688553.SH,20260729,10.37,12921,133991.0,0.9737098344693162,1.3556647768644434,50.842259006815894
688556.SH,20260729,7.81999,40481,316561.0,-0.7615482233502502,1.8856603417980884,40.4307106598985
688557.SH,20260729,,0,0.0,,0.0,0.0
688558.SH,20260729,25.8701,6496,168052.0,-0.7667817414652833,3.91327548880083,40.3993095512083
688559.SH,20260729,43.36,118378,5132870.0,1.1901983663944016,9.351647197275696,52.14119019836641
688560.SH,20260729,11.0299,8716,96137.0,0.5460346399270621,2.247361529491556,48.276207839562375
688561.SH,20260729,24.9,18402,458210.0,0.7281553398058138,2.02094151634478,49.368932038834885
688562.SH,20260729,13.44,800,10752.0,0.37341299477220424,0.310208436873189,47.24047796863323
688563.SH,20260729,49.5099,3075,152243.0,-0.04058146577831101,1.169429919141245,44.756511205330135
688565.SH,20260729,10.0,17251,172510.0,0.7049345417925457,4.591212061886696,49.22960725075527
688566.SH,20260729,,0,0.0,,0.0,0.0
688567.SH,20260729,9.5,20796,197562.0,-0.1051524710830698,1.3672411898180428,44.36908517350158
688568.SH,20260729,32.77,14485,474673.0,0.3368034292712929,1.2913065768260084,47.02082057562776
688569.SH,20260729,,0,0.0,,0.0,0.0
688570.SH,20260729,,0,0.0,,0.0,0.0
688571.SH,20260729,7.01,95100,666651.0,0.28612303290413976,9.335510388174603,46.71673819742484
688573.SH,20260729,14.35,6534,93763.0,0.0,1.7146183028111415,45.0
688575.SH,20260729,8.85,13500,119475.0,0.0,1.8484891496355795,45.0
688576.SH,20260729,,0,0.0,,0.0,0.0
688577.SH,20260729,39.8,4471,177946.0,1.3754457463066805,4.784431446200379,53.25267447784008
688578.SH,20260729,117.5,31599,3712883.0,0.9883970777825546,3.8533265770997978,50.93038246669533
688579.SH,20260729,7.38,3000,22140.0,0.0,0.710113989332189,45.0
688580.SH,20260729,49.3,12764,629265.0,0.8179959100204526,5.756282424283638,49.907975460122714
688581.SH,20260729,,0,0.0,,0.0,0.0
688582.SH,20260729,36.0899,6094,219932.0,0.47299554565700674,1.0158952979871008,47.83797327394204
688583.SH,20260729,73.96,200,14792.0,0.05411255411253979,0.17687241337397938,32.16170973199153
688584.SH,20260729,27.4,49011,1342901.0,-0.868306801736618,2.173413274270053,39.790159189580294
688585.SH,20260729,128.0,21607,2765696.0,2.7452239524803357,4.63163823786718,61.47134371488201
688586.SH,20260729,9.98005,5515,55040.0,0.402917505030187,0.7023440963908064,47.41750503018112
688588.SH,20260729,,0,0.0,,0.0,0.0
688589.SH,20260729,16.12,700,11284.0,-0.7999999999999896,0.1789582779011759,27.412490022211724
688590.SH,20260729,11.68,29401,343404.0,1.038062283737018,5.91194462476469,51.228373702422104
688591.SH,20260729,26.4,3690,97416.0,0.8403361344537785,0.6156934441762713,50.04201680672267
688592.SH,20260729,20.81,5200,108212.0,-0.6208213944603802,5.255572948612365,41.275071633237715
688593.SH,20260729,27.9,33223,926922.0,-0.035829451809388235,2.001537988560367,44.78502328914367
688595.SH,20260729,25.99,21381,555692.0,0.0,5.0986343500776234,45.0
688596.SH,20260729,49.45,148457,7341199.0,0.5694529184462116,3.1777120114503408,48.41671751067727
688597.SH,20260729,5.84,10700,62488.0,0.17152658662091813,1.7545491138976643,46.02915951972551
688598.SH,20260729,26.1,20522,535624.0,0.4618937644341736,1.8718932149965868,47.77136258660504
688599.SH,20260729,13.0,23961,311493.0,-0.1536098310291778,0.550032363907612,44.07834101382493
688600.SH,20260729,,0,0.0,,0.0,0.0
688601.SH,20260729,36.0,6751,243036.0,0.4744627407200719,1.4524287280166388,47.84677644432043
688602.SH,20260729,6.13,8400,51492.0,0.3273322422258529,1.0021301200919401,46.963993453355116
688603.SH,20260729,93.29,14068,1312404.0,-0.4906666666666615,2.5800480163480026,42.05600000000003
688605.SH,20260729,68.0,24140,1641520.0,-0.26400704018775256,2.895496023585176,43.41595775887348
688606.SH,20260729,43.4597,1614,70144.0,-0.023694501955373592,3.6813847179288013,44.85783298826776
688607.SH,20260729,36.5001,7639,278824.0,0.662162162162172,3.4751383912693194,48.97297297297303
688608.SH,20260729,121.0,8413,1017973.0,-0.32948929159802853,0.9122564381647251,43.02306425041183
688609.SH,20260729,9.04999,21063,190620.0,-0.00011049723758205232,1.2210814621801598,44.99933701657451
688610.SH,20260729,142.34,6963,991113.0,-0.3988524246028913,3.5275323133079435,42.606885452382656
688611.SH,20260729,,0,0.0,,0.0,0.0
688612.SH,20260729,28.17,14439,406747.0,0.10660980810235365,3.6646956510206627,45.63965884861412
688613.SH,20260729,13.7599,4836,66543.0,0.7313323572474273,1.805463094785632,49.38799414348456
688615.SH,20260729,96.0,8255,792480.0,1.1591148577449806,1.7519443973065552,51.95468914646988
688616.SH,20260729,9.61,6500,62465.0,0.5230125523012497,2.7329277875294666,48.1380753138075
688617.SH,20260729,213.5,3363,718001.0,0.22062620288221257,1.7835143534538835,46.32375721729328
688618.SH,20260729,26.7,2000,53400.0,-0.5586592178770999,0.808094076072675,41.6480446927374
688619.SH,20260729,12.18,22374,272515.0,0.5780346820809301,8.910519860815205,48.46820809248558
688620.SH,20260729,13.98,21715,303576.0,-1.6877637130801704,1.0841454055349355,34.873417721518976
688621.SH,20260729,59.0,11167,658853.0,2.412775559798641,5.78068093733659,59.47665335879185
688622.SH,20260729,111.17,6573,730720.0,1.81335287114206,10.372685779377408,55.88011722685236
688623.SH,20260729,,0,0.0,,0.0,0.0
688625.SH,20260729,53.5,7630,408205.0,0.0,1.5050314295159832,45.0
688626.SH,20260729,45.0,28575,1285875.0,-2.1739130434782594,5.955245453369531,31.956521739130444
688627.SH,20260729,473.0,11498,5438554.0,-0.012683380543698775,1.767728097328998,44.92389971673781
688628.SH,20260729,60.1701,3046,183278.0,-0.06626806178375855,0.8133145518103109,44.60239162929745
688629.SH,20260729,138.72,80814,11210518.0,0.6676342525399059,3.9705288072537828,49.00580551523944
688630.SH,20260729,378.4,20989,7942238.0,0.10582010582009804,2.7173822821818683,45.63492063492059
688631.SH,20260729,,0,0.0,,0.0,0.0
688633.SH,20260729,21.8,18348,399986.0,-0.5474452554744547,4.351242641451203,41.71532846715327
688635.SH,20260729,230.0,6455,1484650.0,0.3840782122904951,5.87631007893274,47.30446927374297
688636.SH,20260729,17.19,88564,1522415.0,-0.578368999421619,7.126152562139751,41.529786003470285
688638.SH,20260729,28.15,6362,179090.0,-0.17730496453900457,9.366796403953542,43.93617021276597
688639.SH,20260729,16.26,3800,61788.0,0.6188118811881305,0.7280104335437158,48.712871287128785
688646.SH,20260729,60.84,5938,361268.0,1.4000000000000012,6.463974286383719,53.400000000000006
688648.SH,20260729,29.0,1277,37033.0,-0.7868628121792676,0.644529607818884,40.278823126924394
688651.SH,20260729,20.85,7500,156375.0,1.7073170731707332,5.154445650453794,55.243902439024396
688652.SH,20260729,142.0,8609,1222478.0,-0.5532600322151304,1.0780724876515466,41.68043980670922
688653.SH,20260729,10.7,21988,235272.0,-0.3724394785847407,1.472344364269831,42.76536312849156
688655.SH,20260729,30.66,15968,489579.0,0.22883295194509046,2.691285879097921,46.37299771167054
688656.SH,20260729,,0,0.0,,0.0,0.0
688657.SH,20260729,,0,0.0,,0.0,0.0
688658.SH,20260729,12.24,20738,253833.0,1.1570247933884392,1.639034954753213,51.94214876033064
688659.SH,20260729,8.30003,6436,53419.0,0.0003614457831258022,1.6413100713986317,45.00216867469875
688660.SH,20260729,8.1,734639,5950576.0,-3.9145907473309594,17.11022564184538,21.512455516014242
688661.SH,20260729,78.8901,6659,525329.0,-2.279078409513191,1.2776701960059451,31.325529542920854
688662.SH,20260729,71.03,60433,4292556.0,0.028165047176442748,6.661094386693341,45.168990283058655
688663.SH,20260729,52.52,22983,1207067.0,-0.9056603773584859,3.0385485576153606,39.566037735849086
688665.SH,20260729,42.37,600,25422.0,2.3429951690821182,1.3595850586190699,59.05797101449271
688667.SH,20260729,84.6,400,33840.0,0.8343265792610133,0.3980761628394067,50.00595947556608
688668.SH,20260729,206.06,20010,4123261.0,1.9998019998019867,3.058837063006769,56.99881199881192
688669.SH,20260729,62.7,14313,897425.0,0.0,2.2832889303593125,45.0
688670.SH,20260729,13.48,1200,16176.0,0.5970149253731405,0.7926138347275696,48.58208955223884
688671.SH,20260729,20.09,22625,454536.0,-1.0344827586206917,12.60001352211177,38.79310344827585
688676.SH,20260729,67.67,20381,1379182.0,0.7743857036485391,2.0549748406081143,49.64631422189123
688677.SH,20260729,65.01,5000,325050.0,-1.797583081570997,1.1448199126605072,34.21450151057402
688678.SH,20260729,15.86,27560,437102.0,0.12626262626262985,2.2719065035383235,45.75757575757578
688679.SH,20260729,36.76,7317,268973.0,-1.4741356204770906,1.6216431533644626,36.15518627713746
688680.SH,20260729,33.3502,2013,67134.0,-0.890936106983653,1.920855731013588,39.65438335809808
688681.SH,20260729,14.3901,7845,112890.0,0.07023643949930491,1.8286166799095187,45.42141863699583
688682.SH,20260729,28.7,1700,48790.0,0.41987403778867005,1.3535715256712513,47.51924422673202
688683.SH,20260729,28.9701,6480,187726.0,0.5906250000000002,3.6495532997773865,48.54375
688685.SH,20260729,36.3799,4735,172259.0,0.054730473047315265,0.45089464091384923,45.32838283828389
688686.SH,20260729,102.26,40964,4188979.0,-4.197114483792386,14.729226462401428,19.817313097245687
688687.SH,20260729,15.75,49160,774270.0,1.744186046511631,23.217760202671343,55.46511627906979
688689.SH,20260729,34.56,38325,1324512.0,-0.2597402597402487,4.987937735585659,43.441558441558506
688690.SH,20260729,34.0,26775,910350.0,1.0101010101010166,2.6504217093595157,51.0606060606061
688691.SH,20260729,63.0,14908,939204.0,1.974749109744245,2.5816054102808406,56.84849465846547
688692.SH,20260729,215.66,3881,836976.0,-0.15278485115052254,1.8383392438842796,44.083290893096866
688693.SH,20260729,57.7202,1462,84387.0,-1.0962988348183655,0.6864241790373082,38.42220699108981
688695.SH,20260729,16.67,1600,26672.0,0.0,1.2424156954665475,45.0
688696.SH,20260729,61.23,600,36738.0,-0.22812449079354646,0.35721258670217854,43.63125305523872
688697.SH,20260729,12.6,109335,1377621.0,-0.7874015748031482,6.979876309012756,40.27559055118111
688698.SH,20260729,45.2001,7813,353148.0,-0.06610656643819546,2.1014902914526172,44.603360601370824
688699.SH,20260729,46.3001,8415,389615.0,-1.4262295081967191,2.152107023608672,36.44262295081968
688700.SH,20260729,55.03,33741,1856767.0,-0.2356780275561965,2.6031231626147635,43.58593183466282
688701.SH,20260729,6.47,17600,113872.0,-1.9696969696969657,5.813550997736293,33.1818181818182
688702.SH,20260729,363.0,58910,21384330.0,0.5540166204986097,4.586334413570641,48.32409972299166
688707.SH,20260729,10.06,16296,163938.0,-0.5928853754940566,2.3724100940175568,41.44268774703566
688708.SH,20260729,,0,0.0,,0.0,0.0
688709.SH,20260729,25.03,42185,1055891.0,-0.6746031746031722,4.748321695236616,40.95238095238096
688710.SH,20260729,80.0,19600,1568000.0,3.265780302052401,6.436172022328001,64.5946818123144
688711.SH,20260729,22.28,28258,629588.0,0.27002700270029045,3.9309160798042373,46.620162016201746
688712.SH,20260729,33.17,7951,263735.0,-1.4850014850014803,5.450955445107349,36.089991089991116
688716.SH,20260729,25.1001,3475,87223.0,0.20000000000000018,1.6440019458945563,46.2
688717.SH,20260729,56.0,3926,219856.0,-0.0892060660124816,0.6929680860484712,44.46476360392511
688718.SH,20260729,11.8,4100,48380.0,-1.0067114093959662,1.9263822549216119,38.9597315436242
688719.SH,20260729,45.0,1300,58500.0,0.04446420631392112,0.3795622383482033,45.266785237883525
688720.SH,20260729,60.85,42487,2585334.0,0.0,4.51979320049351,45.0
688721.SH,20260729,37.11,77154,2863185.0,-3.3845352772715387,12.654365102621021,24.692788336370768
688722.SH,20260729,13.49,400,5396.0,-0.1480384900073961,0.14046996784107213,24.39636327134861
688726.SH,20260729,38.47,25724,989602.0,-0.7993811242908766,2.476032505407134,40.20371325425474
688727.SH,20260729,41.26,101377,4182815.0,-1.5509424958243812,16.320118483291942,35.694345025053714
688728.SH,20260729,15.41,225585,3476265.0,-0.19430051813471572,4.238660753198834,43.83419689119171
688729.SH,20260729,25.89,144353,3737299.0,0.0,2.558144967508244,45.0
688733.SH,20260729,25.15,14593,367014.0,0.39920159680637557,2.5556070881842583,47.395209580838255
688737.SH,20260729,16.83,3700,62271.0,-1.1163337250293837,2.278867994253993,38.3019976498237
688739.SH,20260729,19.5001,3525,68738.0,0.41246138002057897,1.9671681698693702,47.47476828012347
688750.SH,20260729,14.0499,4305,60485.0,0.6439828080229137,1.4863506759915994,48.863896848137486
688755.SH,20260729,22.9706,306,7029.0,0.8809837505489693,0.4421255792637631,50.28590250329381
688757.SH,20260729,29.9,37298,1115210.0,1.5280135823429575,4.005363763232213,54.168081494057745
688758.SH,20260729,23.45,43943,1030463.0,0.7302405498281761,3.808617804486475,49.38144329896906
688759.SH,20260729,22.0,142095,3126090.0,-5.1724137931034475,13.758539417901407,15.0
688765.SH,20260729,36.0,110106,3963816.0,-2.4125779343995624,10.081369687741377,30.524532393602627
688766.SH,20260729,308.0,117555,36206940.0,-0.641956192135229,5.562815234112874,41.148262847188626
688767.SH,20260729,36.62,4592,168159.0,-0.7856949336223273,1.732600603223901,40.285830398266036
688768.SH,20260729,40.2511,450,18113.0,-0.5163124073158665,0.5295641394473096,41.9021255561048
688772.SH,20260729,14.49,24102,349238.0,-0.20661157024792765,0.7095250562333927,43.76033057851244
688775.SH,20260729,126.38,3269,413136.0,-0.7227022780832648,0.6902235976216958,40.66378633150041
688776.SH,20260729,46.4299,1547,71827.0,0.7593315972222348,0.837955522454366,49.55598958333341
688777.SH,20260729,78.99,49101,3878488.0,-0.3783579265985715,2.7745778465672046,42.72985244040857
688778.SH,20260729,44.36,15214,674893.0,-0.38176510217831083,1.740401222163726,42.70940938693013
688779.SH,20260729,7.25,50707,367626.0,0.0,1.3601151351487561,45.0
688781.SH,20260729,34.03,9962,339007.0,-0.7871720116617964,4.692473083928048,40.27696793002922
688783.SH,20260729,27.39,606341,16607680.0,-3.6581076327822704,10.068598676039489,23.051354203306378
688785.SH,20260729,258.0,8931,2304198.0,-1.6805761975534517,10.138714160090647,34.91654281467929
688786.SH,20260729,25.52,7865,200715.0,0.03920031360249432,1.5860822963630035,45.23520188161497
688787.SH,20260729,94.0,8827,829738.0,-0.22290627321939205,3.6381802714470317,43.66256236068365
688788.SH,20260729,27.39,800,21912.0,-0.40000000000000036,0.2385399526007441,40.53719146813394
688789.SH,20260729,44.2098,1764,77986.0,0.13544733861834413,0.8456009040445847,45.81268403171006
688790.SH,20260729,87.0,502,43674.0,-0.46905388399496317,1.7168315295084398,42.18567669603022
688793.SH,20260729,16.33,8700,142071.0,-0.0611995104039309,3.953462395565965,44.632802937576415
688795.SH,20260729,560.07,7912,4431274.0,-0.5734067104562257,5.621655042183053,41.559559737262646
688796.SH,20260729,137.61,16306,2243869.0,-0.9999999999999898,3.2840536557940094,39.000000000000064
688797.SH,20260729,320.94,26294,8438796.0,-0.4374127501163394,5.36653985033757,42.37552349930196
688798.SH,20260729,52.61,12947,681142.0,-0.35984848484847953,4.108224826029729,42.84090909090912
688799.SH,20260729,44.96,400,17984.0,0.06677053193857585,0.1962843473459773,35.73180571390737
688800.SH,20260729,53.79,43191,2323244.0,-0.05574136008918984,3.149953732337786,44.66555183946486
688802.SH,20260729,740.04,9437,6983757.0,-1.5969682866830648,5.763204831270601,35.41819027990161
688805.SH,20260729,38.08,1200,45696.0,-0.1311303435615141,1.1529638874987211,44.21321793863092
688806.SH,20260729,26.0,143885,3741010.0,-0.3449597546952843,8.827047382628415,42.930241471828296
688807.SH,20260729,233.0,6734,1569022.0,0.49167601138617734,4.963445385796589,47.95005606831707
688808.SH,20260729,1813.5,7011,12714449.0,-1.972972972972975,4.226187330728711,33.16216216216215
688809.SH,20260729,437.86,20111,8805802.0,-1.915279675634507,7.824031857487239,33.50832194619296
688811.SH,20260729,20.0,9797,195940.0,-0.5964214711729698,1.7419543627337695,41.42147117296218
688813.SH,20260729,103.0,16106,1658918.0,1.939825811559781,4.486845259598263,56.638954869358685
688816.SH,20260729,,0,0.0,,0.0,0.0
688818.SH,20260729,44.73,12263,548524.0,0.08950548221078325,1.6493028880630876,45.5370328932647
688819.SH,20260729,21.68,1700,36856.0,-0.45913682277319845,0.3634886141254934,42.24517906336081
688820.SH,20260729,130.25,80861,10532145.0,1.3618677042801508,4.69629793580629,53.171206225680905
688825.SH,20260729,46.5,8214142,381957603.0,-1.0638297872340385,8.523179887878353,38.61702127659577
688981.SH,20260729,138.31,503666,69662044.0,1.1777615215801118,7.764562412671326,52.06656912948067
689009.SH,20260729,40.08,18634,746851.0,0.4008016032064132,1.0122879008428536,47.40480961923848
900901.SH,20260729,,0,0.0,,,0.0
900902.SH,20260729,,0,0.0,,,0.0
900903.SH,20260729,,0,0.0,,,0.0
900904.SH,20260729,,0,0.0,,,0.0
900905.SH,20260729,3.02,26200,79124.0,,,0.0
900906.SH,20260729,,0,0.0,,,0.0
900908.SH,20260729,,0,0.0,,,0.0
900909.SH,20260729,,0,0.0,,,0.0
900910.SH,20260729,0.638001,188100,120008.0,,,0.0
900911.SH,20260729,0.718005,8220,5902.0,,,0.0
900912.SH,20260729,,0,0.0,,,0.0
900913.SH,20260729,0.213006,17300,3685.0,,,0.0
900914.SH,20260729,,0,0.0,,,0.0
900915.SH,20260729,,0,0.0,,,0.0
900916.SH,20260729,,0,0.0,,,0.0
900917.SH,20260729,0.247778,1800,446.0,,,0.0
900918.SH,20260729,,0,0.0,,,0.0
900920.SH,20260729,,0,0.0,,,0.0
900921.SH,20260729,0.19,100,19.0,,,0.0
900922.SH,20260729,,0,0.0,,,0.0
900923.SH,20260729,,0,0.0,,,0.0
900924.SH,20260729,0.298182,2200,656.0,,,0.0
900925.SH,20260729,,0,0.0,,,0.0
900926.SH,20260729,,0,0.0,,,0.0
900927.SH,20260729,,0,0.0,,,0.0
900928.SH,20260729,,0,0.0,,,0.0
900929.SH,20260729,,0,0.0,,,0.0
900932.SH,20260729,0.373966,5800,2169.0,,,0.0
900934.SH,20260729,,0,0.0,,,0.0
900936.SH,20260729,,0,0.0,,,0.0
900937.SH,20260729,0.202895,3800,771.0,,,0.0
900938.SH,20260729,0.212,3000,636.0,,,0.0
900939.SH,20260729,0.4825,400,193.0,,,0.0
900940.SH,20260729,,0,0.0,,,0.0
900941.SH,20260729,0.464,15000,6960.0,,,0.0
900942.SH,20260729,,0,0.0,,,0.0
900943.SH,20260729,0.388065,3100,1203.0,,,0.0
900945.SH,20260729,0.2,100,20.0,,,0.0
900946.SH,20260729,0.183182,2200,403.0,,,0.0
900947.SH,20260729,,0,0.0,,,0.0
900948.SH,20260729,2.84502,20900,59461.0,,,0.0
501001.SH,20260729,,0,0.0,,,0.0
501005.SH,20260729,,0,0.0,,,0.0
501007.SH,20260729,,0,0.0,,,0.0
501008.SH,20260729,,0,0.0,,,0.0
501009.SH,20260729,,0,0.0,,,0.0
501010.SH,20260729,,0,0.0,,,0.0
501011.SH,20260729,,0,0.0,,,0.0
501012.SH,20260729,,0,0.0,,,0.0
501015.SH,20260729,2.64893,2800,7417.0,,,0.0
501016.SH,20260729,,0,0.0,,,0.0
501017.SH,20260729,,0,0.0,,,0.0
501018.SH,20260729,1.938,3937200,7630294.0,,,0.0
501019.SH,20260729,,0,0.0,,,0.0
501021.SH,20260729,1.28,3900,4992.0,,,0.0
501022.SH,20260729,,0,0.0,,,0.0
501025.SH,20260729,1.866,538500,1004841.0,,,0.0
501026.SH,20260729,2.21,100,221.0,,,0.0
501028.SH,20260729,,0,0.0,,,0.0
501029.SH,20260729,,0,0.0,,,0.0
501030.SH,20260729,,0,0.0,,,0.0
501031.SH,20260729,,0,0.0,,,0.0
501032.SH,20260729,,0,0.0,,,0.0
501036.SH,20260729,,0,0.0,,,0.0
501037.SH,20260729,,0,0.0,,,0.0
501038.SH,20260729,,0,0.0,,,0.0
501043.SH,20260729,1.595,200,319.0,,,0.0
501045.SH,20260729,,0,0.0,,,0.0
501046.SH,20260729,8.56503,17300,148175.0,,,0.0
501047.SH,20260729,,0,0.0,,,0.0
501048.SH,20260729,,0,0.0,,,0.0
501050.SH,20260729,,0,0.0,,,0.0
501051.SH,20260729,,0,0.0,,,0.0
501053.SH,20260729,,0,0.0,,,0.0
501057.SH,20260729,,0,0.0,,,0.0
501058.SH,20260729,,0,0.0,,,0.0
501059.SH,20260729,,0,0.0,,,0.0
501060.SH,20260729,,0,0.0,,,0.0
501061.SH,20260729,,0,0.0,,,0.0
501062.SH,20260729,1.92619,2100,4045.0,,,0.0
501064.SH,20260729,,0,0.0,,,0.0
501065.SH,20260729,,0,0.0,,,0.0
501070.SH,20260729,,0,0.0,,,0.0
501071.SH,20260729,,0,0.0,,,0.0
501073.SH,20260729,2.07,100,207.0,,,0.0
501075.SH,20260729,,0,0.0,,,0.0
501076.SH,20260729,1.52,100,152.0,,,0.0
501077.SH,20260729,3.2,100,320.0,,,0.0
501078.SH,20260729,2.73,100,273.0,,,0.0
501079.SH,20260729,4.31,100,431.0,,,0.0
501080.SH,20260729,1.57,100,157.0,,,0.0
501081.SH,20260729,,0,0.0,,,0.0
501082.SH,20260729,3.82667,300,1148.0,,,0.0
501083.SH,20260729,1.98,100,198.0,,,0.0
501085.SH,20260729,2.69,10300,27707.0,,,0.0
501087.SH,20260729,1.33,500,665.0,,,0.0
501088.SH,20260729,,0,0.0,,,0.0
501089.SH,20260729,1.0,200,200.0,,,0.0
501090.SH,20260729,1.08398,25100,27208.0,,,0.0
501091.SH,20260729,,0,0.0,,,0.0
501092.SH,20260729,,0,0.0,,,0.0
501093.SH,20260729,,0,0.0,,,0.0
501095.SH,20260729,0.88,100,88.0,,,0.0
501096.SH,20260729,1.479,38119,56378.0,,,0.0
501097.SH,20260729,1.88,100,188.0,,,0.0
501098.SH,20260729,1.64429,700,1151.0,,,0.0
501099.SH,20260729,3.15,100,315.0,,,0.0
501186.SH,20260729,,0,0.0,,,0.0
501188.SH,20260729,1.08167,600,649.0,,,0.0
501189.SH,20260729,,0,0.0,,,0.0
501200.SH,20260729,1.4,4200,5880.0,,,0.0
501201.SH,20260729,2.2,100,220.0,,,0.0
501202.SH,20260729,,0,0.0,,,0.0
501203.SH,20260729,,0,0.0,,,0.0
501205.SH,20260729,0.793009,21600,17129.0,,,0.0
501206.SH,20260729,,0,0.0,,,0.0
501207.SH,20260729,0.791936,3100,2455.0,,,0.0
501208.SH,20260729,1.27,100,127.0,,,0.0
501209.SH,20260729,,0,0.0,,,0.0
501210.SH,20260729,,0,0.0,,,0.0
501211.SH,20260729,,0,0.0,,,0.0
501212.SH,20260729,,0,0.0,,,0.0
501213.SH,20260729,,0,0.0,,,0.0
501215.SH,20260729,,0,0.0,,,0.0
501216.SH,20260729,,0,0.0,,,0.0
501217.SH,20260729,,0,0.0,,,0.0
501218.SH,20260729,,0,0.0,,,0.0
501219.SH,20260729,1.52,100,152.0,,,0.0
501220.SH,20260729,0.924,500,462.0,,,0.0
501222.SH,20260729,,0,0.0,,,0.0
501227.SH,20260729,1.02905,10500,10805.0,,,0.0
501300.SH,20260729,0.93,30500,28365.0,,,0.0
501301.SH,20260729,1.221,1000,1221.0,,,0.0
501302.SH,20260729,,0,0.0,,,0.0
501303.SH,20260729,,0,0.0,,,0.0
501305.SH,20260729,,0,0.0,,,0.0
501306.SH,20260729,,0,0.0,,,0.0
501307.SH,20260729,,0,0.0,,,0.0
501310.SH,20260729,,0,0.0,,,0.0
501311.SH,20260729,,0,0.0,,,0.0
501312.SH,20260729,2.135,156600,334341.0,,,0.0
502000.SH,20260729,,0,0.0,,,0.0
502003.SH,20260729,,0,0.0,,,0.0
502006.SH,20260729,,0,0.0,,,0.0
502010.SH,20260729,,0,0.0,,,0.0
502013.SH,20260729,,0,0.0,,,0.0
502023.SH,20260729,,0,0.0,,,0.0
502048.SH,20260729,,0,0.0,,,0.0
502053.SH,20260729,,0,0.0,,,0.0
502056.SH,20260729,,0,0.0,,,0.0
506000.SH,20260729,1.19,72300,86037.0,,,0.0
506001.SH,20260729,1.67,100,167.0,,,0.0
506002.SH,20260729,1.995,3600,7182.0,,,0.0
506003.SH,20260729,1.21,100,121.0,,,0.0
506005.SH,20260729,1.43,25700,36751.0,,,0.0
506006.SH,20260729,1.3,100,130.0,,,0.0
506008.SH,20260729,1.19,9500,11305.0,,,0.0
508000.SH,20260729,1.87,2200,4114.0,,,0.0
508001.SH,20260729,4.73,3500,16555.0,,,0.0
508002.SH,20260729,2.66,200,532.0,,,0.0
508003.SH,20260729,,0,0.0,,,0.0
508005.SH,20260729,4.06,29400,119364.0,,,0.0
508006.SH,20260729,3.49002,2706,9444.0,,,0.0
508007.SH,20260729,,0,0.0,,,0.0
508008.SH,20260729,7.51,100,751.0,,,0.0
508009.SH,20260729,5.72103,3900,22312.0,,,0.0
508010.SH,20260729,,0,0.0,,,0.0
508011.SH,20260729,,0,0.0,,,0.0
508012.SH,20260729,1.67375,1600,2678.0,,,0.0
508015.SH,20260729,,0,0.0,,,0.0
508016.SH,20260729,4.105,200,821.0,,,0.0
508017.SH,20260729,,0,0.0,,,0.0
508018.SH,20260729,,0,0.0,,,0.0
508020.SH,20260729,,0,0.0,,,0.0
508021.SH,20260729,3.26333,300,979.0,,,0.0
508022.SH,20260729,2.42,100,242.0,,,0.0
508026.SH,20260729,,0,0.0,,,0.0
508027.SH,20260729,,0,0.0,,,0.0
508028.SH,20260729,,0,0.0,,,0.0
508029.SH,20260729,,0,0.0,,,0.0
508030.SH,20260729,6.1,100000,610000.0,,,0.0
508031.SH,20260729,,0,0.0,,,0.0
508033.SH,20260729,,0,0.0,,,0.0
508036.SH,20260729,,0,0.0,,,0.0
508039.SH,20260729,,0,0.0,,,0.0
508048.SH,20260729,,0,0.0,,,0.0
508050.SH,20260729,,0,0.0,,,0.0
508055.SH,20260729,,0,0.0,,,0.0
508056.SH,20260729,2.3369,2900,6777.0,,,0.0
508058.SH,20260729,,0,0.0,,,0.0
508060.SH,20260729,,0,0.0,,,0.0
508066.SH,20260729,,0,0.0,,,0.0
508068.SH,20260729,,0,0.0,,,0.0
508069.SH,20260729,,0,0.0,,,0.0
508077.SH,20260729,,0,0.0,,,0.0
508078.SH,20260729,1.91111,900,1720.0,,,0.0
508080.SH,20260729,2.51,2600,6526.0,,,0.0
508082.SH,20260729,,0,0.0,,,0.0
508084.SH,20260729,,0,0.0,,,0.0
508085.SH,20260729,3.38,200,676.0,,,0.0
508086.SH,20260729,,0,0.0,,,0.0
508087.SH,20260729,,0,0.0,,,0.0
508088.SH,20260729,,0,0.0,,,0.0
508089.SH,20260729,,0,0.0,,,0.0
508090.SH,20260729,,0,0.0,,,0.0
508091.SH,20260729,,0,0.0,,,0.0
508092.SH,20260729,,0,0.0,,,0.0
508093.SH,20260729,8.145,400,3258.0,,,0.0
508096.SH,20260729,,0,0.0,,,0.0
508097.SH,20260729,1.913,100400,192065.0,,,0.0
508098.SH,20260729,,0,0.0,,,0.0
508099.SH,20260729,1.12648,506,570.0,,,0.0
508600.SH,20260729,3.58667,300,1076.0,,,0.0
508601.SH,20260729,2.96223,503,1490.0,,,0.0
508602.SH,20260729,,0,0.0,,,0.0
508603.SH,20260729,3.92048,503,1972.0,,,0.0
510010.SH,20260729,,0,0.0,,,0.0
510020.SH,20260729,,0,0.0,,,0.0
510030.SH,20260729,1.05701,61500,65006.0,,,0.0
510040.SH,20260729,,0,0.0,,,0.0
510050.SH,20260729,3.033,2433228,7379981.0,,,0.0
510060.SH,20260729,,0,0.0,,,0.0
510090.SH,20260729,,0,0.0,,,0.0
510100.SH,20260729,2.97701,76500,227741.0,,,0.0
510130.SH,20260729,,0,0.0,,,0.0
510140.SH,20260729,0.963,10000,9630.0,,,0.0
510150.SH,20260729,0.490993,57400,28183.0,,,0.0
510160.SH,20260729,,0,0.0,,,0.0
510170.SH,20260729,1.28538,1300,1671.0,,,0.0
510180.SH,20260729,3.91608,5100,19972.0,,,0.0
510190.SH,20260729,,0,0.0,,,0.0
510200.SH,20260729,,0,0.0,,,0.0
510210.SH,20260729,0.966,3782200,3653605.0,,,0.0
510230.SH,20260729,1.33,76200,101346.0,,,0.0
510270.SH,20260729,1.52,200,304.0,,,0.0
510290.SH,20260729,,0,0.0,,,0.0
510300.SH,20260729,4.624,5151000,23818224.0,,,0.0
510310.SH,20260729,4.49,303300,1361817.0,,,0.0
510320.SH,20260729,1.245,2000,2490.0,,,0.0
510330.SH,20260729,4.821,242200,1167646.0,,,0.0
510350.SH,20260729,,0,0.0,,,0.0
510360.SH,20260729,1.767,44000,77748.0,,,0.0
510370.SH,20260729,,0,0.0,,,0.0
510380.SH,20260729,1.36708,2400,3281.0,,,0.0
510390.SH,20260729,,0,0.0,,,0.0
510410.SH,20260729,1.844,115400,212798.0,,,0.0
510500.SH,20260729,7.46,1757200,13108712.0,,,0.0
510510.SH,20260729,2.40299,41100,98763.0,,,0.0
510530.SH,20260729,,0,0.0,,,0.0
510550.SH,20260729,,0,0.0,,,0.0
510560.SH,20260729,,0,0.0,,,0.0
510570.SH,20260729,,0,0.0,,,0.0
510580.SH,20260729,3.899,108000,421092.0,,,0.0
510590.SH,20260729,,0,0.0,,,0.0
510600.SH,20260729,,0,0.0,,,0.0
510630.SH,20260729,0.818001,328100,268386.0,,,0.0
510650.SH,20260729,2.92286,700,2046.0,,,0.0
510660.SH,20260729,,0,0.0,,,0.0
510670.SH,20260729,,0,0.0,,,0.0
510680.SH,20260729,,0,0.0,,,0.0
510710.SH,20260729,4.298,8500,36533.0,,,0.0
510720.SH,20260729,1.005,234500,235673.0,,,0.0
510760.SH,20260729,1.271,737800,937744.0,,,0.0
510770.SH,20260729,,0,0.0,,,0.0
510800.SH,20260729,,0,0.0,,,0.0
510810.SH,20260729,0.8375,400,335.0,,,0.0
510850.SH,20260729,3.596,500,1798.0,,,0.0
510880.SH,20260729,3.23,1300800,4201584.0,,,0.0
510900.SH,20260729,1.053,487900,513759.0,,,0.0
510910.SH,20260729,0.948,78500,74418.0,,,0.0
510950.SH,20260729,,0,0.0,,,0.0
510980.SH,20260729,1.35,386900,522315.0,,,0.0
510990.SH,20260729,,0,0.0,,,0.0
511010.SH,20260729,140.821,4000,563284.0,,,0.0
511020.SH,20260729,117.697,300,35309.0,,,0.0
511030.SH,20260729,108.19,200,21638.0,,,0.0
511060.SH,20260729,,0,0.0,,,0.0
511070.SH,20260729,,0,0.0,,,0.0
511090.SH,20260729,117.71,40300,4743713.0,,,0.0
511100.SH,20260729,109.987,600,65992.0,,,0.0
511110.SH,20260729,,0,0.0,,,0.0
511120.SH,20260729,,0,0.0,,,0.0
511130.SH,20260729,107.277,3000,321831.0,,,0.0
511150.SH,20260729,,0,0.0,,,0.0
511160.SH,20260729,101.94,200,20388.0,,,0.0
511180.SH,20260729,12.691,139900,1775471.0,,,0.0
511190.SH,20260729,,0,0.0,,,0.0
511200.SH,20260729,,0,0.0,,,0.0
511220.SH,20260729,10.388,524200,5445390.0,,,0.0
511260.SH,20260729,135.13,6600,891858.0,,,0.0
511270.SH,20260729,120.578,20500,2471849.0,,,0.0
511360.SH,20260729,113.729,2113100,240320750.0,,,0.0
511380.SH,20260729,13.738,294900,4051336.0,,,0.0
511520.SH,20260729,118.04,5300,625612.0,,,0.0
511580.SH,20260729,109.522,2900,317614.0,,,0.0
511600.SH,20260729,,0,0.0,,,0.0
511620.SH,20260729,100.003,300,30001.0,,,0.0
511650.SH,20260729,,0,0.0,,,0.0
511660.SH,20260729,100.0,2800,280000.0,,,0.0
511670.SH,20260729,,0,0.0,,,0.0
511690.SH,20260729,,0,0.0,,,0.0
511700.SH,20260729,100.005,60307,6031002.0,,,0.0
511770.SH,20260729,,0,0.0,,,0.0
511800.SH,20260729,,0,0.0,,,0.0
511810.SH,20260729,,0,0.0,,,0.0
511820.SH,20260729,,0,0.0,,,0.0
511830.SH,20260729,,0,0.0,,,0.0
511850.SH,20260729,100.005,200,20001.0,,,0.0
511860.SH,20260729,,0,0.0,,,0.0
511880.SH,20260729,100.656,1283600,129202042.0,,,0.0
511900.SH,20260729,,0,0.0,,,0.0
511910.SH,20260729,,0,0.0,,,0.0
511920.SH,20260729,,0,0.0,,,0.0
511930.SH,20260729,,0,0.0,,,0.0
511950.SH,20260729,,0,0.0,,,0.0
511960.SH,20260729,,0,0.0,,,0.0
511970.SH,20260729,,0,0.0,,,0.0
511980.SH,20260729,,0,0.0,,,0.0
511990.SH,20260729,99.999,2919950,291992080.0,,,0.0
512000.SH,20260729,0.52,11743900,6106828.0,,,0.0
512010.SH,20260729,0.368,18473000,6798064.0,,,0.0
512020.SH,20260729,,0,0.0,,,0.0
512030.SH,20260729,,0,0.0,,,0.0
512040.SH,20260729,1.186,59800,70923.0,,,0.0
512050.SH,20260729,1.19,313000,372470.0,,,0.0
512060.SH,20260729,,0,0.0,,,0.0
512070.SH,20260729,0.801,1964416,1573497.0,,,0.0
512080.SH,20260729,,0,0.0,,,0.0
512090.SH,20260729,,0,0.0,,,0.0
512100.SH,20260729,2.849,3633400,10351557.0,,,0.0
512120.SH,20260729,0.453966,11600,5266.0,,,0.0
512130.SH,20260729,,0,0.0,,,0.0
512140.SH,20260729,,0,0.0,,,0.0
512150.SH,20260729,,0,0.0,,,0.0
512160.SH,20260729,,0,0.0,,,0.0
512170.SH,20260729,0.321,26460900,8493949.0,,,0.0
512180.SH,20260729,,0,0.0,,,0.0
512190.SH,20260729,,0,0.0,,,0.0
512200.SH,20260729,1.152,281298,324055.0,,,0.0
512220.SH,20260729,3.61,900,3249.0,,,0.0
512240.SH,20260729,,0,0.0,,,0.0
512250.SH,20260729,,0,0.0,,,0.0
512260.SH,20260729,,0,0.0,,,0.0
512290.SH,20260729,0.998995,85600,85514.0,,,0.0
512330.SH,20260729,1.75409,2200,3859.0,,,0.0
512360.SH,20260729,,0,0.0,,,0.0
512370.SH,20260729,,0,0.0,,,0.0
512380.SH,20260729,1.605,200,321.0,,,0.0
512390.SH,20260729,,0,0.0,,,0.0
512400.SH,20260729,1.736,794000,1378384.0,,,0.0
512410.SH,20260729,1.09599,64400,70582.0,,,0.0
512430.SH,20260729,,0,0.0,,,0.0
512450.SH,20260729,0.865,4000,3460.0,,,0.0
512460.SH,20260729,0.827981,21300,17636.0,,,0.0
512480.SH,20260729,1.035,6780600,7017921.0,,,0.0
512500.SH,20260729,4.196,95500,400718.0,,,0.0
512510.SH,20260729,,0,0.0,,,0.0
512520.SH,20260729,,0,0.0,,,0.0
512530.SH,20260729,1.62594,3200,5203.0,,,0.0
512550.SH,20260729,,0,0.0,,,0.0
512560.SH,20260729,0.673,294000,197862.0,,,0.0
512570.SH,20260729,1.093,184200,201331.0,,,0.0
512580.SH,20260729,1.16604,10100,11777.0,,,0.0
512600.SH,20260729,0.577987,29800,17224.0,,,0.0
512620.SH,20260729,,0,0.0,,,0.0
512630.SH,20260729,1.035,383200,396612.0,,,0.0
512640.SH,20260729,,0,0.0,,,0.0
512650.SH,20260729,,0,0.0,,,0.0
512660.SH,20260729,1.074,793500,852219.0,,,0.0
512670.SH,20260729,0.721,44000,31724.0,,,0.0
512680.SH,20260729,1.10198,9600,10579.0,,,0.0
512690.SH,20260729,0.429,10807200,4636289.0,,,0.0
512700.SH,20260729,1.51,215900,326009.0,,,0.0
512710.SH,20260729,0.595,1530400,910588.0,,,0.0
512720.SH,20260729,1.1675,400,467.0,,,0.0
512730.SH,20260729,1.68501,38700,65210.0,,,0.0
512750.SH,20260729,1.463,286200,418711.0,,,0.0
512760.SH,20260729,1.127,2714100,3058791.0,,,0.0
512770.SH,20260729,2.48196,10700,26557.0,,,0.0
512800.SH,20260729,0.819,8748600,7165103.0,,,0.0
512810.SH,20260729,0.624002,127700,79685.0,,,0.0
512820.SH,20260729,1.435,358700,514735.0,,,0.0
512870.SH,20260729,,0,0.0,,,0.0
512880.SH,20260729,1.087,7255300,7886511.0,,,0.0
512890.SH,20260729,1.175,4475300,5258478.0,,,0.0
512900.SH,20260729,1.075,13800,14835.0,,,0.0
512910.SH,20260729,,0,0.0,,,0.0
512930.SH,20260729,0.633999,361600,229254.0,,,0.0
512940.SH,20260729,0.768008,47200,36250.0,,,0.0
512950.SH,20260729,,0,0.0,,,0.0
512960.SH,20260729,,0,0.0,,,0.0
512970.SH,20260729,,0,0.0,,,0.0
512980.SH,20260729,0.773,855900,661611.0,,,0.0
512990.SH,20260729,,0,0.0,,,0.0
513000.SH,20260729,2.104,345900,727774.0,,,0.0
513010.SH,20260729,0.623,19219000,11973437.0,,,0.0
513020.SH,20260729,0.961001,506600,486843.0,,,0.0
513030.SH,20260729,1.787,419100,748932.0,,,0.0
513040.SH,20260729,0.978,2124200,2077468.0,,,0.0
513050.SH,20260729,1.114,11897900,13254261.0,,,0.0
513060.SH,20260729,0.534,10068000,5376312.0,,,0.0
513070.SH,20260729,1.128,196200,221314.0,,,0.0
513080.SH,20260729,1.744,383300,668475.0,,,0.0
513090.SH,20260729,1.835,14337900,26310047.0,,,0.0
513100.SH,20260729,2.076,1335800,2773121.0,,,0.0
513110.SH,20260729,2.312,91600,211779.0,,,0.0
513120.SH,20260729,1.179,41790100,49270528.0,,,0.0
513130.SH,20260729,0.596,74593600,44457786.0,,,0.0
513140.SH,20260729,1.735,224400,389334.0,,,0.0
513150.SH,20260729,,0,0.0,,,0.0
513160.SH,20260729,0.988,1915700,1892712.0,,,0.0
513170.SH,20260729,1.569,5000,7845.0,,,0.0
513180.SH,20260729,0.605,89071500,53888258.0,,,0.0
513190.SH,20260729,1.816,413700,751279.0,,,0.0
513200.SH,20260729,0.982001,343300,337121.0,,,0.0
513210.SH,20260729,1.51196,11200,16934.0,,,0.0
513220.SH,20260729,0.975,66000,64350.0,,,0.0
513230.SH,20260729,0.891012,33600,29938.0,,,0.0
513240.SH,20260729,0.98,167100,163758.0,,,0.0
513260.SH,20260729,1.16,1635100,1896716.0,,,0.0
513280.SH,20260729,1.02501,93500,95838.0,,,0.0
513290.SH,20260729,1.61,839600,1351756.0,,,0.0
513300.SH,20260729,2.524,806700,2036111.0,,,0.0
513320.SH,20260729,1.09312,1600,1749.0,,,0.0
513330.SH,20260729,0.393,82834300,32553880.0,,,0.0
513350.SH,20260729,1.233,15416900,19009038.0,,,0.0
513360.SH,20260729,0.426001,671600,286102.0,,,0.0
513380.SH,20260729,0.548,7335600,4019909.0,,,0.0
513390.SH,20260729,2.263,542500,1227678.0,,,0.0
513400.SH,20260729,1.305,2583100,3370946.0,,,0.0
513500.SH,20260729,2.495,616800,1538916.0,,,0.0
513520.SH,20260729,2.096,749800,1571581.0,,,0.0
513530.SH,20260729,1.61,860700,1385727.0,,,0.0
513550.SH,20260729,1.136,90200,102467.0,,,0.0
513560.SH,20260729,1.137,169000,192153.0,,,0.0
513580.SH,20260729,0.6,789800,473880.0,,,0.0
513590.SH,20260729,0.79,8100,6399.0,,,0.0
513600.SH,20260729,2.793,317100,885660.0,,,0.0
513620.SH,20260729,0.975,200,195.0,,,0.0
513630.SH,20260729,1.615,615700,994356.0,,,0.0
513650.SH,20260729,1.885,613700,1156825.0,,,0.0
513660.SH,20260729,1.515,201000,304515.0,,,0.0
513690.SH,20260729,1.149,530300,609315.0,,,0.0
513700.SH,20260729,0.588,1360700,800092.0,,,0.0
513720.SH,20260729,0.686667,300,206.0,,,0.0
513730.SH,20260729,1.126,173700,195586.0,,,0.0
513750.SH,20260729,1.546,676600,1046024.0,,,0.0
513770.SH,20260729,0.371,21319500,7909535.0,,,0.0
513780.SH,20260729,1.523,1015500,1546607.0,,,0.0
513800.SH,20260729,1.774,147300,261310.0,,,0.0
513810.SH,20260729,,0,0.0,,,0.0
513820.SH,20260729,1.247,126100,157247.0,,,0.0
513830.SH,20260729,1.2,100,120.0,,,0.0
513850.SH,20260729,1.725,623100,1074848.0,,,0.0
513860.SH,20260729,0.606,894200,541885.0,,,0.0
513870.SH,20260729,1.941,163000,316383.0,,,0.0
513880.SH,20260729,1.964,1421400,2791630.0,,,0.0
513890.SH,20260729,0.924014,29400,27166.0,,,0.0
513900.SH,20260729,0.992857,2100,2085.0,,,0.0
513910.SH,20260729,1.556,6000,9336.0,,,0.0
513920.SH,20260729,1.572,166400,261581.0,,,0.0
513930.SH,20260729,0.955,200,191.0,,,0.0
513950.SH,20260729,1.282,7000,8974.0,,,0.0
513970.SH,20260729,0.835,498200,415997.0,,,0.0
513980.SH,20260729,0.61,6690000,4080900.0,,,0.0
513990.SH,20260729,,0,0.0,,,0.0
515000.SH,20260729,1.233,280300,345610.0,,,0.0
515010.SH,20260729,1.247,55000,68585.0,,,0.0
515020.SH,20260729,1.754,253500,444639.0,,,0.0
515030.SH,20260729,1.57,58800,92316.0,,,0.0
515040.SH,20260729,,0,0.0,,,0.0
515050.SH,20260729,0.947,6992500,6621898.0,,,0.0
515060.SH,20260729,0.555,50800,28194.0,,,0.0
515070.SH,20260729,1.131,633700,716715.0,,,0.0
515080.SH,20260729,1.534,949600,1456686.0,,,0.0
515090.SH,20260729,,0,0.0,,,0.0
515100.SH,20260729,1.426,317500,452755.0,,,0.0
515110.SH,20260729,,0,0.0,,,0.0
515120.SH,20260729,0.639,12190000,7789410.0,,,0.0
515130.SH,20260729,,0,0.0,,,0.0
515150.SH,20260729,,0,0.0,,,0.0
515160.SH,20260729,,0,0.0,,,0.0
515170.SH,20260729,0.47,1239900,582753.0,,,0.0
515180.SH,20260729,1.391,514600,715809.0,,,0.0
515190.SH,20260729,,0,0.0,,,0.0
515200.SH,20260729,,0,0.0,,,0.0
515210.SH,20260729,1.145,272500,312013.0,,,0.0
515220.SH,20260729,1.171,1933598,2264243.0,,,0.0
515230.SH,20260729,0.663001,279200,185110.0,,,0.0
515250.SH,20260729,0.918077,5200,4774.0,,,0.0
515260.SH,20260729,0.827999,438300,362912.0,,,0.0
515290.SH,20260729,1.468,346600,508809.0,,,0.0
515300.SH,20260729,1.30901,22300,29191.0,,,0.0
515310.SH,20260729,1.37429,1400,1924.0,,,0.0
515320.SH,20260729,1.51125,800,1209.0,,,0.0
515330.SH,20260729,1.33105,5700,7587.0,,,0.0
515350.SH,20260729,,0,0.0,,,0.0
515360.SH,20260729,,0,0.0,,,0.0
515370.SH,20260729,0.77,3200,2464.0,,,0.0
515380.SH,20260729,,0,0.0,,,0.0
515390.SH,20260729,,0,0.0,,,0.0
515400.SH,20260729,0.853001,350900,299318.0,,,0.0
515450.SH,20260729,1.43,258200,369226.0,,,0.0
515460.SH,20260729,,0,0.0,,,0.0
515480.SH,20260729,1.07299,38100,40881.0,,,0.0
515530.SH,20260729,,0,0.0,,,0.0
515550.SH,20260729,,0,0.0,,,0.0
515560.SH,20260729,,0,0.0,,,0.0
515580.SH,20260729,,0,0.0,,,0.0
515590.SH,20260729,,0,0.0,,,0.0
515600.SH,20260729,1.63098,6100,9949.0,,,0.0
515630.SH,20260729,1.273,38300,48756.0,,,0.0
515640.SH,20260729,,0,0.0,,,0.0
515650.SH,20260729,1.082,678800,734462.0,,,0.0
515660.SH,20260729,5.72333,600,3434.0,,,0.0
515680.SH,20260729,,0,0.0,,,0.0
515700.SH,20260729,2.10602,20100,42331.0,,,0.0
515710.SH,20260729,0.502003,57400,28815.0,,,0.0
515720.SH,20260729,,0,0.0,,,0.0
515730.SH,20260729,0.816667,600,490.0,,,0.0
515750.SH,20260729,2.01,100,201.0,,,0.0
515760.SH,20260729,,0,0.0,,,0.0
515770.SH,20260729,,0,0.0,,,0.0
515790.SH,20260729,0.811001,448600,363815.0,,,0.0
515800.SH,20260729,1.255,14000,17570.0,,,0.0
515810.SH,20260729,1.675,200,335.0,,,0.0
515840.SH,20260729,0.996,1000,996.0,,,0.0
515850.SH,20260729,1.34899,20800,28059.0,,,0.0
515860.SH,20260729,,0,0.0,,,0.0
515880.SH,20260729,0.599,83040400,49741200.0,,,0.0
515890.SH,20260729,1.429,18000,25722.0,,,0.0
515900.SH,20260729,1.62706,3400,5532.0,,,0.0
515910.SH,20260729,,0,0.0,,,0.0
515920.SH,20260729,,0,0.0,,,0.0
515950.SH,20260729,0.933018,16900,15768.0,,,0.0
515960.SH,20260729,,0,0.0,,,0.0
515970.SH,20260729,,0,0.0,,,0.0
515980.SH,20260729,1.024,836600,856678.0,,,0.0
515990.SH,20260729,,0,0.0,,,0.0
516000.SH,20260729,0.933993,27800,25965.0,,,0.0
516010.SH,20260729,1.014,253700,257252.0,,,0.0
516020.SH,20260729,0.825,62800,51810.0,,,0.0
516050.SH,20260729,1.335,22000,29370.0,,,0.0
516060.SH,20260729,0.58,200,116.0,,,0.0
516070.SH,20260729,0.571981,10600,6063.0,,,0.0
516080.SH,20260729,0.673,1242300,836068.0,,,0.0
516090.SH,20260729,0.477,250000,119250.0,,,0.0
516100.SH,20260729,0.972043,9300,9040.0,,,0.0
516110.SH,20260729,1.116,34500,38502.0,,,0.0
516120.SH,20260729,0.841989,18600,15661.0,,,0.0
516130.SH,20260729,0.691667,600,415.0,,,0.0
516150.SH,20260729,1.60699,38600,62030.0,,,0.0
516160.SH,20260729,2.41201,31400,75737.0,,,0.0
516180.SH,20260729,,0,0.0,,,0.0
516190.SH,20260729,0.940985,26400,24842.0,,,0.0
516200.SH,20260729,,0,0.0,,,0.0
516210.SH,20260729,1.394,17500,24395.0,,,0.0
516220.SH,20260729,0.863333,300,259.0,,,0.0
516230.SH,20260729,0.746,1000,746.0,,,0.0
516250.SH,20260729,0.944167,2400,2266.0,,,0.0
516260.SH,20260729,,0,0.0,,,0.0
516270.SH,20260729,0.572005,38900,22251.0,,,0.0
516290.SH,20260729,0.502727,1100,553.0,,,0.0
516300.SH,20260729,2.96101,21700,64254.0,,,0.0
516310.SH,20260729,1.356,491700,666745.0,,,0.0
516320.SH,20260729,0.915,200,183.0,,,0.0
516330.SH,20260729,,0,0.0,,,0.0
516350.SH,20260729,1.664,290900,484058.0,,,0.0
516360.SH,20260729,,0,0.0,,,0.0
516370.SH,20260729,,0,0.0,,,0.0
516380.SH,20260729,,0,0.0,,,0.0
516390.SH,20260729,0.843,6000,5058.0,,,0.0
516440.SH,20260729,,0,0.0,,,0.0
516460.SH,20260729,,0,0.0,,,0.0
516500.SH,20260729,0.61,100,61.0,,,0.0
516510.SH,20260729,1.632,232900,380093.0,,,0.0
516520.SH,20260729,1.03,2300,2369.0,,,0.0
516530.SH,20260729,,0,0.0,,,0.0
516550.SH,20260729,0.7,100,70.0,,,0.0
516560.SH,20260729,0.74,10000,7400.0,,,0.0
516570.SH,20260729,0.988003,76100,75187.0,,,0.0
516580.SH,20260729,0.571905,2100,1201.0,,,0.0
516590.SH,20260729,,0,0.0,,,0.0
516600.SH,20260729,,0,0.0,,,0.0
516610.SH,20260729,0.415,6000,2490.0,,,0.0
516620.SH,20260729,0.795994,32700,26029.0,,,0.0
516630.SH,20260729,1.603,64000,102592.0,,,0.0
516640.SH,20260729,1.474,188400,277702.0,,,0.0
516650.SH,20260729,1.683,475300,799930.0,,,0.0
516660.SH,20260729,,0,0.0,,,0.0
516670.SH,20260729,0.587001,280400,164595.0,,,0.0
516700.SH,20260729,0.89,200,178.0,,,0.0
516710.SH,20260729,0.730994,18100,13231.0,,,0.0
516720.SH,20260729,,0,0.0,,,0.0
516730.SH,20260729,,0,0.0,,,0.0
516750.SH,20260729,0.568333,600,341.0,,,0.0
516760.SH,20260729,0.560976,12300,6900.0,,,0.0
516770.SH,20260729,1.069,170700,182478.0,,,0.0
516780.SH,20260729,0.785002,223100,175134.0,,,0.0
516790.SH,20260729,0.501765,1700,853.0,,,0.0
516800.SH,20260729,0.935,39600,37026.0,,,0.0
516810.SH,20260729,0.737014,21100,15551.0,,,0.0
516820.SH,20260729,0.339003,125400,42511.0,,,0.0
516830.SH,20260729,,0,0.0,,,0.0
516840.SH,20260729,,0,0.0,,,0.0
516850.SH,20260729,,0,0.0,,,0.0
516860.SH,20260729,1.003,50000,50150.0,,,0.0
516880.SH,20260729,0.687,35000,24045.0,,,0.0
516890.SH,20260729,,0,0.0,,,0.0
516900.SH,20260729,0.499,4000,1996.0,,,0.0
516910.SH,20260729,1.135,23600,26786.0,,,0.0
516920.SH,20260729,1.43,68200,97526.0,,,0.0
516930.SH,20260729,,0,0.0,,,0.0
516950.SH,20260729,1.04,100,104.0,,,0.0
516960.SH,20260729,,0,0.0,,,0.0
516970.SH,20260729,1.08211,1900,2056.0,,,0.0
516980.SH,20260729,,0,0.0,,,0.0
517000.SH,20260729,,0,0.0,,,0.0
517010.SH,20260729,1.12,100,112.0,,,0.0
517030.SH,20260729,1.16198,8100,9412.0,,,0.0
517050.SH,20260729,0.67,100,67.0,,,0.0
517080.SH,20260729,,0,0.0,,,0.0
517090.SH,20260729,1.59,200,318.0,,,0.0
517100.SH,20260729,,0,0.0,,,0.0
517110.SH,20260729,0.730998,182300,133261.0,,,0.0
517120.SH,20260729,0.707002,230800,163176.0,,,0.0
517130.SH,20260729,0.93,15200,14136.0,,,0.0
517160.SH,20260729,,0,0.0,,,0.0
517170.SH,20260729,,0,0.0,,,0.0
517180.SH,20260729,1.51,10600,16006.0,,,0.0
517200.SH,20260729,,0,0.0,,,0.0
517300.SH,20260729,,0,0.0,,,0.0
517330.SH,20260729,0.94,100,94.0,,,0.0
517350.SH,20260729,,0,0.0,,,0.0
517360.SH,20260729,,0,0.0,,,0.0
517380.SH,20260729,0.793,414400,328619.0,,,0.0
517390.SH,20260729,1.9,2300,4370.0,,,0.0
517400.SH,20260729,1.404,225400,316462.0,,,0.0
517520.SH,20260729,1.789,582800,1042629.0,,,0.0
517550.SH,20260729,0.665,800,532.0,,,0.0
517660.SH,20260729,,0,0.0,,,0.0
517770.SH,20260729,0.863019,10600,9148.0,,,0.0
517800.SH,20260729,0.99,200,198.0,,,0.0
517850.SH,20260729,1.31,15000,19650.0,,,0.0
517880.SH,20260729,,0,0.0,,,0.0
517900.SH,20260729,1.534,154300,236696.0,,,0.0
517950.SH,20260729,1.15,100,115.0,,,0.0
517990.SH,20260729,,0,0.0,,,0.0
518600.SH,20260729,8.702,47500,413345.0,,,0.0
518660.SH,20260729,8.37,18600,155682.0,,,0.0
518680.SH,20260729,8.74101,13800,120626.0,,,0.0
518800.SH,20260729,8.74798,24300,212576.0,,,0.0
518850.SH,20260729,8.431,122500,1032798.0,,,0.0
518860.SH,20260729,8.39,400,3356.0,,,0.0
518880.SH,20260729,8.34,1212800,10114752.0,,,0.0
518890.SH,20260729,8.36667,300,2510.0,,,0.0
520500.SH,20260729,1.401,4486500,6285587.0,,,0.0
520510.SH,20260729,0.839011,28300,23744.0,,,0.0
520520.SH,20260729,,0,0.0,,,0.0
520530.SH,20260729,0.816,561000,457776.0,,,0.0
520550.SH,20260729,1.109,46900,52012.0,,,0.0
520560.SH,20260729,0.825,6000,4950.0,,,0.0
520570.SH,20260729,0.760998,234400,178378.0,,,0.0
520580.SH,20260729,0.947048,10500,9944.0,,,0.0
520590.SH,20260729,0.811964,5600,4547.0,,,0.0
520600.SH,20260729,1.049,337400,353933.0,,,0.0
520610.SH,20260729,,0,0.0,,,0.0
520620.SH,20260729,,0,0.0,,,0.0
520630.SH,20260729,0.704,171500,120736.0,,,0.0
520650.SH,20260729,0.627005,84800,53170.0,,,0.0
520660.SH,20260729,0.975,4400,4290.0,,,0.0
520670.SH,20260729,0.775,200,155.0,,,0.0
520680.SH,20260729,,0,0.0,,,0.0
520690.SH,20260729,0.721999,178600,128949.0,,,0.0
520700.SH,20260729,1.465,429400,629071.0,,,0.0
520710.SH,20260729,0.862995,43400,37454.0,,,0.0
520720.SH,20260729,0.769009,22200,17072.0,,,0.0
520730.SH,20260729,0.79,200,158.0,,,0.0
520750.SH,20260729,,0,0.0,,,0.0
520760.SH,20260729,0.892022,8900,7939.0,,,0.0
520770.SH,20260729,,0,0.0,,,0.0
520780.SH,20260729,0.843,1000,843.0,,,0.0
520790.SH,20260729,0.875098,5100,4463.0,,,0.0
520810.SH,20260729,,0,0.0,,,0.0
520820.SH,20260729,,0,0.0,,,0.0
520830.SH,20260729,0.875998,240400,210590.0,,,0.0
520840.SH,20260729,0.779001,89100,69409.0,,,0.0
520850.SH,20260729,0.796,2500,1990.0,,,0.0
520860.SH,20260729,0.787989,18400,14499.0,,,0.0
520870.SH,20260729,1.106,509200,563175.0,,,0.0
520880.SH,20260729,0.445,5820100,2589945.0,,,0.0
520890.SH,20260729,,0,0.0,,,0.0
520900.SH,20260729,0.988997,58800,58153.0,,,0.0
520910.SH,20260729,0.664,26500,17596.0,,,0.0
520920.SH,20260729,0.71,3018700,2143277.0,,,0.0
520930.SH,20260729,0.89,3600,3204.0,,,0.0
520940.SH,20260729,,0,0.0,,,0.0
520950.SH,20260729,0.848018,22700,19250.0,,,0.0
520960.SH,20260729,,0,0.0,,,0.0
520970.SH,20260729,0.815,180200,146863.0,,,0.0
520980.SH,20260729,0.897,1475000,1323075.0,,,0.0
520990.SH,20260729,0.967001,274400,265345.0,,,0.0
526000.SH,20260729,1.139,775100,882839.0,,,0.0
526010.SH,20260729,0.918148,2700,2479.0,,,0.0
526030.SH,20260729,0.83,303700,252071.0,,,0.0
526050.SH,20260729,1.02501,56100,57503.0,,,0.0
526070.SH,20260729,,0,0.0,,,0.0
530000.SH,20260729,,0,0.0,,,0.0
530050.SH,20260729,1.185,4800,5688.0,,,0.0
530060.SH,20260729,0.966998,187900,181699.0,,,0.0
530080.SH,20260729,,0,0.0,,,0.0
530100.SH,20260729,,0,0.0,,,0.0
530180.SH,20260729,,0,0.0,,,0.0
530280.SH,20260729,,0,0.0,,,0.0
530300.SH,20260729,,0,0.0,,,0.0
530380.SH,20260729,1.08611,1800,1955.0,,,0.0
530530.SH,20260729,,0,0.0,,,0.0
530580.SH,20260729,,0,0.0,,,0.0
530680.SH,20260729,,0,0.0,,,0.0
530800.SH,20260729,,0,0.0,,,0.0
530880.SH,20260729,1.062,500,531.0,,,0.0
551000.SH,20260729,,0,0.0,,,0.0
551030.SH,20260729,,0,0.0,,,0.0
551060.SH,20260729,,0,0.0,,,0.0
551300.SH,20260729,102.013,6700,683487.0,,,0.0
551500.SH,20260729,,0,0.0,,,0.0
551510.SH,20260729,,0,0.0,,,0.0
551520.SH,20260729,,0,0.0,,,0.0
551550.SH,20260729,101.59,300,30477.0,,,0.0
551560.SH,20260729,,0,0.0,,,0.0
551580.SH,20260729,,0,0.0,,,0.0
551800.SH,20260729,,0,0.0,,,0.0
551900.SH,20260729,,0,0.0,,,0.0
560010.SH,20260729,2.922,103900,303596.0,,,0.0
560020.SH,20260729,1.092,2000,2184.0,,,0.0
560030.SH,20260729,,0,0.0,,,0.0
560050.SH,20260729,1.103,20000,22060.0,,,0.0
560060.SH,20260729,0.905,200,181.0,,,0.0
560070.SH,20260729,,0,0.0,,,0.0
560080.SH,20260729,0.983998,199100,195914.0,,,0.0
560090.SH,20260729,1.16702,19800,23107.0,,,0.0
560100.SH,20260729,,0,0.0,,,0.0
560110.SH,20260729,1.05401,29700,31304.0,,,0.0
560120.SH,20260729,1.18902,12300,14625.0,,,0.0
560130.SH,20260729,,0,0.0,,,0.0
560150.SH,20260729,1.125,8000,9000.0,,,0.0
560160.SH,20260729,0.901,14000,12614.0,,,0.0
560170.SH,20260729,1.19501,52700,62977.0,,,0.0
560180.SH,20260729,,0,0.0,,,0.0
560190.SH,20260729,,0,0.0,,,0.0
560210.SH,20260729,0.77,100,77.0,,,0.0
560220.SH,20260729,1.29099,16100,20785.0,,,0.0
560230.SH,20260729,,0,0.0,,,0.0
560250.SH,20260729,,0,0.0,,,0.0
560260.SH,20260729,0.81,2500,2025.0,,,0.0
560270.SH,20260729,,0,0.0,,,0.0
560280.SH,20260729,1.51401,28900,43755.0,,,0.0
560290.SH,20260729,,0,0.0,,,0.0
560300.SH,20260729,,0,0.0,,,0.0
560310.SH,20260729,,0,0.0,,,0.0
560320.SH,20260729,,0,0.0,,,0.0
560330.SH,20260729,,0,0.0,,,0.0
560350.SH,20260729,1.273,5000,6365.0,,,0.0
560360.SH,20260729,1.19,1100,1309.0,,,0.0
560370.SH,20260729,,0,0.0,,,0.0
560380.SH,20260729,,0,0.0,,,0.0
560390.SH,20260729,0.825999,661900,546729.0,,,0.0
560400.SH,20260729,,0,0.0,,,0.0
560410.SH,20260729,0.822,11000,9042.0,,,0.0
560420.SH,20260729,,0,0.0,,,0.0
560450.SH,20260729,0.95,100,95.0,,,0.0
560460.SH,20260729,0.911818,1100,1003.0,,,0.0
560470.SH,20260729,0.825,200,165.0,,,0.0
560480.SH,20260729,0.905983,11700,10600.0,,,0.0
560490.SH,20260729,,0,0.0,,,0.0
560500.SH,20260729,,0,0.0,,,0.0
560510.SH,20260729,1.17099,31200,36535.0,,,0.0
560520.SH,20260729,,0,0.0,,,0.0
560530.SH,20260729,1.197,55000,65835.0,,,0.0
560550.SH,20260729,,0,0.0,,,0.0
560560.SH,20260729,,0,0.0,,,0.0
560570.SH,20260729,,0,0.0,,,0.0
560580.SH,20260729,1.10902,24500,27171.0,,,0.0
560590.SH,20260729,,0,0.0,,,0.0
560610.SH,20260729,1.166,89700,104590.0,,,0.0
560620.SH,20260729,,0,0.0,,,0.0
560630.SH,20260729,1.043,83000,86569.0,,,0.0
560660.SH,20260729,1.06599,29900,31873.0,,,0.0
560670.SH,20260729,1.057,127300,134556.0,,,0.0
560680.SH,20260729,0.737005,20700,15256.0,,,0.0
560690.SH,20260729,,0,0.0,,,0.0
560700.SH,20260729,1.15,3100,3565.0,,,0.0
560710.SH,20260729,0.854002,125700,107348.0,,,0.0
560720.SH,20260729,,0,0.0,,,0.0
560730.SH,20260729,1.03604,10100,10464.0,,,0.0
560750.SH,20260729,,0,0.0,,,0.0
560770.SH,20260729,,0,0.0,,,0.0
560780.SH,20260729,1.045,3947800,4125451.0,,,0.0
560790.SH,20260729,,0,0.0,,,0.0
560800.SH,20260729,1.15893,5600,6490.0,,,0.0
560810.SH,20260729,,0,0.0,,,0.0
560820.SH,20260729,,0,0.0,,,0.0
560830.SH,20260729,0.908001,195100,177151.0,,,0.0
560850.SH,20260729,,0,0.0,,,0.0
560860.SH,20260729,1.495,148200,221559.0,,,0.0
560870.SH,20260729,,0,0.0,,,0.0
560880.SH,20260729,,0,0.0,,,0.0
560900.SH,20260729,0.913333,900,822.0,,,0.0
560910.SH,20260729,0.74,100,74.0,,,0.0
560920.SH,20260729,,0,0.0,,,0.0
560930.SH,20260729,0.895004,119100,106595.0,,,0.0
560950.SH,20260729,,0,0.0,,,0.0
560970.SH,20260729,,0,0.0,,,0.0
560980.SH,20260729,0.628,57000,35796.0,,,0.0
560990.SH,20260729,,0,0.0,,,0.0
561000.SH,20260729,,0,0.0,,,0.0
561010.SH,20260729,0.84,100,84.0,,,0.0
561030.SH,20260729,,0,0.0,,,0.0
561050.SH,20260729,0.801,29000,23229.0,,,0.0
561060.SH,20260729,1.145,200,229.0,,,0.0
561080.SH,20260729,1.17,100,117.0,,,0.0
561090.SH,20260729,1.214,319200,387509.0,,,0.0
561100.SH,20260729,1.564,113700,177827.0,,,0.0
561120.SH,20260729,,0,0.0,,,0.0
561130.SH,20260729,1.05389,3600,3794.0,,,0.0
561160.SH,20260729,0.713,438400,312579.0,,,0.0
561170.SH,20260729,1.15302,29500,34014.0,,,0.0
561180.SH,20260729,,0,0.0,,,0.0
561190.SH,20260729,,0,0.0,,,0.0
561200.SH,20260729,,0,0.0,,,0.0
561220.SH,20260729,,0,0.0,,,0.0
561230.SH,20260729,,0,0.0,,,0.0
561250.SH,20260729,,0,0.0,,,0.0
561260.SH,20260729,1.23778,900,1114.0,,,0.0
561280.SH,20260729,,0,0.0,,,0.0
561300.SH,20260729,1.01199,22100,22365.0,,,0.0
561310.SH,20260729,0.693846,1300,902.0,,,0.0
561320.SH,20260729,0.948003,69600,65981.0,,,0.0
561330.SH,20260729,0.872,15000,13080.0,,,0.0
561350.SH,20260729,,0,0.0,,,0.0
561360.SH,20260729,1.375,115300,158538.0,,,0.0
561370.SH,20260729,,0,0.0,,,0.0
561380.SH,20260729,0.7,540900,378630.0,,,0.0
561420.SH,20260729,,0,0.0,,,0.0
561430.SH,20260729,,0,0.0,,,0.0
561460.SH,20260729,0.823988,16800,13843.0,,,0.0
561470.SH,20260729,1.0,100,100.0,,,0.0
561500.SH,20260729,,0,0.0,,,0.0
561510.SH,20260729,0.971091,5500,5341.0,,,0.0
561550.SH,20260729,1.338,128500,171933.0,,,0.0
561560.SH,20260729,1.284,209900,269512.0,,,0.0
561570.SH,20260729,1.3025,400,521.0,,,0.0
561580.SH,20260729,1.214,698400,847858.0,,,0.0
561590.SH,20260729,,0,0.0,,,0.0
561600.SH,20260729,0.72,3900,2808.0,,,0.0
561630.SH,20260729,1.00797,15300,15422.0,,,0.0
561660.SH,20260729,,0,0.0,,,0.0
561680.SH,20260729,,0,0.0,,,0.0
561700.SH,20260729,1.10901,22200,24620.0,,,0.0
561750.SH,20260729,,0,0.0,,,0.0
561760.SH,20260729,1.25704,12500,15713.0,,,0.0
561770.SH,20260729,,0,0.0,,,0.0
561780.SH,20260729,,0,0.0,,,0.0
561790.SH,20260729,,0,0.0,,,0.0
561800.SH,20260729,,0,0.0,,,0.0
561870.SH,20260729,,0,0.0,,,0.0
561880.SH,20260729,,0,0.0,,,0.0
561900.SH,20260729,0.98,2200,2156.0,,,0.0
561910.SH,20260729,0.706998,102600,72538.0,,,0.0
561920.SH,20260729,,0,0.0,,,0.0
561930.SH,20260729,1.551,6000,9306.0,,,0.0
561950.SH,20260729,,0,0.0,,,0.0
561960.SH,20260729,,0,0.0,,,0.0
561980.SH,20260729,0.709,4090500,2900165.0,,,0.0
561990.SH,20260729,0.98,1700,1666.0,,,0.0
562000.SH,20260729,0.605,200,121.0,,,0.0
562010.SH,20260729,,0,0.0,,,0.0
562030.SH,20260729,0.484,63000,30492.0,,,0.0
562050.SH,20260729,0.96,100,96.0,,,0.0
562060.SH,20260729,0.613048,10500,6437.0,,,0.0
562070.SH,20260729,1.03143,700,722.0,,,0.0
562080.SH,20260729,0.61,20000,12200.0,,,0.0
562300.SH,20260729,,0,0.0,,,0.0
562310.SH,20260729,1.06,334900,354994.0,,,0.0
562320.SH,20260729,,0,0.0,,,0.0
562330.SH,20260729,,0,0.0,,,0.0
562340.SH,20260729,,0,0.0,,,0.0
562350.SH,20260729,1.10403,6200,6845.0,,,0.0
562360.SH,20260729,0.996875,1600,1595.0,,,0.0
562380.SH,20260729,1.209,12000,14508.0,,,0.0
562390.SH,20260729,0.900909,3300,2973.0,,,0.0
562500.SH,20260729,0.923,3838700,3543120.0,,,0.0
562510.SH,20260729,0.568002,165200,93834.0,,,0.0
562520.SH,20260729,,0,0.0,,,0.0
562530.SH,20260729,,0,0.0,,,0.0
562550.SH,20260729,1.149,134200,154196.0,,,0.0
562560.SH,20260729,,0,0.0,,,0.0
562570.SH,20260729,,0,0.0,,,0.0
562580.SH,20260729,,0,0.0,,,0.0
562590.SH,20260729,1.0,4546300,4546300.0,,,0.0
562600.SH,20260729,,0,0.0,,,0.0
562660.SH,20260729,1.65602,11800,19541.0,,,0.0
562700.SH,20260729,,0,0.0,,,0.0
562800.SH,20260729,0.872,152500,132980.0,,,0.0
562810.SH,20260729,1.11798,17800,19900.0,,,0.0
562820.SH,20260729,0.96,12800,12288.0,,,0.0
562850.SH,20260729,,0,0.0,,,0.0
562860.SH,20260729,,0,0.0,,,0.0
562870.SH,20260729,,0,0.0,,,0.0
562880.SH,20260729,0.727,13000,9451.0,,,0.0
562890.SH,20260729,,0,0.0,,,0.0
562900.SH,20260729,0.668,24000,16032.0,,,0.0
562910.SH,20260729,0.817,4000,3268.0,,,0.0
562920.SH,20260729,0.912,34000,31008.0,,,0.0
562930.SH,20260729,0.685,71800,49183.0,,,0.0
562950.SH,20260729,1.513,75400,114080.0,,,0.0
562960.SH,20260729,1.149,7000,8043.0,,,0.0
562970.SH,20260729,0.938,13500,12663.0,,,0.0
562990.SH,20260729,0.951,5000,4755.0,,,0.0
563000.SH,20260729,1.13,6400,7232.0,,,0.0
563010.SH,20260729,,0,0.0,,,0.0
563020.SH,20260729,1.168,561700,656066.0,,,0.0
563030.SH,20260729,1.5052,2500,3763.0,,,0.0
563050.SH,20260729,,0,0.0,,,0.0
563060.SH,20260729,,0,0.0,,,0.0
563080.SH,20260729,1.37933,1500,2069.0,,,0.0
563090.SH,20260729,,0,0.0,,,0.0
563150.SH,20260729,1.25,100,125.0,,,0.0
563180.SH,20260729,,0,0.0,,,0.0
563200.SH,20260729,1.35792,5300,7197.0,,,0.0
563210.SH,20260729,1.89099,20200,38198.0,,,0.0
563220.SH,20260729,,0,0.0,,,0.0
563230.SH,20260729,1.033,320300,330870.0,,,0.0
563280.SH,20260729,,0,0.0,,,0.0
563300.SH,20260729,1.283,3857700,4949429.0,,,0.0
563320.SH,20260729,,0,0.0,,,0.0
563330.SH,20260729,4.022,500,2011.0,,,0.0
563350.SH,20260729,,0,0.0,,,0.0
563360.SH,20260729,1.262,4317200,5448306.0,,,0.0
563380.SH,20260729,0.889,327000,290703.0,,,0.0
563390.SH,20260729,1.1975,400,479.0,,,0.0
563500.SH,20260729,,0,0.0,,,0.0
563510.SH,20260729,1.01,25000,25250.0,,,0.0
563520.SH,20260729,,0,0.0,,,0.0
563530.SH,20260729,1.033,36700,37911.0,,,0.0
563550.SH,20260729,1.21,200,242.0,,,0.0
563560.SH,20260729,1.14692,2600,2982.0,,,0.0
563570.SH,20260729,,0,0.0,,,0.0
563580.SH,20260729,,0,0.0,,,0.0
563590.SH,20260729,,0,0.0,,,0.0
563600.SH,20260729,,0,0.0,,,0.0
563620.SH,20260729,,0,0.0,,,0.0
563630.SH,20260729,1.25601,26300,33033.0,,,0.0
563650.SH,20260729,,0,0.0,,,0.0
563660.SH,20260729,,0,0.0,,,0.0
563670.SH,20260729,,0,0.0,,,0.0
563680.SH,20260729,,0,0.0,,,0.0
563690.SH,20260729,,0,0.0,,,0.0
563700.SH,20260729,1.035,1400,1449.0,,,0.0
563750.SH,20260729,,0,0.0,,,0.0
563760.SH,20260729,,0,0.0,,,0.0
563770.SH,20260729,1.17197,11700,13712.0,,,0.0
563780.SH,20260729,,0,0.0,,,0.0
563790.SH,20260729,0.776999,173300,134654.0,,,0.0
563800.SH,20260729,1.19399,54600,65192.0,,,0.0
563830.SH,20260729,,0,0.0,,,0.0
563850.SH,20260729,0.926017,24100,22317.0,,,0.0
563860.SH,20260729,,0,0.0,,,0.0
563870.SH,20260729,,0,0.0,,,0.0
563880.SH,20260729,1.234,196000,241864.0,,,0.0
563890.SH,20260729,,0,0.0,,,0.0
563900.SH,20260729,1.14,200,228.0,,,0.0
563930.SH,20260729,0.987991,46300,45744.0,,,0.0
563960.SH,20260729,,0,0.0,,,0.0
563980.SH,20260729,,0,0.0,,,0.0
563990.SH,20260729,,0,0.0,,,0.0
588000.SH,20260729,1.782,23210631,41361344.0,,,0.0
588010.SH,20260729,0.985001,686300,676006.0,,,0.0
588020.SH,20260729,0.755,406200,306681.0,,,0.0
588030.SH,20260729,1.61099,31200,50263.0,,,0.0
588040.SH,20260729,1.75,333200,583100.0,,,0.0
588050.SH,20260729,1.726,313400,540928.0,,,0.0
588060.SH,20260729,1.07,1783900,1908773.0,,,0.0
588070.SH,20260729,1.92,117500,225600.0,,,0.0
588080.SH,20260729,1.733,4616700,8000741.0,,,0.0
588090.SH,20260729,1.744,222300,387691.0,,,0.0
588100.SH,20260729,0.88,200,176.0,,,0.0
588110.SH,20260729,0.552,153000,84456.0,,,0.0
588120.SH,20260729,0.815,201600,164304.0,,,0.0
588130.SH,20260729,0.993005,20300,20158.0,,,0.0
588140.SH,20260729,,0,0.0,,,0.0
588150.SH,20260729,1.197,211000,252567.0,,,0.0
588160.SH,20260729,1.01,185600,187456.0,,,0.0
588170.SH,20260729,0.971,48427556,47023157.0,,,0.0
588180.SH,20260729,1.1,4900,5390.0,,,0.0
588190.SH,20260729,1.603,72000,115416.0,,,0.0
588200.SH,20260729,1.175,37982598,44629553.0,,,0.0
588210.SH,20260729,1.61604,5300,8565.0,,,0.0
588220.SH,20260729,1.605,145300,233207.0,,,0.0
588230.SH,20260729,1.58,77700,122766.0,,,0.0
588240.SH,20260729,,0,0.0,,,0.0
588250.SH,20260729,,0,0.0,,,0.0
588260.SH,20260729,2.55,500,1275.0,,,0.0
588270.SH,20260729,1.48694,7200,10706.0,,,0.0
588280.SH,20260729,1.211,102300,123885.0,,,0.0
588290.SH,20260729,3.432,284400,976061.0,,,0.0
588300.SH,20260729,1.124,83500,93854.0,,,0.0
588310.SH,20260729,1.18,1200,1416.0,,,0.0
588320.SH,20260729,1.715,141600,242844.0,,,0.0
588330.SH,20260729,1.105,601700,664879.0,,,0.0
588350.SH,20260729,1.69105,1900,3213.0,,,0.0
588360.SH,20260729,1.19398,22100,26387.0,,,0.0
588370.SH,20260729,1.74,63000,109620.0,,,0.0
588380.SH,20260729,1.115,115000,128225.0,,,0.0
588390.SH,20260729,1.2,300,360.0,,,0.0
588400.SH,20260729,1.10901,40400,44804.0,,,0.0
588410.SH,20260729,,0,0.0,,,0.0
588420.SH,20260729,1.195,6200,7409.0,,,0.0
588430.SH,20260729,1.21667,300,365.0,,,0.0
588450.SH,20260729,2.10115,2600,5463.0,,,0.0
588460.SH,20260729,2.032,240200,488086.0,,,0.0
588470.SH,20260729,0.831,10000,8310.0,,,0.0
588480.SH,20260729,0.898025,15700,14099.0,,,0.0
588500.SH,20260729,2.33,300,699.0,,,0.0
588510.SH,20260729,0.84697,6600,5590.0,,,0.0
588520.SH,20260729,1.35,20500,27675.0,,,0.0
588530.SH,20260729,0.931,1059939,986803.0,,,0.0
588550.SH,20260729,1.28,200,256.0,,,0.0
588660.SH,20260729,1.828,20500,37474.0,,,0.0
588670.SH,20260729,,0,0.0,,,0.0
588680.SH,20260729,2.35,200,470.0,,,0.0
588690.SH,20260729,1.128,500,564.0,,,0.0
588700.SH,20260729,0.97,500,485.0,,,0.0
588710.SH,20260729,2.992,5154000,15420768.0,,,0.0
588720.SH,20260729,1.718,2500,4295.0,,,0.0
588730.SH,20260729,1.479,112800,166831.0,,,0.0
588750.SH,20260729,2.33,556600,1296878.0,,,0.0
588760.SH,20260729,0.752,179500,134984.0,,,0.0
588770.SH,20260729,1.858,500,929.0,,,0.0
588780.SH,20260729,0.942001,649300,611641.0,,,0.0
588790.SH,20260729,0.795,432400,343758.0,,,0.0
588800.SH,20260729,1.59501,77300,123294.0,,,0.0
588810.SH,20260729,2.514,84900,213439.0,,,0.0
588820.SH,20260729,1.69833,1200,2038.0,,,0.0
588830.SH,20260729,1.14501,44300,50724.0,,,0.0
588840.SH,20260729,1.564,3000,4692.0,,,0.0
588850.SH,20260729,1.58899,20800,33051.0,,,0.0
588860.SH,20260729,0.647059,8500,5500.0,,,0.0
588870.SH,20260729,1.704,579200,986957.0,,,0.0
588880.SH,20260729,,0,0.0,,,0.0
588890.SH,20260729,3.98,161200,641576.0,,,0.0
588900.SH,20260729,,0,0.0,,,0.0
588910.SH,20260729,,0,0.0,,,0.0
588920.SH,20260729,2.26502,28300,64100.0,,,0.0
588930.SH,20260729,1.58,112500,177750.0,,,0.0
588940.SH,20260729,0.87,781300,679731.0,,,0.0
588950.SH,20260729,1.757,180100,316436.0,,,0.0
588960.SH,20260729,1.0575,400,423.0,,,0.0
588980.SH,20260729,1.5,200,300.0,,,0.0
588990.SH,20260729,3.65799,71300,260815.0,,,0.0
589000.SH,20260729,1.49902,30500,45720.0,,,0.0
589010.SH,20260729,1.40698,19200,27014.0,,,0.0
589020.SH,20260729,2.364,3011300,7118713.0,,,0.0
589030.SH,20260729,1.093,106300,116186.0,,,0.0
589050.SH,20260729,1.315,200,263.0,,,0.0
589060.SH,20260729,1.575,14000,22050.0,,,0.0
589070.SH,20260729,1.024,75300,77107.0,,,0.0
589080.SH,20260729,1.5,200,300.0,,,0.0
589090.SH,20260729,1.06808,5200,5554.0,,,0.0
589100.SH,20260729,0.908,152500,138470.0,,,0.0
589110.SH,20260729,0.925,200,185.0,,,0.0
589120.SH,20260729,0.823,1827900,1504362.0,,,0.0
589130.SH,20260729,1.39,244800,340272.0,,,0.0
589150.SH,20260729,1.21901,43300,52783.0,,,0.0
589160.SH,20260729,1.267,148800,188530.0,,,0.0
589170.SH,20260729,1.03601,15300,15851.0,,,0.0
589180.SH,20260729,1.608,539700,867838.0,,,0.0
589190.SH,20260729,0.638005,86200,54996.0,,,0.0
589200.SH,20260729,,0,0.0,,,0.0
589210.SH,20260729,0.645024,20700,13352.0,,,0.0
589220.SH,20260729,0.895005,104300,93349.0,,,0.0
589230.SH,20260729,0.862,4500,3879.0,,,0.0
589250.SH,20260729,1.184,102800,121715.0,,,0.0
589260.SH,20260729,,0,0.0,,,0.0
589270.SH,20260729,,0,0.0,,,0.0
589280.SH,20260729,0.86,1000,860.0,,,0.0
589290.SH,20260729,0.77,2600,2002.0,,,0.0
589300.SH,20260729,1.655,200,331.0,,,0.0
589310.SH,20260729,,0,0.0,,,0.0
589320.SH,20260729,,0,0.0,,,0.0
589330.SH,20260729,0.775,200,155.0,,,0.0
589350.SH,20260729,0.74,8500,6290.0,,,0.0
589360.SH,20260729,0.87,62000,53940.0,,,0.0
589380.SH,20260729,1.41667,600,850.0,,,0.0
589390.SH,20260729,0.724007,55900,40472.0,,,0.0
589400.SH,20260729,0.733022,13900,10189.0,,,0.0
589410.SH,20260729,,0,0.0,,,0.0
589420.SH,20260729,0.725998,90200,65485.0,,,0.0
589500.SH,20260729,1.535,200,307.0,,,0.0
589520.SH,20260729,0.603016,25200,15196.0,,,0.0
589550.SH,20260729,,0,0.0,,,0.0
589560.SH,20260729,0.946667,300,284.0,,,0.0
589580.SH,20260729,1.48,200,296.0,,,0.0
589600.SH,20260729,1.49,20000,29800.0,,,0.0
589630.SH,20260729,0.743996,93600,69638.0,,,0.0
589660.SH,20260729,1.494,135400,202288.0,,,0.0
589680.SH,20260729,1.46,6900,10074.0,,,0.0
589700.SH,20260729,1.91,500,955.0,,,0.0
589720.SH,20260729,0.89,4818800,4288732.0,,,0.0
589770.SH,20260729,1.54,200,308.0,,,0.0
589780.SH,20260729,1.09,200,218.0,,,0.0
589800.SH,20260729,1.49902,23500,35227.0,,,0.0
589820.SH,20260729,1.105,200,221.0,,,0.0
589850.SH,20260729,1.613,808300,1303788.0,,,0.0
589860.SH,20260729,1.52,200,304.0,,,0.0
589880.SH,20260729,1.51,200,302.0,,,0.0
589890.SH,20260729,,0,0.0,,,0.0
589900.SH,20260729,1.5,500,750.0,,,0.0
589950.SH,20260729,1.20667,300,362.0,,,0.0
589960.SH,20260729,,0,0.0,,,0.0
589980.SH,20260729,,0,0.0,,,0.0
589990.SH,20260729,1.578,3500,5523.0,,,0.0
000001.SZ,20260729,11.19,450700,5043333.0,-0.08928571428571397,2.9564683206432227,44.464285714285715
000002.SZ,20260729,3.15,323900,1020285.0,0.0,1.3045669947797043,45.0
000006.SZ,20260729,6.34,346300,2195542.0,-1.3996889580093264,12.121070876628439,36.601866251944045
000007.SZ,20260729,8.95,10400,93080.0,-0.5555555555555647,1.0165986946313348,41.666666666666615
000008.SZ,20260729,2.35,30400,71440.0,0.0,1.092884434743664,45.0
000009.SZ,20260729,6.3,49600,312480.0,0.15898251192367763,1.334627403120383,45.953895071542064
000010.SZ,20260729,1.47,127500,187425.0,-1.342281879194629,7.187168634808774,36.94630872483223
000011.SZ,20260729,7.36,979900,7212064.0,-2.516556291390726,21.5774073772428,29.900662251655646
000012.SZ,20260729,3.82,21600,82512.0,0.0,0.7476561148657326,45.0
000014.SZ,20260729,9.71,38800,376748.0,0.30991735537191367,2.932719834926736,46.85950413223148
000016.SZ,20260729,2.55,100900,257295.0,-0.3906250000000111,5.446337698965113,42.656249999999936
000017.SZ,20260729,5.95,81600,485520.0,-0.335008375209378,8.482918918027384,42.98994974874373
000019.SZ,20260729,5.95,7600,45220.0,-0.335008375209378,1.4392759788709448,42.98994974874373
000020.SZ,20260729,10.18,8200,83476.0,0.0,3.0404090748103223,45.0
000021.SZ,20260729,39.44,1831592,72237988.48,-0.30333670374116384,9.855561347898007,43.179979777553015
000025.SZ,20260729,13.98,12200,170556.0,-0.9915014164305846,2.400660118192776,39.05099150141649
000026.SZ,20260729,15.94,16200,258228.0,0.2515723270440251,3.5206309824960513,46.509433962264154
000027.SZ,20260729,6.3,32000,201600.0,0.0,1.1435783526033512,45.0
000028.SZ,20260729,20.3,14500,294350.0,-0.1966568338249708,4.395297064394679,43.820058997050175
000029.SZ,20260729,18.91,11000,208010.0,-0.15839493136220462,0.9443860413746885,44.04963041182677
000030.SZ,20260729,4.18,15000,62700.0,0.48076923076922906,1.3644150268053694,47.88461538461537
000031.SZ,20260729,2.15,283700,609955.0,0.0,8.32835900528008,45.0
000032.SZ,20260729,14.13,84200,1189746.0,-0.1413427561837377,1.6052323961143922,44.15194346289758
000034.SZ,20260729,25.86,104380,2699266.8,0.11614401858304202,2.028061968160406,45.69686411149825
000035.SZ,20260729,4.75,99800,474050.0,-0.21008403361344463,1.6127442433795907,43.73949579831933
000036.SZ,20260729,3.93,8600,33798.0,0.0,0.27933945695045853,45.0
000037.SZ,20260729,8.99,111000,997890.0,-1.533406352683464,3.888326450129574,35.799561883899216
000039.SZ,20260729,8.26,125600,1037456.0,0.0,1.9224160507242285,45.0
000042.SZ,20260729,7.85,8600,67510.0,-0.2541296060991183,1.2106530133469928,43.475222363405294
000045.SZ,20260729,9.87,638600,6302982.0,-0.9036144578313365,36.52995334256544,39.578313253011984
000048.SZ,20260729,18.07,18100,327067.0,-0.3309431880860414,1.103007513262343,43.01434087148375
000049.SZ,20260729,24.41,17900,436939.0,-0.32666394446712044,1.7134893057731793,43.04001633319728
000050.SZ,20260729,6.35,256700,1630045.0,0.3159557661927215,6.193589785383775,46.89573459715633
000055.SZ,20260729,3.32,62800,208496.0,0.0,5.616341809985017,45.0
000056.SZ,20260729,1.91,105000,200550.0,1.0582010582010692,8.906870112518796,51.34920634920641
000058.SZ,20260729,6.28,4400,27632.0,0.15948963317384823,0.38292750963325956,45.95693779904309
000059.SZ,20260729,4.56,91000,414960.0,0.0,3.2731934137447047,45.0
000060.SZ,20260729,6.18,262500,1622250.0,0.16207455429497752,2.6408318945503817,45.97244732576986
000061.SZ,20260729,5.71,32100,183291.0,0.7054673721340388,1.2927491278607353,49.232804232804234
000062.SZ,20260729,21.3,46600,992580.0,-0.5137786081270357,2.1706279800233745,41.917328351237785
000063.SZ,20260729,33.79,536700,18135093.0,0.5056513979774024,4.806409945292925,48.033908387864415
000065.SZ,20260729,9.0,46600,419400.0,-0.4424778761061843,3.0260160978591686,42.345132743362896
000066.SZ,20260729,14.38,242100,3481398.0,0.06958942240780086,1.658041451309007,45.4175365344468
000068.SZ,20260729,2.74,46700,127958.0,1.1070110701107083,3.695636847808171,51.64206642066425
000069.SZ,20260729,1.68,92600,155568.0,0.0,1.4413623549736119,45.0
000070.SZ,20260729,12.99,87700,1139223.0,-0.3069838833461125,1.974376493127292,43.15809669992333
000078.SZ,20260729,1.66,1468500,2437710.0,-0.5988023952095856,15.356041210073933,41.40718562874249
000088.SZ,20260729,4.38,57500,251850.0,0.0,2.5610169836534484,45.0
000089.SZ,20260729,6.49,36800,238832.0,0.0,2.414494510762606,45.0
000090.SZ,20260729,3.23,14600,47158.0,-0.30864197530865445,0.8914783176827183,43.148148148148074
000096.SZ,20260729,7.45,9400,70030.0,0.0,1.5996173052077562,45.0
000099.SZ,20260729,13.86,6900,95634.0,0.0,0.7281118236334477,45.0
000100.SZ,20260729,4.88,5072700,24754776.0,-0.6109979633401319,9.534174698645801,41.334012219959206
000151.SZ,20260729,9.27,7100,65817.0,0.0,1.2265184931100126,45.0
000153.SZ,20260729,5.35,22900,122515.0,0.0,3.191691160526729,45.0
000155.SZ,20260729,12.44,521900,6492436.0,-1.7377567140600347,7.717947832157355,34.57345971563979
000156.SZ,20260729,6.68,23200,154976.0,0.0,2.1172405274778203,45.0
000157.SZ,20260729,7.53,59200,445776.0,-0.13262599469495706,1.2537450620799702,44.20424403183026
000158.SZ,20260729,12.68,80000,1014400.0,-0.07880220646178104,3.1578961666906165,44.527186761229316
000159.SZ,20260729,5.2,16100,83720.0,0.5802707930367523,1.6000386516742613,48.48162475822051
000166.SZ,20260729,4.62,147600,681912.0,0.2169197396963085,1.9292691977549519,46.30151843817785
000301.SZ,20260729,11.48,83300,956284.0,-0.5199306759098632,3.074273912328898,41.88041594454082
000333.SZ,20260729,85.35,103700,8850795.0,-0.023427433524669805,2.132473039789345,44.85943539885198
000338.SZ,20260729,26.19,354700,9289593.0,0.0,3.2488294837269946,45.0
000400.SZ,20260729,21.78,32800,714384.0,0.0,1.269895276417851,45.0
000401.SZ,20260729,3.58,42400,151792.0,-0.278551532033422,4.852117376795594,43.32869080779947
000402.SZ,20260729,2.39,48400,115676.0,0.0,0.8673742419387028,45.0
000403.SZ,20260729,9.95,18200,181090.0,0.0,1.3241604624033323,45.0
000404.SZ,20260729,7.52,33800,254176.0,0.0,2.4390384133123786,45.0
000407.SZ,20260729,3.89,57600,224064.0,0.5167958656330685,4.083078057433482,48.10077519379841
000408.SZ,20260729,79.01,19200,1516992.0,-0.5037148973680794,1.882727814832694,41.97771061579152
000409.SZ,20260729,8.55,44600,381330.0,0.7067137809187329,7.32589924370035,49.2402826855124
000410.SZ,20260729,4.8,19200,92160.0,0.20876826722338038,1.498525961669605,46.25260960334028
000411.SZ,20260729,9.39,3200,30048.0,0.3205128205128416,0.7253392594246042,46.92307692307705
000415.SZ,20260729,4.19,64400,269836.0,0.0,0.7110559678600493,45.0
000417.SZ,20260729,5.61,1235100,6928911.0,-0.8833922261484051,22.09928641616001,39.69964664310957
000419.SZ,20260729,4.7,7300,34310.0,0.2132196162046851,1.0049966876996375,46.27931769722811
000420.SZ,20260729,3.69,153400,566046.0,0.5449591280654031,3.142010362325152,48.26975476839242
000421.SZ,20260729,5.26,20900,109934.0,0.0,2.80680977508201,45.0
000422.SZ,20260729,12.66,78300,991278.0,-0.7058823529411784,2.2581019300364096,40.76470588235293
000423.SZ,20260729,52.0,8200,426400.0,0.0,0.8084129371370309,45.0
000425.SZ,20260729,8.76,181900,1593444.0,0.0,1.2065391716209732,45.0
000426.SZ,20260729,31.02,723800,22452276.0,-0.7360000000000033,12.289038156421153,40.58399999999998
000428.SZ,20260729,4.04,7294000,29467760.0,10.081743869209813,167.94480282340902,100.0
000429.SZ,20260729,14.86,66400,986704.0,-0.9993337774816813,6.841251965736117,39.003997335109915
000430.SZ,20260729,6.25,12200,76250.0,0.1602564102564097,1.6969428889070337,45.96153846153846
000488.SZ,20260729,1.92,170300,326976.0,0.0,15.941350246641028,45.0
000498.SZ,20260729,4.89,17900,87531.0,-0.20408163265307477,1.3315329023614755,43.77551020408155
000501.SZ,20260729,6.87,7200,49464.0,-0.43478260869566077,0.8099068783925412,42.391304347826036
000503.SZ,20260729,7.18,1072700,7701986.0,0.1394700139470073,25.546892647184816,45.83682008368204
000504.SZ,20260729,7.67,46800,358956.0,1.0540184453228019,6.800501404267279,51.32411067193681
000505.SZ,20260729,5.45,14100,76845.0,0.0,2.095713333042194,45.0
000506.SZ,20260729,12.43,359900,4473557.0,-0.6394884092725817,7.0903121411506165,41.16306954436451
000507.SZ,20260729,4.96,76900,381424.0,0.0,5.20236772207194,45.0
000509.SZ,20260729,2.88,55200,158976.0,0.6993006993007089,1.7897065933107916,49.19580419580426
000510.SZ,20260729,14.57,62000,903340.0,-0.0685871056241405,1.3547541908565413,44.588477366255155
000513.SZ,20260729,30.4,14500,440800.0,-0.3605375286791279,2.048516276997209,42.83677482792523
000514.SZ,20260729,3.72,5600,20832.0,0.540540540540535,0.5370616716943398,48.243243243243214
000516.SZ,20260729,4.29,482300,2069067.0,2.1428571428571352,19.141244989387683,57.85714285714281
000517.SZ,20260729,1.88,1659600,3120048.0,1.621621621621605,18.871717479737136,54.72972972972963
000518.SZ,20260729,3.55,144700,513685.0,0.8522727272727293,4.301750543999834,50.113636363636374
000519.SZ,20260729,13.72,144100,1977052.0,-0.3631082062454549,2.823640386978146,42.821350762527274
000520.SZ,20260729,3.82,46400,177248.0,-0.26109660574412663,2.4957479964982645,43.43342036553524
000521.SZ,20260729,4.82,16800,80976.0,-0.4132231404958553,1.7685227533110726,42.52066115702487
000523.SZ,20260729,2.76,45600,125856.0,0.0,1.669976330971504,45.0
000524.SZ,20260729,8.72,32600,284272.0,0.4608294930875667,2.089320742969274,47.7649769585254
000525.SZ,20260729,4.6,65900,303140.0,0.6564551422319376,2.771087681075506,48.938730853391625
000526.SZ,20260729,33.33,65600,2186448.0,0.938824954572981,10.070082950210876,50.63294972743789
000528.SZ,20260729,8.62,181200,1561944.0,0.8187134502923854,3.6762144041944445,49.91228070175431
000529.SZ,20260729,4.56,1900,8664.0,0.0,0.40488667939648326,45.0
000530.SZ,20260729,4.74,7300,34602.0,-0.42016806722687816,0.6881808046811675,42.47899159663873
000531.SZ,20260729,5.7,22300,127110.0,-0.17513134851138146,2.0177582924782533,43.94921190893171
000532.SZ,20260729,10.29,5300,54537.0,0.39024390243902474,0.912490898117874,47.34146341463415
000533.SZ,20260729,10.78,5325004,57403543.12,-6.747404844290672,21.971546971955146,15.0
000534.SZ,20260729,24.86,18600,462396.0,-0.3207698476343279,0.9396326916714928,43.075380914194035
000536.SZ,20260729,3.08,101300,312004.0,-0.3236245954692518,2.287692371467796,43.05825242718449
000537.SZ,20260729,7.48,45700,341836.0,-0.2666666666666595,2.1611068657251304,43.40000000000004
000538.SZ,20260729,51.43,18700,961741.0,0.0,1.7793070095016448,45.0
000539.SZ,20260729,5.59,413400,2310906.0,1.0849909584086825,4.060732721873635,51.5099457504521
000541.SZ,20260729,4.89,4500,22005.0,0.4106776180698102,0.5615584827507648,47.46406570841886
000543.SZ,20260729,7.74,42100,325854.0,0.1293661060802087,1.1842518987143467,45.77619663648125
000544.SZ,20260729,7.22,5600,40432.0,-0.13831258644537714,1.0743240771176277,44.17012448132774
000545.SZ,20260729,2.42,383800,928796.0,-1.224489795918382,11.107529672114405,37.653061224489704
000546.SZ,20260729,4.17,16500,68805.0,0.0,0.759776108926662,45.0
000547.SZ,20260729,14.17,185000,2621450.0,0.0,3.430921045746237,45.0
000548.SZ,20260729,4.15,700,2905.0,0.0,0.1075920426777078,19.366567681987405
000550.SZ,20260729,16.18,3300,53394.0,-0.12345679012345512,0.713377906648554,44.25925925925927
000551.SZ,20260729,12.8,389600,4986880.0,0.07818608287726292,17.60279657077194,45.46911649726358
000552.SZ,20260729,2.54,195700,497078.0,0.0,3.025525708857128,45.0
000553.SZ,20260729,5.13,30900,158517.0,-0.3883495145631133,3.277652593732966,42.66990291262132
000554.SZ,20260729,6.28,219900,1380972.0,1.453957996768973,8.816421578381998,53.72374798061384
000555.SZ,20260729,10.6,169100,1792460.0,-0.9345794392523366,4.806136089179729,39.39252336448598
000557.SZ,20260729,3.61,5200,18772.0,0.0,0.6424376414029307,45.0
000558.SZ,20260729,3.29,118500,389865.0,0.0,4.098119598900506,45.0
000559.SZ,20260729,10.52,40900,430268.0,0.2859866539561384,1.0311653984998077,46.715919923736834
000560.SZ,20260729,2.19,80900,177171.0,0.0,1.0891586713344843,45.0
000561.SZ,20260729,7.25,29600,214600.0,0.2766251728907321,2.68810090150141,46.65975103734439
000563.SZ,20260729,2.99,89700,268203.0,0.0,1.5084319222719065,45.0
000564.SZ,20260729,1.38,2278700,3144606.0,1.4705882352941124,7.364429455863413,53.823529411764675
000565.SZ,20260729,5.49,5000,27450.0,0.5494505494505475,0.5204324946539098,48.296703296703285
000566.SZ,20260729,5.71,4696200,26815302.0,-2.0583190394511175,19.150427831574266,32.65008576329329
000567.SZ,20260729,5.67,48000,272160.0,0.17667844522968323,1.156434289154112,46.0600706713781
000568.SZ,20260729,87.0,87200,7586400.0,0.0,4.81093028671138,45.0
000570.SZ,20260729,4.87,16900,82303.0,0.4123711340206171,1.6646073615096955,47.4742268041237
000571.SZ,20260729,5.71,235200,1342992.0,-1.721170395869187,10.642723761733674,34.67297762478488
000572.SZ,20260729,3.6,193200,695520.0,0.5586592178770999,2.4876714988367516,48.3519553072626
000573.SZ,20260729,3.58,162800,582824.0,1.9943019943019946,10.425946973935366,56.965811965811966
000576.SZ,20260729,6.6,17200,113520.0,-0.30211480362538623,1.6836887270676946,43.18731117824768
000581.SZ,20260729,17.18,22000,377960.0,0.46783625730992817,2.0060612299338305,47.80701754385957
000582.SZ,20260729,12.33,231636,2856071.88,0.32546786004883366,7.013050772722734,46.952807160293005
000586.SZ,20260729,10.59,23200,245688.0,0.4743833017077925,3.320971740272565,47.846299810246755
000589.SZ,20260729,4.29,29100,124839.0,-0.46403712296982924,1.3796175042048322,42.21577726218102
000590.SZ,20260729,8.04,3100,24924.0,-0.4950495049505066,1.031813803560685,42.02970297029696
000591.SZ,20260729,4.43,78400,347312.0,0.2262443438914019,1.4677181567418267,46.35746606334841
000592.SZ,20260729,5.73,371800,2130414.0,-0.17421602787456303,3.377357894633695,43.95470383275262
000593.SZ,20260729,17.16,61600,1057056.0,-0.058241118229473976,3.7175087972344363,44.65055329062316
000595.SZ,20260729,5.27,1331800,7018586.0,-2.5878003696857776,23.75067570665042,29.473197781885332
000596.SZ,20260729,90.3,75000,6772500.0,-0.16583747927032544,7.7963804279299795,44.00497512437805
000597.SZ,20260729,4.59,21100,96849.0,0.4376367614879584,2.369184500172621,47.62582056892775
000598.SZ,20260729,7.24,54700,396028.0,0.27700831024930483,1.8826726869108479,46.66204986149583
000599.SZ,20260729,4.51,10800,48708.0,-0.22123893805309214,1.0083554717610161,43.67256637168145
000600.SZ,20260729,8.57,58100,497917.0,0.3512880562061005,1.5023963203809372,47.1077283372366
000601.SZ,20260729,6.36,137900,877044.0,0.0,2.7822328638056595,45.0
000603.SZ,20260729,24.3,353700,8594910.0,0.9555463232239214,6.436536189835053,50.73327793934353
000605.SZ,20260729,5.39,6700,36113.0,0.3724394785847185,1.148652278104477,47.234636871508314
000607.SZ,20260729,3.37,90200,303974.0,0.0,8.207393752544101,45.0
000608.SZ,20260729,6.23,178200,1110186.0,0.32206119162641045,6.35456276696927,46.93236714975846
000609.SZ,20260729,9.05,47500,429875.0,-0.8762322015334112,7.696521045475825,39.742606790799535
000610.SZ,20260729,5.43,18000,97740.0,1.1173184357541777,8.877399032165505,51.703910614525064
000612.SZ,20260729,10.58,79800,844284.0,0.47483380816715215,1.5695911765954818,47.849002849002915
000615.SZ,20260729,2.97,16300,48411.0,-0.3355704697986517,3.7148142666148543,42.98657718120809
000617.SZ,20260729,6.89,112500,775125.0,0.14534883720929148,1.146198369962091,45.87209302325575
000619.SZ,20260729,4.3,1700,7310.0,0.0,0.25844825264939514,45.0
000620.SZ,20260729,2.65,412300,1092595.0,0.0,2.057799717739742,45.0
000623.SZ,20260729,17.78,38500,684530.0,-0.11235955056179137,2.3363850760843117,44.32584269662925
000625.SZ,20260729,7.33,89400,655302.0,0.2735978112175186,0.6234332897687787,46.64158686730511
000626.SZ,20260729,6.89,10500,72345.0,0.0,1.0683852194380097,45.0
000628.SZ,20260729,36.5,85900,3135350.0,-0.9229098805646152,7.961433834457408,39.46254071661231
000629.SZ,20260729,3.04,93800,285152.0,0.0,0.9553902486653371,45.0
000630.SZ,20260729,6.09,593100,3611979.0,0.164473684210531,3.0689348930759053,45.986842105263186
000631.SZ,20260729,2.86,36600,104676.0,-0.34843205574913716,2.9626264687943293,42.90940766550518
000632.SZ,20260729,3.0,24700,74100.0,0.0,1.951953083161262,45.0
000633.SZ,20260729,4.88,11200,54656.0,0.8264462809917328,1.8534721353002104,49.9586776859504
000635.SZ,20260729,5.98,1800,10764.0,-0.9933774834437026,0.3840383939066251,39.03973509933778
000636.SZ,20260729,43.76,1070300,46836328.0,1.3197499421162329,5.791576834377315,52.9184996526974
000637.SZ,20260729,3.53,4400,15532.0,0.0,0.39241043058859015,45.0
000639.SZ,20260729,1.49,3370200,5021598.0,-1.3245033112582738,36.500347391627706,37.05298013245036
000650.SZ,20260729,5.39,17000,91630.0,0.0,1.0080484586775589,45.0
000651.SZ,20260729,40.79,205200,8370108.0,-0.02450980392156854,2.704464249017798,44.85294117647059
000652.SZ,20260729,3.5,2300,8050.0,0.0,0.24351494738609997,43.832690529497995
000655.SZ,20260729,6.56,12900,84624.0,0.3058103975535076,2.2339839357484426,46.834862385321046
000656.SZ,20260729,1.24,1169500,1450180.0,0.0,7.887803975463821,45.0
000657.SZ,20260729,53.68,252200,13538096.0,-0.5557613931085559,4.2150416829701385,41.66543164134866
000659.SZ,20260729,2.82,1185500,3343110.0,1.8050541516245522,18.530336908719303,55.83032490974731
000661.SZ,20260729,79.56,30000,2386800.0,-0.025131942699163634,2.790435982994769,44.84920834380502
000663.SZ,20260729,4.95,20800,102960.0,0.0,3.800415436935811,45.0
000665.SZ,20260729,3.78,43900,165942.0,0.2652519893899141,3.3962372167255785,46.59151193633949
000668.SZ,20260729,18.58,24900,462642.0,0.704607046070449,3.7140777484835237,49.22764227642269
000669.SZ,20260729,3.42,20300,69426.0,0.2932551319648091,7.384543152832922,46.759530791788855
000670.SZ,20260729,6.6,827900,5464140.0,-0.9009009009009028,15.630334664380705,39.59459459459458
000672.SZ,20260729,12.78,228600,2921508.0,-0.9302325581395432,5.1183190144114175,39.41860465116274
000676.SZ,20260729,7.18,3909370,28069276.6,-3.624161073825505,22.022636213450905,23.25503355704697
000677.SZ,20260729,1.61,474400,763784.0,-0.6172839506172867,9.299109838734315,41.296296296296276
000678.SZ,20260729,7.9,2100,16590.0,-0.7537688442211032,0.2385980804851158,38.42504142199423
000679.SZ,20260729,5.43,6900,37467.0,-0.5494505494505586,1.0216061507196137,41.70329670329665
000680.SZ,20260729,10.8,29200,315360.0,0.6523765144454741,0.7748925793177083,48.91425908667284
000681.SZ,20260729,16.71,202400,3382104.0,-0.2983293556085953,6.68442088575,43.21002386634843
000682.SZ,20260729,11.6,18700,216920.0,0.0,0.6385185873500644,45.0
000683.SZ,20260729,6.27,118800,744876.0,0.0,1.2173895390572886,45.0
000685.SZ,20260729,10.81,23900,258359.0,0.0,1.2113133277850676,45.0
000686.SZ,20260729,7.9,6200,48980.0,0.2538071065989911,0.2760703216978458,46.52284263959395
000688.SZ,20260729,28.0,87400,2447200.0,0.9736747205193019,3.302998358010452,50.84204832311581
000690.SZ,20260729,4.82,281900,1358758.0,-0.6185567010309145,1.7060009521129544,41.28865979381451
000691.SZ,20260729,9.06,5800,52548.0,0.0,0.30381073116416396,45.0
000692.SZ,20260729,3.74,86300,322762.0,0.8086253369272267,7.470974059126852,49.85175202156336
000695.SZ,20260729,12.75,24500,312375.0,0.0,3.5337722599041403,45.0
000697.SZ,20260729,8.5,16900,143650.0,0.35419126328215533,2.6852530668291164,47.125147579692936
000698.SZ,20260729,3.19,100,319.0,-0.31250000000000444,0.034853918378023194,4.398705308044148
000700.SZ,20260729,10.35,82240,851184.0,-0.09652509652509078,1.9011872049051597,44.42084942084946
000701.SZ,20260729,4.71,52800,248688.0,-0.21186440677966045,4.1569658455262815,43.728813559322035
000702.SZ,20260729,4.78,13700,65486.0,-0.4166666666666541,2.044204015468974,42.50000000000008
000703.SZ,20260729,15.28,134508,2055282.24,-0.13071895424837665,2.167898277682411,44.21568627450974
000705.SZ,20260729,6.35,2800,17780.0,-0.15723270440252124,0.5428161503374818,44.056603773584875
000707.SZ,20260729,4.26,14700,62622.0,0.0,1.6398329571072991,45.0
000708.SZ,20260729,14.49,37400,541926.0,0.4854368932038833,2.7606726677377544,47.9126213592233
000709.SZ,20260729,2.08,71700,149136.0,0.0,0.6297972145300282,45.0
000710.SZ,20260729,8.03,1700,13651.0,0.7528230865746499,0.24624475210737068,48.84099389877462
000711.SZ,20260729,4.85,1770000,8584500.0,-2.2177419354838745,19.115707142636914,31.693548387096754
000712.SZ,20260729,8.3,48300,400890.0,-0.36014405762304635,1.904434896792936,42.839135654261725
000713.SZ,20260729,5.62,8800,49456.0,0.17825311942958333,1.942529142542475,46.0695187165775
000715.SZ,20260729,4.64,10300,47792.0,0.8695652173912993,1.029562896631461,50.2173913043478
000716.SZ,20260729,4.46,38000,169480.0,0.0,1.3204811485935097,45.0
000717.SZ,20260729,2.16,51600,111456.0,0.0,2.3997845671434015,45.0
000718.SZ,20260729,1.86,95400,177444.0,0.0,3.990085867527539,45.0
000719.SZ,20260729,12.54,17900,224466.0,0.0,2.6411576474315033,45.0
000720.SZ,20260729,3.42,234900,803358.0,0.0,5.176723976092458,45.0
000721.SZ,20260729,6.13,176300,1080719.0,0.0,8.040129083799691,45.0
000722.SZ,20260729,12.58,114223,1436925.34,0.07955449482894839,4.752575217244404,45.47732696897369
000723.SZ,20260729,3.51,131800,462618.0,0.0,2.5436603324859175,45.0
000725.SZ,20260729,5.67,13318100,75513627.0,1.6129032258064502,7.766329132475612,54.677419354838705
000726.SZ,20260729,5.86,18500,108410.0,0.0,3.0248734394250394,45.0
000727.SZ,20260729,2.21,89700,198237.0,0.4545454545454408,0.9842098169405636,47.72727272727265
000728.SZ,20260729,7.11,52300,371853.0,0.14084507042253502,1.3546102542352294,45.84507042253521
000729.SZ,20260729,12.42,30700,381294.0,0.4042037186742231,0.7448647367653325,47.425222312045335
000731.SZ,20260729,5.72,38600,220792.0,-0.521739130434784,6.059002608676251,41.8695652173913
000733.SZ,20260729,39.08,44100,1723428.0,0.1281065846784557,2.6243180307417853,45.768639508070734
000735.SZ,20260729,5.01,45200,226452.0,0.20000000000000018,2.2145995683954216,46.2
000736.SZ,20260729,4.0,2300,9200.0,0.0,0.1352643626699623,24.347585280593215
000737.SZ,20260729,13.09,93500,1223915.0,-0.22865853658535773,2.6939487477950745,43.62804878048785
000738.SZ,20260729,18.09,17100,309339.0,0.0,1.2095020098965406,45.0
000739.SZ,20260729,19.8,62300,1233540.0,1.278772378516635,2.6444989026934853,52.67263427109981
000750.SZ,20260729,3.76,64100,241016.0,0.0,1.1602251397127397,45.0
000751.SZ,20260729,4.36,69200,301712.0,0.0,1.7246120370866538,45.0
000752.SZ,20260729,,0,0.0,,0.0,0.0
000753.SZ,20260729,4.66,544100,2535506.0,0.21505376344086446,18.19923617829317,46.29032258064519
000755.SZ,20260729,4.62,27700,127974.0,0.43478260869567187,7.4290553772703785,47.608695652174035
000756.SZ,20260729,13.62,15400,209748.0,0.14705882352941124,1.761872741438837,45.882352941176464
000757.SZ,20260729,3.57,6200,22134.0,0.0,0.4228687673950489,45.0
000758.SZ,20260729,5.7,33100,188670.0,-0.17513134851138146,0.9070828720133183,43.94921190893171
000759.SZ,20260729,6.9,909600,6276240.0,0.14513788098695635,6.7980530217747095,45.870827285921735
000761.SZ,20260729,2.27,24500,55615.0,0.0,1.3065127196397996,45.0
000762.SZ,20260729,21.48,23000,494040.0,0.13986013986013734,1.1352885537332587,45.839160839160826
000766.SZ,20260729,16.08,17200,276576.0,0.3119151590767144,0.9889383829624891,46.871490954460285
000767.SZ,20260729,3.62,437600,1584112.0,-0.5494505494505475,2.1864093899471237,41.703296703296715
000768.SZ,20260729,20.7,51900,1074330.0,-0.14471780028944004,2.2970718982069447,44.13169319826336
000776.SZ,20260729,21.3,341000,7263300.0,0.046970408642565964,4.578178806068536,45.2818224518554
000777.SZ,20260729,16.95,139300,2361135.0,-0.2941176470588225,11.44950584898998,43.235294117647065
000778.SZ,20260729,3.78,161000,608580.0,0.0,1.7613293317140677,45.0
000779.SZ,20260729,11.55,1459800,16860690.0,-1.0282776349614275,17.1177167936625,38.83033419023143
000782.SZ,20260729,6.5,1300,8450.0,-0.1536098310291778,0.10149809423790984,17.347997976648703
000783.SZ,20260729,8.36,281600,2354176.0,0.0,2.576022735949951,45.0
000785.SZ,20260729,2.19,69600,152424.0,0.4587155963302614,0.5747739119045723,47.75229357798157
000786.SZ,20260729,19.75,7200,142200.0,0.3047232097511454,0.24195175730427812,45.379655573276935
000788.SZ,20260729,5.2,25100,130520.0,0.38610038610038533,1.994169026542845,47.316602316602314
000789.SZ,20260729,3.88,2800,10864.0,-0.512820512820511,0.30421159731109876,41.923076923076934
000790.SZ,20260729,3.74,16100,60214.0,0.8086253369272267,1.1225690673538282,49.85175202156336
000791.SZ,20260729,7.79,248400,1935036.0,1.963350785340312,7.9147481856351005,56.780104712041876
000792.SZ,20260729,26.99,95900,2588341.0,0.0,1.2917313137364366,45.0
000793.SZ,20260729,2.2,5000,11000.0,0.0,0.4739580008468587,45.0
000795.SZ,20260729,8.18,6200,50716.0,-0.12210012210012167,0.44378701849292257,44.26739926739927
000796.SZ,20260729,3.67,103900,381313.0,0.5479452054794498,2.5962236315571356,48.2876712328767
000797.SZ,20260729,2.3,67700,155710.0,0.4366812227074135,2.996124710395545,47.62008733624448
000798.SZ,20260729,7.8,11000,85800.0,0.7751937984496138,1.9252209363800734,49.65116279069768
000799.SZ,20260729,38.45,84700,3256715.0,-0.5689164727178619,7.8739534947233105,41.58650116369283
000800.SZ,20260729,6.23,117300,730779.0,-0.1602564102564097,5.47909633692731,44.03846153846154
000801.SZ,20260729,11.15,16700,186205.0,0.08976660682225024,1.1481984133029077,45.5385996409335
000802.SZ,20260729,3.83,331000,1267730.0,1.3227513227513255,2.8662315244009577,52.93650793650795
000803.SZ,20260729,6.53,34300,223979.0,0.7716049382715973,2.988775638870192,49.629629629629584
000807.SZ,20260729,25.78,425600,10971968.0,0.7031250000000044,6.3366866490656015,49.21875000000003
000809.SZ,20260729,3.14,184000,577760.0,0.0,9.65594673185077,45.0
000810.SZ,20260729,9.17,8700,79779.0,0.0,0.333546823424318,45.0
000811.SZ,20260729,36.96,445200,16454592.0,-5.448963929393713,5.56813710322679,15.0
000812.SZ,20260729,3.3,2700,8910.0,0.0,0.21346967792600624,38.424542026681124
000813.SZ,20260729,3.3,74200,244860.0,0.3039513677811412,2.8360419705640427,46.823708206686845
000815.SZ,20260729,15.72,493000,7749960.0,-0.6321112515802807,4.9984131140921635,41.20733249051832
000816.SZ,20260729,2.54,121800,309372.0,0.0,5.266781520360881,45.0
000818.SZ,20260729,12.26,22600,277076.0,-0.16286644951140072,1.2488755849594655,44.0228013029316
000819.SZ,20260729,11.6,1800,20880.0,1.2216404886561838,0.2829717483876784,52.3298429319371
000820.SZ,20260729,,0,0.0,,,0.0
000821.SZ,20260729,6.97,14000,97580.0,0.0,2.353454979477091,45.0
000822.SZ,20260729,4.16,12800,53248.0,0.48309178743961567,0.8828189527008015,47.898550724637694
000823.SZ,20260729,12.84,96200,1235208.0,-0.46511627906976605,1.805493122985272,42.209302325581405
000825.SZ,20260729,3.51,20600,72306.0,0.0,0.43716080336417973,45.0
000826.SZ,20260729,1.39,183500,255065.0,0.0,4.807130818605992,45.0
000828.SZ,20260729,9.87,11300,111531.0,0.10141987829614951,1.526812088475948,45.6085192697769
000829.SZ,20260729,8.45,141300,1193985.0,-0.11820330969268822,5.448449408094206,44.29078014184387
000830.SZ,20260729,12.55,145300,1823515.0,0.40000000000000036,3.6522253089091388,47.400000000000006
000831.SZ,20260729,46.46,48700,2262602.0,-0.6840530141085988,2.1653416132407743,40.895681915348405
000833.SZ,20260729,19.08,21600,412128.0,0.15748031496061188,1.039764068535124,45.94488188976367
000837.SZ,20260729,9.03,48400,437052.0,0.0,2.796922545889815,45.0
000838.SZ,20260729,2.38,39600,94248.0,-0.4184100418410108,1.1441066326610323,42.48953974895394
000839.SZ,20260729,2.94,13583200,39934608.0,10.1123595505618,53.24870336129798,100.0
000848.SZ,20260729,8.46,107000,905220.0,-0.11806375442738881,2.514407015133241,44.291617473435664
000850.SZ,20260729,3.99,5000,19950.0,-0.24999999999999467,0.8147700535126268,43.50000000000003
000852.SZ,20260729,5.11,83000,424130.0,-0.583657587548625,7.403223315988872,41.49805447470825
000856.SZ,20260729,7.17,21100,151287.0,-0.139275766016711,4.095972406266674,44.16434540389973
000858.SZ,20260729,74.92,220700,16534844.0,0.16042780748664054,5.384909231662269,45.96256684491984
000859.SZ,20260729,8.3,1671300,13871790.0,-1.6587677725118377,28.37193541268911,35.04739336492897
000860.SZ,20260729,10.64,28800,306432.0,-0.4677268475210328,2.123320616735311,42.1936389148738
000862.SZ,20260729,5.78,1452300,8394294.0,-1.1965811965811812,24.206475037051874,37.82051282051291
000863.SZ,20260729,3.79,24800,93992.0,1.0666666666666602,1.1834360204649619,51.39999999999996
000868.SZ,20260729,3.52,48900,172128.0,0.8595988538681931,3.887943563918772,50.15759312320916
000869.SZ,20260729,17.2,3500,60200.0,0.0,2.4274183760409778,45.0
000875.SZ,20260729,5.18,419400,2172492.0,1.9685039370078705,4.4559083365055185,56.81102362204722
000876.SZ,20260729,6.84,77500,530100.0,-0.291545189504383,2.8086266084111093,43.2507288629737
000877.SZ,20260729,3.64,32300,117572.0,0.27548209366392573,1.465244630111511,46.652892561983556
000878.SZ,20260729,15.22,89000,1354580.0,0.0,2.8888158275883282,45.0
000880.SZ,20260729,21.07,4400,92708.0,-0.1894836570345726,0.40010398947302767,43.86309805779256
000881.SZ,20260729,6.31,32700,206337.0,0.31796502384737746,4.373314930412011,46.90779014308426
000882.SZ,20260729,1.38,98900,136482.0,0.0,1.3691578727668139,45.0
000883.SZ,20260729,4.61,27300,125853.0,0.0,0.7722528051362916,45.0
000885.SZ,20260729,12.6,12200,153720.0,-0.07930214115781098,2.188263781971964,44.524187153053134
000886.SZ,20260729,4.49,4800,21552.0,-0.44345898004433115,0.34696283220837537,42.339246119734014
000887.SZ,20260729,16.6,115100,1910660.0,-0.4199160167966398,4.165540548419896,42.48050389922016
000888.SZ,20260729,9.48,27100,256908.0,-0.42016806722687816,3.608329164407973,42.47899159663873
000889.SZ,20260729,3.69,353600,1304784.0,0.5449591280654031,6.283354000723346,48.26975476839242
000890.SZ,20260729,6.63,54200,359346.0,0.15105740181269312,3.662279556726686,45.90634441087616
000892.SZ,20260729,3.4,4547200,15460480.0,6.583072100313481,91.59308029008677,84.49843260188089
000893.SZ,20260729,50.31,47500,2389725.0,-0.4353849198495907,2.8281333403207785,42.38769048090246
000895.SZ,20260729,25.66,20000,513200.0,-0.15564202334630295,1.3723003423086912,44.06614785992218
000897.SZ,20260729,1.73,69800,120754.0,0.5813953488372103,2.2785399688599663,48.48837209302326
000898.SZ,20260729,2.0,68800,137600.0,0.0,1.3193342180070124,45.0
000899.SZ,20260729,10.48,47900,501992.0,-0.09532888465204614,1.6513565720498777,44.42802669208773
000900.SZ,20260729,3.7,15000,55500.0,0.27100271002711285,1.0439492279525213,46.62601626016268
000901.SZ,20260729,13.89,33200,461148.0,0.5792903692976026,2.146928599789072,48.475742215785615
000902.SZ,20260729,13.46,12900,173634.0,0.07434944237918462,0.9132852813916332,45.44609665427511
000903.SZ,20260729,1.72,23200,39904.0,0.0,1.6573576983289462,45.0
000905.SZ,20260729,8.59,179400,1541046.0,1.5366430260047137,16.356750290280715,54.21985815602828
000906.SZ,20260729,5.28,20500,108240.0,-0.37735849056602655,2.530237812809249,42.73584905660384
000908.SZ,20260729,6.28,87300,548244.0,0.15948963317384823,4.391844463230634,45.95693779904309
000909.SZ,20260729,4.47,354900,1586403.0,0.6756756756756577,22.133516095409032,49.05405405405395
000910.SZ,20260729,5.01,28200,141282.0,0.4008016032064132,4.3578059682898225,47.40480961923848
000911.SZ,20260729,4.16,48600,202176.0,-0.7159904534606243,16.347860067373162,40.70405727923625
000912.SZ,20260729,3.53,23900,84367.0,0.0,0.9232821562806629,45.0
000913.SZ,20260729,11.0,2100,23100.0,-0.1814882032667886,0.2869607602030296,43.91107078039927
000915.SZ,20260729,25.16,6600,166056.0,0.43912175648701535,1.7943669093914516,47.63473053892209
000917.SZ,20260729,6.62,89700,593814.0,0.0,2.936382690596991,45.0
000919.SZ,20260729,6.18,12800,79104.0,0.16207455429497752,1.252052625400223,45.97244732576986
000920.SZ,20260729,11.43,220100,2515743.0,0.08756567425569628,13.156360118171168,45.52539404553418
000921.SZ,20260729,25.81,23100,596211.0,0.0,1.5074015549603494,45.0
000922.SZ,20260729,10.45,30400,317680.0,-0.19102196752628364,2.24830515831356,43.8538681948423
000923.SZ,20260729,14.99,78000,1169220.0,0.8748317631224856,5.444043448582506,50.24899057873491
000925.SZ,20260729,6.89,607200,4183608.0,-1.7118402282453649,22.52746225453539,34.72895863052781
000926.SZ,20260729,2.08,298300,620464.0,0.48309178743961567,12.27735429834392,47.898550724637694
000927.SZ,20260729,2.46,50000,123000.0,0.0,0.8329055702999818,45.0
000928.SZ,20260729,5.04,42000,211680.0,0.0,2.0271536020267735,45.0
000929.SZ,20260729,7.84,5200,40768.0,0.0,1.5165959147590362,45.0
000930.SZ,20260729,4.53,19000,86070.0,0.0,0.8647707933220941,45.0
000931.SZ,20260729,4.14,2600,10764.0,0.0,0.39600333756645717,45.0
000932.SZ,20260729,3.75,260500,976875.0,0.0,1.6128853986310427,45.0
000933.SZ,20260729,25.29,372500,9420525.0,0.7569721115537664,6.173497864306173,49.5418326693226
000935.SZ,20260729,22.15,2700,59805.0,0.0,0.4670083856683236,45.0
000936.SZ,20260729,4.93,38900,191777.0,-0.2024291497975894,2.8381779352588135,43.785425101214464
000937.SZ,20260729,4.64,51450,238728.0,0.0,1.975802245909976,45.0
000938.SZ,20260729,40.86,3628002,148240161.72,-1.494696239151394,11.168394217453182,36.03182256509164
000948.SZ,20260729,14.72,752500,11076800.0,4.619758351101644,17.19345277776773,72.71855010660985
000949.SZ,20260729,5.7,43300,246810.0,-0.34965034965034336,0.8647914654878771,42.90209790209794
000950.SZ,20260729,5.35,31700,169595.0,0.1872659176029856,1.3082390339359007,46.123595505617914
000951.SZ,20260729,22.07,24800,547336.0,0.13611615245010533,1.382312719906649,45.81669691470063
000952.SZ,20260729,5.51,4200,23142.0,0.0,0.6523263377314162,45.0
000953.SZ,20260729,5.32,7300,38836.0,0.0,1.3660382225106427,45.0
000955.SZ,20260729,3.79,7100,26909.0,0.5305039787798504,0.6239286768531505,48.1830238726791
000957.SZ,20260729,10.06,54900,552294.0,0.29910269192423566,3.442805815364264,46.79461615154541
000958.SZ,20260729,5.4,7000,37800.0,0.0,0.5761607415159234,45.0
000959.SZ,20260729,3.87,122300,473301.0,-0.5141388174807249,1.713661264784959,41.91516709511565
000960.SZ,20260729,30.86,186900,5767734.0,-0.19404915912031306,3.468654045774431,43.83570504527812
000962.SZ,20260729,45.46,71800,3264028.0,-1.2168622338113888,3.0473853072609933,37.69882659713167
000963.SZ,20260729,28.94,36800,1064992.0,0.10377032168800149,1.9587833083031236,45.622621930128005
000965.SZ,20260729,3.07,4600,14122.0,0.0,0.3339276782546239,45.0
000966.SZ,20260729,4.27,166400,710528.0,0.0,3.1597894760021332,45.0
000967.SZ,20260729,7.4,160500,1187700.0,0.0,1.537745698711706,45.0
000968.SZ,20260729,6.83,783000,5347890.0,3.3282904689863724,16.467282919327463,64.96974281391823
000969.SZ,20260729,15.61,49300,769573.0,0.0,1.8151167078685067,45.0
000970.SZ,20260729,13.08,583900,7637412.0,1.869158878504673,10.226457000871806,56.21495327102804
000972.SZ,20260729,3.31,7200,23832.0,-0.6006006006005982,0.7926535538229617,41.39639639639641
000973.SZ,20260729,12.12,30100,364812.0,0.08257638315440907,0.6596930984310657,45.49545829892645
000975.SZ,20260729,21.62,362500,7837250.0,-1.4585232452142272,6.670400001634508,36.24886052871464
000977.SZ,20260729,79.9,709700,56705030.0,0.06261740763933155,7.185789878395798,45.37570444583599
000978.SZ,20260729,5.78,43900,253742.0,-0.17271157167529916,3.416679190396953,43.963730569948204
000980.SZ,20260729,1.6,175500,280800.0,0.0,1.349257684867387,45.0
000981.SZ,20260729,2.52,257900,649908.0,0.3984063745019917,1.1884874840660613,47.39043824701195
000983.SZ,20260729,6.26,741000,4638660.0,-0.4769475357710662,8.699929776259033,42.1383147853736
000985.SZ,20260729,14.13,3300,46629.0,0.4978662873399653,2.053143204878211,47.98719772403979
000987.SZ,20260729,7.57,33694,255063.58,0.1322751322751392,0.8403046774075731,45.79365079365083
000988.SZ,20260729,100.61,472100,47497981.0,0.02982700338038935,7.534974997699759,45.178962020282334
000989.SZ,20260729,9.06,257700,2334762.0,0.0,8.294747878578464,45.0
000990.SZ,20260729,8.79,122600,1077654.0,-0.5656108597285159,3.0295868330268236,41.60633484162891
000993.SZ,20260729,9.98,21300,212574.0,-0.49850448654036317,2.1019050691257366,42.00897308075782
000995.SZ,20260729,10.1,328700,3319870.0,0.0,18.986008236618733,45.0
000997.SZ,20260729,16.89,37200,628308.0,0.35650623885918886,1.3157146480435935,47.13903743315513
000998.SZ,20260729,8.11,6900,55959.0,0.0,0.4024472979053021,45.0
000999.SZ,20260729,24.9,31700,789330.0,-0.36014405762304635,2.238210088042452,42.839135654261725
001201.SZ,20260729,11.27,1100,12397.0,1.2578616352201255,0.4869516365620808,52.54716981132076
001202.SZ,20260729,12.23,44500,544235.0,-0.4882017900732172,10.61662210846884,42.0707892595607
001203.SZ,20260729,26.45,10900,288305.0,0.0756715853197143,0.6040374016727582,45.454029511918286
001205.SZ,20260729,12.67,2100,26607.0,0.07898894154818592,0.6446428071710898,45.473933649289116
001206.SZ,20260729,16.04,44800,718592.0,-0.3726708074534346,4.90856999292275,42.76397515527939
001207.SZ,20260729,14.46,3500,50610.0,0.0,1.0819565519940944,45.0
001208.SZ,20260729,13.83,45500,629265.0,0.07235890014472002,2.4427093316096764,45.43415340086832
001209.SZ,20260729,15.41,200,3082.0,0.19505851755525772,0.10520842105679981,20.10786689555551
001210.SZ,20260729,17.69,9900,175131.0,0.05656108597285048,2.3348626376749784,45.3393665158371
001211.SZ,20260729,18.87,11600,218892.0,0.4792332268370503,3.7154503347009484,47.8753993610223
001212.SZ,20260729,35.57,81300,2891841.0,0.7648725212464624,12.938669262351526,49.58923512747877
001213.SZ,20260729,3.5,1800,6300.0,-0.2849002849002802,0.20351243730726687,34.92283700590635
001215.SZ,20260729,30.7,1800,55260.0,-0.4862236628849326,0.691042544223065,42.0826580226904
001216.SZ,20260729,13.49,100,1349.0,0.37202380952381375,0.03341126157159045,8.246169940029164
001217.SZ,20260729,9.35,9900,92565.0,-0.42598509052184097,1.1610365830943592,42.44408945686895
001218.SZ,20260729,21.03,10100,212403.0,0.14285714285715567,4.75132395874864,45.85714285714293
001219.SZ,20260729,11.93,6700,79931.0,-0.2508361204013432,1.6845804994776399,43.49498327759194
001220.SZ,20260729,28.5,1000,28500.0,0.14054813773716202,1.01417945829718,45.84328882642297
001221.SZ,20260729,38.1,2100,80010.0,0.23677979479086453,0.6098112321991043,46.42067876874519
001222.SZ,20260729,13.73,3900,53547.0,0.14587892049597873,0.7349375720169372,45.875273522975874
001223.SZ,20260729,31.11,19600,609756.0,0.6796116504854455,8.930671446954547,49.077669902912675
001225.SZ,20260729,40.7,1400,56980.0,1.4456630109671131,1.272887798179775,53.67397806580268
001226.SZ,20260729,37.88,900,34092.0,-1.0449320794148398,0.9200768730866525,38.73040752351096
001227.SZ,20260729,2.15,569600,1224640.0,0.0,5.806912026182214,45.0
001228.SZ,20260729,,0,0.0,,0.0,0.0
001229.SZ,20260729,37.18,15100,561418.0,-0.9061833688699505,2.3606043995808665,39.5628997867803
001230.SZ,20260729,17.39,28400,493876.0,0.1728110599078514,5.276532429761469,46.03686635944711
001231.SZ,20260729,17.7,5100,90270.0,0.1697792869269854,4.1520153694941815,46.01867572156191
001233.SZ,20260729,43.09,100,4309.0,0.0,0.0953031592311872,17.1545686616137
001234.SZ,20260729,18.97,200,3794.0,0.5832449628843994,0.16269628133506148,32.78480041761746
001236.SZ,20260729,7.3,38800,283240.0,0.137174211248281,2.3089905048260793,45.82304526748969
001237.SZ,20260729,53.08,6500,345020.0,-0.018835938971561994,3.4871462785549685,44.88698436617063
001238.SZ,20260729,,0,0.0,,0.0,0.0
001239.SZ,20260729,10.97,5000,54850.0,-0.45372050816695486,1.4236059074804122,42.27767695099827
001248.SZ,20260729,13.8,4000000,55200000.0,-3.293622985283806,17.795830177804035,25.238262088297162
001255.SZ,20260729,,0,0.0,,0.0,0.0
001256.SZ,20260729,22.37,700,15659.0,0.0,0.342834918779717,45.0
001257.SZ,20260729,23.73,37400,887502.0,0.0843525938422518,2.9412576293288266,45.50611556305351
001258.SZ,20260729,11.61,5795700,67288077.0,-10.000000000000009,31.356225640101837,15.0
001259.SZ,20260729,43.0,4200,180600.0,0.4672897196261738,2.7922832114837735,47.803738317757045
001260.SZ,20260729,15.18,6900,104742.0,0.3968253968253954,7.358264780914905,47.38095238095237
001266.SZ,20260729,31.37,5900,185083.0,0.6739409499358251,2.4695009303308346,49.04364569961495
001267.SZ,20260729,31.46,275200,8657792.0,1.1900932775812167,8.669500314057766,52.1405596654873
001268.SZ,20260729,17.7,17300,306210.0,-0.11286681715575453,5.899064765227337,44.32279909706547
001269.SZ,20260729,17.4,2500,43500.0,-0.2293577981651529,0.9096869367323049,43.623853211009084
001270.SZ,20260729,98.0,67000,6566000.0,2.093968121679346,8.973407145988805,57.563808730076076
001277.SZ,20260729,26.24,1100,28864.0,0.0,1.3179763638217497,45.0
001278.SZ,20260729,13.89,5800,80562.0,-0.14378145219265948,3.0032209639898664,44.137311286844046
001279.SZ,20260729,23.37,100,2337.0,-0.34115138592749616,0.1435712340012068,23.795913804652248
001280.SZ,20260729,59.38,28800,1710144.0,-0.7852965747702556,4.7677075082439195,40.288220551378465
001282.SZ,20260729,14.78,800,11824.0,-0.26990553306343035,0.3504908779478609,43.380566801619416
001283.SZ,20260729,41.66,3900,162474.0,0.12016342225424914,1.0349074153353532,45.72098053352549
001285.SZ,20260729,39.88,3000,119640.0,0.27659039476992664,2.7812539461394103,46.65954236861956
001286.SZ,20260729,10.35,147500,1526625.0,-0.09652509652509078,5.877336418369308,44.42084942084946
001287.SZ,20260729,21.28,121100,2577008.0,0.4247286455875354,4.757755218178137,47.54837187352521
001288.SZ,20260729,25.69,6100,156709.0,-0.23300970873786353,1.4595390109259974,43.601941747572816
001289.SZ,20260729,16.14,2100,33894.0,-0.37037037037036535,0.37735918966644244,42.77777777777781
001296.SZ,20260729,16.68,3000,50040.0,0.18018018018017834,1.3236940714227245,46.08108108108107
001298.SZ,20260729,15.71,31700,498007.0,-1.132787916928879,3.898532491141429,38.20327249842673
001299.SZ,20260729,9.46,800,7568.0,0.21186440677967155,0.24842626646091504,45.98791440364273
001300.SZ,20260729,9.96,5000,49800.0,-0.2004008016032066,1.5896644993921447,43.79759519038076
001301.SZ,20260729,52.02,4600,239292.0,-0.5353728489483678,0.620265088219565,41.787762906309794
001306.SZ,20260729,46.71,1200,56052.0,0.021413276231263545,1.6397743996672476,45.12847965738758
001308.SZ,20260729,16.83,1400,23562.0,0.17857142857140573,0.4821865377348407,46.071428571428434
001309.SZ,20260729,361.0,185600,67001600.0,-0.12173528109783449,7.768467158759064,44.269588313412996
001311.SZ,20260729,14.98,4200,62916.0,0.13368983957218195,0.454599087865702,45.80213903743309
001312.SZ,20260729,17.45,6800,118660.0,0.05733944954127157,3.431444420470635,45.34403669724763
001313.SZ,20260729,6.99,18300,127917.0,0.0,1.4126966304307889,45.0
001314.SZ,20260729,49.8,13900,692220.0,-0.220396714085358,2.1378847387441113,43.67761971548785
001316.SZ,20260729,25.09,6900,173121.0,0.9251810136766014,3.007007399105412,50.55108608205961
001317.SZ,20260729,52.23,246100,12853803.0,0.9665571235260018,29.84521276486713,50.79934274115601
001318.SZ,20260729,10.12,9200,93104.0,0.29732408325073845,0.7408830901658835,46.78394449950443
001319.SZ,20260729,17.89,9300,166377.0,1.1305822498586693,4.817443455548076,51.783493499152016
001322.SZ,20260729,,0,0.0,,0.0,0.0
001323.SZ,20260729,15.69,22100,346749.0,0.5124919923126248,3.7459855577615766,48.07495195387575
001324.SZ,20260729,18.82,9200,173144.0,-0.6335797254487963,5.586520849309191,41.198521647307224
001325.SZ,20260729,,0,0.0,,0.0,0.0
001326.SZ,20260729,46.01,1900,87419.0,0.02173913043477249,1.6834837657899833,45.13043478260863
001328.SZ,20260729,32.4,85500,2770200.0,1.8227529855436853,25.655153930386437,55.93651791326211
001330.SZ,20260729,4.71,227600,1071996.0,0.4264392324093702,3.3712909359516323,47.55863539445622
001331.SZ,20260729,42.8,57300,2452440.0,-0.34924330616997734,5.33458464017525,42.90454016298013
001332.SZ,20260729,29.57,3500,103495.0,-0.9380234505862672,2.0543899381808433,39.3718592964824
001333.SZ,20260729,17.59,200,3518.0,-0.17026106696935717,0.21620017801177818,37.89446564030393
001335.SZ,20260729,29.49,200,5898.0,0.13582342954159277,0.27976833777572696,45.81494057724956
001336.SZ,20260729,15.82,7650,121023.0,0.12658227848101333,4.055605972721341,45.75949367088608
001337.SZ,20260729,38.11,89000,3391790.0,-0.7034914017717608,6.218997796960107,40.77905158936944
001338.SZ,20260729,8.54,29500,251930.0,0.7075471698112956,5.855298430334709,49.245283018867774
001339.SZ,20260729,71.27,22000,1567940.0,-0.028054425585655185,2.0062767537119948,44.83167344648607
001356.SZ,20260729,8.35,200,1670.0,0.24009603841537164,0.041777404933201055,8.96050911846842
001358.SZ,20260729,25.27,482400,12190248.0,3.016714227476558,38.28636786141279,63.100285364859346
001359.SZ,20260729,82.44,9500,783180.0,0.536585365853659,1.8360884860920939,48.21951219512195
001360.SZ,20260729,14.38,2000,28760.0,2.567760342368053,0.4904018008768196,60.406562054208315
001365.SZ,20260729,35.52,24800,880896.0,-0.11248593925758943,4.46800242985957,44.32508436445446
001366.SZ,20260729,10.54,3900,41106.0,0.0,1.3058928310753317,45.0
001367.SZ,20260729,17.8,6200,110360.0,0.9070294784580435,5.543832362820073,50.44217687074826
001368.SZ,20260729,19.74,600,11844.0,0.20304568527917954,0.4814132576349871,46.21827411167508
001369.SZ,20260729,12.41,36000,446760.0,-0.2411575562700885,2.9905577220515323,43.553054662379466
001373.SZ,20260729,24.6,7400,182040.0,0.5723630417007408,2.4882595333972093,48.43417825020445
001376.SZ,20260729,11.14,2117300,23586722.0,-0.08968609865470656,41.890660197385614,44.46188340807176
001378.SZ,20260729,16.15,5300,85595.0,0.0,1.648172086635949,45.0
001379.SZ,20260729,14.61,1100,16071.0,-0.3410641200545794,0.6997488680513807,42.953615279672526
001380.SZ,20260729,15.32,3400,52088.0,-0.7772020725388518,2.555141227266246,40.33678756476689
001382.SZ,20260729,16.85,84100,1417085.0,-0.7656065959952829,7.57362394723701,40.4063604240283
001386.SZ,20260729,14.81,7700,114037.0,-0.20215633423180668,1.6739299697639414,43.78706199460916
001387.SZ,20260729,10.98,8100,88938.0,-0.09099181073702889,2.1286099130410507,44.454049135577826
001388.SZ,20260729,20.76,93100,1932756.0,-1.8903591682419618,9.607517727679262,33.65784499054823
001389.SZ,20260729,146.01,19000,2774190.0,-3.1507031042716904,1.6283868280274478,26.095781374369857
001390.SZ,20260729,17.6,1200,21120.0,0.3420752565564511,1.366409058877997,47.052451539338705
001391.SZ,20260729,4.3,277400,1192820.0,0.7025761124121788,11.981149041981158,49.215456674473074
001393.SZ,20260729,42.6,12600,536760.0,-0.9993028119916314,5.581252934161037,39.004183128050215
001395.SZ,20260729,27.93,14900,416157.0,-0.03579098067287845,4.7933887160132,44.78525411596273
001396.SZ,20260729,31.67,300,9501.0,0.8277618592804847,0.46722342615239354,49.96657115568291
001399.SZ,20260729,24.52,230761,5658259.72,-0.8892481810832575,6.159451593587651,39.66451091350046
001400.SZ,20260729,67.21,4000,268840.0,0.463378176382645,2.9162250485104444,47.78026905829587
001696.SZ,20260729,14.4,75600,1088640.0,0.06949270326614965,1.9814028966963775,45.4169562195969
001872.SZ,20260729,21.28,12500,266000.0,-0.18761726078798668,2.2195500110258024,43.87429643527208
001896.SZ,20260729,13.37,386700,5170179.0,-0.9629629629629655,4.509128823418183,39.22222222222221
001914.SZ,20260729,8.91,21300,189783.0,0.0,2.6210493593815856,45.0
001965.SZ,20260729,10.49,62100,651429.0,-0.09523809523809268,3.2857908729600083,44.428571428571445
001979.SZ,20260729,6.93,91700,635481.0,-0.14409221902018654,0.7171576398302966,44.13544668587888
002001.SZ,20260729,29.24,53900,1576036.0,0.17129153819799292,1.5305173556880531,46.02774922918796
002003.SZ,20260729,10.56,72500,765600.0,-0.09460737937558861,3.3850490032571137,44.43235572374647
002004.SZ,20260729,4.29,52600,225654.0,0.2336448598130758,2.351662292105556,46.401869158878455
002005.SZ,20260729,2.22,54000,119880.0,0.452488687782826,3.197029947444647,47.71493212669696
002006.SZ,20260729,12.94,2100,27174.0,-0.07722007722007485,0.22085582449778757,39.290727946281315
002007.SZ,20260729,13.03,44700,582441.0,0.4626060138781751,3.1248672123841432,47.77563608326905
002008.SZ,20260729,94.07,135900,12784113.0,-0.10619093129448087,2.6961876842256345,44.36285441223311
002009.SZ,20260729,16.46,58200,957972.0,1.1056511056511065,4.445226652316637,51.63390663390664
002010.SZ,20260729,4.59,65300,299727.0,0.21834061135370675,2.3481655082140365,46.31004366812224
002011.SZ,20260729,10.27,8900,91403.0,0.09746588693957392,0.6205764083634477,45.58479532163744
002012.SZ,20260729,5.46,235000,1283100.0,-0.9074410163339319,13.026097991890602,39.55535390199641
002014.SZ,20260729,10.88,3800,41344.0,0.4616805170821747,0.7770566359901833,47.77008310249305
002015.SZ,20260729,14.05,197200,2770660.0,-0.21306818181817677,3.1209599418846943,43.72159090909094
002016.SZ,20260729,4.13,100,413.0,-0.24154589371979673,0.009298245878237826,0.22440889576402823
002017.SZ,20260729,13.05,18500,241425.0,0.0,1.2800475348081717,45.0
002019.SZ,20260729,9.97,6600,65802.0,-0.10020040080159776,0.5635006088487403,44.398797595190416
002020.SZ,20260729,13.58,25700,349006.0,-0.22042615723731895,1.9125549888925288,43.67744305657609
002021.SZ,20260729,2.44,10800,26352.0,0.0,0.1950212255160631,35.10382059289136
002022.SZ,20260729,5.01,14700,73647.0,-0.19920318725099584,2.484285248819975,43.80478087649402
002023.SZ,20260729,8.93,36200,323266.0,0.3370786516853963,1.9203564782325333,47.02247191011238
002024.SZ,20260729,1.19,213200,253708.0,0.8474576271186418,9.44807455948776,50.08474576271185
002025.SZ,20260729,62.0,49300,3056600.0,0.6166828951639225,3.4018745588534567,48.700097370983535
002026.SZ,20260729,,0,0.0,,0.0,0.0
002027.SZ,20260729,5.35,226500,1211775.0,0.0,1.0029209624467719,45.0
002028.SZ,20260729,161.28,26600,4290048.0,0.0,2.63414909914001,45.0
002029.SZ,20260729,7.86,126600,995076.0,-0.12706480304954804,4.837619162173593,44.23761118170271
002030.SZ,20260729,5.42,237500,1287250.0,-0.18416206261510082,11.530830553422225,43.89502762430939
002031.SZ,20260729,4.68,81800,382824.0,0.42918454935620964,1.220881496501476,47.57510729613726
002032.SZ,20260729,41.5,3200,132800.0,0.024102193299579966,0.7524374015525536,45.14461315979748
002033.SZ,20260729,8.51,18000,153180.0,0.2355712603062443,1.0495497440025872,46.413427561837466
002034.SZ,20260729,13.94,55600,775064.0,-0.21474588403722628,7.015279820785426,43.711524695776646
002035.SZ,20260729,4.79,10400,49816.0,0.6302521008403339,1.2236856071251438,48.781512605042
002036.SZ,20260729,,0,0.0,,,0.0
002037.SZ,20260729,6.13,14500,88885.0,0.3273322422258529,1.7944987695514514,46.963993453355116
002038.SZ,20260729,5.51,88900,489839.0,0.36429872495444826,2.9045742993840573,47.18579234972669
002039.SZ,20260729,19.33,36600,707478.0,0.5200208008320217,3.3517037073270846,48.12012480499213
002040.SZ,20260729,8.02,7900,63358.0,0.3754693366708306,1.262176083668571,47.25281602002498
002041.SZ,20260729,8.44,2100,17724.0,0.11862396204032066,0.20284033401157944,37.223003894326226
002042.SZ,20260729,3.6,25100,90360.0,-0.27700831024930483,0.8732316768143757,43.33795013850417
002043.SZ,20260729,12.89,40800,525912.0,0.3894080996884819,1.762036665659549,47.33644859813089
002044.SZ,20260729,4.47,321600,1437552.0,0.22421524663676085,4.069271453153162,46.34529147982057
002045.SZ,20260729,7.78,132800,1033184.0,0.9079118028534339,5.584769568027035,50.4474708171206
002046.SZ,20260729,46.88,9000,421920.0,-0.48821906177032304,0.6951907525160748,42.07068562937806
002047.SZ,20260729,3.27,16900,55263.0,0.6153846153846176,0.8036041037529477,48.69230769230771
002048.SZ,20260729,18.33,39100,716703.0,0.3833515881708438,2.235019715523627,47.300109529025065
002049.SZ,20260729,63.62,61000,3880820.0,-0.3133813851457279,2.7709549332748677,43.11971168912563
002050.SZ,20260729,35.58,220300,7838274.0,0.0,3.794440286753795,45.0
002051.SZ,20260729,8.77,775200,6798504.0,-0.5668934240362855,19.640259813553463,41.59863945578229
002052.SZ,20260729,8.83,19300,170419.0,0.68415051311288,1.6118110179175005,49.10490307867728
002053.SZ,20260729,9.34,5900,55106.0,0.1071811361200492,0.6349401823575488,45.6430868167203
002054.SZ,20260729,6.68,129200,863056.0,1.6742770167427645,7.121176827792818,55.04566210045659
002055.SZ,20260729,5.36,30200,161872.0,0.7518796992481258,2.2458556206695026,49.51127819548876
002056.SZ,20260729,20.93,78000,1632540.0,0.0,2.7161263434885865,45.0
002057.SZ,20260729,7.83,96100,752463.0,0.5134788189987249,4.014441902018694,48.08087291399235
002058.SZ,20260729,15.13,2900,43877.0,-0.9816753926701449,1.3875544552745884,39.10994764397913
002059.SZ,20260729,4.32,34200,147744.0,0.0,3.502113869332354,45.0
002060.SZ,20260729,3.24,199300,645732.0,0.0,10.368095761459601,45.0
002061.SZ,20260729,3.52,27400,96448.0,0.0,1.2167181245976015,45.0
002062.SZ,20260729,7.3,18100,132130.0,0.0,1.5452062756505514,45.0
002063.SZ,20260729,5.34,45200,241368.0,-0.18691588785045843,1.593866484063149,43.87850467289725
002064.SZ,20260729,10.93,55000,601150.0,-0.45537340619308253,1.4724896465262178,42.267759562841505
002065.SZ,20260729,6.86,34900,239414.0,0.29239766081872176,0.8511516040603174,46.75438596491233
002066.SZ,20260729,21.09,3600,75924.0,1.0541447053186381,1.0943798081995748,51.32486823191183
002067.SZ,20260729,4.24,422300,1790552.0,-0.23529411764705577,8.3938722317331,43.588235294117666
002068.SZ,20260729,7.35,46400,341040.0,-0.6756756756756799,1.720879576049646,40.94594594594592
002069.SZ,20260729,3.08,22000,67760.0,0.6535947712418277,2.3929337823733374,48.92156862745097
002072.SZ,20260729,6.83,14400,98352.0,0.0,2.50941054468844,45.0
002073.SZ,20260729,5.52,5400,29808.0,0.363636363636366,0.29077006930213517,47.181818181818194
002074.SZ,20260729,27.08,40500,1096740.0,0.14792899408284654,0.8533038440288641,45.88757396449708
002075.SZ,20260729,3.52,21000,73920.0,0.2849002849002913,0.44440563109549486,46.709401709401746
002076.SZ,20260729,1.9,137800,261820.0,0.0,5.11395753747182,45.0
002077.SZ,20260729,11.7,130300,1524510.0,-0.2557544757033292,3.723578469386159,43.465473145780024
002078.SZ,20260729,14.45,44100,637245.0,0.0,1.7921913138837455,45.0
002079.SZ,20260729,8.93,150400,1343072.0,0.22446689113355678,3.1558528947627305,46.34680134680134
002080.SZ,20260729,45.95,365300,16785535.0,-1.7112299465240621,5.017579468021046,34.73262032085563
002081.SZ,20260729,3.64,262950,957138.0,-0.5464480874316946,2.550431296465359,41.721311475409834
002082.SZ,20260729,10.26,597400,6129324.0,2.293120638085755,23.709829143178148,58.75872382851453
002083.SZ,20260729,10.79,2929700,31611463.0,-0.09259259259261077,23.19629644633458,44.444444444444336
002084.SZ,20260729,3.39,6700,22713.0,0.8928571428571397,0.4384922508378339,50.35714285714284
002085.SZ,20260729,10.11,34200,345762.0,0.29761904761904656,1.0607110723869901,46.78571428571428
002086.SZ,20260729,1.78,98700,175686.0,0.5649717514124353,3.287374458974238,48.38983050847461
002088.SZ,20260729,7.09,48500,343865.0,1.1412268188302432,9.822928743890998,51.84736091298146
002090.SZ,20260729,8.88,12800,113664.0,0.11273957158963732,1.107179719592078,45.67643742953783
002091.SZ,20260729,7.54,34400,259376.0,0.0,1.89898604853235,45.0
002092.SZ,20260729,4.36,219100,955276.0,0.4608294930875667,3.483195328629234,47.7649769585254
002093.SZ,20260729,6.68,29700,198396.0,0.7541478129713397,1.6852445571440033,49.52488687782804
002094.SZ,20260729,4.45,37900,168655.0,0.9070294784580435,1.4962856796220405,50.44217687074826
002095.SZ,20260729,13.47,4600,61962.0,-0.1482579688658281,1.8411384736475815,44.110452186805034
002096.SZ,20260729,9.15,20500,187575.0,0.0,1.7652458232914539,45.0
002097.SZ,20260729,7.0,42100,294700.0,0.2865329512893977,1.8882414394617704,46.719197707736384
002098.SZ,20260729,6.43,200,1286.0,-0.15527950310559868,0.06429632867963239,10.641662143700238
002099.SZ,20260729,5.22,14000,73080.0,0.0,0.43938151611404824,45.0
002100.SZ,20260729,6.98,43700,305026.0,0.0,2.8970836602587693,45.0
002101.SZ,20260729,8.56,3900,33384.0,0.0,0.5932172416976407,45.0
002102.SZ,20260729,2.29,22400,51296.0,-0.8658008658008698,2.127415676021003,39.80519480519478
002103.SZ,20260729,6.19,8200,50758.0,0.0,0.9311006326505028,45.0
002104.SZ,20260729,9.94,153500,1525790.0,-0.5005005005005114,3.4642536038750076,41.996996996996934
002105.SZ,20260729,5.11,11400,58254.0,0.19607843137257053,1.4066731614685914,46.176470588235425
002106.SZ,20260729,9.47,54600,517062.0,-0.6295907660020861,2.512686130278596,41.22245540398748
002107.SZ,20260729,6.03,28700,173061.0,1.1744966442952975,3.1647911184646227,52.04697986577179
002108.SZ,20260729,4.26,25300,107778.0,0.0,1.0347357339255867,45.0
002109.SZ,20260729,2.53,115800,292974.0,-0.3937007874015852,16.378017162778285,42.63779527559049
002110.SZ,20260729,3.01,49200,148092.0,-0.33112582781458233,1.548486959006646,43.013245033112504
002111.SZ,20260729,9.28,17600,163328.0,-0.6423982869379063,2.2629434928234646,41.14561027837256
002112.SZ,20260729,14.61,78700,1149807.0,-0.7472826086956652,2.957604958784245,40.51630434782601
002114.SZ,20260729,6.31,9300,58683.0,0.0,1.1174460921234646,45.0
002115.SZ,20260729,10.7,220500,2359350.0,-1.1090573012939142,4.69461646972379,38.34565619223652
002116.SZ,20260729,6.93,600,4158.0,0.5805515239477588,0.17804880705757722,35.532094414050455
002117.SZ,20260729,7.86,66200,520332.0,1.1583011583011782,9.402350684164341,51.94980694980707
002119.SZ,20260729,21.66,211000,4570260.0,-1.5454545454545499,4.872975330181531,35.727272727272705
002120.SZ,20260729,6.75,124200,838350.0,-0.14792899408283544,3.2906321980194817,44.112426035502985
002121.SZ,20260729,4.76,13000,61880.0,-0.6263048016701522,0.3789683561483858,41.24217118997909
002122.SZ,20260729,2.35,27400,64390.0,-0.4237288135593098,2.027996940272608,42.45762711864414
002123.SZ,20260729,8.23,132500,1090475.0,0.24360535931788885,5.778071644268893,46.46163215590733
002124.SZ,20260729,2.17,41700,90489.0,-0.4587155963302836,0.84745286512286,42.2477064220183
002125.SZ,20260729,11.75,39800,467650.0,0.0,1.460282999130589,45.0
002126.SZ,20260729,38.4,83400,3202560.0,-1.412066752246477,3.874501053741194,36.52759948652114
002127.SZ,20260729,3.03,123500,374205.0,0.0,2.4747176211737996,45.0
002128.SZ,20260729,26.27,27600,725052.0,0.6513409961685701,2.1733301785145063,48.90804597701142
002129.SZ,20260729,8.5,214800,1825800.0,-0.5847953216374324,2.1520182521768727,41.4912280701754
002130.SZ,20260729,15.46,41300,638498.0,-0.5148005148005064,0.6320910711936033,41.91119691119696
002131.SZ,20260729,4.04,601000,2428040.0,0.0,2.374223005058361,45.0
002132.SZ,20260729,4.04,115300,465812.0,0.0,2.3335853487982123,45.0
002133.SZ,20260729,2.46,47500,116850.0,0.40816326530610514,3.4709236086552755,47.44897959183663
002134.SZ,20260729,19.69,3000,59070.0,0.4591836734693766,0.2975804862646505,47.75510204081626
002135.SZ,20260729,5.81,5600,32536.0,-0.5136986301369939,0.4744921183571997,41.917808219178035
002136.SZ,20260729,11.88,2800,33264.0,-0.1680672268907557,0.43450627190262203,43.991596638655466
002137.SZ,20260729,7.07,205200,1450764.0,-0.42253521126759397,7.533592674259507,42.46478873239444
002138.SZ,20260729,41.06,149500,6138470.0,-1.4875239923224481,2.924759673306275,36.07485604606531
002139.SZ,20260729,9.5,6000,57000.0,0.0,0.28400466836410526,45.0
002140.SZ,20260729,8.74,3400,29716.0,0.45977011494253706,0.600375713650767,47.758620689655224
002141.SZ,20260729,5.66,5978400,33837744.0,-1.221640488656195,20.552896462599087,37.67015706806283
002142.SZ,20260729,31.88,67100,2139148.0,0.18856065367693908,2.4481999149811813,46.13136392206164
002144.SZ,20260729,9.71,20700,200997.0,0.0,5.9369693569829485,45.0
002145.SZ,20260729,4.56,149900,683544.0,0.219780219780219,2.8206520842509035,46.318681318681314
002146.SZ,20260729,1.09,682000,743380.0,0.0,5.831165971861843,45.0
002148.SZ,20260729,6.07,95300,578471.0,1.3355592654423987,4.2584192101860525,53.01335559265439
002149.SZ,20260729,32.88,38200,1256016.0,0.0608642726719566,1.6950177433378593,45.36518563603174
002150.SZ,20260729,21.13,22300,471199.0,-0.5647058823529449,2.85730836723721,41.61176470588233
002151.SZ,20260729,27.42,25100,688242.0,-0.25463805020006225,1.5954703378625168,43.47217169879963
002152.SZ,20260729,9.67,63500,614045.0,0.0,1.7027336351626519,45.0
002153.SZ,20260729,7.91,332100,2626911.0,-1.0012515644555742,9.891636917265512,38.992490613266554
002154.SZ,20260729,3.7,95000,351500.0,-0.26954177897573484,2.227697865549606,43.38274932614559
002155.SZ,20260729,22.2,168500,3740700.0,-0.4930524428507388,4.401288262526782,42.04168534289557
002156.SZ,20260729,65.88,1459163,96129658.44,-4.521739130434788,7.69950603542119,17.869565217391276
002157.SZ,20260729,2.88,141300,406944.0,0.34843205574912606,1.5490712625475473,47.09059233449476
002158.SZ,20260729,26.23,162600,4264998.0,0.3059273422562292,9.608025436304144,46.835564053537375
002159.SZ,20260729,12.7,700,8890.0,0.07880220646176994,0.21291116716353506,38.79682332820693
002160.SZ,20260729,3.73,29000,108170.0,0.0,1.7649177811330305,45.0
002161.SZ,20260729,5.25,64500,338625.0,-0.7561436672967825,2.231360357202162,40.4631379962193
002162.SZ,20260729,3.98,110400,439392.0,0.5050505050504972,5.926491100410413,48.03030303030298
002163.SZ,20260729,7.82,37100,290122.0,0.773195876288657,1.301086831336603,49.63917525773194
002164.SZ,20260729,10.4,8800,91520.0,0.5802707930367523,0.6931095875293932,48.48162475822051
002165.SZ,20260729,6.49,615900,3997191.0,-1.21765601217656,6.828321754274289,37.69406392694064
002166.SZ,20260729,6.48,54700,354456.0,0.0,3.0429963960727493,45.0
002167.SZ,20260729,15.43,157100,2424053.0,0.2599090318388564,2.053213249102815,46.55945419103314
002168.SZ,20260729,3.56,4500,16020.0,-1.3850415512465353,0.7349828820559848,36.68975069252079
002169.SZ,20260729,10.83,66800,723444.0,-0.6422018348623881,3.105750994455292,41.14678899082567
002170.SZ,20260729,11.28,30200,340656.0,-0.1769911504424848,1.0535771463939023,43.93805309734509
002171.SZ,20260729,8.95,74400,665880.0,-0.33407572383075124,1.6653393028167096,42.99554565701549
002172.SZ,20260729,3.17,139800,443166.0,0.31645569620253333,7.78790765933529,46.8987341772152
002173.SZ,20260729,24.0,3708400,89001600.0,5.448154657293491,34.95507191705337,77.68892794376094
002174.SZ,20260729,11.18,71500,799370.0,0.0,1.6581741260216734,45.0
002175.SZ,20260729,2.36,68800,162368.0,-0.8403361344537785,3.3253627003252597,39.95798319327733
002176.SZ,20260729,7.99,101900,814181.0,0.6297229219143663,1.4530108072854973,48.7783375314862
002177.SZ,20260729,5.55,128800,714840.0,0.7259528130671544,4.707228153168619,49.35571687840293
002178.SZ,20260729,4.37,13700,59869.0,0.0,1.3797733100830618,45.0
002179.SZ,20260729,32.91,34900,1148559.0,0.0,1.500816027951222,45.0
002180.SZ,20260729,16.63,32900,547127.0,-0.35949670461356,3.2763383736997933,42.84301977231864
002181.SZ,20260729,8.02,88300,708166.0,-0.3726708074534346,2.695777269293315,42.76397515527939
002182.SZ,20260729,11.25,31700,356625.0,0.0,1.1554037882065527,45.0
002183.SZ,20260729,4.45,80500,358225.0,0.0,1.5237686254421503,45.0
002184.SZ,20260729,9.48,14400,136512.0,0.7438894792773709,1.9026142797280328,49.463336875664226
002185.SZ,20260729,17.71,2983340,52834951.4,1.3737836290784289,7.553262813262925,53.242701774470575
002186.SZ,20260729,9.03,7600,68628.0,-0.11061946902655162,1.5337664284346368,44.33628318584069
002187.SZ,20260729,4.98,20400,101592.0,0.201207243460777,0.8864307075121312,46.20724346076466
002188.SZ,20260729,4.6,14200,65320.0,0.4366812227074135,1.1890889547034293,47.62008733624448
002189.SZ,20260729,18.51,28100,520131.0,-1.5425531914893598,6.523905720278528,35.74468085106384
002190.SZ,20260729,22.69,12900,292701.0,-0.1320422535211141,2.3236416455516014,44.20774647887332
002191.SZ,20260729,3.76,40600,152656.0,0.53475935828875,4.5846034202837735,48.2085561497325
002192.SZ,20260729,64.5,39900,2573550.0,0.3110419906687367,1.8556598628119412,46.86625194401242
002193.SZ,20260729,3.8,17700,67260.0,1.0638297872340496,4.853318443858413,51.3829787234043
002194.SZ,20260729,8.6,82600,710360.0,0.0,3.9393723735136486,45.0
002195.SZ,20260729,7.03,12242500,86064775.0,2.9282576866764387,26.06214685322646,62.56954612005863
002196.SZ,20260729,10.3,181300,1867390.0,2.487562189054726,8.299753520721119,59.92537313432835
002197.SZ,20260729,6.69,289900,1939431.0,0.45045045045044585,4.490623139711416,47.70270270270267
002198.SZ,20260729,3.21,56000,179760.0,1.2618296529968376,9.351755709416977,52.570977917981025
002199.SZ,20260729,11.86,580400,6883544.0,-2.5472473294987696,26.863792786813722,29.716516023007383
002200.SZ,20260729,6.6,50300,331980.0,3.610675039246458,15.248515247137286,66.66405023547875
002201.SZ,20260729,7.58,8300,62914.0,-0.13175230566534468,0.5012101700994892,44.209486166007935
002202.SZ,20260729,18.0,324500,5841000.0,0.05558643690939391,4.304433502552782,45.33351862145636
002203.SZ,20260729,17.3,164300,2842390.0,3.037522334723053,3.9342544623089393,63.225134008338316
002204.SZ,20260729,5.24,40300,211172.0,0.19120458891013214,1.429268159912339,46.14722753346079
002205.SZ,20260729,9.58,25700,246206.0,0.9483667017913477,12.915112794919146,50.69020021074809
002206.SZ,20260729,5.28,42600,224928.0,-0.1890359168241873,4.317708130946963,43.865784499054875
002207.SZ,20260729,5.4,105800,571320.0,1.6949152542373058,7.337864463355086,55.16949152542384
002208.SZ,20260729,12.5,687900,8598750.0,-1.6522423288749088,7.728861599227858,35.08654602675055
002209.SZ,20260729,10.5,4400,46200.0,0.6711409395973256,1.1388743534503063,49.02684563758395
002210.SZ,20260729,2.21,140800,311168.0,-0.45045045045045695,2.3467160269889633,42.297297297297256
002211.SZ,20260729,4.16,1955900,8136544.0,0.0,61.03795980469318,45.0
002212.SZ,20260729,6.33,3279753,20760836.49,5.499999999999994,42.011078663908364,77.99999999999997
002213.SZ,20260729,27.36,87300,2388528.0,1.74786165860914,6.995009023365073,55.48716995165484
002214.SZ,20260729,13.08,15100,197508.0,-1.3574660633484115,4.5598435990545125,36.85520361990953
002215.SZ,20260729,8.79,84600,743634.0,0.0,3.2663212599115723,45.0
002216.SZ,20260729,13.08,36200,473496.0,0.07651109410864443,3.499834214113672,45.45906656465186
002217.SZ,20260729,1.4,2176600,3047240.0,0.0,14.760230061233287,45.0
002218.SZ,20260729,4.03,1253000,5049590.0,0.0,10.279224949250473,45.0
002219.SZ,20260729,2.12,630600,1336872.0,0.0,6.559278140664122,45.0
002221.SZ,20260729,5.35,106100,567635.0,0.1872659176029856,3.4027578412976265,46.123595505617914
002222.SZ,20260729,56.53,919660,51988379.8,-3.202054794520548,24.062549650164033,25.78767123287671
002223.SZ,20260729,26.89,19200,516288.0,-0.037174721189581206,1.231772950215009,44.77695167286251
002224.SZ,20260729,3.41,102700,350207.0,0.5899705014749346,7.1448470452863475,48.53982300884961
002225.SZ,20260729,3.48,106100,369228.0,0.0,3.7577637099340913,45.0
002226.SZ,20260729,4.72,28800,135936.0,-0.21141649048627142,1.0229251587887453,43.73150105708237
002227.SZ,20260729,5.86,10300,60358.0,-0.5093378607809784,4.9857415127865465,41.94397283531413
002228.SZ,20260729,3.01,5700,17157.0,0.3333333333333188,0.2953493966905775,46.999999999999915
002229.SZ,20260729,9.92,90300,895776.0,-0.2012072434607548,2.849065933024912,43.79275653923547
002230.SZ,20260729,39.72,90900,3610548.0,-0.22607385079126407,2.960741333063879,43.643556895252416
002232.SZ,20260729,13.72,1200,16464.0,-0.21818181818181737,0.3359445348716916,43.690909090909095
002233.SZ,20260729,7.28,73100,532168.0,0.41379310344829,3.683816285778924,47.48275862068974
002234.SZ,20260729,6.8,1400,9520.0,-0.43923865300147247,0.3488101530404803,42.364568081991166
002235.SZ,20260729,7.75,469900,3641725.0,0.9114583333333481,16.063366616274617,50.468750000000085
002236.SZ,20260729,16.38,152500,2497950.0,0.06108735491752171,3.3654594688005117,45.36652412950513
002237.SZ,20260729,12.78,52000,664560.0,-0.23419203747073736,2.3184374209313487,43.59484777517557
002238.SZ,20260729,5.82,1100,6402.0,0.0,0.18690241390791065,33.64243450342392
002239.SZ,20260729,2.51,36400,91364.0,0.40000000000000036,0.5441892094948105,47.400000000000006
002240.SZ,20260729,28.75,435300,12514875.0,0.9834913944503088,7.328793610286186,50.900948366701854
002241.SZ,20260729,22.98,333600,7666128.0,0.5689277899343592,2.3300537606143195,48.41356673960615
002242.SZ,20260729,9.0,521700,4695300.0,-0.33222591362125353,29.929062167828715,43.00664451827248
002243.SZ,20260729,6.83,52900,361307.0,0.7374631268436627,3.446535572456321,49.42477876106197
002244.SZ,20260729,8.81,143800,1266878.0,-1.0112359550561778,2.5299628970120778,38.93258426966293
002245.SZ,20260729,15.9,92248,1466743.2,-0.996264009962633,1.0660029781751568,39.0224159402242
002246.SZ,20260729,19.48,38400,748032.0,0.05136106831022946,2.0561478314570496,45.30816640986138
002247.SZ,20260729,2.07,7000,14490.0,0.4854368932038833,0.26713636946630187,47.9126213592233
002248.SZ,20260729,8.2,11700,95940.0,-0.24330900243311193,1.3534706555387133,43.54014598540133
002249.SZ,20260729,7.04,105500,742720.0,0.42796005706133844,1.9872614498470835,47.56776034236803
002250.SZ,20260729,15.55,82300,1279765.0,0.19329896907216426,4.505387588783546,46.15979381443299
002251.SZ,20260729,3.64,340800,1240512.0,0.27548209366392573,2.653944516678876,46.652892561983556
002252.SZ,20260729,5.03,102400,515072.0,-0.3960396039603853,1.818274594026561,42.623762376237686
002253.SZ,20260729,8.74,3400,29716.0,0.0,0.7437213331165553,45.0
002254.SZ,20260729,11.45,223400,2557930.0,-0.2613240418118612,8.62553226064999,43.432055749128835
002255.SZ,20260729,8.11,44900,364139.0,0.12345679012344402,2.118092573394765,45.74074074074066
002256.SZ,20260729,3.25,57100,185575.0,-0.30674846625766694,0.8352633297132429,43.159509202454
002258.SZ,20260729,14.3,288000,4118400.0,1.7793594306049876,9.498460625627027,55.676156583629925
002259.SZ,20260729,3.56,63600,226416.0,0.28169014084507005,3.628833319413638,46.69014084507042
002261.SZ,20260729,26.5,124300,3293950.0,-0.4133784291619702,2.3380090035912957,42.51972942502818
002262.SZ,20260729,21.26,11900,252994.0,-0.09398496240601295,0.5785078883964382,44.43609022556392
002263.SZ,20260729,2.9,222800,646120.0,1.0452961672473782,4.249799354591802,51.27177700348427
002264.SZ,20260729,6.29,70800,445332.0,0.31897926634769647,3.559879521805281,46.91387559808618
002265.SZ,20260729,18.38,295400,5429452.0,-0.27129679869778434,14.737182015123855,43.372219207813295
002266.SZ,20260729,4.47,150000,670500.0,0.0,1.4785802081056856,45.0
002267.SZ,20260729,7.22,3200,23104.0,0.4172461752433909,0.46964791848756576,47.503477051460344
002268.SZ,20260729,14.15,58800,832020.0,0.7117437722419906,4.643374117337794,49.27046263345194
002269.SZ,20260729,1.36,510800,694688.0,0.7407407407407307,9.308456399635247,49.444444444444386
002270.SZ,20260729,19.53,96300,1880739.0,-0.15337423312882237,2.746879702594683,44.079754601227066
002271.SZ,20260729,11.47,70400,807488.0,0.17467248908298316,1.3685045912108973,46.0480349344979
002272.SZ,20260729,14.39,30200,434578.0,0.0,0.8687739098983349,45.0
002273.SZ,20260729,26.07,194500,5070615.0,-0.11494252873563982,3.8685138032004187,44.310344827586164
002274.SZ,20260729,5.44,35300,192032.0,-0.5484460694698212,1.7501182762051315,41.709323583181074
002275.SZ,20260729,13.17,8900,117213.0,0.30464584920029125,4.447548107590345,46.82787509520175
002276.SZ,20260729,9.85,260600,2566910.0,1.7561983471074294,7.03867049452476,55.53719008264458
002277.SZ,20260729,5.33,88200,470106.0,0.1879699248120259,1.6510390939581105,46.127819548872154
002278.SZ,20260729,7.6,13000,98800.0,0.39630118890354726,1.182899326333326,47.377807133421285
002279.SZ,20260729,6.66,2904100,19341306.0,2.9366306027820865,23.26231921049671,62.619783616692516
002281.SZ,20260729,173.43,166400,28858752.0,-0.08065910007488686,3.986795376734136,44.51604539955068
002282.SZ,20260729,5.67,12400,70308.0,0.5319148936170359,2.9747574642684698,48.19148936170222
002283.SZ,20260729,8.03,50900,408727.0,0.24968789013732895,1.9068689082548824,46.49812734082397
002284.SZ,20260729,9.06,26200,237372.0,0.33222591362127574,0.9786638807142809,46.993355481727654
002285.SZ,20260729,2.06,100900,207854.0,0.9803921568627416,2.5792051076336735,50.88235294117645
002286.SZ,20260729,7.6,193300,1469080.0,2.564102564102555,10.003991106102706,60.38461538461533
002287.SZ,20260729,20.2,6100,123220.0,-0.29615004935835687,2.377442293147983,43.22309970384986
002289.SZ,20260729,32.5,9400,305500.0,-0.6116207951070374,2.2767671821687347,41.330275229357774
002290.SZ,20260729,53.97,26800,1446396.0,1.5619119307489715,2.4845317614778195,54.37147158449383
002291.SZ,20260729,4.86,15500,75330.0,0.0,0.6160423180637629,45.0
002292.SZ,20260729,7.92,962200,7620624.0,0.0,11.248767506932385,45.0
002293.SZ,20260729,11.44,58400,668096.0,0.35087719298245723,7.15223365160154,47.10526315789474
002294.SZ,20260729,33.0,46300,1527900.0,0.36496350364962904,2.1302744025012537,47.18978102189777
002295.SZ,20260729,7.9,1700,13430.0,0.0,0.6169715316104653,45.0
002296.SZ,20260729,8.7,3800,33060.0,-0.2293577981651529,0.3891476215729363,43.623853211009084
002297.SZ,20260729,16.6,108900,1807740.0,-0.24038461538461453,2.6999286805626066,43.557692307692314
002298.SZ,20260729,8.08,971700,7851336.0,1.3801756587201952,8.656812253624162,53.28105395232117
002299.SZ,20260729,15.9,15200,241680.0,0.1890359168241984,1.2977272511689004,46.13421550094519
002300.SZ,20260729,7.08,684900,4849092.0,0.14144271570013522,8.854960704552926,45.84865629420081
002301.SZ,20260729,6.84,7800,53352.0,0.2932551319648091,0.4661972593640952,46.759530791788855
002302.SZ,20260729,4.49,18300,82167.0,0.0,3.092469089217635,45.0
002303.SZ,20260729,4.49,272700,1224423.0,-1.9650655021834051,3.7214948756099893,33.20960698689957
002304.SZ,20260729,40.0,35400,1416000.0,-0.29910269192422456,3.384527883677619,43.20538384845465
002305.SZ,20260729,1.9,59000,112100.0,0.0,2.759313909026971,45.0
002306.SZ,20260729,1.7,47300,80410.0,-0.5847953216374324,5.737236290299162,41.4912280701754
002307.SZ,20260729,2.95,90100,265795.0,0.6825938566553003,3.595998496205773,49.0955631399318
002309.SZ,20260729,3.26,14863200,48454032.0,-3.264094955489627,30.157555555238662,25.415430267062238
002310.SZ,20260729,2.65,17497400,46368110.0,0.0,33.00960925560224,45.0
002311.SZ,20260729,48.2,4400,212080.0,0.3121748178980255,0.46507050540701417,46.87304890738815
002312.SZ,20260729,8.15,68700,559905.0,-0.48840048840047556,2.794775561345564,42.069597069597144
002313.SZ,20260729,7.76,6200,48112.0,0.0,0.8227782899810531,45.0
002314.SZ,20260729,2.06,2100,4326.0,0.0,0.08474341863334998,15.253815354002997
002315.SZ,20260729,25.08,43400,1088472.0,-0.11947431302270495,5.070998091919099,44.283154121863774
002316.SZ,20260729,4.03,79300,319579.0,1.2562814070351758,5.501746170315265,52.537688442211056
002317.SZ,20260729,26.55,110000,2920500.0,0.22650056625141968,3.8959915612777425,46.359003397508516
002318.SZ,20260729,19.82,32700,648114.0,0.0,2.956441594195975,45.0
002319.SZ,20260729,10.3,16000,164800.0,-0.2904162633107443,1.496926112186717,43.25750242013554
002320.SZ,20260729,6.43,51400,330502.0,-0.15527950310559868,2.340352982933164,44.06832298136641
002321.SZ,20260729,1.85,13300,24605.0,0.0,0.5542025525301469,45.0
002322.SZ,20260729,10.16,2800,28448.0,0.29615004935834577,0.6152294106302075,46.776900296150075
002323.SZ,20260729,1.31,157700,206587.0,0.7692307692307665,4.982555664702741,49.6153846153846
002324.SZ,20260729,8.72,91300,796136.0,0.0,2.7741178340872827,45.0
002326.SZ,20260729,18.44,268800,4956672.0,-0.4319654427645703,5.2361500404546,42.40820734341258
002327.SZ,20260729,6.43,13700,88091.0,0.0,2.018608152366636,45.0
002328.SZ,20260729,6.47,28800,186336.0,0.6220839813374734,1.0093963960568844,48.73250388802484
002329.SZ,20260729,3.2,118700,379840.0,-0.9287925696594312,2.450720711913638,39.427244582043414
002330.SZ,20260729,3.69,18000,66420.0,0.27173913043476716,1.7940589906692184,46.6304347826086
002331.SZ,20260729,6.63,13800,91494.0,0.6069802731411222,1.6796014556545948,48.64188163884673
002332.SZ,20260729,8.39,8700,72993.0,0.0,0.7694298922953422,45.0
002333.SZ,20260729,5.26,19700,103622.0,0.3816793893129722,2.2921791783903678,47.290076335877835
002334.SZ,20260729,6.29,25800,162282.0,0.0,1.9687991126668185,45.0
002335.SZ,20260729,28.7,38100,1093470.0,0.0,1.5978245838252019,45.0
002337.SZ,20260729,4.25,10700,45475.0,-0.7009345794392607,1.283963396952745,40.794392523364436
002338.SZ,20260729,42.79,531000,22721490.0,-0.994909763998153,35.285394291660204,39.03054141601108
002339.SZ,20260729,7.09,210100,1489609.0,0.0,8.136751961979641,45.0
002340.SZ,20260729,6.48,194000,1257120.0,-0.3076923076922977,1.3237764589624268,43.15384615384622
002342.SZ,20260729,7.3,174200,1271660.0,-0.2732240437158584,3.3197571772287637,43.360655737704846
002343.SZ,20260729,4.66,29500,137470.0,0.21505376344086446,1.8672329349522843,46.29032258064519
002344.SZ,20260729,3.68,15700,57776.0,0.2724795640327127,1.3163197633888066,46.63487738419627
002345.SZ,20260729,10.34,78300,809622.0,-0.672430355427478,2.7894253304744305,40.965417867435136
002346.SZ,20260729,16.76,5400,90504.0,0.05970149253731183,1.2064492714965969,45.35820895522387
002347.SZ,20260729,5.37,4800,25776.0,0.1865671641791078,0.3199729323952658,46.11940298507464
002348.SZ,20260729,9.99,51000,509490.0,0.0,3.529221216024622,45.0
002349.SZ,20260729,6.7,3600,24120.0,0.1494768310911887,0.38341422546892895,45.89686098654713
002350.SZ,20260729,14.5,19200,278400.0,-0.13774104683195176,1.3611906345628202,44.17355371900829
002351.SZ,20260729,9.89,5200,51428.0,-0.20181634712411745,0.46360580419668396,43.789101917255294
002352.SZ,20260729,34.5,79300,2735850.0,-0.23134759976864983,3.3025103161898475,43.6119144013881
002353.SZ,20260729,136.56,59900,8179944.0,0.4708652148322612,2.454299242506399,47.825191288993565
002354.SZ,20260729,6.25,576826,3605162.5,0.32102728731941976,3.7110125481906944,46.92616372391652
002355.SZ,20260729,4.28,6900,29532.0,0.23419203747074846,0.6382887993764038,46.40515222482449
002356.SZ,20260729,2.58,20500,52890.0,0.78125,1.3252882332143054,49.6875
002357.SZ,20260729,8.31,8500,70635.0,0.12048192771083599,0.9823396150820034,45.72289156626502
002358.SZ,20260729,5.5,58400,321200.0,-0.1814882032667886,1.5286660167868944,43.91107078039927
002360.SZ,20260729,4.86,3200,15552.0,0.0,0.7272603246682006,45.0
002361.SZ,20260729,9.43,137900,1300397.0,0.0,2.544999382100163,45.0
002362.SZ,20260729,14.67,7500,110025.0,0.0,2.0165557901580384,45.0
002363.SZ,20260729,6.08,79200,481536.0,0.33003300330034513,14.639354496692295,46.980198019802074
002364.SZ,20260729,35.43,191500,6784845.0,-1.610663704526516,5.308869104224553,35.336017772840904
002365.SZ,20260729,12.94,707700,9157638.0,-0.8429118773946476,24.748005147382646,39.942528735632116
002366.SZ,20260729,5.67,2532100,14357007.0,-1.3913043478260834,23.525965450387986,36.6521739130435
002367.SZ,20260729,5.16,4000,20640.0,-0.19342359767891004,0.3468537971358566,43.839458413926536
002368.SZ,20260729,13.79,47200,650888.0,-0.14482259232441175,5.012802683405197,44.13106444605353
002369.SZ,20260729,5.4,46400,250560.0,0.746268656716409,0.619328414260305,49.47761194029845
002370.SZ,20260729,4.75,16100,76475.0,-0.6276150627615107,0.8586857612348229,41.23430962343094
002371.SZ,20260729,715.58,171861,122980294.38,0.0811188811188801,11.251843736569374,45.48671328671328
002372.SZ,20260729,8.36,42500,355300.0,0.11976047904191933,1.4741941390286946,45.71856287425152
002373.SZ,20260729,7.53,91200,686736.0,0.0,4.220993559322763,45.0
002374.SZ,20260729,3.03,115400,349662.0,-0.6557377049180357,4.929990566132239,41.06557377049179
002375.SZ,20260729,3.48,104200,362616.0,0.28818443804032867,9.16224284537093,46.72910662824197
002376.SZ,20260729,6.16,3200,19712.0,-0.16207455429497752,0.3557070309309059,44.02755267423014
002377.SZ,20260729,2.53,99900,252747.0,1.200000000000001,4.882698788606578,52.2
002378.SZ,20260729,22.13,68600,1518118.0,0.0,2.511241519185936,45.0
002379.SZ,20260729,19.39,211700,4104863.0,0.2585315408479838,2.410757031715593,46.551189245087905
002380.SZ,20260729,26.6,6000,159600.0,-0.3745318352059823,0.8912648953692708,42.75280898876411
002381.SZ,20260729,5.03,5800,29174.0,-0.5928853754940566,1.289317009350222,41.44268774703566
002382.SZ,20260729,6.03,1062201,6405072.03,6.349206349206349,23.323920790978644,83.0952380952381
002383.SZ,20260729,6.68,35500,237140.0,0.14992503748125774,3.450788052992718,45.89955022488755
002384.SZ,20260729,181.0,968500,175298500.0,-5.0915001835247224,7.738908727558785,15.0
002385.SZ,20260729,2.98,29100,86718.0,0.0,0.5792435163252231,45.0
002386.SZ,20260729,5.69,25500,145095.0,0.3527336860670305,1.7775577453801858,47.116402116402185
002387.SZ,20260729,6.72,971700,6529824.0,-2.0408163265306256,22.01751179862946,32.75510204081625
002388.SZ,20260729,5.04,8496199,42820842.96,-4.545454545454552,57.62649443075262,17.727272727272688
002389.SZ,20260729,18.06,34400,621264.0,-0.22099447513813653,1.3681037565761316,43.67403314917118
002390.SZ,20260729,2.94,73700,216678.0,0.0,3.3372624802102266,45.0
002391.SZ,20260729,5.07,4300,21801.0,0.0,0.6065979664989741,45.0
002392.SZ,20260729,7.05,42500,299625.0,0.5706134094151327,2.913538687925345,48.4236804564908
002393.SZ,20260729,14.07,600,8442.0,0.5718370264474526,0.20596911152720984,40.50546223358249
002394.SZ,20260729,8.53,2900,24737.0,0.3529411764705781,0.3943297495772556,47.117647058823465
002395.SZ,20260729,11.69,700,8183.0,-0.08547008547008517,0.2685811649375708,44.48717948717949
002396.SZ,20260729,28.33,971000,27508430.0,0.0,7.612103278302059,45.0
002397.SZ,20260729,3.4,32300,109820.0,0.591715976331364,2.0129622524853312,48.55029585798818
002398.SZ,20260729,3.81,4200,16002.0,0.0,0.3080294271587889,45.0
002399.SZ,20260729,9.65,17600,169840.0,1.2591815320042166,5.065728132717323,52.5550891920253
002400.SZ,20260729,6.23,750800,4677484.0,1.7973856209150485,8.559326265535008,55.78431372549029
002401.SZ,20260729,11.75,30400,357200.0,0.0,7.339016455093971,45.0
002402.SZ,20260729,19.7,73900,1455830.0,-0.10141987829613841,2.5813615277354,44.39148073022317
002403.SZ,20260729,8.43,7500,63225.0,0.9580838323353325,1.2270437532071012,50.74850299401199
002404.SZ,20260729,5.63,2500,14075.0,0.0,0.30789280526592727,45.0
002405.SZ,20260729,6.35,175600,1115060.0,0.3159557661927215,3.673878248424476,46.89573459715633
002406.SZ,20260729,6.39,4800,30672.0,0.4716981132075304,0.33504296931543176,47.83018867924518
002407.SZ,20260729,33.0,1965088,64847904.0,-3.5087719298245723,9.842239420306317,23.947368421052566
002408.SZ,20260729,4.95,70400,348480.0,0.2024291497975561,1.985982380479554,46.21457489878534
002409.SZ,20260729,160.0,490500,78480000.0,-3.8634861503334728,9.914144825899841,21.81908309799916
002410.SZ,20260729,8.81,14600,128626.0,0.22753128555177415,0.49034538731486305,46.36518771331065
002412.SZ,20260729,7.14,1268046,9053848.44,2.0000000000000018,24.12408582782711,57.000000000000014
002413.SZ,20260729,7.89,81300,641457.0,0.12690355329949554,1.9575007578287875,45.76142131979697
002414.SZ,20260729,13.69,435800,5966102.0,-0.5087209302325646,3.8829018137408142,41.94767441860461
002415.SZ,20260729,36.46,511500,18649290.0,0.8854454897620379,4.149084162242653,50.31267293857223
002416.SZ,20260729,9.25,96600,893550.0,1.0928961748633892,3.3208808279139803,51.55737704918033
002418.SZ,20260729,3.39,57700,195603.0,0.0,1.4677148909038824,45.0
002419.SZ,20260729,4.4,11600,51040.0,-0.4524886877827927,1.1873501127799526,42.28506787330324
002420.SZ,20260729,5.21,8900,46369.0,0.7736943907156624,1.2383375847801097,49.642166344293976
002421.SZ,20260729,2.8,230600,645680.0,0.0,1.8209352646486505,45.0
002422.SZ,20260729,45.54,293500,13365990.0,0.7299270072992581,5.456772777433565,49.379562043795545
002423.SZ,20260729,9.04,7400,66896.0,0.11074197120708451,0.4046834740513362,45.66445182724251
002424.SZ,20260729,4.58,6500,29770.0,0.8810572687224738,1.1829282277668898,50.286343612334846
002425.SZ,20260729,2.63,21500,56545.0,1.5444015444015413,0.7940552306739755,54.26640926640925
002426.SZ,20260729,2.46,234700,577362.0,0.0,1.9598354489051557,45.0
002427.SZ,20260729,4.08,40500,165240.0,0.7407407407407529,2.4839831939866466,49.444444444444514
002428.SZ,20260729,72.02,389000,28015780.0,1.2369974697779007,6.168202250866393,52.421984818667404
002429.SZ,20260729,7.47,293300,2190951.0,-0.13368983957220415,4.344872931496275,44.19786096256678
002430.SZ,20260729,22.63,39200,887096.0,-0.22045855379189128,2.7601076563990086,43.677248677248656
002431.SZ,20260729,1.31,402900,527799.0,0.7692307692307665,21.491825155509247,49.6153846153846
002432.SZ,20260729,66.58,191900,12776702.0,-0.6713411905117206,6.0211598288623405,40.971952856929676
002434.SZ,20260729,5.39,17000,91630.0,0.3724394785847185,0.920007217475196,47.234636871508314
002436.SZ,20260729,31.66,572900,18138014.0,-1.4628073451602885,4.5128700014559255,36.22315592903827
002437.SZ,20260729,2.87,164300,471541.0,-0.3472222222222099,2.546240224333904,42.91666666666674
002438.SZ,20260729,12.21,2900,35409.0,-0.08183306055645767,0.3962826642067197,44.50900163666125
002439.SZ,20260729,13.95,704900,9833355.0,2.4981631153563555,12.94664978581824,59.98897869213813
002440.SZ,20260729,12.4,836500,10372600.0,0.0,9.55533828352326,45.0
002441.SZ,20260729,7.82,15200,118864.0,0.1280409731114096,2.9045335868119153,45.768245838668456
002442.SZ,20260729,4.69,3300,15477.0,0.21367521367523512,0.33670298100159357,46.28205128205141
002443.SZ,20260729,7.9,23400,184860.0,0.3811944091486774,1.547505033001449,47.287166454892066
002444.SZ,20260729,29.48,9500,280060.0,-0.03390979993217469,0.547804054882407,44.79654120040695
002445.SZ,20260729,2.89,55000,158950.0,0.0,1.4316941398751601,45.0
002446.SZ,20260729,7.5,38600,289500.0,0.0,1.3961331990727222,45.0
002448.SZ,20260729,12.33,524100,6462153.0,1.398026315789469,16.67302195161889,53.388157894736814
002449.SZ,20260729,6.15,22600,138990.0,0.4901960784313708,2.5549094882643684,47.941176470588225
002451.SZ,20260729,6.92,35000,242200.0,0.5813953488372103,1.7585909071803012,48.48837209302326
002452.SZ,20260729,10.58,31200,330096.0,-0.09442870632672129,1.8468383668652972,44.43342776203967
002453.SZ,20260729,4.05,85200,345060.0,-0.49140049140050657,6.417987058789197,42.05159705159696
002454.SZ,20260729,4.75,4400,20900.0,0.6355932203389925,0.4295934065906938,48.81355932203395
002455.SZ,20260729,6.29,130300,819587.0,-0.9448818897637712,3.2897956614524495,39.330708661417376
002456.SZ,20260729,6.82,113900,776798.0,-0.14641288433381305,1.2184312804598614,44.12152269399712
002457.SZ,20260729,9.93,159100,1579863.0,-0.9970089730807596,6.995248291954047,39.01794616151544
002458.SZ,20260729,8.1,178200,1443420.0,0.4962779156327368,2.592242831579551,47.97766749379642
002459.SZ,20260729,7.21,71400,514794.0,0.1388888888888884,1.411602312276386,45.83333333333333
002460.SZ,20260729,49.2,129640,6378288.0,0.32626427406199365,2.433676199981483,46.95758564437196
002461.SZ,20260729,8.47,9700,82159.0,0.0,1.0019556483007257,45.0
002462.SZ,20260729,11.7,72900,852930.0,1.5625,23.097944160294148,54.375
002463.SZ,20260729,103.65,490510,50841361.5,-1.9858156028368712,6.378718902695171,33.08510638297877
002465.SZ,20260729,9.74,106600,1038284.0,0.5159958720330371,1.6162283898192467,48.09597523219822
002466.SZ,20260729,44.44,124800,5546112.0,0.0,1.9476360264848458,45.0
002467.SZ,20260729,4.55,347000,1578850.0,0.22026431718060735,7.251757191916933,46.321585903083644
002468.SZ,20260729,13.84,20900,289256.0,0.0,0.9300131399620228,45.0
002469.SZ,20260729,5.5,3200,17600.0,-0.5424954792043413,0.5438322203441299,41.745027124773955
002470.SZ,20260729,1.87,30500,57035.0,0.5376344086021501,0.28992298611556355,48.2258064516129
002471.SZ,20260729,5.13,126000,646380.0,-0.5813953488372103,2.4923904591795263,41.51162790697674
002472.SZ,20260729,35.63,106700,3801721.0,0.0,4.4613309086021795,45.0
002474.SZ,20260729,6.03,357300,2154519.0,-0.9852216748768461,10.296416720930575,39.088669950738925
002475.SZ,20260729,60.55,376200,22778910.0,0.7487520798668879,2.601238259907961,49.492512479201324
002476.SZ,20260729,4.23,10000,42300.0,-0.2358490566037652,1.0911846801179212,43.58490566037741
002478.SZ,20260729,6.05,24600,148830.0,-0.16501650165016146,1.0084110609200474,44.009900990099034
002479.SZ,20260729,5.32,96000,510720.0,-0.7462686567164201,5.811814511260561,40.52238805970148
002480.SZ,20260729,5.27,14900,78523.0,0.5725190839694472,2.418947409927533,48.435114503816685
002481.SZ,20260729,4.14,4200,17388.0,0.7299270072992581,0.4584027913984009,49.379562043795545
002482.SZ,20260729,1.23,120300,147969.0,0.0,1.9814990056247994,45.0
002483.SZ,20260729,5.09,11100,56499.0,0.39447731755424265,1.0082559498111299,47.36686390532546
002484.SZ,20260729,60.45,184500,11153025.0,-3.986658195679793,3.2569818114307827,21.08005082592124
002485.SZ,20260729,5.18,6400,33152.0,0.0,3.374973480315166,45.0
002486.SZ,20260729,2.24,25200,56448.0,0.9009009009008917,0.9929475883465302,50.40540540540535
002487.SZ,20260729,39.93,214500,8564985.0,-0.32451323015477707,6.122926086032238,43.05292061907134
002488.SZ,20260729,8.53,9700,82741.0,0.4711425206124664,0.4663390651895727,47.8268551236748
002489.SZ,20260729,2.59,21200,54908.0,-0.38461538461539435,0.6688613395745728,42.69230769230764
002490.SZ,20260729,7.53,1606500,12096945.0,0.9383378016085908,26.82940886836338,50.63002680965155
002491.SZ,20260729,15.45,537600,8305920.0,-0.3225806451612967,4.358499430537983,43.06451612903222
002492.SZ,20260729,5.35,6600,35310.0,0.0,0.8348418491300101,45.0
002493.SZ,20260729,11.72,165200,1936144.0,-0.08525149190110604,2.916013075072228,44.48849104859336
002494.SZ,20260729,4.29,12600,54054.0,0.4683840749414525,0.9506856319310495,47.81030444964871
002495.SZ,20260729,2.14,6700,14338.0,0.46948356807512415,0.3318888721614758,47.81690140845075
002496.SZ,20260729,1.88,20700,38916.0,-0.5291005291005346,0.8157507047735189,41.825396825396794
002497.SZ,20260729,17.37,46800,812916.0,-0.344234079173833,1.0197985942193046,42.934595524957004
002498.SZ,20260729,6.41,1877100,12032211.0,-1.9877675840978548,6.891560944360818,33.07339449541287
002500.SZ,20260729,5.25,69700,365925.0,0.190839694656475,2.0945845929569344,46.14503816793885
002501.SZ,20260729,1.21,94000,113740.0,0.0,4.703366113611764,45.0
002506.SZ,20260729,2.47,717700,1772719.0,0.0,2.679484293326854,45.0
002507.SZ,20260729,11.58,27000,312660.0,-0.08628127696289623,1.4057237834974148,44.48231233822262
002508.SZ,20260729,16.1,7500,120750.0,-0.24783147459727095,0.7843768247830553,43.513011152416375
002510.SZ,20260729,5.58,158800,886104.0,0.7220216606498298,7.730322529448324,49.33212996389898
002511.SZ,20260729,7.12,15500,110360.0,-0.14025245441794398,1.2311157294188344,44.15848527349234
002512.SZ,20260729,3.31,98000,324380.0,-0.3012048192771011,4.4421587735840244,43.192771084337394
002513.SZ,20260729,4.62,19700,91014.0,0.0,2.075354944549003,45.0
002514.SZ,20260729,1.77,2316600,4100382.0,0.0,33.50755789735069,45.0
002515.SZ,20260729,7.67,661800,5076006.0,-2.0434227330779042,6.404325299396832,32.73946360153258
002516.SZ,20260729,5.15,9600,49440.0,-0.19379844961240345,0.7419916788574769,43.837209302325576
002517.SZ,20260729,15.3,107000,1637100.0,0.856954515491104,0.9578666879386194,50.141727092946624
002518.SZ,20260729,31.79,14100,448239.0,0.3472222222222099,1.2876434594348347,47.08333333333326
002519.SZ,20260729,5.12,106400,544768.0,0.0,2.909045554053307,45.0
002520.SZ,20260729,5.5,79300,436150.0,1.1029411764705843,2.6919311501087972,51.61764705882351
002521.SZ,20260729,6.8,27900,189720.0,0.2949852507374562,6.458345425142919,46.76991150442474
002522.SZ,20260729,4.75,276100,1311475.0,-0.41928721174003813,7.831638575633337,42.484276729559774
002523.SZ,20260729,3.24,29400,95256.0,0.0,1.2123970282719763,45.0
002524.SZ,20260729,3.6,3700,13320.0,0.5586592178770999,0.2934094036127861,48.3519553072626
002526.SZ,20260729,2.59,53100,137529.0,0.3875968992248069,2.0682261582856154,47.32558139534884
002527.SZ,20260729,10.4,4600,47840.0,0.2892960462873795,0.5243681994132364,46.73577627772428
002528.SZ,20260729,4.74,430900,2042466.0,3.947368421052655,44.38481033611084,68.68421052631592
002529.SZ,20260729,6.27,33200,208164.0,0.0,5.724003196756959,45.0
002530.SZ,20260729,6.95,110700,769365.0,-0.1436781609195359,7.967919906396398,44.13793103448278
002531.SZ,20260729,6.3,1360100,8568630.0,-1.7160686427457161,20.582715588861618,34.70358814352571
002532.SZ,20260729,12.8,798600,10222080.0,0.39215686274509665,7.518998466510256,47.35294117647058
002533.SZ,20260729,11.0,35900,394900.0,-0.36231884057970065,2.631167086836744,42.8260869565218
002534.SZ,20260729,12.46,14800,184408.0,0.0,1.0515817411426873,45.0
002535.SZ,20260729,2.22,23200,51504.0,0.9090909090909038,1.8869795461990786,50.454545454545425
002536.SZ,20260729,43.0,293100,12603300.0,-4.3806982432732955,5.957718928493486,18.715810540360227
002537.SZ,20260729,5.6,114200,639520.0,0.17889087656528524,3.9357015560050512,46.073345259391715
002538.SZ,20260729,6.34,28400,180056.0,-0.3144654088050425,2.947208232383971,43.11320754716974
002539.SZ,20260729,11.5,57800,664700.0,-0.5190311418685201,2.028489190501643,41.88581314878888
002540.SZ,20260729,4.87,140700,685209.0,-0.612244897959191,9.497670349922597,41.32653061224485
002541.SZ,20260729,19.8,7500,148500.0,-0.5025125628140614,0.7442396846739872,41.98492462311563
002542.SZ,20260729,1.61,88500,142485.0,0.6250000000000089,2.527654004551409,48.75000000000006
002543.SZ,20260729,6.46,200,1292.0,-0.1545595054095794,0.04942590854664922,7.969306505939383
002544.SZ,20260729,15.3,11100,169830.0,0.19646365422396617,0.8238403601988119,46.1787819253438
002545.SZ,20260729,18.86,91900,1733234.0,-0.3697834125726329,3.2697740278620078,42.781299524564204
002546.SZ,20260729,8.25,192300,1586475.0,0.0,4.085771994641981,45.0
002547.SZ,20260729,2.16,146500,316440.0,0.9345794392523477,5.037662833926052,50.60747663551409
002548.SZ,20260729,3.78,32200,121716.0,-0.26385224274406704,1.3820441600500042,43.4168865435356
002549.SZ,20260729,13.53,1090400,14753112.0,-3.426124197002145,22.432174595602536,24.443254817987132
002550.SZ,20260729,6.69,12000,80280.0,0.0,0.6077157788142064,45.0
002551.SZ,20260729,2.88,900,2592.0,0.0,0.0655816025391814,11.804688457052652
002552.SZ,20260729,36.5,80600,2941900.0,-0.1367989056087482,5.693233297414112,44.17920656634751
002553.SZ,20260729,14.67,600,8802.0,0.4794520547945158,0.08909130692939068,18.91314757605742
002554.SZ,20260729,2.8,120000,336000.0,0.7194244604316502,6.917691718627419,49.3165467625899
002555.SZ,20260729,18.45,107600,1985220.0,0.4901960784313708,1.3459771850537063,47.941176470588225
002556.SZ,20260729,4.78,7000,33460.0,0.8438818565400741,0.672662476283672,50.06329113924045
002557.SZ,20260729,19.73,22490,443727.7,-0.2023267577137,1.4538284068353753,43.7860394537178
002558.SZ,20260729,24.64,182100,4486944.0,0.4484304932735439,1.629829547335817,47.69058295964126
002559.SZ,20260729,9.03,87500,790125.0,0.2219755826859071,2.6592938649483875,46.33185349611544
002560.SZ,20260729,6.03,82600,498078.0,0.16611295681063787,1.8773825539398552,45.99667774086383
002561.SZ,20260729,6.37,3000,19110.0,0.0,0.6008327921674924,45.0
002562.SZ,20260729,4.3,15400,66220.0,-0.4629629629629761,0.9890243094468578,42.22222222222214
002563.SZ,20260729,5.93,141200,837316.0,-0.670016750418756,4.540695396217009,40.979899497487466
002564.SZ,20260729,4.29,160500,688545.0,0.0,13.829235032382998,45.0
002565.SZ,20260729,8.7,66800,581160.0,0.0,1.5507554341312235,45.0
002566.SZ,20260729,6.45,47800,308310.0,0.4672897196261738,3.817466888729004,47.803738317757045
002567.SZ,20260729,3.54,21700,76818.0,0.0,1.5418893354241994,45.0
002568.SZ,20260729,18.0,109100,1963800.0,1.0668163952835652,5.4689271674941065,51.40089837170139
002569.SZ,20260729,14.36,900,12924.0,0.4898530440867743,1.3651914627154,47.939118264520644
002570.SZ,20260729,4.12,67600,278512.0,0.0,1.400761675608136,45.0
002571.SZ,20260729,10.53,200,2106.0,0.0,0.04605001109923344,8.28900199786202
002572.SZ,20260729,8.15,10000,81500.0,0.24600246002459691,0.36025145514085,46.47601476014758
002573.SZ,20260729,3.16,2700,8532.0,0.31746031746031633,0.2506626576717694,46.9047619047619
002574.SZ,20260729,4.27,4200,17934.0,0.0,0.5428602444313642,45.0
002575.SZ,20260729,4.76,114300,544068.0,-0.20964360587001352,3.5168118431425155,43.74213836477992
002576.SZ,20260729,13.82,4500,62190.0,0.2175489485134241,1.0697270388385995,46.30529369108054
002577.SZ,20260729,18.03,44100,795123.0,0.6138392857142794,6.526631436751421,48.68303571428568
002578.SZ,20260729,2.91,65400,190314.0,0.6920415224913601,2.7454964043423145,49.152249134948164
002579.SZ,20260729,11.79,225100,2653929.0,0.0,3.690204067903272,45.0
002580.SZ,20260729,16.37,2593000,42447410.0,-3.2505910165484653,20.989405225693837,25.49645390070921
002581.SZ,20260729,3.4,37800,128520.0,0.8902077151335286,7.511196056642175,50.34124629080117
002582.SZ,20260729,9.73,469500,4568235.0,1.4598540145985384,7.567593651499277,53.75912408759123
002583.SZ,20260729,7.99,53100,424269.0,0.12531328320801727,2.409876316617561,45.75187969924811
002584.SZ,20260729,7.32,401100,2936052.0,0.273972602739736,11.340174206381828,46.643835616438416
002585.SZ,20260729,7.7,106076,816785.2,-1.0282776349614386,1.7679669255468076,38.83033419023137
002586.SZ,20260729,3.53,3900,13767.0,0.0,2.126106681228858,45.0
002587.SZ,20260729,5.2,79700,414440.0,-0.19193857965450478,4.460599113868685,43.848368522072974
002588.SZ,20260729,8.62,31000,267220.0,-0.23148148148149916,2.1579233073798143,43.61111111111101
002589.SZ,20260729,2.72,72700,197744.0,0.0,2.7782848740579023,45.0
002590.SZ,20260729,8.99,2600,23374.0,0.33482142857141906,0.48133679092427883,47.00892857142851
002591.SZ,20260729,5.66,42500,240550.0,0.35460992907803135,4.162781274354455,47.12765957446819
002592.SZ,20260729,5.82,2800,16296.0,0.0,0.7231140870886551,45.0
002593.SZ,20260729,4.19,4200,17598.0,0.23923444976077235,0.31412894816604603,46.435406698564634
002594.SZ,20260729,93.55,103300,9663715.0,0.2142474558114671,1.9754611761983953,46.2854847348688
002595.SZ,20260729,48.21,8550,412195.5,-0.020738282870169655,1.0291735022851523,44.87557030277898
002596.SZ,20260729,3.03,41500,125745.0,0.0,1.579487269511791,45.0
002597.SZ,20260729,19.58,5800,113564.0,0.0,0.30142647401492456,45.0
002598.SZ,20260729,,0,0.0,,0.0,0.0
002599.SZ,20260729,5.97,13400,79998.0,0.0,1.1367449657038595,45.0
002600.SZ,20260729,12.04,173256,2086002.24,0.08312551953448821,1.6872447624818772,45.49875311720693
002601.SZ,20260729,16.5,23300,384450.0,-0.6622516556291314,1.346790130931073,41.026490066225215
002602.SZ,20260729,12.6,326100,4108860.0,0.6389776357827559,1.2145415427679602,48.83386581469654
002603.SZ,20260729,16.6,113900,1890740.0,0.0,5.065741279710322,45.0
002605.SZ,20260729,16.91,12900,218139.0,-0.05910165484634966,0.9335957523215188,44.645390070921906
002606.SZ,20260729,13.8,147400,2034120.0,-0.07241129616220032,2.6934479124232085,44.5655322230268
002607.SZ,20260729,1.94,5393800,10463972.0,2.645502645502651,16.99166398481042,60.8730158730159
002608.SZ,20260729,7.14,62800,448392.0,0.0,2.2505168375895783,45.0
002609.SZ,20260729,7.5,31100,233250.0,0.6711409395973034,6.603026232740412,49.02684563758382
002611.SZ,20260729,15.0,184000,2760000.0,-0.8592200925313986,3.24540494516239,39.84467944481161
002612.SZ,20260729,13.11,364000,4772040.0,-1.9446522064323069,12.551439184705899,33.33208676140616
002613.SZ,20260729,3.17,48000,152160.0,0.31645569620253333,1.6852821714036743,46.8987341772152
002614.SZ,20260729,4.62,4300,19866.0,0.0,0.7077903074868226,45.0
002615.SZ,20260729,6.29,700,4403.0,0.0,0.10971695427211123,19.74905176898002
002616.SZ,20260729,4.63,29800,137974.0,0.0,3.195088700853249,45.0
002617.SZ,20260729,5.85,306900,1795365.0,-0.34071550255537764,2.8331565193193624,42.955706984667735
002620.SZ,20260729,4.38,43000,188340.0,-0.454545454545463,8.193207615985395,42.272727272727224
002622.SZ,20260729,2.16,160500,346680.0,1.4084507042253724,4.928490752348444,53.45070422535223
002623.SZ,20260729,14.74,24700,364078.0,1.9363762102351245,6.574188256728518,56.61825726141075
002624.SZ,20260729,9.97,153400,1529398.0,0.0,1.7917126711628433,45.0
002625.SZ,20260729,30.55,32900,1005095.0,0.22965879265091083,1.1707618425815165,46.37795275590547
002626.SZ,20260729,13.43,1800,24174.0,0.1491424310216205,0.39152542298763443,45.894854586129725
002627.SZ,20260729,6.08,45800,278464.0,0.996677740863805,1.8144371821537877,50.98006644518283
002628.SZ,20260729,4.53,4500,20385.0,0.8908685968819663,0.2517794732269219,50.3452115812918
002629.SZ,20260729,4.21,6600,27786.0,0.4773269689737347,0.5489034534415057,47.86396181384241
002630.SZ,20260729,1.6,27900,44640.0,-0.6211180124223614,1.7454110722638112,41.273291925465834
002631.SZ,20260729,6.46,189100,1221586.0,2.215189873417711,6.284373340377158,58.29113924050627
002632.SZ,20260729,7.76,25200,195552.0,-0.12870012870012104,1.3433034394645997,44.227799227799274
002633.SZ,20260729,13.46,5500,74030.0,1.1269722013523609,2.7327686349774525,51.76183320811417
002634.SZ,20260729,4.01,18400,73784.0,-0.49627791563277013,2.8229367050638703,42.02233250620338
002635.SZ,20260729,13.24,94100,1245884.0,-0.07547169811320531,3.1427273930239896,44.54716981132077
002636.SZ,20260729,57.0,389700,22212900.0,-0.5582693649685999,9.620886405925313,41.6503838101884
002637.SZ,20260729,9.61,58500,562185.0,1.264488935721797,6.668546214104097,52.58693361433078
002638.SZ,20260729,3.44,45600,156864.0,0.2915451895043608,2.158489392625091,46.74927113702616
002639.SZ,20260729,11.55,74000,854700.0,-1.197604790419149,2.224704308533734,37.81437125748511
002640.SZ,20260729,3.45,1282900,4426005.0,0.8771929824561431,8.113710744844845,50.26315789473686
002641.SZ,20260729,3.73,5700,21261.0,0.0,0.5434888574479894,45.0
002642.SZ,20260729,7.74,2546000,19706040.0,6.6115702479338845,50.846627752504475,84.6694214876033
002643.SZ,20260729,12.86,63400,815324.0,-0.31007751937984773,2.5433031280782803,43.13953488372091
002644.SZ,20260729,7.75,5100,39525.0,0.0,1.300437180494265,45.0
002645.SZ,20260729,17.17,82400,1414808.0,0.7038123167155463,2.7807316098906387,49.22287390029328
002646.SZ,20260729,6.57,52300,343611.0,-1.0542168674698704,6.329491316084763,38.674698795180774
002647.SZ,20260729,9.46,404000,3821840.0,-1.1494252873563204,11.323362272265646,38.10344827586208
002648.SZ,20260729,24.57,108600,2668302.0,-0.28409090909090606,2.1538387283148257,43.29545454545456
002649.SZ,20260729,8.68,50300,436604.0,-0.3444316877152853,4.35976536813328,42.933409873708285
002650.SZ,20260729,5.6,6500,36400.0,1.449275362318847,1.5457483766244797,53.69565217391308
002651.SZ,20260729,7.55,27200,205360.0,0.6666666666666599,2.954335480685901,48.99999999999996
002652.SZ,20260729,3.55,19500,69225.0,0.0,1.0332435550035821,45.0
002653.SZ,20260729,64.69,15100,976819.0,0.5908878867983081,1.5089814342894923,48.54532732078985
002654.SZ,20260729,11.4,123200,1404480.0,-0.17513134851138146,2.45442270361267,43.94921190893171
002655.SZ,20260729,24.48,78900,1931472.0,0.0,2.5736981784407615,45.0
002656.SZ,20260729,2.68,53400,143112.0,0.7518796992481258,4.692613209965881,49.51127819548876
002657.SZ,20260729,14.06,83600,1175416.0,-0.636042402826853,6.392705418191272,41.183745583038885
002658.SZ,20260729,7.04,39000,274560.0,-0.5649717514124353,5.842771479154546,41.61016949152539
002659.SZ,20260729,4.05,210000,850500.0,1.5037593984962294,8.512674516583681,54.02255639097738
002660.SZ,20260729,6.3,1900,11970.0,0.31847133757960666,0.3510820924961996,46.91082802547764
002661.SZ,20260729,7.1,3600,25560.0,0.0,0.9619539787291577,45.0
002662.SZ,20260729,3.11,8500,26435.0,0.0,0.7657555510334668,45.0
002663.SZ,20260729,1.51,186900,282219.0,0.0,5.324071759438891,45.0
002664.SZ,20260729,14.96,16200,242352.0,-0.46573519627410853,2.498165281279216,42.20558882235535
002666.SZ,20260729,3.9,8800,34320.0,0.5154639175257714,0.9747287651064144,48.09278350515463
002667.SZ,20260729,9.88,499900,4939012.0,2.066115702479343,23.95036708096293,57.39669421487606
002668.SZ,20260729,10.43,56500,589295.0,-0.5719733079122991,3.536768413737005,41.568160152526204
002669.SZ,20260729,11.25,17300,194625.0,0.17809439002671734,1.2848555735522993,46.0685663401603
002670.SZ,20260729,11.48,23300,267484.0,0.08718395815170421,0.7563671535362462,45.52310374891022
002671.SZ,20260729,3.6,14800,53280.0,0.0,1.2372200658982233,45.0
002672.SZ,20260729,3.37,8200,27634.0,0.5970149253731405,0.8633725580372318,48.58208955223884
002673.SZ,20260729,6.52,20300,132356.0,0.0,0.5111281892814334,45.0
002674.SZ,20260729,23.5,228800,5376800.0,-4.471544715447163,7.931128847730178,18.170731707317024
002675.SZ,20260729,12.55,100,1255.0,-0.07961783439490722,0.01463950417864338,2.157403745786365
002676.SZ,20260729,4.78,15800,75524.0,0.6315789473684275,1.3431080527618597,48.78947368421056
002677.SZ,20260729,6.4,22900,146560.0,0.15649452269170805,1.9424395015209541,45.93896713615025
002678.SZ,20260729,4.26,1800,7668.0,0.7092198581560183,0.22503415811182326,44.7614676090643
002679.SZ,20260729,8.27,2300,19021.0,0.8536585365853666,0.5900872721733723,50.1219512195122
002681.SZ,20260729,4.17,29400,122598.0,0.0,0.4458817325561752,45.0
002682.SZ,20260729,4.13,25500,105315.0,0.7317073170731714,1.2400780260885547,49.390243902439025
002683.SZ,20260729,26.68,3600,96048.0,0.41400075272863823,0.2877654790901569,47.484004516371826
002685.SZ,20260729,5.15,91600,471740.0,0.7827788649706457,2.9982468730508343,49.696673189823876
002686.SZ,20260729,5.17,6000,31020.0,-0.3853564547206201,0.9867904954070025,42.68786127167628
002687.SZ,20260729,5.26,550000,2893000.0,-0.7547169811320753,12.242165307911229,40.47169811320755
002688.SZ,20260729,4.98,42200,210156.0,0.809716599190291,7.419766859681015,49.858299595141744
002689.SZ,20260729,2.53,43800,110814.0,0.0,6.715017833003791,45.0
002690.SZ,20260729,15.3,20900,319770.0,0.0,2.074946002703337,45.0
002691.SZ,20260729,3.71,3500,12985.0,0.0,1.064078155536677,45.0
002692.SZ,20260729,3.79,14200,53818.0,0.2645502645502784,1.1459536750068735,46.58730158730167
002693.SZ,20260729,8.51,45100,383801.0,0.7100591715976323,3.4073532586925457,49.260355029585796
002694.SZ,20260729,1.93,2600,5018.0,0.5208333333333259,0.4450129242643519,48.12499999999996
002695.SZ,20260729,9.03,50600,456918.0,0.0,3.649273956808589,45.0
002696.SZ,20260729,5.02,14700,73794.0,0.0,1.5040251566499756,45.0
002697.SZ,20260729,4.56,12000,54720.0,0.219780219780219,0.5419471802075216,46.318681318681314
002698.SZ,20260729,12.8,13600,174080.0,-0.6211180124223614,0.599374840390023,41.273291925465834
002700.SZ,20260729,5.68,75400,428272.0,-0.17574692442883233,7.489486839553442,43.945518453427006
002701.SZ,20260729,4.85,130600,633410.0,0.0,3.4052261597444944,45.0
002702.SZ,20260729,4.3,65300,280790.0,0.7025761124121788,1.4429427494167228,49.215456674473074
002703.SZ,20260729,12.88,119500,1539160.0,0.3897116134060852,3.787424401426343,47.33826968043651
002705.SZ,20260729,11.36,28100,319216.0,0.08810572687223406,3.0571142313134922,45.5286343612334
002706.SZ,20260729,8.7,21700,188790.0,0.0,0.9412730618634754,45.0
002707.SZ,20260729,5.05,113300,572165.0,0.1984126984126977,5.516304228030087,46.19047619047619
002708.SZ,20260729,9.58,113700,1089246.0,1.2684989429175397,4.991996277884246,52.61099365750524
002709.SZ,20260729,37.05,332799,12330202.95,-0.6436041834271933,4.24650335698318,41.13837489943684
002712.SZ,20260729,4.31,38100,164211.0,0.936768149882905,2.6426854361367598,50.62060889929743
002713.SZ,20260729,8.85,477200,4223220.0,0.22650056625141968,21.516156384937915,46.359003397508516
002714.SZ,20260729,39.3,163400,6421620.0,0.0,3.0646378179435065,45.0
002715.SZ,20260729,12.52,7800,97656.0,-0.6349206349206327,3.409653555442641,41.190476190476204
002716.SZ,20260729,7.5,373900,2804250.0,-0.6622516556291314,2.777797699319716,41.026490066225215
002717.SZ,20260729,1.0,521200,521200.0,0.0,14.143230656879796,45.0
002718.SZ,20260729,85.0,900,76500.0,0.5322294500295754,0.6372309027000472,48.19337670017745
002719.SZ,20260729,5.57,2000,11140.0,-0.7130124777183555,0.34961550134524577,40.721925133689865
002721.SZ,20260729,2.33,75400,175682.0,0.0,1.6852119447221774,45.0
002722.SZ,20260729,12.0,800,9600.0,-0.24937655860348684,0.2741594656534002,43.50374064837908
002723.SZ,20260729,6.64,2600,17264.0,0.15082956259426794,0.31738929496965385,45.90497737556561
002724.SZ,20260729,5.18,14800,76664.0,0.3875968992248069,2.1804816896628383,47.32558139534884
002725.SZ,20260729,11.01,72500,798225.0,-0.09074410163338875,9.641277975004623,44.45553539019967
002726.SZ,20260729,1.9,697800,1325820.0,0.5291005291005346,4.812783172202949,48.174603174603206
002727.SZ,20260729,11.4,15700,178980.0,0.35211267605634866,1.599091437022405,47.11267605633809
002728.SZ,20260729,8.83,34700,306401.0,0.0,2.1245049398228564,45.0
002729.SZ,20260729,12.94,21700,280798.0,0.46583850931676274,3.8530515668936594,47.79503105590058
002730.SZ,20260729,21.66,14000,303240.0,0.0,1.2292202483674293,45.0
002731.SZ,20260729,1.77,797300,1411221.0,-0.5617977528089901,15.345253072563349,41.62921348314606
002732.SZ,20260729,12.58,3600,45288.0,0.0,0.6371203376231335,45.0
002733.SZ,20260729,17.95,22900,411055.0,0.39149888143177325,1.7368120824110218,47.34899328859064
002734.SZ,20260729,13.18,193800,2554284.0,-0.2271006813020504,19.574895516453562,43.6373959121877
002735.SZ,20260729,10.57,69800,737786.0,0.09469696969697239,3.773720159722376,45.568181818181834
002736.SZ,20260729,10.05,46300,465315.0,0.0,1.4289850110854405,45.0
002737.SZ,20260729,13.58,23500,319130.0,0.22140221402213722,3.593328583387498,46.32841328413282
002738.SZ,20260729,47.75,36300,1733325.0,0.0,1.3679729113132566,45.0
002739.SZ,20260729,8.68,466700,4050956.0,0.11534025374855261,6.8466201863142375,45.692041522491316
002741.SZ,20260729,21.84,44800,978432.0,-0.22841480127913094,1.7685266423153008,43.62951119232521
002742.SZ,20260729,3.38,5000,16900.0,0.0,0.5488492206941877,45.0
002743.SZ,20260729,3.49,32000,111680.0,0.8670520231213841,3.0819316582543377,50.2023121387283
002745.SZ,20260729,10.67,274300,2926781.0,0.37629350893695346,4.088208422490543,47.25776105362172
002746.SZ,20260729,5.98,22600,135148.0,0.16750418760469454,2.0668956373535456,46.005025125628165
002747.SZ,20260729,30.77,355200,10929504.0,1.4172709294660413,3.963182597230683,53.503625576796246
002748.SZ,20260729,10.07,8700,87609.0,0.09940357852882276,1.253198636139271,45.59642147117294
002749.SZ,20260729,8.86,21980,194742.8,-0.11273957158962622,4.4243126035152915,44.323562570462244
002752.SZ,20260729,5.87,18700,109769.0,0.34188034188034067,1.7894831495105712,47.051282051282044
002753.SZ,20260729,5.98,2600,15548.0,0.16750418760469454,0.9371273610811754,46.005025125628165
002755.SZ,20260729,12.95,5800,75110.0,0.3875968992248069,0.6247733086035675,47.32558139534884
002756.SZ,20260729,45.34,19300,875062.0,0.022060445621008284,1.2090607760390382,45.13236267372605
002757.SZ,20260729,15.49,19200,297408.0,0.06459948320414188,1.9757231509830055,45.38759689922485
002758.SZ,20260729,7.83,21300,166779.0,0.6426735218509005,4.1734393855465655,48.8560411311054
002759.SZ,20260729,16.0,802400,12838400.0,0.565681961030795,13.759571555819019,48.39409176618477
002760.SZ,20260729,15.72,9200,144624.0,-0.5063291139240533,2.553877069131515,41.96202531645568
002761.SZ,20260729,7.04,13200,92928.0,-0.14184397163120588,0.89405366856164,44.148936170212764
002762.SZ,20260729,8.0,18700,149600.0,0.7556675062972307,4.209505604869905,49.53400503778339
002763.SZ,20260729,6.86,29800,204428.0,0.8823529411764675,2.861344145903861,50.294117647058805
002765.SZ,20260729,6.34,9000,57060.0,0.31645569620253333,0.7083212264320108,46.8987341772152
002766.SZ,20260729,3.69,75600,278964.0,-0.2702702702702786,2.9146426065583757,43.37837837837833
002767.SZ,20260729,15.54,4000,62160.0,0.2580645161290196,1.0840283985305263,46.54838709677412
002768.SZ,20260729,47.1,6800,320280.0,-0.800336983993255,0.6205294829447711,40.19797809604047
002769.SZ,20260729,6.37,8100,51597.0,-0.9331259720062102,1.4174939853860977,39.40124416796274
002771.SZ,20260729,11.68,64800,756864.0,-0.34129692832765013,8.839651273851183,42.9522184300341
002772.SZ,20260729,9.87,81100,800457.0,0.5091649694500822,4.76771514348759,48.05498981670049
002773.SZ,20260729,21.32,8700,185484.0,0.046926325668716906,1.2860163597834915,45.2815579540123
002774.SZ,20260729,15.04,78800,1185152.0,-2.40103828682674,6.280140709888019,30.59377027903956
002775.SZ,20260729,3.88,794500,3082660.0,0.0,21.720363663623385,45.0
002777.SZ,20260729,12.65,40800,516120.0,0.9577015163607427,5.250623900715476,50.74620909816446
002778.SZ,20260729,14.4,24500,352800.0,-0.4149377593360981,7.265944047386872,42.51037344398341
002779.SZ,20260729,56.83,200,11366.0,0.5840707964601677,0.08691786879253162,19.149641161416696
002780.SZ,20260729,12.6,38200,481320.0,0.0,4.443853009902512,45.0
002782.SZ,20260729,13.96,11900,166124.0,0.07168458781363629,1.1906356679309016,45.43010752688182
002783.SZ,20260729,7.13,2700,19251.0,0.0,0.48211327445596036,45.0
002785.SZ,20260729,33.3,2600,86580.0,0.15037593984961184,0.5784216960326244,45.902255639097675
002786.SZ,20260729,7.37,7800,57486.0,0.5457025920873049,1.0446247726206621,48.27421555252383
002787.SZ,20260729,20.11,25100,504761.0,-0.7403751233958644,1.2019794256647278,40.55774925962481
002788.SZ,20260729,9.98,56700,565866.0,0.6048387096774244,3.5082232417753154,48.62903225806455
002789.SZ,20260729,8.8,23700,208560.0,-0.6772009029345272,11.999748681903323,40.936794582392835
002790.SZ,20260729,5.46,3800,20748.0,0.18348623853210455,0.6598245460511433,46.10091743119263
002791.SZ,20260729,13.99,18600,260214.0,0.07153075822603494,2.726273149693815,45.42918454935621
002792.SZ,20260729,24.54,43200,1060128.0,-1.247484909456753,2.7973558549490543,37.51509054325948
002793.SZ,20260729,4.77,370000,1764900.0,-0.41753653444677186,9.119461607597323,42.49478079331937
002795.SZ,20260729,6.17,493300,3043661.0,1.983471074380172,12.163281288856982,56.90082644628103
002796.SZ,20260729,26.27,14200,373034.0,-1.2406015037594087,1.5297054639490761,37.55639097744355
002797.SZ,20260729,6.41,91900,589079.0,0.0,1.7447546608066342,45.0
002798.SZ,20260729,5.15,54000,278100.0,0.0,4.705684317854142,45.0
002799.SZ,20260729,6.19,7700,47663.0,0.32414910858995505,1.58803849808068,46.94489465153973
002800.SZ,20260729,12.03,3200,38496.0,-0.24875621890547706,1.0625758233527314,43.50746268656714
002801.SZ,20260729,26.63,200,5326.0,-0.037537537537546406,0.1568412423973291,28.00619840629396
002802.SZ,20260729,10.32,1500,15480.0,0.0,0.7480321481312406,45.0
002803.SZ,20260729,17.99,14300,257257.0,-0.05555555555556424,1.4215348936439614,44.666666666666615
002805.SZ,20260729,17.06,29100,496446.0,0.11737089201877549,1.3817294155676743,45.70422535211265
002806.SZ,20260729,12.49,152500,1904725.0,-0.08000000000000229,13.444819652912548,44.51999999999999
002807.SZ,20260729,4.0,56300,225200.0,0.25062656641603454,0.9678370700470823,46.50375939849621
002809.SZ,20260729,7.36,1600,11776.0,0.0,0.28142901144135596,45.0
002810.SZ,20260729,19.43,2600,50518.0,0.0,0.40211473785137103,45.0
002811.SZ,20260729,9.71,9600,93216.0,0.20639834881321928,1.8335285647074429,46.238390092879314
002812.SZ,20260729,52.96,111700,5915632.0,1.2232415902140747,4.203894191057134,52.33944954128445
002813.SZ,20260729,19.25,1900,36575.0,-0.46535677352637084,0.7597694563455373,42.20785935884177
002815.SZ,20260729,11.4,43400,494760.0,-0.34965034965034336,1.154861958727546,42.90209790209794
002816.SZ,20260729,22.98,1900,43662.0,-0.043497172683770735,0.9879691863674824,44.73901696389738
002817.SZ,20260729,5.97,23600,140892.0,1.0152284263959421,3.666535010374018,51.09137055837565
002818.SZ,20260729,10.79,4100,44239.0,0.37209302325580396,0.8287234424942885,47.232558139534824
002819.SZ,20260729,20.11,22700,456497.0,-1.3732221677292822,6.950908569660195,36.760666993624305
002820.SZ,20260729,8.4,34900,293160.0,-0.11890606420926764,3.376207693020216,44.286563614744395
002821.SZ,20260729,159.98,22600,3615548.0,1.6649720386375133,2.887466106142828,54.989832231825076
002822.SZ,20260729,2.86,3100,8866.0,0.35087719298245723,0.20639105791731993,39.25565358301233
002823.SZ,20260729,12.49,3300,41217.0,-0.08000000000000229,0.6777018797747382,44.51999999999999
002824.SZ,20260729,21.0,17700,371700.0,-0.990099009900991,0.9577478568946771,39.059405940594054
002825.SZ,20260729,7.7,4800,36960.0,0.26041666666667407,1.5238693577498061,46.56250000000004
002826.SZ,20260729,15.91,8100,128871.0,0.06289308176099517,3.3010936789170184,45.37735849056597
002827.SZ,20260729,28.59,500600,14312154.0,10.003847633705277,220.16628139766445,100.0
002828.SZ,20260729,,0,0.0,,,0.0
002829.SZ,20260729,20.38,250100,5097038.0,-0.4882812500000111,14.833510803602492,42.070312499999936
002830.SZ,20260729,11.93,7900,94247.0,-0.08375209380234727,2.04681564072846,44.49748743718592
002831.SZ,20260729,25.8,10300,265740.0,0.1941747572815622,1.0532332778149014,46.16504854368937
002832.SZ,20260729,25.13,238800,6001044.0,-0.8678500986193383,6.858317822244159,39.79289940828397
002833.SZ,20260729,16.45,1900,31255.0,-0.24257125530624535,0.13853301053343822,23.480514364181406
002835.SZ,20260729,11.37,8500,96645.0,0.8873114463176623,3.351897063794358,50.32386867790598
002836.SZ,20260729,8.63,14300,123409.0,0.8177570093457875,7.076314492978331,49.90654205607473
002837.SZ,20260729,54.0,118400,6393600.0,-2.0497007074188334,3.140417341255977,32.701795755487
002838.SZ,20260729,25.57,3300,84381.0,-0.03909304143862036,0.4149292174034989,44.76544175136828
002839.SZ,20260729,4.4,195200,858880.0,0.0,4.910186472224123,45.0
002840.SZ,20260729,7.35,18900,138915.0,-0.13586956521740579,1.1843696356630387,44.18478260869556
002841.SZ,20260729,44.5,26500,1179250.0,0.1575512041413374,2.2614724186614135,45.94530722484802
002842.SZ,20260729,30.46,81600,2485536.0,0.0,3.6160652999493665,45.0
002843.SZ,20260729,16.39,65000,1065350.0,0.0,5.925806935672391,45.0
002845.SZ,20260729,12.05,18100,218105.0,0.16625103906899863,1.829543180251446,45.99750623441399
002846.SZ,20260729,9.66,5600,54096.0,0.940438871473348,0.966220039360035,50.64263322884009
002847.SZ,20260729,51.7,90400,4673680.0,1.3924298882133757,8.174065443094323,53.354579329280256
002848.SZ,20260729,11.7,6800,79560.0,-0.17064846416383617,0.8816336170045272,43.97610921501698
002849.SZ,20260729,13.6,600,8160.0,0.0,0.1412033138756551,25.416596497617917
002850.SZ,20260729,172.01,9500,1634095.0,0.0058139534883761,2.301663495558405,45.03488372093025
002851.SZ,20260729,111.48,289800,32306904.0,-5.179892829803512,7.828203288952622,15.0
002852.SZ,20260729,7.5,37300,279750.0,0.2673796791443861,10.435358688177494,46.604278074866315
002853.SZ,20260729,19.74,100,1974.0,0.10141987829614951,0.06587827436966355,12.466608656316335
002855.SZ,20260729,9.27,25100,232677.0,0.9803921568627416,4.27421670709255,50.88235294117645
002856.SZ,20260729,14.32,69600,996672.0,2.285714285714291,10.173235147509164,58.714285714285744
002857.SZ,20260729,14.58,5800,84564.0,0.34411562284928365,1.294313920563251,47.0646937370957
002858.SZ,20260729,10.58,32500,343850.0,0.0,4.990871792015009,45.0
002859.SZ,20260729,58.09,41700,2422353.0,-0.9885801943071426,1.90715163972564,39.068518834157146
002860.SZ,20260729,19.19,330500,6342295.0,-2.93373798684875,9.534182675463953,27.3975720789075
002861.SZ,20260729,14.7,17800,261660.0,0.8922443376801592,2.3130213918041096,50.35346602608095
002862.SZ,20260729,12.55,1500,18825.0,0.40000000000000036,0.44207576271642496,47.400000000000006
002863.SZ,20260729,4.2,10200,42840.0,-0.4739336492890933,0.9943037581734426,42.15639810426544
002864.SZ,20260729,20.71,12250,253697.5,0.43646944713870983,4.436754955653863,47.61881668283226
002865.SZ,20260729,41.68,14800,616864.0,-0.4062126642771835,1.906826592938574,42.5627240143369
002866.SZ,20260729,14.15,45200,639580.0,-0.07062146892655718,3.245979212989074,44.57627118644066
002867.SZ,20260729,12.25,13200,161700.0,-0.08156606851549286,1.4762971372522107,44.510603588907045
002868.SZ,20260729,22.53,1400,31542.0,-0.044365572315874235,0.961542535910986,44.733806566104754
002869.SZ,20260729,15.76,144100,2271016.0,-0.06341154090043766,19.362452412044053,44.61953075459738
002870.SZ,20260729,38.9,400,15560.0,-0.17962535283551073,0.22524103758528868,39.4656346483389
002871.SZ,20260729,15.77,700,11039.0,0.06345177664974777,0.23864279323133505,43.336413441538795
002872.SZ,20260729,4.92,2800,13776.0,0.40816326530610514,1.633020780236845,47.44897959183663
002873.SZ,20260729,7.57,5500,41635.0,0.26490066225166586,0.851069278453797,46.589403973509995
002875.SZ,20260729,12.06,19900,239994.0,0.08298755186721962,3.9167303416597217,45.49792531120332
002876.SZ,20260729,26.43,7000,185010.0,-0.4519774011299438,1.4474414346583229,42.28813559322034
002877.SZ,20260729,6.8,3100,21080.0,0.14727540500736325,0.7476390866367082,45.88365243004418
002878.SZ,20260729,11.69,38400,448896.0,1.037165082108893,5.548968080213057,51.22299049265336
002879.SZ,20260729,17.87,1091700,19508679.0,-5.449735449735438,27.15460474249601,15.0
002880.SZ,20260729,19.23,4600,88458.0,-0.05197505197503949,3.2857442360016162,44.688149688149764
002881.SZ,20260729,37.26,28900,1076814.0,-0.2142474558114782,3.709973336633579,43.71451526513113
002882.SZ,20260729,17.86,17000,303620.0,0.0,2.121362609788027,45.0
002883.SZ,20260729,8.4,3800,31920.0,0.11918951132299238,5.92293354971784,45.71513706793795
002884.SZ,20260729,16.33,7200,117576.0,0.06127450980391025,3.345338861171389,45.367647058823465
002885.SZ,20260729,24.0,61300,1471200.0,-0.7444168734491274,3.610855422156627,40.53349875930523
002886.SZ,20260729,17.58,26000,457080.0,-0.7900677200902928,2.825360334970983,40.25959367945824
002887.SZ,20260729,9.63,2300,22149.0,1.1554621848739677,0.6195096277401358,51.932773109243804
002888.SZ,20260729,15.6,3400,53040.0,-0.8264462809917439,1.1320684548646953,40.04132231404954
002889.SZ,20260729,12.9,746300,9627270.0,4.538087520259326,29.117564968252477,72.22852512155596
002890.SZ,20260729,13.53,6300,85239.0,0.0,2.420372666800389,45.0
002891.SZ,20260729,31.4,60400,1896560.0,-0.9151151782896938,3.034962435995759,39.50930893026184
002892.SZ,20260729,9.14,2500,22850.0,0.4395604395604602,0.26527102514839784,47.63736263736276
002893.SZ,20260729,9.38,10500,98490.0,0.0,1.6199876771193846,45.0
002895.SZ,20260729,35.02,25400,889508.0,-0.4548038658328535,2.8046020031422114,42.27117680500288
002896.SZ,20260729,61.96,13100,811676.0,0.8135372600065027,2.05568851166956,49.88122356003902
002897.SZ,20260729,56.53,37100,2097263.0,0.0,3.4889155210711844,45.0
002899.SZ,20260729,17.89,400,7156.0,-0.4451864218141255,0.10267619457674465,15.810596492929283
002900.SZ,20260729,12.14,1239200,15043888.0,-6.471494607087824,36.340689802325166,15.0
002901.SZ,20260729,43.8,3900,170820.0,0.7128075419636559,2.194764261447374,49.276845251781936
002902.SZ,20260729,21.33,55600,1185948.0,-0.652072659524916,5.030333700774136,41.0875640428505
002903.SZ,20260729,23.31,96100,2240091.0,1.5686274509803866,24.229577778035928,54.41176470588232
002905.SZ,20260729,,0,0.0,,0.0,0.0
002906.SZ,20260729,23.97,3900,93483.0,0.041736227045063856,0.43323133965491706,45.25041736227038
002907.SZ,20260729,12.5,44100,551250.0,0.0,11.607655801219995,45.0
002908.SZ,20260729,6.57,17800,116946.0,0.4587155963302836,3.606289081742495,47.7522935779817
002909.SZ,20260729,4.63,20700,95841.0,-0.21551724137930384,2.658994799477706,43.70689655172418
002910.SZ,20260729,8.21,33300,273393.0,0.7361963190184007,1.585248668913672,49.417177914110404
002911.SZ,20260729,11.12,25100,279112.0,0.0,2.84455278380221,45.0
002912.SZ,20260729,18.61,13500,251235.0,0.7579859231185759,5.843219332779639,49.54791553871146
002913.SZ,20260729,42.02,25400,1067308.0,-0.4265402843601884,4.020938127931496,42.44075829383887
002915.SZ,20260729,15.72,25200,396144.0,-0.3802281368821214,3.86115085383751,42.71863117870727
002916.SZ,20260729,304.73,47312,14417385.76,-4.203080792203706,3.053477683441177,19.781515246777765
002917.SZ,20260729,9.92,1900,18848.0,0.20202020202020332,0.6440956830655564,46.21212121212122
002918.SZ,20260729,9.13,141500,1291895.0,-0.8686210640608039,8.097480491222873,39.78827361563518
002919.SZ,20260729,15.91,2500,39775.0,0.0,0.5580373208289126,45.0
002920.SZ,20260729,83.98,10300,864994.0,0.14309563558312366,1.0560582905565163,45.858573813498744
002921.SZ,20260729,19.92,4900,97608.0,0.201207243460777,0.48160884968667633,46.20724346076466
002922.SZ,20260729,23.77,46000,1093420.0,-0.25178346621904657,2.900885492675437,43.48929920268572
002923.SZ,20260729,10.6,9000,95400.0,0.1890359168241984,1.2004706600000192,46.13421550094519
002925.SZ,20260729,22.01,289100,6363091.0,-1.5652951699463236,12.115557682938443,35.60822898032206
002926.SZ,20260729,8.16,12000,97920.0,0.0,0.6654175432055146,45.0
002927.SZ,20260729,14.31,1300,18603.0,0.06993006993005757,0.20319640335458497,36.994933023405636
002928.SZ,20260729,6.22,713300,4436726.0,-2.0472440944881876,21.32806875312237,32.716535433070874
002929.SZ,20260729,49.35,31100,1534785.0,-0.020259319286863864,2.270015743326397,44.87844408427882
002930.SZ,20260729,8.22,3100,25482.0,0.7352941176470562,0.3437031986461272,49.411764705882334
002931.SZ,20260729,44.73,83981,3756470.13,0.31397174254315097,8.070527104917593,46.8838304552589
002932.SZ,20260729,,0,0.0,,0.0,0.0
002933.SZ,20260729,24.4,400,9760.0,-0.24529844644318732,0.48030583670999166,43.528209321340874
002935.SZ,20260729,15.08,14000,211120.0,0.9370816599732379,2.7861474673101507,50.62248995983943
002936.SZ,20260729,1.79,415700,744103.0,0.0,3.550416443577997,45.0
002937.SZ,20260729,29.06,120200,3493012.0,-2.1878155503197605,7.34995413562207,31.873106698081436
002938.SZ,20260729,81.71,98100,8015751.0,-2.6798475464506866,2.947387739909188,28.92091472129588
002939.SZ,20260729,8.12,14300,116116.0,0.0,0.5788793111952386,45.0
002940.SZ,20260729,24.86,41300,1026718.0,1.0980073200487883,4.440721863858747,51.58804392029273
002941.SZ,20260729,10.2,69200,705840.0,0.7905138339920903,3.3383613439223594,49.74308300395254
002942.SZ,20260729,14.16,14000,198240.0,0.07067137809186885,9.378567879438245,45.42402826855121
002943.SZ,20260729,29.11,6300,183393.0,-0.4105371193978802,0.5014498217290515,42.53677728361272
002945.SZ,20260729,13.15,41000,539150.0,0.6891271056661541,1.1102503068556708,49.13476263399693
002946.SZ,20260729,16.42,122100,2004882.0,1.1083743842364768,6.7522865798521385,51.65024630541886
002947.SZ,20260729,53.3,8600,458380.0,-0.7448789571694703,0.9626466986070376,40.53072625698318
002948.SZ,20260729,5.76,83260,479577.6,0.0,2.305125746337042,45.0
002949.SZ,20260729,9.63,14200,136746.0,0.7322175732217495,5.246993068471444,49.3933054393305
002950.SZ,20260729,8.93,32500,290225.0,1.0180995475113086,2.9138034345843673,51.10859728506785
002951.SZ,20260729,12.67,303300,3842811.0,-1.3239875389408073,26.02112318961557,37.05607476635515
002952.SZ,20260729,18.25,19600,357700.0,-0.8152173913043348,6.5140307432749465,40.10869565217399
002953.SZ,20260729,9.5,36800,349600.0,-0.8350730688935326,2.983278428130503,39.98956158663881
002955.SZ,20260729,32.21,65600,2112976.0,-1.4683389415723336,6.872494414123196,36.189966350565996
002956.SZ,20260729,16.67,35800,596786.0,0.5428226779252254,3.067024284112265,48.25693606755135
002957.SZ,20260729,35.12,51600,1812192.0,-0.17055144968732838,3.1802966233636636,43.97669130187603
002958.SZ,20260729,3.03,253000,766590.0,0.0,2.9088214977774984,45.0
002959.SZ,20260729,33.23,1100,36553.0,0.0,0.9530598992149782,45.0
002960.SZ,20260729,7.7,4600,35420.0,0.26041666666667407,0.4421448042955942,46.56250000000004
002961.SZ,20260729,18.51,9300,172143.0,0.16233766233766378,1.0877451227288368,45.974025974025984
002962.SZ,20260729,11.88,36000,427680.0,-0.917431192660545,3.75051016382905,39.49541284403673
002963.SZ,20260729,11.69,29300,342517.0,-10.007698229407247,4.9086446256771,15.0
002965.SZ,20260729,34.82,165700,5769674.0,-4.524266520427744,7.928941099204306,17.854400877433534
002966.SZ,20260729,8.1,127700,1034370.0,-0.24630541871920597,1.6044297480116896,43.52216748768476
002967.SZ,20260729,16.21,1300,21073.0,-0.12322858903265343,0.2546553261875783,44.26062846580408
002968.SZ,20260729,8.23,34700,285581.0,0.8578431372548989,8.16561101561716,50.14705882352939
002969.SZ,20260729,13.8,4806800,66333840.0,9.436954797779551,32.925335196477285,100.0
002970.SZ,20260729,46.05,1600,73680.0,-0.10845986984816536,0.4658035661272008,44.34924078091101
002971.SZ,20260729,36.74,201500,7403110.0,0.05446623093683378,11.184660582603072,45.326797385621006
002972.SZ,20260729,13.0,6100,79300.0,-0.6116207951070374,0.877424970815385,41.330275229357774
002973.SZ,20260729,9.02,2300,20746.0,-0.22123893805309214,0.412329826495918,43.67256637168145
002975.SZ,20260729,80.51,33800,2721238.0,1.016311166875794,3.326988149070477,51.09786700125476
002976.SZ,20260729,19.2,1500,28800.0,0.5762179151388214,0.38491198994032516,48.45730749083293
002977.SZ,20260729,22.38,99300,2222334.0,-6.281407035175879,29.924409133921564,15.0
002978.SZ,20260729,25.9,3600,93240.0,-0.07716049382717749,1.189024625558863,44.53703703703694
002979.SZ,20260729,58.0,101500,5887000.0,1.1510289501220683,7.614227989900761,51.90617370073241
002980.SZ,20260729,75.13,68100,5116353.0,-1.209730440499679,5.603492423055442,37.74161735700193
002981.SZ,20260729,22.37,27000,603990.0,-0.710164225477139,11.99930148605068,40.73901464713717
002982.SZ,20260729,11.3,6800,76840.0,-0.4405286343612258,2.09218110751747,42.35682819383265
002983.SZ,20260729,18.15,3600,65340.0,0.16556291390728006,1.5987077133203376,45.99337748344368
002984.SZ,20260729,14.18,4300,60974.0,0.14124293785311437,0.2643120046982941,45.847457627118686
002985.SZ,20260729,24.88,6900,171672.0,0.0,1.3832677967052658,45.0
002986.SZ,20260729,11.91,23200,276312.0,1.0178117048346147,4.791407428765851,51.10687022900769
002987.SZ,20260729,10.78,82000,883960.0,0.0,4.123359857547957,45.0
002988.SZ,20260729,19.6,2800,54880.0,0.0,0.725513738155228,45.0
002989.SZ,20260729,20.4,14700,299880.0,0.19646365422396617,1.732853199167365,46.1787819253438
002990.SZ,20260729,45.06,32900,1482474.0,-0.022187708009757667,3.78135710299961,44.866873751941455
002991.SZ,20260729,41.22,5400,222588.0,-0.3384912959381037,4.232375010619537,42.96905222437138
002992.SZ,20260729,32.72,2100,68712.0,-0.547112462006083,1.4487612661050082,41.7173252279635
002993.SZ,20260729,35.9,12300,441570.0,-0.22234574763757564,1.4616393306807844,43.665925514174546
002995.SZ,20260729,16.8,295600,4966080.0,-1.0017678255745288,18.04205373669019,38.98939304655283
002996.SZ,20260729,6.08,13400,81472.0,0.16474464579900872,1.6613225676564094,45.988467874794054
002997.SZ,20260729,25.97,7100,184387.0,0.9327633113097589,2.675346983248173,50.59657986785855
002998.SZ,20260729,7.25,27500,199375.0,0.13812154696133394,2.171808027324403,45.828729281768005
002999.SZ,20260729,5.42,3900,21138.0,0.37037037037035425,0.8058317853405634,47.22222222222213
003000.SZ,20260729,10.45,6500,67925.0,0.0,1.0165080845589176,45.0
003001.SZ,20260729,17.07,339400,5793558.0,-3.340883352208379,17.003578064311657,24.954699886749726
003002.SZ,20260729,15.2,2300,34960.0,0.06583278472678256,0.7077105448486557,45.394996708360694
003003.SZ,20260729,9.65,10600,102290.0,-0.10351966873706209,3.276854340284713,44.37888198757763
003004.SZ,20260729,60.24,4100,246984.0,0.6516290726817031,2.0129344469515704,48.90977443609022
003005.SZ,20260729,12.0,500,6000.0,0.0,0.1591673484865318,28.650122727575724
003006.SZ,20260729,14.14,26300,371882.0,0.35486160397446564,4.592038849585642,47.12916962384679
003007.SZ,20260729,33.08,3500,115780.0,-0.3914483589280371,2.131017605448514,42.65130984643178
003008.SZ,20260729,16.91,4300,72713.0,0.05917159763315638,3.581030387726655,45.35502958579894
003009.SZ,20260729,47.2,14700,693840.0,0.2548853016142827,3.620615438337365,46.529311809685694
003010.SZ,20260729,25.4,38600,980440.0,-0.35307963907414974,2.956359185932046,42.881522165555104
003011.SZ,20260729,17.19,6500,111735.0,0.4088785046729049,2.865333671779583,47.45327102803743
003012.SZ,20260729,4.55,11000,50050.0,0.44150110375273943,0.8250603084179056,47.64900662251644
003013.SZ,20260729,16.84,21828,367583.52,-0.5316007088009389,3.481385282563458,41.81039574719436
003015.SZ,20260729,10.44,9200,96048.0,0.09587727708533222,1.1236149329697385,45.57526366251199
003016.SZ,20260729,6.49,25500,165495.0,0.4643962848297267,7.146780624955126,47.786377708978364
003017.SZ,20260729,20.29,2200,44638.0,0.34619188921860555,1.042095805336298,47.07715133531163
003018.SZ,20260729,33.94,25800,875652.0,-1.0784027980180855,1.5169929316974924,38.529583211891484
003019.SZ,20260729,22.0,13500,297000.0,-0.36231884057970065,2.6425335157368224,42.8260869565218
003020.SZ,20260729,16.99,314800,5348452.0,0.0,23.257044822134297,45.0
003021.SZ,20260729,74.81,3000,224430.0,0.5375621556242605,1.3089694831192276,48.22537293374556
003022.SZ,20260729,18.55,48850,906167.5,-0.26881720430107503,4.257403088511163,43.38709677419355
003023.SZ,20260729,19.55,3800,74290.0,-0.05112474437626302,0.6734854455007669,44.69325153374242
003025.SZ,20260729,11.35,7100,80585.0,0.1765225066195919,1.3983111338156435,46.05913503971755
003026.SZ,20260729,26.5,18000,477000.0,-0.3009781790820121,1.9471178271408167,43.19413092550793
003027.SZ,20260729,15.12,7700,116424.0,0.13245033112583293,4.608759564619006,45.794701986755
003028.SZ,20260729,20.77,100,2077.0,-0.3836930455635601,0.12360155581092869,19.946121772585805
003029.SZ,20260729,15.95,10800,172260.0,-0.2501563477173341,2.576476584810737,43.499061913695996
003030.SZ,20260729,23.11,21000,485310.0,0.4345936549326357,4.797424070639087,47.60756192959582
003031.SZ,20260729,100.45,50557,5078450.65,0.1695253290785903,5.16675440869968,46.017151974471545
003032.SZ,20260729,7.28,6066801,44166311.28,9.969788519637458,570.9392461002027,100.0
003033.SZ,20260729,62.27,4300,267761.0,0.016061676839074224,2.127970792196156,45.09637006103445
003035.SZ,20260729,5.36,43400,232624.0,-0.7407407407407418,1.143638188137812,40.55555555555555
003036.SZ,20260729,48.9,36100,1765290.0,1.4943960149439661,4.91966937252081,53.9663760896638
003037.SZ,20260729,5.35,11900,63665.0,-0.3724394785847407,3.189332056231233,42.76536312849156
003038.SZ,20260729,9.85,4200,41370.0,0.10162601626015899,0.812741311234892,45.609756097560954
003039.SZ,20260729,11.3,3800,42940.0,-0.17667844522968323,0.8636141714270691,43.9399293286219
003040.SZ,20260729,10.9,185000,2016500.0,1.5843429636533068,11.397918795409465,54.50605778191984
003041.SZ,20260729,35.7,4800,171360.0,-0.6954102920723182,2.305600034344399,40.82753824756609
003042.SZ,20260729,11.86,5300,62858.0,0.0,1.7044292523958704,45.0
003043.SZ,20260729,65.93,29000,1911970.0,-0.015165301789488161,4.09982672929979,44.90900818926307
003816.SZ,20260729,4.02,244000,980880.0,0.0,2.8230155814037974,45.0
123064.SZ,20260729,110.16,10400,1145664.0,,,0.0
123065.SZ,20260729,120.569,770,92838.13,,,0.0
123071.SZ,20260729,115.497,20,2309.94,,,0.0
123072.SZ,20260729,120.28,140,16839.2,,,0.0
123076.SZ,20260729,120.1,420,50442.0,,,0.0
123080.SZ,20260729,125.716,80,10057.28,,,0.0
123088.SZ,20260729,117.501,200,23500.2,,,0.0
123090.SZ,20260729,114.022,210,23944.62,,,0.0
123091.SZ,20260729,139.797,5790,809424.63,,,0.0
123092.SZ,20260729,121.6,2490,302784.0,,,0.0
123104.SZ,20260729,133.638,120,16036.56,,,0.0
123107.SZ,20260729,115.42,230,26546.6,,,0.0
123109.SZ,20260729,125.48,260,32624.8,,,0.0
123112.SZ,20260729,,0,0.0,,,0.0
123113.SZ,20260729,,0,0.0,,,0.0
123114.SZ,20260729,131.585,1670,219746.95,,,0.0
123117.SZ,20260729,117.352,70,8214.64,,,0.0
123118.SZ,20260729,1118.0,5960,6663280.0,,,0.0
123119.SZ,20260729,124.585,140,17441.9,,,0.0
123122.SZ,20260729,127.389,10,1273.89,,,0.0
123124.SZ,20260729,140.503,5900,828967.7,,,0.0
123131.SZ,20260729,287.0,2760,792120.0,,,0.0
123133.SZ,20260729,130.15,150,19522.5,,,0.0
123138.SZ,20260729,127.495,40,5099.8,,,0.0
123142.SZ,20260729,124.6,2800,348880.0,,,0.0
123144.SZ,20260729,125.7,36466,4583776.2,,,0.0
123149.SZ,20260729,136.15,170,23145.5,,,0.0
123150.SZ,20260729,,0,0.0,,,0.0
123151.SZ,20260729,119.72,340,40704.8,,,0.0
123154.SZ,20260729,127.718,680,86848.24,,,0.0
123155.SZ,20260729,129.789,470,61000.83,,,0.0
123157.SZ,20260729,155.246,76810,11924445.26,,,0.0
123158.SZ,20260729,220.489,1600,352782.4,,,0.0
123160.SZ,20260729,153.83,20,3076.6,,,0.0
123165.SZ,20260729,131.512,220,28932.64,,,0.0
123168.SZ,20260729,,0,0.0,,,0.0
123171.SZ,20260729,131.581,260,34211.06,,,0.0
123172.SZ,20260729,131.34,40,5253.6,,,0.0
123173.SZ,20260729,137.3,30,4119.0,,,0.0
123175.SZ,20260729,114.1,420,47922.0,,,0.0
123176.SZ,20260729,446.042,4420,1971505.64,,,0.0
123178.SZ,20260729,137.673,410,56445.93,,,0.0
123179.SZ,20260729,,0,0.0,,,0.0
123180.SZ,20260729,128.599,80,10287.92,,,0.0
123183.SZ,20260729,130.775,40,5231.0,,,0.0
123187.SZ,20260729,174.555,310,54112.05,,,0.0
123188.SZ,20260729,140.765,15300,2153704.5,,,0.0
123189.SZ,20260729,,0,0.0,,,0.0
123192.SZ,20260729,,0,0.0,,,0.0
123193.SZ,20260729,,0,0.0,,,0.0
123194.SZ,20260729,137.75,180,24795.0,,,0.0
123195.SZ,20260729,176.735,870,153759.45,,,0.0
123196.SZ,20260729,125.26,260,32567.6,,,0.0
123199.SZ,20260729,140.32,610,85595.2,,,0.0
123207.SZ,20260729,193.152,970,187357.44,,,0.0
123209.SZ,20260729,165.5,380,62890.0,,,0.0
123211.SZ,20260729,155.5,380,59090.0,,,0.0
123213.SZ,20260729,242.149,2060,498826.94,,,0.0
123214.SZ,20260729,128.136,620,79444.32,,,0.0
123215.SZ,20260729,125.77,40,5030.8,,,0.0
123216.SZ,20260729,127.109,640,81349.76,,,0.0
123220.SZ,20260729,129.61,180,23329.8,,,0.0
123222.SZ,20260729,152.4,460,70104.0,,,0.0
123223.SZ,20260729,134.35,70,9404.5,,,0.0
123224.SZ,20260729,131.449,80,10515.92,,,0.0
123225.SZ,20260729,142.193,530,75362.29,,,0.0
123229.SZ,20260729,129.12,180,23241.6,,,0.0
123235.SZ,20260729,146.701,1380,202447.38,,,0.0
123237.SZ,20260729,135.0,270,36450.0,,,0.0
123241.SZ,20260729,831.111,880,731377.68,,,0.0
123243.SZ,20260729,181.92,440,80044.8,,,0.0
123245.SZ,20260729,296.0,2040,603840.0,,,0.0
123247.SZ,20260729,179.6,860,154456.0,,,0.0
123250.SZ,20260729,127.67,30,3830.1,,,0.0
123251.SZ,20260729,,0,0.0,,,0.0
123252.SZ,20260729,134.46,700,94122.0,,,0.0
123253.SZ,20260729,136.0,160,21760.0,,,0.0
123255.SZ,20260729,415.0,4730,1962950.0,,,0.0
123257.SZ,20260729,159.63,170,27137.1,,,0.0
123258.SZ,20260729,310.373,2520,782139.96,,,0.0
123259.SZ,20260729,158.3,270,42741.0,,,0.0
123260.SZ,20260729,142.34,250,35585.0,,,0.0
123261.SZ,20260729,,0,0.0,,,0.0
123262.SZ,20260729,134.501,90,12105.09,,,0.0
123263.SZ,20260729,140.944,3040,428469.76,,,0.0
123264.SZ,20260729,127.064,330,41931.12,,,0.0
123265.SZ,20260729,141.644,480,67989.12,,,0.0
123266.SZ,20260729,,0,0.0,,,0.0
123267.SZ,20260729,326.61,4750,1551397.5,,,0.0
123268.SZ,20260729,177.8,1800,320040.0,,,0.0
123269.SZ,20260729,148.36,70,10385.2,,,0.0
123270.SZ,20260729,282.567,4020,1135919.34,,,0.0
123271.SZ,20260729,155.993,600,93595.8,,,0.0
123272.SZ,20260729,166.714,4080,680193.12,,,0.0
123273.SZ,20260729,292.0,15330,4476360.0,,,0.0
123274.SZ,20260729,166.716,4120,686869.92,,,0.0
123275.SZ,20260729,163.1,15687,2558549.7,,,0.0
127025.SZ,20260729,,0,0.0,,,0.0
127027.SZ,20260729,113.293,540,61178.22,,,0.0
127030.SZ,20260729,118.301,1380,163255.38,,,0.0
127031.SZ,20260729,125.63,10,1256.3,,,0.0
127033.SZ,20260729,,0,0.0,,,0.0
127034.SZ,20260729,126.197,1940,244822.18,,,0.0
127037.SZ,20260729,519.9,720,374328.0,,,0.0
127038.SZ,20260729,128.99,440,56755.6,,,0.0
127040.SZ,20260729,,0,0.0,,,0.0
127044.SZ,20260729,122.569,230,28190.87,,,0.0
127045.SZ,20260729,124.697,480,59854.56,,,0.0
127046.SZ,20260729,132.0,1690,223080.0,,,0.0
127047.SZ,20260729,,0,0.0,,,0.0
127049.SZ,20260729,,0,0.0,,,0.0
127050.SZ,20260729,134.62,280,37693.6,,,0.0
127053.SZ,20260729,166.87,480,80097.6,,,0.0
127054.SZ,20260729,125.003,80,10000.24,,,0.0
127055.SZ,20260729,171.5,1130,193795.0,,,0.0
127056.SZ,20260729,130.9,1180,154462.0,,,0.0
127059.SZ,20260729,129.87,120,15584.4,,,0.0
127060.SZ,20260729,,0,0.0,,,0.0
127061.SZ,20260729,107.32,930,99807.6,,,0.0
127062.SZ,20260729,125.136,680,85092.48,,,0.0
127064.SZ,20260729,140.504,620,87112.48,,,0.0
127067.SZ,20260729,148.5,5510,818235.0,,,0.0
127068.SZ,20260729,,0,0.0,,,0.0
127069.SZ,20260729,,0,0.0,,,0.0
127070.SZ,20260729,364.0,1350,491400.0,,,0.0
127072.SZ,20260729,141.14,160,22582.4,,,0.0
127078.SZ,20260729,151.15,560,84644.0,,,0.0
127080.SZ,20260729,252.103,1880,473953.64,,,0.0
127082.SZ,20260729,138.66,180,24958.8,,,0.0
127083.SZ,20260729,122.995,330,40588.35,,,0.0
127084.SZ,20260729,148.796,1180,175579.28,,,0.0
127085.SZ,20260729,124.477,240,29874.48,,,0.0
127088.SZ,20260729,170.98,250,42745.0,,,0.0
127089.SZ,20260729,125.0,470,58750.0,,,0.0
127092.SZ,20260729,275.836,650,179293.4,,,0.0
127093.SZ,20260729,129.537,100,12953.7,,,0.0
127095.SZ,20260729,150.18,160,24028.8,,,0.0
127096.SZ,20260729,489.0,8070,3946230.0,,,0.0
127098.SZ,20260729,,0,0.0,,,0.0
127099.SZ,20260729,132.804,80,10624.32,,,0.0
127102.SZ,20260729,123.3,30,3699.0,,,0.0
127103.SZ,20260729,141.859,320,45394.88,,,0.0
127104.SZ,20260729,141.65,290,41078.5,,,0.0
127105.SZ,20260729,129.78,290,37636.2,,,0.0
127108.SZ,20260729,127.6,190,24244.0,,,0.0
127109.SZ,20260729,171.51,680,116626.8,,,0.0
127110.SZ,20260729,138.5,1650,228525.0,,,0.0
127111.SZ,20260729,,0,0.0,,,0.0
127112.SZ,20260729,152.1,260,39546.0,,,0.0
127113.SZ,20260729,163.751,240,39300.24,,,0.0
127114.SZ,20260729,146.618,1040,152482.72,,,0.0
128044.SZ,20260729,,0,0.0,,,0.0
128125.SZ,20260729,,0,0.0,,,0.0
128127.SZ,20260729,114.821,3890,446653.69,,,0.0
128128.SZ,20260729,110.13,2220,244488.6,,,0.0
128129.SZ,20260729,107.845,90,9706.05,,,0.0
128134.SZ,20260729,121.6,190,23104.0,,,0.0
128135.SZ,20260729,114.611,400,45844.4,,,0.0
128136.SZ,20260729,132.653,1850,245408.05,,,0.0
128138.SZ,20260729,130.366,40,5214.64,,,0.0
128142.SZ,20260729,117.807,20,2356.14,,,0.0
159001.SZ,20260729,100.0,493000,49300000.0,,,0.0
159003.SZ,20260729,99.999,2700,269997.3,,,0.0
159005.SZ,20260729,,0,0.0,,,0.0
159007.SZ,20260729,0.857,100,85.7,,,0.0
159008.SZ,20260729,,0,0.0,,,0.0
159009.SZ,20260729,,0,0.0,,,0.0
159010.SZ,20260729,,0,0.0,,,0.0
159011.SZ,20260729,,0,0.0,,,0.0
159012.SZ,20260729,0.901,31000,27931.0,,,0.0
159013.SZ,20260729,,0,0.0,,,0.0
159015.SZ,20260729,0.92,50000,46000.0,,,0.0
159016.SZ,20260729,1.015,24000,24360.0,,,0.0
159017.SZ,20260729,,0,0.0,,,0.0
159018.SZ,20260729,0.861,15700,13517.7,,,0.0
159019.SZ,20260729,0.879,43400,38148.6,,,0.0
159020.SZ,20260729,0.888,30100,26728.8,,,0.0
159021.SZ,20260729,1.002,100,100.2,,,0.0
159022.SZ,20260729,0.993,21400,21250.2,,,0.0
159023.SZ,20260729,1.035,500,517.5,,,0.0
159026.SZ,20260729,0.876,26800,23476.8,,,0.0
159027.SZ,20260729,,0,0.0,,,0.0
159028.SZ,20260729,0.794,30400,24137.6,,,0.0
159029.SZ,20260729,0.837,300,251.1,,,0.0
159030.SZ,20260729,,0,0.0,,,0.0
159031.SZ,20260729,,0,0.0,,,0.0
159032.SZ,20260729,0.828,10000,8280.0,,,0.0
159033.SZ,20260729,,0,0.0,,,0.0
159035.SZ,20260729,,0,0.0,,,0.0
159036.SZ,20260729,0.892,2400,2140.8,,,0.0
159037.SZ,20260729,,0,0.0,,,0.0
159038.SZ,20260729,,0,0.0,,,0.0
159039.SZ,20260729,0.799,200000,159800.0,,,0.0
159040.SZ,20260729,1.13,335200,378776.0,,,0.0
159041.SZ,20260729,0.983,100,98.3,,,0.0
159042.SZ,20260729,,0,0.0,,,0.0
159045.SZ,20260729,,0,0.0,,,0.0
159046.SZ,20260729,,0,0.0,,,0.0
159048.SZ,20260729,0.823,1000,823.0,,,0.0
159049.SZ,20260729,,0,0.0,,,0.0
159050.SZ,20260729,0.814,132600,107936.4,,,0.0
159051.SZ,20260729,,0,0.0,,,0.0
159052.SZ,20260729,0.822,15200,12494.4,,,0.0
159053.SZ,20260729,0.838,200,167.6,,,0.0
159055.SZ,20260729,,0,0.0,,,0.0
159056.SZ,20260729,,0,0.0,,,0.0
159057.SZ,20260729,,0,0.0,,,0.0
159059.SZ,20260729,1.034,1100,1137.4,,,0.0
159060.SZ,20260729,,0,0.0,,,0.0
159061.SZ,20260729,0.946,12300,11635.8,,,0.0
159062.SZ,20260729,,0,0.0,,,0.0
159063.SZ,20260729,,0,0.0,,,0.0
159065.SZ,20260729,,0,0.0,,,0.0
159066.SZ,20260729,0.877,200,175.4,,,0.0
159067.SZ,20260729,1.016,1100,1117.6,,,0.0
159068.SZ,20260729,0.975,51500,50212.5,,,0.0
159069.SZ,20260729,,0,0.0,,,0.0
159070.SZ,20260729,,0,0.0,,,0.0
159071.SZ,20260729,0.813,114,92.682,,,0.0
159072.SZ,20260729,1.028,5000,5140.0,,,0.0
159075.SZ,20260729,0.92,1100,1012.0,,,0.0
159076.SZ,20260729,,0,0.0,,,0.0
159078.SZ,20260729,0.895,700,626.5,,,0.0
159085.SZ,20260729,,0,0.0,,,0.0
159091.SZ,20260729,1.07,86601,92663.07,,,0.0
159100.SZ,20260729,1.109,99100,109901.9,,,0.0
159101.SZ,20260729,0.76,945000,718200.0,,,0.0
159102.SZ,20260729,0.76,179600,136496.0,,,0.0
159103.SZ,20260729,,0,0.0,,,0.0
159105.SZ,20260729,0.856,568200,486379.2,,,0.0
159106.SZ,20260729,,0,0.0,,,0.0
159107.SZ,20260729,0.695,97400,67693.0,,,0.0
159108.SZ,20260729,,0,0.0,,,0.0
159109.SZ,20260729,,0,0.0,,,0.0
159110.SZ,20260729,,0,0.0,,,0.0
159111.SZ,20260729,,0,0.0,,,0.0
159112.SZ,20260729,,0,0.0,,,0.0
159113.SZ,20260729,,0,0.0,,,0.0
159115.SZ,20260729,,0,0.0,,,0.0
159116.SZ,20260729,,0,0.0,,,0.0
159117.SZ,20260729,1.029,10000,10290.0,,,0.0
159118.SZ,20260729,0.976,200,195.2,,,0.0
159119.SZ,20260729,,0,0.0,,,0.0
159120.SZ,20260729,,0,0.0,,,0.0
159121.SZ,20260729,0.757,290400,219832.8,,,0.0
159122.SZ,20260729,0.868,100,86.8,,,0.0
159123.SZ,20260729,0.866,100,86.6,,,0.0
159125.SZ,20260729,0.723,500400,361789.2,,,0.0
159126.SZ,20260729,,0,0.0,,,0.0
159127.SZ,20260729,0.958,4800,4598.4,,,0.0
159128.SZ,20260729,0.739,28500,21061.5,,,0.0
159129.SZ,20260729,1.02,655000,668100.0,,,0.0
159130.SZ,20260729,,0,0.0,,,0.0
159131.SZ,20260729,0.926,8882600,8225287.6,,,0.0
159132.SZ,20260729,0.886,57900,51299.4,,,0.0
159133.SZ,20260729,1.044,3000,3132.0,,,0.0
159135.SZ,20260729,0.809,106200,85915.8,,,0.0
159136.SZ,20260729,,0,0.0,,,0.0
159137.SZ,20260729,0.856,214200,183355.2,,,0.0
159138.SZ,20260729,,0,0.0,,,0.0
159139.SZ,20260729,1.238,800,990.4,,,0.0
159140.SZ,20260729,1.243,34000,42262.0,,,0.0
159141.SZ,20260729,1.157,618600,715720.2,,,0.0
159142.SZ,20260729,1.183,523100,618827.3,,,0.0
159143.SZ,20260729,,0,0.0,,,0.0
159145.SZ,20260729,,0,0.0,,,0.0
159146.SZ,20260729,1.021,22900,23380.9,,,0.0
159147.SZ,20260729,0.828,55200,45705.6,,,0.0
159148.SZ,20260729,0.938,5700,5346.6,,,0.0
159149.SZ,20260729,,0,0.0,,,0.0
159150.SZ,20260729,1.636,300,490.8,,,0.0
159151.SZ,20260729,0.891,15600,13899.6,,,0.0
159152.SZ,20260729,0.792,80000,63360.0,,,0.0
159153.SZ,20260729,1.137,18800,21375.6,,,0.0
159155.SZ,20260729,0.829,17300,14341.7,,,0.0
159156.SZ,20260729,,0,0.0,,,0.0
159157.SZ,20260729,0.78,83100,64818.0,,,0.0
159158.SZ,20260729,1.006,50500,50803.0,,,0.0
159159.SZ,20260729,,0,0.0,,,0.0
159160.SZ,20260729,0.817,113300,92566.1,,,0.0
159161.SZ,20260729,,0,0.0,,,0.0
159162.SZ,20260729,0.772,5000,3860.0,,,0.0
159163.SZ,20260729,0.695,10000,6950.0,,,0.0
159165.SZ,20260729,0.841,1000,841.0,,,0.0
159166.SZ,20260729,,0,0.0,,,0.0
159167.SZ,20260729,0.847,50000,42350.0,,,0.0
159168.SZ,20260729,0.806,35500,28613.0,,,0.0
159169.SZ,20260729,,0,0.0,,,0.0
159170.SZ,20260729,0.875,20400,17850.0,,,0.0
159171.SZ,20260729,,0,0.0,,,0.0
159172.SZ,20260729,0.81,3800,3078.0,,,0.0
159173.SZ,20260729,,0,0.0,,,0.0
159175.SZ,20260729,0.879,6900,6065.1,,,0.0
159176.SZ,20260729,,0,0.0,,,0.0
159177.SZ,20260729,,0,0.0,,,0.0
159178.SZ,20260729,1.004,40600,40762.4,,,0.0
159179.SZ,20260729,0.865,99700,86240.5,,,0.0
159180.SZ,20260729,,0,0.0,,,0.0
159181.SZ,20260729,0.843,24200,20400.6,,,0.0
159182.SZ,20260729,,0,0.0,,,0.0
159183.SZ,20260729,,0,0.0,,,0.0
159185.SZ,20260729,1.054,627000,660858.0,,,0.0
159186.SZ,20260729,,0,0.0,,,0.0
159187.SZ,20260729,0.816,3500,2856.0,,,0.0
159188.SZ,20260729,0.93,100,93.0,,,0.0
159189.SZ,20260729,0.851,143900,122458.9,,,0.0
159190.SZ,20260729,,0,0.0,,,0.0
159191.SZ,20260729,,0,0.0,,,0.0
159192.SZ,20260729,,0,0.0,,,0.0
159193.SZ,20260729,0.777,200,155.4,,,0.0
159195.SZ,20260729,,0,0.0,,,0.0
159196.SZ,20260729,1.186,433900,514605.4,,,0.0
159197.SZ,20260729,0.86,50000,43000.0,,,0.0
159198.SZ,20260729,1.187,201100,238705.7,,,0.0
159199.SZ,20260729,,0,0.0,,,0.0
159200.SZ,20260729,,0,0.0,,,0.0
159201.SZ,20260729,1.158,632200,732087.6,,,0.0
159202.SZ,20260729,0.85,1035000,879750.0,,,0.0
159203.SZ,20260729,,0,0.0,,,0.0
159205.SZ,20260729,1.635,895800,1464633.0,,,0.0
159206.SZ,20260729,1.26,993800,1252188.0,,,0.0
159207.SZ,20260729,1.15,35400,40710.0,,,0.0
159208.SZ,20260729,0.996,10200,10159.2,,,0.0
159209.SZ,20260729,1.109,70400,78073.6,,,0.0
159210.SZ,20260729,0.852,38000,32376.0,,,0.0
159211.SZ,20260729,,0,0.0,,,0.0
159212.SZ,20260729,,0,0.0,,,0.0
159213.SZ,20260729,1.109,37600,41698.4,,,0.0
159215.SZ,20260729,1.278,12700,16230.6,,,0.0
159216.SZ,20260729,1.47,200,294.0,,,0.0
159217.SZ,20260729,1.144,1313100,1502186.4,,,0.0
159218.SZ,20260729,1.262,250800,316509.6,,,0.0
159219.SZ,20260729,1.373,200,274.6,,,0.0
159220.SZ,20260729,0.595,105300,62653.5,,,0.0
159221.SZ,20260729,1.144,5400,6177.6,,,0.0
159222.SZ,20260729,1.231,107200,131963.2,,,0.0
159223.SZ,20260729,,0,0.0,,,0.0
159225.SZ,20260729,,0,0.0,,,0.0
159226.SZ,20260729,,0,0.0,,,0.0
159227.SZ,20260729,0.956,177000,169212.0,,,0.0
159228.SZ,20260729,,0,0.0,,,0.0
159229.SZ,20260729,1.189,3500,4161.5,,,0.0
159230.SZ,20260729,0.909,200,181.8,,,0.0
159231.SZ,20260729,,0,0.0,,,0.0
159232.SZ,20260729,1.175,4400,5170.0,,,0.0
159233.SZ,20260729,,0,0.0,,,0.0
159235.SZ,20260729,,0,0.0,,,0.0
159236.SZ,20260729,1.185,600,711.0,,,0.0
159237.SZ,20260729,,0,0.0,,,0.0
159238.SZ,20260729,1.281,200,256.2,,,0.0
159239.SZ,20260729,0.798,85300,68069.4,,,0.0
159240.SZ,20260729,1.279,100,127.9,,,0.0
159241.SZ,20260729,0.982,37700,37021.4,,,0.0
159242.SZ,20260729,1.866,29800,55606.8,,,0.0
159243.SZ,20260729,1.12,20600,23072.0,,,0.0
159245.SZ,20260729,0.806,26600,21439.6,,,0.0
159246.SZ,20260729,1.03,212900,219287.0,,,0.0
159247.SZ,20260729,0.999,535000,534465.0,,,0.0
159248.SZ,20260729,1.78,13200,23496.0,,,0.0
159249.SZ,20260729,1.318,1600,2108.8,,,0.0
159251.SZ,20260729,0.785,225500,177017.5,,,0.0
159253.SZ,20260729,0.977,21100,20614.7,,,0.0
159255.SZ,20260729,,0,0.0,,,0.0
159256.SZ,20260729,0.772,10000,7720.0,,,0.0
159257.SZ,20260729,,0,0.0,,,0.0
159258.SZ,20260729,1.039,17000,17663.0,,,0.0
159259.SZ,20260729,1.212,994600,1205455.2,,,0.0
159260.SZ,20260729,0.88,6900,6072.0,,,0.0
159261.SZ,20260729,,0,0.0,,,0.0
159262.SZ,20260729,0.868,1979000,1717772.0,,,0.0
159263.SZ,20260729,1.14,84300,96102.0,,,0.0
159265.SZ,20260729,0.828,300,248.4,,,0.0
159266.SZ,20260729,,0,0.0,,,0.0
159267.SZ,20260729,0.814,130000,105820.0,,,0.0
159268.SZ,20260729,0.802,13200,10586.4,,,0.0
159269.SZ,20260729,0.841,18400,15474.4,,,0.0
159270.SZ,20260729,1.035,20100,20803.5,,,0.0
159271.SZ,20260729,0.955,13200,12606.0,,,0.0
159272.SZ,20260729,0.771,546800,421582.8,,,0.0
159273.SZ,20260729,1.392,5600,7795.2,,,0.0
159275.SZ,20260729,,0,0.0,,,0.0
159276.SZ,20260729,,0,0.0,,,0.0
159277.SZ,20260729,0.989,8400,8307.6,,,0.0
159278.SZ,20260729,0.905,791000,715855.0,,,0.0
159279.SZ,20260729,1.251,40000,50040.0,,,0.0
159280.SZ,20260729,0.718,1100,789.8,,,0.0
159281.SZ,20260729,0.952,3100,2951.2,,,0.0
159283.SZ,20260729,0.825,100,82.5,,,0.0
159285.SZ,20260729,0.797,20000,15940.0,,,0.0
159286.SZ,20260729,0.729,47400,34554.6,,,0.0
159287.SZ,20260729,1.06,300,318.0,,,0.0
159288.SZ,20260729,,0,0.0,,,0.0
159289.SZ,20260729,1.023,200,204.6,,,0.0
159290.SZ,20260729,1.075,3000,3225.0,,,0.0
159291.SZ,20260729,,0,0.0,,,0.0
159292.SZ,20260729,,0,0.0,,,0.0
159293.SZ,20260729,,0,0.0,,,0.0
159295.SZ,20260729,0.97,200,194.0,,,0.0
159296.SZ,20260729,1.025,51800,53095.0,,,0.0
159297.SZ,20260729,0.714,509800,363997.2,,,0.0
159298.SZ,20260729,1.166,22500,26235.0,,,0.0
159299.SZ,20260729,,0,0.0,,,0.0
159300.SZ,20260729,4.957,22300,110541.1,,,0.0
159301.SZ,20260729,0.969,3000,2907.0,,,0.0
159302.SZ,20260729,,0,0.0,,,0.0
159303.SZ,20260729,1.485,143100,212503.5,,,0.0
159305.SZ,20260729,0.792,103200,81734.4,,,0.0
159306.SZ,20260729,,0,0.0,,,0.0
159307.SZ,20260729,1.033,298200,308040.6,,,0.0
159309.SZ,20260729,1.308,36800,48134.4,,,0.0
159310.SZ,20260729,2.87,71200,204344.0,,,0.0
159311.SZ,20260729,1.483,400,593.2,,,0.0
159312.SZ,20260729,1.189,4200,4993.8,,,0.0
159315.SZ,20260729,1.452,56600,82183.2,,,0.0
159316.SZ,20260729,1.131,1607900,1818534.9,,,0.0
159318.SZ,20260729,,0,0.0,,,0.0
159320.SZ,20260729,0.593,473000,280489.0,,,0.0
159321.SZ,20260729,1.371,88200,120922.2,,,0.0
159322.SZ,20260729,1.449,500,724.5,,,0.0
159323.SZ,20260729,1.08,121200,130896.0,,,0.0
159325.SZ,20260729,2.133,355900,759134.7,,,0.0
159326.SZ,20260729,1.571,2020100,3173577.1,,,0.0
159327.SZ,20260729,1.134,1385300,1570930.2,,,0.0
159328.SZ,20260729,,0,0.0,,,0.0
159329.SZ,20260729,0.885,450600,398781.0,,,0.0
159330.SZ,20260729,1.432,171000,244872.0,,,0.0
159331.SZ,20260729,1.302,8000,10416.0,,,0.0
159332.SZ,20260729,1.191,800,952.8,,,0.0
159333.SZ,20260729,,0,0.0,,,0.0
159335.SZ,20260729,1.48,1000,1480.0,,,0.0
159336.SZ,20260729,1.162,100,116.2,,,0.0
159337.SZ,20260729,1.692,165700,280364.4,,,0.0
159338.SZ,20260729,1.195,1450100,1732869.5,,,0.0
159339.SZ,20260729,1.206,1800,2170.8,,,0.0
159350.SZ,20260729,1.568,29300,45942.4,,,0.0
159351.SZ,20260729,1.198,900,1078.2,,,0.0
159352.SZ,20260729,1.245,330900,411970.5,,,0.0
159353.SZ,20260729,1.216,1200,1459.2,,,0.0
159355.SZ,20260729,1.047,4000,4188.0,,,0.0
159356.SZ,20260729,1.274,200,254.8,,,0.0
159357.SZ,20260729,1.262,8300,10474.6,,,0.0
159358.SZ,20260729,1.291,5100,6584.1,,,0.0
159359.SZ,20260729,1.263,200,252.6,,,0.0
159360.SZ,20260729,1.293,200,258.6,,,0.0
159361.SZ,20260729,1.223,125100,152997.3,,,0.0
159362.SZ,20260729,1.293,200,258.6,,,0.0
159363.SZ,20260729,1.098,775300,851279.4,,,0.0
159365.SZ,20260729,,0,0.0,,,0.0
159366.SZ,20260729,1.28,244900,313472.0,,,0.0
159367.SZ,20260729,1.655,18100,29955.5,,,0.0
159368.SZ,20260729,0.64,196200,125568.0,,,0.0
159369.SZ,20260729,1.368,14100,19288.8,,,0.0
159370.SZ,20260729,1.76,6700,11792.0,,,0.0
159371.SZ,20260729,1.641,80600,132264.6,,,0.0
159372.SZ,20260729,1.789,500,894.5,,,0.0
159373.SZ,20260729,1.678,4500,7551.0,,,0.0
159375.SZ,20260729,0.706,54900,38759.4,,,0.0
159376.SZ,20260729,,0,0.0,,,0.0
159377.SZ,20260729,,0,0.0,,,0.0
159378.SZ,20260729,0.967,3700,3577.9,,,0.0
159379.SZ,20260729,1.338,200,267.6,,,0.0
159380.SZ,20260729,1.337,16600,22194.2,,,0.0
159381.SZ,20260729,1.042,183600,191311.2,,,0.0
159382.SZ,20260729,2.359,91000,214669.0,,,0.0
159383.SZ,20260729,1.642,38000,62396.0,,,0.0
159385.SZ,20260729,1.793,1100,1972.3,,,0.0
159386.SZ,20260729,1.272,200,254.4,,,0.0
159387.SZ,20260729,0.707,32300,22836.1,,,0.0
159388.SZ,20260729,0.893,234600,209497.8,,,0.0
159389.SZ,20260729,1.805,500,902.5,,,0.0
159390.SZ,20260729,,0,0.0,,,0.0
159391.SZ,20260729,1.109,400,443.6,,,0.0
159392.SZ,20260729,,0,0.0,,,0.0
159393.SZ,20260729,4.9,200,980.0,,,0.0
159395.SZ,20260729,,0,0.0,,,0.0
159396.SZ,20260729,,0,0.0,,,0.0
159397.SZ,20260729,,0,0.0,,,0.0
159398.SZ,20260729,102.38,100,10238.0,,,0.0
159399.SZ,20260729,1.0,522100,522100.0,,,0.0
159400.SZ,20260729,,0,0.0,,,0.0
159500.SZ,20260729,1.111,14000,15554.0,,,0.0
159501.SZ,20260729,1.945,555300,1080058.5,,,0.0
159502.SZ,20260729,1.498,1283400,1922533.2,,,0.0
159505.SZ,20260729,,0,0.0,,,0.0
159506.SZ,20260729,1.215,887000,1077705.0,,,0.0
159507.SZ,20260729,0.771,141200,108865.2,,,0.0
159508.SZ,20260729,0.784,15000,11760.0,,,0.0
159509.SZ,20260729,,0,0.0,,,0.0
159510.SZ,20260729,1.27,100,127.0,,,0.0
159511.SZ,20260729,2.171,78000,169338.0,,,0.0
159512.SZ,20260729,1.066,45800,48822.8,,,0.0
159513.SZ,20260729,1.684,384100,646824.4,,,0.0
159515.SZ,20260729,1.189,5000,5945.0,,,0.0
159516.SZ,20260729,0.71,55329300,39283803.0,,,0.0
159517.SZ,20260729,1.301,200,260.2,,,0.0
159518.SZ,20260729,1.154,10994774,12687969.196,,,0.0
159519.SZ,20260729,1.779,1700,3024.3,,,0.0
159520.SZ,20260729,0.93,14900,13857.0,,,0.0
159521.SZ,20260729,1.164,200,232.8,,,0.0
159523.SZ,20260729,1.249,200,249.8,,,0.0
159525.SZ,20260729,1.091,33000,36003.0,,,0.0
159526.SZ,20260729,1.364,26200,35736.8,,,0.0
159527.SZ,20260729,0.695,600,417.0,,,0.0
159528.SZ,20260729,,0,0.0,,,0.0
159529.SZ,20260729,1.252,1379900,1727634.8,,,0.0
159530.SZ,20260729,1.274,2572500,3277365.0,,,0.0
159531.SZ,20260729,1.299,432700,562077.3,,,0.0
159532.SZ,20260729,1.479,51200,75724.8,,,0.0
159533.SZ,20260729,1.786,22600,40363.6,,,0.0
159535.SZ,20260729,1.315,200,263.0,,,0.0
159536.SZ,20260729,1.239,183900,227852.1,,,0.0
159537.SZ,20260729,0.897,21500,19285.5,,,0.0
159538.SZ,20260729,0.906,51600,46749.6,,,0.0
159539.SZ,20260729,1.804,500,902.0,,,0.0
159540.SZ,20260729,1.93,11200,21616.0,,,0.0
159541.SZ,20260729,1.43,10300,14729.0,,,0.0
159542.SZ,20260729,,0,0.0,,,0.0
159543.SZ,20260729,,0,0.0,,,0.0
159545.SZ,20260729,1.34,126900,170046.0,,,0.0
159546.SZ,20260729,0.775,658800,510570.0,,,0.0
159547.SZ,20260729,1.202,3700,4447.4,,,0.0
159549.SZ,20260729,1.198,4000,4792.0,,,0.0
159550.SZ,20260729,0.804,54700,43978.8,,,0.0
159551.SZ,20260729,1.199,21600,25898.4,,,0.0
159552.SZ,20260729,1.994,19700,39281.8,,,0.0
159553.SZ,20260729,,0,0.0,,,0.0
159555.SZ,20260729,1.514,1000,1514.0,,,0.0
159556.SZ,20260729,,0,0.0,,,0.0
159557.SZ,20260729,1.352,48200,65166.4,,,0.0
159558.SZ,20260729,1.114,18427600,20528346.4,,,0.0
159559.SZ,20260729,1.151,154500,177829.5,,,0.0
159560.SZ,20260729,2.314,139500,322803.0,,,0.0
159561.SZ,20260729,1.309,127700,167159.3,,,0.0
159562.SZ,20260729,1.944,570800,1109635.2,,,0.0
159563.SZ,20260729,1.728,14200,24537.6,,,0.0
159565.SZ,20260729,1.238,800,990.4,,,0.0
159566.SZ,20260729,1.788,239700,428583.6,,,0.0
159567.SZ,20260729,0.685,9066000,6210210.0,,,0.0
159568.SZ,20260729,1.191,390900,465561.9,,,0.0
159569.SZ,20260729,1.402,11500,16123.0,,,0.0
159570.SZ,20260729,1.418,6618400,9384891.2,,,0.0
159571.SZ,20260729,,0,0.0,,,0.0
159572.SZ,20260729,1.309,62100,81288.9,,,0.0
159573.SZ,20260729,,0,0.0,,,0.0
159575.SZ,20260729,,0,0.0,,,0.0
159576.SZ,20260729,,0,0.0,,,0.0
159577.SZ,20260729,1.545,497600,768792.0,,,0.0
159578.SZ,20260729,1.203,200,240.6,,,0.0
159581.SZ,20260729,1.042,4200,4376.4,,,0.0
159582.SZ,20260729,0.77,1368900,1054053.0,,,0.0
159583.SZ,20260729,1.474,985500,1452627.0,,,0.0
159586.SZ,20260729,1.001,100,100.1,,,0.0
159587.SZ,20260729,1.079,60000,64740.0,,,0.0
159588.SZ,20260729,1.187,3900,4629.3,,,0.0
159589.SZ,20260729,1.074,22800,24487.2,,,0.0
159590.SZ,20260729,0.848,104300,88446.4,,,0.0
159591.SZ,20260729,,0,0.0,,,0.0
159592.SZ,20260729,1.353,2100,2841.3,,,0.0
159593.SZ,20260729,1.363,6000,8178.0,,,0.0
159595.SZ,20260729,1.371,1600,2193.6,,,0.0
159596.SZ,20260729,,0,0.0,,,0.0
159597.SZ,20260729,0.75,95800,71850.0,,,0.0
159599.SZ,20260729,2.852,364700,1040124.4,,,0.0
159600.SZ,20260729,,0,0.0,,,0.0
159601.SZ,20260729,1.13,30000,33900.0,,,0.0
159602.SZ,20260729,,0,0.0,,,0.0
159603.SZ,20260729,1.688,17500,29540.0,,,0.0
159605.SZ,20260729,0.836,3884900,3247776.4,,,0.0
159606.SZ,20260729,,0,0.0,,,0.0
159607.SZ,20260729,0.833,1098200,914800.6,,,0.0
159608.SZ,20260729,1.0,14500,14500.0,,,0.0
159609.SZ,20260729,0.471,100,47.1,,,0.0
159610.SZ,20260729,1.198,3500,4193.0,,,0.0
159611.SZ,20260729,1.053,1648600,1735975.8,,,0.0
159612.SZ,20260729,1.974,93300,184174.2,,,0.0
159613.SZ,20260729,0.858,90500,77649.0,,,0.0
159615.SZ,20260729,1.042,164000,170888.0,,,0.0
159616.SZ,20260729,,0,0.0,,,0.0
159617.SZ,20260729,,0,0.0,,,0.0
159618.SZ,20260729,0.64,100,64.0,,,0.0
159619.SZ,20260729,,0,0.0,,,0.0
159620.SZ,20260729,,0,0.0,,,0.0
159621.SZ,20260729,1.171,200,234.2,,,0.0
159622.SZ,20260729,1.094,557800,610233.2,,,0.0
159623.SZ,20260729,,0,0.0,,,0.0
159625.SZ,20260729,1.216,472100,574073.6,,,0.0
159627.SZ,20260729,,0,0.0,,,0.0
159628.SZ,20260729,1.268,100,126.8,,,0.0
159629.SZ,20260729,2.939,152200,447315.8,,,0.0
159630.SZ,20260729,,0,0.0,,,0.0
159631.SZ,20260729,,0,0.0,,,0.0
159632.SZ,20260729,2.287,446100,1020230.7,,,0.0
159633.SZ,20260729,3.004,159600,479438.4,,,0.0
159635.SZ,20260729,,0,0.0,,,0.0
159636.SZ,20260729,0.536,8387600,4495753.6,,,0.0
159637.SZ,20260729,0.79,7500,5925.0,,,0.0
159638.SZ,20260729,0.795,19900,15820.5,,,0.0
159639.SZ,20260729,,0,0.0,,,0.0
159640.SZ,20260729,,0,0.0,,,0.0
159641.SZ,20260729,,0,0.0,,,0.0
159642.SZ,20260729,,0,0.0,,,0.0
159643.SZ,20260729,,0,0.0,,,0.0
159645.SZ,20260729,,0,0.0,,,0.0
159647.SZ,20260729,0.918,47800,43880.4,,,0.0
159649.SZ,20260729,110.123,2500,275307.5,,,0.0
159650.SZ,20260729,107.844,200,21568.8,,,0.0
159651.SZ,20260729,107.94,1000,107940.0,,,0.0
159652.SZ,20260729,1.496,26100,39045.6,,,0.0
159653.SZ,20260729,,0,0.0,,,0.0
159655.SZ,20260729,1.899,188600,358151.4,,,0.0
159656.SZ,20260729,1.196,500,598.0,,,0.0
159657.SZ,20260729,,0,0.0,,,0.0
159658.SZ,20260729,,0,0.0,,,0.0
159659.SZ,20260729,2.181,1387600,3026355.6,,,0.0
159660.SZ,20260729,2.206,129700,286118.2,,,0.0
159661.SZ,20260729,,0,0.0,,,0.0
159662.SZ,20260729,0.976,200,195.2,,,0.0
159663.SZ,20260729,0.916,51700,47357.2,,,0.0
159665.SZ,20260729,2.454,137000,336198.0,,,0.0
159666.SZ,20260729,0.972,16400,15940.8,,,0.0
159667.SZ,20260729,0.616,535600,329929.6,,,0.0
159669.SZ,20260729,1.131,9600,10857.6,,,0.0
159670.SZ,20260729,,0,0.0,,,0.0
159671.SZ,20260729,1.232,200,246.4,,,0.0
159672.SZ,20260729,0.638,100,63.8,,,0.0
159673.SZ,20260729,1.266,1894600,2398563.6,,,0.0
159675.SZ,20260729,1.356,43400,58850.4,,,0.0
159676.SZ,20260729,1.508,145900,220017.2,,,0.0
159677.SZ,20260729,,0,0.0,,,0.0
159678.SZ,20260729,1.441,30800,44382.8,,,0.0
159679.SZ,20260729,,0,0.0,,,0.0
159680.SZ,20260729,1.518,46400,70435.2,,,0.0
159681.SZ,20260729,1.555,25000,38875.0,,,0.0
159682.SZ,20260729,1.524,929100,1415948.4,,,0.0
159685.SZ,20260729,,0,0.0,,,0.0
159686.SZ,20260729,,0,0.0,,,0.0
159687.SZ,20260729,1.724,1560600,2690474.4,,,0.0
159688.SZ,20260729,0.803,1579800,1268579.4,,,0.0
159689.SZ,20260729,0.636,2000,1272.0,,,0.0
159690.SZ,20260729,1.789,11300,20215.7,,,0.0
159691.SZ,20260729,1.2,473900,568680.0,,,0.0
159692.SZ,20260729,1.216,271500,330144.0,,,0.0
159695.SZ,20260729,0.847,257600,218187.2,,,0.0
159696.SZ,20260729,1.905,454500,865822.5,,,0.0
159697.SZ,20260729,1.256,858900,1078778.4,,,0.0
159698.SZ,20260729,0.846,58100,49152.6,,,0.0
159699.SZ,20260729,0.904,58300,52703.2,,,0.0
159700.SZ,20260729,,0,0.0,,,0.0
159701.SZ,20260729,1.269,200,253.8,,,0.0
159703.SZ,20260729,,0,0.0,,,0.0
159706.SZ,20260729,,0,0.0,,,0.0
159707.SZ,20260729,0.468,43100,20170.8,,,0.0
159708.SZ,20260729,0.807,100,80.7,,,0.0
159709.SZ,20260729,1.72,200,344.0,,,0.0
159711.SZ,20260729,1.339,100,133.9,,,0.0
159712.SZ,20260729,,0,0.0,,,0.0
159713.SZ,20260729,1.174,41300,48486.2,,,0.0
159715.SZ,20260729,1.079,24000,25896.0,,,0.0
159716.SZ,20260729,1.112,200,222.4,,,0.0
159717.SZ,20260729,,0,0.0,,,0.0
159718.SZ,20260729,0.829,45800,37968.2,,,0.0
159719.SZ,20260729,,0,0.0,,,0.0
159720.SZ,20260729,,0,0.0,,,0.0
159721.SZ,20260729,1.039,200,207.8,,,0.0
159723.SZ,20260729,1.058,100,105.8,,,0.0
159725.SZ,20260729,0.716,35700,25561.2,,,0.0
159726.SZ,20260729,,0,0.0,,,0.0
159728.SZ,20260729,,0,0.0,,,0.0
159729.SZ,20260729,,0,0.0,,,0.0
159730.SZ,20260729,,0,0.0,,,0.0
159731.SZ,20260729,0.894,21000,18774.0,,,0.0
159732.SZ,20260729,1.309,1255900,1643973.1,,,0.0
159735.SZ,20260729,0.683,91500,62494.5,,,0.0
159736.SZ,20260729,0.586,483500,283331.0,,,0.0
159738.SZ,20260729,,0,0.0,,,0.0
159739.SZ,20260729,1.55,3100,4805.0,,,0.0
159740.SZ,20260729,0.6,51043800,30626280.0,,,0.0
159741.SZ,20260729,0.598,1456700,871106.6,,,0.0
159742.SZ,20260729,0.612,2795200,1710662.4,,,0.0
159743.SZ,20260729,1.31,600,786.0,,,0.0
159745.SZ,20260729,0.52,376400,195728.0,,,0.0
159747.SZ,20260729,1.194,38700,46207.8,,,0.0
159748.SZ,20260729,0.777,173200,134576.4,,,0.0
159750.SZ,20260729,0.884,619600,547726.4,,,0.0
159751.SZ,20260729,0.886,460100,407648.6,,,0.0
159752.SZ,20260729,0.589,7300,4299.7,,,0.0
159755.SZ,20260729,0.928,498600,462700.8,,,0.0
159757.SZ,20260729,0.774,200,154.8,,,0.0
159758.SZ,20260729,1.081,2000,2162.0,,,0.0
159760.SZ,20260729,,0,0.0,,,0.0
159761.SZ,20260729,0.777,96900,75291.3,,,0.0
159763.SZ,20260729,,0,0.0,,,0.0
159766.SZ,20260729,0.558,1755120,979356.96,,,0.0
159767.SZ,20260729,,0,0.0,,,0.0
159768.SZ,20260729,0.419,304000,127376.0,,,0.0
159770.SZ,20260729,0.955,358700,342558.5,,,0.0
159773.SZ,20260729,1.253,200,250.6,,,0.0
159775.SZ,20260729,,0,0.0,,,0.0
159776.SZ,20260729,1.105,200500,221552.5,,,0.0
159777.SZ,20260729,1.162,100,116.2,,,0.0
159778.SZ,20260729,1.2,200,240.0,,,0.0
159779.SZ,20260729,1.412,30000,42360.0,,,0.0
159780.SZ,20260729,1.091,326000,355666.0,,,0.0
159781.SZ,20260729,1.093,4472500,4888442.5,,,0.0
159782.SZ,20260729,1.09,96400,105076.0,,,0.0
159783.SZ,20260729,1.096,186894,204835.824,,,0.0
159786.SZ,20260729,1.114,36400,40549.6,,,0.0
159787.SZ,20260729,0.575,200,115.0,,,0.0
159788.SZ,20260729,1.21,700,847.0,,,0.0
159790.SZ,20260729,0.697,14100,9827.7,,,0.0
159791.SZ,20260729,,0,0.0,,,0.0
159792.SZ,20260729,0.606,31429500,19046277.0,,,0.0
159793.SZ,20260729,,0,0.0,,,0.0
159795.SZ,20260729,,0,0.0,,,0.0
159796.SZ,20260729,0.827,721800,596928.6,,,0.0
159797.SZ,20260729,0.656,111000,72816.0,,,0.0
159798.SZ,20260729,0.869,123200,107060.8,,,0.0
159800.SZ,20260729,,0,0.0,,,0.0
159801.SZ,20260729,1.154,1002400,1156769.6,,,0.0
159804.SZ,20260729,,0,0.0,,,0.0
159805.SZ,20260729,1.084,64700,70134.8,,,0.0
159806.SZ,20260729,,0,0.0,,,0.0
159807.SZ,20260729,0.914,110700,101179.8,,,0.0
159808.SZ,20260729,1.33,200,266.0,,,0.0
159810.SZ,20260729,,0,0.0,,,0.0
159811.SZ,20260729,2.746,2300,6315.8,,,0.0
159812.SZ,20260729,8.348,100,834.8,,,0.0
159813.SZ,20260729,1.495,1395100,2085674.5,,,0.0
159814.SZ,20260729,0.69,16700,11523.0,,,0.0
159816.SZ,20260729,113.836,600,68301.6,,,0.0
159819.SZ,20260729,1.79,2414800,4322492.0,,,0.0
159820.SZ,20260729,,0,0.0,,,0.0
159821.SZ,20260729,1.279,300,383.7,,,0.0
159822.SZ,20260729,0.597,49700,29670.9,,,0.0
159824.SZ,20260729,,0,0.0,,,0.0
159825.SZ,20260729,0.71,337700,239767.0,,,0.0
159827.SZ,20260729,,0,0.0,,,0.0
159828.SZ,20260729,0.399,607300,242312.7,,,0.0
159830.SZ,20260729,8.754,500,4377.0,,,0.0
159831.SZ,20260729,8.461,700,5922.7,,,0.0
159834.SZ,20260729,8.742,4000,34968.0,,,0.0
159835.SZ,20260729,0.659,82300,54235.7,,,0.0
159836.SZ,20260729,,0,0.0,,,0.0
159837.SZ,20260729,0.475,115900,55052.5,,,0.0
159838.SZ,20260729,0.571,100,57.1,,,0.0
159839.SZ,20260729,0.352,221200,77862.4,,,0.0
159840.SZ,20260729,0.746,162091,120919.886,,,0.0
159841.SZ,20260729,0.985,970400,955844.0,,,0.0
159842.SZ,20260729,1.035,221500,229252.5,,,0.0
159843.SZ,20260729,0.545,5700,3106.5,,,0.0
159845.SZ,20260729,2.906,2146900,6238891.4,,,0.0
159847.SZ,20260729,0.382,250500,95691.0,,,0.0
159848.SZ,20260729,,0,0.0,,,0.0
159849.SZ,20260729,,0,0.0,,,0.0
159850.SZ,20260729,0.825,25200,20790.0,,,0.0
159851.SZ,20260729,0.585,473300,276880.5,,,0.0
159852.SZ,20260729,0.659,1797196,1184352.164,,,0.0
159855.SZ,20260729,0.705,3200,2256.0,,,0.0
159856.SZ,20260729,,0,0.0,,,0.0
159857.SZ,20260729,0.691,321500,222156.5,,,0.0
159858.SZ,20260729,0.681,2900,1974.9,,,0.0
159859.SZ,20260729,0.379,1446300,548147.7,,,0.0
159861.SZ,20260729,,0,0.0,,,0.0
159862.SZ,20260729,0.548,22000,12056.0,,,0.0
159863.SZ,20260729,,0,0.0,,,0.0
159864.SZ,20260729,0.531,100,53.1,,,0.0
159865.SZ,20260729,0.521,434600,226426.6,,,0.0
159866.SZ,20260729,1.558,1201900,1872560.2,,,0.0
159867.SZ,20260729,0.532,100,53.2,,,0.0
159869.SZ,20260729,1.025,1610300,1650557.5,,,0.0
159870.SZ,20260729,0.772,521700,402752.4,,,0.0
159871.SZ,20260729,0.88,55800,49104.0,,,0.0
159872.SZ,20260729,,0,0.0,,,0.0
159873.SZ,20260729,0.51,78200,39882.0,,,0.0
159875.SZ,20260729,0.57,106100,60477.0,,,0.0
159876.SZ,20260729,0.889,76100,67652.9,,,0.0
159877.SZ,20260729,0.492,1200,590.4,,,0.0
159880.SZ,20260729,1.758,3100,5449.8,,,0.0
159881.SZ,20260729,0.84,100,84.0,,,0.0
159883.SZ,20260729,0.426,861100,366828.6,,,0.0
159885.SZ,20260729,,0,0.0,,,0.0
159886.SZ,20260729,0.899,5500,4944.5,,,0.0
159887.SZ,20260729,1.336,320200,427787.2,,,0.0
159888.SZ,20260729,,0,0.0,,,0.0
159889.SZ,20260729,,0,0.0,,,0.0
159890.SZ,20260729,1.677,25600,42931.2,,,0.0
159891.SZ,20260729,0.372,1600,595.2,,,0.0
159892.SZ,20260729,0.728,6007000,4373096.0,,,0.0
159895.SZ,20260729,,0,0.0,,,0.0
159896.SZ,20260729,,0,0.0,,,0.0
159898.SZ,20260729,0.475,2700,1282.5,,,0.0
159899.SZ,20260729,0.676,8800,5948.8,,,0.0
159901.SZ,20260729,3.575,80500,287787.5,,,0.0
159902.SZ,20260729,,0,0.0,,,0.0
159903.SZ,20260729,1.64,1656300,2716332.0,,,0.0
159905.SZ,20260729,1.674,8200,13726.8,,,0.0
159906.SZ,20260729,1.605,61000,97905.0,,,0.0
159907.SZ,20260729,0.98,10100,9898.0,,,0.0
159908.SZ,20260729,3.118,44500,138751.0,,,0.0
159909.SZ,20260729,1.249,2800,3497.2,,,0.0
159910.SZ,20260729,,0,0.0,,,0.0
159912.SZ,20260729,,0,0.0,,,0.0
159913.SZ,20260729,,0,0.0,,,0.0
159915.SZ,20260729,3.346,13211900,44207017.4,,,0.0
159916.SZ,20260729,,0,0.0,,,0.0
159918.SZ,20260729,,0,0.0,,,0.0
159919.SZ,20260729,4.826,185700,896188.2,,,0.0
159920.SZ,20260729,1.512,2602400,3934828.8,,,0.0
159922.SZ,20260729,3.019,543500,1640826.5,,,0.0
159923.SZ,20260729,,0,0.0,,,0.0
159925.SZ,20260729,4.702,600,2821.2,,,0.0
159928.SZ,20260729,0.673,3799300,2556928.9,,,0.0
159929.SZ,20260729,1.307,74100,96848.7,,,0.0
159930.SZ,20260729,1.661,38400,63782.4,,,0.0
159931.SZ,20260729,,0,0.0,,,0.0
159933.SZ,20260729,,0,0.0,,,0.0
159934.SZ,20260729,8.717,121600,1059987.2,,,0.0
159935.SZ,20260729,,0,0.0,,,0.0
159936.SZ,20260729,,0,0.0,,,0.0
159937.SZ,20260729,8.313,115900,963476.7,,,0.0
159938.SZ,20260729,0.631,44100,27827.1,,,0.0
159939.SZ,20260729,1.07,27300,29211.0,,,0.0
159940.SZ,20260729,,0,0.0,,,0.0
159941.SZ,20260729,1.538,3743700,5757810.6,,,0.0
159943.SZ,20260729,1.491,173500,258688.5,,,0.0
159944.SZ,20260729,,0,0.0,,,0.0
159945.SZ,20260729,1.318,1400,1845.2,,,0.0
159948.SZ,20260729,3.688,9000,33192.0,,,0.0
159949.SZ,20260729,1.576,10156900,16007274.4,,,0.0
159952.SZ,20260729,2.02,2414200,4876684.0,,,0.0
159954.SZ,20260729,0.929,500,464.5,,,0.0
159956.SZ,20260729,2.145,300,643.5,,,0.0
159957.SZ,20260729,2.194,761600,1670950.4,,,0.0
159958.SZ,20260729,2.03,2800,5684.0,,,0.0
159959.SZ,20260729,,0,0.0,,,0.0
159960.SZ,20260729,,0,0.0,,,0.0
159961.SZ,20260729,,0,0.0,,,0.0
159964.SZ,20260729,,0,0.0,,,0.0
159965.SZ,20260729,,0,0.0,,,0.0
159966.SZ,20260729,0.532,20400,10852.8,,,0.0
159967.SZ,20260729,0.737,9993400,7365135.8,,,0.0
159968.SZ,20260729,,0,0.0,,,0.0
159970.SZ,20260729,,0,0.0,,,0.0
159971.SZ,20260729,1.155,1436000,1658580.0,,,0.0
159972.SZ,20260729,119.44,20000,2388800.0,,,0.0
159973.SZ,20260729,,0,0.0,,,0.0
159974.SZ,20260729,,0,0.0,,,0.0
159975.SZ,20260729,,0,0.0,,,0.0
159976.SZ,20260729,,0,0.0,,,0.0
159977.SZ,20260729,1.739,400400,696295.6,,,0.0
159980.SZ,20260729,2.104,280300,589751.2,,,0.0
159981.SZ,20260729,1.479,623100,921564.9,,,0.0
159982.SZ,20260729,2.003,15900,31847.7,,,0.0
159985.SZ,20260729,2.128,1381800,2940470.4,,,0.0
159991.SZ,20260729,0.793,300,237.9,,,0.0
159992.SZ,20260729,0.846,7159700,6057106.2,,,0.0
159993.SZ,20260729,1.177,111500,131235.5,,,0.0
159994.SZ,20260729,1.156,867200,1002483.2,,,0.0
159995.SZ,20260729,1.171,4144200,4852858.2,,,0.0
159996.SZ,20260729,1.389,8200,11389.8,,,0.0
159997.SZ,20260729,2.04,14600,29784.0,,,0.0
159998.SZ,20260729,0.95,16800,15960.0,,,0.0
160105.SZ,20260729,,0,0.0,,,0.0
160106.SZ,20260729,,0,0.0,,,0.0
160119.SZ,20260729,,0,0.0,,,0.0
160125.SZ,20260729,,0,0.0,,,0.0
160127.SZ,20260729,,0,0.0,,,0.0
160128.SZ,20260729,,0,0.0,,,0.0
160133.SZ,20260729,,0,0.0,,,0.0
160135.SZ,20260729,,0,0.0,,,0.0
160140.SZ,20260729,1.504,10300,15491.2,,,0.0
160142.SZ,20260729,,0,0.0,,,0.0
160143.SZ,20260729,,0,0.0,,,0.0
160211.SZ,20260729,,0,0.0,,,0.0
160212.SZ,20260729,,0,0.0,,,0.0
160215.SZ,20260729,,0,0.0,,,0.0
160216.SZ,20260729,0.605,50300,30431.5,,,0.0
160218.SZ,20260729,,0,0.0,,,0.0
160219.SZ,20260729,,0,0.0,,,0.0
160220.SZ,20260729,,0,0.0,,,0.0
160221.SZ,20260729,2.104,100,210.4,,,0.0
160222.SZ,20260729,,0,0.0,,,0.0
160223.SZ,20260729,,0,0.0,,,0.0
160225.SZ,20260729,,0,0.0,,,0.0
160311.SZ,20260729,,0,0.0,,,0.0
160314.SZ,20260729,,0,0.0,,,0.0
160322.SZ,20260729,,0,0.0,,,0.0
160323.SZ,20260729,1.728,1700,2937.6,,,0.0
160324.SZ,20260729,,0,0.0,,,0.0
160325.SZ,20260729,,0,0.0,,,0.0
160326.SZ,20260729,,0,0.0,,,0.0
160416.SZ,20260729,2.091,84369,176415.579,,,0.0
160421.SZ,20260729,,0,0.0,,,0.0
160505.SZ,20260729,,0,0.0,,,0.0
160512.SZ,20260729,,0,0.0,,,0.0
160513.SZ,20260729,,0,0.0,,,0.0
160515.SZ,20260729,,0,0.0,,,0.0
160518.SZ,20260729,,0,0.0,,,0.0
160526.SZ,20260729,,0,0.0,,,0.0
160527.SZ,20260729,,0,0.0,,,0.0
160529.SZ,20260729,1.336,200,267.2,,,0.0
160607.SZ,20260729,,0,0.0,,,0.0
160610.SZ,20260729,,0,0.0,,,0.0
160611.SZ,20260729,,0,0.0,,,0.0
160613.SZ,20260729,,0,0.0,,,0.0
160615.SZ,20260729,,0,0.0,,,0.0
160616.SZ,20260729,,0,0.0,,,0.0
160617.SZ,20260729,,0,0.0,,,0.0
160618.SZ,20260729,,0,0.0,,,0.0
160620.SZ,20260729,,0,0.0,,,0.0
160621.SZ,20260729,,0,0.0,,,0.0
160622.SZ,20260729,,0,0.0,,,0.0
160625.SZ,20260729,,0,0.0,,,0.0
160626.SZ,20260729,,0,0.0,,,0.0
160628.SZ,20260729,,0,0.0,,,0.0
160629.SZ,20260729,,0,0.0,,,0.0
160630.SZ,20260729,,0,0.0,,,0.0
160631.SZ,20260729,,0,0.0,,,0.0
160632.SZ,20260729,0.267,40600,10840.2,,,0.0
160633.SZ,20260729,,0,0.0,,,0.0
160635.SZ,20260729,,0,0.0,,,0.0
160637.SZ,20260729,,0,0.0,,,0.0
160638.SZ,20260729,,0,0.0,,,0.0
160639.SZ,20260729,,0,0.0,,,0.0
160641.SZ,20260729,,0,0.0,,,0.0
160642.SZ,20260729,,0,0.0,,,0.0
160643.SZ,20260729,,0,0.0,,,0.0
160644.SZ,20260729,1.561,599987,936579.707,,,0.0
160706.SZ,20260729,1.189,400,475.6,,,0.0
160716.SZ,20260729,,0,0.0,,,0.0
160717.SZ,20260729,0.722,1100,794.2,,,0.0
160719.SZ,20260729,1.798,6100,10967.8,,,0.0
160722.SZ,20260729,,0,0.0,,,0.0
160723.SZ,20260729,2.18,4336100,9452698.0,,,0.0
160726.SZ,20260729,,0,0.0,,,0.0
160805.SZ,20260729,,0,0.0,,,0.0
160806.SZ,20260729,,0,0.0,,,0.0
160807.SZ,20260729,,0,0.0,,,0.0
160812.SZ,20260729,,0,0.0,,,0.0
160813.SZ,20260729,,0,0.0,,,0.0
160910.SZ,20260729,,0,0.0,,,0.0
160916.SZ,20260729,,0,0.0,,,0.0
160918.SZ,20260729,,0,0.0,,,0.0
160919.SZ,20260729,,0,0.0,,,0.0
160921.SZ,20260729,,0,0.0,,,0.0
160924.SZ,20260729,,0,0.0,,,0.0
160925.SZ,20260729,,0,0.0,,,0.0
160926.SZ,20260729,,0,0.0,,,0.0
161005.SZ,20260729,3.098,1000,3098.0,,,0.0
161010.SZ,20260729,,0,0.0,,,0.0
161014.SZ,20260729,,0,0.0,,,0.0
161015.SZ,20260729,,0,0.0,,,0.0
161017.SZ,20260729,,0,0.0,,,0.0
161019.SZ,20260729,,0,0.0,,,0.0
161024.SZ,20260729,,0,0.0,,,0.0
161025.SZ,20260729,,0,0.0,,,0.0
161026.SZ,20260729,,0,0.0,,,0.0
161027.SZ,20260729,,0,0.0,,,0.0
161028.SZ,20260729,1.004,468,469.872,,,0.0
161029.SZ,20260729,,0,0.0,,,0.0
161030.SZ,20260729,,0,0.0,,,0.0
161031.SZ,20260729,,0,0.0,,,0.0
161032.SZ,20260729,2.137,2000,4274.0,,,0.0
161033.SZ,20260729,,0,0.0,,,0.0
161035.SZ,20260729,,0,0.0,,,0.0
161036.SZ,20260729,,0,0.0,,,0.0
161037.SZ,20260729,,0,0.0,,,0.0
161038.SZ,20260729,,0,0.0,,,0.0
161039.SZ,20260729,,0,0.0,,,0.0
161040.SZ,20260729,2.066,500,1033.0,,,0.0
161115.SZ,20260729,1.755,100,175.5,,,0.0
161116.SZ,20260729,1.497,37410,56002.77,,,0.0
161117.SZ,20260729,,0,0.0,,,0.0
161118.SZ,20260729,,0,0.0,,,0.0
161119.SZ,20260729,1.795,562300,1009328.5,,,0.0
161121.SZ,20260729,,0,0.0,,,0.0
161122.SZ,20260729,,0,0.0,,,0.0
161123.SZ,20260729,1.338,75,100.35,,,0.0
161124.SZ,20260729,0.863,1500,1294.5,,,0.0
161125.SZ,20260729,3.14,4089,12839.46,,,0.0
161126.SZ,20260729,2.033,71880,146132.04,,,0.0
161127.SZ,20260729,1.987,30500,60603.5,,,0.0
161128.SZ,20260729,6.537,131600,860269.2,,,0.0
161129.SZ,20260729,1.89,7727300,14604597.0,,,0.0
161130.SZ,20260729,4.416,48900,215942.4,,,0.0
161131.SZ,20260729,,0,0.0,,,0.0
161132.SZ,20260729,,0,0.0,,,0.0
161133.SZ,20260729,,0,0.0,,,0.0
161216.SZ,20260729,,0,0.0,,,0.0
161217.SZ,20260729,,0,0.0,,,0.0
161219.SZ,20260729,,0,0.0,,,0.0
161222.SZ,20260729,,0,0.0,,,0.0
161224.SZ,20260729,,0,0.0,,,0.0
161225.SZ,20260729,,0,0.0,,,0.0
161226.SZ,20260729,1.828,646300,1181436.4,,,0.0
161227.SZ,20260729,,0,0.0,,,0.0
161229.SZ,20260729,,0,0.0,,,0.0
161232.SZ,20260729,,0,0.0,,,0.0
161233.SZ,20260729,,0,0.0,,,0.0
161505.SZ,20260729,,0,0.0,,,0.0
161607.SZ,20260729,,0,0.0,,,0.0
161610.SZ,20260729,1.7,4200,7140.0,,,0.0
161614.SZ,20260729,,0,0.0,,,0.0
161626.SZ,20260729,,0,0.0,,,0.0
161631.SZ,20260729,2.868,1100,3154.8,,,0.0
161706.SZ,20260729,,0,0.0,,,0.0
161713.SZ,20260729,1.061,700,742.7,,,0.0
161715.SZ,20260729,,0,0.0,,,0.0
161716.SZ,20260729,1.651,30121,49729.771,,,0.0
161720.SZ,20260729,,0,0.0,,,0.0
161722.SZ,20260729,,0,0.0,,,0.0
161724.SZ,20260729,,0,0.0,,,0.0
161725.SZ,20260729,0.556,1033600,574681.6,,,0.0
161726.SZ,20260729,0.385,69100,26603.5,,,0.0
161727.SZ,20260729,,0,0.0,,,0.0
161728.SZ,20260729,,0,0.0,,,0.0
161729.SZ,20260729,1.901,1400,2661.4,,,0.0
161810.SZ,20260729,3.92,100,392.0,,,0.0
161811.SZ,20260729,,0,0.0,,,0.0
161812.SZ,20260729,,0,0.0,,,0.0
161815.SZ,20260729,1.028,39600,40708.8,,,0.0
161816.SZ,20260729,,0,0.0,,,0.0
161820.SZ,20260729,1.157,3064,3545.048,,,0.0
161831.SZ,20260729,,0,0.0,,,0.0
161834.SZ,20260729,,0,0.0,,,0.0
161837.SZ,20260729,,0,0.0,,,0.0
161903.SZ,20260729,1.585,100,158.5,,,0.0
161908.SZ,20260729,,0,0.0,,,0.0
161912.SZ,20260729,,0,0.0,,,0.0
161914.SZ,20260729,,0,0.0,,,0.0
162006.SZ,20260729,,0,0.0,,,0.0
162105.SZ,20260729,,0,0.0,,,0.0
162108.SZ,20260729,,0,0.0,,,0.0
162207.SZ,20260729,,0,0.0,,,0.0
162215.SZ,20260729,,0,0.0,,,0.0
162216.SZ,20260729,,0,0.0,,,0.0
162307.SZ,20260729,,0,0.0,,,0.0
162411.SZ,20260729,0.898,2930383,2631483.934,,,0.0
162412.SZ,20260729,,0,0.0,,,0.0
162414.SZ,20260729,,0,0.0,,,0.0
162415.SZ,20260729,2.751,36596,100675.596,,,0.0
162509.SZ,20260729,,0,0.0,,,0.0
162605.SZ,20260729,1.55,359,556.45,,,0.0
162607.SZ,20260729,,0,0.0,,,0.0
162703.SZ,20260729,2.189,4000,8756.0,,,0.0
162711.SZ,20260729,,0,0.0,,,0.0
162712.SZ,20260729,,0,0.0,,,0.0
162715.SZ,20260729,,0,0.0,,,0.0
162719.SZ,20260729,2.782,681000,1894542.0,,,0.0
162720.SZ,20260729,,0,0.0,,,0.0
162721.SZ,20260729,,0,0.0,,,0.0
163001.SZ,20260729,,0,0.0,,,0.0
163003.SZ,20260729,0.67,200,134.0,,,0.0
163005.SZ,20260729,,0,0.0,,,0.0
163109.SZ,20260729,0.75,3300,2475.0,,,0.0
163110.SZ,20260729,,0,0.0,,,0.0
163111.SZ,20260729,,0,0.0,,,0.0
163113.SZ,20260729,,0,0.0,,,0.0
163114.SZ,20260729,,0,0.0,,,0.0
163115.SZ,20260729,,0,0.0,,,0.0
163116.SZ,20260729,,0,0.0,,,0.0
163118.SZ,20260729,,0,0.0,,,0.0
163208.SZ,20260729,1.304,450000,586800.0,,,0.0
163302.SZ,20260729,,0,0.0,,,0.0
163402.SZ,20260729,0.864,1000,864.0,,,0.0
163406.SZ,20260729,,0,0.0,,,0.0
163407.SZ,20260729,,0,0.0,,,0.0
163409.SZ,20260729,,0,0.0,,,0.0
163412.SZ,20260729,,0,0.0,,,0.0
163415.SZ,20260729,5.1,8800,44880.0,,,0.0
163417.SZ,20260729,2.017,1000,2017.0,,,0.0
163418.SZ,20260729,,0,0.0,,,0.0
163503.SZ,20260729,0.425,3952,1679.6,,,0.0
163801.SZ,20260729,,0,0.0,,,0.0
163819.SZ,20260729,,0,0.0,,,0.0
163821.SZ,20260729,,0,0.0,,,0.0
163907.SZ,20260729,,0,0.0,,,0.0
164105.SZ,20260729,,0,0.0,,,0.0
164206.SZ,20260729,,0,0.0,,,0.0
164208.SZ,20260729,,0,0.0,,,0.0
164210.SZ,20260729,,0,0.0,,,0.0
164403.SZ,20260729,,0,0.0,,,0.0
164508.SZ,20260729,,0,0.0,,,0.0
164509.SZ,20260729,,0,0.0,,,0.0
164606.SZ,20260729,,0,0.0,,,0.0
164701.SZ,20260729,1.565,69600,108924.0,,,0.0
164703.SZ,20260729,,0,0.0,,,0.0
164705.SZ,20260729,,0,0.0,,,0.0
164808.SZ,20260729,,0,0.0,,,0.0
164810.SZ,20260729,,0,0.0,,,0.0
164814.SZ,20260729,,0,0.0,,,0.0
164824.SZ,20260729,1.295,547600,709142.0,,,0.0
164902.SZ,20260729,,0,0.0,,,0.0
164906.SZ,20260729,0.966,71900,69455.4,,,0.0
165309.SZ,20260729,1.938,100,193.8,,,0.0
165311.SZ,20260729,,0,0.0,,,0.0
165313.SZ,20260729,,0,0.0,,,0.0
165508.SZ,20260729,,0,0.0,,,0.0
165509.SZ,20260729,,0,0.0,,,0.0
165511.SZ,20260729,,0,0.0,,,0.0
165512.SZ,20260729,,0,0.0,,,0.0
165513.SZ,20260729,0.95,1200,1140.0,,,0.0
165515.SZ,20260729,,0,0.0,,,0.0
165516.SZ,20260729,,0,0.0,,,0.0
165517.SZ,20260729,,0,0.0,,,0.0
165519.SZ,20260729,,0,0.0,,,0.0
165520.SZ,20260729,,0,0.0,,,0.0
165521.SZ,20260729,,0,0.0,,,0.0
165522.SZ,20260729,,0,0.0,,,0.0
165525.SZ,20260729,,0,0.0,,,0.0
165528.SZ,20260729,,0,0.0,,,0.0
166001.SZ,20260729,,0,0.0,,,0.0
166006.SZ,20260729,,0,0.0,,,0.0
166008.SZ,20260729,,0,0.0,,,0.0
166009.SZ,20260729,,0,0.0,,,0.0
166011.SZ,20260729,1.689,1300,2195.7,,,0.0
166016.SZ,20260729,1.124,155000,174220.0,,,0.0
166023.SZ,20260729,,0,0.0,,,0.0
166024.SZ,20260729,,0,0.0,,,0.0
166025.SZ,20260729,,0,0.0,,,0.0
166027.SZ,20260729,,0,0.0,,,0.0
166105.SZ,20260729,,0,0.0,,,0.0
166107.SZ,20260729,,0,0.0,,,0.0
166401.SZ,20260729,,0,0.0,,,0.0
167001.SZ,20260729,,0,0.0,,,0.0
167002.SZ,20260729,,0,0.0,,,0.0
167003.SZ,20260729,,0,0.0,,,0.0
167301.SZ,20260729,1.064,78200,83204.8,,,0.0
167302.SZ,20260729,,0,0.0,,,0.0
167501.SZ,20260729,,0,0.0,,,0.0
167506.SZ,20260729,,0,0.0,,,0.0
167508.SZ,20260729,,0,0.0,,,0.0
168101.SZ,20260729,,0,0.0,,,0.0
168102.SZ,20260729,,0,0.0,,,0.0
168103.SZ,20260729,,0,0.0,,,0.0
168104.SZ,20260729,,0,0.0,,,0.0
168105.SZ,20260729,,0,0.0,,,0.0
168203.SZ,20260729,1.122,100,112.2,,,0.0
168204.SZ,20260729,,0,0.0,,,0.0
168301.SZ,20260729,,0,0.0,,,0.0
168401.SZ,20260729,5.589,100,558.9,,,0.0
168701.SZ,20260729,,0,0.0,,,0.0
169101.SZ,20260729,,0,0.0,,,0.0
169104.SZ,20260729,,0,0.0,,,0.0
169105.SZ,20260729,,0,0.0,,,0.0
169106.SZ,20260729,,0,0.0,,,0.0
169201.SZ,20260729,,0,0.0,,,0.0
180101.SZ,20260729,1.513,124,187.612,,,0.0
180102.SZ,20260729,,0,0.0,,,0.0
180103.SZ,20260729,,0,0.0,,,0.0
180105.SZ,20260729,,0,0.0,,,0.0
180106.SZ,20260729,,0,0.0,,,0.0
180201.SZ,20260729,7.547,200,1509.4,,,0.0
180202.SZ,20260729,4.715,100,471.5,,,0.0
180203.SZ,20260729,7.059,100,705.9,,,0.0
180301.SZ,20260729,2.046,1700,3478.2,,,0.0
180302.SZ,20260729,,0,0.0,,,0.0
180303.SZ,20260729,,0,0.0,,,0.0
180305.SZ,20260729,,0,0.0,,,0.0
180306.SZ,20260729,,0,0.0,,,0.0
180401.SZ,20260729,,0,0.0,,,0.0
180402.SZ,20260729,5.299,100,529.9,,,0.0
180501.SZ,20260729,,0,0.0,,,0.0
180502.SZ,20260729,,0,0.0,,,0.0
180503.SZ,20260729,,0,0.0,,,0.0
180601.SZ,20260729,,0,0.0,,,0.0
180602.SZ,20260729,,0,0.0,,,0.0
180603.SZ,20260729,,0,0.0,,,0.0
180605.SZ,20260729,,0,0.0,,,0.0
180606.SZ,20260729,,0,0.0,,,0.0
180607.SZ,20260729,5.514,100,551.4,,,0.0
180701.SZ,20260729,,0,0.0,,,0.0
180801.SZ,20260729,,0,0.0,,,0.0
180901.SZ,20260729,,0,0.0,,,0.0
200011.SZ,20260729,,0,0.0,,,0.0
200012.SZ,20260729,,0,0.0,,,0.0
200016.SZ,20260729,,0,0.0,,,0.0
200017.SZ,20260729,,0,0.0,,,0.0
200019.SZ,20260729,,0,0.0,,,0.0
200020.SZ,20260729,,0,0.0,,,0.0
200025.SZ,20260729,,0,0.0,,,0.0
200026.SZ,20260729,,0,0.0,,,0.0
200028.SZ,20260729,,0,0.0,,,0.0
200029.SZ,20260729,,0,0.0,,,0.0
200030.SZ,20260729,2.74,200,548.0,,,0.0
200037.SZ,20260729,,0,0.0,,,0.0
200045.SZ,20260729,,0,0.0,,,0.0
200055.SZ,20260729,,0,0.0,,,0.0
200056.SZ,20260729,,0,0.0,,,0.0
200058.SZ,20260729,,0,0.0,,,0.0
200429.SZ,20260729,9.86,200,1972.0,,,0.0
200468.SZ,20260729,,0,0.0,,,0.0
200488.SZ,20260729,,0,0.0,,,0.0
200505.SZ,20260729,,0,0.0,,,0.0
200512.SZ,20260729,2.01,97742,196461.42,,,0.0
200521.SZ,20260729,,0,0.0,,,0.0
200530.SZ,20260729,,0,0.0,,,0.0
200539.SZ,20260729,1.92,100,192.0,,,0.0
200541.SZ,20260729,,0,0.0,,,0.0
200550.SZ,20260729,9.28,300,2784.0,,,0.0
200553.SZ,20260729,,0,0.0,,,0.0
200570.SZ,20260729,,0,0.0,,,0.0
200581.SZ,20260729,,0,0.0,,,0.0
200596.SZ,20260729,58.59,2700,158193.0,,,0.0
200625.SZ,20260729,3.37,4000,13480.0,,,0.0
200706.SZ,20260729,,0,0.0,,,0.0
200725.SZ,20260729,4.81,28600,137566.0,,,0.0
200726.SZ,20260729,,0,0.0,,,0.0
200761.SZ,20260729,,0,0.0,,,0.0
200869.SZ,20260729,,0,0.0,,,0.0
200992.SZ,20260729,,0,0.0,,,0.0
201872.SZ,20260729,,0,0.0,,,0.0
300001.SZ,20260729,33.31,43700,1455647.0,-0.6561288398449161,2.503522848771584,41.06322696093051
300002.SZ,20260729,7.9,104900,828710.0,0.3811944091486774,1.1818073980170616,47.287166454892066
300003.SZ,20260729,12.91,248400,3206844.0,-0.23183925811436357,7.16837758814742,43.60896445131382
300004.SZ,20260729,7.72,18100,139732.0,0.0,0.8692116773857497,45.0
300005.SZ,20260729,9.43,192900,1819047.0,0.10615711252652815,3.1666282188310673,45.63694267515917
300006.SZ,20260729,5.17,159700,825649.0,2.1739130434782705,5.834236976344181,58.04347826086962
300007.SZ,20260729,32.44,54900,1780956.0,0.12345679012344402,5.048626803490134,45.74074074074066
300008.SZ,20260729,6.06,18200,110292.0,-0.16474464579901982,0.3356656121566446,44.01153212520588
300009.SZ,20260729,8.12,50900,413308.0,0.3708281829418958,2.9370353993862617,47.224969097651375
300010.SZ,20260729,2.12,3255600,6901872.0,8.163265306122458,25.22825312025706,93.97959183673476
300011.SZ,20260729,5.67,600,3402.0,-0.17605633802816323,0.13447195743855822,23.1486143107715
300012.SZ,20260729,13.39,36800,492752.0,-0.1491424310216205,0.7641810172998434,44.105145413870275
300013.SZ,20260729,3.42,7500,25650.0,-0.8695652173913104,0.43980317179504463,39.78260869565214
300014.SZ,20260729,54.14,79000,4277060.0,0.11094674556213491,1.4288535137867886,45.66568047337281
300015.SZ,20260729,8.65,125200,1082980.0,0.34802784222738303,1.0656959917290485,47.0881670533643
300016.SZ,20260729,7.85,45500,357175.0,0.0,2.472851081858664,45.0
300017.SZ,20260729,12.9,277500,3579750.0,0.0,2.042647999030858,45.0
300018.SZ,20260729,10.86,52700,572322.0,-1.1828935395814422,3.9738194902458153,37.902638762511344
300019.SZ,20260729,13.86,12300,170478.0,0.0,1.796213252465802,45.0
300020.SZ,20260729,3.73,17400,64902.0,-0.7978723404255317,0.9069144216944447,40.21276595744681
300021.SZ,20260729,3.73,2600,9698.0,0.0,0.25376031947947997,45.0
300022.SZ,20260729,7.6,17000,129200.0,-0.6535947712418388,3.763501671481201,41.07843137254897
300024.SZ,20260729,14.85,82520,1225422.0,0.0,2.1914241735037683,45.0
300025.SZ,20260729,4.21,25400,106934.0,-0.9411764705882342,1.9644702660448716,39.352941176470594
300026.SZ,20260729,3.4,462900,1573860.0,0.2949852507374562,8.018545578911052,46.76991150442474
300027.SZ,20260729,1.75,527600,923300.0,1.1560693641618602,16.889778259404327,51.936416184971165
300030.SZ,20260729,6.12,5900,36108.0,0.0,0.7187124227535421,45.0
300031.SZ,20260729,18.39,34300,630777.0,0.0,1.5607157999058499,45.0
300032.SZ,20260729,3.46,9100,31486.0,1.1695906432748648,0.38668066737403795,52.01754385964919
300033.SZ,20260729,213.04,20600,4388624.0,-0.43929339190578176,1.0193252542266034,42.36423964856531
300034.SZ,20260729,14.97,6000,89820.0,-0.06675567423231055,0.3940473202693995,44.59946595460614
300035.SZ,20260729,13.28,44800,594944.0,0.0,1.7120148384641076,45.0
300036.SZ,20260729,10.85,24800,269080.0,0.8364312267657992,2.053833590033324,50.01858736059479
300037.SZ,20260729,58.78,49300,2897854.0,0.0,1.7057714456145876,45.0
300039.SZ,20260729,5.73,1212900,6949917.0,-0.3478260869565153,19.769739514991368,42.91304347826091
300040.SZ,20260729,6.25,978200,6113750.0,-1.5748031496062964,12.411204372009555,35.55118110236222
300041.SZ,20260729,10.01,26500,265265.0,-0.1994017946161497,1.0047079469793863,43.8035892323031
300042.SZ,20260729,40.02,98200,3929964.0,0.9331651954602949,6.771371882488796,50.59899117276177
300043.SZ,20260729,4.41,40800,179928.0,-0.2262443438914019,0.5311687193671317,43.64253393665159
300044.SZ,20260729,5.16,24700,127452.0,-0.19342359767891004,2.037322946905831,43.839458413926536
300045.SZ,20260729,12.23,58300,713009.0,-0.08169934640522847,1.9384734080497152,44.50980392156863
300046.SZ,20260729,22.4,4500,100800.0,-0.4444444444444473,0.7321724896517764,42.333333333333314
300047.SZ,20260729,9.49,46500,441285.0,0.10548523206750371,2.2165797988565474,45.63291139240502
300048.SZ,20260729,4.95,8900,44055.0,-0.4024144869215207,0.6764532045887675,42.585513078470875
300049.SZ,20260729,45.0,25900,1165500.0,0.6036217303823088,3.4279257761107536,48.621730382293855
300050.SZ,20260729,5.33,9700,51701.0,-0.37383177570092796,0.5283181048670308,42.75700934579443
300051.SZ,20260729,7.22,67000,483740.0,-0.13831258644537714,4.872113596954145,44.17012448132774
300052.SZ,20260729,9.32,34000,316880.0,-0.5336179295624244,2.860390358580718,41.79829242262545
300053.SZ,20260729,11.8,21400,252520.0,-0.42194092827003704,1.145236101634119,42.468354430379776
300054.SZ,20260729,70.91,344100,24400131.0,-0.5609311457018706,8.087113339750719,41.634413125788775
300055.SZ,20260729,5.51,6500,35815.0,0.9157509157509125,0.2657381553864957,50.494505494505475
300056.SZ,20260729,7.49,23300,174517.0,1.0796221322537214,1.6210999125332266,51.47773279352233
300057.SZ,20260729,6.03,26400,159192.0,0.33277870216306127,0.6524463159771806,46.99667221297837
300058.SZ,20260729,11.85,824700,9772695.0,0.679694137638065,3.973653684667401,49.07816482582839
300059.SZ,20260729,19.39,629784,12211511.76,-0.154479917610717,2.0054659732185733,44.0731204943357
300061.SZ,20260729,6.09,11600,70644.0,0.0,0.567684350465789,45.0
300062.SZ,20260729,6.43,957700,6158011.0,-3.01659125188537,11.899467372422793,26.90045248868778
300063.SZ,20260729,7.77,58800,456876.0,0.6476683937823857,1.829074406704108,48.886010362694314
300065.SZ,20260729,15.51,81200,1259412.0,0.19379844961240345,2.2448020607249695,46.162790697674424
300066.SZ,20260729,4.78,23400,111852.0,-0.20876826722338038,1.338313673140302,43.74739039665972
300067.SZ,20260729,5.5,3931880,21625340.0,-2.135231316725983,20.682933736719523,32.188612099644104
300068.SZ,20260729,4.06,290400,1179024.0,0.0,6.789055892924457,45.0
300069.SZ,20260729,27.47,15100,414797.0,-0.7228044813877954,1.6940384119744423,40.66317311167323
300070.SZ,20260729,3.43,23200,79576.0,-0.29069767441859407,0.5458964112108274,43.255813953488435
300071.SZ,20260729,4.08,535000,2182800.0,1.4925373134328401,6.195532996867185,53.95522388059704
300072.SZ,20260729,3.42,66100,226062.0,0.0,2.519237120519072,45.0
300073.SZ,20260729,40.5,24200,980100.0,-0.17254128666502888,1.4184812790131336,43.964752280009826
300074.SZ,20260729,3.44,32900,113176.0,1.17647058823529,2.026275008967542,52.05882352941174
300075.SZ,20260729,10.78,16800,181104.0,0.27906976744185297,1.2362589571003086,46.674418604651116
300076.SZ,20260729,4.12,8600,35432.0,0.9803921568627416,2.7197239010475527,50.88235294117645
300077.SZ,20260729,16.84,60100,1012084.0,0.0,1.5733990109903075,45.0
300078.SZ,20260729,2.84,39800,113032.0,0.0,1.5484209135864078,45.0
300079.SZ,20260729,4.37,207200,905464.0,0.0,6.311140306092881,45.0
300080.SZ,20260729,3.57,20800,74256.0,0.0,1.1202090823788082,45.0
300081.SZ,20260729,2.69,288100,774989.0,0.0,16.107229029072176,45.0
300082.SZ,20260729,7.43,23200,172376.0,0.40540540540539016,2.1248503595219357,47.43243243243234
300083.SZ,20260729,10.57,212500,2246125.0,-0.18885741265344258,2.1677813665212633,43.86685552407934
300084.SZ,20260729,10.3,2400,24720.0,-0.5791505791505669,0.2238295919399109,36.81442307428056
300085.SZ,20260729,27.44,60000,1646400.0,0.0,1.0133411583957759,45.0
300086.SZ,20260729,6.23,48600,302778.0,0.0,2.168625024350458,45.0
300087.SZ,20260729,5.02,67300,337846.0,-0.7905138339920903,8.276440531652302,40.25691699604746
300088.SZ,20260729,6.65,334000,2221100.0,-0.15015015015015232,2.3120622460261924,44.099099099099085
300091.SZ,20260729,2.41,3500,8435.0,-0.8230452674897082,0.5276804194718391,40.06172839506175
300092.SZ,20260729,10.85,800,8680.0,0.0,0.14290877676722138,25.72357981809985
300093.SZ,20260729,21.29,42600,906954.0,-0.327715355805247,4.843418363299771,43.033707865168516
300094.SZ,20260729,2.67,27800,74226.0,0.7547169811320753,0.8806880551969873,49.52830188679245
300095.SZ,20260729,7.96,21900,174324.0,-0.5000000000000004,3.2834577611270825,42.0
300096.SZ,20260729,8.08,2000,16160.0,0.7481296758104827,0.8393053771584392,49.4887780548629
300097.SZ,20260729,7.72,15000,115800.0,0.0,1.838321468354669,45.0
300098.SZ,20260729,4.43,60500,268015.0,0.2262443438914019,1.1550865584983814,46.35746606334841
300099.SZ,20260729,5.66,39800,225268.0,-1.0489510489510412,3.118711482363307,38.70629370629375
300100.SZ,20260729,20.7,15400,318780.0,-0.9569377990430561,2.035796499725527,39.25837320574166
300101.SZ,20260729,13.85,1000,13850.0,0.2896451846488013,0.0969096370392635,19.18160577496024
300102.SZ,20260729,16.37,37200,608964.0,0.0,1.4202425470740332,45.0
300103.SZ,20260729,6.54,4900,32046.0,0.0,1.0276089333290364,45.0
300105.SZ,20260729,8.71,584000,5086640.0,-1.1350737797956811,12.230680300285485,38.18955732122591
300106.SZ,20260729,8.69,30900,268521.0,0.9291521486643362,0.90337215819111,50.57491289198602
300107.SZ,20260729,6.03,30600,184518.0,-1.147540983606543,2.11890933138993,38.11475409836074
300109.SZ,20260729,12.7,14500,184150.0,-0.6259780907668211,1.4081557744467472,41.24413145539907
300110.SZ,20260729,2.67,2500,6675.0,0.3759398496240518,0.10710816773002417,21.53510928914866
300111.SZ,20260729,2.77,36200,100274.0,0.0,0.9977899798744824,45.0
300112.SZ,20260729,6.42,45100,289542.0,0.6269592476489061,3.981274362002234,48.76175548589344
300113.SZ,20260729,16.59,8200,136038.0,-0.30048076923077094,0.21118702967635697,36.21078072635963
300115.SZ,20260729,25.8,53900,1390620.0,0.8206330597889888,1.0492885666251761,49.92379835873393
300118.SZ,20260729,9.22,23300,214826.0,0.0,0.6294793502310065,45.0
300119.SZ,20260729,15.65,300,4695.0,-0.4452926208651453,0.08493014555042892,12.615670473886334
300120.SZ,20260729,6.27,25700,161139.0,0.15974440894568342,0.8675236630472389,45.9584664536741
300121.SZ,20260729,9.01,37500,337875.0,0.0,3.1009115500624196,45.0
300122.SZ,20260729,12.49,137300,1714877.0,-0.23961661341852514,6.332615534099918,43.56230031948885
300123.SZ,20260729,4.1,208100,853210.0,0.24449877750609694,5.984721155944002,46.466992665036585
300124.SZ,20260729,58.72,107000,6283040.0,0.08522243054371881,2.52410174178203,45.51133458326231
300125.SZ,20260729,7.81,2000,15620.0,0.0,0.3315057395735415,45.0
300126.SZ,20260729,5.48,10900,59732.0,0.0,2.5897277608132225,45.0
300127.SZ,20260729,22.71,5900,133989.0,0.044052863436139233,1.2776958948834414,45.264317180616835
300128.SZ,20260729,4.21,35600,149876.0,-0.47281323877069736,0.9868799019783756,42.16312056737581
300129.SZ,20260729,7.4,124600,922040.0,-0.5376344086021501,4.867938979857145,41.7741935483871
300130.SZ,20260729,17.71,9800,173558.0,0.0,0.812103985305513,45.0
300131.SZ,20260729,13.92,99900,1390608.0,-0.8547008547008517,1.632038903460763,39.87179487179489
300132.SZ,20260729,6.23,23500,146405.0,0.646203554119551,1.0592064232019636,48.877221324717304
300133.SZ,20260729,6.41,66300,424983.0,0.6279434850863463,1.0678157338419234,48.767660910518075
300134.SZ,20260729,7.62,4300,32766.0,0.5277044854881341,0.4090194003171912,48.166226912928806
300135.SZ,20260729,3.14,158800,498632.0,0.0,8.81659594864339,45.0
300136.SZ,20260729,62.4,125900,7856160.0,0.0,2.4625397321618525,45.0
300137.SZ,20260729,11.59,188900,2189351.0,-1.6963528413910023,6.024670889854967,34.82188295165399
300138.SZ,20260729,10.95,148300,1623885.0,0.0914076782449813,6.778604323706222,45.54844606946989
300139.SZ,20260729,38.29,225100,8619079.0,-1.3652756311179792,7.574104378999063,36.808346213292126
300140.SZ,20260729,5.44,23200,126208.0,-0.3663003663003539,1.8008592008147928,42.802197802197874
300141.SZ,20260729,9.9,47200,467280.0,-1.4925373134328401,1.5661474192062885,36.04477611940296
300142.SZ,20260729,12.02,335602,4033936.04,0.16666666666667052,6.727041666018768,46.00000000000002
300143.SZ,20260729,7.38,97600,720288.0,0.0,7.004620975359995,45.0
300144.SZ,20260729,6.05,88300,534215.0,0.16556291390728006,2.1447996577219732,45.99337748344368
300145.SZ,20260729,4.08,55400,226032.0,-0.24449877750610804,0.8636066681697523,43.53300733496335
300146.SZ,20260729,10.06,90900,914454.0,1.8218623481781382,3.330916392797165,55.93117408906883
300147.SZ,20260729,6.27,8600,53922.0,-0.31796502384738856,1.2185111944275653,43.092209856915666
300148.SZ,20260729,3.24,46300,150012.0,0.3095975232198178,1.6150426040534738,46.85758513931891
300149.SZ,20260729,9.2,168271,1548093.2,0.9879253567508295,5.356151044900973,50.92755214050498
300150.SZ,20260729,3.84,10900,41856.0,0.0,1.4963383029456312,45.0
300151.SZ,20260729,13.89,15100,209739.0,0.6521739130434856,0.9366691706741764,48.91304347826092
300152.SZ,20260729,1.44,94300,135792.0,-0.6896551724137945,5.10714435664225,40.86206896551723
300153.SZ,20260729,19.57,3700,72409.0,0.0,0.4762940381606476,45.0
300154.SZ,20260729,7.57,7000,52990.0,0.1322751322751392,0.7260571057135857,45.79365079365083
300155.SZ,20260729,3.85,15300,58905.0,0.26041666666667407,2.18421803152505,46.56250000000004
300157.SZ,20260729,4.2,199500,837900.0,0.9615384615384581,3.9546820836111323,50.769230769230745
300158.SZ,20260729,4.94,14800,73112.0,0.40650406504065817,0.8656009153429907,47.43902439024395
300159.SZ,20260729,2.85,45700,130245.0,1.0638297872340496,1.154145663842973,51.3829787234043
300160.SZ,20260729,,0,0.0,,0.0,0.0
300161.SZ,20260729,23.37,35200,822624.0,-0.2560819462227859,12.929611245512406,43.46350832266329
300162.SZ,20260729,7.1,158200,1123220.0,0.28248587570620654,5.480910948893551,46.69491525423724
300163.SZ,20260729,4.95,76200,377190.0,-0.20161290322580072,1.9226766521680667,43.790322580645196
300164.SZ,20260729,11.05,4820300,53264315.0,2.2201665124884418,27.59374270123071,58.320999074930654
300165.SZ,20260729,4.77,205800,981666.0,-0.6250000000000089,13.01441136464601,41.24999999999994
300166.SZ,20260729,12.61,83500,1052935.0,-0.3949447077409185,1.7536087738351658,42.630331753554486
300167.SZ,20260729,3.65,5100,18615.0,-0.2732240437158584,0.782360011354412,43.360655737704846
300168.SZ,20260729,4.77,57400,273798.0,-0.20920502092051096,2.929347955187093,43.74476987447694
300169.SZ,20260729,4.48,46600,208768.0,0.0,0.7761166592671405,45.0
300170.SZ,20260729,14.45,72400,1046180.0,1.0489510489510412,1.7248738601949576,51.29370629370625
300171.SZ,20260729,12.0,39800,477600.0,0.7556675062972307,3.6363278799700742,49.53400503778339
300172.SZ,20260729,4.31,5300,22843.0,-0.23148148148149916,0.3494567276380707,43.61111111111101
300173.SZ,20260729,3.04,6000,18240.0,0.33003300330034513,0.9585310259781878,46.980198019802074
300174.SZ,20260729,17.7,26500,469050.0,-0.7291082445316843,1.460632868594618,40.6253505328099
300175.SZ,20260729,5.7,33900,193230.0,0.17574692442881013,4.152676304566388,46.05448154657286
300176.SZ,20260729,4.88,14700,71736.0,0.411522633744843,1.7416666231670843,47.469135802469054
300177.SZ,20260729,5.9,17300,102070.0,0.6825938566553003,1.8660235323721261,49.0955631399318
300179.SZ,20260729,32.99,158700,5235513.0,-0.030303030303024947,4.732003431304975,44.81818181818185
300180.SZ,20260729,4.15,94100,390515.0,0.0,2.6290636823908478,45.0
300181.SZ,20260729,14.01,7400,103674.0,0.28632784538296097,0.47568652740458883,46.71796707229777
300182.SZ,20260729,4.53,174200,789126.0,0.44345898004436446,1.9312987703196651,47.660753880266185
300183.SZ,20260729,10.05,3400,34170.0,0.7014028056112176,0.6047735684653841,49.20841683366731
300184.SZ,20260729,11.38,251000,2856380.0,-0.3502626970227629,3.5577988720584126,42.898423817863424
300185.SZ,20260729,2.76,154100,425316.0,0.0,1.5119017542863877,45.0
300187.SZ,20260729,4.43,8700,38541.0,-0.44943820224719877,0.8154314142468659,42.30337078651681
300188.SZ,20260729,10.3,51900,534570.0,0.8814887365328206,3.141933173610719,50.288932419196925
300189.SZ,20260729,4.28,212833,910925.24,-0.46511627906975495,2.882400970723676,42.20930232558147
300190.SZ,20260729,3.59,23200,83288.0,-0.8287292817679592,2.215244081608179,40.027624309392245
300191.SZ,20260729,28.84,518900,14965076.0,2.0162716660771185,21.527930918454505,57.097629996462715
300192.SZ,20260729,10.9,121900,1328710.0,3.122043519394513,5.639112871530448,63.73226111636708
300193.SZ,20260729,7.34,4100,30094.0,0.0,1.1350135889345414,45.0
300194.SZ,20260729,3.67,2000,7340.0,0.0,0.1649587571104326,29.692576279877866
300195.SZ,20260729,4.89,2900,14181.0,0.8247422680412342,0.22441543742732334,45.3432323451656
300196.SZ,20260729,16.19,47100,762549.0,0.0,2.5183856597029703,45.0
300197.SZ,20260729,1.76,273600,481536.0,-1.1235955056179803,2.7629602090455365,38.25842696629212
300198.SZ,20260729,2.02,100,202.0,-0.49261083743841194,0.016724438839604783,0.054733966498389464
300199.SZ,20260729,20.38,144800,2951024.0,-0.5368472425573478,3.9817969678844256,41.778916544655914
300200.SZ,20260729,7.96,86701,690139.96,-1.2406947890818976,8.248479489038374,37.555831265508616
300201.SZ,20260729,13.7,112900,1546730.0,0.8836524300441795,2.4631573335787076,50.30191458026508
300203.SZ,20260729,11.8,18900,223020.0,-0.16920473773265332,2.9679101600739193,43.98477157360408
300204.SZ,20260729,23.25,199000,4626750.0,2.063213345039494,8.292957584558772,57.379280070236966
300205.SZ,20260729,5.0,49000,245000.0,1.0101010101010166,25.570427710595276,51.0606060606061
300206.SZ,20260729,11.55,28200,325710.0,1.9417475728155331,4.823250213010558,56.6504854368932
300207.SZ,20260729,18.01,433500,7807335.0,0.1668520578420596,3.9734864412881925,46.001112347052356
300209.SZ,20260729,26.63,431600,11493508.0,-0.9300595238095233,4.6337525315348085,39.41964285714286
300210.SZ,20260729,8.53,7968,67967.04,-0.6984866123399325,0.8382325781023111,40.80908032596041
300211.SZ,20260729,6.3,100,630.0,0.6389776357827559,0.04318309813538981,11.606823479066701
300212.SZ,20260729,7.68,167300,1284864.0,-1.0309278350515427,12.731911260623763,38.814432989690744
300213.SZ,20260729,5.9,62900,371110.0,0.8547008547008739,3.894806657183927,50.128205128205245
300214.SZ,20260729,13.76,1374300,18910368.0,-1.7142857142857126,20.255143412161942,34.71428571428572
300215.SZ,20260729,5.91,10000,59100.0,-0.5050505050505083,0.8559713755872349,41.96969696969695
300217.SZ,20260729,4.09,54200,221678.0,0.0,0.9039285746462568,45.0
300218.SZ,20260729,,0,0.0,,0.0,0.0
300219.SZ,20260729,6.24,234400,1462656.0,-1.7322834645669194,11.234265320681807,34.606299212598486
300220.SZ,20260729,9.42,1300,12246.0,0.21276595744681437,0.3870680458418031,46.27659574468089
300221.SZ,20260729,11.15,32900,366835.0,0.0,1.223401103545001,45.0
300222.SZ,20260729,9.18,40900,375462.0,0.0,1.7646683532771472,45.0
300223.SZ,20260729,127.81,335817,42920770.77,0.5586152635719932,7.333918325825509,48.35169158143196
300224.SZ,20260729,10.69,4700,50243.0,0.2814258911819856,0.3121475001447923,46.68855534709191
300225.SZ,20260729,6.53,70900,462977.0,0.4615384615384688,5.5780752583108475,47.769230769230816
300226.SZ,20260729,15.16,4700,71252.0,-0.06591957811470373,0.5861029486675572,44.604482531311774
300227.SZ,20260729,8.28,8500,70380.0,-0.12062726176115257,0.755853809870013,44.276236429433084
300228.SZ,20260729,6.96,7400,51504.0,0.0,0.5267670341556075,45.0
300229.SZ,20260729,12.68,29000,367720.0,0.47543581616482644,1.4433630806431799,47.85261489698896
300230.SZ,20260729,4.1,27100,111110.0,0.4901960784313708,3.0916518249663727,47.941176470588225
300231.SZ,20260729,8.14,28700,233618.0,0.36991368680643344,1.2110001192566966,47.2194821208386
300232.SZ,20260729,4.95,38300,189585.0,0.2024291497975561,1.9111570292297468,46.21457489878534
300233.SZ,20260729,12.63,11600,146508.0,0.4773269689737569,1.3849082359862388,47.86396181384254
300234.SZ,20260729,7.6,70000,532000.0,0.0,2.404697130668424,45.0
300235.SZ,20260729,10.13,4700,47611.0,0.0,0.6582422916448714,45.0
300236.SZ,20260729,83.99,157200,13203228.0,0.46650717703349276,10.340525160562203,47.79904306220096
300237.SZ,20260729,1.88,13200,24816.0,0.0,0.9043527112597051,45.0
300238.SZ,20260729,10.93,5500,60115.0,0.18331805682858526,1.055095094844212,46.09990834097151
300239.SZ,20260729,,0,0.0,,0.0,0.0
300240.SZ,20260729,5.18,1400,7252.0,0.19342359767891004,0.18648507474907325,34.72785504090665
300241.SZ,20260729,5.16,63800,329208.0,-0.5780346820809301,2.5167319235114953,41.53179190751442
300242.SZ,20260729,,0,0.0,,,0.0
300243.SZ,20260729,13.06,188500,2461810.0,1.7133956386292892,10.014064639298647,55.280373831775734
300244.SZ,20260729,16.23,93000,1509390.0,0.37105751391464104,3.0318441926137667,47.22634508348784
300245.SZ,20260729,5.29,50000,264500.0,0.379506641366234,4.677287002362304,47.277039848197404
300246.SZ,20260729,18.04,46000,829840.0,0.0,3.3907431072634546,45.0
300247.SZ,20260729,3.75,17200,64500.0,-0.5305039787798393,1.8832126685497235,41.81697612732096
300248.SZ,20260729,7.76,1000,7760.0,-0.12870012870012104,0.11151248878643129,19.300047209356904
300249.SZ,20260729,11.99,18500,221815.0,0.5872483221476488,1.167591126357825,48.523489932885894
300250.SZ,20260729,14.83,385300,5713999.0,-2.8814669286182037,17.077669267468334,27.71119842829078
300251.SZ,20260729,11.32,144300,1633476.0,0.4436557231588312,3.5138811041971505,47.66193433895299
300252.SZ,20260729,10.62,36300,385506.0,-0.37523452157599557,1.801333232186114,42.74859287054403
300253.SZ,20260729,6.91,91900,635029.0,0.5822416302765587,1.629410821915687,48.49344978165935
300254.SZ,20260729,7.66,31200,238992.0,-0.7772020725388518,2.609212034276499,40.33678756476689
300255.SZ,20260729,25.68,120300,3089304.0,0.5481597494126911,3.554819928546307,48.28895849647615
300256.SZ,20260729,2.5,61800,154500.0,-0.7936507936507908,2.197311426626701,40.238095238095255
300257.SZ,20260729,18.37,2400,44088.0,-0.05440696409139134,0.13297291935203306,23.608683698817604
300258.SZ,20260729,9.53,9300,88629.0,0.3157894736842026,1.279263390010311,46.89473684210522
300259.SZ,20260729,4.03,384100,1547923.0,0.0,9.93624537773587,45.0
300260.SZ,20260729,53.26,748800,39881088.0,-4.722719141323795,16.15964984211329,16.66368515205723
300261.SZ,20260729,5.43,593400,3222162.0,0.0,13.5650672743811,45.0
300263.SZ,20260729,8.73,157000,1370610.0,0.22962112514350874,3.222099451897772,46.37772675086105
300264.SZ,20260729,6.08,35200,214016.0,0.16474464579900872,1.740481034782076,45.988467874794054
300265.SZ,20260729,13.13,51900,681447.0,-0.6056018168054456,2.1956642976711715,41.36638909916733
300266.SZ,20260729,1.75,32300,56525.0,0.0,1.3779788179490047,45.0
300267.SZ,20260729,3.0,40000,120000.0,0.6711409395973256,1.286999368372885,49.02684563758395
300268.SZ,20260729,10.15,6000,60900.0,0.0,2.374621171888416,45.0
300269.SZ,20260729,4.35,124500,541575.0,-1.1363636363636576,4.666965690272727,38.18181818181805
300270.SZ,20260729,9.71,4600,44666.0,0.10309278350517648,0.19247458501432768,35.263982003610046
300271.SZ,20260729,5.25,120300,631575.0,-0.1901140684410607,6.752843258792673,43.859315589353635
300272.SZ,20260729,5.38,1200,6456.0,0.3731343283581934,0.18534833472014423,35.60150621977512
300274.SZ,20260729,109.3,411500,44976950.0,-2.4803711634546755,4.774162316511676,30.117773019271947
300275.SZ,20260729,7.98,22000,175560.0,0.7575757575757569,4.071423680432591,49.54545454545454
300276.SZ,20260729,6.18,18100,111858.0,-0.1615508885298933,0.506354651834955,44.030694668820644
300277.SZ,20260729,11.39,15600,177684.0,-0.08771929824561431,1.166984727801224,44.473684210526315
300278.SZ,20260729,3.55,34900,123895.0,1.139601139601143,1.4219742179924637,51.837606837606856
300279.SZ,20260729,5.2,29700,154440.0,0.0,2.2287695735835906,45.0
300281.SZ,20260729,5.55,46800,259740.0,1.2773722627737127,6.293031394459098,52.664233576642275
300283.SZ,20260729,13.18,90300,1190154.0,0.22813688212928174,3.070144938483271,46.36882129277569
300284.SZ,20260729,5.37,25200,135324.0,0.5617977528090012,1.5854745208290362,48.37078651685401
300285.SZ,20260729,56.42,797600,45000592.0,0.0,5.6561366043334536,45.0
300286.SZ,20260729,19.26,3600,69336.0,0.10395010395012338,0.7671463278512288,45.62370062370074
300287.SZ,20260729,3.53,57100,201563.0,-1.1204481792717047,1.5344307960665,38.27731092436977
300288.SZ,20260729,9.42,2900,27318.0,0.6410256410256387,0.6027380758508178,48.84615384615383
300289.SZ,20260729,5.47,2900,15863.0,-0.7259528130671544,0.6080448410895813,40.64428312159707
300290.SZ,20260729,4.84,1953900,9456876.0,-0.8196721311475419,33.99610951171955,40.08196721311475
300291.SZ,20260729,4.9,719200,3524080.0,4.700854700854706,8.895160837607817,73.20512820512823
300292.SZ,20260729,4.01,135400,542954.0,0.24999999999999467,2.3669498653326833,46.49999999999997
300293.SZ,20260729,15.82,1532700,24247314.0,-6.666666666666665,60.48861090717525,15.0
300294.SZ,20260729,14.76,8100,119556.0,-0.13531799729363803,1.1777701220924734,44.18809201623817
300295.SZ,20260729,10.78,43100,464618.0,-0.27752081406106077,8.177495905208486,43.334875115633636
300296.SZ,20260729,5.11,17000,86870.0,0.0,0.292842608114239,45.0
300298.SZ,20260729,15.59,6400,99776.0,0.1928020565552746,0.9229530067195023,46.15681233933165
300299.SZ,20260729,5.14,173200,890248.0,0.7843137254901933,5.197736234722014,49.70588235294116
300300.SZ,20260729,7.03,239100,1680873.0,-0.4249291784702458,4.565558543637779,42.450424929178524
300301.SZ,20260729,3.43,7000,24010.0,0.8823529411764675,1.116818883049015,50.294117647058805
300302.SZ,20260729,28.09,201800,5668562.0,0.2856122813280848,7.989521500160564,46.71367368796851
300303.SZ,20260729,6.85,617300,4228505.0,-1.2968299711815678,10.607927164501731,37.21902017291059
300304.SZ,20260729,10.45,86000,898700.0,-0.38131553860820677,4.801953558884232,42.71210676835076
300305.SZ,20260729,4.95,7900,39105.0,0.0,0.9313311812727959,45.0
300306.SZ,20260729,9.0,2200,19800.0,-0.11098779134295356,0.7144306622671208,44.33407325194228
300307.SZ,20260729,6.2,29500,182900.0,-0.48154093097914075,2.205931137342756,42.110754414125154
300308.SZ,20260729,915.0,538474,492703710.0,0.7709251101321479,11.323914267932091,49.62555066079289
300310.SZ,20260729,4.1,41900,171790.0,0.4901960784313708,1.1864257431871876,47.941176470588225
300311.SZ,20260729,5.14,16300,83782.0,-0.1941747572815622,1.9224385907048802,43.83495145631063
300313.SZ,20260729,7.71,53900,415569.0,-1.2804097311139517,9.258926707855775,37.31754161331629
300314.SZ,20260729,9.55,4400,42020.0,0.0,1.5294641142839465,45.0
300315.SZ,20260729,4.04,188400,761136.0,-0.49261083743841194,1.9347913463831272,42.04433497536953
300316.SZ,20260729,38.65,19500,753675.0,0.49401976079042065,1.1541953430982261,47.96411856474252
300317.SZ,20260729,4.8,1908600,9161280.0,-1.2345679012345734,11.756605537252177,37.59259259259256
300318.SZ,20260729,4.67,2300,10741.0,0.0,0.3099849974303078,45.0
300319.SZ,20260729,14.65,343887,5037944.55,-0.8124576844955933,3.333349963015763,40.12525389302644
300320.SZ,20260729,7.96,900,7164.0,0.3783102143757988,0.15252057332534608,29.72356448481709
300321.SZ,20260729,31.19,1300,40547.0,-1.5467171717171713,0.3515795369905513,35.71969696969697
300322.SZ,20260729,16.49,11800,194582.0,-0.3625377643504679,0.5948154309985515,42.82477341389719
300323.SZ,20260729,10.81,271600,2935996.0,-0.6433823529411797,4.076012253345832,41.13970588235292
300324.SZ,20260729,3.54,18300,64782.0,0.0,0.49898090836523706,45.0
300326.SZ,20260729,5.49,6900,37881.0,-0.181818181818183,1.2062295590404806,43.9090909090909
300327.SZ,20260729,21.14,18200,384748.0,-0.23596035865974807,1.7257586746734166,43.58423784804151
300328.SZ,20260729,11.1,91700,1017870.0,0.6346328195829587,1.0339678569068094,48.807796917497754
300329.SZ,20260729,10.7,1600,17120.0,-0.6499535747446661,0.6900533207264247,41.100278551532
300331.SZ,20260729,40.68,612600,24920568.0,1.6999999999999904,28.656873923226026,55.199999999999946
300332.SZ,20260729,4.54,101600,461264.0,0.4424778761062065,3.973059229594268,47.65486725663724
300333.SZ,20260729,7.32,30800,225456.0,-0.9472259810554773,0.8456390842445809,39.31664411366714
300334.SZ,20260729,7.56,35800,270648.0,-0.39525691699605625,3.1517952981108572,42.62845849802366
300335.SZ,20260729,5.31,68100,361611.0,-0.747663551401867,3.299078156488143,40.514018691588795
300337.SZ,20260729,9.04,5200,47008.0,0.11074197120708451,0.3011266893893983,45.66445182724251
300338.SZ,20260729,2.68,30500,81740.0,-0.7407407407407418,2.8335665739829827,40.55555555555555
300339.SZ,20260729,35.39,19800,700722.0,0.19818799547000054,0.8789865010282015,46.18912797282
300340.SZ,20260729,8.03,8900,71467.0,0.374999999999992,0.9615476157243753,47.24999999999995
300341.SZ,20260729,12.33,112400,1385892.0,-0.6446414182111226,12.617966818890215,41.132151490733264
300342.SZ,20260729,31.4,29500,926300.0,-0.190718372536558,2.1686708165187514,43.85568976478065
300343.SZ,20260729,5.72,63600,363792.0,-0.694444444444442,2.7784318265859245,40.83333333333335
300345.SZ,20260729,5.27,14000,73780.0,0.3809523809523707,0.5917315754152228,47.28571428571422
300346.SZ,20260729,53.35,1122800,59901380.0,-1.5864231691569808,15.687023318919081,35.48146098505811
300347.SZ,20260729,49.09,129300,6347337.0,2.143154390345403,5.455647628950065,57.85892634207242
300348.SZ,20260729,9.04,36700,331768.0,0.33296337402886067,1.8054086067071693,46.997780244173164
300349.SZ,20260729,9.8,3100,30380.0,0.6160164271047375,0.43412260819393444,48.69609856262842
300350.SZ,20260729,4.08,59700,243576.0,0.49261083743843415,4.043297317395002,47.955665024630605
300351.SZ,20260729,13.54,31800,430572.0,0.2962962962962834,2.513016808930646,46.7777777777777
300352.SZ,20260729,2.3,346400,796720.0,1.3215859030836885,12.132832603226188,52.929515418502135
300353.SZ,20260729,17.01,5100,86751.0,-0.11743981209629828,0.35980651089266824,44.29536112742221
300354.SZ,20260729,27.6,2100,57960.0,-0.46880634691669476,1.0461643086855368,42.18716191849983
300355.SZ,20260729,2.85,9000,25650.0,0.0,0.2755536189009811,45.0
300357.SZ,20260729,23.2,7600,176320.0,0.12947777298228935,0.8932422822598659,45.77686663789373
300358.SZ,20260729,7.98,74600,595308.0,0.0,2.310351320580898,45.0
300359.SZ,20260729,3.99,433900,1731261.0,8.130081300813007,8.716179120706538,93.78048780487805
300360.SZ,20260729,11.96,8800,105248.0,0.16750418760469454,1.1221782103442874,46.005025125628165
300363.SZ,20260729,15.98,29600,473008.0,0.6931316950220534,1.558469496922689,49.15879017013232
300364.SZ,20260729,21.14,237500,5020750.0,0.6187529747739173,5.187615014795763,48.7125178486435
300365.SZ,20260729,4.63,6400,29632.0,0.0,0.5103907993212016,45.0
300366.SZ,20260729,4.3,2300,9890.0,0.4672897196261516,0.4043017047305752,47.80373831775691
300368.SZ,20260729,8.9,187600,1669640.0,-1.0011123470522798,3.713272817510357,38.99332591768632
300369.SZ,20260729,7.48,1983100,14833588.0,8.092485549132956,19.320071951299276,93.55491329479773
300370.SZ,20260729,2.04,500,1020.0,0.0,0.020827092437231482,3.7488766387016668
300371.SZ,20260729,9.22,1400,12908.0,0.7650273224043769,0.4941432312820626,49.59016393442626
300373.SZ,20260729,85.99,95400,8203446.0,1.4033018867924518,4.893841246641476,53.41981132075471
300374.SZ,20260729,10.58,2800,29624.0,0.09460737937558861,0.6319187708778878,45.56764427625353
300375.SZ,20260729,3.81,18800,71628.0,0.0,2.3525328937489363,45.0
300376.SZ,20260729,4.43,18400,81512.0,-0.44943820224719877,0.6705739507155317,42.30337078651681
300377.SZ,20260729,13.1,100300,1313930.0,-0.6823351023502622,2.3129354035831473,40.90598938589843
300378.SZ,20260729,27.9,15400,429660.0,1.3071895424836555,1.4421326669675358,52.84313725490193
300380.SZ,20260729,27.59,800,22072.0,0.18155410312272746,0.27703203948585153,46.08932461873636
300381.SZ,20260729,5.54,18400,101936.0,0.0,2.7413137900163753,45.0
300382.SZ,20260729,13.83,14800,204684.0,-0.4319654427645814,0.5293111457089794,42.40820734341251
300383.SZ,20260729,12.69,224600,2850174.0,0.39556962025315556,2.35009876349928,47.37341772151893
300384.SZ,20260729,11.82,16700,197394.0,-1.087866108786606,4.993564455709342,38.47280334728036
300385.SZ,20260729,10.1,36300,366630.0,-0.5905511811023723,7.448765130945422,41.456692913385766
300386.SZ,20260729,9.7,18300,177510.0,-0.6147540983606592,2.8982140562026584,41.31147540983604
300387.SZ,20260729,6.71,8000,53680.0,-0.4451038575667643,1.4787341066385464,42.32937685459942
300388.SZ,20260729,6.65,1000,6650.0,-0.15015015015015232,0.23349509053924875,41.12821539616386
300389.SZ,20260729,11.75,200,2350.0,0.0,0.04189208395950857,7.540575112711543
300390.SZ,20260729,56.01,88800,4973688.0,-0.3912502223012648,2.292862546942699,42.652498666192415
300393.SZ,20260729,5.65,16400,92660.0,0.5338078291815096,0.678504574891786,48.20284697508906
300394.SZ,20260729,182.5,240913,43966622.5,0.5177351839612321,5.679585934370403,48.10641110376739
300395.SZ,20260729,76.97,48400,3725348.0,1.1432325886990835,2.4937387570492398,51.8593955321945
300396.SZ,20260729,,0,0.0,,0.0,0.0
300397.SZ,20260729,9.91,27400,271534.0,0.10101010101009056,1.6594334995064508,45.606060606060545
300398.SZ,20260729,32.97,469300,15472821.0,-0.21186440677966045,10.184724818381302,43.728813559322035
300399.SZ,20260729,15.76,13000,204880.0,-0.3162555344718543,2.847735936440858,43.10246679316887
300400.SZ,20260729,21.45,28300,607035.0,-0.46403712296984034,2.1197746664880524,42.21577726218096
300401.SZ,20260729,12.4,48600,602640.0,0.3236245954692629,1.7600068506298248,46.94174757281558
300402.SZ,20260729,,0,0.0,,0.0,0.0
300403.SZ,20260729,8.73,28600,249678.0,-0.11441647597253413,2.554121078165053,44.313501144164796
300404.SZ,20260729,9.72,81900,796068.0,1.0395010395010562,4.07962203639691,51.23700623700634
300405.SZ,20260729,4.8,10200,48960.0,-0.20790020790020236,1.0740241768633518,43.752598752598786
300406.SZ,20260729,11.16,5900,65844.0,0.0,1.3722554148200592,45.0
300407.SZ,20260729,12.26,34800,426648.0,0.24529844644316512,1.6031875257314234,46.47179067865899
300408.SZ,20260729,102.85,330300,33971355.0,2.0033720122979215,3.3703705819262804,57.020232073787525
300409.SZ,20260729,17.0,110700,1881900.0,0.2358490566037652,3.5621877357546796,46.41509433962259
300410.SZ,20260729,6.82,46400,316448.0,-0.4379562043795526,2.3431708613011994,42.37226277372268
300411.SZ,20260729,6.82,47900,326678.0,-0.14641288433381305,4.978076300719566,44.12152269399712
300412.SZ,20260729,3.89,4300,16727.0,0.2577319587628857,0.3579993210404937,46.546391752577314
300413.SZ,20260729,15.37,72900,1120473.0,0.6548788474132206,3.6043120525982375,48.92927308447932
300414.SZ,20260729,11.17,409900,4578583.0,-0.9751773049645363,16.795039012438824,39.148936170212785
300415.SZ,20260729,19.5,46400,904800.0,-0.35769034236076136,7.474825439735645,42.85385794583543
300416.SZ,20260729,13.9,32400,450360.0,0.43352601156070314,1.5955264286202968,47.60115606936422
300417.SZ,20260729,9.29,13000,120770.0,-0.21482277121376292,2.263540523967142,43.71106337271742
300418.SZ,20260729,37.86,167800,6352908.0,0.664716830630141,2.657943037363172,48.988300983780846
300419.SZ,20260729,7.69,168300,1294227.0,-1.4102564102564052,18.32861034262386,36.53846153846157
300420.SZ,20260729,6.18,559900,3460182.0,-1.4354066985645897,5.405993955860525,36.387559808612465
300421.SZ,20260729,16.28,10300,167684.0,-0.2450980392156854,1.1987409144433316,43.529411764705884
300422.SZ,20260729,4.18,16000,66880.0,0.23980815347721673,1.5718914823900731,46.4388489208633
300423.SZ,20260729,5.43,4400,23892.0,0.0,0.4116143752857715,45.0
300424.SZ,20260729,13.77,41800,575586.0,0.4376367614879584,4.157326702492126,47.62582056892775
300425.SZ,20260729,3.81,5900,22479.0,-0.2617801047120394,0.5953521990810928,43.429319371727765
300426.SZ,20260729,5.28,8500,44880.0,1.343570057581589,0.6334970535091491,53.06142034548954
300427.SZ,20260729,6.48,434500,2815560.0,1.7268445839874413,4.0480315348476035,55.361067503924644
300428.SZ,20260729,18.19,12300,223737.0,0.11007154650521933,1.2111675269594062,45.66042927903132
300429.SZ,20260729,9.35,166000,1552100.0,-0.31982942430704986,4.61312500550608,43.0810234541577
300430.SZ,20260729,4.24,192500,816200.0,-1.3953488372092981,16.38909321709406,36.627906976744214
300432.SZ,20260729,15.36,25500,391680.0,-0.13003901170351995,0.5695748205736098,44.21976592977888
300433.SZ,20260729,33.8,512700,17329260.0,-0.17720023626698334,4.485912592622704,43.9367985823981
300434.SZ,20260729,10.25,100300,1028075.0,1.0848126232741562,6.579982245430861,51.508875739644935
300435.SZ,20260729,16.41,12300,201843.0,0.06097560975610872,1.281537754100204,45.36585365853665
300436.SZ,20260729,88.07,94000,8278580.0,-0.9336332958380322,21.52483245150949,39.39820022497181
300437.SZ,20260729,10.11,9600,97056.0,-0.2958579881656931,0.9120338135769589,43.22485207100584
300438.SZ,20260729,61.22,71600,4383352.0,-0.04897959183673972,3.0652687695991805,44.70612244897956
300439.SZ,20260729,8.33,800,6664.0,0.0,0.28165976894684985,45.0
300440.SZ,20260729,15.68,17800,279104.0,0.8360128617363349,1.8607761999001022,50.01607717041801
300441.SZ,20260729,6.69,39600,264924.0,-0.29806259314455463,2.3931708860635963,43.21162444113267
300442.SZ,20260729,63.19,47881,3025600.39,-0.06326111023248204,1.4870482638955371,44.62043333860511
300443.SZ,20260729,21.1,24300,512730.0,-0.6591337099811523,3.4983573762912874,41.04519774011309
300444.SZ,20260729,9.94,702200,6979868.0,-0.40080160320642433,5.743949584016215,42.59519038076145
300445.SZ,20260729,18.06,3400,61404.0,0.055401662049847644,0.7840204217120516,45.33240997229909
300446.SZ,20260729,13.12,6000,78720.0,-0.15220700152207556,0.6394686223705376,44.08675799086755
300447.SZ,20260729,12.75,3100,39525.0,-0.07836990595611049,0.9124378134674047,44.52978056426333
300448.SZ,20260729,5.08,1100,5588.0,0.0,0.06474578993050023,11.654242187490041
300449.SZ,20260729,6.31,45500,287105.0,0.0,3.757904731431179,45.0
300450.SZ,20260729,32.98,124800,4115904.0,-0.1513775355737379,2.9271559806353498,44.09173478655757
300451.SZ,20260729,3.36,48100,161616.0,0.0,1.8255760200709132,45.0
300452.SZ,20260729,11.99,11900,142681.0,0.8410428931875602,4.27885378493891,50.04625735912536
300453.SZ,20260729,9.51,31000,294810.0,-0.41884816753927634,4.126476243516821,42.486910994764344
300454.SZ,20260729,105.0,96163,10097115.0,2.4390243902439046,6.667637230002379,59.63414634146343
300455.SZ,20260729,17.23,1800,31014.0,0.34944670937682165,0.23819641534108674,44.972035017656545
300456.SZ,20260729,28.66,223500,6405510.0,0.3852889667250503,8.770913215560757,47.311733800350304
300457.SZ,20260729,19.1,88000,1680800.0,-0.10460251046024993,6.5163862166887965,44.3723849372385
300458.SZ,20260729,39.32,314728,12375104.96,0.025438819638767818,2.7225501647027603,45.152632917832605
300459.SZ,20260729,3.66,570000,2086200.0,0.5494505494505475,3.9011965195471996,48.296703296703285
300460.SZ,20260729,8.05,14600,117530.0,0.12437810945276073,3.2787131103766756,45.746268656716566
300461.SZ,20260729,29.43,2200,64746.0,0.0,0.7654642740860257,45.0
300462.SZ,20260729,10.83,2900,31407.0,1.1204481792717047,1.279853623898588,51.72268907563023
300463.SZ,20260729,8.86,12400,109864.0,0.2262443438914019,1.8159340944055977,46.35746606334841
300464.SZ,20260729,5.9,5400,31860.0,-0.6734006734006703,0.28511196336062494,40.95959595959598
300465.SZ,20260729,11.86,324000,3842640.0,-1.1666666666666714,12.184611362908619,37.99999999999997
300466.SZ,20260729,6.89,5700,39273.0,0.29112081513826826,1.120804759335467,46.74672489082961
300467.SZ,20260729,32.79,21200,695148.0,0.06103143118705301,5.362362195419034,45.366188587122316
300468.SZ,20260729,20.08,65900,1323272.0,-0.5448241703813972,2.365532705399762,41.731054977711615
300469.SZ,20260729,49.23,42630,2098674.9,0.040642145905289695,4.360744991208762,45.24385287543174
300470.SZ,20260729,29.19,1600,46704.0,0.06856359273226253,1.0474456643392729,45.41138155639358
300471.SZ,20260729,8.94,24500,219030.0,-0.11173184357541333,3.407600620029541,44.32960893854752
300472.SZ,20260729,6.11,9300,56823.0,0.0,3.3661090053471625,45.0
300473.SZ,20260729,20.7,11700,242190.0,-0.28901734104047616,2.3084074699185027,43.265895953757145
300474.SZ,20260729,50.28,15700,789396.0,0.21925453458242483,1.7370458968155063,46.31552720749455
300475.SZ,20260729,146.72,192800,28287616.0,-0.3734637061180268,6.021470074471043,42.759217763291836
300476.SZ,20260729,212.94,228600,48678084.0,1.3131601484441813,5.59236062733538,52.878960890665084
300477.SZ,20260729,2.65,231300,612945.0,-0.7490636704119868,4.652917298996004,40.505617977528075
300478.SZ,20260729,27.09,1400,37926.0,-0.2577319587628857,0.15931952343784267,27.131122466234366
300479.SZ,20260729,13.07,200,2614.0,0.9266409266409426,0.05447601954053571,15.365529077142083
300480.SZ,20260729,29.5,192300,5672850.0,0.1017984390905946,6.726839897269857,45.61079063454357
300481.SZ,20260729,12.9,11600,149640.0,-0.3861003861003742,1.129373756034082,42.68339768339776
300482.SZ,20260729,16.69,133700,2231453.0,3.215831787260348,11.90598370294687,64.29499072356208
300483.SZ,20260729,20.6,250400,5158240.0,4.0929762506316525,7.181442004448869,69.55785750378992
300484.SZ,20260729,12.14,2800,33992.0,0.33057851239670644,0.951439551945641,46.98347107438024
300485.SZ,20260729,8.89,6100,54229.0,0.3386004514672747,0.8474974896928691,47.031602708803646
300486.SZ,20260729,16.45,1000,16450.0,0.12172854534389099,0.09017910635787352,16.96261041648058
300487.SZ,20260729,60.39,17400,1050786.0,0.08286377195889649,1.4716041018086479,45.497182631753375
300488.SZ,20260729,28.61,13600,389096.0,-0.48695652173913473,2.808597274655284,42.07826086956519
300489.SZ,20260729,145.79,41000,5977390.0,-1.145918090588549,3.4027342197565114,38.124491456468704
300490.SZ,20260729,11.12,36200,402544.0,0.0,2.0451773762461976,45.0
300491.SZ,20260729,24.7,11600,286520.0,0.04050222762250755,0.8078059758192616,45.243013365735045
300492.SZ,20260729,22.12,26100,577332.0,1.0968921389396868,2.099884367192435,51.58135283363812
300493.SZ,20260729,12.24,10700,130968.0,0.16366612111291534,0.6061943317382255,45.981996726677494
300494.SZ,20260729,7.98,11300,90174.0,0.2512562814070307,1.0785266790212318,46.507537688442184
300496.SZ,20260729,57.71,29500,1702445.0,-0.15570934256055047,2.3956239823433014,44.065743944636694
300497.SZ,20260729,16.96,492900,8359584.0,-3.745743473325769,11.456233515189343,22.525539160045387
300498.SZ,20260729,14.1,108800,1534080.0,0.2844950213371167,2.010724289695922,46.706970128022704
300499.SZ,20260729,26.0,23100,600600.0,0.2699575780948704,1.5903196334101095,46.61974546856922
300500.SZ,20260729,8.27,16700,138109.0,0.1210653753026536,4.274986612518301,45.72639225181592
300501.SZ,20260729,9.45,11400,107730.0,-0.526315789473697,3.022088972600775,41.84210526315782
300502.SZ,20260729,407.13,663446,270108769.98,0.056524944703872926,10.035780046226153,45.339149668223236
300503.SZ,20260729,63.35,60800,3851680.0,0.45987947986045885,3.6601255596760627,47.759276879162755
300504.SZ,20260729,13.81,17800,245818.0,-0.2888086642599208,2.388316449898234,43.26714801444047
300505.SZ,20260729,16.99,17500,297325.0,-0.05882352941177782,0.5138253366642039,44.647058823529335
300506.SZ,20260729,5.45,67600,368420.0,0.92592592592593,2.481749839360217,50.55555555555558
300507.SZ,20260729,6.1,8400,51240.0,-0.4893964110929905,1.0431185490693278,42.06362153344206
300508.SZ,20260729,34.21,1300,44473.0,-0.7542790832608004,0.43539281516603234,40.4743255004352
300509.SZ,20260729,7.74,17700,136998.0,0.78125,2.6062039881808343,49.6875
300510.SZ,20260729,3.41,336700,1148147.0,0.887573964497057,9.477713126549034,50.32544378698234
300511.SZ,20260729,4.94,61700,304798.0,-0.20202020202019222,3.0583359843935543,43.787878787878846
300512.SZ,20260729,6.41,7250,46472.5,-0.9273570324574876,1.7589782742002744,39.435857805255075
300513.SZ,20260729,6.7,7900,52930.0,0.6006006006006093,1.3718342650039612,48.60360360360366
300514.SZ,20260729,8.67,10400,90168.0,-0.4592422502870397,3.3200806999652706,42.244546498277764
300515.SZ,20260729,15.45,49000,757050.0,-1.7175572519084081,6.245906293337395,34.694656488549555
300516.SZ,20260729,27.96,37200,1040112.0,0.0,7.464310701466192,45.0
300517.SZ,20260729,8.56,1300,11128.0,0.11695906432749315,0.32346281100856267,45.70175438596496
300518.SZ,20260729,19.31,126000,2433060.0,-1.3789581205311485,11.197580322155407,36.72625127681311
300519.SZ,20260729,13.65,147900,2018835.0,-1.0869565217391353,19.5013061147165,38.47826086956519
300520.SZ,20260729,24.46,62300,1523858.0,-0.4882017900732172,4.693816832417339,42.0707892595607
300521.SZ,20260729,21.6,800,17280.0,0.3717472118959231,0.2365054966108338,44.801472661325626
300522.SZ,20260729,11.98,478300,5730034.0,-0.9917355371900749,21.254452956830534,39.04958677685955
300523.SZ,20260729,,0,0.0,,0.0,0.0
300525.SZ,20260729,7.91,33400,264194.0,0.3807106598984866,1.8108965219539566,47.28426395939092
300527.SZ,20260729,7.17,50000,358500.0,-0.554785020804438,10.756610381821213,41.67128987517337
300528.SZ,20260729,13.87,80200,1112374.0,1.093294460641392,4.0492252183752075,51.55976676384835
300529.SZ,20260729,17.6,12100,212960.0,0.2277904328018332,1.5653521402021304,46.366742596811
300530.SZ,20260729,16.98,157300,2670954.0,0.0,10.275571786198988,45.0
300531.SZ,20260729,16.18,25000,404500.0,-0.7361963190184118,1.3526326940256945,40.58282208588953
300532.SZ,20260729,6.7,6000,40200.0,0.0,0.47975740635681957,45.0
300533.SZ,20260729,13.4,7800,104520.0,0.07468259895444529,0.5888153689166922,45.44809559372667
300534.SZ,20260729,14.01,2672500,37441725.0,-1.684210526315788,32.51146255421078,34.894736842105274
300535.SZ,20260729,12.84,11600,148944.0,0.0,5.681136596541313,45.0
300536.SZ,20260729,8.08,24700,199576.0,0.2481389578163684,2.8609310260079046,46.48883374689821
300537.SZ,20260729,17.76,241500,4289040.0,1.1965811965811923,20.709915365740912,52.179487179487154
300538.SZ,20260729,13.33,57900,771807.0,0.0,7.919954421865831,45.0
300539.SZ,20260729,17.45,3700,64565.0,0.6343713956170616,0.6704971335213732,48.80622837370237
300540.SZ,20260729,28.56,10100,288456.0,-0.1747640685075158,0.8809572868325221,43.9514155889549
300541.SZ,20260729,10.18,44900,457082.0,-0.2938295788442846,3.8092164162617106,43.23702252693429
300542.SZ,20260729,11.24,9500,106780.0,-0.0888888888888828,1.437875335723625,44.466666666666704
300543.SZ,20260729,,0,0.0,,0.0,0.0
300545.SZ,20260729,26.19,55600,1456164.0,-0.6825938566552892,6.122622545968281,40.904436860068266
300546.SZ,20260729,16.05,77300,1240665.0,-0.5576208178438624,9.19019346069056,41.65427509293683
300547.SZ,20260729,24.65,14600,359890.0,0.7767784137367117,1.6570110134669611,49.66067048242027
300548.SZ,20260729,147.67,120700,17823769.0,0.0,6.623769003503334,45.0
300549.SZ,20260729,12.62,4700,59314.0,0.15873015873015817,2.4648244423451056,45.95238095238095
300550.SZ,20260729,10.29,4000,41160.0,0.48828125,0.8623454622013781,47.9296875
300551.SZ,20260729,9.45,81000,765450.0,1.2861736334405016,6.125014731402601,52.71704180064301
300552.SZ,20260729,19.59,28500,558315.0,-0.507872016251909,6.446862765810185,41.952767902488546
300553.SZ,20260729,40.35,12300,496305.0,0.0,2.2207954944929145,45.0
300554.SZ,20260729,18.47,10800,199476.0,0.054171180931739116,2.2100880966901695,45.325027085590435
300555.SZ,20260729,11.83,4100,48503.0,-1.334445371142623,8.48397581044507,36.99332777314426
300556.SZ,20260729,14.65,10500,153825.0,1.104209799861966,1.8809107395307585,51.625258799171796
300557.SZ,20260729,24.3,3100,75330.0,0.20618556701030855,0.8295791737131752,46.23711340206185
300558.SZ,20260729,58.49,58700,3433363.0,0.6193015654567313,5.4747651060869424,48.71580939274039
300559.SZ,20260729,10.31,9800,101038.0,0.3894839337877487,1.275684885311364,47.336903602726494
300560.SZ,20260729,13.48,16000,215680.0,0.0742390497401546,0.7470874214511629,45.44543429844093
300561.SZ,20260729,16.82,128200,2156324.0,-1.5798712697483897,3.669725461996509,35.52077238150966
300562.SZ,20260729,13.43,139400,1872142.0,2.3628048780487854,10.105099443882736,59.176829268292714
300563.SZ,20260729,21.8,1300,28340.0,0.41455550437585753,0.34980226477185455,47.48733302625514
300564.SZ,20260729,10.95,7600,83220.0,0.4587155963302614,2.3068178636737726,47.75229357798157
300565.SZ,20260729,8.73,15600,136188.0,0.0,1.6459959482475657,45.0
300566.SZ,20260729,24.0,58300,1399200.0,-0.9492364836979017,2.3857577163796133,39.30458109781259
300567.SZ,20260729,209.21,32200,6736562.0,-0.09073543457497335,2.622254696729285,44.45558739255016
300568.SZ,20260729,12.15,277600,3372840.0,1.5037593984962294,2.9249645999653904,54.02255639097738
300569.SZ,20260729,4.76,37700,179452.0,-0.6263048016701522,2.8020356970778626,41.24217118997909
300570.SZ,20260729,125.12,89700,11223264.0,0.09600000000000719,5.880978263411142,45.57600000000004
300571.SZ,20260729,30.67,17300,530591.0,-0.1952489424015602,2.0579734529870697,43.82850634559064
300572.SZ,20260729,17.53,3900,68367.0,0.057077625570789436,0.6756712884235233,45.34246575342473
300573.SZ,20260729,39.78,10200,405756.0,0.201511335012583,0.6745143155474261,46.2090680100755
300575.SZ,20260729,5.4,23500,126900.0,-0.36900369003689537,2.324933318961227,42.785977859778626
300576.SZ,20260729,26.2,533400,13975080.0,-0.9451795841209809,17.193880221642637,39.328922495274114
300577.SZ,20260729,17.19,50100,861219.0,-1.0362694300518172,8.143653129267415,38.7823834196891
300578.SZ,20260729,14.39,13500,194265.0,-1.774744027303754,3.002334407615047,34.351535836177476
300579.SZ,20260729,21.68,20500,444440.0,1.0251630941286116,3.7731445870304667,51.15097856477167
300580.SZ,20260729,20.38,12200,248636.0,-0.7306380905991339,0.7639769926572937,40.6161714564052
300581.SZ,20260729,9.55,33300,318015.0,0.0,2.51896473191455,45.0
300582.SZ,20260729,9.99,3500,34965.0,-0.29940119760478723,0.5252513734773603,43.20359281437128
300583.SZ,20260729,11.45,10200,116790.0,0.17497812773403787,3.8907007398186946,46.04986876640423
300584.SZ,20260729,31.8,44200,1405560.0,-0.6249999999999978,7.708350000626143,41.250000000000014
300585.SZ,20260729,12.26,5100,62526.0,0.0,0.7718531430332531,45.0
300586.SZ,20260729,7.71,55500,427905.0,0.0,2.068835228208941,45.0
300587.SZ,20260729,3.77,11300,42601.0,0.26595744680850686,0.2121463886087783,39.78209463043113
300588.SZ,20260729,21.09,28600,603174.0,0.9573958831976981,5.628001889791322,50.74437529918619
300589.SZ,20260729,12.25,87800,1075550.0,-0.40650406504065817,3.9115138720381313,42.56097560975605
300590.SZ,20260729,9.95,51400,511430.0,0.0,2.3146087106166853,45.0
300591.SZ,20260729,7.03,53400,375402.0,-1.4025245441795176,1.2760857508800778,36.58485273492289
300592.SZ,20260729,14.34,650900,9333906.0,-4.590818363273453,16.323135896279094,17.455089820359284
300593.SZ,20260729,22.36,118500,2649660.0,-1.4109347442680775,4.294507959992767,36.53439153439153
300594.SZ,20260729,13.0,1900,24700.0,0.23130300693907646,2.0695433598659405,46.38781804163446
300595.SZ,20260729,10.85,2300,24955.0,0.09225092250921829,0.18990117912015594,34.73571777668338
300596.SZ,20260729,38.1,900,34290.0,0.026253609871362826,0.20541203159119872,37.131687345643954
300597.SZ,20260729,,0,0.0,,0.0,0.0
300598.SZ,20260729,27.48,7200,197856.0,-0.07272727272726875,1.2845473891697345,44.56363636363639
300599.SZ,20260729,9.67,17800,172126.0,2.545068928950167,2.534875809440898,60.270413573701006
300600.SZ,20260729,9.68,218600,2116048.0,-0.10319917440659854,18.0728355483652,44.38080495356041
300601.SZ,20260729,12.07,18700,225709.0,0.08291873963515162,1.3998091737024236,45.49751243781091
300602.SZ,20260729,34.43,53500,1842005.0,0.5842827928717487,2.2632971974150218,48.505696757230496
300603.SZ,20260729,7.55,48900,369195.0,-0.7884362680683377,4.032016026047039,40.26938239158997
300604.SZ,20260729,279.0,86800,24217200.0,0.940665701881338,2.6563181599531966,50.64399421128803
300605.SZ,20260729,8.86,10300,91258.0,0.0,1.6090315953034218,45.0
300606.SZ,20260729,32.1,20800,667680.0,0.43804755944931717,2.4070682842025177,47.628285356695905
300607.SZ,20260729,29.6,163400,4836640.0,1.3698630136986356,5.210658216563835,53.21917808219182
300608.SZ,20260729,9.86,221800,2186948.0,0.20325203252031798,14.401447365782127,46.21951219512191
300609.SZ,20260729,24.88,1300,32344.0,0.4440855874041194,0.46554541479435796,47.66451352442472
300610.SZ,20260729,8.86,4800,42528.0,-0.3374578177727905,1.2257908257477295,42.97525309336326
300611.SZ,20260729,23.66,400,9464.0,-0.042247570764686326,0.19831731247264758,35.443630820488444
300612.SZ,20260729,11.18,15000,167700.0,0.0,2.211996091744004,45.0
300613.SZ,20260729,57.9,16100,932190.0,0.06913238852401804,1.2298572238515735,45.41479433114411
300614.SZ,20260729,9.06,3000,27180.0,0.0,0.9309509310286815,45.0
300615.SZ,20260729,,0,0.0,,,0.0
300616.SZ,20260729,9.47,14900,141103.0,-0.10548523206750371,2.5396808483692794,44.36708860759498
300617.SZ,20260729,41.01,4300,176343.0,-0.8222490931076298,1.0718118893931858,40.066505441354224
300618.SZ,20260729,32.19,4700,151293.0,-0.7706535141800197,0.5885234448301522,40.37607891491988
300619.SZ,20260729,23.15,14850,343777.5,0.433839479392617,2.9817183470767037,47.6030368763557
300620.SZ,20260729,214.0,30600,6548400.0,-0.3167505123905401,3.1221707023274377,43.09949692565676
300621.SZ,20260729,6.22,7500,46650.0,0.0,1.1293424396987424,45.0
300622.SZ,20260729,13.95,30200,421290.0,0.21551724137931494,1.1962303291003673,46.293103448275886
300623.SZ,20260729,24.62,45100,1110362.0,-0.04060089321964444,1.837038678280108,44.75639464068213
300624.SZ,20260729,46.61,24300,1132623.0,0.021459227467812703,3.5478957934634963,45.12875536480688
300625.SZ,20260729,8.65,2200,19030.0,-0.3456221198156584,1.1141296106845906,42.92626728110605
300626.SZ,20260729,28.89,36700,1060263.0,0.662020905923355,4.919038381987007,48.97212543554013
300627.SZ,20260729,27.46,16200,444852.0,-0.2904865649963617,1.091915107334377,43.25708061002183
300628.SZ,20260729,38.03,62800,2388284.0,-0.8344198174706663,4.237487489397286,39.993481095176
300629.SZ,20260729,16.7,1800,30060.0,-0.29850746268657025,0.3336883070913589,43.20895522388058
300631.SZ,20260729,19.27,2600,50102.0,0.0,1.2228518505293406,45.0
300632.SZ,20260729,16.35,21400,349890.0,0.0,1.5686432038787617,45.0
300633.SZ,20260729,19.16,12000,229920.0,-0.3640145605824263,2.395961044683371,42.815912636505445
300634.SZ,20260729,18.24,23500,428640.0,-0.2188183807440014,3.035300116758487,43.68708971553599
300635.SZ,20260729,10.29,8400,86436.0,0.0,1.4894156218290404,45.0
300636.SZ,20260729,6.58,50000,329000.0,0.15220700152207556,8.476389714657,45.91324200913245
300637.SZ,20260729,8.5,459600,3906600.0,-3.409090909090917,26.757649335623654,24.545454545454497
300638.SZ,20260729,19.4,140500,2725700.0,-1.2219959266802527,5.017773620019953,37.66802443991848
300639.SZ,20260729,5.48,63800,349624.0,-1.0830324909747224,3.2661990359706263,38.50180505415167
300640.SZ,20260729,5.86,13400,78524.0,0.0,0.9953550646269045,45.0
300641.SZ,20260729,13.89,2500,34725.0,0.36127167630057855,0.2935139353950344,47.16763005780347
300642.SZ,20260729,11.95,5200,62140.0,0.3358522250209939,1.5639922145927352,47.015113350125965
300643.SZ,20260729,18.75,54400,1020000.0,0.0,3.062992415372957,45.0
300644.SZ,20260729,19.82,2800,55496.0,0.4052684903748771,1.3188356156814727,47.431610942249264
300645.SZ,20260729,11.64,7900,91956.0,0.08598452278589797,2.0157891647101596,45.515907136715384
300647.SZ,20260729,4.94,12200,60268.0,-0.6036217303822755,0.8420045180363036,41.378269617706344
300648.SZ,20260729,31.85,2500,79625.0,0.09428032683846954,0.9692663821390812,45.56568196103082
300649.SZ,20260729,20.46,25100,513546.0,0.04889975550121939,4.12083791927736,45.29339853300732
300650.SZ,20260729,,0,0.0,,0.0,0.0
300651.SZ,20260729,16.4,10000,164000.0,0.3058103975535076,1.0612162944276298,46.834862385321046
300652.SZ,20260729,27.3,6600,180180.0,-1.015228426395931,2.965679279045441,38.90862944162441
300653.SZ,20260729,13.87,100,1387.0,-0.28756290438534116,0.06787833408118177,10.492722708300672
300654.SZ,20260729,11.77,61300,721501.0,-0.7588532883642474,2.4547581554182774,40.446880269814514
300655.SZ,20260729,12.33,948700,11697471.0,-0.8045052292839916,11.643301308653644,40.17296862429605
300656.SZ,20260729,23.16,11700,270972.0,-0.04315925766077422,1.4316746130563052,44.741044454035354
300657.SZ,20260729,31.39,22400,703136.0,-0.15903307888041063,0.9912614552960491,44.04580152671754
300658.SZ,20260729,9.78,11600,113448.0,-0.40733197556008793,1.3300504980856926,42.55600814663947
300659.SZ,20260729,9.59,10100,96859.0,2.02127659574467,1.220865710368287,57.12765957446802
300660.SZ,20260729,25.02,22700,567954.0,-0.23923444976076125,3.3835947041965784,43.56459330143543
300661.SZ,20260729,96.0,38700,3715200.0,1.0632698178755673,1.3481947233902642,51.3796189072534
300662.SZ,20260729,19.54,49600,969184.0,0.0,3.297867346744508,45.0
300663.SZ,20260729,9.6,3105600,29813760.0,7.14285714285714,23.077235371445017,87.85714285714283
300664.SZ,20260729,4.44,47700,211788.0,0.452488687782826,5.243168825986003,47.71493212669696
300665.SZ,20260729,8.17,6200,50654.0,-0.24420024420024333,0.7985992218387633,43.53479853479854
300666.SZ,20260729,223.38,98500,22002930.0,0.16142050040355294,5.4120307545721085,45.96852300242132
300667.SZ,20260729,13.19,38500,507815.0,-0.3776435045317328,5.476455300467188,42.7341389728096
300668.SZ,20260729,38.32,14700,563304.0,1.9691325172964458,3.6014597566007183,56.81479510377868
300669.SZ,20260729,20.44,3400,69496.0,0.14698677119060477,3.250561022996868,45.88192062714363
300670.SZ,20260729,5.42,22100,119782.0,0.0,2.898424126158954,45.0
300671.SZ,20260729,63.4,47200,2992480.0,-0.26742173981437745,2.8748315767259425,43.395469561113735
300672.SZ,20260729,137.86,56000,7720160.0,1.203934811334606,3.904477646923041,52.22360886800764
300673.SZ,20260729,11.7,2700,31590.0,0.6884681583476882,0.442535610399294,49.13080895008613
300674.SZ,20260729,15.67,112700,1766009.0,0.4487179487179471,6.244670673686826,47.69230769230768
300675.SZ,20260729,11.52,10100,116352.0,-0.25974025974027093,3.450239445719033,43.44155844155837
300676.SZ,20260729,37.0,9099,336663.0,0.0,1.7375820501018742,45.0
300677.SZ,20260729,47.72,123100,5874332.0,3.965141612200429,6.935523714082999,68.79084967320257
300678.SZ,20260729,23.3,261000,6081300.0,-1.6047297297297258,18.771156648545862,35.37162162162164
300679.SZ,20260729,39.19,17000,666230.0,0.02552322613578184,0.8265359005816684,45.15313935681469
300680.SZ,20260729,20.5,7000,143500.0,0.19550342130987275,0.9596543669242164,46.17302052785924
300681.SZ,20260729,20.2,4900,98980.0,-0.19762845849802257,0.594083463047053,43.814229249011866
300682.SZ,20260729,10.19,16600,169154.0,-0.29354207436400603,0.6371039080759433,43.23874755381596
300683.SZ,20260729,25.9,16800,435120.0,0.5825242718446644,2.78191399303966,48.495145631067984
300684.SZ,20260729,47.25,35800,1691550.0,0.0,1.8981837231541798,45.0
300685.SZ,20260729,16.88,5800,97904.0,0.059276822762277526,0.757530783030811,45.35566093657366
300686.SZ,20260729,12.27,29700,364419.0,-0.08143322475570036,3.2703267965715015,44.5114006514658
300687.SZ,20260729,21.01,45200,949652.0,0.9610764055742571,2.6438837999860123,50.76645843344554
300688.SZ,20260729,28.7,97600,2801120.0,2.941176470588247,8.075600399456112,62.647058823529484
300689.SZ,20260729,50.76,1700,86292.0,0.39556962025315556,0.5882404580893732,47.37341772151893
300690.SZ,20260729,20.99,42400,889976.0,1.695736434108519,13.064024015782055,55.174418604651116
300691.SZ,20260729,12.62,13700,172894.0,0.15873015873015817,2.4139883485905065,45.95238095238095
300692.SZ,20260729,8.36,45300,378708.0,0.9661835748792313,2.4943499569585725,50.79710144927539
300693.SZ,20260729,33.88,32700,1107876.0,-0.08846947803006211,2.817152843666873,44.46918313181963
300694.SZ,20260729,9.77,31400,306778.0,-0.4077471967380286,5.7550494800911665,42.553516819571826
300695.SZ,20260729,44.33,200,8866.0,0.0,0.2648116747241677,45.0
300696.SZ,20260729,19.26,6700,129042.0,-0.413650465356763,1.4205180457871533,42.51809720785942
300697.SZ,20260729,13.5,135600,1830600.0,-0.589101620029453,10.988083339523975,41.46539027982328
300698.SZ,20260729,23.6,800,18880.0,0.42553191489362874,0.28737816528098536,47.55319148936177
300699.SZ,20260729,24.98,28772,718724.56,-0.31923383878690315,2.0139209819218196,43.08459696727858
300700.SZ,20260729,14.27,17000,242590.0,0.2106741573033588,1.096778444547292,46.26404494382015
300701.SZ,20260729,8.64,5300,45792.0,0.0,1.5826247794918307,45.0
300702.SZ,20260729,20.08,200,4016.0,0.0,0.08062323333285995,14.512181999914791
300703.SZ,20260729,12.1,400,4840.0,-0.9009009009009139,0.06291816162569454,5.919863687219534
300705.SZ,20260729,10.51,3700,38887.0,-0.18993352326684976,0.6222401564101849,43.8603988603989
300706.SZ,20260729,47.8,66100,3159580.0,0.7376185458377149,5.368209609525643,49.42571127502629
300707.SZ,20260729,10.98,9700,106506.0,-0.453309156844961,2.755682388574762,42.28014505893023
300708.SZ,20260729,7.38,45900,338742.0,0.6821282401091366,2.796099052562478,49.09276944065482
300709.SZ,20260729,34.72,81600,2833152.0,0.4920405209840828,6.151811663903665,47.952243125904495
300710.SZ,20260729,26.41,2600,68666.0,-0.7142857142857229,1.1938722950264362,40.714285714285666
300711.SZ,20260729,14.6,2500,36500.0,0.20590253946464188,0.8756475413568333,46.23541523678785
300712.SZ,20260729,20.54,200,4108.0,0.24402147388971063,0.16226855792203548,30.67246926930465
300713.SZ,20260729,12.06,8600,103716.0,0.5838198498749003,2.563676523129026,48.502919099249404
300715.SZ,20260729,11.71,5600,65576.0,-0.34042553191488967,0.5214515816576243,42.95744680851066
300716.SZ,20260729,17.3,1000,17300.0,-1.1428571428571344,0.4762472509453301,38.142857142857196
300717.SZ,20260729,16.8,7900,132720.0,0.0,2.180845746177555,45.0
300718.SZ,20260729,56.23,24000,1349520.0,0.0533807829181443,2.935885618319228,45.32028469750887
300719.SZ,20260729,11.01,13800,151938.0,0.09090909090909705,3.95284948680963,45.54545454545458
300720.SZ,20260729,54.71,114750,6277972.5,-0.036543029417135386,7.567111986338329,44.78074182349719
300721.SZ,20260729,20.6,157300,3240380.0,0.340964442279601,11.683787740003119,47.04578665367761
300722.SZ,20260729,20.81,10400,216424.0,-0.33524904214559115,3.445037262605711,42.98850574712645
300723.SZ,20260729,34.48,17800,613744.0,0.05803830528148257,1.9455357162660818,45.3482298316889
300724.SZ,20260729,55.9,15200,849680.0,-0.24982155603140432,1.389694887826712,43.501070663811575
300725.SZ,20260729,37.77,31700,1197309.0,0.7200000000000095,2.1940071143001068,49.32000000000006
300726.SZ,20260729,47.95,47700,2287215.0,0.313807531380772,3.3320359320505784,46.882845188284634
300727.SZ,20260729,25.76,8300,213808.0,-0.9230769230769154,4.0831099881260045,39.46153846153851
300729.SZ,20260729,,0,0.0,,0.0,0.0
300730.SZ,20260729,11.35,500,5675.0,0.0,0.10555765224157022,19.00037740348264
300731.SZ,20260729,33.94,8400,285096.0,1.0119047619047583,1.1272888988289302,51.07142857142855
300732.SZ,20260729,5.57,23700,132009.0,0.3603603603603789,3.127584408011082,47.162162162162275
300733.SZ,20260729,12.02,21600,259632.0,-0.3316749585406398,4.498099534235889,43.00995024875616
300735.SZ,20260729,18.65,22900,427085.0,0.0,1.7458985398900586,45.0
300736.SZ,20260729,27.0,7000,189000.0,0.821508588498876,1.4256980866694688,49.929051530993256
300737.SZ,20260729,4.78,42500,203150.0,-0.6237006237006071,1.366485700652539,41.25779625779636
300738.SZ,20260729,21.22,129500,2747990.0,-0.3755868544600971,1.7543150409616426,42.74647887323942
300739.SZ,20260729,20.46,38900,795894.0,0.09784735812132794,3.9013399504683086,45.58708414872797
300740.SZ,20260729,18.54,243800,4520052.0,0.0,6.491552159922345,45.0
300741.SZ,20260729,12.61,4600,58006.0,1.0416666666666519,1.6409078500134513,51.249999999999915
300743.SZ,20260729,13.56,10000,135600.0,0.5934718100890191,4.196436530930699,48.56083086053411
300745.SZ,20260729,27.0,11600,313200.0,0.44642857142858094,1.2770935248583914,47.67857142857149
300746.SZ,20260729,11.63,357000,4151910.0,-1.7736486486486402,20.19663391331902,34.358108108108155
300747.SZ,20260729,32.44,77100,2501124.0,0.5579665220086794,4.137342908753842,48.347799132052074
300748.SZ,20260729,24.2,27500,665500.0,0.0,1.103785597856066,45.0
300749.SZ,20260729,17.31,6700,115977.0,0.815375655212569,1.3476634324425327,49.89225393127541
300750.SZ,20260729,390.0,313800,122382000.0,-0.22002763137696224,7.68429692614542,43.679834211738225
300751.SZ,20260729,170.46,11700,1994382.0,1.3075002971591587,1.389670655463651,52.84500178295495
300752.SZ,20260729,10.18,32500,330850.0,0.39447731755424265,2.4954245410519365,47.36686390532546
300753.SZ,20260729,25.68,1158101,29740033.68,-1.1547344110854563,37.91435316508641,38.07159353348726
300755.SZ,20260729,10.6,62800,665680.0,-0.9345794392523366,9.631436113897022,39.39252336448598
300756.SZ,20260729,26.53,76600,2032198.0,1.0281797410510274,13.131561827613229,51.169078446306166
300757.SZ,20260729,409.0,28000,11452000.0,1.2376237623762387,3.446997421979452,52.425742574257434
300758.SZ,20260729,9.73,38000,369740.0,-0.30737704918032405,4.6102564278740275,43.15573770491805
300759.SZ,20260729,38.19,234025,8937414.75,1.2460233297985068,3.8923174042439195,52.47613997879104
300760.SZ,20260729,151.0,33200,5013200.0,0.3055666268101609,2.4384136101363127,46.833399760860964
300761.SZ,20260729,18.28,2100,38388.0,-0.054674685620548225,0.20607917093919634,36.76620265533205
300762.SZ,20260729,28.91,36700,1060997.0,0.942737430167595,1.5902763916929565,50.65642458100557
300763.SZ,20260729,60.54,39500,2391330.0,-0.033025099075301156,3.2803666049748537,44.8018494055482
300765.SZ,20260729,37.68,263600,9932448.0,-3.1362467866323906,11.221195382596616,26.182519280205657
300766.SZ,20260729,21.0,38600,810600.0,0.33444816053511683,1.7984887609783191,47.0066889632107
300767.SZ,20260729,15.32,6800,104176.0,0.0,0.8960647993326404,45.0
300768.SZ,20260729,16.13,96400,1554932.0,-1.6463414634146356,6.892006362791659,35.121951219512184
300769.SZ,20260729,43.38,73000,3166740.0,1.2605042016806678,4.684285878761961,52.56302521008401
300770.SZ,20260729,33.74,5600,188944.0,-0.0296296296296239,2.142685991300139,44.82222222222226
300771.SZ,20260729,10.63,22300,237049.0,0.5676442762535538,2.372339034018627,48.405865657521325
300772.SZ,20260729,11.39,51300,584307.0,-1.0425716768027726,2.8619637237865616,38.744569939183364
300773.SZ,20260729,14.66,66600,976356.0,-0.4752206381534285,1.5882941996636122,42.14867617107943
300774.SZ,20260729,9.37,19800,185526.0,-0.21299254526092604,2.270170837923769,43.72204472843444
300775.SZ,20260729,20.27,127400,2582398.0,0.2472799208704357,6.8603521694135505,46.48367952522261
300776.SZ,20260729,109.56,40400,4426224.0,-0.027374760470844084,2.992391475969692,44.835751437174935
300777.SZ,20260729,23.52,9500,223440.0,0.0,1.0396042473745626,45.0
300778.SZ,20260729,9.41,4500,42345.0,0.21299254526090383,0.7256139283604087,46.277955271565425
300779.SZ,20260729,77.24,122300,9446452.0,0.32471749577867026,6.100644025966333,46.94830497467202
300780.SZ,20260729,18.22,9700,176734.0,-1.085776330076016,1.01601122216594,38.48534201954391
300781.SZ,20260729,24.83,14100,350103.0,0.4043671653861658,3.3607039765202305,47.426202992316995
300782.SZ,20260729,68.8,25800,1775040.0,0.0,1.9720055749033545,45.0
300783.SZ,20260729,17.0,37300,634100.0,-0.058788947677845815,1.855696159803058,44.647266313932924
300784.SZ,20260729,36.75,500,18375.0,0.0,0.6060805091897974,45.0
300785.SZ,20260729,33.61,5400,181494.0,0.6890353505092817,0.8773027687121235,49.13421210305569
300786.SZ,20260729,13.99,459700,6431203.0,-0.07142857142856673,24.88658500439028,44.5714285714286
300787.SZ,20260729,7.87,20600,162122.0,0.8974358974358942,4.315310971269723,50.384615384615365
300788.SZ,20260729,23.79,5900,140361.0,0.42211903756859126,0.8282664505034251,47.532714225411546
300789.SZ,20260729,16.53,2800,46284.0,0.8541793776693174,0.882001591956848,50.1250762660159
300790.SZ,20260729,16.4,34900,572360.0,-0.12180267965896663,1.616203732010476,44.2691839220462
300791.SZ,20260729,16.15,9000,145350.0,0.0,4.531198581631782,45.0
300792.SZ,20260729,23.1,10800,249480.0,1.049868766404205,1.7765153628513293,51.29921259842523
300793.SZ,20260729,10.75,14400,154800.0,-0.18570102135561095,1.5162166243844,43.88579387186633
300795.SZ,20260729,13.55,948200,12848110.0,0.07385524372232055,20.691383899991315,45.44313146233392
300796.SZ,20260729,6.25,3400,21250.0,0.32102728731941976,0.7667379895364981,46.92616372391652
300797.SZ,20260729,11.65,8700,101355.0,-0.08576329331045907,2.8124517175670807,44.485420240137245
300798.SZ,20260729,6.9,1850200,12766380.0,-1.4285714285714235,26.462055396586354,36.42857142857146
300800.SZ,20260729,8.85,3000,26550.0,0.6825938566553003,0.8330893683676437,49.0955631399318
300801.SZ,20260729,23.41,48400,1133044.0,-0.6788290199406077,3.9833974221280335,40.927025880356354
300802.SZ,20260729,22.12,183200,4052384.0,-1.993797075764281,9.6942091090776,33.037217545414315
300803.SZ,20260729,74.0,12234,905316.0,0.12176971992965413,0.37160869329210966,45.73061831957793
300804.SZ,20260729,36.64,3000,109920.0,-0.9997298027559998,1.800296331527714,39.001621183464
300805.SZ,20260729,7.8,60000,468000.0,-0.2557544757033292,3.6109643265257327,43.465473145780024
300806.SZ,20260729,42.08,292425,12305244.0,2.0121212121211984,6.466859221471442,57.07272727272719
300807.SZ,20260729,,0,0.0,,0.0,0.0
300808.SZ,20260729,17.33,2400,41592.0,0.6972690296339179,1.4000989885335084,49.183614177803506
300809.SZ,20260729,24.29,386300,9383227.0,-2.9564522572912533,24.21675648458204,27.26128645625248
300810.SZ,20260729,22.81,6000,136860.0,0.3519577650681782,3.1565964164050713,47.11174659040907
300811.SZ,20260729,59.88,17300,1035924.0,0.4024144869215318,1.090404801519098,47.41448692152919
300812.SZ,20260729,17.18,19600,336728.0,-0.6936416184971206,2.944979508745767,40.83815028901728
300813.SZ,20260729,18.08,2300,41584.0,0.0,1.4573965971962373,45.0
300814.SZ,20260729,119.6,30600,3659760.0,-1.083450500372185,3.3545015681093866,38.49929699776689
300815.SZ,20260729,14.11,580586,8192068.46,-10.696202531645582,31.965664745869944,15.0
300816.SZ,20260729,46.13,3800,175294.0,-1.0934819897084003,1.996849148974593,38.4391080617496
300817.SZ,20260729,14.24,1300,18512.0,0.2111189303307448,0.5802606528031332,46.26671358198447
300818.SZ,20260729,19.72,14300,281996.0,0.7150153217569066,2.680189545358686,49.290091930541436
300819.SZ,20260729,42.9,11600,497640.0,0.8699741359040614,2.9072698502023604,50.219844815424366
300820.SZ,20260729,48.09,4800,230832.0,-0.26959767731230544,0.7059571916527799,43.38241393612617
300821.SZ,20260729,15.18,275100,4176018.0,-0.06583278472679366,4.277156368794445,44.605003291639235
300822.SZ,20260729,10.63,19300,205159.0,0.0,5.2516002370866905,45.0
300823.SZ,20260729,13.23,9200,121716.0,-0.2262443438914019,3.19469626875232,43.64253393665159
300824.SZ,20260729,7.34,1200,8808.0,0.0,0.3160231032693752,45.0
300825.SZ,20260729,11.67,480500,5607435.0,-2.668890742285235,10.944001961702508,28.986655546288592
300826.SZ,20260729,11.58,600,6948.0,0.0,0.06041345114431754,10.874421205977157
300827.SZ,20260729,23.84,30700,731888.0,-0.666666666666671,2.299740953437646,40.99999999999997
300828.SZ,20260729,14.38,11800,169684.0,0.7002801120448376,3.135445174398836,49.20168067226903
300829.SZ,20260729,13.5,1100,14850.0,-0.2954209748892156,0.3195082367441932,43.227474150664705
300830.SZ,20260729,7.66,12400,94984.0,-0.9055627425614499,1.2826657644418942,39.5666235446313
300831.SZ,20260729,14.69,14500,213005.0,0.0,2.4171005875039264,45.0
300832.SZ,20260729,47.92,8690,416424.8,0.5877413937867448,1.5285264453952367,48.52644836272047
300833.SZ,20260729,,0,0.0,,0.0,0.0
300834.SZ,20260729,38.8,5800,225040.0,1.147028154327412,2.2217459127898724,51.88216892596447
300835.SZ,20260729,130.86,12300,1609578.0,1.7969661610268473,2.8457440823635256,55.78179696616108
300836.SZ,20260729,59.2,2100,124320.0,0.30498136225007855,1.3210658877297214,46.82988817350047
300837.SZ,20260729,20.6,4100,84460.0,0.0,2.023596777234052,45.0
300838.SZ,20260729,11.74,12400,145576.0,-0.6768189509306244,3.5420826947936233,40.939086294416256
300839.SZ,20260729,10.11,3700,37407.0,1.0999999999999899,0.52308504475987,51.59999999999994
300840.SZ,20260729,15.83,2600,41158.0,-0.37759597230963005,0.30533737264750455,42.73442416614222
300841.SZ,20260729,43.88,5200,228176.0,0.18264840182649067,2.6371328245463856,46.095890410958944
300842.SZ,20260729,53.1,4800,254880.0,0.3780718336483968,1.0341038993309564,47.26843100189038
300843.SZ,20260729,116.21,36600,4253286.0,-0.3173786241207788,3.9914405204685623,43.095728255275326
300844.SZ,20260729,20.74,3100,64294.0,1.1707317073170742,2.390064753528392,52.024390243902445
300845.SZ,20260729,,0,0.0,,0.0,0.0
300846.SZ,20260729,18.42,39700,731274.0,-0.432432432432428,1.4823723350907416,42.40540540540543
300847.SZ,20260729,14.5,30900,448050.0,-0.6849315068493178,3.900807843069681,40.89041095890409
300848.SZ,20260729,12.6,4700,59220.0,0.15898251192367763,1.705723321443498,45.953895071542064
300849.SZ,20260729,,0,0.0,,0.0,0.0
300850.SZ,20260729,28.86,157800,4554108.0,-1.6024548244118586,7.399711060893953,35.38527105352885
300851.SZ,20260729,21.26,1700,36142.0,0.0,1.2267791683786826,45.0
300852.SZ,20260729,37.4,18600,695640.0,0.402684563758382,3.6023544363450433,47.416107382550294
300853.SZ,20260729,20.82,10400,216528.0,-0.382775119617218,2.12242599818998,42.70334928229669
300854.SZ,20260729,14.16,160000,2265600.0,3.1318281136198056,17.170251541244554,63.79096868171884
300855.SZ,20260729,26.41,9000,237690.0,-0.11346444780635512,1.437430113654004,44.31921331316187
300856.SZ,20260729,10.58,2400,25392.0,0.09460737937558861,0.4818735151176372,45.56764427625353
300857.SZ,20260729,213.0,88345,18817485.0,-0.09849444209933944,3.7777428229430705,44.40903334740396
300858.SZ,20260729,13.5,3300,44550.0,-0.5158437730287457,0.8229533835146478,41.90493736182753
300859.SZ,20260729,24.97,2400,59928.0,-0.7157057654075483,0.7505646345649033,40.70576540755471
300860.SZ,20260729,23.3,33100,771230.0,-0.5548442168160417,14.76006695206024,41.67093469910375
300861.SZ,20260729,15.57,70000,1089900.0,0.5813953488372103,4.085243766182548,48.48837209302326
300862.SZ,20260729,,0,0.0,,,0.0
300863.SZ,20260729,34.26,15400,527604.0,-1.1255411255411296,1.8527214195866915,38.24675324675322
300864.SZ,20260729,,0,0.0,,0.0,0.0
300865.SZ,20260729,20.75,1800,37350.0,-0.14436958614052475,1.254260578365464,44.13378248315685
300866.SZ,20260729,118.4,4300,509120.0,0.0,0.8305244011534091,45.0
300867.SZ,20260729,15.8,9900,156420.0,0.2538071065989911,3.339829090243992,46.52284263959395
300868.SZ,20260729,78.21,9200,719532.0,-1.000000000000012,2.003506034261406,38.99999999999993
300869.SZ,20260729,10.72,100,1072.0,0.46860356138707093,0.022006167485450128,6.772731515703448
300870.SZ,20260729,184.21,33300,6134193.0,0.32677958716844646,3.332180956935338,46.96067752301068
300871.SZ,20260729,20.86,5300,110558.0,-0.3820439350525451,1.1662424890966248,42.707736389684726
300872.SZ,20260729,14.2,35100,498420.0,0.0,3.4655779461049203,45.0
300873.SZ,20260729,15.72,46600,732552.0,0.1273885350318471,3.282764252296497,45.76433121019108
300875.SZ,20260729,32.43,53800,1744734.0,1.789077212806034,3.9784669498169745,55.7344632768362
300876.SZ,20260729,13.74,12000,164880.0,2.3845007451564815,2.395930608814162,59.30700447093889
300877.SZ,20260729,21.69,2000,43380.0,-0.22999080036797404,0.6052417660474112,43.620055197792155
300878.SZ,20260729,27.5,2800,77000.0,0.73260073260073,0.8429092599929864,49.39560439560438
300879.SZ,20260729,15.25,14400,219600.0,-0.5218525766470972,4.27888568853613,41.86888454011742
300880.SZ,20260729,17.25,900,15525.0,-0.28901734104046506,0.3976754800805251,43.26589595375721
300881.SZ,20260729,31.43,100,3143.0,0.06367398917541678,0.06728204883599419,12.492812725531454
300882.SZ,20260729,,0,0.0,,0.0,0.0
300883.SZ,20260729,5.16,12700,65532.0,0.5847953216374213,1.7879282756251371,48.508771929824526
300884.SZ,20260729,10.85,43900,476315.0,-0.09208103130754486,7.450937268301168,44.44751381215473
300885.SZ,20260729,19.05,4900,93345.0,0.0,1.4726447772549245,45.0
300886.SZ,20260729,21.54,3300,71082.0,-0.5999077065067082,1.3390889176743461,41.40055376095975
300887.SZ,20260729,6.93,259400,1797642.0,-1.2820512820512775,15.786391266712087,37.307692307692335
300888.SZ,20260729,29.55,10200,301410.0,0.20345879959309254,1.9432745991388969,46.22075279755855
300889.SZ,20260729,17.33,1900,32927.0,-0.11527377521615145,0.474291308207318,44.30835734870309
300890.SZ,20260729,24.7,5300,130910.0,0.04050222762250755,1.074491203130999,45.243013365735045
300891.SZ,20260729,6.45,8900,57405.0,-0.462962962962965,0.8604862295071842,42.22222222222221
300892.SZ,20260729,20.88,142500,2975400.0,0.8208594881699671,9.709422024218958,49.925156929019806
300893.SZ,20260729,,0,0.0,,0.0,0.0
300894.SZ,20260729,9.55,18800,179540.0,-0.2089864158829613,2.3186843169934623,43.74608150470223
300895.SZ,20260729,49.57,21600,1070712.0,0.7315586262954588,3.4341363726056637,49.38935175777275
300896.SZ,20260729,105.44,21500,2266960.0,-0.2459791863765437,3.410214664737023,43.52412488174074
300897.SZ,20260729,15.65,205100,3209815.0,-2.3096129837702817,24.53891989223271,31.14232209737831
300898.SZ,20260729,19.5,97700,1905150.0,3.833865814696469,7.476040735383892,68.00319488817881
300899.SZ,20260729,24.68,29300,723124.0,-0.8038585209003135,37.32002305290365,40.17684887459812
300900.SZ,20260729,22.0,42000,924000.0,-0.1361779391738538,3.187049260816226,44.182932364956876
300901.SZ,20260729,14.78,307300,4541894.0,-2.9546946815495856,34.33901671688355,27.27183191070249
300902.SZ,20260729,14.49,70700,1024443.0,0.4854368932038833,20.112407856291387,47.9126213592233
300903.SZ,20260729,57.12,116200,6637344.0,-0.9708737864077666,3.9123940296525133,39.1747572815534
300904.SZ,20260729,37.31,10400,388024.0,0.0,5.77758834879262,45.0
300905.SZ,20260729,37.06,33000,1222980.0,0.9534186870062689,7.266198243403983,50.72051212203761
300906.SZ,20260729,25.13,27800,698614.0,0.8426966292134797,8.106619765531363,50.05617977528088
300907.SZ,20260729,36.45,6900,251505.0,-1.9897821995159881,2.4085052921927677,33.06130680290407
300908.SZ,20260729,23.12,11800,272816.0,0.0,3.082386877539062,45.0
300909.SZ,20260729,40.8,4700,191760.0,-0.3663003663003761,1.5044057094296375,42.802197802197746
300910.SZ,20260729,28.39,11600,329324.0,0.0,1.1947170197460388,45.0
300911.SZ,20260729,18.21,40600,739326.0,-0.7088331515812341,4.111737052538495,40.7470010905126
300912.SZ,20260729,22.88,23900,546832.0,-0.0436871996505106,5.04901621219788,44.737876802096935
300913.SZ,20260729,32.81,13200,433092.0,0.45927740355176105,2.0464665099950947,47.75566442131057
300915.SZ,20260729,18.35,200,3670.0,-0.917926565874716,0.057326548837602166,4.8112193955200935
300916.SZ,20260729,19.0,12800,243200.0,0.9564293304994642,3.2440027433666847,50.738575982996785
300917.SZ,20260729,24.8,31500,781200.0,-0.28146361077603377,3.360419039773701,43.311218335343796
300918.SZ,20260729,9.6,15000,144000.0,0.31347962382444194,1.9413101236046986,46.88087774294665
300919.SZ,20260729,40.26,32000,1288320.0,-0.024832381425388128,2.074318547514789,44.85100571144767
300920.SZ,20260729,27.0,200,5400.0,-1.0626603151337455,0.1467434478024711,20.037858713642326
300921.SZ,20260729,13.49,11600,156484.0,0.07418397626113293,1.542989156105527,45.4451038575668
300922.SZ,20260729,15.54,17500,271950.0,-0.12853470437018677,2.6919319541991054,44.22879177377888
300923.SZ,20260729,19.82,7900,156578.0,0.5580923389142622,6.015557563150703,48.34855403348557
300925.SZ,20260729,14.29,21000,300090.0,0.280701754385948,2.2788964048183478,46.68421052631569
300926.SZ,20260729,16.85,3800,64030.0,0.7775119617225101,0.7546639171790976,49.66507177033506
300927.SZ,20260729,20.28,5300,107484.0,-0.2949852507374562,1.601714480520786,43.23008849557526
300928.SZ,20260729,22.96,600,13776.0,-0.5199306759098632,0.3754786598603411,41.88041594454082
300929.SZ,20260729,13.65,63400,865410.0,0.07331378299120228,8.877487557340686,45.43988269794721
300930.SZ,20260729,22.2,2900,64380.0,-0.6266786034019756,1.4936882449206044,41.23992837958815
300931.SZ,20260729,11.38,700,7966.0,0.707964601769917,0.14092309491368082,29.613944695082054
300932.SZ,20260729,8.81,234400,2065064.0,0.0,19.830280032842623,45.0
300933.SZ,20260729,6.01,27100,162871.0,0.0,0.4713846517190742,45.0
300935.SZ,20260729,22.66,15700,355762.0,0.9354120267260679,3.109135467867561,50.612472160356404
300936.SZ,20260729,61.11,19200,1173312.0,0.9081902245706708,6.390018105070904,50.449141347424025
300937.SZ,20260729,23.48,40200,943896.0,-0.2972399150743099,5.7055496492661,43.21656050955414
300938.SZ,20260729,27.42,61900,1697298.0,0.21929824561404132,2.540172280536068,46.31578947368425
300939.SZ,20260729,44.96,8200,368672.0,-0.7286376683594553,2.4060591073202633,40.62817398984327
300940.SZ,20260729,12.97,27000,350190.0,0.07716049382715529,2.8768971689097147,45.46296296296293
300941.SZ,20260729,13.72,5500,75460.0,0.07293946024800047,1.5358373792044364,45.437636761488
300942.SZ,20260729,5.86,5900,34574.0,0.0,0.9007209545172391,45.0
300943.SZ,20260729,23.27,51300,1193751.0,1.7935258092738326,3.1091869841064574,55.761154855643
300945.SZ,20260729,10.75,20200,217150.0,-0.3707136237256603,2.1070668567640554,42.77571825764604
300946.SZ,20260729,37.42,2200,82324.0,-1.1360634081902243,1.7076755435551128,38.18361955085865
300947.SZ,20260729,12.64,4000,50560.0,0.31746031746031633,1.1222964013430488,46.9047619047619
300948.SZ,20260729,16.49,21100,347939.0,-1.1390887290167906,4.96008993238833,38.165467625899254
300949.SZ,20260729,19.34,400,7736.0,-0.10330578512396382,0.30919762554689106,44.38016528925622
300950.SZ,20260729,14.98,3100,46438.0,0.0,1.223867191829507,45.0
300951.SZ,20260729,54.66,23300,1273578.0,0.0,3.001025640237476,45.0
300952.SZ,20260729,15.86,3500,55510.0,0.5707038681039833,0.8089875759423334,48.4242232086239
300953.SZ,20260729,91.5,7000,640500.0,0.8486718836107077,1.1626253450508295,50.09203130166425
300955.SZ,20260729,,0,0.0,,,0.0
300956.SZ,20260729,9.72,6000,58320.0,-0.917431192660545,1.0055069621509816,39.49541284403673
300957.SZ,20260729,32.44,21400,694216.0,-0.7647598654022647,2.088000092713489,40.41144080758641
300958.SZ,20260729,10.99,2700,29673.0,0.0,0.7505436419948036,45.0
300959.SZ,20260729,95.13,10900,1036917.0,1.5695067264573925,4.077624590547472,54.41704035874436
300960.SZ,20260729,14.48,100,1448.0,-1.4965986394557707,0.060995316006243396,1.999565044389188
300961.SZ,20260729,9.47,12600,119322.0,-1.148225469728592,1.7478762933895655,38.11064718162845
300962.SZ,20260729,12.33,200,2466.0,0.16246953696181787,0.08729995265411328,16.6888086995113
300963.SZ,20260729,11.37,27400,311538.0,0.0,1.8617708366537213,45.0
300964.SZ,20260729,48.71,2400,116904.0,-0.34779050736497563,0.5353882156380678,42.91325695581015
300965.SZ,20260729,40.31,12000,483720.0,-0.4691358024691339,5.090399715258876,42.1851851851852
300966.SZ,20260729,22.45,3100,69595.0,0.0,1.2411364648202472,45.0
300967.SZ,20260729,14.43,43100,621933.0,-0.34530386740332375,10.933672537831102,42.92817679558006
300968.SZ,20260729,10.4,61100,635440.0,-1.1406844106463754,2.853183866194747,38.155893536121745
300969.SZ,20260729,71.45,1100,78595.0,-0.6120461816664369,0.4691165946120708,41.32772291000138
300970.SZ,20260729,15.35,9300,142755.0,0.2612671456564186,1.8003932511370797,46.56760287393851
300971.SZ,20260729,17.37,4400,76428.0,0.7540603248260114,2.2044458863597014,49.52436194895607
300972.SZ,20260729,203.98,2600,530348.0,-0.6042296072507614,0.8657306786768006,41.37462235649543
300973.SZ,20260729,23.6,9400,221840.0,-0.3799071338117299,1.7746277089953064,42.72055719712962
300975.SZ,20260729,24.5,322300,7896350.0,-0.3660024400162665,6.686297613994041,42.8039853599024
300976.SZ,20260729,51.36,10300,529008.0,-0.09725734292939103,2.348367447687624,44.41645594242365
300977.SZ,20260729,14.57,1000,14570.0,2.030812324929987,0.5686939576597209,57.184873949579924
300978.SZ,20260729,8.23,11500,94645.0,0.8578431372548989,3.4822629760700887,50.14705882352939
300979.SZ,20260729,35.95,12000,431400.0,0.08351893095768226,3.1278294109031255,45.5011135857461
300980.SZ,20260729,20.08,9000,180720.0,0.0,1.8677473238264823,45.0
300981.SZ,20260729,12.85,1211542,15568314.7,19.9813258636788,255.4552512314772,100.0
300982.SZ,20260729,14.48,4000,57920.0,0.4160887656033285,1.58399352662977,47.496532593619975
300983.SZ,20260729,36.54,15300,559062.0,1.1068068622025473,6.337910037478494,51.640841173215286
300984.SZ,20260729,32.1,1100,35310.0,0.0,0.21761379330317887,39.170482794572195
300985.SZ,20260729,32.24,12700,409448.0,1.7998105462582847,2.4440381839745995,55.79886327754971
300986.SZ,20260729,10.1,79260,800526.0,0.0,4.399715959232218,45.0
300987.SZ,20260729,12.39,4200,52038.0,0.0,1.2601289267501206,45.0
300988.SZ,20260729,14.17,4000,56680.0,0.1413427561837377,0.6382049436098078,45.84805653710242
300989.SZ,20260729,,0,0.0,,0.0,0.0
300990.SZ,20260729,81.08,26800,2172944.0,-1.4943506256833938,3.4613928219582486,36.03389624589964
300991.SZ,20260729,24.58,3700,90946.0,-1.0068465565847728,1.3597600892082637,38.958920660491366
300992.SZ,20260729,20.8,1100,22880.0,1.9607843137255054,0.4373182384125623,56.764705882353034
300993.SZ,20260729,9.38,100,938.0,-0.10649627263045192,0.03209293983995039,5.137751535408358
300994.SZ,20260729,10.12,400,4048.0,0.09891196834816984,0.15295498642815444,28.12536936715682
300995.SZ,20260729,24.81,3600,89316.0,1.8891170431211357,2.5301462624138966,56.334702258726814
300996.SZ,20260729,,0,0.0,,,0.0
300997.SZ,20260729,15.66,175401,2746779.66,4.400000000000004,7.812515240933083,71.40000000000002
300998.SZ,20260729,22.9,23900,547310.0,0.5709266578831862,4.3201110828423825,48.42555994729912
300999.SZ,20260729,25.94,27900,723726.0,-0.15396458814472824,2.9514698422747268,44.07621247113163
301000.SZ,20260729,22.9,4800,109920.0,0.043687199650488395,1.3167839015754175,45.26212319790293
301001.SZ,20260729,21.23,3100,65813.0,-0.28182245185532917,2.062448960162266,43.30906528886803
301002.SZ,20260729,27.37,16200,443394.0,-0.40029112081513274,3.586496200739677,42.5982532751092
301003.SZ,20260729,47.31,1400,66234.0,0.4245383145828896,0.6947748898559103,47.54722988749734
301004.SZ,20260729,35.98,4200,151116.0,0.6433566433566407,3.6319302184871507,48.860139860139846
301005.SZ,20260729,64.69,15100,976819.0,0.6221807435059734,2.398555457273067,48.733084461035844
301006.SZ,20260729,11.77,6900,81213.0,-0.5071851225697421,3.191051646317269,41.95688926458155
301007.SZ,20260729,26.45,4300,113735.0,-1.4897579143389295,1.0079902369987355,36.06145251396642
301008.SZ,20260729,30.98,30700,951086.0,-0.41787206685952594,6.062426732684205,42.492767598842846
301009.SZ,20260729,8.32,12400,103168.0,0.9708737864077666,2.565888044530573,50.8252427184466
301010.SZ,20260729,14.97,2300,34431.0,0.13377926421405117,0.9245156630503303,45.802675585284305
301011.SZ,20260729,13.89,2900,40281.0,0.0,1.2554341526984176,45.0
301012.SZ,20260729,25.43,127500,3242325.0,-0.5086071987480345,6.866520451087235,41.94835680751179
301013.SZ,20260729,36.53,488400,17841252.0,-0.16397922929762832,12.819742834851255,44.01612462421423
301015.SZ,20260729,23.17,24900,576933.0,-0.34408602150537426,4.9851353404589185,42.93548387096776
301016.SZ,20260729,11.8,8000,94400.0,0.7685738684884758,3.364299172108627,49.61144321093086
301017.SZ,20260729,,0,0.0,,0.0,0.0
301018.SZ,20260729,78.14,50800,3969512.0,-0.6863243518047901,2.242210780868288,40.88205388917126
301019.SZ,20260729,,0,0.0,,0.0,0.0
301020.SZ,20260729,17.97,9200,165324.0,0.0,3.992824778621795,45.0
301021.SZ,20260729,61.49,22300,1371227.0,-0.3242016534284242,2.099011840835501,43.05479007942945
301022.SZ,20260729,21.59,4200,90678.0,1.5522107243649996,2.1045473531729035,54.313264346189996
301023.SZ,20260729,26.83,800,21464.0,0.41167664670658244,0.7711494065975856,47.470059880239496
301024.SZ,20260729,28.33,2400,67992.0,0.07064641469445299,1.8974276964639771,45.42387848816672
301025.SZ,20260729,7.87,45300,356511.0,0.6393861892583175,3.2166453017722896,48.836317135549905
301026.SZ,20260729,16.82,3200,53824.0,-0.059417706476516674,0.8243061472687904,44.6434937611409
301027.SZ,20260729,19.24,5000,96200.0,-0.8247422680412342,1.7581075265654158,40.051546391752595
301028.SZ,20260729,11.5,10800,124200.0,-0.5190311418685201,1.681079992738173,41.88581314878888
301029.SZ,20260729,23.71,15400,365134.0,-0.33627574611180266,1.506241889010523,42.98234552332919
301030.SZ,20260729,8.21,59100,485211.0,0.4895960832313362,8.010874333760327,47.937576499388015
301031.SZ,20260729,77.81,9400,731414.0,0.5297157622738968,2.8734254175797225,48.178294573643385
301032.SZ,20260729,9.33,3000,27990.0,0.9740259740259827,0.9830031071537656,50.84415584415589
301033.SZ,20260729,57.38,19800,1136124.0,-2.4481468888133295,5.385842669242968,30.311118667120024
301035.SZ,20260729,54.58,3400,185572.0,0.05499541704858668,1.4851389660437355,45.32997250229152
301036.SZ,20260729,19.21,21200,407252.0,-0.4663212435233155,11.653592221662315,42.20207253886011
301037.SZ,20260729,11.09,5800,64322.0,0.5439709882139709,2.857133491031656,48.263825929283826
301038.SZ,20260729,15.23,6600,100518.0,-0.1965923984272533,1.6007545894517363,43.82044560943648
301039.SZ,20260729,7.74,30400,235296.0,0.1293661060802087,0.6557141014039756,45.77619663648125
301040.SZ,20260729,22.16,23200,514112.0,-1.1596788581623607,12.737952874964266,38.041926851025835
301041.SZ,20260729,21.42,9900,212058.0,0.04670714619336991,2.553738364650153,45.28024287716022
301042.SZ,20260729,27.08,90200,2442616.0,0.5943536404160454,10.515896610725518,48.56612184249627
301043.SZ,20260729,38.03,3500,133105.0,-0.44502617801047695,5.15164842105972,42.32984293193714
301045.SZ,20260729,60.06,1600,96096.0,0.0,0.3359379300289914,45.0
301046.SZ,20260729,17.23,9600,165408.0,0.11621150493899002,2.928047032745358,45.697269029633944
301047.SZ,20260729,67.96,11700,795132.0,0.32477118393858806,6.859974084949562,46.94862710363153
301048.SZ,20260729,8.62,5800,49996.0,-0.11587485515645035,1.3898592886757482,44.304750869061294
301049.SZ,20260729,17.47,6700,117049.0,0.46003450258769174,3.5697830849514687,47.76020701552615
301050.SZ,20260729,29.15,1300,37895.0,-0.06856359273227364,0.3013316549961952,44.58861844360636
301051.SZ,20260729,13.0,16200,210600.0,0.38610038610038533,1.942859360958867,47.316602316602314
301052.SZ,20260729,21.86,10600,231716.0,0.0,1.7801840388041297,45.0
301053.SZ,20260729,38.99,8800,343112.0,-0.8644800406814035,2.42767272308832,39.81311975591158
301055.SZ,20260729,28.88,1600,46208.0,-0.9602194787380003,0.3309264973790431,39.238683127571996
301056.SZ,20260729,9.45,3200,30240.0,1.3948497854077146,1.0002116089223017,53.36909871244629
301057.SZ,20260729,19.53,2700,52731.0,0.15384615384614886,0.9047388302046572,45.92307692307689
301058.SZ,20260729,8.05,1900,15295.0,-0.6172839506172756,0.44030940486319287,41.29629629629635
301059.SZ,20260729,10.66,18900,201474.0,0.2822201317027151,7.2378298949636966,46.69332079021629
301060.SZ,20260729,8.48,5000,42400.0,0.11806375442737771,0.7953384463341069,45.708382526564264
301061.SZ,20260729,35.6,10866,386829.6,0.3948110547095318,1.3153700253110192,47.36886632825719
301062.SZ,20260729,5.81,13200,76692.0,0.0,1.7024442001504057,45.0
301063.SZ,20260729,15.97,1700,27149.0,0.9481668773704266,1.0440648916191881,50.68900126422256
301065.SZ,20260729,,0,0.0,,0.0,0.0
301066.SZ,20260729,11.31,5900,66729.0,-0.08833922261484162,0.9629081467256384,44.46996466431095
301067.SZ,20260729,24.28,2900,70412.0,-0.5733005733005725,0.7644450773569287,41.560196560196566
301068.SZ,20260729,25.3,4800,121440.0,2.016129032258074,6.803319038184132,57.09677419354844
301069.SZ,20260729,15.79,7200,113688.0,0.0,1.0962679269633575,45.0
301070.SZ,20260729,56.16,39620,2225059.2,-0.4431838326537818,9.06806666409427,42.340897004077306
301071.SZ,20260729,55.77,98963,5519166.51,-0.23255813953487747,7.377988830962723,43.60465116279074
301072.SZ,20260729,33.75,8300,280125.0,0.0,1.8875442730626495,45.0
301073.SZ,20260729,17.37,99300,1724841.0,0.0,5.693231894208334,45.0
301075.SZ,20260729,50.14,1700,85238.0,3.8525269262634554,1.4665883160237496,68.11516155758073
301076.SZ,20260729,20.11,5800,116638.0,-0.7403751233958644,1.6140613814875882,40.55774925962481
301077.SZ,20260729,18.68,7600,141968.0,0.4301075268817067,5.006529019120629,47.58064516129024
301078.SZ,20260729,7.05,50800,358140.0,-0.5641748942172065,1.1816323128316282,41.61495063469676
301079.SZ,20260729,26.3,2900,76270.0,0.8435582822085896,0.9205035740138335,50.061349693251536
301080.SZ,20260729,52.49,10500,551145.0,0.5940973553085538,2.2529069798396564,48.56458413185132
301081.SZ,20260729,10.72,14800,158656.0,0.9416195856873921,3.7932998092588672,50.649717514124355
301082.SZ,20260729,8.65,42100,364165.0,-0.11547344110853786,6.050673543635934,44.30715935334877
301083.SZ,20260729,12.3,200,2460.0,0.0,0.0904476441422006,16.28057594559611
301085.SZ,20260729,60.88,44900,2733512.0,0.0,9.748696148249243,45.0
301086.SZ,20260729,104.55,10400,1087320.0,0.1820620927558414,2.3134237584915227,46.09237255653505
301087.SZ,20260729,52.85,7500,396375.0,0.18957345971564177,3.333517196868115,46.13744075829385
301088.SZ,20260729,11.14,1600,17824.0,-0.26857654431512445,0.9736851535739227,43.388540734109256
301089.SZ,20260729,22.63,8600,194618.0,-0.439947206335245,3.7150396846938474,42.36031676198853
301090.SZ,20260729,6.16,31200,192192.0,0.0,2.3692081580712046,45.0
301091.SZ,20260729,15.36,9200,141312.0,0.06514657980456473,1.7805794227736924,45.39087947882739
301092.SZ,20260729,40.6,9300,377580.0,-0.1721170395869165,1.4454062936996879,43.9672977624785
301093.SZ,20260729,63.23,3700,233951.0,0.556615776081415,0.8069928839765829,48.33969465648849
301095.SZ,20260729,68.66,82700,5678182.0,1.5830744192927737,9.122049680373584,54.49844651575664
301096.SZ,20260729,38.85,7500,291375.0,0.413543551305251,2.797040157792242,47.4812613078315
301097.SZ,20260729,31.74,34900,1107726.0,1.9922879177377784,42.58644707249415,56.953727506426674
301098.SZ,20260729,7.0,4800,33600.0,0.7194244604316502,0.6442577991677674,49.3165467625899
301099.SZ,20260729,45.71,47150,2155226.5,-0.392242318587932,4.165933670191547,42.646546088472405
301100.SZ,20260729,15.08,6900,104052.0,-1.1147540983606596,1.7968751613573242,38.31147540983604
301101.SZ,20260729,27.79,2100,58359.0,0.2887044388307336,0.5785273711338927,46.7322266329844
301102.SZ,20260729,9.05,1100,9955.0,0.5555555555555536,0.6767645480058826,48.33333333333332
301103.SZ,20260729,15.1,1200,18120.0,-0.26420079260238705,0.7937775549671243,43.41479524438568
301105.SZ,20260729,43.36,200,8672.0,0.0,0.1995702985439985,35.92265373791973
301106.SZ,20260729,15.04,2300,34592.0,-0.6605019815059565,0.8433631878668201,41.03698811096426
301107.SZ,20260729,17.84,14100,251544.0,0.9049773755656076,7.126564458982114,50.429864253393646
301108.SZ,20260729,32.99,95400,3147246.0,0.732824427480927,18.03221111650559,49.39694656488556
301109.SZ,20260729,13.76,4400,60544.0,-0.5061460592914013,0.9763007186715618,41.963123644251596
301110.SZ,20260729,35.0,28600,1001000.0,0.028579594169753086,6.185285270714898,45.17147756501852
301111.SZ,20260729,17.82,52000,926640.0,-1.0000000000000009,11.16406228304375,38.99999999999999
301112.SZ,20260729,29.0,14600,423400.0,1.7543859649122862,2.3243257518399836,55.52631578947371
301113.SZ,20260729,13.79,1900,26201.0,-1.1469534050179253,1.3898570438589943,38.11827956989245
301115.SZ,20260729,23.14,8500,196690.0,0.6962576153176636,2.138758390568055,49.17754569190598
301116.SZ,20260729,8.34,18100,150954.0,0.0,4.429956828586658,45.0
301117.SZ,20260729,16.71,25640,428444.4,0.3603603603603789,3.76459412764942,47.162162162162275
301118.SZ,20260729,18.88,2700,50976.0,-0.6838506049447801,0.6329088258665331,40.89689637033132
301119.SZ,20260729,18.84,1000,18840.0,0.15948963317384823,0.7249997739185949,45.95693779904309
301120.SZ,20260729,13.84,12500,173000.0,-0.5032350826743359,1.257208389978359,41.980589503953986
301121.SZ,20260729,31.49,58300,1835867.0,-1.5629884338855926,16.6107230473063,35.62206939668644
301122.SZ,20260729,32.07,268500,8610795.0,-2.1957913998170153,25.893476725632887,31.825251601097907
301123.SZ,20260729,63.13,21800,1376234.0,0.0,2.603136273375147,45.0
301125.SZ,20260729,11.8,2800,33040.0,-0.33783783783782884,0.9694209522428012,42.972972972973025
301126.SZ,20260729,8.69,4500,39105.0,0.6952491309385689,0.9767748152008492,49.17149478563141
301127.SZ,20260729,13.84,105200,1455968.0,-0.717360114777621,2.658341094795327,40.695839311334275
301128.SZ,20260729,98.75,4900,483875.0,0.6728514629422033,1.079436622609851,49.037108777653216
301129.SZ,20260729,19.36,300,5808.0,0.10341261633919352,0.17366004628135315,31.87928402867873
301130.SZ,20260729,22.85,2300,52555.0,0.5279366476022895,1.2747371747475231,48.16761988561374
301131.SZ,20260729,29.84,2300,68632.0,0.4375631100639543,1.825440292145005,47.625378660383724
301132.SZ,20260729,27.87,33000,919710.0,0.07181328545780019,6.843318994470716,45.4308797127468
301133.SZ,20260729,22.94,32500,745550.0,0.0436109899694781,6.519409244168998,45.261665939816865
301135.SZ,20260729,14.58,3400,49572.0,0.0,2.18089917765662,45.0
301136.SZ,20260729,10.6,1200,12720.0,0.0,0.20043961513135675,36.07913072364421
301137.SZ,20260729,31.19,106800,3331092.0,-0.5420918367346927,18.761961863997776,41.747448979591844
301138.SZ,20260729,24.15,2500,60375.0,0.0,2.922531495571306,45.0
301139.SZ,20260729,3.23,645300,2084319.0,3.525641025641013,18.16534922557522,66.15384615384608
301141.SZ,20260729,34.87,2600,90662.0,-0.11458034947006146,1.701641025145349,44.31251790317963
301148.SZ,20260729,42.37,300,12711.0,-1.0509107893507785,0.3253156175728111,38.69453526389533
301149.SZ,20260729,7.15,2800,20020.0,0.1400560224089631,0.4355793904462629,45.84033613445378
301150.SZ,20260729,35.0,68200,2387000.0,-0.17113519680548306,4.31763629200991,43.9731888191671
301151.SZ,20260729,16.54,17400,287796.0,-0.4214328717640048,3.426903930077393,42.471402769415974
301152.SZ,20260729,20.57,12900,265353.0,1.7812963879267674,2.5692669740240137,55.68777832756061
301153.SZ,20260729,16.5,10300,169950.0,0.0,2.1234093764009674,45.0
301155.SZ,20260729,39.95,14900,595255.0,-1.2605042016806678,2.236703315500114,37.43697478991599
301156.SZ,20260729,10.17,2200,22374.0,-0.8771929824561431,0.7372723054727089,39.73684210526314
301157.SZ,20260729,48.0,900,43200.0,-0.9696719620383765,0.9958440569064021,39.181968227769744
301158.SZ,20260729,15.44,323200,4990208.0,1.0471204188481575,21.976660189420446,51.28272251308894
301159.SZ,20260729,27.56,6800,187408.0,-0.43352601156069204,3.6982861701269654,42.39884393063585
301160.SZ,20260729,35.36,2400,84864.0,-1.146211909421313,0.5491431790913204,38.12272854347212
301161.SZ,20260729,24.99,15000,374850.0,0.6038647342995196,3.2319252834096126,48.623188405797116
301162.SZ,20260729,37.0,5000,185000.0,0.5434782608695787,2.8339988286656976,48.260869565217476
301163.SZ,20260729,20.64,4600,94944.0,0.43795620437956373,2.8317076928074494,47.62773722627738
301165.SZ,20260729,112.0,355640,39831680.0,-2.9462738301559876,9.6454310071674,27.322357019064075
301166.SZ,20260729,24.5,900,22050.0,0.0,0.7368977573577821,45.0
301167.SZ,20260729,12.12,42400,513888.0,0.915903413821817,11.101559432870106,50.4954204829309
301168.SZ,20260729,,0,0.0,,0.0,0.0
301169.SZ,20260729,46.2,4400,203280.0,0.19518542615486467,3.8877059707503046,46.17111255692919
301170.SZ,20260729,20.75,1400,29050.0,0.5329457364340984,1.4945649028314159,48.19767441860459
301171.SZ,20260729,26.5,90500,2398250.0,1.260985861673669,3.3043853088123556,52.56591517004202
301172.SZ,20260729,20.85,23600,492060.0,0.0,4.431763309203697,45.0
301173.SZ,20260729,,0,0.0,,0.0,0.0
301175.SZ,20260729,5.2,47200,245440.0,0.5802707930367523,2.397201344784245,48.48162475822051
301176.SZ,20260729,40.72,92600,3770672.0,0.0,6.28667382487699,45.0
301177.SZ,20260729,21.56,2400,51744.0,-0.6451612903225823,2.6428527343448853,41.129032258064505
301178.SZ,20260729,31.63,9000,284670.0,0.7966857871255506,3.2685463141473425,49.780114722753304
301179.SZ,20260729,18.0,200,3600.0,0.05558643690939391,0.06902462407159736,12.757950954343888
301180.SZ,20260729,10.6,21100,223660.0,-0.18832391713746732,4.693010769102128,43.8700564971752
301181.SZ,20260729,20.43,6800,138924.0,1.3392857142857206,3.4295813681073466,53.03571428571432
301182.SZ,20260729,53.7,32300,1734510.0,1.3016411997736288,11.657175851940085,52.809847198641776
301183.SZ,20260729,162.0,9100,1474200.0,-0.1848428835489857,1.9146629302809501,43.890942698706084
301185.SZ,20260729,15.88,200,3176.0,0.0630119722747402,0.08464772046899048,15.614661518066727
301186.SZ,20260729,30.46,1900,57874.0,-0.22928267278087278,1.0553839599945456,43.624303963314766
301187.SZ,20260729,14.09,2000,28180.0,-0.07092198581559739,0.7190846099663283,44.57446808510642
301188.SZ,20260729,35.56,33400,1187704.0,0.02812939521801283,2.3784850029501685,45.16877637130808
301189.SZ,20260729,44.71,9200,411332.0,-0.31215161649944534,1.9311465693598007,43.12709030100333
301190.SZ,20260729,17.9,61300,1097270.0,-0.8310249307479367,5.2552909899656095,40.01385041551238
301191.SZ,20260729,102.58,19300,1979794.0,0.07804878048780495,2.9822295838646196,45.46829268292683
301192.SZ,20260729,17.35,10300,178705.0,0.23108030040439598,6.091048988694314,46.386481802426374
301193.SZ,20260729,,0,0.0,,0.0,0.0
301195.SZ,20260729,24.3,1200,29160.0,0.16488046166529546,1.0291538468808346,45.989282769991775
301196.SZ,20260729,68.82,11300,777666.0,-0.9926629261976849,1.9769973743868388,39.04402244281389
301197.SZ,20260729,22.69,19700,446993.0,0.39823008849557695,3.552158002075712,47.38938053097346
301198.SZ,20260729,10.21,21800,222578.0,0.09803921568629637,3.381703497561688,45.58823529411778
301199.SZ,20260729,17.0,9600,163200.0,0.7109004739336511,5.8657639332650024,49.265402843601905
301200.SZ,20260729,236.31,8600,2032266.0,-0.004231550440081389,2.6586724739802037,44.97461069735951
301201.SZ,20260729,28.3,8700,246210.0,0.35460992907800915,1.5839355119132033,47.127659574468055
301202.SZ,20260729,31.74,2100,66654.0,-0.5015673981191182,1.1242018459101513,41.99059561128529
301203.SZ,20260729,30.9,1500,46350.0,0.9803921568627416,1.637813585647792,50.88235294117645
301205.SZ,20260729,217.12,42500,9227600.0,0.05529953917051689,3.840793934552964,45.3317972350231
301206.SZ,20260729,22.8,8400,191520.0,0.9296148738379806,2.900725135846538,50.57768924302788
301207.SZ,20260729,17.0,44500,756500.0,-0.1175088131609825,8.9474531842821,44.294947121034106
301208.SZ,20260729,27.43,600,16458.0,0.0,0.5425112538789312,45.0
301209.SZ,20260729,40.78,61160,2494104.8,-2.904761904761899,23.10243844065017,27.571428571428605
301210.SZ,20260729,21.8,21700,473060.0,0.0,6.045272670558044,45.0
301211.SZ,20260729,10.68,3600,38448.0,0.3759398496240518,0.4271323847536569,47.25563909774431
301212.SZ,20260729,19.96,2100,41916.0,0.0,1.6011525731548641,45.0
301213.SZ,20260729,38.02,8500,323170.0,-0.9895833333333215,3.7882322510429787,39.06250000000007
301215.SZ,20260729,5.08,14900,75692.0,0.0,1.164207270348588,45.0
301216.SZ,20260729,15.7,13700,215090.0,-0.2541296060991183,1.0694463370198952,43.475222363405294
301217.SZ,20260729,87.66,109800,9625068.0,0.0,3.5544195559880705,45.0
301218.SZ,20260729,39.69,11400,452466.0,1.0437881873726962,1.8081921586214498,51.262729124236174
301219.SZ,20260729,43.4,14200,616280.0,0.23094688221709792,1.5541292497687758,46.38568129330259
301220.SZ,20260729,26.98,7300,196954.0,3.2134659525631104,7.014829450752467,64.28079571537866
301221.SZ,20260729,25.28,900,22752.0,0.0,0.6780266731848934,45.0
301222.SZ,20260729,23.26,400,9304.0,0.6926406926407003,0.24433595304858813,48.13631570459006
301223.SZ,20260729,15.68,6900,108192.0,-0.6966434452184922,6.748473107435714,40.820139328689045
301225.SZ,20260729,50.7,400,20280.0,-0.19685039370077595,0.2004815310732771,34.905573230985226
301226.SZ,20260729,27.5,18600,511500.0,0.0,5.698207360206877,45.0
301227.SZ,20260729,17.09,11400,194826.0,0.058548009367687115,5.803335364428229,45.35128805620612
301228.SZ,20260729,60.98,2100,128058.0,0.2465888541837824,0.8311113122181814,46.47953312510269
301229.SZ,20260729,10.87,16900,183703.0,-0.09191176470589868,4.2944089465860165,44.44852941176461
301230.SZ,20260729,24.82,56280,1396869.6,1.140994295028519,5.818317633959471,51.84596577017111
301231.SZ,20260729,23.08,9200,212336.0,0.391474554153981,2.070811917732344,47.34884732492389
301232.SZ,20260729,107.04,1700,181968.0,0.0,0.49948590637894136,45.0
301233.SZ,20260729,29.38,11300,331994.0,-0.47425474254743083,10.802589016097313,42.15447154471541
301234.SZ,20260729,73.0,187300,13672900.0,-6.109324758842439,28.042931575485753,15.0
301235.SZ,20260729,37.22,30700,1142654.0,0.621789672884554,3.549375406037639,48.730738037307326
301236.SZ,20260729,35.2,48200,1696640.0,-0.25502975347122536,3.152145325017603,43.46982147917265
301237.SZ,20260729,49.27,1600,78832.0,0.6126199714110658,0.8028993575781146,48.6757198284664
301238.SZ,20260729,15.57,22600,351882.0,-0.2562459961563013,1.4665225868121263,43.462524023062194
301239.SZ,20260729,31.11,2400,74664.0,0.0,0.8210527135328124,45.0
301246.SZ,20260729,19.11,18700,357357.0,0.10476689366158976,1.4959909835347407,45.62860136196954
301248.SZ,20260729,55.5,2200,122100.0,0.4161389542246985,0.42020399305022527,47.49683372534819
301251.SZ,20260729,29.7,11200,332640.0,-0.30211480362537513,1.6044844347470668,43.18731117824775
301252.SZ,20260729,27.64,1000,27640.0,0.25389916575988547,0.2372514139812602,44.22864951118615
301255.SZ,20260729,18.59,1800,33462.0,0.05382131324005446,1.5667756289460275,45.32292787944033
301256.SZ,20260729,9.27,30800,285516.0,-0.6430868167202619,5.176839447372988,41.14147909967843
301257.SZ,20260729,43.21,23763,1026799.23,1.099672437997179,4.633605809160761,51.598034627983075
301258.SZ,20260729,23.58,12700,299466.0,0.898587933247752,3.253900086313702,50.39152759948651
301259.SZ,20260729,20.97,28100,589257.0,0.7204610951008661,4.634686476852884,49.3227665706052
301260.SZ,20260729,12.42,1100,13662.0,0.0,0.6155119455325396,45.0
301261.SZ,20260729,52.0,4400,228800.0,-0.11525163273147232,2.469872350260923,44.308490203611164
301262.SZ,20260729,18.6,7000,130200.0,0.7038440714672634,0.632112928651405,49.22306442880358
301263.SZ,20260729,19.83,5400,107082.0,0.0,1.3750877019384131,45.0
301265.SZ,20260729,18.0,4300,77400.0,-0.27700831024931594,0.5495299136663883,43.337950138504105
301266.SZ,20260729,18.9,3100,58590.0,-0.8394543546694666,1.103061249335579,39.9632738719832
301267.SZ,20260729,15.79,3400,53686.0,0.12682308180087531,0.6750657142572425,45.76093849080525
301268.SZ,20260729,12.31,3200,39392.0,-0.16220600162205612,0.6847031335759428,44.02676399026766
301269.SZ,20260729,90.44,25700,2324308.0,1.1633109619686666,3.4338603161781127,51.979865771812
301270.SZ,20260729,29.0,5900,171100.0,0.0,1.3205106305448162,45.0
301272.SZ,20260729,,0,0.0,,0.0,0.0
301273.SZ,20260729,38.51,57140,2200461.4,-2.2588832487309696,16.394451084327677,31.44670050761418
301275.SZ,20260729,41.19,13100,539589.0,0.19459985405010372,2.09871951722453,46.16759912430062
301276.SZ,20260729,18.01,12200,219722.0,-1.5846994535519077,5.038455690532804,35.49180327868855
301277.SZ,20260729,9.7,42100,408370.0,-0.7164790174002067,9.708616136233347,40.70112589559876
301278.SZ,20260729,,0,0.0,,0.0,0.0
301279.SZ,20260729,16.47,500,8235.0,0.24345709068775978,0.269275711021207,46.46074254412656
301280.SZ,20260729,,0,0.0,,0.0,0.0
301281.SZ,20260729,35.43,400,14172.0,-0.16906170752325478,0.08771007367908416,14.77344301709562
301282.SZ,20260729,22.23,30800,684684.0,0.13513513513514486,4.198459116828577,45.81081081081087
301283.SZ,20260729,24.3,1900,46170.0,0.3717472118959009,1.5988969634767012,47.230483271375405
301285.SZ,20260729,71.64,20700,1482948.0,2.0076890217855636,7.51115114222655,57.046134130713384
301286.SZ,20260729,36.92,5100,188292.0,-0.5119913769873308,2.940545546066423,41.928051738076014
301287.SZ,20260729,,0,0.0,,0.0,0.0
301288.SZ,20260729,14.63,8400,122892.0,0.5498281786941561,6.775917670052972,48.29896907216494
301289.SZ,20260729,41.16,600,24696.0,0.6110975311659717,1.0870561189825074,48.66658518699583
301290.SZ,20260729,26.2,8600,225320.0,1.158301158301156,2.825356220340468,51.949806949806934
301291.SZ,20260729,37.59,8200,308238.0,-0.7917656373713333,1.1112485265818401,40.249406175772
301292.SZ,20260729,62.41,316000,19721560.0,-1.0150674068199805,15.4105602677927,38.90959555908012
301293.SZ,20260729,58.42,250700,14645894.0,-3.326162502068508,10.920630115976433,25.04302498758895
301295.SZ,20260729,38.71,6800,263228.0,0.051692943913161926,1.5232799117599944,45.310157663478975
301296.SZ,20260729,6.15,3300,20295.0,0.654664484451728,1.0674358586497177,48.927986906710366
301297.SZ,20260729,30.6,502700,15382620.0,-0.6815968841285214,20.22656639191148,40.91041869522887
301298.SZ,20260729,11.03,9900,109197.0,0.0,4.592479045397567,45.0
301299.SZ,20260729,40.14,5400,216756.0,-0.6927263730826305,5.543878129721688,40.843641761504216
301300.SZ,20260729,27.67,900,24903.0,0.36271309394269036,1.4610315893299108,47.17627856365614
301301.SZ,20260729,8.48,7000,59360.0,0.35502958579882726,0.5756099141632373,47.13017751479296
301302.SZ,20260729,21.14,4700,99358.0,-0.7511737089201831,0.7800239813528437,40.4929577464789
301303.SZ,20260729,13.02,500,6510.0,0.0768639508070601,0.12983013945729158,23.830608807154846
301305.SZ,20260729,20.42,8200,167444.0,0.19627085377822429,2.0489363998240226,46.17762512266935
301306.SZ,20260729,84.18,5800,488244.0,0.023764258555147855,1.8424138502922711,45.14258555133089
301307.SZ,20260729,52.0,128600,6687200.0,-3.525046382189234,9.750146937500647,23.849721706864596
301308.SZ,20260729,334.77,156200,52291074.0,1.4454545454545498,7.768357684336039,53.6727272727273
301309.SZ,20260729,28.27,6500,183755.0,-0.5277973258268953,5.6997203506366345,41.833216045038625
301310.SZ,20260729,57.01,46740,2664647.4,-2.463644140290855,5.2635105075090385,30.21813515825487
301311.SZ,20260729,13.09,3800,49742.0,-0.4562737642585635,1.4333232528329256,42.262357414448616
301312.SZ,20260729,61.81,12900,797349.0,0.016181229773470918,2.7471379418229414,45.09708737864082
301313.SZ,20260729,31.35,25200,790020.0,-0.6968641114982521,3.88055262525444,40.818815331010484
301314.SZ,20260729,35.66,1900,67754.0,0.16853932584268705,2.32780744688209,46.01123595505612
301315.SZ,20260729,35.29,1500,52935.0,0.3982930298719767,1.305660419615358,47.38975817923186
301316.SZ,20260729,35.6,33900,1206840.0,0.36650690724555623,2.712985786064708,47.199041443473334
301317.SZ,20260729,44.3,900,39870.0,-0.13525698827773214,0.27729006870638867,44.18845807033361
301318.SZ,20260729,,0,0.0,,0.0,0.0
301319.SZ,20260729,91.19,41800,3811742.0,0.021937040693198462,4.096201453643271,45.13162224415919
301320.SZ,20260729,11.84,12100,143264.0,0.8517887563884052,6.181184329586989,50.11073253833043
301321.SZ,20260729,34.0,45600,1550400.0,0.5025125628140836,5.795949052222546,48.015075376884504
301322.SZ,20260729,33.0,4700,155100.0,-0.7518796992481258,0.901332989290289,40.48872180451124
301323.SZ,20260729,73.04,1800,131472.0,0.9816120558551189,1.2587836046579004,50.88967233513071
301325.SZ,20260729,28.5,2100,59850.0,-0.03507541213609855,1.3046366473639697,44.78954752718341
301326.SZ,20260729,82.09,2600,213434.0,-0.6895717396564138,1.485631169894753,40.862569562061516
301327.SZ,20260729,44.68,2182,97491.76,-0.22331397945511977,1.44953331119978,43.66011612326928
301328.SZ,20260729,53.3,11000,586300.0,1.1769172361427493,2.382499695334042,52.061503416856496
301329.SZ,20260729,17.72,9500,168340.0,-0.056401579244225175,2.429824370318495,44.661590524534645
301330.SZ,20260729,22.84,12100,276364.0,-0.5226480836237002,2.750375180611663,41.8641114982578
301331.SZ,20260729,19.9,7900,157210.0,-0.4004004004004136,3.425850568968743,42.59759759759752
301332.SZ,20260729,,0,0.0,,0.0,0.0
301333.SZ,20260729,47.88,500,23940.0,0.23027004396063422,0.260309386112714,46.38162026376381
301335.SZ,20260729,20.1,500,10050.0,0.0,0.25219348736040115,45.0
301336.SZ,20260729,34.95,2900,101355.0,-1.1035653650254718,1.7923043130771732,38.37860780984717
301337.SZ,20260729,,0,0.0,,0.0,0.0
301338.SZ,20260729,86.96,9720,845251.2,-0.08043203493048878,1.8840679877529727,44.51740779041707
301339.SZ,20260729,10.75,13800,148350.0,-0.3707136237256603,2.430361382509593,42.77571825764604
301345.SZ,20260729,240.49,2500,601225.0,-0.09969675570139502,1.7832888864519896,44.40181946579163
301348.SZ,20260729,17.9,49700,889630.0,-0.77605321507761,4.8331046333117165,40.34368070953434
301349.SZ,20260729,39.0,5700,222300.0,-0.43400561654327596,1.1450857789284108,42.39596630074034
301353.SZ,20260729,15.34,3300,50622.0,-0.4542504866969499,1.8363124396923791,42.2744970798183
301355.SZ,20260729,9.0,5400,48600.0,0.0,1.6084618538399709,45.0
301356.SZ,20260729,16.88,4700,79336.0,-0.9389671361502372,1.609068652187939,39.36619718309858
301357.SZ,20260729,90.0,106200,9558000.0,-1.5317286652078876,15.570330292796328,35.809628008752675
301358.SZ,20260729,63.14,63598,4015577.72,0.11098779134295356,3.2393193238464777,45.66592674805772
301359.SZ,20260729,14.64,2000,29280.0,-0.13642564802182067,1.082531883244411,44.18144611186908
301360.SZ,20260729,47.18,6100,287798.0,2.209705372616999,2.520491380443286,58.258232235701996
301361.SZ,20260729,27.27,6600,179982.0,-0.03665689149561224,4.766868494010256,44.78005865102632
301362.SZ,20260729,112.46,10800,1214568.0,-0.46906805912028116,2.5583104858708197,42.185591645278315
301363.SZ,20260729,17.0,129300,2198100.0,0.11778563015312216,6.111229935222402,45.70671378091873
301365.SZ,20260729,34.65,41800,1448370.0,-1.6742338251986455,15.51800087512238,34.954597048808125
301366.SZ,20260729,38.15,9300,354795.0,-0.10473946059177397,1.622217999629648,44.371563236449354
301367.SZ,20260729,45.0,8100,364500.0,0.28972587474929146,2.1672972571144347,46.73835524849575
301368.SZ,20260729,38.22,600,22932.0,0.4996055745464023,0.32897777320120136,47.99763344727842
301369.SZ,20260729,132.61,8700,1153707.0,0.015084093823070077,2.97636701566911,45.09050456293842
301370.SZ,20260729,8.48,5300,44944.0,0.0,1.7166086971301309,45.0
301371.SZ,20260729,24.38,9500,231610.0,0.0,2.9278978448020183,45.0
301372.SZ,20260729,27.5,12300,338250.0,1.7388087310395761,9.494728580025656,55.43285238623746
301373.SZ,20260729,81.91,25300,2072323.0,0.26931080915657546,5.565843003775109,46.61586485493945
301376.SZ,20260729,19.04,1200,22848.0,0.6342494714587588,0.3584179012172153,48.80549682875255
301377.SZ,20260729,374.4,7400,2770560.0,0.42649070572140513,1.8336612950653772,47.55894423432843
301378.SZ,20260729,22.47,7200,161784.0,-2.09150326797386,2.768285090595059,32.450980392156836
301379.SZ,20260729,20.98,62800,1317544.0,-0.4743833017077703,2.740586378741164,42.15370018975338
301380.SZ,20260729,30.52,6500,198380.0,0.06557377049181135,2.445465611751808,45.39344262295087
301381.SZ,20260729,22.6,27600,623760.0,-0.746596398770305,2.9765079851683898,40.52042160737817
301382.SZ,20260729,35.04,27300,956592.0,0.057110222729850335,2.085881716106884,45.3426613363791
301383.SZ,20260729,20.61,1000,20610.0,0.29197080291969435,0.6426536231142898,46.75182481751817
301386.SZ,20260729,18.8,1000,18800.0,0.48102618920362605,0.975317009155114,47.88615713522176
301387.SZ,20260729,50.89,11300,575057.0,0.8921490880253735,3.976281063361379,50.35289452815224
301388.SZ,20260729,21.67,2000,43340.0,0.41705282669139976,1.5960937759229437,47.5023169601484
301389.SZ,20260729,46.76,18900,883764.0,0.40798797509125073,2.6108660838378324,47.4479278505475
301390.SZ,20260729,27.68,1800,49824.0,0.32620514679231327,1.9124585017923539,46.95723088075388
301391.SZ,20260729,43.69,3400,148546.0,-0.7045454545454577,2.188263718664073,40.77272727272725
301392.SZ,20260729,154.16,122100,18822936.0,-1.8339276617422295,15.732535410416318,33.99643402954662
301393.SZ,20260729,59.0,3400,200600.0,0.5796113194681318,1.3231770605039326,48.47766791680879
301395.SZ,20260729,8.89,5800,51562.0,1.0227272727272751,2.0560712489450363,51.136363636363654
301396.SZ,20260729,159.95,53800,8605310.0,-0.04374453193352057,3.480226945956862,44.737532808398875
301397.SZ,20260729,25.7,28100,722170.0,-0.3489724699495933,6.1797931260935055,42.90616518030244
301398.SZ,20260729,32.0,3499,111968.0,0.21922956467272936,2.0507889743515597,46.315377388036374
301399.SZ,20260729,15.01,22000,330220.0,1.418918918918921,12.325692197466418,53.51351351351353
301408.SZ,20260729,13.71,33500,459285.0,0.2926115581565636,2.8335941629866146,46.75566934893938
301413.SZ,20260729,55.47,3800,210786.0,-0.5735794945330719,1.2037417927983585,41.55852303280157
301418.SZ,20260729,32.85,2600,85410.0,-0.4545454545454519,1.2646799453391735,42.27272727272729
301419.SZ,20260729,27.38,8900,243682.0,0.0365363536718899,2.4868502605624143,45.219218122031336
301421.SZ,20260729,81.3,470500,38251650.0,-0.9985387238188093,32.21885257273464,39.00876765708715
301428.SZ,20260729,26.85,9000,241650.0,-0.03723008190616994,2.751907038153699,44.77661950856298
301429.SZ,20260729,15.3,1800,27540.0,0.45961917268548813,1.297864466285284,47.75771503611293
301439.SZ,20260729,14.06,49100,690346.0,1.736613603473236,2.830256626513315,55.41968162083941
301446.SZ,20260729,33.43,5200,173836.0,0.6321493076459905,4.084697779495445,48.79289584587595
301448.SZ,20260729,40.39,4600,185794.0,0.9749999999999925,2.017796825950878,50.84999999999995
301449.SZ,20260729,32.4,600,19440.0,0.06176652254477055,0.9492255748762648,45.37059913526862
301456.SZ,20260729,21.29,3300,70257.0,0.14111006585135755,2.637011568552523,45.846660395108145
301458.SZ,20260729,34.0,9400,319600.0,-0.058788947677845815,1.3584993701479193,44.647266313932924
301459.SZ,20260729,30.38,40200,1221276.0,0.03292723081989024,39.58590505368535,45.19756338491934
301468.SZ,20260729,28.21,8700,245427.0,-0.28278543655001487,1.8714408785807977,43.30328738069991
301469.SZ,20260729,24.44,2300,56212.0,0.040933278755628244,1.9958824007285332,45.24559967253377
301479.SZ,20260729,45.2,1000,45200.0,0.022128789555231343,0.5497256507728298,45.132772737331386
301486.SZ,20260729,136.01,8900,1210489.0,0.0,1.6885698311773452,45.0
301487.SZ,20260729,15.75,30200,475650.0,0.31847133757962887,1.9650025296863787,46.91082802547777
301488.SZ,20260729,96.99,2700,261873.0,1.0312499999999947,2.3661560684032956,51.18749999999997
301489.SZ,20260729,100.29,6100,611769.0,-0.33787141011625277,0.8436809401306643,42.972771539302485
301491.SZ,20260729,36.98,1600,59168.0,-0.857908847184985,2.177910957733031,39.85254691689009
301498.SZ,20260729,40.76,34700,1414372.0,-0.22031823745410906,4.319403863211052,43.67809057527535
301499.SZ,20260729,22.21,5600,124376.0,-0.2246181491464494,2.3649151814916074,43.65229110512131
301500.SZ,20260729,20.41,46700,953147.0,-1.1143410852713198,4.874916742390769,38.31395348837208
301501.SZ,20260729,26.93,400,10772.0,-0.44362292051756125,0.30933413566161644,42.338262476894634
301502.SZ,20260729,48.51,2900,140679.0,0.0,2.5000067774158525,45.0
301503.SZ,20260729,19.98,2700,53946.0,0.15037593984963404,2.925846003197656,45.9022556390978
301505.SZ,20260729,14.78,4200,62076.0,0.749829584185413,1.6520289264080152,49.49897750511248
301507.SZ,20260729,11.83,2200,26026.0,0.0,0.7847177425095258,45.0
301508.SZ,20260729,22.99,5400,124146.0,0.877577885037284,4.497613760598308,50.265467310223706
301509.SZ,20260729,27.3,5600,152880.0,0.3676470588235281,2.9345013088743443,47.20588235294117
301510.SZ,20260729,24.6,28000,688800.0,0.40816326530612734,3.795733969940198,47.44897959183676
301511.SZ,20260729,71.73,61118,4383994.14,-0.9937888198757738,2.2223417219477213,39.03726708074536
301512.SZ,20260729,27.72,7700,213444.0,0.8733624454148492,3.4618908370615618,50.2401746724891
301513.SZ,20260729,47.88,700,33516.0,1.7857142857143016,0.6285910112396509,55.71428571428581
301515.SZ,20260729,16.82,19600,329672.0,0.4778972520908198,7.733879222204542,47.86738351254492
301516.SZ,20260729,16.1,1100,17710.0,0.0,0.18035673783064082,32.464212809515345
301517.SZ,20260729,37.04,2500,92600.0,0.48833423765599626,0.9129796888012542,47.930005425935974
301518.SZ,20260729,22.62,1100,24882.0,0.0,0.7091411289742234,45.0
301519.SZ,20260729,10.44,2300,24012.0,0.09587727708533222,0.8097138687273479,45.57526366251199
301520.SZ,20260729,58.6,188700,11057820.0,-3.9659128154703405,15.188945749315723,21.204523107177955
301522.SZ,20260729,22.04,2800,61712.0,0.0,0.5620990830248637,45.0
301525.SZ,20260729,36.92,1800,66456.0,0.02709292874560898,1.5950295216548802,45.16255757247365
301526.SZ,20260729,28.89,1268700,36652743.0,0.06927606511950568,3.967370778037346,45.41565639071703
301528.SZ,20260729,45.22,9100,411502.0,2.0537124802527673,4.2029775821874615,57.322274881516606
301529.SZ,20260729,81.0,3000,243000.0,-0.8082292432035176,1.0797286694640373,40.15062454077889
301531.SZ,20260729,47.03,12100,569063.0,1.2704565030146497,3.4968218464399303,52.6227390180879
301533.SZ,20260729,24.06,1500,36090.0,-0.5785123966942196,1.3467151066171847,41.52892561983468
301535.SZ,20260729,16.65,118400,1971360.0,-0.29940119760479833,11.918114393963076,43.20359281437121
301536.SZ,20260729,120.0,259800,31176000.0,1.0101010101010166,7.940260229158026,51.0606060606061
301538.SZ,20260729,35.74,2900,103646.0,0.4779308405960192,1.2869130271367093,47.86758504357611
301539.SZ,20260729,,0,0.0,,0.0,0.0
301548.SZ,20260729,59.98,600,35988.0,0.4353650368385864,0.3739538514753469,47.61219022103152
301550.SZ,20260729,71.6,9300,665880.0,1.3303141805830698,1.67490560294666,52.98188508349842
301551.SZ,20260729,20.0,10000,200000.0,0.45203415369161615,1.3016263846797964,47.712204922149695
301552.SZ,20260729,22.46,8500,190910.0,0.044543429844101645,2.3562531597208616,45.26726057906461
301555.SZ,20260729,,0,0.0,,0.0,0.0
301556.SZ,20260729,53.93,1400,75502.0,0.18577001671931104,1.016357456290787,46.11462010031587
301557.SZ,20260729,71.9,200,14380.0,-0.8959338387318994,0.444093529711871,39.624396967608604
301558.SZ,20260729,6.31,7200,45432.0,0.0,1.2772038269051231,45.0
301559.SZ,20260729,12.76,700,8932.0,0.3933910306844979,0.307567645585017,47.36034618410699
301560.SZ,20260729,21.94,6300,138222.0,0.45787545787545625,4.6207847499380605,47.74725274725274
301563.SZ,20260729,112.9,3000,338700.0,-0.9388435553215668,1.7362127656587167,39.3669386680706
301565.SZ,20260729,18.86,7900,148994.0,0.0,1.5946173861265251,45.0
301566.SZ,20260729,21.76,136300,2965888.0,0.27649769585254,5.278924349509256,46.65898617511524
301567.SZ,20260729,30.83,5000,154150.0,-0.9637006103437207,5.355853671323382,39.21779633793768
301568.SZ,20260729,63.95,10300,658685.0,0.4871150219987408,2.6492471470342,47.92269013199245
301571.SZ,20260729,64.0,30000,1920000.0,0.39215686274509665,2.7120713331490367,47.35294117647058
301575.SZ,20260729,,0,0.0,,0.0,0.0
301577.SZ,20260729,49.82,3300,164406.0,0.0,1.9532911954548928,45.0
301578.SZ,20260729,21.87,10200,223074.0,-0.6360745115856492,5.355607995397677,41.1835529304861
301580.SZ,20260729,51.51,14500,746895.0,0.0388424936880849,1.9509195204096395,45.233054962128506
301581.SZ,20260729,33.69,400,13476.0,0.3275759380583665,0.3771187743983705,46.9654556283502
301583.SZ,20260729,169.8,190445,32337561.0,-3.0268418046830337,9.641202679552736,26.8389491719018
301584.SZ,20260729,21.1,13200,278520.0,-0.0473709142586376,4.6947945294147795,44.71577451444817
301585.SZ,20260729,24.7,3200,79040.0,-0.40322580645162365,3.1920337757073893,42.580645161290256
301586.SZ,20260729,29.33,400,11732.0,0.47961630695443347,0.5028171604313753,47.8776978417266
301587.SZ,20260729,20.31,7600,154356.0,0.4451038575667754,1.624986974935515,47.670623145400654
301588.SZ,20260729,33.36,73995,2468473.2,-0.08984725965858198,10.544648202544828,44.46091644204851
301589.SZ,20260729,129.9,200,25980.0,-0.038476337052695264,0.2391590798678841,42.817776353902964
301590.SZ,20260729,71.1,4700,334170.0,0.5799971707455054,5.280527033972688,48.47998302447303
301591.SZ,20260729,26.34,2600,68484.0,-0.07587253414264028,0.6617899603753,44.54476479514416
301592.SZ,20260729,93.51,1600,149616.0,0.10705491917355481,1.241420513590615,45.642329515041325
301595.SZ,20260729,34.9,1300,45370.0,0.9253903990746215,0.6756536678982895,50.55234239444773
301596.SZ,20260729,40.75,1400,57050.0,-0.4154447702834796,0.7831574672888534,42.50733137829912
301598.SZ,20260729,45.45,1200,54540.0,0.1984126984126977,2.4843210825117095,46.19047619047619
301599.SZ,20260729,32.77,23800,779926.0,-1.2654413980114354,6.974976160900388,37.40735161193139
301600.SZ,20260729,87.42,7900,690618.0,-0.09142857142856453,6.122735556509461,44.451428571428615
301601.SZ,20260729,14.51,2800,40628.0,-0.41180507892930596,1.5508089283207653,42.52916952642416
301602.SZ,20260729,14.43,2000,28860.0,0.6276150627614996,0.7472820528329965,48.765690376569
301603.SZ,20260729,101.0,2800,282800.0,-0.6296733569460811,1.1784119245706128,41.221959858323515
301606.SZ,20260729,48.84,4700,229548.0,-0.2043318348998624,0.762023230612011,43.77400899060083
301607.SZ,20260729,34.49,59200,2041808.0,1.2922173274596327,5.600804080651588,52.7533039647578
301608.SZ,20260729,42.3,4200,177660.0,-0.023635074450500948,3.0710504595581893,44.858189553296995
301609.SZ,20260729,36.3,37300,1353990.0,-1.8653690186537064,5.323974943270971,33.80778588807776
301611.SZ,20260729,92.59,73300,6786847.0,-0.4515643479195752,4.974816847583406,42.29061391248255
301613.SZ,20260729,37.18,350,13013.0,0.0,0.47976333690830075,45.0
301616.SZ,20260729,,0,0.0,,0.0,0.0
301617.SZ,20260729,,0,0.0,,0.0,0.0
301618.SZ,20260729,,0,0.0,,0.0,0.0
301622.SZ,20260729,38.74,1800,69732.0,-0.30880082346885773,1.1715674609425977,43.147195059186856
301626.SZ,20260729,205.57,600,123342.0,-0.6428226196230069,0.2573158497272674,41.14306428226196
301628.SZ,20260729,72.04,1100,79244.0,0.027770063871157546,0.7819772739608294,45.16662038322694
301629.SZ,20260729,240.8,4000,963200.0,-0.05810575246948391,3.554568516304312,44.6513654851831
301630.SZ,20260729,156.29,7820,1222187.8,0.08324795081966485,5.162009157317758,45.49948770491799
301631.SZ,20260729,58.33,5500,320815.0,1.797556719022686,1.359374257536647,55.785340314136114
301632.SZ,20260729,14.48,2600,37648.0,-0.06901311249136732,1.151589781148208,44.5859213250518
301633.SZ,20260729,56.0,16100,901600.0,-0.8849557522123908,8.116537201529125,39.69026548672566
301636.SZ,20260729,36.88,3000,110640.0,-0.18944519621110212,2.514832710168668,43.863328822733386
301638.SZ,20260729,23.85,183800,4383630.0,-1.6089108910890992,10.796709750904789,35.346534653465405
301656.SZ,20260729,16.37,6400,104768.0,0.4294478527607337,1.3375229954299743,47.5766871165644
301658.SZ,20260729,23.14,7000,161980.0,-0.043196544276447035,1.3809015398379447,44.74082073434132
301662.SZ,20260729,68.05,25300,1721665.0,-0.7149110008754178,5.337601148668322,40.71053399474749
301665.SZ,20260729,21.78,8900,193842.0,-0.13755158184317606,4.254654362548598,44.17469050894094
301666.SZ,20260729,440.01,12500,5500125.0,0.30775543701271335,3.4175613827557627,46.84653262207628
301667.SZ,20260729,54.7,600,32820.0,-0.36429872495445936,0.4516843947318722,42.81420765027325
301668.SZ,20260729,30.12,2500,75300.0,-0.36387694343367194,2.348457630537596,42.81673833939797
301669.SZ,20260729,29.69,125500,3726095.0,-2.110121991427616,11.760579180617023,32.3392680514343
301678.SZ,20260729,41.43,6900,285867.0,0.24195499637067464,1.8345807590234033,46.45172997822405
301680.SZ,20260729,86.91,800,69528.0,-0.8555783709787823,1.0688448280442362,39.86652977412731
301682.SZ,20260729,116.0,3900,452400.0,-0.14633726435396843,1.6454140152117491,44.12197641387619
301683.SZ,20260729,95.0,3800,361000.0,-0.05260389268805232,5.38745716667482,44.68437664387169
301687.SZ,20260729,45.6,2600,118560.0,0.28590279305036326,0.9302068433051416,46.71541675830218
301696.SZ,20260729,96.01,7200,691272.0,0.7133116542536566,2.521091869146474,49.279869925521936
302132.SZ,20260729,56.69,11200,634928.0,-0.43905865823673507,1.2698380597024959,42.36564805057959
920000.BJ,20260729,12.9,8277,106773.3,0.78125,5.132043518760821,49.6875
920001.BJ,20260729,11.39,1300,14807.0,0.9751773049645474,0.7197412395550549,50.851063829787286
920002.BJ,20260729,52.82,7684,405868.88,3.7517187193085944,6.571941200402773,67.51031231585156
920003.BJ,20260729,16.23,1400,22722.0,-0.36832412523019054,4.95920401026004,42.790055248618856
920005.BJ,20260729,23.69,2900,68701.0,1.4561027837258989,2.743140727618092,53.73661670235539
920006.BJ,20260729,15.67,3862,60517.54,-1.8170426065162948,1.4978132355778244,34.09774436090223
920007.BJ,20260729,34.78,100,3478.0,1.3994169096209985,0.3335776042779296,53.39650145772599
920008.BJ,20260729,,0,0.0,,0.0,0.0
920009.BJ,20260729,35.08,1676,58794.08,-1.0437235543018453,3.368731139308249,38.73765867418893
920010.BJ,20260729,8.27,37271,308231.17,0.0,6.495408122764822,45.0
920011.BJ,20260729,19.16,12541,240285.56,1.4830508474576343,16.138929730346238,53.89830508474581
920012.BJ,20260729,45.3,580,26274.0,0.04416961130742081,0.8478245900242533,45.265017667844525
920014.BJ,20260729,9.02,23816,214820.32,0.557413600891854,9.852548470737513,48.34448160535112
920015.BJ,20260729,44.8,15219,681811.2,-0.6211180124223614,4.191575794536974,41.273291925465834
920016.BJ,20260729,,0,0.0,,0.0,0.0
920017.BJ,20260729,16.21,3636,58939.56,0.6832298136645987,2.5680343193971336,49.09937888198759
920018.BJ,20260729,16.79,43303,727057.37,-0.059523809523820415,9.787445659021643,44.642857142857075
920019.BJ,20260729,13.69,1600,21904.0,-0.2913328477785915,0.9312307132990418,43.252002913328454
920020.BJ,20260729,15.22,100,1522.0,0.0,0.22657318425798337,40.78317316643701
920021.BJ,20260729,6.29,11491,72278.39,1.12540192926045,1.0973970650933254,51.752411575562704
920022.BJ,20260729,18.27,1368,24993.36,-0.4359673024523225,4.94136326466631,42.384196185286065
920023.BJ,20260729,1.73,72882,126085.86,-0.5747126436781658,5.584576575240638,41.551724137931004
920026.BJ,20260729,17.0,6970,118490.0,1.6138673042438656,6.944571279851789,54.683203825463195
920027.BJ,20260729,11.11,9600,106656.0,0.27075812274368616,5.924234394435648,46.62454873646212
920028.BJ,20260729,13.65,5803,79210.95,0.5154639175257714,5.1528178311155655,48.09278350515463
920029.BJ,20260729,31.35,800,25080.0,0.32000000000000917,0.7417453320247198,46.92000000000006
920030.BJ,20260729,,0,0.0,,0.0,0.0
920033.BJ,20260729,13.51,100,1351.0,-0.07396449704142327,0.10494991659472432,18.447198004801837
920035.BJ,20260729,22.79,100,2279.0,-0.30621172353455517,0.1909415262144702,32.532204377397306
920036.BJ,20260729,29.1,4820,140262.0,1.9978969505783484,10.97676497644377,56.98738170347009
920037.BJ,20260729,37.9,3482,131967.8,-0.10542962572482883,1.6758789885371608,44.36742224565103
920039.BJ,20260729,,0,0.0,,0.0,0.0
920045.BJ,20260729,248.51,2817,700052.67,-0.20079514878920124,2.4138951459225577,43.795229107264795
920046.BJ,20260729,20.61,33219,684643.59,-2.5531914893616947,4.635999881467888,29.68085106382983
920047.BJ,20260729,17.05,6100,104005.0,1.1269276393831573,1.9222388043388903,51.76156583629894
920050.BJ,20260729,26.54,2100,55734.0,0.9893455098934467,11.344320548169684,50.93607305936068
920055.BJ,20260729,27.69,137,3793.53,-0.6458557588805203,0.27891308778487867,41.12486544671688
920056.BJ,20260729,15.69,200,3138.0,0.0,0.34847897627724256,45.0
920057.BJ,20260729,,0,0.0,,0.0,0.0
920058.BJ,20260729,26.15,1758,45971.7,-0.6458966565349611,1.3710338199075696,41.124620060790235
920060.BJ,20260729,21.12,1100,23232.0,0.9560229445506607,0.8429982634899807,50.736137667303964
920061.BJ,20260729,16.26,1143,18585.18,0.8059516429014479,1.5991504211264413,49.83570985740869
920062.BJ,20260729,7.31,3800,27778.0,0.136986301369868,1.5618753419350409,45.82191780821921
920065.BJ,20260729,50.0,656845,32842250.0,105.76131687242798,34.79162630540689,100.0
920066.BJ,20260729,,0,0.0,,0.0,0.0
920068.BJ,20260729,14.43,1600,23088.0,0.9090909090909038,1.8651849760442405,50.454545454545425
920069.BJ,20260729,33.84,6695,226558.8,1.4692653673163525,11.549542480619836,53.81559220389811
920072.BJ,20260729,28.22,7923,223587.06,0.0,3.9829248975287266,45.0
920075.BJ,20260729,,0,0.0,,0.0,0.0
920076.BJ,20260729,12.34,1540,19003.6,0.40683482506103097,1.8478845003303428,47.44100895036618
920077.BJ,20260729,13.34,2352,31375.68,0.22539444027047661,0.5241692691718015,46.35236664162286
920078.BJ,20260729,,0,0.0,,0.0,0.0
920079.BJ,20260729,17.0,127740,2171580.0,-1.1052937754508552,8.362957442614531,38.368237347294865
920080.BJ,20260729,,0,0.0,,0.0,0.0
920081.BJ,20260729,39.93,25279,1009390.47,-1.1633663366336644,10.025227869976806,38.01980198019801
920082.BJ,20260729,,0,0.0,,0.0,0.0
920083.BJ,20260729,35.79,22738,813793.02,-2.426390403489642,7.0810114442840675,30.441657579062145
920086.BJ,20260729,,0,0.0,,0.0,0.0
920087.BJ,20260729,8.95,13000,116350.0,0.0,2.1851775092157495,45.0
920088.BJ,20260729,47.7,136903,6530273.1,0.3154574132492316,16.687040985910205,46.89274447949539
920089.BJ,20260729,10.26,100,1026.0,0.7858546168958647,0.08891335263621998,20.719531175894783
920090.BJ,20260729,3.46,7500,25950.0,1.1695906432748648,2.6619883239139805,52.01754385964919
920091.BJ,20260729,28.97,44988,1303302.36,-3.46551149616795,78.2970501607026,24.2069310229923
920092.BJ,20260729,22.08,100,2208.0,0.22696323195641188,0.11676345714747886,22.379201678284666
920096.BJ,20260729,34.31,2712,93048.72,-0.029137529137523988,3.3455277273299853,44.825174825174855
920098.BJ,20260729,,0,0.0,,0.0,0.0
920099.BJ,20260729,18.8,3358,63130.4,-0.7915567282321789,1.0663549120725104,40.250659630606926
920100.BJ,20260729,32.0,1050,33600.0,1.7164653528289886,0.8562106388072217,55.29879211697393
920101.BJ,20260729,16.31,280,4566.8,0.0,0.5361921405672712,45.0
920106.BJ,20260729,34.56,700,24192.0,0.7874015748031482,1.1301275818180836,49.72440944881889
920108.BJ,20260729,8.8,121,1064.8,0.6864988558352492,0.1659767346757272,33.99480537664239
920110.BJ,20260729,24.92,100,2492.0,0.9724473257698651,0.14578696620165946,32.0763378709179
920111.BJ,20260729,24.7,2770,68419.0,0.4882017900732283,1.031594465585781,47.92921074043937
920112.BJ,20260729,15.88,511,8114.68,0.0,0.6702903460317535,45.0
920116.BJ,20260729,44.99,2366,106446.34,0.4465282429113815,1.336517408205053,47.67916945746829
920117.BJ,20260729,28.2,83752,2361806.4,-1.639344262295095,11.074477272307094,35.16393442622943
920118.BJ,20260729,19.47,28196,548976.12,1.1428571428571344,12.88734292348792,51.857142857142804
920119.BJ,20260729,,0,0.0,,0.0,0.0
920121.BJ,20260729,,0,0.0,,0.0,0.0
920122.BJ,20260729,21.74,3100,67394.0,-0.6852444038373817,3.180271517429162,40.88853357697571
920123.BJ,20260729,10.51,10354,108820.54,-0.18993352326684976,3.760649518578393,43.8603988603989
920124.BJ,20260729,12.3,4095,50368.5,0.5723630417007408,5.7742710720053445,48.43417825020445
920125.BJ,20260729,109.94,4580,503525.2,-0.4166666666666763,3.0633312078853456,42.49999999999994
920126.BJ,20260729,10.33,17946,185382.18,0.09689922480620172,5.23072613457602,45.58139534883721
920128.BJ,20260729,16.97,470,7975.9,-0.46920821114370126,0.600533793292972,42.18475073313779
920130.BJ,20260729,14.4,7943,114379.2,-1.3698630136986245,3.694930598390365,36.780821917808254
920132.BJ,20260729,8.23,200,1646.0,0.9815950920245342,0.16786391678973817,36.10507557430007
920136.BJ,20260729,21.2,9577,203032.4,0.23640661938535423,3.5875837189465507,46.41843971631212
920139.BJ,20260729,14.27,51497,734862.19,0.140350877192974,10.133037445734312,45.84210526315785
920145.BJ,20260729,9.33,1600,14928.0,0.6472491909385258,3.5614542602987616,48.88349514563116
920146.BJ,20260729,,0,0.0,,0.0,0.0
920149.BJ,20260729,,0,0.0,,0.0,0.0
920152.BJ,20260729,13.4,4070,54538.0,-0.22338049143707517,4.025224433736415,43.65971705137755
920156.BJ,20260729,39.03,7400,288822.0,-0.9139375476009071,7.517093685522309,39.51637471439456
920158.BJ,20260729,8.01,15000,120150.0,0.5018820577164407,8.63801968293602,48.011292346298646
920159.BJ,20260729,26.99,400,10796.0,0.7089552238805918,0.4312633517347086,49.25373134328355
920160.BJ,20260729,19.48,1172,22830.56,0.8281573498964745,4.91408643081414,49.968944099378845
920161.BJ,20260729,23.48,3814,89552.72,-1.3445378151260567,1.3465172318833276,36.932773109243655
920163.BJ,20260729,11.68,2700,31536.0,-0.256191289496166,1.1252784943845682,43.462852263023
920166.BJ,20260729,,0,0.0,,0.0,0.0
920167.BJ,20260729,14.99,6000,89940.0,0.7392473118279508,4.633902244718149,49.4354838709677
920168.BJ,20260729,,0,0.0,,0.0,0.0
920169.BJ,20260729,17.03,3000,51090.0,0.4127358490566113,1.8555467335145615,47.47641509433967
920171.BJ,20260729,16.15,400,6460.0,0.49782202862476144,0.19141985542642653,37.442506148505345
920174.BJ,20260729,26.87,2600,69862.0,1.2815680361854431,1.9772094760050063,52.68940821711266
920175.BJ,20260729,,0,0.0,,0.0,0.0
920176.BJ,20260729,75.96,775954,58941465.84,-29.997235277854585,105.10833422924057,15.0
920177.BJ,20260729,24.11,100,2411.0,-0.37190082644628086,0.3432102568967493,42.768595041322314
920178.BJ,20260729,91.06,2601,236847.06,0.8081479021366134,2.788241889819312,49.84888741281968
920179.BJ,20260729,49.6,13554,672278.4,0.44552450384771625,4.748558571184308,47.6731470230863
920180.BJ,20260729,11.22,1900,21318.0,-0.5319148936170137,3.716650592562561,41.80851063829792
920181.BJ,20260729,68.0,3422,232696.0,0.33938320790911636,5.212459271849061,47.0362992474547
920183.BJ,20260729,28.7,100,2870.0,0.77247191011236,0.37868806433502233,49.634831460674164
920184.BJ,20260729,,0,0.0,,0.0,0.0
920185.BJ,20260729,20.34,10587,215339.58,-0.5378973105134466,1.577161992746078,41.77261613691932
920186.BJ,20260729,74.0,48030,3554220.0,-1.016586409844844,8.033975631998198,38.90048154093093
920187.BJ,20260729,,0,0.0,,0.0,0.0
920188.BJ,20260729,21.2,8000,169600.0,-0.8419083255378879,13.194506380135099,39.948550046772674
920189.BJ,20260729,22.66,65530,1484909.8,1.6143497757847403,8.87132208745453,54.686098654708445
920190.BJ,20260729,24.0,20490,491760.0,-0.6211180124223503,4.558355266999938,41.2732919254659
920191.BJ,20260729,8.62,1700,14654.0,-0.11587485515645035,1.2352770146849477,44.304750869061294
920193.BJ,20260729,33.08,61519,2035048.52,0.0907715582450841,10.0306159883379,45.544629349470505
920195.BJ,20260729,11.85,650,7702.5,0.08445945945945166,1.0216694898391259,45.50675675675671
920198.BJ,20260729,7.35,50405,370476.75,-0.40650406504065817,14.206735481121035,42.56097560975605
920199.BJ,20260729,29.0,138997,4030913.0,-3.8780245276765046,25.885687681874774,21.731852833940973
920200.BJ,20260729,28.0,31145,872060.0,-0.8147360963513983,11.123058669299727,40.11158342189161
920204.BJ,20260729,,0,0.0,,0.0,0.0
920206.BJ,20260729,34.8,1498,52130.4,-0.5714285714285783,0.9417663446069798,41.57142857142853
920207.BJ,20260729,20.95,3061,64127.95,-0.6638217164532945,1.702705651519393,41.017069701280235
920208.BJ,20260729,12.13,1900,23047.0,0.9991673605328932,1.409896032540207,50.99500416319736
920211.BJ,20260729,104.2,1506,156925.2,0.6277160791888114,2.464158177597997,48.76629647513287
920212.BJ,20260729,,0,0.0,,0.0,0.0
920218.BJ,20260729,16.85,10050,169342.5,-0.8823529411764675,4.887335700460896,39.705882352941195
920220.BJ,20260729,40.56,2611,105902.16,-0.3439803439803435,3.7018870623057714,42.93611793611794
920221.BJ,20260729,12.72,7800,99216.0,3.6674816625916984,5.170671331618102,67.00488997555018
920222.BJ,20260729,28.24,31541,890717.84,-1.3966480446927498,7.464991144648285,36.6201117318435
920223.BJ,20260729,,0,0.0,,0.0,0.0
920225.BJ,20260729,14.32,6269,89772.08,-0.1394700139469962,2.0270338484091854,44.16317991631802
920227.BJ,20260729,45.7,7810,356917.0,0.7940008822232114,28.29002447980363,49.76400529333927
920230.BJ,20260729,9.58,100,958.0,-0.5192107995846351,0.11066150836797028,16.80380670872684
920237.BJ,20260729,,0,0.0,,0.0,0.0
920238.BJ,20260729,69.0,183707,12675783.0,-2.445921108440552,22.62357735726343,30.324473349356687
920239.BJ,20260729,21.3,2700,57510.0,1.187648456057011,0.9543097130512275,52.125890736342065
920242.BJ,20260729,,0,0.0,,0.0,0.0
920245.BJ,20260729,12.3,200,2460.0,0.9023789991796649,0.2649117799028678,50.41427399507799
920247.BJ,20260729,13.63,4300,58609.0,0.5162241887905594,2.7050912787933328,48.09734513274336
920249.BJ,20260729,8.62,5350,46117.0,0.0,1.3218924454171792,45.0
920252.BJ,20260729,15.04,21204,318908.16,-0.856954515491104,3.8386565353850517,39.858272907053376
920260.BJ,20260729,7.41,4800,35568.0,-0.5369127516778538,6.599793007200526,41.77852348993288
920261.BJ,20260729,13.04,1700,22168.0,1.1636927851047307,1.6104913532546339,51.98215671062839
920262.BJ,20260729,12.95,1725,22338.75,0.15467904098993568,1.0373466252975503,45.92807424593961
920263.BJ,20260729,,0,0.0,,0.0,0.0
920266.BJ,20260729,7.2,41404,298108.8,0.6993006993006867,7.741738125011601,49.19580419580412
920267.BJ,20260729,17.2,9359,160974.8,1.0575793184488758,1.7960015249114514,51.34547591069325
920270.BJ,20260729,11.4,100,1140.0,-0.2624671916010457,0.10824789869511393,17.909818615514233
920271.BJ,20260729,,0,0.0,,0.0,0.0
920273.BJ,20260729,15.7,32759,514316.3,-1.3199245757385292,6.179966555999001,37.080452545568825
920274.BJ,20260729,,0,0.0,,0.0,0.0
920275.BJ,20260729,6.08,200,1216.0,-0.3278688524590123,0.2653856431831887,43.032786885245926
920278.BJ,20260729,6.06,200,1212.0,-0.49261083743842304,0.10947198382557581,16.749292063973108
920284.BJ,20260729,16.8,11714,196795.2,0.0,1.3209187093205208,45.0
920299.BJ,20260729,15.38,1172,18025.36,-0.7101355713363455,0.2938713677276549,40.739186571981925
920300.BJ,20260729,9.23,7400,68302.0,-0.4314994606256617,5.919039245661874,42.41100323624603
920304.BJ,20260729,8.5,2363,20085.5,-0.3516998827666984,1.7162327818628942,42.88980070339981
920305.BJ,20260729,0.41,1762286,722537.26,-28.07017543859649,67.97664334976982,15.0
920339.BJ,20260729,10.86,700,7602.0,0.0,0.3062523187474133,45.0
920344.BJ,20260729,18.42,200,3684.0,0.9315068493150669,0.4216086562739194,50.5890410958904
920346.BJ,20260729,,0,0.0,,0.0,0.0
920351.BJ,20260729,10.69,2100,22449.0,-0.5581395348837281,2.4588485021552877,41.65116279069763
920357.BJ,20260729,14.95,1318,19704.1,0.6734006734006703,0.9104479057705763,49.04040404040402
920363.BJ,20260729,9.88,1600,15808.0,0.10131712259373593,1.3666763208930965,45.60790273556242
920367.BJ,20260729,22.85,69050,1577792.5,-1.5934539190353036,9.288380531947277,35.43927648578818
920368.BJ,20260729,22.99,4809,110558.91,0.8333333333333304,1.239059768239789,49.999999999999986
920370.BJ,20260729,,0,0.0,,0.0,0.0
920371.BJ,20260729,,0,0.0,,0.0,0.0
920374.BJ,20260729,,0,0.0,,0.0,0.0
920375.BJ,20260729,7.37,1653,12182.61,0.8207934336525335,0.6848037263832932,49.9247606019152
920378.BJ,20260729,,0,0.0,,0.0,0.0
920392.BJ,20260729,13.23,9250,122377.5,0.4555808656036442,15.876168956764552,47.73348519362187
920394.BJ,20260729,45.81,3345,153234.45,0.6149791346365063,2.6096396836038367,48.68987480781904
920395.BJ,20260729,,0,0.0,,0.0,0.0
920396.BJ,20260729,17.99,15074,271181.26,-2.387411828540431,7.432013542450313,30.675529028757413
920402.BJ,20260729,8.67,7650,66325.5,0.0,1.4354098258708907,45.0
920403.BJ,20260729,17.4,15929,277164.6,-0.6282124500285757,5.244520313374218,41.23072529982855
920405.BJ,20260729,16.71,2400,40104.0,-0.17921146953403522,4.180910224751541,43.92473118279579
920407.BJ,20260729,,0,0.0,,0.0,0.0
920414.BJ,20260729,7.66,1900,14554.0,0.5249343832020914,1.5508239831295412,48.14960629921255
920415.BJ,20260729,8.45,19287,162975.15,0.0,9.450926802609418,45.0
920418.BJ,20260729,17.7,1800,31860.0,0.8547008547008517,0.9644385179512527,50.12820512820511
920419.BJ,20260729,9.68,971,9399.28,0.0,0.4363567123292897,45.0
920422.BJ,20260729,8.8,4000,35200.0,-0.5649717514124131,1.7126819469551757,41.610169491525525
920425.BJ,20260729,13.7,800,10960.0,0.0,0.5313873952776533,45.0
920427.BJ,20260729,8.19,2523,20663.37,0.4907975460122671,2.389848148485376,47.9447852760736
920429.BJ,20260729,8.6,10250,88150.0,0.5847953216374213,3.9317785370908185,48.508771929824526
920433.BJ,20260729,4.69,3572,16752.68,1.0775862068965747,1.3694809059430577,51.465517241379445
920436.BJ,20260729,10.0,7376,73760.0,-0.3984063745019806,8.460383475552463,42.609561752988114
920438.BJ,20260729,127.6,45069,5750804.4,0.38549288018252525,7.96413064052852,47.31295728109515
920445.BJ,20260729,,0,0.0,,0.0,0.0
920454.BJ,20260729,10.53,11800,124254.0,1.640926640926632,12.466878664205586,54.84555984555979
920455.BJ,20260729,,0,0.0,,0.0,0.0
920469.BJ,20260729,5.36,5760,30873.6,1.9011406844106515,2.1729372299296164,56.40684410646391
920471.BJ,20260729,10.59,2422,25648.98,-0.46992481203008696,1.6400418809309139,42.18045112781948
920475.BJ,20260729,,0,0.0,,0.0,0.0
920476.BJ,20260729,20.83,3601,75008.83,-0.33492822966507685,5.212132114154762,42.99043062200954
920478.BJ,20260729,9.76,13488,131642.88,0.30832476875641834,5.2337560870141004,46.84994861253851
920489.BJ,20260729,13.0,235746,3064698.0,-1.5151515151515138,36.24814654100221,35.90909090909092
920491.BJ,20260729,22.78,2000,45560.0,0.9751773049645474,0.7851434906064335,50.851063829787286
920493.BJ,20260729,113.03,46698,5278274.94,4.9489322191272,24.585167180337645,74.6935933147632
920496.BJ,20260729,6.08,6071,36911.68,0.33003300330034513,1.1122861292111594,46.980198019802074
920504.BJ,20260729,16.38,1000,16380.0,-0.36496350364965124,3.2701738713115667,42.81021897810209
920505.BJ,20260729,,0,0.0,,0.0,0.0
920508.BJ,20260729,14.87,1205,17918.35,-0.6016042780748743,1.0237711012561643,41.39037433155075
920509.BJ,20260729,19.4,114823,2227566.2,-2.5125628140703515,25.721917360581035,29.92462311557789
920510.BJ,20260729,20.0,44772,895440.0,1.729399796541209,6.256546516353272,55.37639877924725
920519.BJ,20260729,9.84,26613,261871.92,0.40816326530610514,21.66551763543783,47.44897959183663
920522.BJ,20260729,19.66,14412,283339.92,0.0,1.2282539828345522,45.0
920523.BJ,20260729,14.78,6500,96070.0,1.025290498974707,4.025143571522913,51.151742993848245
920526.BJ,20260729,18.45,7626,140699.7,1.3736263736263687,5.865653995100535,53.24175824175821
920527.BJ,20260729,13.12,1460,19155.2,1.3127413127413057,1.7147434071776404,52.876447876447834
920533.BJ,20260729,16.99,2100,35679.0,0.9506833036244888,2.117365769146341,50.70409982174694
920541.BJ,20260729,9.16,300,2748.0,-0.32644178454841466,0.4537115868936057,43.04134929270951
920547.BJ,20260729,,0,0.0,,0.0,0.0
920553.BJ,20260729,6.31,1000,6310.0,0.31796502384737746,1.1990005997473205,46.90779014308426
920556.BJ,20260729,,0,0.0,,0.0,0.0
920564.BJ,20260729,13.98,6256,87458.88,2.417582417582409,6.303912253791873,59.505494505494454
920566.BJ,20260729,9.52,12900,122808.0,0.42194092827003704,7.17851538105351,47.531645569620224
920570.BJ,20260729,,0,0.0,,0.0,0.0
920571.BJ,20260729,7.99,17000,135830.0,0.0,1.6323709945251916,45.0
920575.BJ,20260729,3.67,500,1835.0,0.5479452054794498,0.11986615182410357,24.86357856121534
920576.BJ,20260729,40.39,6000,242340.0,0.8237643534697803,5.617617384240833,49.94258612081868
920578.BJ,20260729,15.65,200,3130.0,-0.31847133757960666,0.23784314751718638,40.90093852761591
920579.BJ,20260729,,0,0.0,,0.0,0.0
920580.BJ,20260729,10.21,3929,40115.09,-0.2929687499999889,1.7466904500741416,43.242187500000064
920592.BJ,20260729,20.62,15357,316661.34,1.7769002961500524,5.139965579760541,55.66140177690031
920593.BJ,20260729,24.1,11071,266811.1,0.8368200836820217,5.99117258194853,50.02092050209213
920599.BJ,20260729,16.24,3600,58464.0,0.12330456226881115,1.0088293666233616,45.73982737361287
920608.BJ,20260729,12.98,2100,27258.0,0.7763975155279379,6.039959296462138,49.658385093167624
920627.BJ,20260729,13.55,4485,60771.75,0.0,1.8119322481660487,45.0
920634.BJ,20260729,15.99,4050,64759.5,0.43969849246230375,3.1213863835470113,47.63819095477382
920639.BJ,20260729,,0,0.0,,0.0,0.0
920640.BJ,20260729,25.31,2806,71019.86,0.43650793650793496,1.0068499724015598,47.619047619047606
920641.BJ,20260729,12.1,9300,112530.0,1.0860484544694904,9.816913627400341,51.51629072681694
920642.BJ,20260729,9.85,6791,66891.35,0.10162601626015899,2.9247866622051943,45.609756097560954
920651.BJ,20260729,22.71,921,20915.91,-0.39473684210525883,0.9535129774556765,42.631578947368446
920656.BJ,20260729,,0,0.0,,0.0,0.0
920662.BJ,20260729,18.29,3863,70654.27,-0.05464480874317612,2.400926426886949,44.672131147540945
920663.BJ,20260729,,0,0.0,,0.0,0.0
920665.BJ,20260729,,0,0.0,,0.0,0.0
920670.BJ,20260729,12.12,20110,243733.2,0.41425020712508864,10.852841566055654,47.48550124275053
920675.BJ,20260729,,0,0.0,,0.0,0.0
920679.BJ,20260729,,0,0.0,,0.0,0.0
920682.BJ,20260729,,0,0.0,,0.0,0.0
920685.BJ,20260729,,0,0.0,,,0.0
920689.BJ,20260729,18.93,1500,28395.0,-0.4731861198738141,1.8176916428835366,42.16088328075712
920690.BJ,20260729,17.18,272600,4683268.0,-4.977876106194678,33.70439114491021,15.132743362831931
920693.BJ,20260729,22.07,143894,3175740.58,-5.884861407249464,65.05670053911588,15.0
920694.BJ,20260729,,0,0.0,,0.0,0.0
920699.BJ,20260729,63.72,1845,117563.4,-0.3596559812353517,2.391025985344567,42.84206411258789
920701.BJ,20260729,11.87,5872,69700.64,-0.6694560669456062,1.004662017918813,40.98326359832636
920703.BJ,20260729,9.29,5382,49998.78,0.9782608695652062,13.005682474792675,50.86956521739124
920706.BJ,20260729,13.94,900,12546.0,0.0,0.7292840381780439,45.0
920717.BJ,20260729,8.26,6376,52665.76,-0.3618817852834688,1.3479120571770264,42.82870928829919
920718.BJ,20260729,9.49,21174,200941.26,-0.8359456635318674,7.8987454759171385,39.984326018808794
920719.BJ,20260729,,0,0.0,,0.0,0.0
920720.BJ,20260729,9.01,8300,74783.0,0.5580357142856984,9.181540321836911,48.34821428571419
920725.BJ,20260729,69.5,34831,2420754.5,0.4625614339404338,7.214071305049757,47.775368603642605
920726.BJ,20260729,14.97,127419,1907462.43,0.8080808080808133,17.55716810014175,49.84848484848488
920729.BJ,20260729,,0,0.0,,0.0,0.0
920735.BJ,20260729,22.51,6298,141767.98,0.44622936189202544,3.153174593042935,47.67737617135215
920748.BJ,20260729,21.98,3367,74006.66,4.418052256532068,3.065869231881037,71.50831353919241
920751.BJ,20260729,16.74,2400,40176.0,2.5107164727495412,4.659841634071175,60.064298836497244
920753.BJ,20260729,,0,0.0,,0.0,0.0
920765.BJ,20260729,12.48,27456,342650.88,2.8006589785831926,10.261344768546975,61.803953871499154
920768.BJ,20260729,6.36,1642,10443.12,-0.31347962382444194,0.6551539948118535,43.11912225705335
920770.BJ,20260729,9.99,2510,25074.9,0.7056451612903247,0.9054312299314543,49.23387096774195
920779.BJ,20260729,20.73,6634,137522.82,1.5678588926996584,1.6975279594872,54.40715335619795
920781.BJ,20260729,5.21,3800,19798.0,-0.3824091778202754,1.557635510270996,42.70554493307835
920786.BJ,20260729,6.2,118862,736944.4,2.6490066225165476,4.031185160891251,60.894039735099284
920790.BJ,20260729,20.49,14757,302370.93,-0.048780487804889194,2.3045541055171745,44.707317073170664
920792.BJ,20260729,9.42,140,1318.8,-0.42283298097252064,0.27227319371990605,42.46300211416488
920799.BJ,20260729,27.57,7990,220284.3,-0.6486486486486531,1.6260973123394877,41.108108108108084
920802.BJ,20260729,,0,0.0,,0.0,0.0
920806.BJ,20260729,9.88,13400,132392.0,1.750772399588052,7.0192064334986375,55.504634397528314
920807.BJ,20260729,8.74,2714,23720.36,1.157407407407396,1.4409516781053975,51.94444444444437
920808.BJ,20260729,62.47,8345,521312.15,0.0,4.326865904897328,45.0
920809.BJ,20260729,7.69,18909,145410.21,1.0512483574244502,1.4827933748190196,51.307490144546705
920810.BJ,20260729,,0,0.0,,0.0,0.0
920819.BJ,20260729,2.63,11500,30245.0,0.0,1.7956894235823118,45.0
920821.BJ,20260729,16.98,2100,35658.0,0.4733727810650956,0.6206530549109746,47.840236686390575
920826.BJ,20260729,7.34,3398,24941.32,0.0,0.5062291623742641,45.0
920832.BJ,20260729,5.9,1528,9015.2,0.6825938566553003,2.319920267949247,49.0955631399318
920833.BJ,20260729,8.23,514,4230.22,0.6112469437652868,0.7473916464931328,48.66748166259172
920834.BJ,20260729,,0,0.0,,0.0,0.0
920837.BJ,20260729,,0,0.0,,0.0,0.0
920839.BJ,20260729,23.66,1000,23660.0,0.8525149190110826,2.4122118176369414,50.1150895140665
920855.BJ,20260729,11.6,600,6960.0,-0.08613264427217437,1.831307282571511,44.48320413436696
920856.BJ,20260729,10.45,17242,180178.9,-0.8538899430740043,5.182017637194723,39.876660341555976
920857.BJ,20260729,17.13,6393,109512.09,-0.6956521739130528,3.1220617746488255,40.826086956521685
920866.BJ,20260729,,0,0.0,,0.0,0.0
920870.BJ,20260729,,0,0.0,,0.0,0.0
920871.BJ,20260729,10.12,11030,111623.6,0.0,30.7093595018012,45.0
920873.BJ,20260729,6.58,2484,16344.72,-0.45385779122542047,0.9830231495741342,42.27685325264748
920876.BJ,20260729,15.34,1500,23010.0,-0.3896103896103953,1.255108079197634,42.66233766233763
920879.BJ,20260729,12.32,1800,22176.0,1.2325390304026351,2.354854920851161,52.39523418241581
920885.BJ,20260729,10.97,2465,27041.05,-0.09107468123861207,1.0113076072519755,44.45355191256833
920892.BJ,20260729,,0,0.0,,0.0,0.0
920895.BJ,20260729,,0,0.0,,0.0,0.0
920896.BJ,20260729,11.3,19399,219208.7,-1.2237762237762184,47.35700716837597,37.65734265734269
920906.BJ,20260729,15.99,100,1599.0,-0.12492192379763845,0.17417972653057456,30.60281923271759
920914.BJ,20260729,18.0,5500,99000.0,-0.8264462809917328,2.43343772322336,40.0413223140496
920924.BJ,20260729,,0,0.0,,0.0,0.0
920925.BJ,20260729,12.01,3844,46166.44,0.5862646566164198,1.7813059741254376,48.517587939698515
920926.BJ,20260729,10.57,3944,41688.08,0.0,3.260190733288962,45.0
920931.BJ,20260729,,0,0.0,,0.0,0.0
920932.BJ,20260729,11.37,8273,94064.01,4.503676470588225,5.834394549117983,72.02205882352935
920942.BJ,20260729,16.2,3111,50398.2,1.1235955056179803,2.688993291821765,51.74157303370788
920943.BJ,20260729,13.79,53441,736951.39,3.0642750373691907,30.044782067839545,63.38565022421514
920946.BJ,20260729,9.06,2500,22650.0,0.5549389567147678,1.1449548462969343,48.32963374028861
920950.BJ,20260729,,0,0.0,,0.0,0.0
920953.BJ,20260729,21.47,26939,578380.33,0.46794571829666953,9.479832129383539,47.80767430978002
920957.BJ,20260729,9.17,6702,61457.34,0.7692307692307665,3.7708007585719217,49.6153846153846
920961.BJ,20260729,18.08,1579,28548.32,-0.05527915975678255,0.9266028459221497,44.668325041459305
920964.BJ,20260729,4.26,3000,12780.0,0.0,2.044872974154905,45.0
920970.BJ,20260729,5.82,5098,29670.36,0.1721170395869276,2.100324987263404,46.03270223752156
920971.BJ,20260729,24.28,20130,488756.4,0.04120313143800569,4.981296305383965,45.24721878862803
920974.BJ,20260729,5.83,700,4081.0,0.5172413793103514,0.5409683188419285,48.10344827586211
920976.BJ,20260729,,0,0.0,,0.0,0.0
920978.BJ,20260729,18.92,1200,22704.0,0.9605122732123883,1.0979692133784984,50.76307363927433
920981.BJ,20260729,27.6,8289,228776.4,-1.0043041606886516,4.5564568232965925,38.97417503586809
920982.BJ,20260729,124.74,2767,345155.58,0.4105288577638255,2.7350104102983805,47.46317314658295
920985.BJ,20260729,,0,0.0,,0.0,0.0
920992.BJ,20260729,11.2,12400,138880.0,-0.4444444444444473,13.141464942419917,42.333333333333314
