{
  "sampling_stage": "S1_MVP",
  "target_rows_per_day": 200,
  "days_covered": 16,
  "rows_per_day_last_N": [
    104,
    71,
    53,
    80,
    84,
    48,
    36,
    69,
    68,
    44,
    86,
    112,
    70,
    73,
    92,
    55
  ],
  "quality_gate_pass": true,
  "quality_gate_details": {
    "core_cols": [
      "StrengthScore",
      "ThemeBoost",
      "turnover_rate",
      "seal_amount",
      "open_times",
      "Probability"
    ],
    "meta_cols": [
      "trade_date",
      "ts_code",
      "_prob_src"
    ],
    "missing_cols": [],
    "metrics": {
      "StrengthScore": {
        "non_null_rate": 1.0,
        "non_zero_rate": 0.9240174672489083,
        "std": 19.759283878186018,
        "unique_count": 1035
      },
      "ThemeBoost": {
        "non_null_rate": 1.0,
        "non_zero_rate": 0.7240174672489083,
        "std": 0.37536864558958344,
        "unique_count": 19
      },
      "turnover_rate": {
        "non_null_rate": 1.0,
        "non_zero_rate": 0.9240174672489083,
        "std": 12.378405528767594,
        "unique_count": 1058
      },
      "seal_amount": {
        "non_null_rate": 1.0,
        "non_zero_rate": 0.8908296943231441,
        "std": 247735051.71998236,
        "unique_count": 1021
      },
      "open_times": {
        "non_null_rate": 1.0,
        "non_zero_rate": 0.4393013100436681,
        "std": 3.3666906931690135,
        "unique_count": 24
      },
      "Probability": {
        "non_null_rate": 1.0,
        "non_zero_rate": 1.0,
        "std": 0.2357312209819486,
        "unique_count": 1094
      }
    },
    "pseudo_ratio": 0.07598253275109171,
    "window_days": 16,
    "rows_in_window": 1145,
    "pass": true
  },
  "stage_debug": {
    "prev_stage": "S1_MVP",
    "days_covered": 16,
    "rows_last": [
      104,
      71,
      53,
      80,
      84,
      48,
      36,
      69,
      68,
      44,
      86,
      112,
      70,
      73,
      92,
      55
    ]
  },
  "pseudo_ratio": 0.07598253275109171,
  "feature_history_file": "outputs/learning/feature_history.csv",
  "updated_at_utc": "2026-02-22T12:33:53Z",
  "model_version": "fdd4c5ca2fdb40398059b50736eecf4fe1295bf3"
}