{
  "sampling_stage": "S1_MVP",
  "target_rows_per_day": 200,
  "days_covered": 20,
  "rows_per_day_last_N": [
    75,
    104,
    71,
    53,
    80,
    84,
    48,
    36,
    69,
    68,
    44,
    86,
    112,
    70,
    73,
    92,
    55,
    93,
    75,
    63
  ],
  "quality_gate_pass": true,
  "quality_gate_details": {
    "core_cols": [
      "StrengthScore",
      "ThemeBoost",
      "turnover_rate",
      "seal_amount",
      "open_times",
      "Probability"
    ],
    "meta_cols": [
      "trade_date",
      "ts_code",
      "_prob_src"
    ],
    "missing_cols": [],
    "metrics": {
      "StrengthScore": {
        "non_null_rate": 1.0,
        "non_zero_rate": 0.9400413507925569,
        "std": 18.728286745029582,
        "unique_count": 1327
      },
      "ThemeBoost": {
        "non_null_rate": 1.0,
        "non_zero_rate": 0.7263955892487939,
        "std": 0.3723791241966541,
        "unique_count": 19
      },
      "turnover_rate": {
        "non_null_rate": 1.0,
        "non_zero_rate": 0.9400413507925569,
        "std": 12.0308681368967,
        "unique_count": 1362
      },
      "seal_amount": {
        "non_null_rate": 1.0,
        "non_zero_rate": 0.9104066161268091,
        "std": 226811898.43605682,
        "unique_count": 1322
      },
      "open_times": {
        "non_null_rate": 1.0,
        "non_zero_rate": 0.44314266023432114,
        "std": 3.6475454811130112,
        "unique_count": 27
      },
      "Probability": {
        "non_null_rate": 1.0,
        "non_zero_rate": 1.0,
        "std": 0.2041837956663824,
        "unique_count": 1399
      }
    },
    "pseudo_ratio": 0.05995864920744314,
    "window_days": 20,
    "rows_in_window": 1451,
    "pass": true
  },
  "stage_debug": {
    "prev_stage": "S1_MVP",
    "days_covered": 20,
    "rows_last": [
      75,
      104,
      71,
      53,
      80,
      84,
      48,
      36,
      69,
      68,
      44,
      86,
      112,
      70,
      73,
      92,
      55,
      93,
      75,
      63
    ]
  },
  "pseudo_ratio": 0.05995864920744314,
  "feature_history_file": "outputs/learning/feature_history.csv",
  "updated_at_utc": "2026-02-26T22:37:26Z",
  "model_version": "f851e73bc5ee77848a9596eb9946832244a7941a",
  "today_yyyymmdd": "20260227",
  "latest_snapshot_yyyymmdd": "20260226",
  "label_upper_bound_yyyymmdd": "20260226"
}