{
  "sampling_stage": "S1_MVP",
  "target_rows_per_day": 200,
  "days_covered": 18,
  "rows_per_day_last_N": [
    104,
    71,
    53,
    80,
    84,
    48,
    36,
    69,
    68,
    44,
    86,
    112,
    70,
    73,
    92,
    55,
    93,
    75
  ],
  "quality_gate_pass": true,
  "quality_gate_details": {
    "core_cols": [
      "StrengthScore",
      "ThemeBoost",
      "turnover_rate",
      "seal_amount",
      "open_times",
      "Probability"
    ],
    "meta_cols": [
      "trade_date",
      "ts_code",
      "_prob_src"
    ],
    "missing_cols": [],
    "metrics": {
      "StrengthScore": {
        "non_null_rate": 1.0,
        "non_zero_rate": 0.9337395277989338,
        "std": 19.155083284283588,
        "unique_count": 1197
      },
      "ThemeBoost": {
        "non_null_rate": 1.0,
        "non_zero_rate": 0.7242955064737243,
        "std": 0.3741793847903141,
        "unique_count": 19
      },
      "turnover_rate": {
        "non_null_rate": 1.0,
        "non_zero_rate": 0.9337395277989338,
        "std": 12.128022627824242,
        "unique_count": 1224
      },
      "seal_amount": {
        "non_null_rate": 1.0,
        "non_zero_rate": 0.904036557501904,
        "std": 234125235.47298148,
        "unique_count": 1188
      },
      "open_times": {
        "non_null_rate": 1.0,
        "non_zero_rate": 0.44097486671744096,
        "std": 3.6488690000937383,
        "unique_count": 27
      },
      "Probability": {
        "non_null_rate": 1.0,
        "non_zero_rate": 1.0,
        "std": 0.20209041130350835,
        "unique_count": 1261
      }
    },
    "pseudo_ratio": 0.06626047220106626,
    "window_days": 18,
    "rows_in_window": 1313,
    "pass": true
  },
  "stage_debug": {
    "prev_stage": "S1_MVP",
    "days_covered": 18,
    "rows_last": [
      104,
      71,
      53,
      80,
      84,
      48,
      36,
      69,
      68,
      44,
      86,
      112,
      70,
      73,
      92,
      55,
      93,
      75
    ]
  },
  "pseudo_ratio": 0.06626047220106626,
  "feature_history_file": "outputs/learning/feature_history.csv",
  "updated_at_utc": "2026-02-25T16:07:57Z",
  "model_version": "43741ad7ddd51bf91e0c7f461a305b82971dd8b2",
  "today_yyyymmdd": "20260226",
  "latest_snapshot_yyyymmdd": "20260225",
  "label_upper_bound_yyyymmdd": "20260225"
}