{
  "sampling_stage": "S1_MVP",
  "target_rows_per_day": 200,
  "days_covered": 27,
  "rows_per_day_last_N": [
    75,
    104,
    71,
    53,
    80,
    84,
    48,
    36,
    69,
    68,
    44,
    86,
    112,
    70,
    73,
    92,
    55,
    93,
    75,
    63,
    75,
    88,
    83,
    44,
    69,
    74,
    42
  ],
  "quality_gate_pass": true,
  "quality_gate_details": {
    "core_cols": [
      "StrengthScore",
      "ThemeBoost",
      "turnover_rate",
      "seal_amount",
      "open_times",
      "Probability"
    ],
    "meta_cols": [
      "trade_date",
      "ts_code",
      "_prob_src"
    ],
    "missing_cols": [],
    "metrics": {
      "StrengthScore": {
        "non_null_rate": 1.0,
        "non_zero_rate": 0.9548286604361371,
        "std": 17.69054298460215,
        "unique_count": 1768
      },
      "ThemeBoost": {
        "non_null_rate": 1.0,
        "non_zero_rate": 0.7440290758047767,
        "std": 0.3819639408267823,
        "unique_count": 19
      },
      "turnover_rate": {
        "non_null_rate": 1.0,
        "non_zero_rate": 0.9548286604361371,
        "std": 12.086501409540162,
        "unique_count": 1835
      },
      "seal_amount": {
        "non_null_rate": 1.0,
        "non_zero_rate": 0.9319833852544133,
        "std": 212989766.77167794,
        "unique_count": 1796
      },
      "open_times": {
        "non_null_rate": 1.0,
        "non_zero_rate": 0.4522326064382139,
        "std": 3.568627224630123,
        "unique_count": 27
      },
      "Probability": {
        "non_null_rate": 1.0,
        "non_zero_rate": 1.0,
        "std": 0.2208266201138216,
        "unique_count": 1874
      }
    },
    "pseudo_ratio": 0.045171339563862926,
    "window_days": 27,
    "rows_in_window": 1926,
    "pass": true
  },
  "stage_debug": {
    "prev_stage": "S1_MVP",
    "days_covered": 27,
    "rows_last": [
      36,
      69,
      68,
      44,
      86,
      112,
      70,
      73,
      92,
      55,
      93,
      75,
      63,
      75,
      88,
      83,
      44,
      69,
      74,
      42
    ]
  },
  "pseudo_ratio": 0.045171339563862926,
  "feature_history_file": "outputs/learning/feature_history.csv",
  "updated_at_utc": "2026-03-09T12:00:11Z",
  "model_version": "ac19738686fe704fd24a95f354e29092d2ebf95a",
  "today_yyyymmdd": "20260309",
  "latest_snapshot_yyyymmdd": "20260309",
  "label_upper_bound_yyyymmdd": "20260309"
}