{
  "sampling_stage": "S1_MVP",
  "target_rows_per_day": 200,
  "days_covered": 13,
  "rows_per_day_last_N": [
    80,
    84,
    48,
    36,
    69,
    68,
    44,
    86,
    112,
    70,
    73,
    92,
    55
  ],
  "quality_gate_pass": true,
  "quality_gate_details": {
    "core_cols": [
      "StrengthScore",
      "ThemeBoost",
      "turnover_rate",
      "seal_amount",
      "open_times",
      "Probability"
    ],
    "meta_cols": [
      "trade_date",
      "ts_code",
      "_prob_src"
    ],
    "missing_cols": [],
    "metrics": {
      "StrengthScore": {
        "non_null_rate": 1.0,
        "non_zero_rate": 0.9051254089422028,
        "std": 20.959244750824915,
        "unique_count": 812
      },
      "ThemeBoost": {
        "non_null_rate": 1.0,
        "non_zero_rate": 0.7339149400218102,
        "std": 0.3771143153545444,
        "unique_count": 19
      },
      "turnover_rate": {
        "non_null_rate": 1.0,
        "non_zero_rate": 0.9051254089422028,
        "std": 12.857128392936575,
        "unique_count": 831
      },
      "seal_amount": {
        "non_null_rate": 1.0,
        "non_zero_rate": 0.8647764449291166,
        "std": 201938729.99015278,
        "unique_count": 794
      },
      "open_times": {
        "non_null_rate": 1.0,
        "non_zero_rate": 0.4351145038167939,
        "std": 3.2328593120783977,
        "unique_count": 20
      },
      "Probability": {
        "non_null_rate": 1.0,
        "non_zero_rate": 1.0,
        "std": 0.22510515493292776,
        "unique_count": 865
      }
    },
    "pseudo_ratio": 0.09487459105779716,
    "window_days": 13,
    "rows_in_window": 917,
    "pass": true
  },
  "stage_debug": {
    "prev_stage": "S1_MVP",
    "days_covered": 13,
    "rows_last": [
      80,
      84,
      48,
      36,
      69,
      68,
      44,
      86,
      112,
      70,
      73,
      92,
      55
    ]
  },
  "pseudo_ratio": 0.09487459105779716,
  "feature_history_file": "outputs/learning/feature_history.csv",
  "updated_at_utc": "2026-02-21T16:51:16Z",
  "model_version": "1eafbddd7d9e5112c745d6f4f8d8338d96c36b33"
}