{
  "sampling_stage": "S1_MVP",
  "target_rows_per_day": 200,
  "days_covered": 28,
  "rows_per_day_last_N": [
    75,
    104,
    71,
    53,
    80,
    84,
    48,
    36,
    69,
    68,
    44,
    86,
    112,
    70,
    73,
    92,
    55,
    93,
    75,
    63,
    75,
    88,
    83,
    44,
    69,
    74,
    42,
    56
  ],
  "quality_gate_pass": true,
  "quality_gate_details": {
    "core_cols": [
      "StrengthScore",
      "ThemeBoost",
      "turnover_rate",
      "seal_amount",
      "open_times",
      "Probability"
    ],
    "meta_cols": [
      "trade_date",
      "ts_code",
      "_prob_src"
    ],
    "missing_cols": [],
    "metrics": {
      "StrengthScore": {
        "non_null_rate": 1.0,
        "non_zero_rate": 0.9561049445005045,
        "std": 17.610572091427965,
        "unique_count": 1821
      },
      "ThemeBoost": {
        "non_null_rate": 1.0,
        "non_zero_rate": 0.7436932391523713,
        "std": 0.38226113806588113,
        "unique_count": 19
      },
      "turnover_rate": {
        "non_null_rate": 1.0,
        "non_zero_rate": 0.9561049445005045,
        "std": 12.073932827993476,
        "unique_count": 1890
      },
      "seal_amount": {
        "non_null_rate": 1.0,
        "non_zero_rate": 0.9339051463168516,
        "std": 210924269.86786067,
        "unique_count": 1852
      },
      "open_times": {
        "non_null_rate": 1.0,
        "non_zero_rate": 0.44954591321897075,
        "std": 3.5417035881577728,
        "unique_count": 27
      },
      "Probability": {
        "non_null_rate": 1.0,
        "non_zero_rate": 1.0,
        "std": 0.22005318907092147,
        "unique_count": 1930
      }
    },
    "pseudo_ratio": 0.04389505549949546,
    "window_days": 28,
    "rows_in_window": 1982,
    "pass": true
  },
  "stage_debug": {
    "prev_stage": "S1_MVP",
    "days_covered": 28,
    "rows_last": [
      69,
      68,
      44,
      86,
      112,
      70,
      73,
      92,
      55,
      93,
      75,
      63,
      75,
      88,
      83,
      44,
      69,
      74,
      42,
      56
    ]
  },
  "pseudo_ratio": 0.04389505549949546,
  "feature_history_file": "outputs/learning/feature_history.csv",
  "updated_at_utc": "2026-03-10T11:58:52Z",
  "model_version": "e1b5fb4e6bfdca7742d413a4fab93e3640380e89",
  "today_yyyymmdd": "20260310",
  "latest_snapshot_yyyymmdd": "20260310",
  "label_upper_bound_yyyymmdd": "20260310"
}