{
  "run_mode": "auto_daily",
  "allow_model_update": true,
  "sampling_stage": "S1_MVP",
  "target_rows_per_day": 80,
  "days_covered": 31,
  "rows_per_day_last_N": [
    75,
    104,
    71,
    53,
    80,
    84,
    48,
    36,
    69,
    68,
    44,
    86,
    112,
    70,
    73,
    92,
    55,
    93,
    75,
    63,
    75,
    88,
    83,
    44,
    69,
    74,
    42,
    56,
    53,
    52,
    59
  ],
  "quality_gate_pass": false,
  "quality_gate_details": {
    "core_cols": [
      "StrengthScore",
      "ThemeBoost",
      "turnover_rate",
      "seal_amount",
      "open_times",
      "prob_final",
      "final_score"
    ],
    "meta_cols": [
      "trade_date",
      "ts_code",
      "_prob_src"
    ],
    "missing_cols": [],
    "metrics": {
      "StrengthScore": {
        "non_null_rate": 1.0,
        "non_zero_rate": 0.9579913085465959,
        "std": 17.385964675265264,
        "unique_count": 1914
      },
      "ThemeBoost": {
        "non_null_rate": 1.0,
        "non_zero_rate": 0.7513278609367455,
        "std": 0.3812161832333494,
        "unique_count": 37
      },
      "turnover_rate": {
        "non_null_rate": 1.0,
        "non_zero_rate": 0.9579913085465959,
        "std": 12.0951364676582,
        "unique_count": 1978
      },
      "seal_amount": {
        "non_null_rate": 1.0,
        "non_zero_rate": 0.9377112506035732,
        "std": 206461590.25549176,
        "unique_count": 1943
      },
      "open_times": {
        "non_null_rate": 1.0,
        "non_zero_rate": 0.4490584258812168,
        "std": 3.487521588597248,
        "unique_count": 27
      },
      "prob_final": {
        "non_null_rate": 0.07774022211492033,
        "non_zero_rate": 0.07774022211492033,
        "std": 0.0850700937823088,
        "unique_count": 161
      },
      "final_score": {
        "non_null_rate": 1.0,
        "non_zero_rate": 0.0,
        "std": 0.0,
        "unique_count": 1
      }
    },
    "pseudo_ratio": 0.042008691453404155,
    "window_days": 30,
    "rows_in_window": 2071,
    "pass": false
  },
  "stage_debug": {
    "prev_stage": "S1_MVP",
    "days_covered": 31,
    "rows_last": [
      86,
      112,
      70,
      73,
      92,
      55,
      93,
      75,
      63,
      75,
      88,
      83,
      44,
      69,
      74,
      42,
      56,
      53,
      52,
      59
    ],
    "reason": "quality_gate_fail"
  },
  "pseudo_ratio": 0.042008691453404155,
  "feature_history_file": "outputs/learning/feature_history.csv",
  "thresholds": {
    "min_level1_samples": 80,
    "min_train_samples": 120,
    "min_stable_samples": 150,
    "min_positive_samples": 12,
    "min_feature_coverage": 0.85
  },
  "updated_at_utc": "2026-03-15T08:39:48Z",
  "model_version": "e9cd7624467efd58111d96bea1dd0f71ef5bc4f4",
  "today_yyyymmdd": "20260315",
  "latest_snapshot_yyyymmdd": "20260313",
  "label_upper_bound_yyyymmdd": "20260313"
}