{
  "sampling_stage": "S1_MVP",
  "target_rows_per_day": 200,
  "days_covered": 30,
  "rows_per_day_last_N": [
    75,
    104,
    71,
    53,
    80,
    84,
    48,
    36,
    69,
    68,
    44,
    86,
    112,
    70,
    73,
    92,
    55,
    93,
    75,
    63,
    75,
    88,
    83,
    44,
    69,
    74,
    42,
    56,
    53,
    52
  ],
  "quality_gate_pass": true,
  "quality_gate_details": {
    "core_cols": [
      "StrengthScore",
      "ThemeBoost",
      "turnover_rate",
      "seal_amount",
      "open_times",
      "Probability"
    ],
    "meta_cols": [
      "trade_date",
      "ts_code",
      "_prob_src"
    ],
    "missing_cols": [],
    "metrics": {
      "StrengthScore": {
        "non_null_rate": 1.0,
        "non_zero_rate": 0.9583133684714902,
        "std": 17.386406562318815,
        "unique_count": 1922
      },
      "ThemeBoost": {
        "non_null_rate": 1.0,
        "non_zero_rate": 0.7431720172496407,
        "std": 0.38229001378903693,
        "unique_count": 19
      },
      "turnover_rate": {
        "non_null_rate": 1.0,
        "non_zero_rate": 0.9583133684714902,
        "std": 12.100178369611058,
        "unique_count": 1995
      },
      "seal_amount": {
        "non_null_rate": 1.0,
        "non_zero_rate": 0.9372304743651174,
        "std": 207075042.08870715,
        "unique_count": 1957
      },
      "open_times": {
        "non_null_rate": 1.0,
        "non_zero_rate": 0.4523239099185434,
        "std": 3.5139455805794855,
        "unique_count": 27
      },
      "Probability": {
        "non_null_rate": 1.0,
        "non_zero_rate": 1.0,
        "std": 0.2184806042420256,
        "unique_count": 2035
      }
    },
    "pseudo_ratio": 0.04168663152850982,
    "window_days": 30,
    "rows_in_window": 2087,
    "pass": true
  },
  "stage_debug": {
    "prev_stage": "S1_MVP",
    "days_covered": 30,
    "rows_last": [
      44,
      86,
      112,
      70,
      73,
      92,
      55,
      93,
      75,
      63,
      75,
      88,
      83,
      44,
      69,
      74,
      42,
      56,
      53,
      52
    ]
  },
  "pseudo_ratio": 0.04168663152850982,
  "feature_history_file": "outputs/learning/feature_history.csv",
  "updated_at_utc": "2026-03-12T11:54:56Z",
  "model_version": "18238ae6063a2dbf19cd512e096b4fa69d6b241a",
  "today_yyyymmdd": "20260312",
  "latest_snapshot_yyyymmdd": "20260312",
  "label_upper_bound_yyyymmdd": "20260312"
}