{
  "sampling_stage": "S1_MVP",
  "target_rows_per_day": 200,
  "days_covered": 26,
  "rows_per_day_last_N": [
    75,
    104,
    71,
    53,
    80,
    84,
    48,
    36,
    69,
    68,
    44,
    86,
    112,
    70,
    73,
    92,
    55,
    93,
    75,
    63,
    75,
    88,
    83,
    44,
    69,
    74
  ],
  "quality_gate_pass": true,
  "quality_gate_details": {
    "core_cols": [
      "StrengthScore",
      "ThemeBoost",
      "turnover_rate",
      "seal_amount",
      "open_times",
      "Probability"
    ],
    "meta_cols": [
      "trade_date",
      "ts_code",
      "_prob_src"
    ],
    "missing_cols": [],
    "metrics": {
      "StrengthScore": {
        "non_null_rate": 1.0,
        "non_zero_rate": 0.9538216560509554,
        "std": 17.760858628439806,
        "unique_count": 1730
      },
      "ThemeBoost": {
        "non_null_rate": 1.0,
        "non_zero_rate": 0.7420382165605095,
        "std": 0.38156674826051606,
        "unique_count": 19
      },
      "turnover_rate": {
        "non_null_rate": 1.0,
        "non_zero_rate": 0.9538216560509554,
        "std": 12.131119097168188,
        "unique_count": 1793
      },
      "seal_amount": {
        "non_null_rate": 1.0,
        "non_zero_rate": 0.9304670912951167,
        "std": 214433477.73804662,
        "unique_count": 1754
      },
      "open_times": {
        "non_null_rate": 1.0,
        "non_zero_rate": 0.4554140127388535,
        "std": 3.5963583400299846,
        "unique_count": 27
      },
      "Probability": {
        "non_null_rate": 1.0,
        "non_zero_rate": 1.0,
        "std": 0.21714120037882517,
        "unique_count": 1832
      }
    },
    "pseudo_ratio": 0.04617834394904458,
    "window_days": 26,
    "rows_in_window": 1884,
    "pass": true
  },
  "stage_debug": {
    "prev_stage": "S1_MVP",
    "days_covered": 26,
    "rows_last": [
      48,
      36,
      69,
      68,
      44,
      86,
      112,
      70,
      73,
      92,
      55,
      93,
      75,
      63,
      75,
      88,
      83,
      44,
      69,
      74
    ]
  },
  "pseudo_ratio": 0.04617834394904458,
  "feature_history_file": "outputs/learning/feature_history.csv",
  "updated_at_utc": "2026-03-06T11:55:52Z",
  "model_version": "2f36b08425a7c62f62afaea29043ce299cc3fa7d",
  "today_yyyymmdd": "20260306",
  "latest_snapshot_yyyymmdd": "20260306",
  "label_upper_bound_yyyymmdd": "20260306"
}