{
  "sampling_stage": "S1_MVP",
  "target_rows_per_day": 200,
  "days_covered": 25,
  "rows_per_day_last_N": [
    75,
    104,
    71,
    53,
    80,
    84,
    48,
    36,
    69,
    68,
    44,
    86,
    112,
    70,
    73,
    92,
    55,
    93,
    75,
    63,
    75,
    88,
    83,
    44,
    69
  ],
  "quality_gate_pass": true,
  "quality_gate_details": {
    "core_cols": [
      "StrengthScore",
      "ThemeBoost",
      "turnover_rate",
      "seal_amount",
      "open_times",
      "Probability"
    ],
    "meta_cols": [
      "trade_date",
      "ts_code",
      "_prob_src"
    ],
    "missing_cols": [],
    "metrics": {
      "StrengthScore": {
        "non_null_rate": 1.0,
        "non_zero_rate": 0.9519337016574586,
        "std": 17.920754291682634,
        "unique_count": 1660
      },
      "ThemeBoost": {
        "non_null_rate": 1.0,
        "non_zero_rate": 0.7425414364640884,
        "std": 0.3814770708309117,
        "unique_count": 19
      },
      "turnover_rate": {
        "non_null_rate": 1.0,
        "non_zero_rate": 0.9519337016574586,
        "std": 12.168024062626275,
        "unique_count": 1720
      },
      "seal_amount": {
        "non_null_rate": 1.0,
        "non_zero_rate": 0.9276243093922651,
        "std": 216997195.76854196,
        "unique_count": 1680
      },
      "open_times": {
        "non_null_rate": 1.0,
        "non_zero_rate": 0.4558011049723757,
        "std": 3.6324443099572914,
        "unique_count": 27
      },
      "Probability": {
        "non_null_rate": 1.0,
        "non_zero_rate": 1.0,
        "std": 0.2141563967509767,
        "unique_count": 1758
      }
    },
    "pseudo_ratio": 0.04806629834254143,
    "window_days": 25,
    "rows_in_window": 1810,
    "pass": true
  },
  "stage_debug": {
    "prev_stage": "S1_MVP",
    "days_covered": 25,
    "rows_last": [
      84,
      48,
      36,
      69,
      68,
      44,
      86,
      112,
      70,
      73,
      92,
      55,
      93,
      75,
      63,
      75,
      88,
      83,
      44,
      69
    ]
  },
  "pseudo_ratio": 0.04806629834254143,
  "feature_history_file": "outputs/learning/feature_history.csv",
  "updated_at_utc": "2026-03-05T11:59:42Z",
  "model_version": "3086851ec77d64e6577b0adbb3619207f4272071",
  "today_yyyymmdd": "20260305",
  "latest_snapshot_yyyymmdd": "20260305",
  "label_upper_bound_yyyymmdd": "20260305"
}