{
  "sampling_stage": "S1_MVP",
  "target_rows_per_day": 200,
  "days_covered": 24,
  "rows_per_day_last_N": [
    75,
    104,
    71,
    53,
    80,
    84,
    48,
    36,
    69,
    68,
    44,
    86,
    112,
    70,
    73,
    92,
    55,
    93,
    75,
    63,
    75,
    88,
    83,
    44
  ],
  "quality_gate_pass": true,
  "quality_gate_details": {
    "core_cols": [
      "StrengthScore",
      "ThemeBoost",
      "turnover_rate",
      "seal_amount",
      "open_times",
      "Probability"
    ],
    "meta_cols": [
      "trade_date",
      "ts_code",
      "_prob_src"
    ],
    "missing_cols": [],
    "metrics": {
      "StrengthScore": {
        "non_null_rate": 1.0,
        "non_zero_rate": 0.9500287191269385,
        "std": 18.016561070333733,
        "unique_count": 1596
      },
      "ThemeBoost": {
        "non_null_rate": 1.0,
        "non_zero_rate": 0.7398047099368179,
        "std": 0.3795960076133823,
        "unique_count": 19
      },
      "turnover_rate": {
        "non_null_rate": 1.0,
        "non_zero_rate": 0.9500287191269385,
        "std": 12.22634378031488,
        "unique_count": 1651
      },
      "seal_amount": {
        "non_null_rate": 1.0,
        "non_zero_rate": 0.9247558874210224,
        "std": 220014667.1218049,
        "unique_count": 1611
      },
      "open_times": {
        "non_null_rate": 1.0,
        "non_zero_rate": 0.45835726593911547,
        "std": 3.674797797883337,
        "unique_count": 27
      },
      "Probability": {
        "non_null_rate": 1.0,
        "non_zero_rate": 1.0,
        "std": 0.20880160223616565,
        "unique_count": 1689
      }
    },
    "pseudo_ratio": 0.049971280873061456,
    "window_days": 24,
    "rows_in_window": 1741,
    "pass": true
  },
  "stage_debug": {
    "prev_stage": "S1_MVP",
    "days_covered": 24,
    "rows_last": [
      80,
      84,
      48,
      36,
      69,
      68,
      44,
      86,
      112,
      70,
      73,
      92,
      55,
      93,
      75,
      63,
      75,
      88,
      83,
      44
    ]
  },
  "pseudo_ratio": 0.049971280873061456,
  "feature_history_file": "outputs/learning/feature_history.csv",
  "updated_at_utc": "2026-03-04T11:56:15Z",
  "model_version": "2e49b4d7500713d8e0eb7a957d661f11462db458",
  "today_yyyymmdd": "20260304",
  "latest_snapshot_yyyymmdd": "20260304",
  "label_upper_bound_yyyymmdd": "20260304"
}