{
  "sampling_stage": "S1_MVP",
  "target_rows_per_day": 200,
  "days_covered": 21,
  "rows_per_day_last_N": [
    75,
    104,
    71,
    53,
    80,
    84,
    48,
    36,
    69,
    68,
    44,
    86,
    112,
    70,
    73,
    92,
    55,
    93,
    75,
    63,
    75
  ],
  "quality_gate_pass": true,
  "quality_gate_details": {
    "core_cols": [
      "StrengthScore",
      "ThemeBoost",
      "turnover_rate",
      "seal_amount",
      "open_times",
      "Probability"
    ],
    "meta_cols": [
      "trade_date",
      "ts_code",
      "_prob_src"
    ],
    "missing_cols": [],
    "metrics": {
      "StrengthScore": {
        "non_null_rate": 1.0,
        "non_zero_rate": 0.9429882044560943,
        "std": 18.489089679069856,
        "unique_count": 1393
      },
      "ThemeBoost": {
        "non_null_rate": 1.0,
        "non_zero_rate": 0.7267365661861075,
        "std": 0.37372240212198937,
        "unique_count": 19
      },
      "turnover_rate": {
        "non_null_rate": 1.0,
        "non_zero_rate": 0.9429882044560943,
        "std": 11.919901266339386,
        "unique_count": 1436
      },
      "seal_amount": {
        "non_null_rate": 1.0,
        "non_zero_rate": 0.9148099606815203,
        "std": 221816085.84475055,
        "unique_count": 1397
      },
      "open_times": {
        "non_null_rate": 1.0,
        "non_zero_rate": 0.4416775884665793,
        "std": 3.610223625965906,
        "unique_count": 27
      },
      "Probability": {
        "non_null_rate": 1.0,
        "non_zero_rate": 1.0,
        "std": 0.20257745134075894,
        "unique_count": 1474
      }
    },
    "pseudo_ratio": 0.05701179554390563,
    "window_days": 21,
    "rows_in_window": 1526,
    "pass": true
  },
  "stage_debug": {
    "prev_stage": "S1_MVP",
    "days_covered": 21,
    "rows_last": [
      104,
      71,
      53,
      80,
      84,
      48,
      36,
      69,
      68,
      44,
      86,
      112,
      70,
      73,
      92,
      55,
      93,
      75,
      63,
      75
    ]
  },
  "pseudo_ratio": 0.05701179554390563,
  "feature_history_file": "outputs/learning/feature_history.csv",
  "updated_at_utc": "2026-02-27T11:58:32Z",
  "model_version": "540acaa9b2416eb74d99d7eaba54de306e48f719",
  "today_yyyymmdd": "20260227",
  "latest_snapshot_yyyymmdd": "20260227",
  "label_upper_bound_yyyymmdd": "20260227"
}