{
  "sampling_stage": "S1_MVP",
  "target_rows_per_day": 200,
  "days_covered": 23,
  "rows_per_day_last_N": [
    75,
    104,
    71,
    53,
    80,
    84,
    48,
    36,
    69,
    68,
    44,
    86,
    112,
    70,
    73,
    92,
    55,
    93,
    75,
    63,
    75,
    88,
    83
  ],
  "quality_gate_pass": true,
  "quality_gate_details": {
    "core_cols": [
      "StrengthScore",
      "ThemeBoost",
      "turnover_rate",
      "seal_amount",
      "open_times",
      "Probability"
    ],
    "meta_cols": [
      "trade_date",
      "ts_code",
      "_prob_src"
    ],
    "missing_cols": [],
    "metrics": {
      "StrengthScore": {
        "non_null_rate": 1.0,
        "non_zero_rate": 0.948733058338244,
        "std": 18.112122497872086,
        "unique_count": 1558
      },
      "ThemeBoost": {
        "non_null_rate": 1.0,
        "non_zero_rate": 0.7389510901591043,
        "std": 0.3795807324535274,
        "unique_count": 19
      },
      "turnover_rate": {
        "non_null_rate": 1.0,
        "non_zero_rate": 0.948733058338244,
        "std": 12.157879113970443,
        "unique_count": 1607
      },
      "seal_amount": {
        "non_null_rate": 1.0,
        "non_zero_rate": 0.9228049499116088,
        "std": 221756614.2514923,
        "unique_count": 1567
      },
      "open_times": {
        "non_null_rate": 1.0,
        "non_zero_rate": 0.45492044784914554,
        "std": 3.6949182336832758,
        "unique_count": 27
      },
      "Probability": {
        "non_null_rate": 1.0,
        "non_zero_rate": 1.0,
        "std": 0.20859045187660066,
        "unique_count": 1645
      }
    },
    "pseudo_ratio": 0.05126694166175604,
    "window_days": 23,
    "rows_in_window": 1697,
    "pass": true
  },
  "stage_debug": {
    "prev_stage": "S1_MVP",
    "days_covered": 23,
    "rows_last": [
      53,
      80,
      84,
      48,
      36,
      69,
      68,
      44,
      86,
      112,
      70,
      73,
      92,
      55,
      93,
      75,
      63,
      75,
      88,
      83
    ]
  },
  "pseudo_ratio": 0.05126694166175604,
  "feature_history_file": "outputs/learning/feature_history.csv",
  "updated_at_utc": "2026-03-03T11:57:56Z",
  "model_version": "c7c5e7165c06b976d35d41f4d2e877c6e24c2116",
  "today_yyyymmdd": "20260303",
  "latest_snapshot_yyyymmdd": "20260303",
  "label_upper_bound_yyyymmdd": "20260303"
}