{
  "sampling_stage": "S1_MVP",
  "target_rows_per_day": 200,
  "days_covered": 17,
  "rows_per_day_last_N": [
    104,
    71,
    53,
    80,
    84,
    48,
    36,
    69,
    68,
    44,
    86,
    112,
    70,
    73,
    92,
    55,
    93
  ],
  "quality_gate_pass": true,
  "quality_gate_details": {
    "core_cols": [
      "StrengthScore",
      "ThemeBoost",
      "turnover_rate",
      "seal_amount",
      "open_times",
      "Probability"
    ],
    "meta_cols": [
      "trade_date",
      "ts_code",
      "_prob_src"
    ],
    "missing_cols": [],
    "metrics": {
      "StrengthScore": {
        "non_null_rate": 1.0,
        "non_zero_rate": 0.9297253634894992,
        "std": 19.411534301185316,
        "unique_count": 1125
      },
      "ThemeBoost": {
        "non_null_rate": 1.0,
        "non_zero_rate": 0.7269789983844911,
        "std": 0.3745103212333509,
        "unique_count": 19
      },
      "turnover_rate": {
        "non_null_rate": 1.0,
        "non_zero_rate": 0.9297253634894992,
        "std": 12.168991469308446,
        "unique_count": 1149
      },
      "seal_amount": {
        "non_null_rate": 1.0,
        "non_zero_rate": 0.8982229402261712,
        "std": 239652331.51741922,
        "unique_count": 1113
      },
      "open_times": {
        "non_null_rate": 1.0,
        "non_zero_rate": 0.44264943457189015,
        "std": 3.505144569192525,
        "unique_count": 26
      },
      "Probability": {
        "non_null_rate": 1.0,
        "non_zero_rate": 1.0,
        "std": 0.2011297413080693,
        "unique_count": 1186
      }
    },
    "pseudo_ratio": 0.07027463651050081,
    "window_days": 17,
    "rows_in_window": 1238,
    "pass": true
  },
  "stage_debug": {
    "prev_stage": "S1_MVP",
    "days_covered": 17,
    "rows_last": [
      104,
      71,
      53,
      80,
      84,
      48,
      36,
      69,
      68,
      44,
      86,
      112,
      70,
      73,
      92,
      55,
      93
    ]
  },
  "pseudo_ratio": 0.07027463651050081,
  "feature_history_file": "outputs/learning/feature_history.csv",
  "updated_at_utc": "2026-02-24T11:47:27Z",
  "model_version": "79c4880560a7fc0bd21b57556e465a3128092d2e",
  "today_yyyymmdd": "20260224",
  "latest_snapshot_yyyymmdd": "20260224",
  "label_upper_bound_yyyymmdd": "20260224"
}