{
  "sampling_stage": "S1_MVP",
  "target_rows_per_day": 200,
  "days_covered": 29,
  "rows_per_day_last_N": [
    75,
    104,
    71,
    53,
    80,
    84,
    48,
    36,
    69,
    68,
    44,
    86,
    112,
    70,
    73,
    92,
    55,
    93,
    75,
    63,
    75,
    88,
    83,
    44,
    69,
    74,
    42,
    56,
    53
  ],
  "quality_gate_pass": true,
  "quality_gate_details": {
    "core_cols": [
      "StrengthScore",
      "ThemeBoost",
      "turnover_rate",
      "seal_amount",
      "open_times",
      "Probability"
    ],
    "meta_cols": [
      "trade_date",
      "ts_code",
      "_prob_src"
    ],
    "missing_cols": [],
    "metrics": {
      "StrengthScore": {
        "non_null_rate": 1.0,
        "non_zero_rate": 0.9572481572481573,
        "std": 17.478836761552614,
        "unique_count": 1872
      },
      "ThemeBoost": {
        "non_null_rate": 1.0,
        "non_zero_rate": 0.743980343980344,
        "std": 0.3822986449622768,
        "unique_count": 19
      },
      "turnover_rate": {
        "non_null_rate": 1.0,
        "non_zero_rate": 0.9572481572481573,
        "std": 12.095593487413353,
        "unique_count": 1943
      },
      "seal_amount": {
        "non_null_rate": 1.0,
        "non_zero_rate": 0.9356265356265356,
        "std": 209098417.86235023,
        "unique_count": 1905
      },
      "open_times": {
        "non_null_rate": 1.0,
        "non_zero_rate": 0.4511056511056511,
        "std": 3.5317087837396683,
        "unique_count": 27
      },
      "Probability": {
        "non_null_rate": 1.0,
        "non_zero_rate": 1.0,
        "std": 0.2191327485738443,
        "unique_count": 1983
      }
    },
    "pseudo_ratio": 0.04275184275184275,
    "window_days": 29,
    "rows_in_window": 2035,
    "pass": true
  },
  "stage_debug": {
    "prev_stage": "S1_MVP",
    "days_covered": 29,
    "rows_last": [
      68,
      44,
      86,
      112,
      70,
      73,
      92,
      55,
      93,
      75,
      63,
      75,
      88,
      83,
      44,
      69,
      74,
      42,
      56,
      53
    ]
  },
  "pseudo_ratio": 0.04275184275184275,
  "feature_history_file": "outputs/learning/feature_history.csv",
  "updated_at_utc": "2026-03-11T11:59:22Z",
  "model_version": "8e255df74b4c8815075bac684c4296bcd9bcdb36",
  "today_yyyymmdd": "20260311",
  "latest_snapshot_yyyymmdd": "20260311",
  "label_upper_bound_yyyymmdd": "20260311"
}