{
  "sampling_stage": "S1_MVP",
  "target_rows_per_day": 200,
  "days_covered": 22,
  "rows_per_day_last_N": [
    75,
    104,
    71,
    53,
    80,
    84,
    48,
    36,
    69,
    68,
    44,
    86,
    112,
    70,
    73,
    92,
    55,
    93,
    75,
    63,
    75,
    88
  ],
  "quality_gate_pass": true,
  "quality_gate_details": {
    "core_cols": [
      "StrengthScore",
      "ThemeBoost",
      "turnover_rate",
      "seal_amount",
      "open_times",
      "Probability"
    ],
    "meta_cols": [
      "trade_date",
      "ts_code",
      "_prob_src"
    ],
    "missing_cols": [],
    "metrics": {
      "StrengthScore": {
        "non_null_rate": 1.0,
        "non_zero_rate": 0.9460966542750929,
        "std": 18.25692544229066,
        "unique_count": 1478
      },
      "ThemeBoost": {
        "non_null_rate": 1.0,
        "non_zero_rate": 0.7298636926889716,
        "std": 0.3752228396543651,
        "unique_count": 19
      },
      "turnover_rate": {
        "non_null_rate": 1.0,
        "non_zero_rate": 0.9460966542750929,
        "std": 11.840510187414004,
        "unique_count": 1524
      },
      "seal_amount": {
        "non_null_rate": 1.0,
        "non_zero_rate": 0.919454770755886,
        "std": 220654195.35786292,
        "unique_count": 1485
      },
      "open_times": {
        "non_null_rate": 1.0,
        "non_zero_rate": 0.4448574969021066,
        "std": 3.5740794502529787,
        "unique_count": 27
      },
      "Probability": {
        "non_null_rate": 1.0,
        "non_zero_rate": 1.0,
        "std": 0.2028648729169585,
        "unique_count": 1562
      }
    },
    "pseudo_ratio": 0.05390334572490706,
    "window_days": 22,
    "rows_in_window": 1614,
    "pass": true
  },
  "stage_debug": {
    "prev_stage": "S1_MVP",
    "days_covered": 22,
    "rows_last": [
      71,
      53,
      80,
      84,
      48,
      36,
      69,
      68,
      44,
      86,
      112,
      70,
      73,
      92,
      55,
      93,
      75,
      63,
      75,
      88
    ]
  },
  "pseudo_ratio": 0.05390334572490706,
  "feature_history_file": "outputs/learning/feature_history.csv",
  "updated_at_utc": "2026-03-02T11:57:24Z",
  "model_version": "25518345798015602b304b3f88cedd5815e60e38",
  "today_yyyymmdd": "20260302",
  "latest_snapshot_yyyymmdd": "20260302",
  "label_upper_bound_yyyymmdd": "20260302"
}