ts_code,trade_date,auction_price,auction_vol,auction_amount,auction_pct_chg,auction_amount_ratio,auction_strength_score
600000.SH,20260814,9.14,510500,4665970.0,-0.43572984749454813,11.735746504052441,42.38562091503271
600004.SH,20260814,7.53,16100,121233.0,0.0,2.3549172419459765,45.0
600006.SH,20260814,5.41,90800,491228.0,0.37105751391466324,7.048432511934518,47.22634508348798
600007.SH,20260814,18.3,5200,95160.0,-0.05461496450026582,3.3275937353537004,44.672310212998404
600008.SH,20260814,2.83,505102,1429439.0,-0.35211267605632646,9.744623921634147,42.88732394366204
600009.SH,20260814,23.4,24400,570960.0,-0.042716787697572034,2.8219562111238417,44.74369927381457
600010.SH,20260814,2.21,1937800,4282538.0,0.0,5.1282570497446285,45.0
600011.SH,20260814,6.92,309800,2143816.0,0.0,4.323572587791974,45.0
600012.SH,20260814,16.44,34500,567180.0,-0.24271844660194164,6.008817127088739,43.54368932038835
600015.SH,20260814,6.64,206500,1371160.0,-0.30030030030030463,3.7674857467792644,43.19819819819817
600016.SH,20260814,3.46,1120800,3877968.0,-0.2881844380403509,5.388539976579584,43.27089337175789
600017.SH,20260814,2.67,77300,206391.0,0.0,4.39003391619247,45.0
600018.SH,20260814,5.08,331200,1682496.0,-0.39215686274508554,11.50423286006596,42.647058823529484
600019.SH,20260814,5.66,381400,2158724.0,-0.17636684303350414,2.959944014008822,43.94179894179898
600020.SH,20260814,3.77,6900,26013.0,0.26595744680850686,0.8230328721790685,46.59574468085104
600021.SH,20260814,14.49,101100,1464939.0,-0.2752924982794114,2.371476221839026,43.34824501032353
600022.SH,20260814,1.34,134400,180096.0,0.7518796992481258,2.4951276735727497,49.51127819548876
600023.SH,20260814,4.96,136300,676048.0,0.0,5.019584530718096,45.0
600025.SH,20260814,9.68,45500,440440.0,-0.308959835221434,2.8473426559217647,43.146240988671394
600026.SH,20260814,16.99,192900,3277371.0,1.432835820895506,6.252345258307999,53.59701492537304
600027.SH,20260814,4.58,529600,2425568.0,-0.43478260869563856,10.52909294565688,42.39130434782617
600028.SH,20260814,4.98,374200,1863516.0,-0.2004008016032066,2.337022682719158,43.79759519038076
600029.SH,20260814,5.05,208600,1053430.0,0.0,4.7829413513355075,45.0
600030.SH,20260814,27.82,417400,11612068.0,-0.07183908045976795,3.2803683357248374,44.568965517241395
600031.SH,20260814,18.7,191300,3577310.0,-0.10683760683760646,4.029060113737731,44.358974358974365
600032.SH,20260814,7.4,167500,1239500.0,-0.40376850605652326,4.417454913591232,42.57738896366086
600033.SH,20260814,3.51,44000,154440.0,0.28571428571428914,3.1258288815132946,46.71428571428574
600035.SH,20260814,3.42,26100,89262.0,0.0,3.181507267136155,45.0
600036.SH,20260814,38.65,182300,7045895.0,-0.30951766830024097,3.7518884797864316,43.14289399019855
600037.SH,20260814,7.09,40900,289981.0,0.28288543140027045,3.3372777553941737,46.69731258840162
600038.SH,20260814,26.6,8900,236740.0,0.037608123354648804,1.2609002305688743,45.225648740127895
600039.SH,20260814,8.39,12700,106553.0,0.11933174224343368,1.7921362468247244,45.715990453460606
600048.SH,20260814,5.31,161400,857034.0,-0.37523452157599557,1.5642353774073803,42.74859287054403
600050.SH,20260814,4.3,492100,2116030.0,0.0,3.8097278906224625,45.0
600051.SH,20260814,6.17,6300,38871.0,0.0,1.4413119509496377,45.0
600052.SH,20260814,4.06,340200,1381212.0,3.045685279187804,22.379586209712496,63.274111675126825
600053.SH,20260814,7.19,11100,79809.0,0.0,10.247578223347361,45.0
600054.SH,20260814,11.17,20300,226751.0,-0.2678571428571419,4.124885970372371,43.392857142857146
600055.SH,20260814,11.55,12200,140910.0,0.5221932114882533,2.0959222598620237,48.13315926892952
600056.SH,20260814,9.57,92900,889053.0,0.0,4.341900055643822,45.0
600057.SH,20260814,6.26,22200,138972.0,0.16000000000000458,2.1803344911620925,45.96000000000003
600058.SH,20260814,10.79,90600,977574.0,1.2195121951219523,7.519775936717003,52.31707317073172
600059.SH,20260814,8.5,459700,3907450.0,0.9501187648456089,15.924131454358227,50.70071258907365
600060.SH,20260814,25.83,6800,175644.0,-0.077369439071584,1.160895024657618,44.535783365570495
600061.SH,20260814,6.45,64900,418605.0,-0.1547987616099089,2.4167629944405067,44.07120743034055
600062.SH,20260814,16.39,16400,268796.0,-0.1827040194884333,1.1961141233739592,43.9037758830694
600063.SH,20260814,5.98,116000,693680.0,0.0,2.972866014864107,45.0
600064.SH,20260814,7.59,28900,219351.0,0.13192612137202797,2.986058674948255,45.791556728232166
600066.SH,20260814,29.08,53700,1561596.0,-0.4450530640191852,2.3977446132393485,42.32968161588489
600067.SH,20260814,2.83,106700,301961.0,0.7117437722419906,6.76971989379045,49.27046263345194
600071.SH,20260814,15.73,4000,62920.0,0.0,2.4668241168518747,45.0
600072.SH,20260814,8.86,55800,494388.0,-0.22522522522524513,3.311367108119544,43.64864864864853
600073.SH,20260814,5.28,440800,2327424.0,-0.5649717514124131,26.452634321174198,41.610169491525525
600075.SH,20260814,4.46,62200,277412.0,-0.22371364653243075,4.14058761561128,43.65771812080541
600076.SH,20260814,3.14,86800,272552.0,0.9646302250803984,5.013730401433966,50.78778135048239
600078.SH,20260814,10.84,267100,2895364.0,-0.8234217749313766,14.7880566871863,40.05946935041174
600079.SH,20260814,18.08,15800,285664.0,0.055340343110121815,2.113109672074101,45.33204205866073
600080.SH,20260814,4.93,3800,18734.0,-0.8048289738430636,1.7806295562455197,40.17102615694162
600081.SH,20260814,9.96,1200,11952.0,-0.39999999999998925,0.3888333009956241,42.600000000000065
600082.SH,20260814,2.86,25100,71786.0,0.35087719298245723,6.480680015498887,47.10526315789474
600084.SH,20260814,4.12,3600,14832.0,-0.2421307506053183,2.158142740073009,43.54721549636809
600085.SH,20260814,24.74,21300,526962.0,-0.40257648953301306,2.3799812325624727,42.58454106280192
600088.SH,20260814,11.75,14500,170375.0,-0.423728813559332,1.3760636881446753,42.457627118644005
600089.SH,20260814,20.98,246500,5171570.0,-0.14278914802475784,3.59914235049749,44.143265111851456
600094.SH,20260814,4.15,202200,839130.0,0.728155339805836,8.231503065710816,49.36893203883501
600095.SH,20260814,8.13,83900,682107.0,-0.24539877300613355,2.5326618406382724,43.5276073619632
600096.SH,20260814,28.8,84800,2442240.0,0.0,7.029971577900672,45.0
600097.SH,20260814,8.49,22200,188478.0,0.0,4.652436038199354,45.0
600098.SH,20260814,6.22,99900,621378.0,0.0,4.753654005551247,45.0
600099.SH,20260814,8.85,22200,196470.0,0.4540295119182636,7.642001610860969,47.72417707150958
600100.SH,20260814,6.96,57100,397416.0,0.28818443804032867,2.5148299226160273,46.72910662824197
600101.SH,20260814,8.21,50800,417068.0,0.12195121951221743,3.829539877388209,45.7317073170733
600103.SH,20260814,2.94,350100,1029294.0,-0.3389830508474634,4.452865315267017,42.96610169491522
600104.SH,20260814,10.15,259700,2635955.0,-0.1966568338249708,9.203763743018975,43.820058997050175
600105.SH,20260814,41.55,1617294,67198566.0,1.9381746810598566,9.20052035047541,56.62904808635914
600106.SH,20260814,4.44,46900,208236.0,0.0,4.371287003280565,45.0
600107.SH,20260814,5.76,10900,62784.0,2.3090586145648295,8.923859370187369,58.85435168738898
600108.SH,20260814,3.17,89300,283081.0,0.0,1.5977023599608218,45.0
600109.SH,20260814,8.79,48500,426315.0,0.1138952164009055,2.408087024061919,45.68337129840543
600110.SH,20260814,10.17,788800,8022096.0,0.09842519685039353,7.1752953084590745,45.59055118110236
600111.SH,20260814,41.02,235100,9643802.0,0.0,2.152477545870379,45.0
600113.SH,20260814,31.45,6500,204425.0,-0.06355258976803446,1.799910795566911,44.618684461391794
600114.SH,20260814,29.29,78900,2310981.0,0.0,4.687565263371853,45.0
600115.SH,20260814,3.57,779500,2782815.0,0.0,6.285936962272282,45.0
600116.SH,20260814,6.57,70500,463185.0,0.4587155963302836,5.41491391340786,47.7522935779817
600117.SH,20260814,2.24,59900,134176.0,0.0,4.897642319752866,45.0
600118.SH,20260814,66.59,154800,10308132.0,0.7413010590015201,5.902833066818603,49.44780635400912
600119.SH,20260814,4.49,2700,12123.0,0.22321428571427937,1.1359259079840982,46.33928571428568
600120.SH,20260814,5.06,104300,527758.0,-0.19723865877713243,3.7253690923627154,43.816568047337206
600121.SH,20260814,3.96,153900,609444.0,0.25316455696202667,3.160004117767785,46.51898734177216
600123.SH,20260814,7.2,44100,317520.0,0.0,2.652582471823245,45.0
600125.SH,20260814,5.49,5500,30195.0,0.18248175182480342,0.9638408536115511,46.09489051094882
600126.SH,20260814,6.93,1897000,13146210.0,-0.5738880918220945,9.625416591164683,41.55667144906743
600127.SH,20260814,6.06,125200,758712.0,-0.8183306055646544,3.888499703393194,40.090016366612076
600128.SH,20260814,8.18,28900,236402.0,0.0,10.983065733324594,45.0
600129.SH,20260814,16.4,284800,4670720.0,-1.2642986152920033,4.585979338248067,37.41420830824798
600130.SH,20260814,4.4,174900,769560.0,0.6864988558352492,7.2573570896379795,49.11899313501149
600131.SH,20260814,15.68,26000,407680.0,0.12771392081736277,4.042915195728346,45.766283524904175
600132.SH,20260814,43.27,9600,415392.0,0.23164234422052843,3.8857731686460935,46.38985406532317
600133.SH,20260814,8.5,100100,850850.0,-0.1175088131609825,5.802647013644203,44.294947121034106
600135.SH,20260814,7.43,14700,109221.0,0.40540540540539016,2.6962283019422197,47.43243243243234
600136.SH,20260814,,0,0.0,,0.0,0.0
600137.SH,20260814,17.73,7700,136521.0,0.11293054771315258,8.590965494235846,45.67758328627892
600138.SH,20260814,7.1,8400,59640.0,-0.14064697609001975,0.9837958886800312,44.15611814345988
600141.SH,20260814,30.88,180000,5558400.0,-0.06472491909385036,8.286262806803487,44.6116504854369
600143.SH,20260814,15.43,144000,2221920.0,0.5211726384364734,5.496745490377645,48.12703583061884
600148.SH,20260814,15.25,8500,129625.0,0.5273566249176076,7.533484996843057,48.164139749505644
600149.SH,20260814,4.84,27100,131164.0,-0.4115226337448652,4.67237151672965,42.53086419753081
600150.SH,20260814,33.75,190000,6412500.0,-0.0888099467140302,2.6519356856353973,44.46714031971582
600151.SH,20260814,11.08,30000,332400.0,0.2714932126696823,0.8366618665499355,46.628959276018094
600152.SH,20260814,8.2,38100,312420.0,0.7371007371007154,3.144792478524476,49.422604422604294
600153.SH,20260814,8.87,39300,348591.0,0.0,3.8576291804359233,45.0
600155.SH,20260814,5.94,111900,664686.0,-0.1680672268907557,5.567348227913091,43.991596638655466
600156.SH,20260814,8.86,672800,5961008.0,-2.5302530253025313,22.600826784223973,29.818481848184813
600157.SH,20260814,1.58,1327000,2096660.0,0.0,5.601336055940395,45.0
600158.SH,20260814,7.19,67000,481730.0,0.1392757660167332,2.5246154592917143,45.8356545961004
600159.SH,20260814,2.53,61700,156101.0,0.3968253968253954,4.046323025359059,47.38095238095237
600160.SH,20260814,41.33,150500,6220165.0,0.02420135527589906,5.697506690744913,45.145208131655394
600161.SH,20260814,12.7,61000,774700.0,-0.5481597494126911,4.211947824214969,41.71104150352385
600162.SH,20260814,4.57,9683700,44254509.0,0.0,31.623076183581844,45.0
600163.SH,20260814,5.23,48300,252609.0,0.19157088122607746,2.2058350063812378,46.149425287356465
600165.SH,20260814,2.46,800,1968.0,0.0,0.23786449894109202,42.81560980939656
600166.SH,20260814,2.97,349800,1038906.0,-0.3355704697986517,2.295000871704292,42.98657718120809
600167.SH,20260814,5.72,23600,134992.0,0.17513134851137035,3.153337555941479,46.05078809106822
600168.SH,20260814,4.33,53500,231655.0,0.23148148148146586,5.362546501117523,46.38888888888879
600169.SH,20260814,2.06,50200,103412.0,0.0,5.500826145233257,45.0
600170.SH,20260814,2.29,273800,627002.0,0.0,2.765298178328809,45.0
600171.SH,20260814,23.24,25200,585648.0,0.5625270445694497,2.6089345950982716,48.3751622674167
600172.SH,20260814,12.3,1208500,14864550.0,1.8211920529801473,9.755776192411231,55.92715231788088
600173.SH,20260814,6.27,4800,30096.0,0.31999999999998696,1.0456802004470547,46.91999999999992
600176.SH,20260814,42.4,1785300,75696720.0,1.193317422434359,6.218403626022145,52.159904534606156
600177.SH,20260814,7.8,550300,4292340.0,-0.7633587786259555,17.642403507005696,40.419847328244266
600178.SH,20260814,9.54,24400,232776.0,-0.41753653444677186,4.717537789640933,42.49478079331937
600179.SH,20260814,4.4,2939300,12932920.0,-3.9301310043668103,31.341727845271475,21.41921397379914
600180.SH,20260814,1.59,202100,321339.0,0.6329113924050667,7.695221902258835,48.7974683544304
600182.SH,20260814,13.57,13400,181838.0,-0.14716703458425018,6.148798086791118,44.1169977924945
600183.SH,20260814,144.0,464500,66888000.0,1.5944687455905049,6.93469781169616,54.56681247354303
600184.SH,20260814,18.08,14200,256736.0,0.5002779321845452,1.1229263252891208,48.00166759310727
600185.SH,20260814,4.74,39000,184860.0,0.0,2.157566903189812,45.0
600186.SH,20260814,10.93,2559600,27976428.0,0.0,7.950835073058006,45.0
600187.SH,20260814,1.36,214800,292128.0,0.0,9.818676411309534,45.0
600188.SH,20260814,21.49,141000,3030090.0,-0.0465116279069866,2.270059155572441,44.72093023255808
600189.SH,20260814,7.55,12100,91355.0,0.26560424966799445,1.457408371042276,46.59362549800797
600191.SH,20260814,10.98,74400,816912.0,2.2346368715083775,5.390294014543524,58.40782122905026
600192.SH,20260814,7.38,64900,478962.0,0.0,5.834431781694347,45.0
600195.SH,20260814,6.61,14400,95184.0,-0.45180722891565717,3.7501244013468362,42.289156626506056
600196.SH,20260814,24.32,130600,3176192.0,-0.4502660663119107,4.378518389873873,42.29840360212854
600197.SH,20260814,10.5,21100,221550.0,-0.3795066413662118,3.14910319212459,42.72296015180273
600198.SH,20260814,7.17,51500,369255.0,0.5610098176718203,0.8874491346219131,48.36605890603092
600199.SH,20260814,7.91,273200,2161012.0,0.25348542458809575,10.748155289082142,46.520912547528575
600201.SH,20260814,13.72,31200,428064.0,0.5865102639296182,2.1766633119875944,48.51906158357771
600202.SH,20260814,4.91,13900,68249.0,-0.40567951318457585,2.8503271492648197,42.56592292089255
600203.SH,20260814,10.35,76300,789705.0,0.4854368932038833,5.502495822794586,47.9126213592233
600206.SH,20260814,51.44,995421,51204456.0,2.4497112129057808,11.619198415554463,59.69826727743468
600207.SH,20260814,4.48,41600,186368.0,0.9009009009008917,2.7398691343777406,50.40540540540535
600208.SH,20260814,3.07,574700,1764329.0,0.0,5.478107775743597,45.0
600210.SH,20260814,6.12,29100,178092.0,0.3278688524590345,2.587738031555403,46.96721311475421
600211.SH,20260814,39.9,60200,2401980.0,-0.3745318352059934,8.66493570448736,42.75280898876404
600212.SH,20260814,5.51,6500,35815.0,0.36429872495444826,1.0597315788529948,47.18579234972669
600215.SH,20260814,6.77,52600,356102.0,0.4451038575667532,4.574357053705669,47.67062314540052
600216.SH,20260814,13.24,648600,8587464.0,-1.2677106636838187,14.644790511196021,37.39373601789709
600217.SH,20260814,3.13,19200,60096.0,0.0,2.0381004317940414,45.0
600218.SH,20260814,7.58,11900,90202.0,0.0,3.9350334278476575,45.0
600219.SH,20260814,4.7,1025400,4819380.0,-0.634249471458781,8.869380105954548,41.19450317124731
600221.SH,20260814,1.33,5548400,7379372.0,0.0,34.39608089956855,45.0
600222.SH,20260814,8.03,148600,1193258.0,-0.4956629491945641,6.702718032380755,42.026022304832615
600223.SH,20260814,5.68,29000,164720.0,-0.17574692442883233,4.016161490263137,43.945518453427006
600226.SH,20260814,6.3,2417500,15230250.0,3.4482758620689724,14.632511889321227,65.68965517241384
600227.SH,20260814,3.5,501500,1755250.0,0.0,3.4336537710387907,45.0
600228.SH,20260814,8.18,84800,693664.0,-0.24390243902439046,3.1211213993226785,43.536585365853654
600229.SH,20260814,5.14,7100,36494.0,-0.387596899224818,1.8339257468621648,42.674418604651095
600230.SH,20260814,14.72,66100,972992.0,-0.20338983050847137,4.656127691001934,43.77966101694917
600231.SH,20260814,1.7,46000,78200.0,0.591715976331364,3.0147394931606084,48.55029585798818
600232.SH,20260814,6.35,7700,48895.0,0.0,1.6974270865760022,45.0
600233.SH,20260814,18.53,25500,472515.0,0.3791982665222182,1.4061016595891906,47.27518959913331
600234.SH,20260814,22.71,71000,1612410.0,0.22065313327450653,20.94445147394624,46.32391879964704
600235.SH,20260814,5.65,14200,80230.0,0.0,3.7693480357482465,45.0
600236.SH,20260814,10.43,44200,461006.0,0.0,1.828535021082774,45.0
600237.SH,20260814,8.74,142700,1247198.0,0.9237875288683695,5.277625374863494,50.542725173210215
600238.SH,20260814,4.46,16400,73144.0,0.0,5.860175244429012,45.0
600239.SH,20260814,1.43,239350,342271.0,0.0,24.403101816470414,45.0
600241.SH,20260814,7.19,26600,191254.0,0.5594405594405494,6.366479801770773,48.356643356643296
600243.SH,20260814,3.75,37400,140250.0,-0.26595744680850686,4.691564192925014,43.40425531914896
600246.SH,20260814,12.53,704900,8832397.0,0.0,8.506875685282216,45.0
600248.SH,20260814,2.89,69000,199410.0,0.3472222222222321,4.551211641132546,47.08333333333339
600249.SH,20260814,5.3,4200,22260.0,0.37878787878786735,0.7105235690498998,47.2727272727272
600250.SH,20260814,8.53,8100,69093.0,-0.11709601873536313,1.5259966728577021,44.29742388758782
600251.SH,20260814,9.7,30700,297790.0,-0.2057613168724437,4.410758559825047,43.76543209876534
600252.SH,20260814,2.35,223300,524755.0,-1.2605042016806678,2.6506745087831707,37.43697478991599
600255.SH,20260814,3.26,263100,857706.0,0.0,5.117163093741064,45.0
600256.SH,20260814,5.77,403900,2330503.0,-0.17301038062285112,5.516513252247928,43.961937716262895
600257.SH,20260814,5.62,114500,643490.0,0.0,5.3504540768545175,45.0
600258.SH,20260814,12.19,57600,702144.0,-0.08196721311475308,5.052102468954038,44.50819672131148
600259.SH,20260814,88.08,30100,2651208.0,0.0,1.8105398349023476,45.0
600261.SH,20260814,3.07,21000,64470.0,0.0,1.561722863012269,45.0
600262.SH,20260814,14.84,22900,339836.0,-0.06734006734006037,3.8855449771359676,44.59595959595964
600265.SH,20260814,24.67,2800,69076.0,0.0,1.2933475807026908,45.0
600266.SH,20260814,4.4,2062100,9073240.0,0.0,32.45106051359332,45.0
600267.SH,20260814,14.0,715000,10010000.0,0.2865329512893977,8.173770266531648,46.719197707736384
600268.SH,20260814,11.11,19600,217756.0,0.27075812274368616,1.0270553012935937,46.62454873646212
600269.SH,20260814,3.79,76700,290693.0,0.2645502645502784,5.672194890616688,46.58730158730167
600271.SH,20260814,6.95,14800,102860.0,0.28860028860029363,1.3102239015461636,46.731601731601764
600272.SH,20260814,15.57,678300,10561131.0,-2.6874999999999982,13.797501264191313,28.87500000000001
600273.SH,20260814,6.76,86600,585416.0,-0.2949852507374673,8.618702010368454,43.230088495575195
600276.SH,20260814,53.68,504100,27060088.0,-0.14880952380952328,5.863356693403465,44.10714285714286
600278.SH,20260814,6.24,11300,70512.0,0.0,3.9204533607996366,45.0
600279.SH,20260814,4.24,7900,33496.0,-0.23529411764705577,1.2213342325371375,43.588235294117666
600280.SH,20260814,3.05,80200,244610.0,0.3289473684210398,3.059922236619142,46.97368421052624
600281.SH,20260814,4.4,5800,25520.0,0.0,0.8091874996512123,45.0
600282.SH,20260814,4.61,98400,453624.0,-0.21645021645021467,5.051589017646987,43.70129870129871
600283.SH,20260814,7.97,11500,91655.0,0.2515723270440251,6.903594026641825,46.509433962264154
600284.SH,20260814,5.34,110100,587934.0,0.0,5.656632659015572,45.0
600285.SH,20260814,19.73,177000,3492210.0,0.30503304524656105,10.156550170702815,46.83019827147937
600287.SH,20260814,4.73,20500,96965.0,0.0,8.448407471053107,45.0
600288.SH,20260814,12.0,301470,3617640.0,-0.16638935108153063,5.666153184521199,44.001663893510816
600289.SH,20260814,4.54,2900,13166.0,0.0,1.4890658390811358,45.0
600292.SH,20260814,12.55,20200,253510.0,0.0,2.2890487118613367,45.0
600293.SH,20260814,2.79,50800,141732.0,0.0,2.073667668669189,45.0
600295.SH,20260814,12.4,11600,143840.0,-0.5613472333600655,2.237057763898398,41.631916599839606
600298.SH,20260814,43.23,20400,881892.0,-0.9848831882730225,1.7117714413187275,39.090700870361864
600299.SH,20260814,8.3,104000,863200.0,0.0,3.880652335679538,45.0
600300.SH,20260814,3.22,145700,469154.0,-0.3095975232198067,6.844784487929136,43.14241486068116
600301.SH,20260814,48.47,82900,4018163.0,-0.6151322534344916,6.234135898398183,41.30920647939305
600302.SH,20260814,6.93,21400,148302.0,0.28943560057885787,5.677880821395651,46.736613603473145
600303.SH,20260814,2.93,98000,287140.0,-0.6779661016949157,3.722000208667407,40.932203389830505
600305.SH,20260814,6.92,35400,244968.0,0.28985507246375164,4.643997623403391,46.73913043478251
600307.SH,20260814,1.46,235700,344122.0,0.0,5.2251724667383845,45.0
600308.SH,20260814,3.22,31100,100142.0,0.31152647975078995,3.5870791933108723,46.86915887850474
600309.SH,20260814,73.02,162800,11887656.0,-0.12310217480508978,8.350838117014073,44.26138695116946
600310.SH,20260814,4.56,275300,1255368.0,-0.6535947712418388,2.881662621325014,41.07843137254897
600312.SH,20260814,19.51,47500,926725.0,-0.2046035805626567,2.241512854343642,43.77237851662406
600313.SH,20260814,5.67,115300,653751.0,-0.5263157894736858,6.484006121209797,41.84210526315788
600315.SH,20260814,17.71,39200,694232.0,0.9116809116809232,6.339075797680491,50.470085470085536
600316.SH,20260814,28.66,31200,894192.0,-0.13937282229964376,2.4918729714615404,44.16376306620214
600318.SH,20260814,6.51,15300,99603.0,-0.3062787136294043,1.9726530003296965,43.16232771822357
600319.SH,20260814,6.11,14900,91039.0,0.0,3.893206429831047,45.0
600320.SH,20260814,4.1,414000,1697400.0,0.24449877750609694,16.28454743617482,46.466992665036585
600322.SH,20260814,2.74,164600,451004.0,1.1070110701107083,6.86703199155865,51.64206642066425
600323.SH,20260814,29.77,15700,467389.0,0.5403579871664954,5.653810670375673,48.242147922998974
600325.SH,20260814,2.5,155000,387500.0,0.0,1.4050185114724096,45.0
600326.SH,20260814,7.46,235200,1754592.0,-0.4005340453938633,5.660847771924391,42.59679572763682
600327.SH,20260814,4.12,461800,1902616.0,-1.4354066985645786,12.078680137546987,36.38755980861253
600328.SH,20260814,6.29,25600,161024.0,0.15923566878981443,2.7932916799393297,45.955414012738885
600329.SH,20260814,36.7,5500,201850.0,-0.24463169339493662,1.471778982530935,43.53220983963038
600330.SH,20260814,24.21,674800,16336908.0,0.0,5.066738354300394,45.0
600331.SH,20260814,12.87,294500,3790215.0,-0.30983733539892144,4.582198937718907,43.140975987606474
600332.SH,20260814,21.48,26300,564924.0,-0.1394700139470073,3.804941844382591,44.16317991631796
600333.SH,20260814,6.19,1900,11761.0,-0.32206119162639935,0.24489359580446318,42.148480095044974
600335.SH,20260814,5.06,53100,268686.0,0.3968253968253954,6.05417159340129,47.38095238095237
600336.SH,20260814,6.31,26900,169739.0,0.4777070063694211,5.794423208607531,47.86624203821653
600337.SH,20260814,2.98,77300,230354.0,-0.33444816053512794,8.847111056488409,42.99331103678923
600338.SH,20260814,13.55,89800,1216790.0,0.07385524372232055,2.972227984774564,45.44313146233392
600339.SH,20260814,3.21,321500,1032015.0,-0.31055900621118626,9.547808573402259,43.136645962732885
600340.SH,20260814,1.1,721800,793980.0,0.0,20.478417280753096,45.0
600343.SH,20260814,19.72,65300,1287716.0,0.3051881993896277,4.112105991167228,46.83112919633777
600345.SH,20260814,46.51,29800,1385998.0,0.6709956709956666,3.9155668213927073,49.025974025974
600346.SH,20260814,17.1,61300,1048230.0,-0.34965034965034336,3.0385120730772486,42.90209790209794
600348.SH,20260814,8.56,21700,185752.0,-0.1166861143523934,0.5763743826534421,44.29988331388564
600350.SH,20260814,11.01,46400,510864.0,0.0,3.456182336268686,45.0
600351.SH,20260814,7.0,175700,1229900.0,-0.5681818181818232,6.976118526789199,41.59090909090906
600352.SH,20260814,13.17,155300,2045301.0,0.0,2.09757916694538,45.0
600353.SH,20260814,28.9,198500,5736650.0,2.4459411556185584,2.769560191751097,59.67564693371135
600354.SH,20260814,6.05,101800,615890.0,-0.49342105263158187,5.334246691756308,42.039473684210506
600356.SH,20260814,8.75,15400,134750.0,-0.5681818181818232,3.1886032434117246,41.59090909090906
600358.SH,20260814,5.31,15000,79650.0,0.5681818181818121,4.584350758950348,48.40909090909087
600359.SH,20260814,6.12,6100,37332.0,-0.16313213703099683,1.789675453775634,44.02120717781402
600360.SH,20260814,10.48,404800,4242304.0,1.4520813165537216,11.001466095746533,53.712487899322326
600361.SH,20260814,3.64,134900,491036.0,0.27548209366392573,4.953979342250373,46.652892561983556
600362.SH,20260814,44.06,359800,15852788.0,-0.6762849413886274,8.871522521205875,40.942290351668234
600363.SH,20260814,20.51,276200,5664862.0,-1.0612638687891862,7.212035681301146,38.63241678726488
600365.SH,20260814,,0,0.0,,0.0,0.0
600366.SH,20260814,12.15,77900,946485.0,0.9136212624584861,1.2639909337361181,50.48172757475092
600367.SH,20260814,33.16,247703,8213831.0,0.4544077552256942,10.367938323579416,47.72644653135416
600368.SH,20260814,3.96,46600,184536.0,0.25316455696202667,2.855757018495335,46.51898734177216
600369.SH,20260814,4.12,46400,191168.0,0.0,1.6792185105661737,45.0
600370.SH,20260814,1.52,57600,87552.0,0.6622516556291425,3.7111583483514186,48.97350993377486
600371.SH,20260814,7.21,15200,109592.0,0.0,3.4801434431851788,45.0
600372.SH,20260814,11.17,199200,2225064.0,0.0,9.350762653581858,45.0
600373.SH,20260814,7.13,52900,377177.0,-0.41899441340782495,5.7470019146667495,42.48603351955305
600375.SH,20260814,4.01,43600,174836.0,-0.49627791563277013,2.337826772887515,42.02233250620338
600376.SH,20260814,4.14,1868900,7737246.0,-0.9569377990430672,14.986067496833547,39.2583732057416
600377.SH,20260814,12.02,9300,111786.0,0.08326394671107629,1.4629484608201537,45.499583680266454
600378.SH,20260814,49.0,351500,17223500.0,0.3276003276003303,6.610000959890266,46.965601965601984
600379.SH,20260814,14.7,283900,4173330.0,1.9417475728155331,13.960364310805472,56.6504854368932
600380.SH,20260814,10.32,58600,604752.0,-0.28985507246376274,3.7656092783608375,43.260869565217426
600381.SH,20260814,4.39,3300,14487.0,-0.22727272727274261,0.49418888856519844,43.63636363636354
600382.SH,20260814,6.31,57800,364718.0,-0.15822784810127777,4.226424984102728,44.050632911392334
600383.SH,20260814,2.26,227300,513698.0,-0.440528634361248,2.095378979561638,42.35682819383251
600386.SH,20260814,3.39,57800,195942.0,-0.2941176470588225,7.045662937832386,43.235294117647065
600388.SH,20260814,17.67,28600,505362.0,0.39772727272726627,2.7621979791881976,47.3863636363636
600389.SH,20260814,18.91,30500,576755.0,0.4782146652497321,2.8513668773184366,47.869287991498396
600390.SH,20260814,4.88,78200,381616.0,-0.2044989775051076,3.176779633547361,43.77300613496936
600391.SH,20260814,30.86,12400,382664.0,-0.355182434614143,2.057458904696162,42.86890539231514
600392.SH,20260814,22.8,456800,10415040.0,-0.2188183807439903,4.609461956651347,43.68708971553606
600395.SH,20260814,5.02,41600,208832.0,0.0,0.906452930732667,45.0
600396.SH,20260814,18.18,2951900,53665542.0,-2.9364655632674874,10.814661895127095,27.381206620395076
600397.SH,20260814,17.5,1675100,29314250.0,0.0,12.99774609104212,45.0
600398.SH,20260814,6.0,37600,225600.0,0.16694490818029983,1.8353409843080137,46.0016694490818
600399.SH,20260814,4.24,76100,322664.0,0.0,3.2062573411437483,45.0
600400.SH,20260814,3.13,148800,465744.0,0.0,2.6039728745892727,45.0
600403.SH,20260814,6.5,739200,4804800.0,-0.45941807044410643,7.5085560666786595,42.24349157733536
600405.SH,20260814,4.5,244100,1098450.0,-1.098901098901095,17.53782535084871,38.40659340659343
600406.SH,20260814,23.67,164000,3881880.0,-0.08442380751371159,2.937018412022614,44.49345715491773
600408.SH,20260814,2.82,114700,323454.0,0.0,4.1273282303029095,45.0
600409.SH,20260814,6.73,75700,509461.0,0.4477611940298498,4.789536947751026,47.686567164179095
600410.SH,20260814,15.59,394000,6142460.0,0.3217503217503248,5.357582032829865,46.93050193050195
600415.SH,20260814,11.56,147700,1707412.0,-0.2588438308886887,1.7336199211450132,43.44693701466787
600416.SH,20260814,9.04,32800,296512.0,0.4444444444444251,2.6041242635347195,47.66666666666655
600418.SH,20260814,24.6,231500,5694900.0,-0.040633888663133,3.802943642118799,44.756196668021204
600419.SH,20260814,8.96,31700,284032.0,-0.4444444444444362,4.3242889043727,42.333333333333385
600420.SH,20260814,8.67,29900,259233.0,-0.5733944954128489,2.4597445538870346,41.559633027522906
600422.SH,20260814,9.05,117800,1066090.0,-0.7675438596491113,6.363559617750442,40.39473684210533
600423.SH,20260814,2.79,6500,18135.0,0.0,1.5961894947582755,45.0
600425.SH,20260814,3.56,7300,25988.0,-0.2801120448179262,0.7351351253491948,43.31932773109244
600426.SH,20260814,20.76,112100,2327196.0,-0.6223073240784971,4.699671483068804,41.26615605552902
600428.SH,20260814,11.91,232800,2772648.0,0.5063291139240533,6.7176618161825585,48.03797468354432
600429.SH,20260814,4.7,92900,436630.0,0.0,5.318938022610511,45.0
600433.SH,20260814,3.32,87400,290168.0,0.302114803625364,2.6526335227649307,46.81268882175218
600435.SH,20260814,10.62,45700,485334.0,0.09425070688029447,1.0181786727158817,45.565504241281765
600436.SH,20260814,133.9,24100,3226990.0,0.1795600778093709,5.515650612249541,46.07736046685623
600438.SH,20260814,12.83,312600,4010658.0,-0.4654771140419012,5.676696153095267,42.2071373157486
600439.SH,20260814,1.87,180300,337161.0,-0.5319148936170137,12.048189326821031,41.80851063829792
600444.SH,20260814,13.63,13000,177190.0,0.0,9.532914621798465,45.0
600446.SH,20260814,11.0,112600,1238600.0,-0.27198549410697437,6.899329941710522,43.36808703535815
600448.SH,20260814,2.86,64300,183898.0,0.35087719298245723,6.529611274769386,47.10526315789474
600449.SH,20260814,11.9,547878,6519748.0,-1.1627906976744096,26.200119870181428,38.02325581395354
600452.SH,20260814,9.45,80600,761670.0,0.21208907741250282,3.137192147085829,46.272534464475015
600455.SH,20260814,23.93,17900,428347.0,0.0,16.53017678517898,45.0
600456.SH,20260814,27.41,27100,742811.0,0.10956902848795469,6.577744283847317,45.65741417092773
600458.SH,20260814,11.39,113300,1290487.0,0.2640845070422726,6.480968272942664,46.584507042253634
600459.SH,20260814,20.46,373000,7631580.0,-1.3500482160077043,15.87444886374844,36.89971070395377
600460.SH,20260814,32.71,262900,8599459.0,1.332094175960341,4.029804938380493,52.99256505576204
600461.SH,20260814,8.96,41000,367360.0,0.33594624860022737,7.173905278868285,47.015677491601366
600463.SH,20260814,8.19,13200,108108.0,0.3676470588235281,4.841284782796,47.20588235294117
600467.SH,20260814,2.33,256000,596480.0,-0.42735042735041473,10.915720383193612,42.43589743589751
600468.SH,20260814,6.15,135700,834555.0,0.16286644951140072,5.390340434758854,45.9771986970684
600469.SH,20260814,5.26,51500,270890.0,0.5736137667303964,6.944453879805036,48.44168260038238
600470.SH,20260814,5.54,78000,432120.0,0.9107468123861429,5.55058874428925,50.464480874316855
600475.SH,20260814,14.32,51000,730320.0,-0.1394700139469962,1.6596131517006814,44.16317991631802
600476.SH,20260814,9.8,2100,20580.0,0.0,0.9108744735749694,45.0
600477.SH,20260814,2.47,30900,76323.0,0.40650406504065817,0.7787620429280395,47.43902439024395
600478.SH,20260814,4.93,59700,294321.0,0.8179959100204526,2.8655637950836375,49.907975460122714
600479.SH,20260814,9.93,62300,618639.0,-0.6006006006006093,8.255650019658312,41.39639639639634
600480.SH,20260814,8.67,13900,120513.0,0.4634994206257126,1.6127560838942567,47.780996523754276
600481.SH,20260814,4.35,167800,729930.0,0.0,4.002158763109952,45.0
600482.SH,20260814,31.61,46100,1457221.0,0.5407124681933828,3.4616179893827064,48.244274809160295
600483.SH,20260814,10.48,55400,580592.0,-0.19047619047618536,3.7387130089384355,43.85714285714289
600486.SH,20260814,52.85,8300,438655.0,0.0,2.7934720527785646,45.0
600487.SH,20260814,58.1,1397000,81165700.0,1.4847161572052459,4.228100832846682,53.90829694323148
600488.SH,20260814,5.91,626000,3699660.0,-0.6722689075630228,8.543855635734591,40.96638655462186
600489.SH,20260814,23.77,2409700,57278569.0,-2.221308103661046,32.99544909325345,31.672151378033725
600490.SH,20260814,6.95,624000,4336800.0,-1.9746121297602226,15.841403269549039,33.15232722143867
600491.SH,20260814,1.47,15047800,22120266.0,-2.0000000000000018,77.25235103544897,32.999999999999986
600493.SH,20260814,6.03,30000,180900.0,0.33277870216306127,5.221996933195389,46.99667221297837
600495.SH,20260814,4.16,206200,857792.0,-0.4784688995215225,10.16766009117079,42.12918660287087
600496.SH,20260814,3.25,126400,410800.0,0.0,4.870965018206654,45.0
600497.SH,20260814,9.95,1583567,15756492.0,-0.4004004004004136,13.248233328711816,42.59759759759752
600498.SH,20260814,39.41,338900,13356049.0,0.8702329152802557,3.1180032369694715,50.221397491681536
600499.SH,20260814,13.95,162600,2268270.0,-0.2859185132237374,7.944775420420621,43.28448892065757
600500.SH,20260814,5.22,1020700,5328054.0,0.9671179883945724,7.893603680277191,50.80270793036743
600501.SH,20260814,14.62,18800,274856.0,-0.4087193460490468,3.6583231390109816,42.54768392370572
600502.SH,20260814,4.44,171900,763236.0,-0.22471910112359383,8.083389275578941,43.65168539325844
600503.SH,20260814,2.17,410000,889700.0,-0.4587155963302836,15.183854686636607,42.2477064220183
600505.SH,20260814,11.3,47800,540140.0,0.0,4.421809085433348,45.0
600506.SH,20260814,14.75,18600,274350.0,0.0,6.088279588001337,45.0
600507.SH,20260814,4.22,83500,352370.0,-0.23640661938535423,6.036242465189295,43.58156028368788
600508.SH,20260814,8.57,23200,198824.0,0.0,3.5275013871892464,45.0
600509.SH,20260814,7.57,113700,860709.0,-0.39473684210525883,6.369437074194041,42.631578947368446
600510.SH,20260814,6.75,1400,9450.0,-0.14792899408283544,0.17533475300676837,30.672681576721295
600511.SH,20260814,27.31,14200,387802.0,-0.2556610664718795,3.27787609195269,43.466033601168725
600512.SH,20260814,2.02,35000,70700.0,-0.49261083743841194,1.391269741050067,42.04433497536953
600513.SH,20260814,17.69,152000,2688880.0,-1.3935340022296572,6.464434768521292,36.63879598662206
600515.SH,20260814,2.87,176000,505120.0,-0.3472222222222099,2.923173861251557,42.91666666666674
600516.SH,20260814,5.33,393100,2095223.0,-0.37383177570092796,5.533286981383734,42.75700934579443
600517.SH,20260814,4.95,32300,159885.0,-0.20161290322580072,2.0946154646408903,43.790322580645196
600518.SH,20260814,1.44,3431500,4941360.0,-0.6896551724137945,14.244733648580926,40.86206896551723
600519.SH,20260814,1355.0,22667,30713785.0,-0.021397634454611847,7.632525905874843,44.87161419327233
600520.SH,20260814,25.46,53800,1369748.0,1.5961691939345712,8.56271187741797,54.57701516360743
600521.SH,20260814,18.01,163400,2942834.0,0.05555555555556424,4.036872101484421,45.333333333333385
600522.SH,20260814,33.33,1536300,51204879.0,1.3069908814589581,3.855734307541843,52.84194528875375
600523.SH,20260814,11.57,15200,175864.0,0.8718395815169977,3.2698333350717754,50.231037489101986
600525.SH,20260814,5.08,14100,71628.0,0.5940594059405946,2.789863433871321,48.56435643564357
600526.SH,20260814,4.45,35900,159755.0,-0.22421524663677195,5.879014081739253,43.65470852017937
600527.SH,20260814,2.21,571300,1262573.0,0.4545454545454408,15.488735378191091,47.72727272727265
600528.SH,20260814,7.03,49600,348688.0,0.28530670470756636,6.57620871745221,46.7118402282454
600529.SH,20260814,19.16,26100,500076.0,0.05221932114882755,3.0687390213752996,45.31331592689297
600530.SH,20260814,3.82,75500,288410.0,-0.26109660574412663,9.78181110872001,43.43342036553524
600531.SH,20260814,13.11,774300,10151073.0,-0.4555808656036442,16.579498076658943,42.26651480637813
600533.SH,20260814,2.15,63100,135665.0,0.0,4.747457915018246,45.0
600535.SH,20260814,15.42,22500,346950.0,-0.06480881399870686,1.8031799019101316,44.61114711600776
600536.SH,20260814,31.62,22100,698802.0,0.0,1.620704277393718,45.0
600537.SH,20260814,2.23,155200,346096.0,0.0,9.695009026743183,45.0
600538.SH,20260814,5.12,19700,100864.0,-0.19493177387913674,1.901115995273824,43.83040935672518
600539.SH,20260814,14.3,67200,960960.0,0.0,6.750558646029685,45.0
600540.SH,20260814,3.98,433400,1724932.0,-0.25062656641604564,18.988237330488072,43.49624060150373
600543.SH,20260814,3.93,9500,37335.0,-1.5037593984962405,5.11905171606491,35.97744360902256
600545.SH,20260814,4.33,178900,774637.0,0.46403712296985145,3.2844089030467223,47.78422273781911
600546.SH,20260814,12.72,18500,235320.0,0.0,0.7590730029654427,45.0
600547.SH,20260814,28.5,3118000,88863000.0,-3.3898305084745783,53.67178461254994,24.66101694915253
600548.SH,20260814,8.34,21200,176808.0,-0.35842293906809264,7.578146420394338,42.84946236559144
600549.SH,20260814,54.72,251800,13778496.0,0.018278194114418334,4.614987637263964,45.10966916468651
600550.SH,20260814,11.9,168100,2000390.0,-0.9159034138218058,4.066077554182527,39.50457951706917
600551.SH,20260814,6.92,38800,268496.0,-0.2881844380403509,9.914901184813262,43.27089337175789
600552.SH,20260814,17.81,206000,3668860.0,0.22509848058525073,3.7502801151647946,46.3505908835115
600556.SH,20260814,5.02,548600,2753972.0,0.0,7.9270903375506245,45.0
600557.SH,20260814,12.86,34700,446242.0,-0.15527950310559868,2.8185886198023837,44.06832298136641
600558.SH,20260814,4.78,133400,637652.0,-0.4166666666666541,2.7223993947749205,42.50000000000008
600559.SH,20260814,12.26,51700,633842.0,-0.4061738424045558,3.4695806147264685,42.562956945572665
600560.SH,20260814,11.06,7000,77420.0,-0.5395683453237266,4.3294565441564306,41.76258992805764
600561.SH,20260814,5.6,33400,187040.0,0.0,13.069631986163406,45.0
600562.SH,20260814,26.0,17300,449800.0,0.0,2.7706300184137254,45.0
600563.SH,20260814,136.0,16600,2257600.0,0.37641154328731385,3.4546601003600186,47.25846925972388
600566.SH,20260814,25.01,25600,640256.0,0.039999999999995595,5.246583422475932,45.239999999999974
600567.SH,20260814,1.35,264800,357480.0,0.746268656716409,5.47927383589112,49.47761194029845
600568.SH,20260814,,0,0.0,,0.0,0.0
600569.SH,20260814,1.76,99800,175648.0,-0.5649717514124353,5.847064548765756,41.61016949152539
600570.SH,20260814,22.42,68800,1542496.0,0.044622936189209206,2.654092287544846,45.26773761713525
600571.SH,20260814,10.52,30400,319808.0,0.0,3.6260146733818597,45.0
600572.SH,20260814,4.63,2233300,10340179.0,-1.0683760683760646,9.315449654087846,38.58974358974361
600573.SH,20260814,9.73,27200,264656.0,-0.5112474437627745,6.891929341787103,41.932515337423354
600575.SH,20260814,3.38,65300,220714.0,0.29673590504450953,1.724499551033495,46.780415430267055
600576.SH,20260814,5.56,23500,130660.0,0.0,3.533798936901513,45.0
600577.SH,20260814,8.16,83100,678096.0,0.6165228113440335,2.2836265325372174,48.6991368680642
600578.SH,20260814,6.39,3923600,25071804.0,-3.0349013657056223,15.150121743105034,26.790591805766265
600579.SH,20260814,7.26,105700,767382.0,0.8333333333333304,15.888698814036307,49.999999999999986
600580.SH,20260814,35.0,275300,9635500.0,-0.17113519680548306,6.078877262894788,43.9731888191671
600581.SH,20260814,2.3,16600,38180.0,0.0,3.2151224268599647,45.0
600582.SH,20260814,4.88,31100,151768.0,0.0,2.7283601666966075,45.0
600583.SH,20260814,5.44,71100,386784.0,-0.3663003663003539,2.981139680888784,42.802197802197874
600584.SH,20260814,78.99,888900,70214211.0,1.503469545104097,7.887633820282029,54.02081727062458
600585.SH,20260814,17.47,77100,1346937.0,-0.11435105774728616,5.147060399818737,44.31389365351628
600586.SH,20260814,4.2,5500,23100.0,0.4784688995215447,0.5088742604305676,47.87081339712927
600587.SH,20260814,12.88,83900,1080632.0,-0.07757951900697613,8.327743586395867,44.53452288595814
600588.SH,20260814,11.84,328993,3895277.0,1.6309012875536544,3.6925731769864627,54.785407725321924
600589.SH,20260814,8.27,639100,5285357.0,0.9768009768009733,7.295150056752917,50.86080586080584
600590.SH,20260814,8.6,47500,408500.0,-0.11614401858304202,2.6635055300634205,44.30313588850175
600592.SH,20260814,14.65,35500,520075.0,0.20519835841315004,7.235306956828154,46.2311901504789
600593.SH,20260814,41.3,40000,1652000.0,-0.6016847172081841,9.320109992869044,41.389891696750894
600594.SH,20260814,3.9,193600,755040.0,-0.5102040816326481,6.12125290430969,41.93877551020411
600595.SH,20260814,6.19,1013000,6270470.0,-1.2759170653907415,13.059043444909879,37.344497607655555
600596.SH,20260814,10.72,80900,867248.0,0.18691588785046953,3.953879148266497,46.12149532710282
600597.SH,20260814,6.84,24900,170316.0,-0.291545189504383,2.1241113010076957,43.2507288629737
600598.SH,20260814,11.98,61900,741562.0,-0.5809128630705374,2.848293249489459,41.514522821576776
600600.SH,20260814,53.06,10100,535906.0,-0.018843037497640047,2.2771817769385154,44.88694177501416
600601.SH,20260814,12.58,1710200,21514316.0,0.0,12.070370534970904,45.0
600602.SH,20260814,19.3,2036700,39308310.0,-0.30991735537189147,17.359485237822465,43.14049586776865
600603.SH,20260814,4.48,99600,446208.0,0.4484304932735439,11.463009016746046,47.69058295964126
600604.SH,20260814,4.76,3134500,14920220.0,-0.4184100418410108,52.2687307419542,42.48953974895394
600605.SH,20260814,25.52,2800,71456.0,0.9893153937475363,1.54465209930209,50.93589236248522
600606.SH,20260814,1.3,522515,679270.0,-0.7633587786259555,5.0983079827605176,40.419847328244266
600609.SH,20260814,3.31,13000,43030.0,0.3030303030303161,0.7893825098885615,46.8181818181819
600610.SH,20260814,7.01,18700,131087.0,-0.2844950213371278,2.017510651003978,43.29302987197723
600611.SH,20260814,4.82,1372900,6617378.0,-1.0266940451745366,8.003457741325668,38.83983572895278
600612.SH,20260814,34.23,19500,667485.0,-0.2622377622377714,11.790475000425262,43.42657342657337
600613.SH,20260814,6.41,2659995,17050568.0,9.948542024013719,212.90508197240635,100.0
600615.SH,20260814,9.39,4500,42255.0,1.18534482758621,2.563091602243122,52.11206896551726
600616.SH,20260814,4.35,60200,261870.0,0.0,5.016241151037993,45.0
600617.SH,20260814,3.45,187100,645495.0,-0.8620689655172376,5.028824463482988,39.82758620689658
600618.SH,20260814,10.19,6500,66235.0,0.5923000987166693,1.5440191142736157,48.553800592300014
600619.SH,20260814,14.24,175800,2503392.0,0.5649717514124353,11.179569458640504,48.38983050847461
600620.SH,20260814,4.32,29000,125280.0,0.46511627906977715,5.894538019817278,47.79069767441867
600621.SH,20260814,13.37,15200,203224.0,0.30007501875468634,1.892086792768855,46.80045011252812
600622.SH,20260814,2.24,54900,122976.0,0.4484304932735439,2.8789200341661063,47.69058295964126
600623.SH,20260814,8.21,31300,256973.0,-0.12165450121653931,2.9914456038387187,44.27007299270076
600624.SH,20260814,4.1,2500,10250.0,0.24449877750609694,0.7953194557718195,46.466992665036585
600626.SH,20260814,3.53,15400,54362.0,0.28409090909089496,1.8664852255241324,46.70454545454537
600628.SH,20260814,6.15,66200,407130.0,-0.16233766233766378,9.109668772371837,44.025974025974016
600629.SH,20260814,16.11,258580,4165724.0,0.3113325031133263,10.239647544793234,46.867995018679956
600630.SH,20260814,6.68,5200,34736.0,0.30030030030030463,0.7157240974265004,46.80180180180183
600633.SH,20260814,11.01,256700,2826267.0,-0.5420054200542035,9.72035425259871,41.74796747967478
600635.SH,20260814,4.71,76200,358902.0,0.21276595744681437,2.84615898552325,46.27659574468089
600637.SH,20260814,8.16,130500,1064880.0,-0.3663003663003539,4.946199605174475,42.802197802197874
600638.SH,20260814,5.0,58500,292500.0,-0.3984063745019806,7.504682922143418,42.609561752988114
600639.SH,20260814,9.55,11400,108870.0,0.20986358866736943,4.4091541118632405,46.25918153200422
600640.SH,20260814,10.93,25200,275436.0,-0.3646308113035679,2.2092013304391176,42.81221513217859
600641.SH,20260814,34.89,745240,26001424.0,2.5573192239858766,9.699790500215016,60.343915343915256
600642.SH,20260814,8.56,122900,1052024.0,0.11695906432749315,4.955035235031059,45.70175438596496
600643.SH,20260814,4.04,28400,114736.0,0.2481389578163684,2.165958203364703,46.48883374689821
600644.SH,20260814,10.0,248800,2488000.0,-1.2833168805528206,5.1491804073553045,37.300098716683074
600645.SH,20260814,22.19,522700,11598713.0,9.310344827586214,11.617578006547106,100.0
600648.SH,20260814,8.98,12900,115842.0,-0.11123470522802492,6.530702170282187,44.33259176863185
600649.SH,20260814,3.8,49700,188860.0,0.5291005291005346,2.654829625823792,48.174603174603206
600650.SH,20260814,10.7,30200,323140.0,-0.3724394785847407,6.300629606704147,42.76536312849156
600651.SH,20260814,6.02,148200,892164.0,0.0,9.216648703703841,45.0
600653.SH,20260814,1.71,35300,60363.0,0.0,2.0094407730622885,45.0
600654.SH,20260814,2.96,399500,1182520.0,0.3389830508474523,6.464280509759127,47.03389830508471
600655.SH,20260814,4.64,9800,45472.0,0.0,1.1783514409331906,45.0
600657.SH,20260814,2.6,45500,118300.0,0.38610038610038533,2.0083441521627465,47.316602316602314
600658.SH,20260814,4.09,19700,80573.0,0.0,1.7015052935814101,45.0
600660.SH,20260814,54.71,31600,1728836.0,-0.29159832330963864,2.158294359056233,43.250410060142165
600661.SH,20260814,9.32,35700,332724.0,-0.9564293304994642,3.2477932290240563,39.261424017003215
600662.SH,20260814,4.36,112500,490500.0,1.1600928074246175,10.049709695541946,51.9605568445477
600663.SH,20260814,9.44,161000,1519840.0,0.8547008547008517,7.232159205565698,50.12820512820511
600664.SH,20260814,8.73,4088008,35688310.0,-1.46726862302482,10.850748462061754,36.196388261851084
600665.SH,20260814,3.46,102500,354650.0,-0.2881844380403509,7.437552815485461,43.27089337175789
600666.SH,20260814,3.8,1156500,4394700.0,-0.7832898172323799,7.713394299459883,40.30026109660572
600667.SH,20260814,23.5,3857100,90641850.0,-1.1774600504625754,10.539656605161522,37.935239697224546
600668.SH,20260814,7.58,87600,664008.0,-0.6553079947575369,11.549832272886547,41.06815203145478
600671.SH,20260814,22.64,46000,1041440.0,0.8014247551202169,9.801919419570961,49.8085485307213
600673.SH,20260814,34.33,243500,8359355.0,-0.4350348027842177,4.106394353149097,42.38979118329469
600674.SH,20260814,15.15,60600,918090.0,-0.3289473684210509,2.3473326331621394,43.02631578947369
600675.SH,20260814,2.27,42200,95794.0,0.0,1.688799494047702,45.0
600676.SH,20260814,6.79,98400,668136.0,0.1474926253687281,14.29549076561269,45.88495575221237
600678.SH,20260814,5.52,16000,88320.0,-0.1808318264014619,2.5135668432756635,43.915009041591226
600679.SH,20260814,9.52,3300,31416.0,0.5279831045406524,1.9761996766847754,48.167898627243915
600681.SH,20260814,3.43,29900,102557.0,-0.29069767441859407,1.6167804268500854,43.255813953488435
600682.SH,20260814,5.94,72100,428274.0,0.33783783783785104,3.0519654204366455,47.0270270270271
600683.SH,20260814,14.22,2569700,36541134.0,9.976798143851507,31.453495200047332,100.0
600684.SH,20260814,3.44,58500,201240.0,0.0,3.9600390265742353,45.0
600685.SH,20260814,26.21,43900,1150619.0,0.0,3.1370346546579935,45.0
600686.SH,20260814,11.9,15300,182070.0,0.0,0.9634888118797541,45.0
600688.SH,20260814,2.79,141900,395901.0,0.0,3.0654902750334823,45.0
600689.SH,20260814,10.41,14500,150945.0,0.0,7.780576655960782,45.0
600690.SH,20260814,21.71,58700,1274377.0,-0.36714089031665287,2.239016228509982,42.797154658100084
600691.SH,20260814,2.45,32200,78890.0,0.0,1.6777552914475098,45.0
600692.SH,20260814,6.14,15300,93942.0,-0.32467532467532756,3.4657982359558472,43.05194805194803
600693.SH,20260814,10.25,575200,5895800.0,-2.194656488549618,5.57881406647769,31.832061068702295
600694.SH,20260814,14.37,8300,119271.0,-0.1389854065323215,3.0990717673213455,44.16608756080607
600697.SH,20260814,10.57,17400,183918.0,-0.9372071227741308,7.895693627613969,39.376757263355216
600698.SH,20260814,7.24,192400,1392976.0,0.27700831024930483,7.400258482254149,46.66204986149583
600699.SH,20260814,20.95,90340,1892623.0,0.0,5.110365060402358,45.0
600702.SH,20260814,38.39,140400,5389956.0,0.10430247718382635,11.831452891468585,45.62581486310296
600703.SH,20260814,13.52,707600,9566752.0,0.07401924500369805,5.653641933983434,45.44411547002219
600704.SH,20260814,4.85,221500,1074275.0,-0.2057613168724437,9.794487844313709,43.76543209876534
600706.SH,20260814,7.72,34100,263252.0,-1.025641025641022,7.316561169558079,38.84615384615387
600707.SH,20260814,9.18,430500,3951990.0,0.3278688524590123,6.1846099860208055,46.967213114754074
600708.SH,20260814,3.26,187300,610598.0,0.3076923076922977,10.454544754107651,46.84615384615378
600710.SH,20260814,10.38,13800,143244.0,0.0964320154291265,1.7032805677915808,45.57859209257476
600711.SH,20260814,11.66,693500,8086210.0,-1.603375527426154,5.892355827935346,35.37974683544307
600712.SH,20260814,5.5,216400,1190200.0,0.36496350364962904,13.06892812048906,47.18978102189777
600713.SH,20260814,5.26,163500,860010.0,-0.7547169811320753,6.480232739524362,40.47169811320755
600714.SH,20260814,15.14,29900,452686.0,0.7318695941450404,3.7098449011505554,49.391217564870246
600715.SH,20260814,1.71,832700,1423917.0,-0.5813953488372103,12.814951758929004,41.51162790697674
600716.SH,20260814,3.59,1500,5385.0,0.0,0.300129298042438,45.0
600717.SH,20260814,4.2,73400,308280.0,0.23866348448686736,6.4820482818398295,46.431980906921204
600718.SH,20260814,8.26,20500,169330.0,0.24271844660193054,2.5104251285534698,46.45631067961158
600719.SH,20260814,7.84,67300,527632.0,0.512820512820511,4.473201341655199,48.076923076923066
600720.SH,20260814,5.17,900,4653.0,0.0,0.15301297443476455,27.54233539825762
600721.SH,20260814,13.61,3626355,49354692.0,-6.137931034482758,29.650060467396823,15.0
600722.SH,20260814,12.1,907348,10978911.0,-3.3546325878594296,9.58550914906679,24.87220447284342
600724.SH,20260814,5.06,4300,21758.0,0.0,0.6091083278921,45.0
600725.SH,20260814,3.26,68100,222006.0,0.0,5.340443211610522,45.0
600726.SH,20260814,7.02,4884000,34285680.0,3.2352941176470473,16.27435468446226,64.41176470588229
600727.SH,20260814,7.34,37500,275250.0,-0.1360544217687054,4.175410821363304,44.18367346938777
600728.SH,20260814,4.69,56100,263109.0,0.0,2.269558030122069,45.0
600729.SH,20260814,19.43,12900,250647.0,0.5173305742369516,4.0581544623475985,48.10398344542171
600730.SH,20260814,10.1,42000,424200.0,1.1011011011010874,3.1755876749887677,51.606606606606526
600731.SH,20260814,5.72,6400,36608.0,-0.17452006980803736,2.148591967372016,43.95287958115178
600732.SH,20260814,12.1,166800,2018280.0,-0.4115226337448652,6.097916278184893,42.53086419753081
600733.SH,20260814,5.41,644400,3486204.0,0.18518518518517713,7.562698800051504,46.111111111111065
600734.SH,20260814,1.67,193500,323145.0,0.0,7.133554727507349,45.0
600735.SH,20260814,6.15,29400,180810.0,-0.32414910858994395,7.6855433234089885,43.05510534846034
600736.SH,20260814,6.84,141100,965124.0,0.14641288433381305,5.622274806812874,45.87847730600288
600737.SH,20260814,12.75,226800,2891700.0,0.6314127861089203,4.923934936628666,48.78847671665352
600738.SH,20260814,4.01,18100,72581.0,-0.49627791563277013,2.379082534441236,42.02233250620338
600739.SH,20260814,10.8,265500,2867400.0,0.46511627906977715,22.666493075194275,47.79069767441867
600740.SH,20260814,3.57,241600,862512.0,0.2808988764044784,8.182205980645467,46.68539325842687
600741.SH,20260814,15.53,49600,770288.0,0.06443298969072142,4.302904890372,45.38659793814433
600742.SH,20260814,7.67,1900,14573.0,0.39267015706807573,0.5446274000015622,47.356020942408456
600743.SH,20260814,2.3,142500,327750.0,0.0,5.260072593656014,45.0
600744.SH,20260814,7.61,1757300,13373053.0,-2.4358974358974272,7.200274921591804,30.384615384615437
600745.SH,20260814,17.5,259600,4543000.0,0.40160642570281624,5.630215745641303,47.4096385542169
600746.SH,20260814,6.54,28700,187698.0,0.0,2.4661332054066203,45.0
600748.SH,20260814,3.9,29900,116610.0,0.0,3.051607814722473,45.0
600749.SH,20260814,14.14,18200,257348.0,-0.07067137809186885,3.5732170286004266,44.57597173144879
600750.SH,20260814,24.12,12800,308736.0,0.16611295681063787,3.6245972625682814,45.99667774086383
600751.SH,20260814,3.23,47700,154071.0,0.6230529595015577,2.0566445104827387,48.73831775700935
600753.SH,20260814,10.08,13100,132048.0,1.002004008016022,11.378870242463657,51.01202404809613
600754.SH,20260814,19.23,14600,280758.0,0.0,1.6628439127417685,45.0
600755.SH,20260814,5.71,53200,303772.0,0.35149384885764245,6.023082309179473,47.10896309314585
600756.SH,20260814,15.3,179000,2738700.0,-0.649350649350644,7.3318204355978365,41.10389610389613
600757.SH,20260814,7.73,17300,133729.0,0.25940337224383825,2.9134726361152876,46.55642023346303
600758.SH,20260814,3.52,189200,665984.0,-0.5649717514124353,3.1498488726741662,41.61016949152539
600759.SH,20260814,2.52,1414100,3563532.0,-0.39525691699603405,11.311645781210478,42.6284584980238
600760.SH,20260814,44.19,64200,2836998.0,-0.38322813345356144,3.29387648123071,42.70063119927863
600761.SH,20260814,16.71,15900,265689.0,0.17985611510791255,2.4854286996167336,46.07913669064747
600763.SH,20260814,36.62,35300,1292686.0,-0.5161640858462491,2.302439695762686,41.903015484922506
600764.SH,20260814,17.86,28300,505438.0,0.0,4.029307042861812,45.0
600765.SH,20260814,13.41,26500,355365.0,0.0,1.7038437985393389,45.0
600768.SH,20260814,15.19,33100,502789.0,1.6053511705685697,3.8038740460118894,54.63210702341142
600769.SH,20260814,15.05,7000,105350.0,0.26648900732846315,0.3382708982653179,46.59893404397078
600770.SH,20260814,5.23,44600,233258.0,0.5769230769230749,2.290103571180389,48.46153846153845
600771.SH,20260814,14.4,91800,1321920.0,0.6289308176100628,6.816283870750177,48.77358490566038
600773.SH,20260814,11.1,39000,432900.0,0.4524886877828038,1.9700148181156172,47.71493212669682
600774.SH,20260814,7.25,19100,138475.0,-0.27510316368637433,4.878241934801464,43.349381017881754
600775.SH,20260814,10.04,109000,1094360.0,-0.19880715705766772,5.065175158738112,43.807157057653995
600776.SH,20260814,12.93,51500,665895.0,0.7794232268121482,4.615953814162023,49.67653936087289
600777.SH,20260814,4.16,146400,609024.0,-0.23980815347721673,8.388509715184956,43.5611510791367
600778.SH,20260814,5.54,52000,288080.0,0.1808318264014508,10.894704129250945,46.0849909584087
600779.SH,20260814,28.89,36800,1063152.0,-0.0346020761245569,13.281852421338419,44.79238754325266
600780.SH,20260814,5.96,73200,436272.0,0.0,7.278157797551829,45.0
600782.SH,20260814,2.73,299800,818454.0,0.3676470588235281,10.97824887478026,47.20588235294117
600783.SH,20260814,18.55,190100,3526355.0,0.05393743257822159,9.113001654672837,45.323624595469326
600784.SH,20260814,8.04,12400,99696.0,0.0,1.2745828734625557,45.0
600785.SH,20260814,8.93,35100,313443.0,0.6764374295377795,5.077112607089864,49.05862457722668
600787.SH,20260814,4.61,29800,137378.0,0.21739130434783593,2.3348834921554813,46.30434782608702
600789.SH,20260814,7.66,374600,2869436.0,-0.13037809647978849,9.094367733235668,44.21773142112127
600790.SH,20260814,3.31,17400,57594.0,-0.3012048192771011,1.9489743266269,43.192771084337394
600791.SH,20260814,7.5,85900,644250.0,-0.13315579227696217,5.02746980628833,44.201065246338224
600792.SH,20260814,3.71,53500,198485.0,0.2702702702702675,4.192912107956064,46.62162162162161
600793.SH,20260814,15.0,49600,744000.0,-0.3984063745019917,6.270229285092391,42.60956175298805
600794.SH,20260814,3.12,18300,57096.0,0.0,2.106513833976929,45.0
600795.SH,20260814,5.06,188300,952798.0,-0.19723865877713243,1.858343212124938,43.816568047337206
600796.SH,20260814,5.12,15500,79360.0,0.1956947162426559,2.516944897016326,46.174168297455935
600797.SH,20260814,7.31,307500,2247825.0,-0.8141112618724633,7.487879059792815,40.11533242876522
600798.SH,20260814,3.23,13800,44574.0,0.0,1.367479770125712,45.0
600800.SH,20260814,3.99,5547800,22135722.0,6.68449197860963,43.1104558847157,85.10695187165778
600801.SH,20260814,22.92,14300,327756.0,0.5263157894736858,1.9384536185511425,48.15789473684212
600802.SH,20260814,4.56,15300,69768.0,0.8849557522123908,3.0626106068923225,50.30973451327434
600803.SH,20260814,17.33,18700,324071.0,0.0,4.830646107469269,45.0
600805.SH,20260814,4.41,16600,73206.0,-0.2262443438914019,3.8779643203550482,43.64253393665159
600807.SH,20260814,2.64,66600,175824.0,0.38022813688214363,5.272103402360375,47.28136882129286
600808.SH,20260814,2.49,172700,430023.0,0.0,4.235425949961138,45.0
600809.SH,20260814,126.0,38700,4876200.0,-0.43461082576056187,5.675556891556129,42.39233504543663
600810.SH,20260814,6.18,50500,312090.0,0.0,4.009800312227112,45.0
600812.SH,20260814,5.08,64500,327660.0,0.0,2.7816848558033525,45.0
600814.SH,20260814,6.68,13000,86840.0,-0.1494768310911887,2.782527113938782,44.10313901345287
600815.SH,20260814,3.63,346000,1255980.0,0.2762430939226457,2.92173808470938,46.657458563535876
600816.SH,20260814,2.54,5979700,15188438.0,-1.9305019305019266,35.082295476219485,33.41698841698844
600817.SH,20260814,9.4,2100,19740.0,0.0,1.303159706777183,45.0
600818.SH,20260814,7.3,81800,597140.0,-0.6802721088435382,24.353711455216846,40.91836734693877
600819.SH,20260814,5.39,11400,61446.0,-0.18518518518519933,2.0865202661506927,43.8888888888888
600820.SH,20260814,5.43,30500,165615.0,0.18450184501843658,2.717007289352491,46.107011070110616
600821.SH,20260814,7.38,8704500,64239210.0,3.2167832167832033,38.15936001632309,64.30069930069922
600822.SH,20260814,8.5,2500,21250.0,0.11778563015312216,1.124087340263883,45.70671378091873
600824.SH,20260814,3.57,33800,120666.0,0.0,4.045247528108228,45.0
600825.SH,20260814,5.11,33300,170163.0,-0.3898635477582735,3.0300764509213463,42.66081871345036
600826.SH,20260814,7.96,2300,18308.0,0.25188916876572875,0.6873729056583315,46.51133501259437
600827.SH,20260814,7.7,48600,374220.0,-0.12970168612191912,4.098391042556888,44.221789883268485
600828.SH,20260814,4.02,8200,32964.0,-0.24813895781639062,0.5940949942107998,43.511166253101656
600829.SH,20260814,10.67,409400,4368298.0,-0.7441860465116301,7.727782084731714,40.53488372093022
600830.SH,20260814,8.1,1300,10530.0,-0.12330456226880004,0.48954575732589184,44.2601726263872
600831.SH,20260814,3.4,28900,98260.0,-0.2932551319648202,2.4909226201453785,43.24046920821108
600833.SH,20260814,11.81,363400,4291754.0,-0.5892255892255949,13.55120431012106,41.46464646464643
600834.SH,20260814,7.37,600,4422.0,-0.13550135501354532,0.3074994398670312,44.18699186991873
600835.SH,20260814,18.89,10500,198345.0,0.37194473963868546,1.7049231349959333,47.23166843783211
600838.SH,20260814,7.45,6500,48425.0,-0.13404825737265424,0.9624619372887031,44.19571045576407
600839.SH,20260814,6.97,1303200,9083304.0,-1.134751773049647,7.254372313162329,38.19148936170212
600841.SH,20260814,5.79,12500,72375.0,-0.344234079173833,1.3223107337594069,42.934595524957004
600843.SH,20260814,7.24,166300,1204012.0,2.115655853314524,26.553243983440026,57.69393511988714
600844.SH,20260814,3.54,194400,688176.0,0.0,6.464301425726883,45.0
600845.SH,20260814,18.4,208800,3841920.0,-0.3250270855904791,7.89735098051313,43.04983748645712
600846.SH,20260814,12.54,28000,351120.0,1.3742926434923142,6.353944341423676,53.245755860953885
600847.SH,20260814,12.53,10200,127806.0,0.0,8.683185413585571,45.0
600848.SH,20260814,8.7,10700,93090.0,0.5780346820809079,1.8947905777065643,48.46820809248545
600850.SH,20260814,15.09,50200,757518.0,0.0,4.258496573931183,45.0
600851.SH,20260814,8.55,25500,218025.0,0.0,2.2562329074381755,45.0
600853.SH,20260814,3.3,24400,80520.0,0.6097560975609762,2.878106814793612,48.65853658536586
600854.SH,20260814,4.47,27400,122478.0,-0.22321428571430157,6.843637101612013,43.66071428571419
600855.SH,20260814,12.81,26300,336903.0,0.5494505494505475,5.620494479327216,48.296703296703285
600857.SH,20260814,19.84,303000,6011520.0,-0.5015045135406293,25.136281027863454,41.99097291875623
600858.SH,20260814,4.87,68900,335543.0,-0.612244897959191,11.041248107269139,41.32653061224485
600859.SH,20260814,10.12,27900,282348.0,-0.2955665024630627,1.5777997118420533,43.22660098522162
600860.SH,20260814,8.86,23400,207324.0,-0.22522522522524513,1.3250741620087043,43.64864864864853
600861.SH,20260814,13.05,12100,157905.0,0.4618937644341736,4.693911238660171,47.77136258660504
600862.SH,20260814,18.01,40500,729405.0,-0.1662971175166117,5.157413920123943,44.00221729490033
600863.SH,20260814,4.99,2659900,13272901.0,-0.39920159680637557,16.60712187689048,42.604790419161745
600864.SH,20260814,5.45,190100,1036045.0,-0.1831501831501825,8.520929570009473,43.901098901098905
600865.SH,20260814,9.0,45300,407700.0,0.11123470522802492,6.851626408389873,45.66740823136815
600866.SH,20260814,4.37,36500,159505.0,0.0,2.280008680056869,45.0
600867.SH,20260814,8.52,216400,1843728.0,-0.8149010477299212,4.984622819478947,40.110593713620474
600868.SH,20260814,2.98,3492100,10406458.0,-4.487179487179493,17.961684769577296,18.076923076923038
600869.SH,20260814,16.09,670900,10794781.0,1.7710309930423662,4.36396043571881,55.6261859582542
600871.SH,20260814,2.15,348300,748845.0,-0.9216589861751112,3.883519565204708,39.47004608294933
600872.SH,20260814,19.02,24700,469794.0,0.21074815595363283,2.225329112284512,46.2644889357218
600873.SH,20260814,7.9,102600,810540.0,-0.2525252525252486,4.454342347957085,43.484848484848506
600874.SH,20260814,5.55,27200,150960.0,-0.35906642728905647,5.63642925486002,42.84560143626566
600875.SH,20260814,27.09,129700,3513573.0,0.18491124260355818,4.415162076622901,46.10946745562135
600876.SH,20260814,6.94,3900,27066.0,0.0,1.8866322631264394,45.0
600877.SH,20260814,13.3,35900,477470.0,0.37735849056603765,2.07012326539814,47.264150943396224
600879.SH,20260814,15.87,123000,1952010.0,0.44303797468352446,2.5303991352073405,47.65822784810115
600880.SH,20260814,4.03,82000,330460.0,0.0,4.676597821078457,45.0
600881.SH,20260814,2.46,32832400,80767704.0,8.370044052863435,46.89491120829012,95.22026431718061
600882.SH,20260814,21.63,13300,287679.0,-0.3225806451612967,2.033187289838287,43.06451612903222
600883.SH,20260814,7.35,14000,102900.0,-2.390438247011961,5.354770733851815,30.657370517928232
600884.SH,20260814,11.97,139500,1669815.0,-0.16680567139282232,2.5867344821863245,43.999165971643066
600885.SH,20260814,36.02,87000,3133740.0,0.0,4.696547552119083,45.0
600886.SH,20260814,13.94,56800,791792.0,-0.07168458781361409,2.2997925808952515,44.569892473118315
600887.SH,20260814,25.81,161100,4157991.0,-0.30899961375049356,3.711857409005011,43.146002317497036
600888.SH,20260814,9.94,166800,1657992.0,0.0,2.2901391732440284,45.0
600889.SH,20260814,13.7,10600,145220.0,0.0,2.463523039139905,45.0
600892.SH,20260814,3.82,595600,2275192.0,-1.0362694300518172,13.469393791200954,38.7823834196891
600893.SH,20260814,36.16,44800,1619968.0,-0.30328094844225273,1.1916222905299603,43.180314309346485
600894.SH,20260814,7.81,800,6248.0,0.12820512820512775,0.4107110658826433,45.76923076923077
600895.SH,20260814,32.66,181500,5927790.0,0.12262415695891704,7.924924932974492,45.7357449417535
600897.SH,20260814,14.6,1200,17520.0,-0.2050580997949525,1.474625458179681,43.769651401230284
600900.SH,20260814,28.11,324000,9107640.0,-0.46033994334276906,4.406073375382499,42.237960339943385
600901.SH,20260814,6.52001,38788,252898.0,-0.45786259541984453,1.1874727889209762,42.25282442748093
600903.SH,20260814,6.4,110400,706560.0,-0.4665629860031051,5.0665496633300116,42.20062208398137
600905.SH,20260814,3.76,187800,706128.0,-0.2652519893899252,2.477636793557611,43.40848806366045
600906.SH,20260814,6.65,96500,641725.0,-0.15015015015015232,3.858228371154132,44.099099099099085
600908.SH,20260814,5.4,61000,329400.0,0.0,3.9206361361866646,45.0
600909.SH,20260814,8.26,356600,2945516.0,0.12121212121212199,4.041663033752064,45.727272727272734
600916.SH,20260814,7.6,376800,2863680.0,-0.9126466753585416,16.66714033252228,39.52411994784875
600917.SH,20260814,4.85,20800,100880.0,0.41407867494822614,5.651119552436708,47.48447204968936
600918.SH,20260814,5.61,53800,301818.0,-0.1779359430604921,1.4629247612644813,43.93238434163705
600919.SH,20260814,11.65,260100,3030165.0,-0.34217279726260763,4.796783309800034,42.94696321642435
600925.SH,20260814,4.32,5400,23328.0,-0.4608294930875445,0.8823639213314769,42.23502304147473
600926.SH,20260814,16.13,64000,1032320.0,-0.30902348578492056,1.8807895455837955,43.145859085290475
600927.SH,20260814,13.12,4500,59040.0,0.07627765064834868,1.406578360196939,45.45766590389009
600928.SH,20260814,3.53,53600,189208.0,-0.28248587570621764,3.0827273730168385,43.30508474576269
600929.SH,20260814,5.19,68000,352920.0,-0.38387715930900956,4.952932475792458,42.69673704414594
600930.SH,20260814,4.19,1029000,4311510.0,-0.23809523809523725,4.187312286729155,43.57142857142858
600933.SH,20260814,13.84,17100,236664.0,0.36258158085569203,1.9480476506823878,47.17548948513415
600935.SH,20260814,2.28,40800,93024.0,0.0,3.5490776037957548,45.0
600936.SH,20260814,5.93,885300,5249829.0,-0.5033557046979942,6.980856169501475,41.97986577181204
600938.SH,20260814,32.15,329100,10580565.0,-1.4710389212381325,9.029010153005569,36.1737664725712
600939.SH,20260814,2.61,29200,76212.0,0.0,2.6707830901288365,45.0
600941.SH,20260814,95.69,69000,6602610.0,-0.43699927166788166,4.9209452160747205,42.37800436999271
600955.SH,20260814,12.53,20100,251853.0,0.0,10.493192068082902,45.0
600956.SH,20260814,7.26,49900,362274.0,0.0,7.276321415953661,45.0
600958.SH,20260814,9.17,234200,2147614.0,-0.10893246187363426,4.813236351332084,44.346405228758194
600959.SH,20260814,3.09,270400,835536.0,-0.3225806451612967,9.565446247307408,43.06451612903222
600960.SH,20260814,4.02,64400,258888.0,0.7518796992481036,5.186719954987843,49.51127819548862
600961.SH,20260814,28.33,521400,14771262.0,0.31869688385268713,12.98436634512255,46.91218130311612
600962.SH,20260814,25.68,85300,2190504.0,-0.31055900621118626,10.273136717158161,43.136645962732885
600963.SH,20260814,3.31,73800,244278.0,0.0,2.0211557698425517,45.0
600965.SH,20260814,2.65,500,1325.0,0.0,0.1694990057124363,30.509821028238537
600966.SH,20260814,4.9,6800,33320.0,0.2044989775051187,1.299500963549544,46.226993865030714
600967.SH,20260814,11.61,107100,1243431.0,0.0,5.610341197383636,45.0
600968.SH,20260814,3.83,41700,159711.0,-0.26041666666666297,1.5987268724224244,43.43750000000002
600969.SH,20260814,8.65,15000,129750.0,0.2317497103128563,1.1754537747571288,46.39049826187714
600970.SH,20260814,7.79,12900,100491.0,-0.12820512820512775,1.1371825093904324,44.23076923076923
600971.SH,20260814,8.29,44700,370563.0,0.0,2.948334461108282,45.0
600973.SH,20260814,6.23,563700,3511851.0,1.9639934533551617,17.611822238663294,56.78396072013097
600975.SH,20260814,4.97,13500,67095.0,-0.20080321285141922,1.0459536000048637,43.79518072289149
600976.SH,20260814,29.64,10800,320112.0,-0.5702784300570252,3.6061636523190144,41.57832941965785
600977.SH,20260814,12.62,351800,4439716.0,-1.1746280344557603,7.210684453154613,37.95223179326544
600979.SH,20260814,4.07,1902500,7743175.0,-2.1634615384615308,32.452834854302935,32.019230769230816
600980.SH,20260814,18.77,1700,31909.0,-0.10643959552953941,0.7005925538883107,44.361362426822765
600981.SH,20260814,2.45,18900,46305.0,-0.40650406504064707,0.8058600969788801,42.56097560975612
600982.SH,20260814,5.1,80700,411570.0,0.0,2.4801321869418396,45.0
600983.SH,20260814,7.73,900,6957.0,0.25940337224383825,0.45569700845427014,46.55642023346303
600985.SH,20260814,16.27,84700,1378069.0,0.061500615006138126,1.8605033216577205,45.36900369003683
600986.SH,20260814,8.0,1595200,12761600.0,0.0,14.703470667977049,45.0
600987.SH,20260814,6.60996,12645,83583.0,-0.0006051437216325617,3.7149940052424957,44.99636913767021
600988.SH,20260814,37.67,935837,35252980.0,-2.5607863424728317,16.195520561152332,29.63528194516301
600989.SH,20260814,22.81,356700,8136327.0,0.0,6.594626750191196,45.0
600990.SH,20260814,18.65,162400,3028760.0,-1.3227513227513255,32.73689563553203,37.06349206349205
600992.SH,20260814,9.9,13500,133650.0,0.0,2.262060399703788,45.0
600993.SH,20260814,23.28,15400,358512.0,0.0,3.1517300176895366,45.0
600995.SH,20260814,12.64,9600,121344.0,-0.07905138339920903,0.7110544526055316,44.52569169960475
600996.SH,20260814,7.05,135000,951750.0,0.2844950213371167,7.563935340675277,46.706970128022704
600997.SH,20260814,5.41998,26551,143906.0,-0.00036900369003722844,2.9299220770949868,44.99778597785978
600998.SH,20260814,5.06,128300,649198.0,-0.5893909626719096,4.735584726630125,41.46365422396854
600999.SH,20260814,18.22,492100,8966062.0,-0.10964912280702066,12.456357758836269,44.342105263157876
601000.SH,20260814,4.55,14900,67795.0,0.44150110375273943,0.5234756130706706,47.64900662251644
601001.SH,20260814,17.13,31100,532743.0,-0.17482517482517723,1.7385896129029212,43.95104895104894
601002.SH,20260814,5.27,2900,15283.0,-0.3780718336483968,0.24718513340007314,42.224893010122784
601003.SH,20260814,3.7,40700,150590.0,0.27100271002711285,2.5632839120597697,46.62601626016268
601005.SH,20260814,1.2,369400,443280.0,0.0,7.518017471249832,45.0
601006.SH,20260814,4.71,854900,4026579.0,-0.21186440677966045,10.09151249599217,43.728813559322035
601007.SH,20260814,6.73,17900,120467.0,0.7485029940119903,2.1803324840979905,49.49101796407194
601008.SH,20260814,4.33,10500,45465.0,-0.23041474654377225,1.0738940178918561,43.61751152073737
601009.SH,20260814,11.17,137800,1539226.0,-0.3568242640499597,4.0374928070586735,42.85905441570024
601010.SH,20260814,1.43,44500,63635.0,-0.694444444444442,2.7774223041916186,40.83333333333335
601011.SH,20260814,2.66,18000,47880.0,-0.3745318352059823,0.8490610755273696,42.75280898876411
601012.SH,20260814,12.72,432500,5501400.0,0.15748031496063408,5.599378894997843,45.944881889763806
601015.SH,20260814,3.37,110600,372722.0,-0.2958579881656709,3.006255554176952,43.22485207100598
601016.SH,20260814,3.68,1521200,5598016.0,-0.5405405405405461,7.000884231161759,41.75675675675672
601018.SH,20260814,3.32,199100,661012.0,-0.30030030030030463,4.708757085580177,43.19819819819817
601019.SH,20260814,6.9,12200,84180.0,-0.28901734104045396,1.4205130796045202,43.26589595375728
601020.SH,20260814,21.82,335600,7322792.0,-0.4107713372889066,15.521635573341786,42.53537197626656
601021.SH,20260814,44.48,12800,569344.0,0.0,2.6844985068424783,45.0
601022.SH,20260814,7.99,7200,57528.0,0.0,2.0984907412960125,45.0
601026.SH,20260814,17.0,669700,11384900.0,2.2248947684906817,25.79175866940777,58.34936861094409
601033.SH,20260814,14.3,5500,78650.0,0.35087719298245723,2.0910241836451497,47.10526315789474
601038.SH,20260814,12.9,22100,285090.0,0.3110419906687367,4.365597012963246,46.86625194401242
601058.SH,20260814,13.4,43100,577540.0,0.1494768310911887,1.6862879765021956,45.89686098654713
601059.SH,20260814,16.81,12500,210125.0,0.05952380952378711,2.5724775738720065,45.35714285714272
601061.SH,20260814,11.65,88400,1029860.0,0.4310344827586299,6.125590267471657,47.58620689655178
601065.SH,20260814,6.77,52500,355425.0,0.14792899408284654,12.555270744518282,45.88757396449708
601066.SH,20260814,25.99,186700,4852333.0,0.07701193685021313,8.004366943603705,45.46207162110128
601068.SH,20260814,4.43,209400,927642.0,-0.6726457399103158,12.417867543870663,40.96412556053811
601069.SH,20260814,26.86,381800,10255148.0,-2.4691358024691357,15.467201635791257,30.185185185185187
601077.SH,20260814,6.51,131400,855414.0,-0.3062787136294043,2.1684338263904595,43.16232771822357
601083.SH,20260814,11.21,5700,63897.0,0.17873100983021306,1.973875229844467,46.07238605898128
601086.SH,20260814,7.99,38400,306816.0,0.12531328320801727,3.6133760630064553,45.75187969924811
601088.SH,20260814,44.22,81300,3595086.0,-0.27063599458728715,3.6613567848091666,43.376184032476274
601089.SH,20260814,18.36,6500,119340.0,-0.21739130434782483,1.8169629523629127,43.695652173913054
601096.SH,20260814,4.33,83500,361555.0,0.23148148148146586,4.267816281212424,46.38888888888879
601098.SH,20260814,10.29,12200,125538.0,-0.0970873786407922,1.6628839890650058,44.417475728155246
601099.SH,20260814,3.44,893601,3073987.0,0.2915451895043608,4.500709445994233,46.74927113702616
601100.SH,20260814,105.99,14300,1515657.0,-0.018866144703344467,3.21148459302441,44.886803131779935
601101.SH,20260814,12.52,154900,1939348.0,-0.39777247414479744,2.961872659058083,42.61336515513121
601106.SH,20260814,3.15,105000,330750.0,0.0,2.607843864496764,45.0
601107.SH,20260814,5.54,39500,218830.0,0.1808318264014508,6.455545385171534,46.0849909584087
601108.SH,20260814,8.93,4889500,43663235.0,-0.5567928730512373,35.281587779230314,41.659242761692575
601111.SH,20260814,5.94,111000,659340.0,0.0,2.295515751722623,45.0
601112.SH,20260814,15.15,11300,171195.0,0.33112582781458233,3.23643996028137,46.986754966887496
601113.SH,20260814,3.42,17900,61218.0,0.2932551319648091,2.8576834166836003,46.759530791788855
601116.SH,20260814,10.74,33000,354420.0,-0.5555555555555647,3.544177388148263,41.666666666666615
601117.SH,20260814,7.45,143300,1067585.0,-0.2677376171351997,3.4513700589569916,43.3935742971888
601118.SH,20260814,5.4,273700,1477980.0,-0.1848428835489746,5.166420828980778,43.890942698706155
601121.SH,20260814,7.13,53200,379316.0,0.0,5.870733874081521,45.0
601126.SH,20260814,47.21,192900,9106809.0,0.23354564755837526,7.37173802301082,46.40127388535025
601127.SH,20260814,54.21,78700,4266327.0,-0.12896094325718366,3.825417105820659,44.2262343404569
601128.SH,20260814,6.12,61200,374544.0,-0.16313213703099683,1.6527124404259437,44.02120717781402
601133.SH,20260814,26.46,72300,1913058.0,1.1467889908256979,6.13903241102896,51.88073394495419
601136.SH,20260814,14.45,86400,1248480.0,0.4169562195969423,10.338812066783586,47.50173731758166
601137.SH,20260814,18.12,189598,3435516.0,1.5695067264574147,7.667808658561255,54.41704035874449
601138.SH,20260814,65.6,847200,55576320.0,0.5672236700904332,7.900266604473,48.403342020542595
601139.SH,20260814,6.23,6700,41741.0,0.0,0.4658596401656434,45.0
601155.SH,20260814,11.55,175600,2028180.0,0.0,5.92030832050794,45.0
601156.SH,20260814,17.81,29200,520052.0,-0.5583472920156374,4.7627798570015765,41.64991624790618
601158.SH,20260814,4.16,4700,19552.0,0.0,0.8397282513625505,45.0
601162.SH,20260814,3.78,1260158,4763397.0,-0.5263157894736858,8.292967808525521,41.84210526315788
601163.SH,20260814,13.09,3400,44506.0,0.15302218821728886,1.511108391859952,45.91813312930373
601166.SH,20260814,18.09,704800,12749832.0,-0.44028618602092173,10.910848934913306,42.358282883874466
601168.SH,20260814,36.0,891800,32104800.0,-0.8264462809917328,12.697113328124797,40.0413223140496
601169.SH,20260814,4.98,443200,2207136.0,-0.2004008016032066,5.127392341878565,43.79759519038076
601177.SH,20260814,13.2,8000,105600.0,-0.30211480362538623,1.8885314350349478,43.18731117824768
601179.SH,20260814,13.81,451300,6232453.0,-0.2888086642599208,3.784657243686256,43.26714801444047
601186.SH,20260814,6.08,53100,322848.0,0.16474464579900872,2.2097751406908586,45.988467874794054
601187.SH,20260814,7.39,142500,1053075.0,-0.13513513513514486,8.179509885585196,44.18918918918913
601188.SH,20260814,2.87,53500,153545.0,0.0,3.734403765938677,45.0
601198.SH,20260814,13.88,40800,566304.0,0.0,1.9687363743190052,45.0
601199.SH,20260814,6.42,81500,523230.0,0.31249999999998224,4.252243994724269,46.87499999999989
601200.SH,20260814,7.0,24591,172137.0,0.2865329512893977,3.954101485871295,46.719197707736384
601208.SH,20260814,46.91,474100,22240031.0,-0.02131287297528761,7.512277047475932,44.87212276214827
601211.SH,20260814,18.15,163100,2960265.0,0.0,2.9808994567419456,45.0
601212.SH,20260814,5.44,2193558,11932956.0,-0.910746812386154,17.122722046281567,39.535519125683074
601216.SH,20260814,4.48,53100,237888.0,0.0,2.0332621023211153,45.0
601218.SH,20260814,4.66,73100,340646.0,0.21505376344086446,2.734979245747856,46.29032258064519
601222.SH,20260814,5.59,91100,509249.0,0.0,7.482063691359367,45.0
601225.SH,20260814,25.04,85300,2135912.0,-0.15948963317383713,2.346583928743571,44.043062200956975
601226.SH,20260814,6.2,62400,386880.0,-0.3215434083601254,8.203459536798425,43.070739549839246
601228.SH,20260814,3.02,108600,327972.0,-0.3300330033003229,7.935018265406923,43.01980198019806
601229.SH,20260814,9.28,154500,1433760.0,-0.3222341568206333,1.8254596024189578,43.0665950590762
601231.SH,20260814,27.46,38000,1043480.0,0.8817046289493202,1.8988724839559716,50.29022777369592
601233.SH,20260814,22.77,104100,2370357.0,0.4411116012351002,4.197877197141733,47.6466696074106
601236.SH,20260814,6.99,22800,159372.0,0.14326647564468775,2.15503853369324,45.85959885386813
601238.SH,20260814,5.15,154800,797220.0,0.0,9.767710987494972,45.0
601279.SH,20260814,3.23,6200,20026.0,-0.30864197530865445,0.5842037729365107,43.148148148148074
601288.SH,20260814,6.51,4452400,28985124.0,-0.7621951219512146,11.794800443841671,40.426829268292714
601298.SH,20260814,8.72,3100,27032.0,0.3452243958573131,0.6576973890810215,47.071346375143875
601311.SH,20260814,7.77,28500,221445.0,0.12886597938144284,3.8546718476575617,45.77319587628865
601318.SH,20260814,52.67,256500,13509855.0,-0.24621212121210823,4.037790240467595,43.52272727272735
601319.SH,20260814,7.0,197300,1381100.0,-0.42674253200569723,2.9075513654179947,42.43954480796582
601326.SH,20260814,3.34,51100,170674.0,0.30030030030030463,2.134104258709244,46.80180180180183
601328.SH,20260814,6.91,589600,4074136.0,-0.28860028860028253,4.605576253265863,43.26839826839831
601330.SH,20260814,7.14,22100,157794.0,-0.4184100418410108,2.795309653432197,42.48953974895394
601333.SH,20260814,2.93,239700,702321.0,0.0,5.112998920733021,45.0
601336.SH,20260814,58.32,45400,2647728.0,-0.29064797401265885,3.253997936991795,43.25611215592404
601339.SH,20260814,7.85,38000,298300.0,0.0,3.893019815470861,45.0
601360.SH,20260814,9.38,505800,4744404.0,-0.10649627263045192,6.272730622169618,44.36102236421729
601366.SH,20260814,3.55,31500,111825.0,-0.8379888268156499,2.9876830511926564,39.9720670391061
601368.SH,20260814,4.51,4300,19393.0,-0.22123893805309214,1.3768037847656622,43.67256637168145
601369.SH,20260814,8.98,19100,171518.0,0.11148272017837968,2.421131074382666,45.66889632107028
601375.SH,20260814,4.14,393100,1627434.0,0.2421307506053294,13.681308701394519,46.452784503631975
601377.SH,20260814,5.88,192200,1130136.0,0.0,3.988487251185976,45.0
601388.SH,20260814,3.3,127900,422070.0,0.3039513677811412,4.458752341645203,46.823708206686845
601390.SH,20260814,4.38,342100,1498398.0,-0.2277904328018221,6.379967176081014,43.63325740318907
601398.SH,20260814,7.54,4535700,34199178.0,-0.7894736842105177,16.242659562682327,40.26315789473689
601399.SH,20260814,3.24,125500,406620.0,0.0,2.784552530824545,45.0
601456.SH,20260814,9.05,64200,581010.0,0.11061946902657382,3.4262452948908546,45.66371681415944
601500.SH,20260814,4.0,22700,90800.0,0.25062656641603454,2.0449749908342105,46.50375939849621
601512.SH,20260814,7.84,9800,76832.0,0.12771392081736277,5.270405655643554,45.766283524904175
601515.SH,20260814,3.52,8800,30976.0,1.1494252873563315,0.5395380769557289,51.89655172413799
601518.SH,20260814,2.78,6900,19182.0,0.3610108303248927,0.9033926108399671,47.166064981949354
601519.SH,20260814,8.23,142700,1174421.0,0.12165450121655041,5.00489479248517,45.7299270072993
601528.SH,20260814,4.86,87700,426222.0,0.0,5.404980827130903,45.0
601555.SH,20260814,8.03,49200,395076.0,0.0,2.148577334600725,45.0
601566.SH,20260814,8.47,300,2541.0,-0.1179245283018826,0.07567604304057823,12.914140577492786
601567.SH,20260814,15.65,35600,557140.0,-0.1913265306122458,2.632507802845455,43.85204081632652
601568.SH,20260814,3.66,55000,201300.0,0.5494505494505475,6.279851326313647,48.296703296703285
601577.SH,20260814,9.18,15700,144126.0,0.0,1.1695940601507604,45.0
601579.SH,20260814,18.0,1559600,28072800.0,3.151862464183375,25.956045863214648,63.91117478510025
601588.SH,20260814,1.74,124700,216978.0,-1.1363636363636354,2.9975109295218147,38.18181818181819
601595.SH,20260814,17.9,28900,517310.0,-0.33407572383075124,3.9657724499242173,42.99554565701549
601598.SH,20260814,6.48,23000,149040.0,0.3095975232198178,2.3529156941655427,46.85758513931891
601599.SH,20260814,3.05,31500,96075.0,-0.326797385620925,2.486213194146454,43.03921568627445
601600.SH,20260814,9.11,2761500,25157265.0,-1.300108342361872,21.357600376139064,37.19934994582877
601601.SH,20260814,30.3,316800,9599040.0,-0.42720999014130845,9.146673072188817,42.43674005915215
601606.SH,20260814,34.73,209192,7265238.0,-1.054131054131069,6.8613603334263695,38.675213675213584
601607.SH,20260814,16.79,51800,869722.0,0.05959475566148509,5.604442199087022,45.35756853396891
601608.SH,20260814,4.88,39600,193248.0,0.2053388090349051,1.5118525735325958,46.23203285420943
601609.SH,20260814,10.1,466700,4713670.0,1.5075376884422065,7.41081784043504,54.04522613065324
601611.SH,20260814,11.2,321300,3598560.0,0.26857654431511335,11.117739420419246,46.61145926589068
601615.SH,20260814,12.18,147800,1800204.0,0.4950495049504955,2.3478350971986766,47.97029702970298
601616.SH,20260814,3.7,114800,424760.0,-0.5376344086021501,8.151909556409723,41.7741935483871
601618.SH,20260814,2.56,199200,509952.0,-0.38910505836574627,3.176731359767879,42.66536964980552
601619.SH,20260814,4.35,1092000,4750200.0,-2.684563758389269,11.509130538127616,28.892617449664385
601628.SH,20260814,37.31,116700,4354077.0,-0.40042712226374677,4.583987488399027,42.59743726641752
601633.SH,20260814,15.5,27100,420050.0,-0.06447453255963298,2.6885976353462167,44.613152804642205
601636.SH,20260814,6.04,203400,1228536.0,0.4991680532445919,4.167404845594238,47.99500831946755
601658.SH,20260814,4.94,430000,2124200.0,-0.20202020202019222,5.7351015092447994,43.787878787878846
601665.SH,20260814,6.24,53400,333216.0,-0.15999999999999348,1.9839864613358333,44.04000000000004
601666.SH,20260814,9.03,79200,715176.0,0.4449388209121219,1.3304377531911542,47.66963292547273
601668.SH,20260814,4.44,1041300,4623372.0,0.0,6.464185924591301,45.0
601669.SH,20260814,4.68,528100,2471508.0,-0.2132196162047073,7.560966855071033,43.720682302771756
601677.SH,20260814,16.34,144900,2367666.0,-0.6082725060827299,6.912603383873782,41.35036496350362
601678.SH,20260814,7.2,789500,5684400.0,1.1235955056179803,6.591388657537842,51.74157303370788
601686.SH,20260814,5.13,18300,93879.0,-0.1945525291828787,5.126115636855942,43.83268482490273
601688.SH,20260814,19.56,213200,4170192.0,0.0,4.521779163144716,45.0
601689.SH,20260814,49.88,81100,4045268.0,0.3823706983296482,4.96893618921952,47.29422418997789
601696.SH,20260814,12.05,96300,1160415.0,-0.2483443708609201,3.045613464013798,43.50993377483448
601698.SH,20260814,26.45,58000,1534100.0,0.685192234488019,3.640558985204755,49.11115340692811
601699.SH,20260814,15.99,83300,1331967.0,0.1252348152786409,2.3254441900927816,45.75140889167184
601700.SH,20260814,7.04,1618900,11397056.0,-0.8450704225352101,8.74210536134426,39.929577464788736
601702.SH,20260814,15.08,9400,141752.0,0.06635700066357497,1.8608160477557292,45.39814200398145
601717.SH,20260814,15.36,28600,439296.0,0.0,2.8660581490718333,45.0
601718.SH,20260814,1.85,138400,256040.0,0.5434782608695565,4.818522608674067,48.26086956521734
601727.SH,20260814,6.79,152200,1033438.0,0.1474926253687281,3.440679782743344,45.88495575221237
601728.SH,20260814,6.41,450000,2884500.0,-0.3110419906687367,3.2627105449765317,43.13374805598758
601766.SH,20260814,5.88,168800,992544.0,-0.3389830508474634,1.6671364703724207,42.96610169491522
601777.SH,20260814,8.28,77600,642528.0,0.7299270072992581,3.8197865093373986,49.379562043795545
601778.SH,20260814,3.86,452800,1747808.0,-0.7712082262210873,3.421783218550469,40.37275064267347
601788.SH,20260814,14.81,66100,978941.0,0.0,2.852545690016909,45.0
601789.SH,20260814,4.74,6445693,30552585.0,0.21141649048626032,42.17699072916638,46.26849894291756
601798.SH,20260814,7.55,2700,20385.0,0.13262599469496816,0.7599719334181823,45.79575596816981
601799.SH,20260814,94.21,7100,668891.0,-0.23297680821774414,3.226946096717377,43.60213915069353
601800.SH,20260814,5.97,69300,413721.0,0.0,3.46243921591424,45.0
601801.SH,20260814,5.45,19600,106820.0,0.5535055350553542,2.7578495052729863,48.321033210332125
601808.SH,20260814,11.84,26000,307840.0,-0.4205214465937801,2.506065143300784,42.47687132043732
601811.SH,20260814,11.85,16400,194340.0,-0.6705783738474413,8.546264340520745,40.976529756915355
601816.SH,20260814,4.97,275000,1366750.0,0.0,3.075130891452985,45.0
601818.SH,20260814,3.01,761500,2292115.0,-0.33112582781458233,5.53018776224143,43.013245033112504
601825.SH,20260814,8.45,126600,1069770.0,-0.8215962441314617,2.3406354257728346,40.07042253521123
601827.SH,20260814,8.56,62500,535000.0,-0.46511627906975495,6.42033046724981,42.20930232558147
601828.SH,20260814,2.21,96200,212602.0,0.0,1.8960540169470674,45.0
601838.SH,20260814,18.08,64800,1171584.0,-0.440528634361248,5.849523652244804,42.35682819383251
601857.SH,20260814,10.48,492700,5163496.0,-0.7575757575757569,5.125577037458232,40.45454545454546
601858.SH,20260814,25.22,172100,4340362.0,-1.6380655226209129,10.41312908713317,35.17160686427452
601860.SH,20260814,2.54,199000,505460.0,0.0,5.957173712474806,45.0
601865.SH,20260814,10.89,116900,1273041.0,0.46125461254613587,5.044216462712939,47.76752767527682
601866.SH,20260814,2.35,196500,461775.0,0.0,5.293560985897834,45.0
601868.SH,20260814,2.56,1852800,4743168.0,0.39215686274509665,8.351319036373333,47.35294117647058
601869.SH,20260814,343.0,44700,15332100.0,1.6266184705638453,2.993820592500603,54.759710823383074
601872.SH,20260814,17.32,370556,6418030.0,1.1091652072387603,7.267447267100497,51.65499124343256
601877.SH,20260814,25.19,75600,1904364.0,-0.35601265822784445,5.567452004178966,42.86392405063293
601878.SH,20260814,9.45,58500,552825.0,0.0,2.204186112755504,45.0
601880.SH,20260814,1.45,168677,244582.0,0.0,2.73700556023426,45.0
601881.SH,20260814,12.34,135300,1669602.0,-0.08097165991902688,5.539056107883909,44.51417004048584
601882.SH,20260814,20.78,78700,1635386.0,0.5808325266214887,8.105182559252283,48.48499515972893
601886.SH,20260814,11.53,1341500,15467495.0,0.0,29.203181582451126,45.0
601888.SH,20260814,55.0,138000,7590000.0,0.05457522284881833,5.134353270378167,45.32745133709291
601890.SH,20260814,8.56,151600,1297696.0,-0.34924330616995514,1.3273673756548032,42.90454016298027
601898.SH,20260814,13.93,78800,1097684.0,0.0,2.042018439172538,45.0
601899.SH,20260814,31.8,3527600,112177680.0,-1.2728966159577748,17.871633182661967,37.362620304253355
601900.SH,20260814,11.75,14500,170375.0,-0.5922165820642977,3.080535977640706,41.44670050761421
601901.SH,20260814,6.99,130000,908700.0,0.0,2.8281324314046468,45.0
601908.SH,20260814,3.15,481300,1516095.0,-0.9433962264151052,9.25044232007423,39.339622641509365
601916.SH,20260814,2.92,740000,2160800.0,-0.34129692832765013,8.03971171099948,42.9522184300341
601918.SH,20260814,9.95,84000,835800.0,-0.20060180541626726,2.8674397624598904,43.7963891675024
601919.SH,20260814,15.32,301200,4614384.0,0.459016393442635,5.797487442850439,47.75409836065581
601921.SH,20260814,7.3,17100,124830.0,-0.4092769440654842,3.9329802273459804,42.544338335607094
601928.SH,20260814,9.18,27200,249696.0,0.21834061135370675,4.040563505981108,46.31004366812224
601929.SH,20260814,2.49,181400,451686.0,0.40322580645162365,2.3258312044349583,47.419354838709744
601933.SH,20260814,3.27,287800,941106.0,-0.304878048780477,2.048532501272668,43.17073170731714
601939.SH,20260814,10.23,824500,8434635.0,-0.6796116504854344,7.80074844368334,40.922330097087396
601949.SH,20260814,5.31,244600,1298826.0,0.0,13.976531905594829,45.0
601952.SH,20260814,8.13,24200,196746.0,-0.12285012285011554,3.630890305021287,44.26289926289931
601956.SH,20260814,4.89,16300,79707.0,0.0,4.806253828233905,45.0
601958.SH,20260814,22.3,191200,4263760.0,-0.44642857142855874,6.420001330629204,42.32142857142865
601963.SH,20260814,10.94,50500,552470.0,-0.09132420091324533,7.232052690007599,44.45205479452053
601965.SH,20260814,13.96,8300,115868.0,0.5763688760807018,1.7710296008702606,48.458213256484214
601966.SH,20260814,11.11,14200,157762.0,0.09009009009008917,1.984689402310614,45.54054054054053
601968.SH,20260814,4.42,2700,11934.0,0.0,0.5622493516983238,45.0
601969.SH,20260814,9.11,42900,390819.0,0.0,3.040698912214062,45.0
601975.SH,20260814,3.6,415400,1495440.0,0.8403361344537785,4.222736043409673,50.04201680672267
601985.SH,20260814,8.8,285800,2515040.0,-0.22675736961450532,6.397483545228143,43.639455782312965
601988.SH,20260814,5.93,1097200,6506396.0,-0.3361344537815225,5.578726334084149,42.98319327731087
601990.SH,20260814,6.73,40700,273911.0,0.0,2.1837029514721205,45.0
601991.SH,20260814,6.93,16373400,113467662.0,0.14450867052022698,19.81039408151404,45.86705202312136
601992.SH,20260814,1.41,386524,544999.0,0.0,11.545378430553965,45.0
601995.SH,20260814,35.47,70400,2497088.0,0.28272547356518185,4.2196227558354655,46.69635284139109
601996.SH,20260814,2.51,32200,80822.0,0.0,1.579973114535344,45.0
601997.SH,20260814,5.58,198100,1105398.0,-0.17889087656529634,7.4807059663407545,43.92665474060822
601998.SH,20260814,7.68,130500,1002240.0,-0.13003901170351995,2.9185350112059756,44.21976592977888
601999.SH,20260814,6.52,943600,6152272.0,-3.264094955489627,25.96391598102191,25.415430267062238
603000.SH,20260814,16.7,180300,3011010.0,-0.8902077151335397,9.99805774012244,39.65875370919876
603001.SH,20260814,7.45,53400,397830.0,0.0,4.384863635458333,45.0
603002.SH,20260814,15.21,325000,4943250.0,0.5287508261731633,3.1159710393668236,48.17250495703898
603004.SH,20260814,20.05,29300,587465.0,0.09985022466301174,12.055652453433474,45.59910134797807
603005.SH,20260814,33.5,85100,2850850.0,1.2084592145015005,3.1207580163314605,52.250755287009
603006.SH,20260814,11.12,4800,53376.0,-0.2690582959641308,2.6922338767214526,43.38565022421521
603007.SH,20260814,4.9,139500,683550.0,-0.6085192697768638,5.874129962979189,41.34888438133882
603008.SH,20260814,8.11,22900,185719.0,0.0,2.7053588083013826,45.0
603009.SH,20260814,48.49,69300,3360357.0,-0.020618556701024193,5.012477169081824,44.87628865979386
603010.SH,20260814,11.1,2800,31080.0,0.09017132551847329,0.5774752651346318,45.54102795311084
603011.SH,20260814,24.23,419700,10169331.0,-1.3436482084690504,6.720233464294718,36.9381107491857
603012.SH,20260814,9.31,231000,2150610.0,1.9715224534501585,2.7309838886134963,56.82913472070095
603013.SH,20260814,16.69,5600,93464.0,0.4211793020457266,1.9691193527474518,47.52707581227436
603014.SH,20260814,34.15,4600,157090.0,0.14662756598240456,3.203934478040852,45.879765395894424
603015.SH,20260814,10.75,200,2150.0,0.09310986964619072,0.06231792658345359,11.77588600289879
603016.SH,20260814,29.92,6200,185504.0,0.43638804968111344,2.7405370704529757,47.61832829808668
603017.SH,20260814,9.55,700,6685.0,0.4206098843323014,0.21273378281207775,40.8157402121678
603018.SH,20260814,5.34,50000,267000.0,0.18761726078799779,9.240501707329777,46.125703564727985
603019.SH,20260814,89.65,526804,47227979.0,0.022313957380348803,10.580320121693433,45.133883744282095
603020.SH,20260814,10.64,124400,1323616.0,2.3076923076922995,16.5264629160881,58.8461538461538
603021.SH,20260814,6.08,26500,161120.0,-0.16420361247947435,4.2762768947679435,44.01477832512315
603022.SH,20260814,8.62,23100,199122.0,0.0,10.48440883708002,45.0
603023.SH,20260814,4.08,24800,101184.0,0.0,2.6020637010827894,45.0
603025.SH,20260814,14.7,1850600,27203820.0,6.521739130434767,86.31709787584096,84.1304347826086
603026.SH,20260814,66.45,16500,1096425.0,0.2867491699366065,1.3221433437853554,46.72049501961964
603027.SH,20260814,7.45,23900,178055.0,0.1344086021505264,1.6983586466080358,45.80645161290316
603028.SH,20260814,6.9,49500,341550.0,0.0,18.130140489346587,45.0
603029.SH,20260814,15.45,4300,66435.0,0.12961762799741372,2.8689514290215326,45.777705767984486
603030.SH,20260814,2.12,114200,242104.0,0.952380952380949,3.792907239648871,50.714285714285694
603031.SH,20260814,40.1,20600,826060.0,-0.4962779156327479,1.7359013117724105,42.02233250620351
603032.SH,20260814,19.17,20000,383400.0,0.052192066805845094,3.230028256765713,45.31315240083507
603033.SH,20260814,7.8,22700,177060.0,0.7751937984496138,2.3902157478175243,49.65116279069768
603035.SH,20260814,11.0,18000,198000.0,-0.09082652134423386,6.752538033499955,44.4550408719346
603036.SH,20260814,13.56,5800,78648.0,-0.5865102639296182,1.3024749491595413,41.48093841642229
603037.SH,20260814,10.35,6200,64170.0,0.4854368932038833,2.3414077541718163,47.9126213592233
603038.SH,20260814,16.6,73100,1213460.0,2.091020910209096,7.475639454688492,57.546125461254576
603039.SH,20260814,46.67,468338,21857334.0,0.6686798964624652,12.337587313252053,49.01207937877479
603040.SH,20260814,57.01,2800,159628.0,0.4227584992073208,2.4331292617068088,47.53655099524393
603041.SH,20260814,10.8,7400,79920.0,0.0,4.208256016984673,45.0
603042.SH,20260814,13.43,31200,419016.0,0.5239520958083776,4.378922382290282,48.14371257485027
603043.SH,20260814,13.67,8800,120296.0,-0.14609203798392478,2.368293406936224,44.123447772096455
603045.SH,20260814,53.88,111030,5982296.0,-0.20374143359881414,15.66448699822096,43.77755139840711
603048.SH,20260814,22.1,5700,125970.0,0.454545454545463,3.6888610160629005,47.727272727272776
603049.SH,20260814,47.55,6400,304320.0,0.08419280151545916,5.318481850261247,45.50515680909275
603050.SH,20260814,17.95,16100,288995.0,0.1115448968209698,7.258755969362596,45.66926938092582
603051.SH,20260814,21.71,6300,136773.0,0.32347504621073053,2.0291180133600477,46.94085027726438
603052.SH,20260814,57.33,57000,3267810.0,1.7030335284725862,6.6520322540622825,55.21820117083551
603053.SH,20260814,8.74,1800,15732.0,0.11454753722794919,1.1137610802661246,45.687285223367695
603055.SH,20260814,8.98001,40969,367902.0,0.00011135857460597975,5.614200153189462,45.000668151447634
603057.SH,20260814,22.63,26900,608747.0,1.0267857142857162,8.733683157744668,51.1607142857143
603058.SH,20260814,9.87,10200,100674.0,0.304878048780477,1.9907612730905884,46.82926829268286
603059.SH,20260814,25.1,25700,645070.0,-1.1811023622047112,15.276993584666842,37.91338582677173
603060.SH,20260814,5.46,2500,13650.0,0.0,0.5384665301631002,45.0
603061.SH,20260814,342.0,16800,5745600.0,1.1894194922776435,4.729562300707633,52.13651695366586
603062.SH,20260814,39.3,300,11790.0,1.1322696860524895,1.066601337711676,51.79361811631494
603063.SH,20260814,35.0,147700,5169500.0,1.8922852983988214,6.8110180350592815,56.35371179039293
603065.SH,20260814,16.33,321600,5251728.0,1.998750780761993,11.15965773511996,56.992504684571955
603066.SH,20260814,9.11,20700,188577.0,0.1098901098901095,7.1834229650196635,45.65934065934066
603067.SH,20260814,34.35,95900,3294165.0,-0.20337013364323253,3.3712253765160294,43.7797791981406
603068.SH,20260814,41.09,72400,2974916.0,1.4567901234568081,5.972406202343307,53.74074074074085
603069.SH,20260814,13.45,8400,112980.0,1.1278195488721776,3.304490553465315,51.766917293233064
603070.SH,20260814,11.75,4900,57575.0,0.42735042735042583,2.123997400367368,47.564102564102555
603071.SH,20260814,12.05,7100,85555.0,-0.49545829892649884,3.4381153108230245,42.02725020644101
603072.SH,20260814,31.89,3100,98859.0,0.440944881889771,1.7662560041207103,47.64566929133863
603073.SH,20260814,16.35,10600,173310.0,0.0,6.410754591054262,45.0
603075.SH,20260814,18.99,1500,28485.0,-0.05263157894738191,1.0634067423086033,44.68421052631571
603076.SH,20260814,21.86,63600,1390296.0,-0.3646308113035679,16.41848521034823,42.81221513217859
603077.SH,20260814,2.34,1031000,2412540.0,-0.42553191489362874,9.630738921551488,42.44680851063823
603078.SH,20260814,36.5,113300,4135450.0,0.16465422612514935,3.9520397629299455,45.98792535675089
603079.SH,20260814,12.13,7000,84910.0,-0.4922067268252617,0.7282883089878814,42.04675963904843
603080.SH,20260814,18.62,6000,111720.0,-0.7462686567164201,6.143998226093746,40.52238805970148
603081.SH,20260814,9.73,9000,87570.0,0.7246376811594235,2.825952955579873,49.347826086956545
603082.SH,20260814,40.78,3900,159042.0,0.4680955900468131,1.2959736997570317,47.808573540280875
603083.SH,20260814,170.19,541600,92174904.0,0.7041420118343078,12.926579191387386,49.22485207100585
603085.SH,20260814,9.93,9400,93342.0,-0.5010020040080221,3.055372213873829,41.99398797595187
603086.SH,20260814,5.61,6000,33660.0,0.0,1.3549158629854015,45.0
603087.SH,20260814,76.01,150100,11409101.0,-1.8972638100154815,6.385181734075617,33.616417139907114
603088.SH,20260814,9.34,9000,84060.0,0.3222341568206222,2.115881860594648,46.93340494092374
603089.SH,20260814,8.89,22800,202692.0,0.3386004514672747,3.4452602684961433,47.031602708803646
603090.SH,20260814,39.61,1800,71298.0,0.4565051990869984,1.0630497588188526,47.73903119452199
603091.SH,20260814,49.1,1400,68740.0,0.8006569492917226,1.3271862893817528,49.80394169575034
603092.SH,20260814,49.67,5500,273185.0,0.44489383215369216,3.915908163872611,47.66936299292215
603093.SH,20260814,12.32,226665,2792513.0,0.9836065573770592,16.845325619141104,50.90163934426236
603095.SH,20260814,13.52,110000,1487200.0,-0.44182621502208974,12.471489037257566,42.34904270986746
603096.SH,20260814,15.23,8200,124886.0,-0.06561679790025865,4.835151067400851,44.60629921259845
603097.SH,20260814,20.52,3600,73872.0,-0.2915451895043719,1.0052602386630312,43.250728862973766
603098.SH,20260814,10.09,17900,180611.0,0.7992007992007943,5.499843008229682,49.79520479520477
603099.SH,20260814,39.8,25000,995000.0,-0.7233724120728535,4.002930257593833,40.65976552756288
603100.SH,20260814,18.15,6100,110715.0,0.4983388704318914,0.9172967898663821,47.99003322259135
603101.SH,20260814,7.21,24100,173761.0,-0.5517241379310311,2.6535757682157666,41.689655172413815
603102.SH,20260814,40.14,211600,8493624.0,-2.643706039291771,36.48566243509467,29.137763764249375
603103.SH,20260814,15.5,27300,423150.0,-0.8951406649616356,3.816976504310897,39.62915601023019
603105.SH,20260814,7.16,3000,21480.0,-0.1394700139469962,0.4063491179471636,44.16317991631802
603106.SH,20260814,8.96,620700,5561472.0,0.0,10.823403452085035,45.0
603107.SH,20260814,11.98,2200,26356.0,0.08354218880535225,1.5685573408703755,45.50125313283211
603108.SH,20260814,10.6,61700,654020.0,0.4739336492890933,2.9673745332369585,47.84360189573456
603109.SH,20260814,17.44,3800,66272.0,0.0,2.403309685847185,45.0
603110.SH,20260814,25.93,58100,1506533.0,-0.038550501156520145,2.6989687023086644,44.76869699306088
603111.SH,20260814,5.76,800,4608.0,0.34843205574912606,0.1995704125602896,38.013266595346884
603112.SH,20260814,15.06,5500,82830.0,0.0,1.646276463700369,45.0
603113.SH,20260814,4.59,9000,41310.0,-0.21739130434782483,0.9531915349207983,43.695652173913054
603115.SH,20260814,78.88,215700,17014416.0,1.5447991761070812,12.413436237517864,54.26879505664249
603116.SH,20260814,6.13,15800,96854.0,0.4918032786885185,3.3015901758278967,47.95081967213111
603117.SH,20260814,3.77,6200,23374.0,-0.2645502645502562,1.0454457606914989,43.41269841269846
603118.SH,20260814,16.36,4924200,80559912.0,2.5062656641603898,41.3211277831016,60.03759398496234
603119.SH,20260814,54.32,39330,2136406.0,0.3695491500369519,5.647637703990798,47.21729490022171
603120.SH,20260814,47.8,2300,109940.0,0.9503695881731611,1.546401591434876,50.70221752903897
603121.SH,20260814,12.59,5800,73022.0,-0.15860428231562196,1.387317807907913,44.04837430610627
603122.SH,20260814,12.44,241600,3005504.0,-0.48000000000000265,8.908917189681114,42.11999999999998
603123.SH,20260814,9.3,114900,1068570.0,0.0,5.377146191207991,45.0
603124.SH,20260814,140.19,18900,2649591.0,0.8633714655730484,4.211795122710693,50.18022879343829
603125.SH,20260814,23.62,8500,200770.0,-0.5892255892255949,2.4042963531589328,41.46464646464643
603126.SH,20260814,6.0,4500,27000.0,0.16694490818029983,0.9294190882853127,46.0016694490818
603127.SH,20260814,51.0,414709,21150159.0,-1.7341040462427681,10.392059913498441,34.595375722543395
603128.SH,20260814,5.3,7700,40810.0,0.0,1.3320561348888154,45.0
603129.SH,20260814,282.0,2000,564000.0,0.1811787274858645,1.056952746200768,46.08707236491519
603130.SH,20260814,42.64,5700,243048.0,0.0,4.641207548069118,45.0
603131.SH,20260814,15.46,23100,357126.0,0.0,4.281230752122954,45.0
603132.SH,20260814,18.16,26800,486688.0,-0.9274413529732572,3.2228859442803253,39.435351882160454
603135.SH,20260814,9.42,10100,95142.0,0.10626992561104665,1.5697793242563804,45.63761955366628
603136.SH,20260814,9.0,2300,20700.0,0.22271714922048602,0.895990830594321,46.336302895322916
603137.SH,20260814,29.35,743800,21830530.0,1.2767425810904065,23.909650282255,52.66045548654244
603138.SH,20260814,13.39,28600,382954.0,0.7524454477050524,4.237415102651374,49.51467268623031
603139.SH,20260814,36.09,5300,191277.0,0.0,2.54534356901835,45.0
603150.SH,20260814,54.1,3100,167710.0,-0.07388252678240947,2.558539618355166,44.556704839305546
603151.SH,20260814,15.29,25100,383779.0,-0.8430609597924854,2.7435849465168256,39.94163424124509
603153.SH,20260814,13.5,133900,1807650.0,2.3502653525398154,42.63384998205635,59.101592115238894
603155.SH,20260814,13.62,36145,492295.0,-0.3657644476956934,4.7989353839257,42.80541331382584
603156.SH,20260814,50.1,58800,2945880.0,0.4008016032064132,4.780756055696961,47.40480961923848
603158.SH,20260814,10.32,69700,719304.0,-0.09680542110358514,1.6206358404202807,44.41916747337849
603159.SH,20260814,20.6,14000,288400.0,0.9803921568627638,3.713966763500237,50.882352941176585
603160.SH,20260814,51.32,12800,656896.0,0.27354435326298887,3.7210539579900703,46.641266119577935
603161.SH,20260814,16.59,40300,668577.0,0.9738283627510613,6.058746671697974,50.84297017650637
603162.SH,20260814,11.29,126800,1431572.0,0.08865248226950229,3.4789227978979467,45.531914893617014
603163.SH,20260814,85.98,5200,447096.0,0.785370999882784,2.0539480082167474,49.712225999296706
603165.SH,20260814,13.54,13400,181436.0,0.0,6.085311209287066,45.0
603166.SH,20260814,11.53,17200,198316.0,1.0517090271691343,3.4301240985537844,51.310254163014804
603167.SH,20260814,8.73,19800,172854.0,0.22962112514350874,6.775738705024601,46.37772675086105
603168.SH,20260814,5.61,24000,134640.0,0.3577817531305927,5.2427013665172755,47.14669051878356
603169.SH,20260814,6.91,34900,241159.0,1.023391812865504,3.772171768233652,51.14035087719302
603170.SH,20260814,12.9,2400,30960.0,0.3110419906687367,0.7237273134804989,46.86625194401242
603171.SH,20260814,45.76,102700,4699552.0,-0.7590544350466355,9.245797926757175,40.445673389720184
603172.SH,20260814,17.64,3800,67032.0,0.2272727272727204,2.4444444282369653,46.363636363636324
603173.SH,20260814,31.5,500,15750.0,0.6389776357827559,0.6148735691111255,48.83386581469654
603175.SH,20260814,92.95,5000,464750.0,1.2086236933797956,1.705098004190399,52.25174216027877
603176.SH,20260814,4.69,9200,43148.0,0.4282655246252709,2.1229853460478907,47.569593147751625
603177.SH,20260814,9.41,5800,54578.0,1.1827956989247213,0.5626997048862847,52.09677419354833
603178.SH,20260814,17.78,175700,3123946.0,-0.39215686274509665,12.802380424949824,42.64705882352942
603179.SH,20260814,41.26,64400,2657144.0,-0.048449612403111963,3.2198008226216768,44.709302325581326
603180.SH,20260814,15.26,5100,77826.0,-0.45662100456621557,2.294739210257183,42.260273972602704
603181.SH,20260814,13.09,3000,39270.0,0.5376344086021501,0.6625500493546641,48.2258064516129
603182.SH,20260814,12.8,17100,218880.0,0.8668242710796026,9.002490121342362,50.20094562647762
603183.SH,20260814,4.71,24700,116337.0,0.6410256410256387,1.9730273389880664,48.84615384615383
603185.SH,20260814,16.88,26279,443590.0,0.356718192627814,3.398989586957596,47.140309155766886
603186.SH,20260814,155.1,209000,32415900.0,1.8251050420168058,21.06494451861459,55.95063025210084
603187.SH,20260814,12.39,8600,106554.0,0.0,1.8713518241711167,45.0
603188.SH,20260814,4.81,784900,3775369.0,1.4767932489451407,21.512237469017357,53.86075949367084
603189.SH,20260814,9.59,16400,157276.0,-0.10416666666666075,7.889312854374118,44.375000000000036
603190.SH,20260814,16.77,4800,80496.0,0.29904306220096544,3.131496841563167,46.79425837320579
603191.SH,20260814,16.95,1274000,21594300.0,0.05903187721367775,38.13261927166738,45.35419126328207
603192.SH,20260814,21.06,6300,132678.0,-1.1267605633802913,4.36857370339104,38.239436619718255
603193.SH,20260814,20.92,3300,69036.0,0.23957834211787432,1.3697242101690574,46.43747005270725
603194.SH,20260814,33.74,2700,91098.0,0.6563245823389074,3.231114607207367,48.937947494033445
603195.SH,20260814,40.35,5300,213855.0,-0.1484780994803092,2.5461539288546335,44.10913140311814
603196.SH,20260814,20.71,2400,49704.0,-0.04826254826253429,1.7304370168134808,44.710424710424796
603197.SH,20260814,30.61,2600,79586.0,0.13084723585214952,1.6581163164449966,45.785083415112894
603198.SH,20260814,41.82,59100,2471562.0,-0.0955566172957445,10.71412816936899,44.426660296225535
603199.SH,20260814,32.82,1600,52512.0,-0.18248175182482562,1.5655234716126938,43.90510948905104
603200.SH,20260814,37.56,4100,153996.0,0.2134471718249875,1.1731071605235837,46.28068303094992
603201.SH,20260814,16.28,15600,253968.0,-0.12269938650306678,4.23132298618962,44.263803680981596
603202.SH,20260814,52.98,600,31788.0,0.0,0.7136713115245995,45.0
603203.SH,20260814,44.28,32200,1425816.0,2.0041465100207434,4.181956081524374,57.02487906012446
603205.SH,20260814,21.87,2200,48114.0,0.0,3.5234562415207176,45.0
603206.SH,20260814,14.5,86900,1260050.0,0.485100485100487,17.382067866694484,47.91060291060292
603207.SH,20260814,24.06,46600,1121196.0,-0.6606110652353392,19.022040689158846,41.03633360858797
603208.SH,20260814,11.51,1400,16114.0,0.0,0.5681522092249951,45.0
603209.SH,20260814,13.52,1300,17576.0,0.0,0.639290280125245,45.0
603210.SH,20260814,13.76,15800,217408.0,-0.0726216412490932,8.081310304651957,44.56427015250544
603211.SH,20260814,26.85,36200,971970.0,0.11185682326622093,6.831936258822652,45.67114093959732
603212.SH,20260814,11.6,34600,401360.0,0.17271157167528806,3.2144745025361243,46.03626943005173
603213.SH,20260814,13.86,5600,77616.0,-0.35945363048167644,3.6172517406066618,42.84327821710994
603214.SH,20260814,13.6,4300,58480.0,0.0,2.87293656906821,45.0
603215.SH,20260814,14.6,1200,17520.0,0.0,1.5034607916819487,45.0
603216.SH,20260814,20.85,24300,506655.0,0.0,11.095057944471431,45.0
603217.SH,20260814,25.34,17700,448518.0,0.15810276679841806,3.6191948094840725,45.94861660079051
603218.SH,20260814,9.95,17300,172135.0,0.1006036217303885,2.5580880365399623,45.60362173038233
603219.SH,20260814,14.75,9900,146025.0,-1.4037433155080326,4.066578204956544,36.5775401069518
603220.SH,20260814,19.99,148100,2960519.0,1.0106114199090355,2.993454077363344,51.06366851945421
603222.SH,20260814,9.01,106200,956862.0,-0.22148394241416902,5.140016681840229,43.67109634551498
603223.SH,20260814,10.7,11400,121980.0,0.093545369504211,1.0401207167616988,45.56127221702526
603225.SH,20260814,18.81,8100,152361.0,-0.370762711864403,0.7997460439797492,42.77542372881358
603226.SH,20260814,50.2,900,45180.0,0.07974481658692412,0.21953836330126747,39.99537429374969
603227.SH,20260814,7.61,16600,126326.0,0.26350461133071157,3.548452545647991,46.58102766798427
603228.SH,20260814,98.17,426700,41889139.0,0.9979423868312853,8.457686304230739,50.987654320987716
603229.SH,20260814,8.4,43600,366240.0,0.0,4.936192993501029,45.0
603230.SH,20260814,9.26,28600,264836.0,0.5428881650379802,11.787629149461464,48.25732899022788
603231.SH,20260814,15.81,700,11067.0,0.06329113924050667,0.3747173367663631,45.37974683544304
603232.SH,20260814,16.39,335600,5500484.0,-0.30413625304136493,20.388157623642098,43.17518248175181
603233.SH,20260814,18.15,73200,1328580.0,1.1705685618728978,9.166240532864778,52.02341137123739
603235.SH,20260814,23.84,4600,109664.0,0.7607776838546076,6.573925702002936,49.56466610312765
603236.SH,20260814,61.02,2842000,173418840.0,2.6754164563352,60.06841123573826,61.0524987380112
603237.SH,20260814,14.39,1700,24463.0,-0.20804438280166426,0.8837565204725125,43.75173370319001
603238.SH,20260814,12.18,3000,36540.0,0.32948929159801743,1.6282225962985162,46.97693574958811
603239.SH,20260814,14.51,1200,17412.0,0.2071823204419898,0.6354376713815033,46.24309392265194
603248.SH,20260814,19.1,16100,307510.0,1.004759386567966,6.500819488852641,51.0285563194078
603255.SH,20260814,28.55,2800,79940.0,0.0,2.6074215946956554,45.0
603256.SH,20260814,151.0,512900,77447900.0,-0.4483122362869296,21.71333653198564,42.31012658227842
603257.SH,20260814,63.3,2000,126600.0,-0.0631512472371476,1.9720545538828627,44.621092516577114
603258.SH,20260814,13.25,5500,72875.0,0.6838905775075954,1.5212542758726317,49.10334346504557
603259.SH,20260814,160.5,698008,112030284.0,-1.1273332101275235,12.842766737414033,38.23600073923486
603260.SH,20260814,34.98,41000,1434180.0,-0.11422044545975618,4.93044291489031,44.31467732724146
603261.SH,20260814,58.0,76300,4425400.0,1.0981349137179741,15.655291577700764,51.588809482307845
603262.SH,20260814,18.98,15100,286598.0,0.3171247357293794,4.621991138971551,46.902748414376276
603266.SH,20260814,16.02,12700,203454.0,1.0088272383354413,8.354659642292907,51.052963430012646
603267.SH,20260814,52.76,52300,2759348.0,0.0,6.0468857896536,45.0
603268.SH,20260814,173.26,47100,8160546.0,0.0,7.846085998913494,45.0
603269.SH,20260814,17.64,332360,5862830.0,0.17035775127769437,13.11138485321747,46.022146507666164
603270.SH,20260814,28.1,8300,233230.0,-0.7768361581920846,2.6984386461212626,40.33898305084749
603271.SH,20260814,42.0,6300,264600.0,-0.23752969121140222,5.8078005214114246,43.57482185273159
603272.SH,20260814,15.41,129900,2001759.0,-2.4065864471184195,21.83915457240617,30.560481317289483
603273.SH,20260814,14.24,15600,222144.0,0.0,10.174656602362536,45.0
603275.SH,20260814,,0,0.0,,0.0,0.0
603276.SH,20260814,15.5,12300,190650.0,0.0,6.866521767990512,45.0
603277.SH,20260814,11.99,675100,8094449.0,-4.003202562049635,52.0251414421757,20.98078462770219
603278.SH,20260814,9.56,59800,571688.0,-0.10449320794148065,4.754467515614329,44.373040752351116
603279.SH,20260814,12.5,18400,230000.0,-0.15974440894568342,3.946216432882511,44.0415335463259
603280.SH,20260814,26.91,37900,1019889.0,0.03717472118960341,6.062700207541681,45.22304832713762
603281.SH,20260814,21.21,2400,50904.0,0.23629489603025355,0.7675252156323825,46.417769376181525
603282.SH,20260814,14.9,8800,131120.0,0.5398110661268607,8.142235262162961,48.23886639676117
603283.SH,20260814,47.0,140800,6617600.0,1.5776961314026394,5.133774701990046,54.46617678841584
603284.SH,20260814,43.47,34800,1512756.0,0.0,7.363444496006605,45.0
603285.SH,20260814,33.2,38700,1284840.0,-0.4497751124437732,6.176244296621703,42.30134932533736
603286.SH,20260814,42.76,4600,196696.0,0.02339181286550307,1.5153167277435697,45.140350877193015
603288.SH,20260814,36.17,39700,1435949.0,-0.08287292817680258,4.291245484342198,44.502762430939185
603289.SH,20260814,8.9,100500,894450.0,0.0,9.409786959035745,45.0
603290.SH,20260814,87.52,13800,1207776.0,0.9574345368554615,3.116143435026344,50.74460722113277
603291.SH,20260814,9.01,1400,12614.0,-0.22148394241416902,0.41629311999218505,43.67109634551498
603293.SH,20260814,36.52,2600,94952.0,0.27457440966502933,1.9993661121678246,46.64744645799018
603296.SH,20260814,85.97,926620,79661521.0,0.0,25.721001439997288,45.0
603297.SH,20260814,104.86,7500,786450.0,2.02374002724266,4.26440524986053,57.14244016345596
603298.SH,20260814,25.65,13100,336015.0,-0.2333722287047979,3.9644712397176414,43.59976662777121
603299.SH,20260814,8.92,12300,109716.0,0.11223344556676729,2.870341137255341,45.67340067340061
603300.SH,20260814,5.03,844900,4249847.0,-1.3725490196078272,15.558825247512477,36.76470588235304
603301.SH,20260814,84.42,10700,903294.0,0.28510334996436626,6.9801015556271535,46.7106200997862
603303.SH,20260814,,0,0.0,,0.0,0.0
603305.SH,20260814,11.83,39300,464919.0,0.4244482173174857,2.7814411285797633,47.54668930390491
603306.SH,20260814,72.16,88200,6364512.0,0.22222222222221255,7.669477260176558,46.33333333333327
603307.SH,20260814,24.66,5800,143028.0,0.0,11.708473834801055,45.0
603308.SH,20260814,48.94,38300,1874402.0,1.1157024793388315,3.511747976010785,51.69421487603299
603309.SH,20260814,11.85,13800,163530.0,0.08445945945945166,1.916675158265469,45.50675675675671
603310.SH,20260814,14.83,55800,827514.0,0.06747638326585204,28.149036404201212,45.40485829959511
603311.SH,20260814,29.8,1500,44700.0,0.0,0.41722165547280565,45.0
603312.SH,20260814,32.4,500,16200.0,-0.24630541871920597,0.2896346412756968,43.52216748768476
603313.SH,20260814,6.34,44700,283398.0,-0.15748031496062298,3.605982206375355,44.055118110236265
603315.SH,20260814,11.89,120000,1426800.0,0.33755274261604296,17.534912116945033,47.025316455696256
603316.SH,20260814,14.29,89400,1277526.0,1.3475177304964614,11.085996284414136,53.085106382978765
603317.SH,20260814,14.65,39400,577210.0,-0.340136054421758,3.1741729129663243,42.959183673469454
603318.SH,20260814,8.95,246600,2207070.0,0.0,12.308820302299502,45.0
603319.SH,20260814,27.62,39200,1082704.0,0.5094614264919972,5.074847180731022,48.05676855895199
603320.SH,20260814,16.69,2200,36718.0,0.4211793020457266,1.507998288542277,47.52707581227436
603321.SH,20260814,6.24,11200,69888.0,-0.15999999999999348,3.2529996153912575,44.04000000000004
603322.SH,20260814,27.88,53500,1491580.0,0.9048136083966707,8.307993687087798,50.42888165038002
603323.SH,20260814,4.15,210500,873575.0,0.0,9.43584833431502,45.0
603324.SH,20260814,27.82,6600,183612.0,0.1800504141159509,1.788696905001609,46.08030248469571
603325.SH,20260814,53.9,600,32340.0,-0.14820303816227565,2.190633477146999,44.110781771026346
603326.SH,20260814,6.75,23100,155925.0,-0.4424778761061954,9.300973600326502,42.345132743362825
603327.SH,20260814,9.02,323000,2913460.0,0.0,15.627856843368598,45.0
603328.SH,20260814,10.85,256600,2784110.0,0.8364312267657992,13.445269017468124,50.01858736059479
603329.SH,20260814,10.16,7500,76200.0,-0.0983284169124854,3.505090592102258,44.41002949852509
603330.SH,20260814,10.19,2887331,29421903.0,4.943357363542722,109.6991022227493,74.66014418125633
603331.SH,20260814,13.45,37100,498995.0,0.900225056264059,8.898653292136139,50.401350337584354
603332.SH,20260814,11.23,4100,46043.0,0.6272401433691677,1.754409562478993,48.763440860215006
603333.SH,20260814,9.28,100000,928000.0,1.3100436681222627,7.295154154547055,52.86026200873358
603334.SH,20260814,33.0,13400,442200.0,-0.09082652134423386,10.447177468911141,44.4550408719346
603335.SH,20260814,6.72,21900,147168.0,0.0,2.2356627801781017,45.0
603336.SH,20260814,9.66,37400,361284.0,0.0,1.4842155924660902,45.0
603337.SH,20260814,39.36,60100,2365536.0,-0.5307050796057644,10.217683009016282,41.815769522365414
603338.SH,20260814,56.79,7500,425925.0,0.28253575843191214,1.64251263320414,46.69521455059147
603339.SH,20260814,13.81,13800,190578.0,0.14503263234229014,2.765134059046693,45.87019579405374
603341.SH,20260814,44.8,2012800,90173440.0,9.53545232273838,54.59644605613641,100.0
603344.SH,20260814,22.23,1300,28899.0,0.451875282422054,0.9678857782918281,47.71125169453232
603345.SH,20260814,84.05,11000,924550.0,-0.08321445553971518,2.344263487091975,44.50071326676171
603348.SH,20260814,14.58,500,7290.0,0.0,0.2672390739451251,45.0
603350.SH,20260814,,0,0.0,,0.0,0.0
603351.SH,20260814,27.16,9800,266168.0,1.1922503725782407,6.900939467673443,52.153502235469446
603352.SH,20260814,27.1,18400,498640.0,-0.18416206261508972,8.743391540607368,43.89502762430946
603353.SH,20260814,31.36,39400,1235584.0,0.15969338869370464,5.918101637699692,45.95816033216223
603355.SH,20260814,27.14,4400,119416.0,0.0,3.1274243948897604,45.0
603356.SH,20260814,16.57,4800,79536.0,1.159951159951178,2.34088902041641,51.95970695970707
603357.SH,20260814,6.04,21200,128048.0,-0.16528925619834212,7.328328015705588,44.00826446280995
603358.SH,20260814,42.63,55400,2361702.0,-0.07032348804498767,4.166229366134556,44.578059071730074
603359.SH,20260814,2.26,68800,155488.0,-0.440528634361248,12.346706390926098,42.35682819383251
603360.SH,20260814,13.65,41300,563745.0,0.44150110375276164,6.8503059923642375,47.649006622516566
603363.SH,20260814,2.99,102700,307073.0,-0.33333333333332993,2.6292579271775876,43.00000000000002
603365.SH,20260814,17.17,2400,41208.0,-0.23242300987796893,2.1612887423647105,43.605461940732184
603366.SH,20260814,6.95,15200,105640.0,0.28860028860029363,1.5377424502653712,46.731601731601764
603367.SH,20260814,15.31,225300,3449343.0,0.39344262295082366,14.631007788245448,47.360655737704946
603368.SH,20260814,16.75,137000,2294750.0,-0.9461856889414588,12.059045606640465,39.32288586635125
603369.SH,20260814,29.9,289000,8641100.0,-0.46604527296937315,18.545670461067072,42.20372836218376
603370.SH,20260814,34.33,800,27464.0,-0.23249055507119643,1.1700438774974626,43.60505666957282
603373.SH,20260814,41.04,54500,2236680.0,-0.7016694894749542,19.113614951258437,40.789983063150274
603375.SH,20260814,38.75,11400,441750.0,1.599370739381234,11.201722856672365,54.5962244362874
603376.SH,20260814,25.82,4000,103280.0,-0.5775895263765873,2.986524349875029,41.53446284174048
603377.SH,20260814,,0,0.0,,0.0,0.0
603378.SH,20260814,5.6,171100,958160.0,-1.2345679012345734,31.490944167958713,37.59259259259256
603379.SH,20260814,63.6,28700,1825320.0,0.4739336492891155,5.130092527159598,47.84360189573469
603380.SH,20260814,33.54,5300,177762.0,0.41916167664670656,2.7836181094306327,47.51497005988024
603381.SH,20260814,15.02,3600,54072.0,0.2001334222815121,1.3432479433192692,46.200800533689076
603382.SH,20260814,18.98,15900,301782.0,-0.31512605042015585,2.105174587107425,43.109243697479066
603383.SH,20260814,29.56,12700,375412.0,0.0,3.711870084191105,45.0
603385.SH,20260814,5.4,18300,98820.0,0.3717472118959231,7.863626478219737,47.23048327137554
603386.SH,20260814,13.31,5800,77198.0,0.22590361445784524,1.214421159238131,46.35542168674707
603387.SH,20260814,9.37,41700,390729.0,-0.6362672322375418,3.821014735142996,41.18239660657475
603389.SH,20260814,43.52,1300,56576.0,-0.18348623853210455,0.9948999245085215,43.89908256880737
603390.SH,20260814,10.23,2400,24552.0,0.09784735812132794,0.34949645293555953,45.58708414872797
603391.SH,20260814,62.1,1000,62100.0,-0.06437077566784355,0.7024158717302201,44.61377534599294
603392.SH,20260814,30.85,18500,570725.0,-0.03240440699934233,3.177391556192659,44.80557355800394
603393.SH,20260814,24.38,29800,726524.0,-0.08196721311475308,3.8448280155958643,44.50819672131148
603395.SH,20260814,22.2,8500,188700.0,0.6346328195829587,4.76734425273281,48.807796917497754
603396.SH,20260814,26.63,62300,1659049.0,0.0,11.641968248244847,45.0
603398.SH,20260814,10.78,45600,491568.0,0.09285051067779992,4.920365861224278,45.5571030640668
603399.SH,20260814,16.78,525200,8812856.0,-1.4101057579318343,6.175245281520144,36.539365452408994
603400.SH,20260814,44.13,14900,657537.0,-1.0759919300605159,5.196794127540519,38.54404841963691
603402.SH,20260814,64.0,30500,1952000.0,-1.4019411492836142,14.122782910289542,36.588353104298314
603406.SH,20260814,26.64,4000,106560.0,0.0,5.0978116294497555,45.0
603407.SH,20260814,62.55,24100,1507455.0,0.09601536245797959,4.178057016002913,45.57609217474788
603408.SH,20260814,10.28,10200,104856.0,-0.387596899224818,7.9599542698896375,42.674418604651095
603409.SH,20260814,18.06,7200,130032.0,0.27762354247637955,2.2531899917830787,46.665741254858276
603416.SH,20260814,48.83,7200,351576.0,0.6181743251596927,3.752831948369804,48.709045950958156
603418.SH,20260814,44.35,2200,97570.0,0.0,4.284947751919751,45.0
603421.SH,20260814,6.07,29900,181493.0,0.16501650165017256,3.1437033203758684,45.99009900990104
603429.SH,20260814,7.36,24600,181056.0,-1.2080536912751683,11.638288952457575,37.75167785234899
603435.SH,20260814,53.09,19600,1040564.0,0.0,7.312537381335026,45.0
603439.SH,20260814,12.93,56000,724080.0,0.0,1.8268165221355275,45.0
603444.SH,20260814,383.9,38100,14626590.0,-0.09108653220559759,11.678635254571525,44.453480806766414
603456.SH,20260814,17.9,842600,15082540.0,-1.9715224534501807,14.010967476638557,33.170865279298916
603458.SH,20260814,9.42,36900,347598.0,0.10626992561104665,3.6368588896804717,45.63761955366628
603459.SH,20260814,96.85,100300,9714055.0,0.8538998229719708,8.733324037379573,50.12339893783182
603466.SH,20260814,13.72,3148100,43191932.0,0.0,21.908502898291985,45.0
603468.SH,20260814,26.65,109024,2905490.0,-0.4854368932038944,15.016866808517756,42.087378640776635
603477.SH,20260814,15.4,44600,686840.0,0.5221932114882533,1.9982990135718874,48.13315926892952
603486.SH,20260814,56.3,15000,844500.0,0.41020153379702773,4.44550359788635,47.461209202782165
603488.SH,20260814,8.54,59600,508984.0,-0.11695906432750425,5.031400932253991,44.298245614034975
603489.SH,20260814,28.1,1900,53390.0,0.42887776983560055,0.9536717891113189,47.5732666190136
603496.SH,20260814,25.6,97200,2488320.0,-0.8136381247578317,2.366358363230759,40.118171251453006
603499.SH,20260814,12.8,10800,138240.0,0.39215686274509665,2.9249760774661633,47.35294117647058
603500.SH,20260814,9.91,9900,98109.0,-0.20140986908357972,0.7706361493840342,43.79154078549852
603501.SH,20260814,90.45,45900,4151655.0,0.47767162852700995,3.6696600997612645,47.86602977116206
603505.SH,20260814,16.39,30900,506451.0,0.0,3.4637961181280383,45.0
603506.SH,20260814,10.45,28600,298870.0,-0.38131553860820677,5.899833589831101,42.71210676835076
603507.SH,20260814,24.71,24800,612808.0,0.040485829959524544,2.0786372040830345,45.242914979757145
603508.SH,20260814,21.85,19500,426075.0,-0.273847558192597,4.163406841823714,43.356914650844416
603511.SH,20260814,12.19,800,9752.0,0.9105960264900625,1.0167942038559772,50.46357615894038
603515.SH,20260814,16.76,2000,33520.0,0.0,2.137892810697628,45.0
603516.SH,20260814,98.9,20400,2017560.0,0.11134730235853318,6.2302695085337145,45.6680838141512
603517.SH,20260814,11.01,7900,86979.0,0.5479452054794498,2.5423844742178554,48.2876712328767
603518.SH,20260814,7.99,23500,187765.0,0.0,6.813143661374296,45.0
603519.SH,20260814,15.51,25000,387750.0,-1.0841836734693855,2.5586764222570335,38.49489795918369
603520.SH,20260814,9.06,45400,411324.0,0.5549389567147678,5.14625322515063,48.32963374028861
603527.SH,20260814,9.77,14700,143619.0,-0.10224948875255935,3.232776958085614,44.38650306748465
603528.SH,20260814,6.35,13000,82550.0,-0.15723270440252124,1.6927648074217043,44.056603773584875
603529.SH,20260814,20.97,7500,157275.0,0.09546539379474694,1.8783606936229789,45.57279236276848
603530.SH,20260814,46.76,30500,1426180.0,2.162988857330128,4.969454534679356,57.97793314398077
603533.SH,20260814,22.49,178900,4023461.0,0.5813953488372103,8.889914999502736,48.48837209302326
603535.SH,20260814,6.73,62900,423317.0,0.0,3.9702505960365473,45.0
603536.SH,20260814,9.8,42500,416500.0,-1.5075376884421954,6.642526253687918,35.95477386934682
603538.SH,20260814,31.65,1387280,43907412.0,-2.824685293214624,17.58554503373953,28.05188824071226
603551.SH,20260814,9.44,27700,261488.0,0.2123142250530785,24.450333156921307,46.27388535031847
603556.SH,20260814,25.66,58200,1493412.0,-0.9648784253184051,4.145398008972507,39.210729448089566
603557.SH,20260814,,0,0.0,,0.0,0.0
603558.SH,20260814,11.96,11600,138736.0,0.3355704697986628,4.920032275831614,47.01342281879198
603559.SH,20260814,8.9,516000,4592400.0,-2.94438386041439,30.52540061098659,27.33369683751366
603565.SH,20260814,10.84,36800,398912.0,-0.09216589861751334,2.4712667354520086,44.44700460829492
603566.SH,20260814,10.43,4800,50064.0,0.0,2.215241038880082,45.0
603567.SH,20260814,6.81,644284,4387574.0,-2.853067047075608,9.439224536733631,27.881597717546352
603568.SH,20260814,15.6,7800,121680.0,0.38610038610038533,1.6207859996910277,47.316602316602314
603569.SH,20260814,5.91,2100,12411.0,0.16949152542371504,0.7572868956783758,46.01694915254229
603577.SH,20260814,10.46,11200,117152.0,0.0,2.3639544248667694,45.0
603578.SH,20260814,13.0,26000,338000.0,0.9316770186335255,8.581553280947436,50.59006211180115
603579.SH,20260814,18.5,22600,418100.0,0.0,9.806516100406622,45.0
603580.SH,20260814,53.03,83600,4433308.0,-1.0818877075172484,10.411874290357234,38.508673754896506
603583.SH,20260814,24.85,5300,131705.0,0.28248587570620654,1.5397107422393634,46.69491525423724
603585.SH,20260814,9.93,126900,1260117.0,-1.7804154302670572,21.627600063373283,34.31750741839765
603586.SH,20260814,13.4,7800,104520.0,0.2243829468960401,6.17361539014036,46.34629768137624
603587.SH,20260814,11.68,3000,35040.0,0.17152658662091813,2.667255330324044,46.02915951972551
603588.SH,20260814,13.7,193500,2650950.0,0.9579955784819294,4.796822455392039,50.74797347089158
603589.SH,20260814,20.47,33500,685745.0,0.4416094210009769,5.580985020966467,47.64965652600586
603590.SH,20260814,33.33,15400,513282.0,0.6948640483383617,6.336777576467576,49.169184290030174
603595.SH,20260814,26.8,15600,418080.0,2.7607361963190247,8.303455880542092,61.56441717791415
603596.SH,20260814,27.32,29800,814136.0,0.7746219107340524,2.2422280070548317,49.647731464404316
603598.SH,20260814,18.57,854900,15875493.0,-6.306760847628656,19.647243029340306,15.0
603599.SH,20260814,9.96,32400,322704.0,-0.10030090270811698,6.749504460327649,44.3981945837513
603600.SH,20260814,9.43,2100,19803.0,-0.527426160337563,0.855287867014074,41.83544303797462
603601.SH,20260814,9.72,258500,2512620.0,0.1029866117404632,5.259728930097321,45.61791967044278
603602.SH,20260814,11.74,30000,352200.0,0.0,7.196048474478587,45.0
603605.SH,20260814,58.38,8300,484554.0,-0.25627883136852825,1.6067039351480423,43.46232701178883
603606.SH,20260814,38.7,29720,1150164.0,0.15527950310558758,2.204799065783096,45.93167701863352
603607.SH,20260814,22.5,400,9000.0,-0.0888099467140302,0.09205579366638955,16.037183179665938
603608.SH,20260814,19.2,45100,865920.0,0.15649452269168584,2.6650840801218476,45.93896713615011
603609.SH,20260814,6.31,20600,129986.0,0.0,8.280886318451445,45.0
603610.SH,20260814,15.54,11200,174048.0,0.19342359767891004,2.1556738135371876,46.160541586073464
603611.SH,20260814,16.9,10240,173056.0,0.0,6.599383885645051,45.0
603612.SH,20260814,16.65,16500,274725.0,0.30120481927709,2.840469992865558,46.80722891566254
603613.SH,20260814,18.87,50300,949161.0,-0.21152829190903555,5.6841248051780795,43.730830248545786
603615.SH,20260814,17.08,50000,854000.0,0.47058823529411153,8.57957491943513,47.82352941176467
603616.SH,20260814,5.42,67900,368018.0,0.0,9.92221980260116,45.0
603617.SH,20260814,6.95,80700,560865.0,0.28860028860029363,10.65297768262288,46.731601731601764
603618.SH,20260814,27.16,424300,11523988.0,0.03683241252303571,3.5119728387931217,45.22099447513821
603619.SH,20260814,22.01,403200,8874432.0,-0.497287522603973,16.510264916574478,42.016274864376165
603626.SH,20260814,16.66,134700,2244102.0,0.06006006006007425,3.8980964261218665,45.360360360360445
603628.SH,20260814,9.57,2700,25839.0,0.0,0.9384045408625441,45.0
603629.SH,20260814,127.66,1197300,152847318.0,2.1279999999999966,17.232058594096753,57.76799999999998
603630.SH,20260814,15.33,15800,242214.0,0.0,2.386648108249263,45.0
603633.SH,20260814,6.39,6100,38979.0,0.0,0.5741353378054194,45.0
603636.SH,20260814,7.33,49600,363568.0,0.0,3.4460644721575426,45.0
603637.SH,20260814,13.71,7100,97341.0,0.0,1.4178181526342613,45.0
603638.SH,20260814,19.62,45700,896634.0,0.0,6.532095259485767,45.0
603639.SH,20260814,10.51,1400,14714.0,0.09523809523810378,1.290128439414555,45.571428571428626
603648.SH,20260814,9.05,32500,294125.0,0.6674082313681939,13.10451349073185,49.00444938820917
603650.SH,20260814,63.56,102900,6540324.0,0.5537098560354448,7.738084229308616,48.322259136212665
603655.SH,20260814,32.86,22000,722920.0,0.12187690432663434,6.874251985780382,45.73126142595981
603656.SH,20260814,17.61,200,3522.0,-0.1700680272108901,0.1291453238007315,22.225750120866326
603657.SH,20260814,26.72,14800,395456.0,-0.9636767976278771,6.519683407856138,39.217939214232736
603658.SH,20260814,32.5,8200,266500.0,0.30864197530864335,0.8818339146196095,46.85185185185186
603659.SH,20260814,24.2,26845,649649.0,0.3316749585406287,0.6813326004372401,46.990049751243774
603660.SH,20260814,12.0,180600,2167200.0,1.6949152542372836,7.822226349416338,55.1694915254237
603661.SH,20260814,32.0,7600,243200.0,0.31347962382446415,6.89762106665073,46.88087774294679
603662.SH,20260814,53.84,12800,689152.0,0.8617459722742637,3.2590723818320484,50.17047583364558
603663.SH,20260814,39.91,259700,10364627.0,0.12543903662818323,6.940523049166826,45.7526342197691
603665.SH,20260814,21.88,1800,39384.0,0.0,1.5094050374821786,45.0
603666.SH,20260814,25.27,2000,50540.0,-0.03955696202532222,0.70433453521272,44.762658227848064
603667.SH,20260814,55.85,43000,2401550.0,0.16140602582497277,3.5544111555243325,45.968436154949835
603668.SH,20260814,10.39,22400,232736.0,0.09633911368014392,2.357466807833484,45.57803468208086
603669.SH,20260814,6.3,65600,413280.0,0.15898251192367763,3.5806296668267765,45.953895071542064
603676.SH,20260814,9.3,21800,202740.0,0.21551724137931494,10.46928354345744,46.293103448275886
603677.SH,20260814,13.65,16000,218400.0,0.07331378299120228,12.841687221304076,45.43988269794721
603678.SH,20260814,51.0,299500,15274500.0,0.6910167818361401,9.343687435446272,49.14610069101684
603679.SH,20260814,21.95,61900,1358705.0,-1.65770609318997,6.853173929373438,35.05376344086018
603680.SH,20260814,10.14,8200,83148.0,0.0,2.5560744441464935,45.0
603681.SH,20260814,18.9,51000,963900.0,2.7732463295269127,6.201991269650111,61.63947797716148
603682.SH,20260814,13.0,291800,3793400.0,-1.2158054711246202,7.467814137433636,37.70516717325228
603683.SH,20260814,15.46,159100,2459686.0,0.25940337224383825,10.539354052909239,46.55642023346303
603685.SH,20260814,26.71,5000,133550.0,0.03745318352059712,2.950627419823798,45.22471910112358
603686.SH,20260814,13.18,38100,502158.0,0.0,4.955735227441777,45.0
603687.SH,20260814,14.18,25300,358754.0,0.0,2.22365604858104,45.0
603688.SH,20260814,48.74,35000,1705900.0,0.7232899359371769,3.0844845768050453,49.33973961562306
603689.SH,20260814,7.41,23000,170430.0,0.0,11.562583065995666,45.0
603690.SH,20260814,27.0,413300,11159100.0,2.6615969581748944,12.134854012473468,60.96958174904937
603693.SH,20260814,12.36,45200,558672.0,0.4878048780487809,4.2673641041466235,47.926829268292686
603696.SH,20260814,15.94,531200,8467328.0,-2.6267562614538886,15.528966299279839,29.239462431276667
603697.SH,20260814,10.1,21700,219170.0,0.397614314115291,2.640132784091273,47.385685884691746
603698.SH,20260814,23.8,42643,1014903.0,0.0,3.583904500460383,45.0
603699.SH,20260814,53.0,15400,816200.0,0.0,3.941396428255563,45.0
603700.SH,20260814,11.55,17800,205590.0,0.0,4.380466914435028,45.0
603701.SH,20260814,19.3,13300,256690.0,0.0,5.307479189094758,45.0
603703.SH,20260814,9.53,46900,446957.0,1.0604453870625585,2.3796439832566625,51.36267232237535
603706.SH,20260814,18.88,4300,81184.0,0.052994170641218474,5.677095607285737,45.31796502384731
603707.SH,20260814,8.19,17200,140868.0,-0.24360535931792215,1.910253945878986,43.53836784409247
603708.SH,20260814,9.37,400,3748.0,0.0,0.1508269829794486,27.14885693630075
603709.SH,20260814,11.25,12600,141750.0,-0.3542958370239102,7.426817943569387,42.87422497785654
603711.SH,20260814,12.08,137100,1656168.0,-0.576131687242798,16.613901146361265,41.543209876543216
603712.SH,20260814,11.97,31300,374661.0,0.16736401673640433,3.7469793397535196,46.00418410041843
603713.SH,20260814,66.19,48200,3190358.0,-3.7236363636363623,8.566688697592237,22.658181818181827
603716.SH,20260814,17.68,182000,3217760.0,-0.22573363431150906,10.006311349902823,43.64559819413095
603717.SH,20260814,6.35,15200,96520.0,0.0,2.035877210280404,45.0
603718.SH,20260814,2.95,1058200,3121690.0,2.430555555555558,63.74781197396324,59.58333333333335
603719.SH,20260814,10.05,31100,312555.0,-0.19860973187685316,7.272020228898734,43.80834160873888
603721.SH,20260814,18.79,36700,689593.0,-1.313025210084029,5.060726806270513,37.121848739495825
603722.SH,20260814,31.78,28300,899374.0,1.9243104554201418,21.139687259912233,56.54586273252085
603725.SH,20260814,11.3,53100,600030.0,1.6187050359712352,1.5686817923219658,54.71223021582741
603726.SH,20260814,23.42,21600,505872.0,0.6878761822871837,4.543666177563045,49.1272570937231
603727.SH,20260814,18.32,23500,430520.0,-0.5968529571351078,10.103677692212248,41.41888225718935
603728.SH,20260814,52.08,35000,1822800.0,0.0,9.378477906890433,45.0
603729.SH,20260814,11.25,1200,13500.0,-0.0888099467140302,1.3166533830969793,44.46714031971582
603730.SH,20260814,10.3,32000,329600.0,0.8814887365328206,4.032816259238435,50.288932419196925
603733.SH,20260814,21.66,30700,664962.0,-0.6877579092159469,3.3064330106484663,40.87345254470432
603737.SH,20260814,24.09,20700,498663.0,-0.4545454545454519,2.1793998470836744,42.27272727272729
603738.SH,20260814,36.83,361300,13306679.0,1.9374481040686398,8.944146121935576,56.62468862441184
603739.SH,20260814,12.2,125700,1533540.0,-1.6129032258064613,13.856674830130046,35.32258064516123
603755.SH,20260814,23.17,2800,64876.0,-0.8133561643835496,4.499727176816542,40.119863013698705
603757.SH,20260814,59.04,56200,3318048.0,1.2172124121378358,3.3913967317202274,52.30327447282701
603758.SH,20260814,15.0,3862500,57937500.0,-2.28013029315961,304.8272257961842,31.31921824104234
603759.SH,20260814,7.35,1900,13965.0,0.0,0.7469165024368519,45.0
603766.SH,20260814,13.31,9500,126445.0,0.22590361445784524,0.4809889209815713,46.35542168674707
603767.SH,20260814,15.06,17600,265056.0,0.26631158455392434,8.044667670024399,46.597869507323544
603768.SH,20260814,11.25,7500,84375.0,0.8968609865470878,2.7879645182570787,50.38116591928252
603773.SH,20260814,94.07,236100,22209927.0,0.28784648187631934,16.534526468287844,46.72707889125792
603776.SH,20260814,21.69,12400,268956.0,0.3237742830712209,7.594972311091032,46.94264569842733
603777.SH,20260814,14.18,4700,66646.0,-0.49122807017544234,0.7815300088713963,42.05263157894735
603778.SH,20260814,10.66,371700,3962322.0,-0.09372071227741197,9.258203588413803,44.43767572633553
603779.SH,20260814,7.96,36000,286560.0,-0.3754693366708417,2.814266954610488,42.74718397997495
603786.SH,20260814,43.7,13500,589950.0,0.691244239631339,7.7286261434603585,49.147465437788036
603787.SH,20260814,10.21,9200,93932.0,-0.19550342130987275,3.8167693890641585,43.82697947214076
603788.SH,20260814,13.95,4700,65565.0,-0.4282655246252709,5.250775062930818,42.430406852248375
603789.SH,20260814,6.38,3100,19778.0,0.0,0.8572413576088643,45.0
603790.SH,20260814,24.93,7900,196947.0,0.5647438483259437,1.79669963281359,48.388463089955664
603797.SH,20260814,4.64,360100,1670864.0,-0.42918454935623185,10.59142447212221,42.42489270386261
603798.SH,20260814,13.22,13300,175826.0,0.07570022710068347,4.818483754765907,45.4542013626041
603799.SH,20260814,42.18,252900,10667322.0,0.02371354043158025,4.664523455934361,45.14228124258948
603800.SH,20260814,63.7,1700,108290.0,-0.46874999999999556,0.2225808715552879,37.25205687995185
603801.SH,20260814,5.96,18700,111452.0,0.6756756756756799,4.4194017494410325,49.05405405405408
603803.SH,20260814,10.75,115500,1241625.0,0.0,2.3790744184652572,45.0
603806.SH,20260814,15.28,51700,789976.0,0.460223537146609,3.012142172900086,47.76134122287965
603808.SH,20260814,8.44,18700,157828.0,-0.23640661938535423,8.131234837138829,43.58156028368788
603809.SH,20260814,9.58,43300,414814.0,0.5246589716684236,5.804706783831773,48.14795383001054
603810.SH,20260814,11.99,2800,33572.0,0.0,1.8970975458603214,45.0
603811.SH,20260814,7.46,5800,43268.0,-0.665778961384822,1.2055897144261454,41.00532623169107
603813.SH,20260814,32.62,5500,179410.0,0.27666769136180935,11.227866486955717,46.66000614817086
603815.SH,20260814,5.4,5700,30780.0,-0.36900369003689537,0.8287728835421161,42.785977859778626
603816.SH,20260814,24.01,27700,665077.0,0.08336807002919944,3.1608004455746896,45.5002084201752
603817.SH,20260814,5.67,12200,69174.0,0.0,2.292939817738233,45.0
603818.SH,20260814,3.56,25100,89356.0,0.0,1.3948564582247391,45.0
603819.SH,20260814,14.22,20600,292932.0,0.6369426751592355,3.903311790800653,48.82165605095541
603822.SH,20260814,57.01,900,51309.0,-0.017537706068060377,1.2923912790225394,44.89477376359164
603823.SH,20260814,75.77,60100,4553777.0,-0.3026315789473766,2.6051192776830563,43.18421052631574
603825.SH,20260814,8.0,126100,1008800.0,1.1378002528444897,56.20066042461248,51.82680151706694
603826.SH,20260814,17.6,90700,1596320.0,0.8018327605956443,15.476158633069103,49.810996563573866
603828.SH,20260814,4.15,22400,92960.0,-0.9546539379474916,21.005483886493558,39.27207637231505
603829.SH,20260814,15.32,5900,90388.0,0.8558262014483287,1.9327234424954582,50.13495720868997
603833.SH,20260814,32.3,30300,978690.0,-0.3394014193150219,7.067209713904267,42.96359148410987
603836.SH,20260814,8.86,8300,73538.0,-0.44943820224719877,3.098792521012125,42.30337078651681
603838.SH,20260814,9.34,9600,89664.0,0.0,3.3510068698555924,45.0
603839.SH,20260814,7.02,5100,35802.0,0.0,1.6813640040827624,45.0
603843.SH,20260814,7.24,55800,403992.0,-0.8219178082191747,6.738173558206205,40.06849315068495
603848.SH,20260814,13.6,4600,62560.0,0.8902077151335286,2.474632054728608,50.34124629080117
603855.SH,20260814,16.26,2100,34146.0,-0.5504587155963248,2.7733816762365633,41.697247706422054
603856.SH,20260814,11.2,23100,258720.0,-0.0892060660125038,11.099909568686655,44.46476360392498
603858.SH,20260814,15.91,58400,929144.0,-0.5624999999999991,7.351674508872689,41.62500000000001
603859.SH,20260814,41.66,39480,1644737.0,0.02400960384152384,6.296622508251062,45.14405762304914
603860.SH,20260814,25.81,5100,131631.0,-0.3859513701273687,8.896555667494788,42.684291779235785
603861.SH,20260814,12.63,33300,420579.0,-0.23696682464454666,4.04253007812738,43.57819905213272
603863.SH,20260814,12.78,23200,296496.0,0.0783085356303781,3.663241487608446,45.46985121378227
603866.SH,20260814,4.3,15500,66650.0,0.4672897196261516,1.503381537031118,47.80373831775691
603867.SH,20260814,28.27,4800,135696.0,0.0,0.5938434119262379,45.0
603868.SH,20260814,30.84,300,9252.0,-0.032414910859002166,0.30698732618816904,44.805510534845986
603869.SH,20260814,8.81,300,2643.0,0.0,0.2546478287009203,45.0
603871.SH,20260814,12.08,32900,397432.0,0.0,5.549400523799448,45.0
603876.SH,20260814,21.4,68400,1463760.0,0.46948356807510194,2.126678492143571,47.81690140845061
603877.SH,20260814,12.66,2000,25320.0,0.15822784810126667,1.4464787440177078,45.9493670886076
603878.SH,20260814,4.99,13700,68363.0,0.4024144869215318,1.6875550865914006,47.41448692152919
603879.SH,20260814,5.41,79100,427931.0,0.0,9.767936217691735,45.0
603880.SH,20260814,8.11,108200,877502.0,-0.9768009768009733,10.825015946661647,39.13919413919416
603881.SH,20260814,26.4,978180,25823952.0,0.0,9.216467826309568,45.0
603882.SH,20260814,30.35,29100,883185.0,-0.6221349050425595,3.4630069798734158,41.26719056974464
603883.SH,20260814,13.44,174800,2349312.0,0.0,4.7941408319274395,45.0
603885.SH,20260814,10.83,27600,298908.0,0.2777777777777768,2.9319188699241288,46.66666666666666
603886.SH,20260814,10.53,2300,24219.0,0.0,0.8166039498828587,45.0
603887.SH,20260814,12.86,9175613,117998383.0,2.9623698959167166,79.73513600674745,62.7742193755003
603888.SH,20260814,16.67,22710,378576.0,0.0,2.9950153092879646,45.0
603889.SH,20260814,5.63,1200,6756.0,0.0,0.23654339928900434,42.57781187202078
603890.SH,20260814,20.45,1656505,33875527.0,0.0,17.255110177248007,45.0
603893.SH,20260814,209.5,97200,20363400.0,1.1393260596697985,7.957761387112161,51.83595635801879
603895.SH,20260814,24.82,300,7446.0,-0.7199999999999984,0.25665255238481616,40.68000000000001
603896.SH,20260814,15.41,3700,57017.0,-0.3234152652005218,1.876242804779794,43.05950840879687
603897.SH,20260814,32.8,624800,20493440.0,-5.42099192618225,23.0200388736115,15.0
603898.SH,20260814,11.24,4400,49456.0,0.08904719501334757,0.808315582512193,45.53428317008009
603899.SH,20260814,22.39,4400,98516.0,-0.22281639928699581,1.8425372760967746,43.663101604278026
603900.SH,20260814,6.05,43900,265595.0,-0.32948929159802853,6.901710541644019,43.02306425041183
603901.SH,20260814,9.7,22500,218250.0,0.5181347150258864,3.5278832577603896,48.10880829015532
603903.SH,20260814,14.16,305900,4331544.0,-0.28169014084505895,15.089309007972366,43.30985915492965
603906.SH,20260814,19.68,46100,907248.0,0.0,2.233213900864476,45.0
603908.SH,20260814,18.62,6300,117306.0,0.37735849056603765,9.534642999528169,47.264150943396224
603909.SH,20260814,9.48,19200,182016.0,0.4237288135593209,13.831357231564365,47.542372881355924
603912.SH,20260814,8.88,1707400,15161712.0,-0.11248593925758943,27.267362572040295,44.32508436445446
603915.SH,20260814,13.41,12000,160920.0,0.44943820224718767,3.3298026775321583,47.69662921348313
603916.SH,20260814,10.9,44300,482870.0,-0.09165902841429263,7.544782094983818,44.450045829514245
603917.SH,20260814,12.41,400,4964.0,-0.16090104585679832,0.14614074213118658,25.339927308472795
603918.SH,20260814,11.08,684800,7587584.0,-0.27002700270026825,23.979495560242782,43.37983798379839
603919.SH,20260814,16.94,126800,2147992.0,-0.5868544600938885,13.311623407664712,41.478873239436666
603920.SH,20260814,39.01,568300,22169383.0,0.0,15.749398558343335,45.0
603922.SH,20260814,12.38,3600,44568.0,2.398676592224991,2.2532023501899507,59.392059553349945
603926.SH,20260814,17.01,3100,52731.0,0.0,0.9081857311209456,45.0
603927.SH,20260814,13.65,44200,603330.0,-0.21929824561403022,4.439003879671586,43.684210526315816
603928.SH,20260814,13.06,49100,641246.0,0.6163328197226425,2.911418760941753,48.69799691833585
603929.SH,20260814,163.58,22700,3713266.0,1.2753838533927642,4.65717730854093,52.652303120356585
603931.SH,20260814,37.32,7900,294828.0,0.7015650296815945,0.881977894210738,49.20939017808956
603933.SH,20260814,20.51,65100,1335201.0,-0.48520135856379154,13.442509138699558,42.08879184861725
603936.SH,20260814,15.53,238200,3699246.0,1.436969301110369,6.974306412466389,53.62181580666221
603937.SH,20260814,11.28,63100,711768.0,-0.08857395925597755,14.766484150553627,44.46855624446413
603938.SH,20260814,43.17,90200,3893934.0,1.52869238005644,6.1362092196385385,54.17215428033864
603939.SH,20260814,23.84,24800,591232.0,-0.790678318768212,2.5263634641092514,40.25593008739073
603948.SH,20260814,20.81,6400,133184.0,0.8725157537566641,6.896954934118659,50.23509452253998
603949.SH,20260814,14.22,6900,98118.0,0.3528581510232831,2.5965743838058106,47.1171489061397
603950.SH,20260814,59.66,20600,1228996.0,0.8622147083685583,2.4945110328603843,50.17328825021135
603955.SH,20260814,20.4,3300,67320.0,0.0,1.8052407490461948,45.0
603956.SH,20260814,7.84,1239100,9714544.0,-1.8773466833541974,18.86309901633593,33.735919899874816
603958.SH,20260814,14.69,5000,73450.0,0.0,0.8677237846054625,45.0
603959.SH,20260814,5.18,389500,2017610.0,0.3875968992248069,21.990787958965367,47.32558139534884
603960.SH,20260814,16.36,1100,17996.0,0.0,0.2914410377905064,45.0
603966.SH,20260814,7.88,4500,35460.0,-0.12674271229403677,0.8307226635901659,44.23954372623578
603967.SH,20260814,11.5,13000,149500.0,0.4366812227074357,7.665955894961123,47.620087336244616
603968.SH,20260814,10.23,9000,92070.0,0.09784735812132794,5.98944382481316,45.58708414872797
603969.SH,20260814,7.04001,50741,357217.0,0.14238975817921773,2.3766038609791496,45.85433854907531
603970.SH,20260814,10.29,14600,150234.0,-0.29069767441861627,10.200918730453655,43.2558139534883
603976.SH,20260814,28.17,17700,498609.0,0.6071428571428727,4.910181201028141,48.64285714285724
603977.SH,20260814,11.9,77700,924630.0,0.591715976331364,11.377061214884291,48.55029585798818
603978.SH,20260814,19.58,19500,381810.0,0.46177526936890256,3.151092001809495,47.770651616213414
603979.SH,20260814,72.07,11800,850426.0,-0.3594635697497628,0.9496640647653235,42.843218581501425
603980.SH,20260814,7.19,128000,920320.0,0.9831460674157411,4.498216874318265,50.898876404494445
603982.SH,20260814,6.06,8100,49086.0,0.0,2.2323142102994065,45.0
603983.SH,20260814,29.03,25400,737362.0,-1.05657805044308,6.8613822076269875,38.66053169734152
603985.SH,20260814,17.16,80800,1386528.0,0.5861664712778492,4.385222196413593,48.516998827667095
603986.SH,20260814,419.0,674200,282489800.0,3.584672435105074,14.340361558629752,66.50803461063045
603987.SH,20260814,7.63,5900,45017.0,0.0,1.4511170477709137,45.0
603988.SH,20260814,22.0,79500,1749000.0,0.0,6.35264723818171,45.0
603989.SH,20260814,30.65,567700,17400005.0,2.200733577859282,12.55493760418958,58.20440146715569
603990.SH,20260814,21.64,371200,8032768.0,-2.785265049415997,7.570445767487503,28.28840970350402
603991.SH,20260814,132.2,1900,251180.0,0.15151515151514694,1.046619781867237,45.90909090909088
603992.SH,20260814,22.87,8900,203543.0,-0.04370629370628043,2.5402962817432355,44.73776223776232
603993.SH,20260814,18.21,677000,12328170.0,-1.086366105377512,4.214777494883809,38.481803367734926
603995.SH,20260814,24.8,15000,372000.0,0.6902151847340665,2.1060732273168905,49.1412911084044
603997.SH,20260814,12.8,91700,1173760.0,1.3460015835312644,6.853265367892616,53.076009501187585
603998.SH,20260814,10.78,1329800,14335244.0,0.09285051067779992,22.760968664679773,45.5571030640668
603999.SH,20260814,5.61,202200,1134342.0,-0.8833922261484051,24.097763063454753,39.69964664310957
605001.SH,20260814,5.64,900,5076.0,0.53475935828875,0.3642685034908347,48.2085561497325
605003.SH,20260814,21.08,3100,65348.0,-0.04741583688953055,5.3015484889515925,44.715504978662814
605005.SH,20260814,15.72,11700,183924.0,0.898587933247752,6.443481765732051,50.39152759948651
605006.SH,20260814,14.57,120783,1759808.0,0.4135079255685792,2.8135567207274788,47.48104755341147
605007.SH,20260814,15.38,35100,539838.0,0.0,5.556821198280887,45.0
605008.SH,20260814,12.0,1200,14400.0,0.33444816053511683,0.1541505204255381,29.753782639807554
605009.SH,20260814,23.7,18000,426600.0,-0.7537688442211032,14.626702784267962,40.47738693467338
605011.SH,20260814,17.66,19800,349668.0,0.11337868480725266,2.7515125398892715,45.68027210884352
605016.SH,20260814,20.13,33200,668316.0,-0.09925558312654514,3.6561613309443484,44.40446650124073
605018.SH,20260814,13.04,2900,37816.0,0.3076923076922977,1.058754727943487,46.84615384615378
605020.SH,20260814,34.8,44600,1552080.0,-0.08613264427218548,3.6672370966295262,44.483204134366886
605028.SH,20260814,25.36,5000,126800.0,0.5152596115735264,2.821067267592558,48.09155766944116
605033.SH,20260814,18.86,19400,365884.0,0.26581605528974706,2.332166421494838,46.59489633173848
605050.SH,20260814,10.7,1000,10700.0,0.1872659176029856,0.6342440702773253,46.123595505617914
605055.SH,20260814,9.84,3700,36408.0,-0.20283975659228792,1.0187963277328544,43.78296146044627
605056.SH,20260814,15.04,37700,567008.0,-0.06644518272426181,5.536026123894595,44.60132890365443
605058.SH,20260814,26.8,3500,93800.0,0.5251312828207011,1.961402197648701,48.150787696924205
605060.SH,20260814,44.36,20500,909380.0,-0.29220049449315555,6.814041730516931,43.24679703304107
605066.SH,20260814,6.86,135600,930216.0,-0.723589001447178,13.064569251833413,40.65846599131693
605068.SH,20260814,19.0,103000,1957000.0,-0.6276150627615107,20.342269653238937,41.23430962343094
605069.SH,20260814,10.84,44100,478044.0,0.09233610341643494,9.112506585705749,45.55401662049861
605077.SH,20260814,10.96,7600,83296.0,-0.27297543221109777,2.739271750187993,43.36214740673341
605080.SH,20260814,20.36,700,14252.0,0.0,0.8089684471654262,45.0
605086.SH,20260814,24.1,1400,33740.0,0.4166666666666652,1.9203463772130585,47.49999999999999
605088.SH,20260814,21.0,10500,220500.0,-0.2849002849002802,3.755139879641721,43.29059829059832
605089.SH,20260814,20.39,5700,116223.0,0.0,8.272983469621915,45.0
605090.SH,20260814,35.5,230700,8189850.0,3.589145024803031,8.001522017016061,66.53487014881819
605098.SH,20260814,56.84,5400,306936.0,0.995024875621886,2.550512802346775,50.970149253731314
605099.SH,20260814,,0,0.0,,0.0,0.0
605100.SH,20260814,33.95,12400,420980.0,1.5554890816631861,3.312539198603462,54.33293448997912
605108.SH,20260814,12.75,1900,24225.0,0.0,1.0042800779395962,45.0
605111.SH,20260814,59.0,82100,4843900.0,0.8202323991797655,4.070880994215317,49.92139439507859
605116.SH,20260814,21.26,41300,878038.0,0.42512990080301183,9.16423287491399,47.55077940481807
605117.SH,20260814,90.56,45300,4102368.0,-0.1653621430933616,5.00368203566634,44.00782714143983
605118.SH,20260814,28.79,6600,190014.0,-0.5526770293609706,3.268387461696891,41.68393782383418
605122.SH,20260814,11.13,23900,266007.0,-0.5361930294906059,14.65261976438767,41.782841823056366
605123.SH,20260814,77.9,6000,467400.0,0.490196078431393,4.459629660483547,47.94117647058836
605128.SH,20260814,24.85,17800,442330.0,-0.1205787781350387,2.8805146090501923,44.27652733118977
605133.SH,20260814,25.96,8600,223256.0,0.30911901081918103,2.295106211525429,46.854714064915086
605136.SH,20260814,8.58,134400,1153152.0,3.001200480192079,8.253669202845456,63.00720288115247
605138.SH,20260814,5.93,18900,112077.0,1.0221465076660996,6.448640993660451,51.132879045996596
605151.SH,20260814,18.45,4700,86715.0,0.0,3.237353991470992,45.0
605155.SH,20260814,14.6,8400,122640.0,0.0,2.651749637989903,45.0
605158.SH,20260814,7.09,1600,11344.0,0.0,0.6808453020923929,45.0
605162.SH,20260814,9.1,110900,1009190.0,0.5524861878452914,5.904479505964051,48.31491712707175
605166.SH,20260814,8.65,66900,578685.0,-1.480637813211838,8.974800164388729,36.11617312072897
605167.SH,20260814,14.44,74300,1072892.0,0.9790209790209614,11.29711494867003,50.87412587412577
605168.SH,20260814,43.91,26800,1176788.0,0.5265567765567747,5.969535649445813,48.15934065934065
605169.SH,20260814,9.97,800,7976.0,-0.29999999999998916,0.3649586774439294,43.20000000000007
605177.SH,20260814,18.43,14700,270921.0,-0.967221923696937,3.051830907608706,39.196668457818376
605178.SH,20260814,66.38,31100,2064418.0,1.6072248584111382,8.050911015192074,54.64334915046683
605179.SH,20260814,34.33,1190600,40873298.0,2.6921926413401076,30.66712438202196,61.15315584804065
605180.SH,20260814,12.53,7900,98987.0,0.32025620496396456,5.450079306315302,46.92153722978379
605183.SH,20260814,14.54,3700,53798.0,0.06882312456986117,4.999356006968134,45.41293874741917
605186.SH,20260814,26.74,12400,331576.0,0.5641218503196654,3.732226251189691,48.38473110191799
605188.SH,20260814,13.12,5500,72160.0,0.15267175572519776,1.088856121938124,45.91603053435119
605189.SH,20260814,15.85,113000,1791050.0,-0.6892230576441172,7.924310514858566,40.8646616541353
605196.SH,20260814,34.51,30800,1062908.0,-0.02896871378912369,2.0668157395640585,44.826187717265256
605198.SH,20260814,67.27,5100,343077.0,-0.04457652303120341,1.8367087014380556,44.73254086181278
605199.SH,20260814,6.16,8700,53592.0,0.4893964110929794,6.054208619407268,47.936378466557876
605208.SH,20260814,13.69,12300,168387.0,0.44020542920029104,1.8559895936637443,47.64123257520175
605218.SH,20260814,14.45,4600,66470.0,-0.4820936639118423,2.3196722655907838,42.107438016528945
605222.SH,20260814,20.0,14200,284000.0,0.2004008016031955,3.0959518772217,46.202404809619175
605228.SH,20260814,11.23,18200,204386.0,0.08912655971480277,4.722040153490679,45.53475935828882
605255.SH,20260814,67.99,12000,815880.0,-1.0046592894583761,21.050361651188634,38.97204426324974
605258.SH,20260814,26.89,3200,86048.0,0.2236302646291488,2.620886517423026,46.34178158777489
605259.SH,20260814,17.94,4200,75348.0,0.0,6.95417634524198,45.0
605266.SH,20260814,17.09,900,15381.0,-0.05847953216374657,0.48459563391337673,44.64912280701752
605268.SH,20260814,9.4,50100,470940.0,1.5118790496760237,19.618523161867394,54.07127429805614
605277.SH,20260814,15.21,46900,713349.0,0.13166556945358732,8.213883918606728,45.78999341672152
605286.SH,20260814,35.79,1052800,37679712.0,4.986799647990603,63.97508022541473,74.92079788794362
605287.SH,20260814,38.25,7600,290700.0,-0.1566170712607784,2.2126006273754104,44.06029757243533
605288.SH,20260814,64.83,13300,862239.0,-1.0983981693363787,4.983077547500503,38.40961098398173
605289.SH,20260814,107.92,16100,1737512.0,1.0014038371549017,3.9132599567887643,51.008423022929406
605296.SH,20260814,31.2,2700,84240.0,-0.5736137667303964,1.0283742418913961,41.55831739961762
605298.SH,20260814,,0,0.0,,0.0,0.0
605299.SH,20260814,12.63,23400,295542.0,0.15860428231564416,2.929427918436691,45.95162569389387
605300.SH,20260814,9.88,9200,90896.0,0.0,2.807008268562653,45.0
605303.SH,20260814,22.0,30500,671000.0,1.1494252873563315,10.219152232532956,51.89655172413799
605305.SH,20260814,38.19,5800,221502.0,-0.10462987182840999,1.9800934731559319,44.37222076902954
605318.SH,20260814,77.35,3000,232050.0,0.7030334591849874,2.5562223226694156,49.218200755109926
605319.SH,20260814,24.81,96900,2404089.0,0.8946726311508613,53.8950656186243,50.36803578690517
605333.SH,20260814,17.17,4600,78982.0,0.6447831184056341,2.955366342395329,48.868698710433804
605336.SH,20260814,11.13,154400,1718472.0,1.273885350318471,60.014998930294226,52.64331210191082
605337.SH,20260814,9.8,24600,241080.0,-0.50761421319796,4.084038563230896,41.95431472081224
605338.SH,20260814,19.81,13400,265454.0,-0.3019627579265327,6.914428072368551,43.1882234524408
605339.SH,20260814,13.87,5700,79059.0,0.0,1.3443382967919562,45.0
605358.SH,20260814,44.88,130100,5838888.0,1.8842224744608504,4.504269285635502,56.305334846765106
605365.SH,20260814,13.83,11700,161811.0,0.5818181818181722,4.650162299173632,48.490909090909035
605366.SH,20260814,8.4,79720,669648.0,0.23866348448686736,4.119235900588162,46.431980906921204
605368.SH,20260814,6.56,9800,64288.0,0.15267175572519776,2.787790062340203,45.91603053435119
605369.SH,20260814,17.0,13000,221000.0,-0.5266237565828003,11.104837352572606,41.840257460503196
605376.SH,20260814,168.25,53900,9068675.0,0.4597563888225631,3.916636614469377,47.75853833293538
605377.SH,20260814,9.25,114700,1060975.0,1.0928961748633892,19.728136159106167,51.55737704918033
605378.SH,20260814,14.05,3200,44960.0,-0.1421464108031234,1.9617773685505533,44.147121535181256
605388.SH,20260814,6.32,472100,2983672.0,-2.4691358024691357,19.545476317973723,30.185185185185187
605389.SH,20260814,72.38,200,14476.0,0.43013736644927913,0.3563521055188223,47.58082419869567
605398.SH,20260814,20.7,22800,471960.0,-0.6240998559769562,6.6911498442432,41.25540086413827
605399.SH,20260814,10.79,4700,50713.0,0.4655493482309092,1.4331382899746334,47.79329608938546
605488.SH,20260814,30.98,38500,1192730.0,1.1757021554539504,6.703285795323029,52.0542129327237
605499.SH,20260814,125.5,43800,5496900.0,-0.3731047074700289,5.562525963754527,42.76137175517982
605500.SH,20260814,6.98,12600,87948.0,0.5763688760807018,4.472456314626429,48.458213256484214
605507.SH,20260814,15.66,38000,595080.0,-0.2547770700636942,9.433178041296356,43.47133757961784
605555.SH,20260814,12.13,4800,58224.0,0.8312551953449931,2.0095939611673854,49.98753117206996
605566.SH,20260814,26.04,26200,682248.0,0.0768639508070601,12.633178815231187,45.46118370484236
605567.SH,20260814,8.96,30400,272384.0,-0.22271714922048602,12.618374275275258,43.663697104677084
605577.SH,20260814,9.83,110400,1085232.0,-0.9072580645161255,20.613933289755106,39.556451612903246
605580.SH,20260814,18.31,18000,329580.0,0.0,4.940036370227113,45.0
605588.SH,20260814,47.25,5100,240975.0,0.5319148936170137,5.4811709523483065,48.19148936170208
605589.SH,20260814,41.84,129800,5430832.0,1.8252616208323191,3.9111814217632235,55.95156972499392
605598.SH,20260814,27.94,1500,41910.0,0.25116612845352826,0.6656999536392638,46.50699677072117
605599.SH,20260814,15.96,71200,1136352.0,-0.4366812227074246,8.56956688398495,42.379912663755455
688001.SH,20260814,49.72,22918,1139483.0,1.4693877551020362,3.823377432637535,53.816326530612216
688002.SH,20260814,167.0,27754,4634918.0,0.4511278195488799,3.1066669120675323,47.70676691729328
688003.SH,20260814,78.48,10002,784957.0,1.264516129032267,2.4971993488588895,52.587096774193604
688004.SH,20260814,23.8101,3750,89288.0,-0.08350818296265494,0.9797312877803419,44.49895090222407
688005.SH,20260814,27.42,15301,419553.0,0.4027828634199926,1.4220196295873968,47.416697180519954
688006.SH,20260814,22.42,14392,322669.0,0.900090009000909,1.566029714247686,50.400540054005454
688007.SH,20260814,10.94,24118,263851.0,-0.18248175182482562,4.386121814600456,43.90510948905104
688008.SH,20260814,215.0,486125,104516875.0,2.273808391209209,15.6626221542482,58.642850347255255
688009.SH,20260814,4.92,46760,230059.0,0.20366598778003286,3.1733530759071535,46.221995926680194
688010.SH,20260814,26.66,14345,382438.0,-0.18719580681393344,4.465650074785784,43.8768251591164
688011.SH,20260814,81.7999,2449,200328.0,0.2818438151281022,1.1042614089841551,46.69106289076861
688012.SH,20260814,377.95,115290,43573856.0,2.032827601101439,7.848655322053374,57.196965606608636
688013.SH,20260814,26.3602,2471,65136.0,-0.037163443306797994,2.2862961892922393,44.777019340159214
688015.SH,20260814,15.81,2000,31620.0,0.0,2.2168885401445424,45.0
688016.SH,20260814,93.83,2300,215809.0,-0.2869287991498326,1.3949343037258615,43.278427205101
688017.SH,20260814,349.0,33572,11716628.0,0.8670520231213841,4.615472600046845,50.2023121387283
688018.SH,20260814,112.32,14489,1627404.0,0.28571428571428914,3.289278367631326,46.71428571428574
688019.SH,20260814,246.79,30594,7550293.0,1.7690721649484598,5.9965572138572325,55.614432989690755
688020.SH,20260814,141.09,36831,5196486.0,1.5913018433179715,8.747812859926587,54.54781105990783
688021.SH,20260814,20.69,18023,372896.0,0.14520813165537216,18.410386986140914,45.87124878993223
688022.SH,20260814,8.24007,5490,45238.0,0.24416058394158835,2.6279260860207496,46.46496350364953
688023.SH,20260814,39.4,9056,356806.0,0.9221311475409832,2.961945214182601,50.5327868852459
688025.SH,20260814,379.59,8088,3070124.0,0.5003971405877605,1.9246949433612457,48.00238284352656
688026.SH,20260814,18.45,43627,804918.0,-0.5390835579514919,7.145575655084341,41.76549865229105
688027.SH,20260814,407.39,4266,1737926.0,0.7418581072726749,3.750731612646257,49.451148643636046
688028.SH,20260814,92.99,48165,4478863.0,1.2962962962962843,6.268882392892641,52.77777777777771
688029.SH,20260814,72.72,15798,1148831.0,-0.4244830891414475,4.747974769394055,42.45310146515131
688030.SH,20260814,17.46,6800,118728.0,0.22962112514350874,1.826419675638523,46.37772675086105
688031.SH,20260814,112.86,36001,4063073.0,0.50761421319796,5.226149410359771,48.04568527918776
688032.SH,20260814,78.3997,1381,108270.0,-0.03863317608059358,2.107473601250773,44.76820094351644
688033.SH,20260814,6.1,1000,6100.0,0.0,0.31877420136349655,45.0
688035.SH,20260814,63.7,76594,4879038.0,2.8082633957391856,8.255432691868986,61.849580374435114
688036.SH,20260814,54.57,30766,1678901.0,0.0,3.396378783462107,45.0
688037.SH,20260814,333.4,8443,2814896.0,1.0394884383428726,2.334067932141629,51.23693063005724
688038.SH,20260814,17.9298,1339,24008.0,-0.0011154489682030366,0.9299355823613128,44.99330730619078
688039.SH,20260814,35.24,10518,370654.0,0.4274722143060572,6.827022324444412,47.56483328583634
688041.SH,20260814,289.97,133469,38702006.0,1.3881118881118981,7.224661363516527,53.32867132867139
688045.SH,20260814,61.62,15069,928552.0,-0.6129032258064604,5.333311032515534,41.32258064516124
688046.SH,20260814,40.04,269795,10802592.0,-2.2222222222222365,11.9791027720785,31.66666666666658
688047.SH,20260814,110.92,22692,2516997.0,0.5985851623435456,6.286770328797506,48.59151097406127
688048.SH,20260814,303.57,60342,18318021.0,0.883985244757568,5.999538871215391,50.30391146854541
688049.SH,20260814,41.5,16066,666739.0,0.60606060606061,3.278763917230113,48.63636363636366
688050.SH,20260814,44.86,173352,7776571.0,3.245109321058681,28.333646822941464,64.4706559263521
688051.SH,20260814,24.78,1500,37170.0,0.0,1.2539761959085292,45.0
688052.SH,20260814,233.0,22078,5144174.0,3.3763698478193493,4.743724708510051,65.2582190869161
688053.SH,20260814,33.8001,2361,79802.0,0.0002958579881751078,5.462107340450231,45.00177514792905
688055.SH,20260814,3.95001,30924,122150.0,0.25406091370558936,2.587702622782252,46.524365482233534
688056.SH,20260814,42.3101,4560,192934.0,0.07119205298011799,4.276164506464869,45.42715231788071
688057.SH,20260814,18.2502,1123,20495.0,0.22075782537067656,0.2698329346401963,46.32454695222406
688058.SH,20260814,23.32,2900,67628.0,1.4795474325500324,3.2257510598596517,53.877284595300196
688059.SH,20260814,94.61,12133,1147903.0,0.0,2.0505782237661316,45.0
688060.SH,20260814,34.0,2617,88978.0,-0.7878611030055493,7.554526602923527,40.272833381966706
688061.SH,20260814,36.79,1900,69901.0,0.05439216752787246,1.903527294543379,45.326353005167235
688062.SH,20260814,33.89,36952,1252303.0,-0.6740914419695154,2.8416419434803832,40.955451348182905
688063.SH,20260814,45.08,13597,612953.0,0.13327410039980503,3.287096904386614,45.79964460239883
688065.SH,20260814,46.7,18745,875392.0,0.1930916112422354,4.806956987813517,46.158549667453414
688066.SH,20260814,9.01,1000,9010.0,0.22246941045604984,0.2081255879230242,38.79742228888066
688067.SH,20260814,22.17,16809,372656.0,-0.7609668755595211,20.79136583879327,40.43419874664287
688068.SH,20260814,114.4,48639,5564302.0,-0.5044355540093859,8.860292553401544,41.973386675943686
688069.SH,20260814,35.0302,696,24381.0,-0.22728567359726615,0.12779871305893964,21.640054309025537
688070.SH,20260814,33.3,16950,564435.0,-0.29940119760479833,15.069004901581392,43.20359281437121
688071.SH,20260814,36.63,16720,612454.0,-0.19073569482288555,7.048569708443277,43.85558583106268
688072.SH,20260814,695.0,23757,16511115.0,1.4435638072718193,4.907405094608916,53.66138284363092
688073.SH,20260814,85.07,108776,9253574.0,0.28291877873394267,14.1189985270509,46.697512672403654
688075.SH,20260814,29.5405,494,14593.0,-0.16728624535314873,0.9312990047998306,43.99628252788111
688076.SH,20260814,,0,0.0,,0.0,0.0
688077.SH,20260814,26.73,4456,119109.0,0.0,1.8449370017884779,45.0
688078.SH,20260814,22.74,4700,106878.0,-0.35056967572305586,7.342907414290494,42.896581945661666
688079.SH,20260814,16.0,96709,1547344.0,1.2658227848101111,7.6658985578438665,52.594936708860665
688080.SH,20260814,36.55,400,14620.0,0.2193583767480023,0.4816935845630056,46.316150260488016
688081.SH,20260814,29.38,6271,184242.0,-0.06802721088434716,4.403352773536023,44.59183673469391
688082.SH,20260814,311.1,32093,9984132.0,1.7997382198952971,6.140439183251006,55.798429319371785
688083.SH,20260814,50.3,3337,167851.0,0.0596777402029014,0.4962174135101231,45.35806644121741
688084.SH,20260814,45.83,9596,439785.0,-0.7149046793760827,7.3135609452769,40.7105719237435
688085.SH,20260814,13.72,14451,198268.0,-0.5797101449275366,4.254024397667131,41.52173913043478
688087.SH,20260814,39.11,500,19555.0,0.4623683534549228,0.20409715621637042,39.511698239676214
688088.SH,20260814,33.85,25762,872044.0,1.0146225007460652,4.496927727136893,51.08773500447639
688089.SH,20260814,7.95,200,1590.0,0.5056890012642201,0.07778712745347449,17.035816949210727
688090.SH,20260814,71.4,13217,943694.0,2.0000000000000018,1.9268453651884094,57.000000000000014
688091.SH,20260814,43.01,9034,388552.0,0.9150633505396577,2.1003236892692208,50.490380103237946
688092.SH,20260814,22.35,2900,64815.0,-0.6666666666666599,5.305574139412791,41.00000000000004
688093.SH,20260814,,0,0.0,,0.0,0.0
688095.SH,20260814,65.92,88907,5860749.0,0.7027192178429731,16.12807992992744,49.21631530705784
688096.SH,20260814,8.61999,24568,211776.0,-0.9196551724137914,4.58851481153237,39.48206896551725
688097.SH,20260814,44.18,11657,515006.0,0.4319163446237839,2.412224347328081,47.591498067742705
688098.SH,20260814,8.56001,16296,139494.0,0.23430913348947424,2.0983426757222094,46.405854800936844
688099.SH,20260814,97.6,29410,2870416.0,0.30832476875641834,2.779924883195261,46.84994861253851
688100.SH,20260814,29.39,5236,153886.0,0.1021798365122617,1.803894027257009,45.61307901907357
688101.SH,20260814,15.42,800,12336.0,0.06489292667100077,0.38833645803151945,45.389357560026006
688102.SH,20260814,37.17,59373,2206894.0,0.0,3.0846254224993674,45.0
688103.SH,20260814,75.04,23529,1765616.0,-0.6355932203389703,8.307079964678104,41.186440677966175
688105.SH,20260814,23.98,261125,6261778.0,-1.8018018018018056,12.951712815639514,34.189189189189165
688106.SH,20260814,29.7,42067,1249390.0,1.9567456230690006,1.8376447247075929,56.740473738414
688107.SH,20260814,32.54,17625,573518.0,0.7742335088262609,2.399435101591216,49.64540105295757
688108.SH,20260814,18.39,34888,641590.0,-0.3252032520325132,1.6778035972193852,43.04878048780492
688109.SH,20260814,78.69,500,39345.0,1.6404029966416989,0.41784779868710087,54.8424179798502
688110.SH,20260814,115.0,149865,17234475.0,2.2222222222222143,8.881199360745034,58.333333333333286
688111.SH,20260814,254.51,61898,15753660.0,0.003929273084479767,5.845348960861161,45.02357563850688
688112.SH,20260814,51.5,2592,133488.0,0.3898635477582957,1.4663272976366062,47.339181286549774
688113.SH,20260814,35.77,3500,125195.0,0.027964205816566334,8.292946110588733,45.1677852348994
688114.SH,20260814,69.77,49990,3487802.0,-0.7397922890880815,4.066408073668003,40.56124626547151
688115.SH,20260814,64.07,11773,754296.0,-0.7282305546947865,2.36663090335725,40.630616671831284
688116.SH,20260814,33.09,8500,281265.0,0.6386861313868675,1.6591055109879513,48.8321167883212
688117.SH,20260814,26.78,30131,806908.0,-0.48309178743960457,3.2164679998170507,42.10144927536237
688118.SH,20260814,20.98,32904,690326.0,-0.09523809523809268,8.407577374079866,44.428571428571445
688119.SH,20260814,4.01002,7585,30416.0,0.25049999999999795,1.1052711944363753,46.502999999999986
688120.SH,20260814,266.9,31198,8326746.0,1.4867485455720697,3.6495421506864543,53.92049127343242
688121.SH,20260814,2.18,175889,383438.0,-2.2421524663677084,23.423907183566527,31.54708520179375
688122.SH,20260814,51.71,19655,1016360.0,0.0,3.246538203274798,45.0
688123.SH,20260814,142.0,35184,4996128.0,2.246543778801846,3.798334592617008,58.479262672811075
688125.SH,20260814,121.18,400,48472.0,0.09912440112340715,0.3489578530516394,45.59474640674044
688126.SH,20260814,25.75,318832,8209924.0,1.6581129095933678,5.197700723317146,54.94867745756021
688127.SH,20260814,66.78,12984,867072.0,1.6438356164383494,2.8711455517832025,54.8630136986301
688128.SH,20260814,22.29,2200,49038.0,0.40540540540541237,1.6640610922644812,47.43243243243248
688129.SH,20260814,20.6699,2657,54920.0,0.38805245264690313,3.3033861211468136,47.32831471588142
688130.SH,20260814,24.24,25562,619623.0,0.5809128630705374,8.564095890817084,48.485477178423224
688131.SH,20260814,99.66,86339,8604545.0,0.6971809639284565,13.798840479451558,49.18308578357074
688132.SH,20260814,13.6,7950,108120.0,1.1904761904761862,8.838229741493224,52.14285714285712
688133.SH,20260814,24.8,19200,476160.0,0.8540056933712847,2.4465964152594286,50.12403416022771
688135.SH,20260814,26.15,50149,1311396.0,1.9890795631825275,4.885846636368042,56.93447737909516
688136.SH,20260814,21.45,21767,466902.0,1.5625,5.1662364733758945,54.375
688137.SH,20260814,63.44,184318,11693134.0,-0.8750000000000036,18.29569019828619,39.74999999999998
688138.SH,20260814,33.3,49151,1636728.0,0.9090909090909038,5.816891324420449,50.454545454545425
688139.SH,20260814,29.11,7903,230056.0,0.03436426116838476,3.110839911901905,45.20618556701031
688141.SH,20260814,140.0,87580,12261200.0,3.1155630846284144,7.459135729729064,63.69337850777049
688143.SH,20260814,123.51,92914,11475808.0,1.345696233691629,4.242041984705756,53.07417740214977
688146.SH,20260814,300.0,84890,25467000.0,1.526278385055324,5.8244044654839735,54.157670310331945
688147.SH,20260814,116.56,44450,5181092.0,1.1103400416377474,3.4315561403961405,51.66204024982648
688148.SH,20260814,6.55999,44597,292556.0,0.15251908396947123,1.948046819977171,45.915114503816824
688150.SH,20260814,40.29,41656,1678320.0,1.7424242424242342,5.1436738354470295,55.4545454545454
688151.SH,20260814,16.6899,3847,64206.0,0.3601924233313403,1.1666224954165287,47.16115453998804
688152.SH,20260814,28.3,1900,53770.0,0.1769911504424737,2.1276418945628204,46.06194690265484
688153.SH,20260814,26.53,10550,279892.0,0.836183960471315,3.738647773796021,50.01710376282789
688155.SH,20260814,60.97,7533,459287.0,0.049228749589769194,3.981850811961201,45.295372497538615
688156.SH,20260814,20.69,14696,304060.0,-0.43310875842156316,4.066024829549835,42.40134744947062
688157.SH,20260814,19.0,16200,307800.0,-0.15764582238571023,8.282457749105681,44.05412506568574
688158.SH,20260814,34.58,217478,7520389.0,0.5232558139534937,5.537468283130961,48.13953488372096
688159.SH,20260814,32.83,6766,222128.0,-0.0912964090079127,2.798969080998431,44.452221545952526
688160.SH,20260814,109.86,9265,1017853.0,0.7889908256880629,9.518409190627509,49.733944954128376
688161.SH,20260814,22.62,1350,30537.0,0.31042128603104846,0.9467366171414421,46.86252771618629
688162.SH,20260814,23.29,4500,104805.0,0.6917423259835687,4.155778590204306,49.15045395590141
688163.SH,20260814,32.82,3578,117430.0,0.0,3.1732472477086033,45.0
688165.SH,20260814,17.4,16823,292720.0,0.6944444444444198,2.8148375943908652,49.166666666666515
688166.SH,20260814,41.04,151290,6208942.0,-1.9823262479101933,7.012713759951074,33.10604251253884
688167.SH,20260814,255.86,123249,31534489.0,0.0,8.133564927092396,45.0
688168.SH,20260814,36.78,15042,553245.0,0.0,6.004171387612307,45.0
688169.SH,20260814,106.5,26852,2859738.0,0.7092198581560183,6.541877581577613,49.25531914893611
688170.SH,20260814,52.41,9700,508377.0,1.2362372030133129,1.5973275488524152,52.417423218079875
688171.SH,20260814,27.82,7118,198023.0,0.7605939876856205,3.3587043799931924,49.56356392611372
688172.SH,20260814,57.31,37224,2133307.0,1.9750889679715389,3.111583232925071,56.85053380782924
688173.SH,20260814,13.81,37774,521659.0,1.5441176470588402,5.329793154362788,54.26470588235304
688175.SH,20260814,19.5,11901,232070.0,-0.5102040816326592,6.250957899298891,41.938775510204046
688176.SH,20260814,13.49,172288,2324165.0,2.1969696969696972,10.15367314635597,58.18181818181819
688177.SH,20260814,21.01,75280,1581633.0,0.19074868860278205,8.173686046918087,46.144492131616694
688178.SH,20260814,28.41,2100,59661.0,0.0,2.2508817283342966,45.0
688179.SH,20260814,21.75,47333,1029493.0,-0.5486968449931462,1.0835479192926722,41.70781893004112
688180.SH,20260814,40.03,297163,11895435.0,-0.24919013207077567,11.123254657317352,43.50485920757534
688181.SH,20260814,39.68,10300,408704.0,1.044053985230442,1.6349174171972236,51.264323911382654
688182.SH,20260814,28.38,32581,924649.0,1.17647058823529,6.185961862080564,52.05882352941174
688183.SH,20260814,110.88,42562,4719275.0,0.9376422394173911,2.521685865251157,50.62585343650434
688184.SH,20260814,11.4,4018,45805.0,0.0,8.954859142538757,45.0
688185.SH,20260814,56.47,10070,568653.0,-0.44076163610718977,4.585615739991984,42.35543018335686
688186.SH,20260814,14.5,4400,63800.0,0.554785020804438,1.6876744216805322,48.32871012482663
688187.SH,20260814,49.65,7546,374659.0,0.2220427937020597,1.570204909731124,46.33225676221236
688188.SH,20260814,102.34,699,71536.0,0.10760050865694648,0.30917192511987013,45.64560305194168
688189.SH,20260814,7.10001,69356,492428.0,-0.6991608391608395,7.08957788513792,40.80503496503496
688190.SH,20260814,77.5,1600,124000.0,0.0,1.7590325684028896,45.0
688191.SH,20260814,22.0,15931,350482.0,0.5484460694698434,1.1399783450236338,48.29067641681906
688192.SH,20260814,60.99,85228,5198056.0,-0.32685079261316474,9.246611090839721,43.03889524432101
688193.SH,20260814,49.68,800,39744.0,0.5057657293141782,2.14304386424283,48.03459437588507
688195.SH,20260814,160.2,62721,10047904.0,1.2322274881516604,5.374907797892951,52.39336492890996
688196.SH,20260814,35.0,2543,89005.0,-0.11415525114154557,2.2880143344014505,44.315068493150726
688197.SH,20260814,37.07,3044,112841.0,0.10802052389953243,1.4618011074768211,45.64812314339719
688198.SH,20260814,82.32,7015,577475.0,0.993743099006239,8.111764530130175,50.962458594037436
688199.SH,20260814,22.61,6400,144704.0,0.399644760213147,1.4747610239772595,47.397868561278884
688200.SH,20260814,415.0,21689,9000935.0,-0.0024095804920354347,5.193062810247105,44.98554251704779
688201.SH,20260814,7.32,200,1464.0,0.4115226337448652,0.10288331184191839,20.988131934014504
688202.SH,20260814,107.24,105759,11341595.0,-0.10246856078248712,9.676332053090915,44.38518863530508
688203.SH,20260814,11.69,45064,526798.0,0.0,6.18811705278976,45.0
688205.SH,20260814,156.0,79399,12386244.0,1.0362694300518172,8.213584817585831,51.2176165803109
688206.SH,20260814,36.04,28580,1030023.0,1.8654607122668088,5.117118540372046,56.19276427360085
688207.SH,20260814,19.6,59989,1175784.0,1.1351909184726727,4.274039884924763,51.811145510836035
688208.SH,20260814,27.0,14784,399168.0,0.3717472118959231,1.7363270411443974,47.23048327137554
688209.SH,20260814,21.72,10847,235597.0,1.023255813953483,1.8336674630353693,51.1395348837209
688210.SH,20260814,28.88,18600,537168.0,0.6271777003484358,6.579632814529655,48.76306620209061
688211.SH,20260814,30.8,400,12320.0,0.09749756256094422,0.6035194589957514,45.58498537536566
688212.SH,20260814,31.17,28806,897883.0,0.06420545746388395,4.497830823786925,45.3852327447833
688213.SH,20260814,97.02,27088,2628078.0,0.030931023816882508,5.328380957031417,45.18558614290129
688215.SH,20260814,43.1701,4157,179458.0,-0.9860091743119304,2.7962737748636397,39.08394495412842
688216.SH,20260814,30.7301,8209,252263.0,0.7874713020662671,2.357019405478311,49.724827812397606
688217.SH,20260814,24.17,3753,90710.0,0.7503126302626173,3.5109418613418324,49.501875781575706
688218.SH,20260814,43.1399,7167,309184.0,0.6061100746268533,1.9454972822538612,48.636660447761116
688219.SH,20260814,10.49,2200,23078.0,0.6717850287907945,0.5799025739552934,49.03071017274477
688220.SH,20260814,103.0,23663,2437289.0,0.8913703594867206,3.534197914984636,50.34822215692032
688221.SH,20260814,21.47,49693,1066909.0,-0.27868091035765374,2.0954446542889484,43.32791453785408
688222.SH,20260814,39.5,157710,6229545.0,-0.9031610637230347,5.2008993210419625,39.58103361766179
688223.SH,20260814,4.42,100858,445792.0,0.22675736961450532,1.5510084084047515,46.360544217687035
688225.SH,20260814,12.6,31978,402923.0,-1.0212097407698462,4.650589710514142,38.87274155538093
688226.SH,20260814,31.1699,4331,134997.0,1.332574772431716,1.0292041725260817,52.995448634590296
688227.SH,20260814,82.0,11907,976374.0,-0.06093845216330607,3.8025732407026127,44.634369287020164
688228.SH,20260814,77.19,17737,1369119.0,1.0472574944364377,4.165336830881816,51.28354496661863
688229.SH,20260814,75.0,7352,551400.0,1.1326860841424091,4.726668277311314,51.79611650485445
688230.SH,20260814,54.6,1000,54600.0,1.0549694614103267,1.0351644020233481,51.32981676846196
688231.SH,20260814,29.5,3700,109150.0,0.0,1.2524622817512758,45.0
688232.SH,20260814,19.07,1800,34326.0,0.5271481286241553,0.8582825832020401,48.16288877174493
688233.SH,20260814,116.0,51086,5925976.0,2.4644466036569224,4.688678100912981,59.78667962194153
688234.SH,20260814,112.9,64014,7227181.0,0.7765777024011378,6.210430491318826,49.65946621440683
688235.SH,20260814,291.0,45339,13193649.0,-0.4038606338558459,8.140229020916903,42.576836196864924
688236.SH,20260814,15.17,14175,215035.0,0.7973421926910307,7.007374044459733,49.784053156146186
688237.SH,20260814,57.05,1700,96985.0,0.05261311820412562,0.5275407694205919,45.315678709224755
688238.SH,20260814,7.4,148572,1099433.0,0.13531799729364913,4.153261979029316,45.8119079837619
688239.SH,20260814,46.59,5912,275440.0,2.1710526315789513,2.9368560280222806,58.026315789473706
688244.SH,20260814,15.5,8200,127100.0,-0.4495825305073864,4.942309521407899,42.30250481695568
688246.SH,20260814,19.02,6602,125570.0,0.0,2.353450168817927,45.0
688247.SH,20260814,9.92,180687,1792415.0,-1.6848364717542141,6.530476499422238,34.89098116947471
688248.SH,20260814,47.6,875,41650.0,0.0,0.26930606351557324,45.0
688249.SH,20260814,40.6,196193,7965436.0,2.5511492801212343,12.29815362910869,60.30689568072741
688251.SH,20260814,21.9,4520,98988.0,0.0,3.1423163812430874,45.0
688252.SH,20260814,19.82,58489,1159252.0,1.9023136246786754,7.014506779762487,56.41388174807205
688253.SH,20260814,65.5,7122,466491.0,-1.9754564501646144,4.390891043626504,33.147261299012314
688255.SH,20260814,26.08,25399,662406.0,-0.07662835249043765,10.095076194046273,44.54022988505737
688256.SH,20260814,1119.99,70104,78515779.0,1.310719131614646,7.087934000325225,52.864314789687874
688257.SH,20260814,59.71,111366,6649664.0,0.3529411764706003,10.384665493608676,47.1176470588236
688258.SH,20260814,105.34,19183,2020737.0,-0.3782863627766142,4.06751876192463,42.73028182334031
688259.SH,20260814,30.87,3200,98784.0,0.5865102639296182,3.3028109300225963,48.51906158357771
688260.SH,20260814,118.91,105557,12551783.0,0.4986477349560481,14.441334817245258,47.99188640973629
688261.SH,20260814,72.98,25016,1825668.0,0.9824270098242716,4.047126276390336,50.89456205894563
688262.SH,20260814,27.42,31677,868583.0,1.3678373382624898,2.522889029027606,53.20702402957494
688265.SH,20260814,51.87,106521,5525244.0,-1.049217855780249,19.165485384911005,38.704692865318506
688266.SH,20260814,119.65,22535,2696313.0,-0.4741307602728284,3.725732822328619,42.15521543836303
688267.SH,20260814,,0,0.0,,0.0,0.0
688268.SH,20260814,153.1,25806,3950899.0,1.9986675549633626,3.461606273701181,56.99200532978018
688269.SH,20260814,30.5207,507,15474.0,0.7283828382838253,0.4799318455838981,49.370297029702954
688270.SH,20260814,65.05,52523,3416621.0,1.2293806411453279,9.083210043060122,52.37628384687197
688271.SH,20260814,109.3,11816,1291489.0,0.009149967975097262,2.4775625402060606,45.05489980785058
688272.SH,20260814,29.0799,5993,174276.0,-1.4240677966101734,3.547240422566878,36.45559322033896
688273.SH,20260814,31.57,6868,216823.0,-0.09493670886076,6.971576924959129,44.43037974683544
688275.SH,20260814,81.56,12448,1015259.0,0.4557211479246259,3.202688299951654,47.73432688754775
688276.SH,20260814,15.99,17300,276627.0,0.1879699248120259,8.215077168751328,46.127819548872154
688277.SH,20260814,16.7699,5837,97886.0,0.05906921241050078,0.9300889711255387,45.35441527446301
688278.SH,20260814,61.8,31586,1952015.0,0.6023115741494278,6.289842194936475,48.613869444896565
688279.SH,20260814,166.0,5620,932920.0,1.591187270501826,4.083989235712443,54.547123623010954
688280.SH,20260814,5.74002,22040,126510.0,0.35000000000000586,2.207658913399741,47.10000000000004
688281.SH,20260814,47.88,6784,324818.0,0.3352891869237373,2.023061637073525,47.01173512154242
688282.SH,20260814,57.0,292,16644.0,0.0,0.6953002191799843,45.0
688283.SH,20260814,28.8799,5930,171258.0,0.4168984700973599,5.523398069265046,47.50139082058416
688285.SH,20260814,7.5,2500,18750.0,0.0,0.8865430984771129,45.0
688286.SH,20260814,44.88,11288,506605.0,0.5601613264620164,0.8235043387424258,48.3609679587721
688288.SH,20260814,18.34,6327,116037.0,0.10917030567685337,5.857723899414566,45.65502183406112
688289.SH,20260814,16.81,112232,1886620.0,-0.05945303210465047,11.503940841516851,44.6432818073721
688290.SH,20260814,67.9901,3633,247008.0,1.2812453448532768,6.056299250737453,52.687472069119664
688291.SH,20260814,41.2499,4493,185336.0,0.6095121951219529,3.448058126874831,48.65707317073172
688292.SH,20260814,17.42,3536,61597.0,-0.11467889908256534,1.3259923453363944,44.31192660550461
688293.SH,20260814,66.8,61214,4089095.0,-1.0810010365763456,11.34807301930412,38.513993780541924
688295.SH,20260814,41.68,13162,548592.0,0.871248789932233,3.4007677726445853,50.2274927395934
688296.SH,20260814,22.5,63279,1423778.0,1.8099547511312153,8.596173229803652,55.85972850678729
688297.SH,20260814,40.51,20276,821381.0,-0.44236913246498144,3.5601648577368734,42.34578520521011
688298.SH,20260814,19.8601,3445,68418.0,0.8638902996444875,2.344486314269313,50.18334179786692
688299.SH,20260814,13.0,58713,763269.0,0.9316770186335255,11.57413964392843,50.59006211180115
688300.SH,20260814,162.78,199131,32414544.0,0.3452102083590258,15.68506077046594,47.07126125015415
688301.SH,20260814,96.32,172624,16627144.0,-1.5736766809728242,18.899262644384933,35.55793991416306
688302.SH,20260814,38.6001,2093,80790.0,0.00025906735749980925,1.1535049359559897,45.001554404145
688303.SH,20260814,18.32,68279,1250871.0,0.0,7.925415354234174,45.0
688305.SH,20260814,66.33,18580,1232411.0,-0.2256317689530718,3.182706704160497,43.64620938628157
688306.SH,20260814,9.2,29560,271952.0,0.7667031763417098,5.475438525139719,49.60021905805026
688307.SH,20260814,49.13,19686,967173.0,-0.06102522375913688,4.578586855933209,44.63384865744518
688308.SH,20260814,100.0,29422,2942200.0,0.5025125628140614,3.91945293751388,48.01507537688437
688309.SH,20260814,76.76,12384,950596.0,0.07822685788787531,5.2906252114401475,45.46936114732725
688310.SH,20260814,14.83,1800,26694.0,0.47425474254743083,1.4363506040673788,47.84552845528459
688311.SH,20260814,24.1801,7903,191095.0,0.6246358718268841,3.1566739052365156,48.74781523096131
688312.SH,20260814,48.37,11028,533424.0,1.192468619246867,2.4745604801459344,52.1548117154812
688313.SH,20260814,139.44,231312,32254145.0,0.5988023952095745,12.672215828368843,48.59281437125745
688314.SH,20260814,,0,0.0,,0.0,0.0
688315.SH,20260814,16.33,127009,2074057.0,-1.030303030303037,12.125332126461377,38.81818181818178
688316.SH,20260814,52.18,49890,2603260.0,-3.298739807264639,8.147645428089293,25.207561156412165
688317.SH,20260814,17.6099,8627,151921.0,-0.5652173913043512,4.373532953052655,41.60869565217389
688318.SH,20260814,83.02,45036,3738889.0,-0.21634615384615863,6.823043868591157,43.70192307692305
688319.SH,20260814,28.26,64957,1835685.0,1.0368251698248176,7.345286287563301,51.22095101894891
688320.SH,20260814,34.34,29198,1002659.0,-0.49261083743841194,6.2607755681622335,42.04433497536953
688321.SH,20260814,31.02,92247,2861502.0,-0.4812319538017418,7.463775472033128,42.11260827718955
688322.SH,20260814,110.61,31964,3535538.0,0.8111556689755828,3.6799530393286566,49.866934013853495
688323.SH,20260814,28.0,41947,1174516.0,2.451518477863157,2.0216441103399325,59.70911086717894
688325.SH,20260814,108.13,3626,392079.0,0.35266821345707466,4.238326983393559,47.116009280742446
688326.SH,20260814,67.5,3010,203175.0,-0.2512191517659246,2.878460414485833,43.49268508940445
688327.SH,20260814,10.82,119587,1293931.0,-0.18450184501844769,5.684538166106837,43.89298892988931
688328.SH,20260814,81.25,33026,2683363.0,2.913236225459137,4.461031666150738,62.47941735275482
688329.SH,20260814,20.3,10985,222996.0,-0.09842519685039353,11.65742002343654,44.40944881889764
688330.SH,20260814,33.21,2700,89667.0,-0.03010234798314082,3.581794861624128,44.819385912101154
688331.SH,20260814,131.3,17890,2348957.0,-0.4322438765450798,2.5038925288846157,42.40653674072952
688332.SH,20260814,90.12,9394,846587.0,0.9521675814943453,2.6684837514991853,50.713005488966076
688333.SH,20260814,107.2,26636,2855379.0,0.8466603951081897,2.992224136904158,50.07996237064914
688334.SH,20260814,17.9802,1518,27294.0,0.05676126878131349,1.2223563029342328,45.34056761268788
688335.SH,20260814,21.1899,4933,104530.0,0.04674220963174491,1.995504054721826,45.28045325779047
688336.SH,20260814,47.8,113659,5432900.0,0.4623791509037467,8.010721276045603,47.77427490542248
688337.SH,20260814,43.5,12100,526350.0,0.554785020804438,4.207827590590007,48.32871012482663
688338.SH,20260814,30.6,1000,30600.0,0.09813542688910104,0.45450848353452417,45.588812561334606
688339.SH,20260814,18.14,22900,415406.0,2.1396396396396344,8.735361646318937,57.83783783783781
688343.SH,20260814,59.93,30609,1834397.0,0.553691275167778,4.348682978202399,48.32214765100667
688345.SH,20260814,53.0302,3018,160045.0,-0.09382064807836876,0.72707130585391,44.43707611152979
688347.SH,20260814,270.0,398331,107549370.0,-2.523556807104954,11.681447458699285,29.858659157370276
688348.SH,20260814,32.6999,2559,83679.0,-0.09196455850900564,2.640060712026068,44.44821264894597
688349.SH,20260814,14.62,10070,147223.0,-0.1366120218579292,1.5970361383624303,44.18032786885242
688350.SH,20260814,29.39,8401,246905.0,0.034036759700484254,4.895104437585005,45.204220558202906
688351.SH,20260814,20.78,4773,99183.0,0.0481463649494529,1.5443062831932897,45.28887818969672
688352.SH,20260814,18.5,69117,1278665.0,1.4810751508502529,2.618212204771831,53.88645090510152
688353.SH,20260814,95.52,16966,1620592.0,0.9191759112519682,1.943783859657671,50.51505546751181
688355.SH,20260814,17.5399,3197,56075.0,-0.1713147410358662,2.917979106801262,43.9721115537848
688356.SH,20260814,81.58,8907,726633.0,0.3197245450073938,5.391271691593377,46.918347270044364
688357.SH,20260814,26.9,1010,27169.0,-0.2965159377316562,1.9506784008443439,43.22090437361006
688358.SH,20260814,30.0,14670,440100.0,-0.33222591362126463,15.6798117596023,43.00664451827241
688359.SH,20260814,104.68,9243,967557.0,1.749611197511669,2.5419251869028563,55.497667185070014
688360.SH,20260814,15.85,2500,39625.0,0.0,1.0291011896435722,45.0
688361.SH,20260814,339.0,64035,21707865.0,0.8298384937985182,5.399832213274562,49.97903096279111
688362.SH,20260814,68.99,147574,10181130.0,1.3217799970626887,5.457332496026302,52.930679982376134
688363.SH,20260814,38.4,22723,872563.0,-0.44075706507649137,6.258330644238543,42.35545760954105
688365.SH,20260814,16.2,42660,691092.0,0.9975062344139696,2.919230738524927,50.98503740648382
688366.SH,20260814,32.8401,2701,88701.0,-0.5448213204118812,2.330159186169424,41.731072077528715
688367.SH,20260814,30.65,500,15325.0,0.4918032786885185,0.6023121160555029,47.95081967213111
688368.SH,20260814,124.38,6389,794664.0,0.5172135122029964,1.9821725249327855,48.10328107321798
688369.SH,20260814,20.99,26684,560097.0,-0.23764258555133422,4.697451867382567,43.57414448669199
688370.SH,20260814,24.3101,4992,121356.0,0.08275010292300156,8.06734031444519,45.49650061753801
688371.SH,20260814,31.31,23025,720913.0,-0.4767959313413894,3.779155483175266,42.139224411951666
688372.SH,20260814,130.72,37402,4889189.0,2.5013722261428617,7.292934958137225,60.00823335685717
688373.SH,20260814,5.63001,31220,175769.0,0.3566844919786094,1.8148505511061446,47.14010695187166
688375.SH,20260814,84.52,5867,495879.0,0.883265695870139,1.9797596910715871,50.29959417522083
688376.SH,20260814,70.49,5800,408842.0,1.7612241951782792,4.659926636946805,55.567345171069675
688377.SH,20260814,20.48,12704,260178.0,0.9861932938856066,8.445338475233022,50.91715976331364
688378.SH,20260814,41.3,31762,1311771.0,1.4243614931237714,5.444419918142137,53.546168958742626
688379.SH,20260814,49.75,12960,644760.0,1.282573289902289,2.2978217718042666,52.695439739413736
688380.SH,20260814,39.82,23301,927846.0,1.2201321809862664,2.7899301037182527,52.3207930859176
688381.SH,20260814,33.0,16541,545853.0,1.1029411764705843,2.278986761165821,51.61764705882351
688382.SH,20260814,21.28,81141,1726680.0,0.3300330033003229,4.866163413623498,46.98019801980194
688383.SH,20260814,118.93,4440,528049.0,0.7625180038973278,2.994197007830692,49.57510802338397
688385.SH,20260814,54.15,36947,2000680.0,0.6505576208178487,3.711232395958023,48.90334572490709
688386.SH,20260814,55.29,3100,171399.0,-0.018083182640138418,1.614149890004555,44.89150090415917
688387.SH,20260814,13.86,97086,1345612.0,1.167883211678844,1.7063897711103464,52.00729927007306
688388.SH,20260814,28.3,142893,4043872.0,0.6043370067543519,4.868173425509778,48.62602204052611
688389.SH,20260814,11.2604,1202,13535.0,-0.3504424778761117,0.475475460530566,42.89734513274333
688390.SH,20260814,68.07,23514,1600598.0,-0.07339988256021002,3.4536304118020316,44.55960070463874
688391.SH,20260814,25.49,4000,101960.0,-0.23483365949120705,4.139577323008912,43.59099804305276
688392.SH,20260814,180.0,57512,10352160.0,3.4482758620689724,8.491708613291152,65.68965517241384
688393.SH,20260814,20.45,8527,174377.0,0.19598236158744342,3.930828225419181,46.17589416952466
688395.SH,20260814,22.22,5577,123921.0,0.4520795660036159,4.230799301199958,47.7124773960217
688396.SH,20260814,60.85,83087,5055844.0,1.5690201969621231,6.395593591503002,54.41412118177274
688398.SH,20260814,21.04,37303,784855.0,2.5341130604288553,30.210640167027574,60.204678362573134
688399.SH,20260814,30.0,9153,274590.0,-0.4644990046449915,5.192485311359357,42.21300597213005
688400.SH,20260814,48.4,54257,2626039.0,0.0,5.335735307798617,45.0
688401.SH,20260814,68.95,29190,2012651.0,1.144198327710133,4.221845464447965,51.8651899662608
688403.SH,20260814,24.5,176960,4335520.0,1.9983347210657865,3.960540171558116,56.990008326394715
688408.SH,20260814,26.7,8339,222651.0,0.6407840180927105,3.024985260650594,48.844704108556265
688409.SH,20260814,215.01,30512,6560385.0,2.6692770509024966,4.296769116246801,61.01566230541498
688410.SH,20260814,11.36,173267,1968313.0,-0.35087719298246833,10.289595116489936,42.89473684210519
688411.SH,20260814,212.0,5089,1078868.0,0.4739336492890933,3.1552449519079935,47.84360189573456
688416.SH,20260814,73.89,57355,4237961.0,3.025655326268817,9.671209444569252,63.1539319576129
688418.SH,20260814,36.9099,2753,101613.0,0.517156862745094,0.6964575128943132,48.102941176470566
688419.SH,20260814,48.15,18018,867567.0,1.7540152155536726,3.6424750256035723,55.52409129332204
688420.SH,20260814,21.7101,3753,81478.0,-0.5492441594136421,8.176249259297727,41.70453504351815
688425.SH,20260814,4.16,8000,33280.0,-0.23980815347721673,0.910627543320068,43.5611510791367
688426.SH,20260814,19.2999,5571,107520.0,-0.5159793814432878,3.7621947227591055,41.904123711340276
688428.SH,20260814,31.84,44508,1417135.0,0.12578616352201255,3.6360241353890683,45.75471698113208
688429.SH,20260814,10.8402,2121,22992.0,1.8815789473684008,1.575010814841353,56.28947368421041
688432.SH,20260814,40.5,736716,29836998.0,2.87020574041148,11.523803793292645,62.221234442468884
688433.SH,20260814,92.26,8273,763267.0,0.0,1.9717902351150094,45.0
688435.SH,20260814,31.4099,4206,132110.0,0.8667308927424511,2.3722966462233033,50.2003853564547
688439.SH,20260814,39.64,1800,71352.0,0.10101010101009056,1.589149488984162,45.606060606060545
688443.SH,20260814,26.8,1100,29480.0,0.1494768310911887,0.2965624856805236,45.89686098654713
688448.SH,20260814,56.31,8543,481056.0,1.9923926824850557,4.169154145724667,56.95435609491034
688449.SH,20260814,66.04,162921,10759303.0,5.495207667731639,7.8272905237335,77.97124600638983
688450.SH,20260814,34.2,18226,623329.0,0.9147241074063173,9.140847661919402,50.4883446444379
688455.SH,20260814,15.13,7138,107998.0,-0.32938076416336726,5.685495516429965,43.023715415019794
688456.SH,20260814,83.73,20641,1728271.0,1.8613138686131458,3.190826904232956,56.16788321167888
688458.SH,20260814,32.9301,4991,164354.0,0.15237226277371452,2.4872554904620574,45.91423357664229
688459.SH,20260814,8.27999,19979,165426.0,-0.00012077294685441942,10.539935809518882,44.999275362318876
688466.SH,20260814,13.66,2100,28686.0,0.4411764705882337,2.4201216843864692,47.647058823529406
688468.SH,20260814,6.3,5580,35154.0,-0.15847860538826808,1.8909458795948253,44.04912836767039
688469.SH,20260814,9.36,984782,9217560.0,1.0799136069114423,6.833824962952013,51.47948164146865
688472.SH,20260814,10.3,26995,278049.0,0.1945525291829009,1.1721129463310336,46.16731517509741
688475.SH,20260814,29.72,12974,385587.0,-0.6020066889632081,3.0308928509611635,41.387959866220754
688478.SH,20260814,51.82,48798,2528712.0,1.4685725474838485,6.987816284613095,53.81143528490309
688479.SH,20260814,34.0,10498,356932.0,-1.2775842044134622,4.265673087783495,37.334494773519225
688480.SH,20260814,81.2601,1799,146187.0,0.5072356215213292,2.5053874476364735,48.04341372912798
688484.SH,20260814,36.25,42975,1557844.0,0.8625486922648973,6.3397312374975145,50.17529215358938
688485.SH,20260814,60.7,32259,1958121.0,1.0319573901464762,1.5314393177901666,51.191744340878856
688486.SH,20260814,44.7,27083,1210610.0,1.4755959137344066,8.105085278370355,53.85357548240644
688488.SH,20260814,17.16,5730,98327.0,-0.058241118229473976,0.4159424378001882,44.65055329062316
688489.SH,20260814,23.23,500,11615.0,-0.12897678417885805,0.6181388714034854,44.22613929492685
688496.SH,20260814,0.989999,413362,409228.0,-4.807788461538465,15.393942093246297,16.15326923076921
688498.SH,20260814,1516.02,28337,42959459.0,1.0222032678518955,8.708152707929225,51.13321960711137
688499.SH,20260814,36.49,10684,389859.0,0.10973936899862924,2.816355902073033,45.65843621399178
688500.SH,20260814,37.7099,3140,118409.0,0.34566258648216497,2.4962403764229886,47.07397551889299
688501.SH,20260814,13.14,3400,44676.0,0.0,1.7387716300003258,45.0
688502.SH,20260814,419.05,11917,4993819.0,0.29918621349929175,4.948804849248213,46.795117280995754
688503.SH,20260814,74.5,55840,4160080.0,1.6371077762619368,2.9166664496152346,54.822646657571624
688505.SH,20260814,8.37,33770,282655.0,-0.357142857142867,1.2476010036970049,42.8571428571428
688506.SH,20260814,306.85,3582,1099137.0,-0.6957928802588942,2.0164208291332857,40.82524271844663
688507.SH,20260814,174.39,62549,10907920.0,1.2247504063152892,11.360780181783918,52.34850243789174
688508.SH,20260814,83.07,8259,686075.0,0.9969604863221848,1.450779059420694,50.98176291793311
688509.SH,20260814,4.2,16965,71253.0,0.0,3.7046370692578865,45.0
688510.SH,20260814,22.78,1741,39660.0,0.13186813186814028,0.41443946816360333,45.791208791208845
688511.SH,20260814,23.0,8624,198352.0,-0.13026487190621605,6.444148525225915,44.218410768562705
688512.SH,20260814,15.2,120316,1828803.0,2.7027027027026973,8.1254765956534,61.21621621621618
688513.SH,20260814,50.1203,1663,83350.0,-0.4957315862616607,0.6010822451569213,42.02561048243004
688515.SH,20260814,154.0,7920,1219680.0,0.9505080301540403,2.494344981588459,50.70304818092424
688516.SH,20260814,41.71,10490,437538.0,0.4334216229231913,2.2483841752475326,47.60052973753915
688517.SH,20260814,17.11,86147,1473975.0,3.383685800604219,18.494685724161666,65.30211480362532
688518.SH,20260814,19.83,15059,298620.0,0.3034901365705611,1.370462617733946,46.82094081942337
688519.SH,20260814,286.88,18413,5282321.0,1.1601255333403948,1.9419059108024153,51.96075320004237
688520.SH,20260814,39.5,24247,957757.0,-0.32803431743628764,6.518761457307393,43.031794095382274
688521.SH,20260814,210.9,111477,23510499.0,2.34386373562383,9.099061280608833,59.06318241374298
688522.SH,20260814,19.26,24065,463492.0,1.2618296529968598,4.090354607036204,52.57097791798116
688523.SH,20260814,47.34,9952,471128.0,1.2836970474968012,3.0508363525223507,52.70218228498081
688525.SH,20260814,241.0,457602,110282082.0,2.548827709459167,18.294127530059082,60.292966256755
688526.SH,20260814,,0,0.0,,0.0,0.0
688528.SH,20260814,9.48005,5489,52036.0,0.10612460401266954,4.985957949544436,45.636747624076015
688529.SH,20260814,,0,0.0,,0.0,0.0
688530.SH,20260814,64.22,81138,5210682.0,1.3893274392169142,8.505322991380696,53.33596463530149
688531.SH,20260814,141.34,21778,3078103.0,1.9033886085075835,3.6051423805739073,56.4203316510455
688533.SH,20260814,21.45,3600,77220.0,-0.13966480446927498,5.091872291728279,44.162011173184354
688535.SH,20260814,103.28,75313,7778327.0,1.4040255277368852,11.209014975536727,53.42415316642131
688536.SH,20260814,270.0,10935,2952450.0,3.0573686018550372,3.396980740920406,63.34421161113022
688538.SH,20260814,2.35,135895,319353.0,0.0,3.011787166964754,45.0
688539.SH,20260814,26.8599,7290,195809.0,0.2609182530795007,3.84375180044896,46.565509518477
688543.SH,20260814,39.3,21622,849745.0,0.02545176889794387,2.7981853229203897,45.15271061338766
688545.SH,20260814,86.42,143782,12425640.0,1.5511163337250444,11.084723473325187,54.30669800235027
688548.SH,20260814,38.0,303301,11525438.0,4.109589041095885,7.7563006761990145,69.65753424657531
688549.SH,20260814,28.0,478950,13410600.0,2.1897810218978186,3.4597431739039637,58.13868613138691
688550.SH,20260814,39.1,19399,758501.0,0.5399845718693674,3.6721473591432456,48.2399074312162
688551.SH,20260814,42.11,19348,814744.0,1.0074358359318802,4.790325680399264,51.04461501559128
688552.SH,20260814,27.9,2400,66960.0,0.0,1.0717751113619318,45.0
688553.SH,20260814,12.38,5877,72757.0,-0.1612903225806428,0.43589262199210527,44.03225806451614
688556.SH,20260814,8.57,110206,944465.0,0.4689331770222793,8.76420061904924,47.813599062133676
688557.SH,20260814,22.05,24561,541570.0,0.59306569343065,8.392709437090904,48.5583941605839
688558.SH,20260814,31.7799,4208,133730.0,-0.00031466331025242766,4.189718525354423,44.998112020138485
688559.SH,20260814,48.75,16039,781901.0,0.3499382461918499,2.378069660034224,47.0996294771511
688560.SH,20260814,,0,0.0,,0.0,0.0
688561.SH,20260814,26.33,21069,554747.0,0.1521491061239999,2.640723349328341,45.912894636744
688562.SH,20260814,14.4201,7211,103983.0,0.4885017421602855,3.384626621810428,47.931010452961715
688563.SH,20260814,51.3403,626,32139.0,0.07855750487328894,0.482265174269107,45.471345029239735
688565.SH,20260814,10.98,4000,43920.0,0.45745654162854255,3.054859560274111,47.74473924977126
688566.SH,20260814,26.3099,2317,60960.0,-0.03837386018237243,0.513925912673112,44.769756838905764
688567.SH,20260814,10.07,23359,235225.0,0.5994005994006013,2.8438772619206545,48.596403596403604
688568.SH,20260814,35.72,22331,797663.0,-0.08391608391609129,3.0564462567947013,44.49650349650345
688569.SH,20260814,17.09,400,6836.0,0.0,0.46336030574730813,45.0
688570.SH,20260814,15.12,7300,110376.0,0.0,6.626071552880164,45.0
688571.SH,20260814,9.16999,30454,279263.0,0.8799779977997746,3.628410997441495,50.27986798679865
688573.SH,20260814,16.45,12902,212238.0,0.9821976672805377,9.450552337535374,50.893186003683226
688575.SH,20260814,9.62001,19253,185214.0,0.20843750000001382,0.5658941244644856,46.250625000000085
688576.SH,20260814,41.4201,4168,172639.0,-0.8851399856425024,11.518197877300725,39.68916008614499
688577.SH,20260814,43.97,8459,371942.0,1.971243042671622,9.550615331430942,56.82745825602973
688578.SH,20260814,119.4,27722,3310007.0,0.03351206434316634,3.0502685610186497,45.201072386058996
688579.SH,20260814,8.07,8000,64560.0,0.0,2.0177000045129474,45.0
688580.SH,20260814,50.3,790,39737.0,0.43929712460064607,0.6473637777150529,47.635782747603876
688581.SH,20260814,53.71,1652,88729.0,-0.24145616641902956,2.3062935282719605,43.55126300148582
688582.SH,20260814,41.45,13656,566041.0,0.9252495738982347,2.841190249008523,50.55149744338941
688583.SH,20260814,81.96,30207,2475766.0,-1.0503440782325346,4.9221739298597,38.697935530604795
688584.SH,20260814,28.9,29621,856047.0,2.228510788822069,3.0453077534127284,58.37106473293241
688585.SH,20260814,169.34,14701,2489467.0,1.0804035098191278,4.3085508847210345,51.48242105891477
688586.SH,20260814,10.6,16832,178419.0,0.09442870632672129,3.8007175604104884,45.56657223796033
688588.SH,20260814,9.80003,6881,67434.0,0.2048057259713687,2.7355936415479856,46.22883435582821
688589.SH,20260814,18.15,7500,136125.0,0.4427227448810189,0.9292586723487988,47.65633646928612
688590.SH,20260814,13.23,8981,118819.0,0.0,1.3358334457779832,45.0
688591.SH,20260814,27.53,14557,400754.0,0.7686676427525629,3.2802670142620904,49.61200585651538
688592.SH,20260814,24.56,9783,240270.0,-0.08136696501220841,13.42103583003775,44.51179820992675
688593.SH,20260814,32.24,24266,782336.0,0.7500000000000062,2.72128394557677,49.500000000000036
688595.SH,20260814,30.04,12883,387005.0,-0.9887936717205004,2.4258196596127566,39.067237969676995
688596.SH,20260814,72.47,111945,8112654.0,0.8488728082382435,5.949857900801898,50.09323684942946
688597.SH,20260814,7.3,63749,465368.0,0.9681881051175623,4.660325157642282,50.80912863070537
688598.SH,20260814,32.94,67973,2239031.0,1.0429447852760676,2.34191045902028,51.25766871165641
688599.SH,20260814,13.1,180005,2358066.0,0.0,6.614494909804756,45.0
688600.SH,20260814,26.64,37219,991514.0,1.2927756653992484,17.133630564361724,52.75665399239549
688601.SH,20260814,45.08,5673,255739.0,0.49041462327239493,1.9877089095168188,47.94248773963437
688602.SH,20260814,6.6701,4853,32370.0,-0.14820359281436657,0.7664319747937879,44.1107784431138
688603.SH,20260814,108.18,7684,831255.0,0.7637853949329365,1.463083257360387,49.582712369597616
688605.SH,20260814,77.99,7318,570731.0,1.28571428571429,2.0741043820883083,52.71428571428574
688606.SH,20260814,49.07,5812,285195.0,-0.7684529828109299,12.474500527901073,40.38928210313442
688607.SH,20260814,46.0,4992,229632.0,0.7446342531756578,2.8606776294914695,49.46780551905395
688608.SH,20260814,110.66,6219,688195.0,0.6000000000000005,1.8414826910768378,48.6
688609.SH,20260814,9.2,106014,975329.0,0.32715376226826187,3.8956012309062853,46.962922573609575
688610.SH,20260814,160.7,7205,1157844.0,2.6771452303367083,6.9471946628372185,61.06287138202025
688611.SH,20260814,,0,0.0,,0.0,0.0
688612.SH,20260814,33.19,27663,918135.0,-0.5692031156381172,6.0290384748901555,41.584781306171294
688613.SH,20260814,15.49,3743,57979.0,-0.19329896907216426,1.604282173585827,43.84020618556701
688615.SH,20260814,118.59,45176,5357422.0,0.28752642706131315,4.766995423180878,46.72515856236788
688616.SH,20260814,10.8099,4382,47369.0,-0.0009250693801976517,3.04222826570382,44.99444958371881
688617.SH,20260814,215.73,600,129438.0,-0.8137931034482793,0.36642635494112313,40.11724137931032
688618.SH,20260814,28.63,5400,154602.0,0.13990905911156482,3.9329191068278178,45.839454354669385
688619.SH,20260814,14.9,12854,191525.0,0.1344086021505264,5.431657455135261,45.80645161290316
688620.SH,20260814,16.05,41990,673940.0,1.1342155009451904,3.687802364130073,51.805293005671146
688621.SH,20260814,66.39,11592,769593.0,0.5147615442846476,3.7938914991191837,48.08856926570789
688622.SH,20260814,,0,0.0,,0.0,0.0
688623.SH,20260814,62.8,2500,157000.0,0.22342802425789898,1.9617230595822526,46.340568145547394
688625.SH,20260814,56.16,15334,861157.0,0.46511627906975495,2.813316704403158,47.79069767441853
688626.SH,20260814,46.05,6545,301397.0,-0.6043600259011517,3.0348861928502284,41.37383984459309
688627.SH,20260814,497.0,113397,56358309.0,2.992374005305032,18.762895524766133,62.95424403183019
688628.SH,20260814,68.36,3736,255393.0,0.6774668630338709,1.4340427669215436,49.064801178203226
688629.SH,20260814,149.5,86594,12945803.0,1.5625,6.142368693685665,54.375
688630.SH,20260814,420.65,19340,8135371.0,0.39379474940333115,5.41138571212943,47.36276849641999
688631.SH,20260814,42.3901,4150,175919.0,1.145549988069683,5.263868781226721,51.8732999284181
688633.SH,20260814,24.39,40179,979966.0,1.6250000000000098,19.600372147976906,54.75000000000006
688635.SH,20260814,315.8,32191,10165918.0,1.2504007694774,5.337707837388972,52.502404616864396
688636.SH,20260814,20.3,53745,1091024.0,-0.14756517461878005,10.329713802970051,44.11460895228732
688638.SH,20260814,32.48,3000,97440.0,0.43290043290040714,6.011497358864922,47.59740259740244
688639.SH,20260814,17.65,43524,768199.0,0.6271379703534752,8.43425559472833,48.762827822120855
688646.SH,20260814,69.0,7100,489900.0,0.0,1.8697747852645334,45.0
688648.SH,20260814,31.97,6332,202434.0,0.947268708556992,3.136063990738639,50.683612251341955
688651.SH,20260814,22.8,4700,107160.0,-0.5235602094240899,3.038319313807094,41.85863874345546
688652.SH,20260814,153.61,12249,1881569.0,1.4396090602918798,3.201689727760241,53.63765436175128
688653.SH,20260814,13.75,16911,232526.0,0.8064516129032251,1.868667697857667,49.83870967741935
688655.SH,20260814,36.11,20524,741122.0,0.16643550624133585,2.762004098534394,45.99861303744802
688656.SH,20260814,92.64,600,55584.0,-0.4940923737916103,1.8635153999009706,42.035445757250336
688657.SH,20260814,,0,0.0,,0.0,0.0
688658.SH,20260814,13.5,70515,951953.0,-0.4424778761061954,3.956016367778614,42.345132743362825
688659.SH,20260814,10.18,7500,76350.0,0.49358341559722074,2.1015643814041804,47.96150049358332
688660.SH,20260814,8.99,58688,527605.0,0.0,4.337020129936911,45.0
688661.SH,20260814,104.98,6136,644157.0,2.1504330057409815,1.7847431478992746,57.90259803444589
688662.SH,20260814,85.5,261851,22388261.0,4.268292682926833,13.269527816232795,70.60975609756099
688663.SH,20260814,55.0,9183,505065.0,1.065784638000733,1.6660902736211978,51.3947078280044
688665.SH,20260814,44.9903,1138,51199.0,0.24576648841354576,2.2702269309067327,46.47459893048128
688667.SH,20260814,87.8102,1022,89742.0,-0.351566046300511,2.6230174796514616,42.890603722196936
688668.SH,20260814,261.14,73034,19072099.0,2.8110236220472373,14.209293738655436,61.866141732283424
688669.SH,20260814,70.5,11046,778743.0,0.5562687205819428,1.9012092009167019,48.337612323491655
688670.SH,20260814,16.1302,914,14743.0,1.0664160401002265,0.6809115411712011,51.39849624060136
688671.SH,20260814,24.4199,2829,69084.0,0.9921422663358159,2.1343921216696193,50.9528535980149
688676.SH,20260814,72.0,133461,9609192.0,0.20876826722338038,9.268082181603347,46.25260960334028
688677.SH,20260814,72.03,68758,4952639.0,-0.05550159567085933,8.413824575181058,44.666990425974845
688678.SH,20260814,18.99,53899,1023542.0,-0.9906152241918709,4.864786305955117,39.05630865484878
688679.SH,20260814,33.55,23669,794095.0,1.7591750075826473,3.184177426418523,55.55505004549588
688680.SH,20260814,35.52,7431,263949.0,1.9225251076040228,8.12030238957762,56.535150645624135
688681.SH,20260814,16.66,2300,38318.0,0.0,1.6715655866358512,45.0
688682.SH,20260814,31.8501,4536,144472.0,0.6004421983575536,4.148310781961406,48.60265319014532
688683.SH,20260814,32.68,13149,429709.0,1.3962147067949182,10.119992048306843,53.37728824076951
688685.SH,20260814,44.58,9168,408709.0,0.11228385358184045,1.5440847124476051,45.673703121491044
688686.SH,20260814,116.35,5812,676226.0,1.1739130434782474,7.1833006175712,52.043478260869485
688687.SH,20260814,18.79,22577,424222.0,0.32034169781098853,4.160970599539561,46.92205018686593
688689.SH,20260814,40.21,13354,536964.0,1.0555415933651613,2.118325099183021,51.333249560190964
688690.SH,20260814,43.71,49401,2159318.0,-0.2282583884957834,4.816989111500257,43.630449669025296
688691.SH,20260814,68.88,40829,2812302.0,1.8181818181818077,11.314803263701442,55.90909090909085
688692.SH,20260814,235.96,3213,758139.0,-0.016949152542367063,1.8970516736873944,44.8983050847458
688693.SH,20260814,88.82,37611,3340609.0,1.9981626090950888,8.852188705047844,56.98897565457053
688695.SH,20260814,19.32,8507,164355.0,-0.05173305742368628,9.365090670807277,44.689601655457885
688696.SH,20260814,71.94,700,50358.0,0.013902405116072991,1.2196531416712935,45.083414430696436
688697.SH,20260814,14.42,10911,157337.0,0.0,1.6202422138380304,45.0
688698.SH,20260814,49.4,5437,268588.0,0.5700325732899136,2.189604426863818,48.42019543973948
688699.SH,20260814,62.5699,3625,226816.0,0.9191935483870983,0.5989007013073453,50.51516129032259
688700.SH,20260814,57.7,23887,1378280.0,1.620288834096506,2.220567310158754,54.721733004579036
688701.SH,20260814,8.04,16402,131872.0,0.3745318352059934,8.778815807833192,47.24719101123596
688702.SH,20260814,401.28,53944,21646648.0,0.06982543640896566,7.371967486354587,45.418952618453794
688707.SH,20260814,10.68,45067,481316.0,0.8498583569405138,8.265379336702775,50.09915014164308
688708.SH,20260814,,0,0.0,,0.0,0.0
688709.SH,20260814,26.55,27509,730364.0,0.8738601823708114,6.671450056884588,50.24316109422487
688710.SH,20260814,95.2,23214,2209973.0,0.0,7.656179570298773,45.0
688711.SH,20260814,25.59,46282,1184356.0,1.2663237039968411,7.38906774887631,52.59794222398105
688712.SH,20260814,34.57,22347,772536.0,-0.6894570525711075,8.315470973270672,40.863257684573355
688716.SH,20260814,28.89,1300,37557.0,0.8025122121423589,1.080049040903971,49.81507327285415
688717.SH,20260814,61.68,54690,3373279.0,0.9657881813717406,5.55759928760798,50.79472908823044
688718.SH,20260814,14.1,9839,138730.0,-0.7741027445461013,6.659726111622923,40.355383532723394
688719.SH,20260814,52.18,35891,1872792.0,1.5175097276264538,5.202939482226522,54.10505836575872
688720.SH,20260814,65.89,19474,1283142.0,1.6507250848503574,5.304844282201516,54.904350509102144
688721.SH,20260814,40.53,20859,845415.0,-0.17241379310345417,7.108156160107309,43.965517241379274
688722.SH,20260814,14.0998,1873,26409.0,0.14062500000000533,1.1155644794706185,45.84375000000003
688726.SH,20260814,44.62,13685,610625.0,0.9273919927618168,3.054056013705498,50.5643519565709
688727.SH,20260814,48.8,8219,401087.0,2.092050209205021,1.4116320739607966,57.55230125523013
688728.SH,20260814,15.95,123053,1962695.0,0.7580543272267759,4.529889199971153,49.548325963360654
688729.SH,20260814,26.33,140309,3694336.0,0.9198926791874174,5.31498989358974,50.519356075124506
688733.SH,20260814,28.67,6100,174887.0,0.6671348314606806,0.6363366951485315,49.00280898876409
688737.SH,20260814,18.26,13447,245542.0,0.5506607929515406,14.795588860724836,48.303964757709245
688739.SH,20260814,20.74,12208,253194.0,-0.4320691310609637,6.033806704471157,42.40758521363422
688750.SH,20260814,14.4,27100,390240.0,0.0,10.872616641857055,45.0
688755.SH,20260814,,0,0.0,,0.0,0.0
688757.SH,20260814,32.45,174448,5660838.0,0.21618282890674134,13.281978727123327,46.297096973440446
688758.SH,20260814,30.18,124091,3745066.0,0.0,11.386527143334657,45.0
688759.SH,20260814,28.4,55721,1582476.0,0.5309734513274211,12.1419589859812,48.18584070796453
688765.SH,20260814,39.54,13412,530310.0,0.0,3.280609840197598,45.0
688766.SH,20260814,400.0,305035,122014000.0,4.32968179447053,20.37718780188544,70.97809076682319
688767.SH,20260814,41.92,9972,418026.0,-0.5928385107896617,3.3948617545189927,41.44296893526203
688768.SH,20260814,,0,0.0,,0.0,0.0
688772.SH,20260814,14.4,32277,464789.0,0.4184100418409997,1.5515730881544143,47.510460251046
688775.SH,20260814,136.95,18905,2589040.0,-0.4940783259463788,4.226230926322031,42.035530044321725
688776.SH,20260814,49.9803,1323,66124.0,0.7870538415002848,0.9205854825657476,49.72232304900171
688777.SH,20260814,96.02,42559,4086515.0,-0.3425012973533925,2.3473371343516134,42.944992215879644
688778.SH,20260814,47.9099,3218,154174.0,-0.00020872469211896671,0.7387153496951175,44.99874765184729
688779.SH,20260814,7.83001,42279,331045.0,0.00012771392081667443,2.177994533266288,45.0007662835249
688781.SH,20260814,37.7792,548,20703.0,1.0409200320941503,0.3315708226580731,51.2455201925649
688783.SH,20260814,31.64,124376,3935257.0,2.560777957860605,6.4025423126352345,60.36466774716363
688785.SH,20260814,284.78,1000,284780.0,1.5511892450878806,1.725940753771503,54.307135470527285
688786.SH,20260814,27.17,81726,2220495.0,0.22132054592403083,10.364114108980587,46.32792327554419
688787.SH,20260814,110.12,9458,1041515.0,0.3828623518687291,4.958326803654543,47.29717411121237
688788.SH,20260814,,0,0.0,,0.0,0.0
688789.SH,20260814,47.01,4600,216246.0,0.34151547491994005,5.166345176679013,47.04909284951964
688790.SH,20260814,98.0,2400,235200.0,0.0,2.5869502635824047,45.0
688793.SH,20260814,18.99,10100,191799.0,0.31695721077653616,5.213657647000972,46.90174326465922
688795.SH,20260814,584.39,11185,6536402.0,0.013691362461720757,10.066702680945191,45.082148174770325
688796.SH,20260814,147.0,54189,7965783.0,-0.8097165991902799,16.758462809309304,40.14170040485832
688797.SH,20260814,344.0,22147,7618568.0,2.686567164179099,6.342995394004882,61.11940298507459
688798.SH,20260814,54.83,11514,631313.0,0.8275101140124974,4.022446458392929,49.965060684074984
688799.SH,20260814,46.1301,4151,191486.0,-0.36695464362850316,0.9076519482647206,42.79827213822898
688800.SH,20260814,63.44,96526,6123609.0,2.803435423756273,6.16787556537832,61.82061254253764
688802.SH,20260814,760.0,10909,8290840.0,1.7402945113788482,8.746753228736209,55.44176706827309
688805.SH,20260814,,0,0.0,,0.0,0.0
688806.SH,20260814,27.4,92611,2537541.0,-1.7216642754662836,10.684428729794961,34.6700143472023
688807.SH,20260814,261.41,9177,2398960.0,0.9538889317988852,2.1780291518129156,50.72333359079331
688808.SH,20260814,2275.0,5924,13477100.0,2.848101265822778,11.837469460014338,62.08860759493667
688809.SH,20260814,476.97,5341,2547497.0,1.5326649211316212,4.616499839274036,54.19598952678973
688811.SH,20260814,22.49,21391,481084.0,1.2606933813597454,3.5201895916729633,52.564160288158476
688813.SH,20260814,114.48,28087,3215400.0,0.26274303730950965,6.270994271349023,46.57645822385706
688816.SH,20260814,50.16,2900,145464.0,0.541190619362597,5.039580894118185,48.247143716175586
688818.SH,20260814,49.86,18849,939811.0,0.9311740890688203,3.263078753001308,50.587044534412925
688819.SH,20260814,22.01,2800,61628.0,-0.04541326067211138,1.4257688117306155,44.727520435967335
688820.SH,20260814,137.21,55926,7673606.0,1.3592376449730326,6.421056289944793,53.1554258698382
688825.SH,20260814,54.49,6576615,358359751.0,3.0446293494704957,18.042553147483417,63.26777609682297
688828.SH,20260814,94.1,386342,36354782.0,-4.476702872804806,40.78278435261292,18.139782763171166
688981.SH,20260814,133.99,1929745,258566533.0,3.515142150803463,25.137882837196912,66.09085290482078
689009.SH,20260814,44.79,8756,392181.0,-0.33377837116154163,0.8775531317650679,42.99732977303075
900901.SH,20260814,0.703,9000,6327.0,,,0.0
900902.SH,20260814,0.16381,2100,344.0,,,0.0
900903.SH,20260814,0.185882,850,158.0,,,0.0
900904.SH,20260814,0.471852,2700,1274.0,,,0.0
900905.SH,20260814,,0,0.0,,,0.0
900906.SH,20260814,,0,0.0,,,0.0
900908.SH,20260814,0.65807,5700,3751.0,,,0.0
900909.SH,20260814,,0,0.0,,,0.0
900910.SH,20260814,0.634019,10700,6784.0,,,0.0
900911.SH,20260814,0.72,26500,19080.0,,,0.0
900912.SH,20260814,,0,0.0,,,0.0
900913.SH,20260814,,0,0.0,,,0.0
900914.SH,20260814,,0,0.0,,,0.0
900915.SH,20260814,,0,0.0,,,0.0
900916.SH,20260814,,0,0.0,,,0.0
900917.SH,20260814,0.26,3000,780.0,,,0.0
900918.SH,20260814,,0,0.0,,,0.0
900920.SH,20260814,,0,0.0,,,0.0
900921.SH,20260814,0.19,100,19.0,,,0.0
900922.SH,20260814,,0,0.0,,,0.0
900923.SH,20260814,,0,0.0,,,0.0
900924.SH,20260814,,0,0.0,,,0.0
900925.SH,20260814,,0,0.0,,,0.0
900926.SH,20260814,,0,0.0,,,0.0
900927.SH,20260814,,0,0.0,,,0.0
900928.SH,20260814,,0,0.0,,,0.0
900929.SH,20260814,,0,0.0,,,0.0
900932.SH,20260814,0.396,23000,9108.0,,,0.0
900934.SH,20260814,,0,0.0,,,0.0
900936.SH,20260814,,0,0.0,,,0.0
900937.SH,20260814,0.222006,63800,14164.0,,,0.0
900938.SH,20260814,,0,0.0,,,0.0
900939.SH,20260814,,0,0.0,,,0.0
900940.SH,20260814,,0,0.0,,,0.0
900941.SH,20260814,0.477143,1400,668.0,,,0.0
900942.SH,20260814,,0,0.0,,,0.0
900943.SH,20260814,0.427,1000,427.0,,,0.0
900945.SH,20260814,,0,0.0,,,0.0
900946.SH,20260814,,0,0.0,,,0.0
900947.SH,20260814,0.25801,19600,5057.0,,,0.0
900948.SH,20260814,,0,0.0,,,0.0
501001.SH,20260814,,0,0.0,,,0.0
501005.SH,20260814,1.15801,17600,20381.0,,,0.0
501007.SH,20260814,,0,0.0,,,0.0
501008.SH,20260814,,0,0.0,,,0.0
501009.SH,20260814,1.328,500,664.0,,,0.0
501010.SH,20260814,,0,0.0,,,0.0
501011.SH,20260814,1.05517,2900,3060.0,,,0.0
501012.SH,20260814,,0,0.0,,,0.0
501015.SH,20260814,3.08805,3975,12275.0,,,0.0
501016.SH,20260814,,0,0.0,,,0.0
501017.SH,20260814,,0,0.0,,,0.0
501018.SH,20260814,1.766,1078800,1905161.0,,,0.0
501019.SH,20260814,1.215,400,486.0,,,0.0
501021.SH,20260814,,0,0.0,,,0.0
501022.SH,20260814,,0,0.0,,,0.0
501025.SH,20260814,1.812,87200,158006.0,,,0.0
501026.SH,20260814,2.54799,23411,59651.0,,,0.0
501028.SH,20260814,,0,0.0,,,0.0
501029.SH,20260814,,0,0.0,,,0.0
501030.SH,20260814,,0,0.0,,,0.0
501031.SH,20260814,,0,0.0,,,0.0
501032.SH,20260814,,0,0.0,,,0.0
501036.SH,20260814,,0,0.0,,,0.0
501037.SH,20260814,,0,0.0,,,0.0
501038.SH,20260814,,0,0.0,,,0.0
501043.SH,20260814,,0,0.0,,,0.0
501045.SH,20260814,,0,0.0,,,0.0
501047.SH,20260814,,0,0.0,,,0.0
501048.SH,20260814,,0,0.0,,,0.0
501050.SH,20260814,,0,0.0,,,0.0
501051.SH,20260814,,0,0.0,,,0.0
501053.SH,20260814,,0,0.0,,,0.0
501057.SH,20260814,,0,0.0,,,0.0
501058.SH,20260814,,0,0.0,,,0.0
501059.SH,20260814,,0,0.0,,,0.0
501060.SH,20260814,2.36,100,236.0,,,0.0
501061.SH,20260814,,0,0.0,,,0.0
501062.SH,20260814,,0,0.0,,,0.0
501064.SH,20260814,,0,0.0,,,0.0
501065.SH,20260814,,0,0.0,,,0.0
501070.SH,20260814,,0,0.0,,,0.0
501071.SH,20260814,,0,0.0,,,0.0
501073.SH,20260814,,0,0.0,,,0.0
501075.SH,20260814,,0,0.0,,,0.0
501076.SH,20260814,1.6525,400,661.0,,,0.0
501077.SH,20260814,,0,0.0,,,0.0
501078.SH,20260814,3.06,100,306.0,,,0.0
501079.SH,20260814,4.714,1000,4714.0,,,0.0
501080.SH,20260814,1.64,582383,955108.0,,,0.0
501081.SH,20260814,,0,0.0,,,0.0
501082.SH,20260814,,0,0.0,,,0.0
501083.SH,20260814,,0,0.0,,,0.0
501085.SH,20260814,3.00802,19456,58524.0,,,0.0
501087.SH,20260814,,0,0.0,,,0.0
501088.SH,20260814,,0,0.0,,,0.0
501089.SH,20260814,,0,0.0,,,0.0
501090.SH,20260814,,0,0.0,,,0.0
501091.SH,20260814,,0,0.0,,,0.0
501092.SH,20260814,,0,0.0,,,0.0
501093.SH,20260814,,0,0.0,,,0.0
501095.SH,20260814,,0,0.0,,,0.0
501096.SH,20260814,1.609,42200,67900.0,,,0.0
501097.SH,20260814,,0,0.0,,,0.0
501098.SH,20260814,,0,0.0,,,0.0
501099.SH,20260814,,0,0.0,,,0.0
501186.SH,20260814,,0,0.0,,,0.0
501188.SH,20260814,1.11114,3500,3889.0,,,0.0
501189.SH,20260814,,0,0.0,,,0.0
501200.SH,20260814,1.46667,300,440.0,,,0.0
501201.SH,20260814,,0,0.0,,,0.0
501202.SH,20260814,,0,0.0,,,0.0
501203.SH,20260814,,0,0.0,,,0.0
501205.SH,20260814,0.932004,113300,105596.0,,,0.0
501206.SH,20260814,,0,0.0,,,0.0
501207.SH,20260814,,0,0.0,,,0.0
501208.SH,20260814,,0,0.0,,,0.0
501209.SH,20260814,,0,0.0,,,0.0
501210.SH,20260814,,0,0.0,,,0.0
501211.SH,20260814,,0,0.0,,,0.0
501212.SH,20260814,,0,0.0,,,0.0
501213.SH,20260814,,0,0.0,,,0.0
501215.SH,20260814,,0,0.0,,,0.0
501216.SH,20260814,,0,0.0,,,0.0
501217.SH,20260814,,0,0.0,,,0.0
501218.SH,20260814,,0,0.0,,,0.0
501219.SH,20260814,1.651,4000,6604.0,,,0.0
501220.SH,20260814,0.962,3000,2886.0,,,0.0
501222.SH,20260814,,0,0.0,,,0.0
501225.SH,20260814,3.545,168200,596269.0,,,0.0
501227.SH,20260814,,0,0.0,,,0.0
501300.SH,20260814,0.928,1060500,984144.0,,,0.0
501301.SH,20260814,1.212,500,606.0,,,0.0
501302.SH,20260814,,0,0.0,,,0.0
501303.SH,20260814,,0,0.0,,,0.0
501305.SH,20260814,1.26769,1300,1648.0,,,0.0
501306.SH,20260814,,0,0.0,,,0.0
501307.SH,20260814,,0,0.0,,,0.0
501310.SH,20260814,,0,0.0,,,0.0
501311.SH,20260814,0.96381,2100,2024.0,,,0.0
501312.SH,20260814,2.391,1141302,2728853.0,,,0.0
502000.SH,20260814,,0,0.0,,,0.0
502003.SH,20260814,,0,0.0,,,0.0
502006.SH,20260814,,0,0.0,,,0.0
502010.SH,20260814,,0,0.0,,,0.0
502013.SH,20260814,,0,0.0,,,0.0
502023.SH,20260814,1.57,100,157.0,,,0.0
502048.SH,20260814,,0,0.0,,,0.0
502053.SH,20260814,,0,0.0,,,0.0
502056.SH,20260814,,0,0.0,,,0.0
506000.SH,20260814,,0,0.0,,,0.0
506001.SH,20260814,,0,0.0,,,0.0
506002.SH,20260814,2.184,2000,4368.0,,,0.0
506003.SH,20260814,1.27,686609,871993.0,,,0.0
506005.SH,20260814,1.56,100,156.0,,,0.0
506006.SH,20260814,,0,0.0,,,0.0
506008.SH,20260814,,0,0.0,,,0.0
508000.SH,20260814,1.73,1800,3114.0,,,0.0
508001.SH,20260814,4.79907,4300,20636.0,,,0.0
508002.SH,20260814,,0,0.0,,,0.0
508003.SH,20260814,,0,0.0,,,0.0
508005.SH,20260814,3.91096,8300,32461.0,,,0.0
508006.SH,20260814,,0,0.0,,,0.0
508007.SH,20260814,,0,0.0,,,0.0
508008.SH,20260814,,0,0.0,,,0.0
508009.SH,20260814,,0,0.0,,,0.0
508010.SH,20260814,2.21,100,221.0,,,0.0
508011.SH,20260814,3.4,100,340.0,,,0.0
508012.SH,20260814,,0,0.0,,,0.0
508015.SH,20260814,,0,0.0,,,0.0
508016.SH,20260814,,0,0.0,,,0.0
508017.SH,20260814,3.735,30200,112797.0,,,0.0
508018.SH,20260814,5.841,3000,17523.0,,,0.0
508019.SH,20260814,,0,0.0,,,0.0
508020.SH,20260814,,0,0.0,,,0.0
508021.SH,20260814,2.97214,1400,4161.0,,,0.0
508022.SH,20260814,,0,0.0,,,0.0
508026.SH,20260814,,0,0.0,,,0.0
508027.SH,20260814,2.44681,47,115.0,,,0.0
508028.SH,20260814,,0,0.0,,,0.0
508029.SH,20260814,2.42,100,242.0,,,0.0
508030.SH,20260814,,0,0.0,,,0.0
508031.SH,20260814,,0,0.0,,,0.0
508033.SH,20260814,,0,0.0,,,0.0
508036.SH,20260814,,0,0.0,,,0.0
508039.SH,20260814,3.28571,7,23.0,,,0.0
508048.SH,20260814,,0,0.0,,,0.0
508050.SH,20260814,,0,0.0,,,0.0
508055.SH,20260814,,0,0.0,,,0.0
508056.SH,20260814,2.248,9000,20232.0,,,0.0
508058.SH,20260814,,0,0.0,,,0.0
508059.SH,20260814,7.97197,7206,57446.0,,,0.0
508060.SH,20260814,3.676,54500,200342.0,,,0.0
508066.SH,20260814,5.91,200,1182.0,,,0.0
508068.SH,20260814,,0,0.0,,,0.0
508069.SH,20260814,,0,0.0,,,0.0
508077.SH,20260814,,0,0.0,,,0.0
508078.SH,20260814,1.76214,1400,2467.0,,,0.0
508080.SH,20260814,,0,0.0,,,0.0
508082.SH,20260814,3.762,41900,157628.0,,,0.0
508084.SH,20260814,,0,0.0,,,0.0
508085.SH,20260814,,0,0.0,,,0.0
508086.SH,20260814,,0,0.0,,,0.0
508087.SH,20260814,,0,0.0,,,0.0
508088.SH,20260814,,0,0.0,,,0.0
508089.SH,20260814,4.225,200,845.0,,,0.0
508090.SH,20260814,,0,0.0,,,0.0
508091.SH,20260814,5.465,35000,191275.0,,,0.0
508092.SH,20260814,,0,0.0,,,0.0
508093.SH,20260814,,0,0.0,,,0.0
508096.SH,20260814,,0,0.0,,,0.0
508097.SH,20260814,,0,0.0,,,0.0
508098.SH,20260814,,0,0.0,,,0.0
508099.SH,20260814,1.05403,13400,14124.0,,,0.0
508600.SH,20260814,,0,0.0,,,0.0
508601.SH,20260814,,0,0.0,,,0.0
508602.SH,20260814,,0,0.0,,,0.0
508603.SH,20260814,,0,0.0,,,0.0
510010.SH,20260814,,0,0.0,,,0.0
510020.SH,20260814,,0,0.0,,,0.0
510030.SH,20260814,,0,0.0,,,0.0
510040.SH,20260814,,0,0.0,,,0.0
510050.SH,20260814,3.043,1048600,3190890.0,,,0.0
510060.SH,20260814,,0,0.0,,,0.0
510090.SH,20260814,,0,0.0,,,0.0
510100.SH,20260814,2.99204,5400,16157.0,,,0.0
510130.SH,20260814,7.354,500,3677.0,,,0.0
510140.SH,20260814,1.015,158400,160776.0,,,0.0
510150.SH,20260814,0.517,61000,31537.0,,,0.0
510160.SH,20260814,,0,0.0,,,0.0
510170.SH,20260814,1.353,32000,43296.0,,,0.0
510180.SH,20260814,4.004,47700,190991.0,,,0.0
510190.SH,20260814,,0,0.0,,,0.0
510200.SH,20260814,,0,0.0,,,0.0
510210.SH,20260814,1.004,4121642,4138129.0,,,0.0
510230.SH,20260814,1.29801,55700,72299.0,,,0.0
510270.SH,20260814,,0,0.0,,,0.0
510290.SH,20260814,,0,0.0,,,0.0
510300.SH,20260814,4.737,1760800,8340910.0,,,0.0
510310.SH,20260814,4.594,110741,508744.0,,,0.0
510320.SH,20260814,,0,0.0,,,0.0
510330.SH,20260814,4.938,150200,741688.0,,,0.0
510350.SH,20260814,,0,0.0,,,0.0
510360.SH,20260814,1.805,61200,110466.0,,,0.0
510370.SH,20260814,,0,0.0,,,0.0
510380.SH,20260814,,0,0.0,,,0.0
510390.SH,20260814,,0,0.0,,,0.0
510410.SH,20260814,1.895,10800,20466.0,,,0.0
510500.SH,20260814,8.0,928794,7430352.0,,,0.0
510510.SH,20260814,2.58504,13100,33864.0,,,0.0
510530.SH,20260814,,0,0.0,,,0.0
510550.SH,20260814,,0,0.0,,,0.0
510560.SH,20260814,,0,0.0,,,0.0
510570.SH,20260814,,0,0.0,,,0.0
510580.SH,20260814,4.19,40000,167600.0,,,0.0
510590.SH,20260814,,0,0.0,,,0.0
510600.SH,20260814,,0,0.0,,,0.0
510630.SH,20260814,0.835966,11900,9948.0,,,0.0
510650.SH,20260814,,0,0.0,,,0.0
510660.SH,20260814,2.64397,7300,19301.0,,,0.0
510670.SH,20260814,,0,0.0,,,0.0
510680.SH,20260814,,0,0.0,,,0.0
510710.SH,20260814,,0,0.0,,,0.0
510720.SH,20260814,1.025,40000,41000.0,,,0.0
510760.SH,20260814,1.326,1032400,1368962.0,,,0.0
510770.SH,20260814,0.915,6000,5490.0,,,0.0
510800.SH,20260814,1.39906,3200,4477.0,,,0.0
510810.SH,20260814,,0,0.0,,,0.0
510850.SH,20260814,3.606,500,1803.0,,,0.0
510880.SH,20260814,3.269,878700,2872470.0,,,0.0
510900.SH,20260814,1.036,123700,128153.0,,,0.0
510910.SH,20260814,0.979,63000,61677.0,,,0.0
510950.SH,20260814,,0,0.0,,,0.0
510980.SH,20260814,1.395,352000,491040.0,,,0.0
510990.SH,20260814,,0,0.0,,,0.0
511010.SH,20260814,141.133,1000,141133.0,,,0.0
511020.SH,20260814,118.07,1400,165298.0,,,0.0
511030.SH,20260814,,0,0.0,,,0.0
511060.SH,20260814,108.63,200,21726.0,,,0.0
511070.SH,20260814,,0,0.0,,,0.0
511090.SH,20260814,119.375,50300,6004563.0,,,0.0
511100.SH,20260814,,0,0.0,,,0.0
511110.SH,20260814,,0,0.0,,,0.0
511120.SH,20260814,,0,0.0,,,0.0
511130.SH,20260814,109.0,8500,926500.0,,,0.0
511150.SH,20260814,,0,0.0,,,0.0
511160.SH,20260814,102.012,800,81610.0,,,0.0
511180.SH,20260814,12.624,128900,1627234.0,,,0.0
511190.SH,20260814,102.625,200,20525.0,,,0.0
511200.SH,20260814,103.16,8500,876860.0,,,0.0
511220.SH,20260814,10.398,59600,619721.0,,,0.0
511260.SH,20260814,135.643,14300,1939695.0,,,0.0
511270.SH,20260814,121.163,700,84814.0,,,0.0
511360.SH,20260814,113.805,2294900,261171095.0,,,0.0
511380.SH,20260814,13.719,723900,9931184.0,,,0.0
511520.SH,20260814,118.404,10300,1219561.0,,,0.0
511580.SH,20260814,109.614,7900,865951.0,,,0.0
511600.SH,20260814,100.0,200,20000.0,,,0.0
511620.SH,20260814,100.007,400,40003.0,,,0.0
511650.SH,20260814,,0,0.0,,,0.0
511660.SH,20260814,100.006,2401,240114.0,,,0.0
511670.SH,20260814,,0,0.0,,,0.0
511690.SH,20260814,100.01,100,10001.0,,,0.0
511700.SH,20260814,100.011,26160,2616288.0,,,0.0
511770.SH,20260814,,0,0.0,,,0.0
511800.SH,20260814,,0,0.0,,,0.0
511810.SH,20260814,100.005,2400,240012.0,,,0.0
511820.SH,20260814,,0,0.0,,,0.0
511830.SH,20260814,,0,0.0,,,0.0
511850.SH,20260814,100.008,12000,1200096.0,,,0.0
511860.SH,20260814,,0,0.0,,,0.0
511880.SH,20260814,100.707,3258130,328116498.0,,,0.0
511900.SH,20260814,,0,0.0,,,0.0
511910.SH,20260814,,0,0.0,,,0.0
511920.SH,20260814,,0,0.0,,,0.0
511930.SH,20260814,,0,0.0,,,0.0
511950.SH,20260814,,0,0.0,,,0.0
511960.SH,20260814,,0,0.0,,,0.0
511970.SH,20260814,100.005,200,20001.0,,,0.0
511980.SH,20260814,,0,0.0,,,0.0
511990.SH,20260814,100.003,6500762,650095702.0,,,0.0
512000.SH,20260814,0.525,3165100,1661678.0,,,0.0
512010.SH,20260814,0.4,4561500,1824600.0,,,0.0
512020.SH,20260814,,0,0.0,,,0.0
512030.SH,20260814,,0,0.0,,,0.0
512040.SH,20260814,1.20901,43400,52471.0,,,0.0
512050.SH,20260814,1.233,320600,395300.0,,,0.0
512060.SH,20260814,,0,0.0,,,0.0
512070.SH,20260814,0.793,1238300,981972.0,,,0.0
512080.SH,20260814,,0,0.0,,,0.0
512090.SH,20260814,,0,0.0,,,0.0
512100.SH,20260814,3.14,3361000,10553540.0,,,0.0
512120.SH,20260814,0.5,170200,85100.0,,,0.0
512130.SH,20260814,,0,0.0,,,0.0
512140.SH,20260814,,0,0.0,,,0.0
512150.SH,20260814,,0,0.0,,,0.0
512160.SH,20260814,,0,0.0,,,0.0
512170.SH,20260814,0.354,5532766,1958599.0,,,0.0
512180.SH,20260814,,0,0.0,,,0.0
512190.SH,20260814,,0,0.0,,,0.0
512200.SH,20260814,1.235,360700,445465.0,,,0.0
512220.SH,20260814,3.96,5100,20196.0,,,0.0
512240.SH,20260814,,0,0.0,,,0.0
512250.SH,20260814,,0,0.0,,,0.0
512260.SH,20260814,,0,0.0,,,0.0
512290.SH,20260814,1.098,715000,785070.0,,,0.0
512330.SH,20260814,1.90885,2600,4963.0,,,0.0
512360.SH,20260814,,0,0.0,,,0.0
512370.SH,20260814,,0,0.0,,,0.0
512380.SH,20260814,,0,0.0,,,0.0
512390.SH,20260814,,0,0.0,,,0.0
512400.SH,20260814,1.849,3347400,6189343.0,,,0.0
512410.SH,20260814,1.072,222700,238734.0,,,0.0
512420.SH,20260814,,0,0.0,,,0.0
512430.SH,20260814,,0,0.0,,,0.0
512450.SH,20260814,,0,0.0,,,0.0
512460.SH,20260814,0.886999,100300,88966.0,,,0.0
512480.SH,20260814,1.082,8444000,9136408.0,,,0.0
512500.SH,20260814,4.521,79800,360776.0,,,0.0
512510.SH,20260814,2.39097,6200,14824.0,,,0.0
512520.SH,20260814,,0,0.0,,,0.0
512530.SH,20260814,,0,0.0,,,0.0
512550.SH,20260814,1.849,3000,5547.0,,,0.0
512560.SH,20260814,0.72,169100,121752.0,,,0.0
512570.SH,20260814,1.109,1143700,1268363.0,,,0.0
512580.SH,20260814,1.22098,12200,14896.0,,,0.0
512600.SH,20260814,0.585,29200,17082.0,,,0.0
512620.SH,20260814,,0,0.0,,,0.0
512630.SH,20260814,1.144,340000,388960.0,,,0.0
512640.SH,20260814,,0,0.0,,,0.0
512650.SH,20260814,,0,0.0,,,0.0
512660.SH,20260814,1.149,885500,1017440.0,,,0.0
512670.SH,20260814,0.770996,109400,84347.0,,,0.0
512680.SH,20260814,1.174,41000,48134.0,,,0.0
512690.SH,20260814,0.449,17956900,8062648.0,,,0.0
512700.SH,20260814,1.48,100,148.0,,,0.0
512710.SH,20260814,0.624,1738000,1084512.0,,,0.0
512720.SH,20260814,1.22101,33500,40904.0,,,0.0
512730.SH,20260814,1.64505,10500,17273.0,,,0.0
512750.SH,20260814,1.42667,900,1284.0,,,0.0
512760.SH,20260814,1.156,2900700,3353209.0,,,0.0
512770.SH,20260814,2.67,400,1068.0,,,0.0
512800.SH,20260814,0.8,4711800,3769440.0,,,0.0
512810.SH,20260814,0.663,152000,100776.0,,,0.0
512820.SH,20260814,1.406,119100,167455.0,,,0.0
512870.SH,20260814,,0,0.0,,,0.0
512880.SH,20260814,1.099,10219355,11231071.0,,,0.0
512890.SH,20260814,1.157,4006200,4635173.0,,,0.0
512900.SH,20260814,1.09103,14500,15820.0,,,0.0
512910.SH,20260814,,0,0.0,,,0.0
512930.SH,20260814,0.652002,234800,153090.0,,,0.0
512940.SH,20260814,0.826994,63200,52266.0,,,0.0
512950.SH,20260814,1.50802,10100,15231.0,,,0.0
512960.SH,20260814,,0,0.0,,,0.0
512970.SH,20260814,,0,0.0,,,0.0
512980.SH,20260814,0.853,3139300,2677823.0,,,0.0
512990.SH,20260814,,0,0.0,,,0.0
513000.SH,20260814,2.379,354600,843593.0,,,0.0
513010.SH,20260814,0.621,6810900,4229569.0,,,0.0
513020.SH,20260814,0.971001,313800,304700.0,,,0.0
513030.SH,20260814,1.948,361200,703618.0,,,0.0
513040.SH,20260814,0.953,1936300,1845294.0,,,0.0
513050.SH,20260814,1.104,22867300,25245499.0,,,0.0
513060.SH,20260814,0.574,2410100,1383397.0,,,0.0
513070.SH,20260814,1.115,109100,121647.0,,,0.0
513080.SH,20260814,1.818,231800,421412.0,,,0.0
513090.SH,20260814,1.835,10878993,19962952.0,,,0.0
513110.SH,20260814,2.523,1387500,3500663.0,,,0.0
513120.SH,20260814,1.279,20695900,26470056.0,,,0.0
513130.SH,20260814,0.593,27924400,16559169.0,,,0.0
513140.SH,20260814,1.65796,5400,8953.0,,,0.0
513150.SH,20260814,0.983988,33600,33062.0,,,0.0
513160.SH,20260814,0.994,911900,906429.0,,,0.0
513170.SH,20260814,1.54,100,154.0,,,0.0
513180.SH,20260814,0.602,24340600,14653041.0,,,0.0
513190.SH,20260814,1.74,130600,227244.0,,,0.0
513200.SH,20260814,1.069,107600,115024.0,,,0.0
513210.SH,20260814,,0,0.0,,,0.0
513220.SH,20260814,0.976005,81100,79154.0,,,0.0
513230.SH,20260814,0.88,100,88.0,,,0.0
513240.SH,20260814,1.064,201500,214396.0,,,0.0
513260.SH,20260814,1.16,576100,668276.0,,,0.0
513280.SH,20260814,1.11799,18400,20571.0,,,0.0
513290.SH,20260814,1.667,675700,1126392.0,,,0.0
513300.SH,20260814,2.736,734500,2009592.0,,,0.0
513320.SH,20260814,1.10506,8500,9393.0,,,0.0
513330.SH,20260814,0.386,86154606,33255678.0,,,0.0
513350.SH,20260814,1.261,4739500,5976510.0,,,0.0
513360.SH,20260814,0.466999,662200,309247.0,,,0.0
513380.SH,20260814,0.547999,498300,273068.0,,,0.0
513390.SH,20260814,2.47,328700,811889.0,,,0.0
513400.SH,20260814,1.349,1087900,1467577.0,,,0.0
513500.SH,20260814,2.738,1351000,3699038.0,,,0.0
513520.SH,20260814,2.368,960400,2274227.0,,,0.0
513530.SH,20260814,1.569,329200,516515.0,,,0.0
513550.SH,20260814,1.11602,10800,12053.0,,,0.0
513560.SH,20260814,1.157,121200,140228.0,,,0.0
513580.SH,20260814,0.6,522300,313380.0,,,0.0
513590.SH,20260814,,0,0.0,,,0.0
513600.SH,20260814,2.75,117200,322300.0,,,0.0
513620.SH,20260814,,0,0.0,,,0.0
513630.SH,20260814,1.568,272200,426810.0,,,0.0
513650.SH,20260814,2.035,927500,1887463.0,,,0.0
513660.SH,20260814,1.487,223500,332345.0,,,0.0
513690.SH,20260814,1.117,110400,123317.0,,,0.0
513700.SH,20260814,0.633999,331300,210044.0,,,0.0
513720.SH,20260814,0.68,100,68.0,,,0.0
513730.SH,20260814,1.189,223300,265504.0,,,0.0
513750.SH,20260814,1.483,1126200,1670155.0,,,0.0
513770.SH,20260814,0.363,7419200,2693170.0,,,0.0
513780.SH,20260814,1.667,1082200,1804027.0,,,0.0
513800.SH,20260814,1.929,153300,295716.0,,,0.0
513810.SH,20260814,,0,0.0,,,0.0
513820.SH,20260814,1.21299,11700,14192.0,,,0.0
513830.SH,20260814,,0,0.0,,,0.0
513850.SH,20260814,1.861,913700,1700396.0,,,0.0
513860.SH,20260814,0.62,1114800,691176.0,,,0.0
513870.SH,20260814,2.097,1003400,2104130.0,,,0.0
513880.SH,20260814,2.212,610600,1350647.0,,,0.0
513890.SH,20260814,0.922016,12400,11433.0,,,0.0
513900.SH,20260814,0.995926,5400,5378.0,,,0.0
513910.SH,20260814,1.50593,2700,4066.0,,,0.0
513920.SH,20260814,1.51088,3400,5137.0,,,0.0
513930.SH,20260814,1.03594,3200,3315.0,,,0.0
513950.SH,20260814,1.249,21900,27353.0,,,0.0
513970.SH,20260814,0.830997,71200,59167.0,,,0.0
513980.SH,20260814,0.622,927600,576967.0,,,0.0
513990.SH,20260814,1.114,8000,8912.0,,,0.0
515000.SH,20260814,1.327,148400,196927.0,,,0.0
515010.SH,20260814,1.265,124900,157999.0,,,0.0
515020.SH,20260814,1.715,123000,210945.0,,,0.0
515030.SH,20260814,1.667,58400,97353.0,,,0.0
515040.SH,20260814,1.057,54400,57501.0,,,0.0
515050.SH,20260814,1.059,4758695,5039458.0,,,0.0
515060.SH,20260814,0.593996,45800,27205.0,,,0.0
515070.SH,20260814,1.167,505900,590385.0,,,0.0
515080.SH,20260814,1.549,545500,844980.0,,,0.0
515090.SH,20260814,,0,0.0,,,0.0
515100.SH,20260814,1.406,156900,220601.0,,,0.0
515110.SH,20260814,,0,0.0,,,0.0
515120.SH,20260814,0.692,4228900,2926399.0,,,0.0
515130.SH,20260814,1.56,1000,1560.0,,,0.0
515150.SH,20260814,,0,0.0,,,0.0
515160.SH,20260814,,0,0.0,,,0.0
515170.SH,20260814,0.482,415900,200464.0,,,0.0
515180.SH,20260814,1.404,603600,847454.0,,,0.0
515190.SH,20260814,,0,0.0,,,0.0
515200.SH,20260814,2.60895,1900,4957.0,,,0.0
515210.SH,20260814,1.151,133700,153889.0,,,0.0
515220.SH,20260814,1.24,4450700,5518868.0,,,0.0
515230.SH,20260814,0.719,1666300,1198070.0,,,0.0
515250.SH,20260814,0.958996,80700,77391.0,,,0.0
515260.SH,20260814,0.885,450000,398250.0,,,0.0
515290.SH,20260814,1.438,184700,265599.0,,,0.0
515300.SH,20260814,1.285,80200,103057.0,,,0.0
515310.SH,20260814,1.40401,59400,83398.0,,,0.0
515320.SH,20260814,1.61,200,322.0,,,0.0
515330.SH,20260814,1.36,100,136.0,,,0.0
515350.SH,20260814,,0,0.0,,,0.0
515360.SH,20260814,,0,0.0,,,0.0
515370.SH,20260814,0.827019,10400,8601.0,,,0.0
515380.SH,20260814,,0,0.0,,,0.0
515390.SH,20260814,,0,0.0,,,0.0
515400.SH,20260814,0.901,626900,564837.0,,,0.0
515450.SH,20260814,1.398,145900,203968.0,,,0.0
515460.SH,20260814,0.916,1500,1374.0,,,0.0
515480.SH,20260814,,0,0.0,,,0.0
515530.SH,20260814,,0,0.0,,,0.0
515550.SH,20260814,,0,0.0,,,0.0
515560.SH,20260814,,0,0.0,,,0.0
515580.SH,20260814,,0,0.0,,,0.0
515590.SH,20260814,2.05,1200,2460.0,,,0.0
515600.SH,20260814,,0,0.0,,,0.0
515630.SH,20260814,1.274,69000,87906.0,,,0.0
515640.SH,20260814,,0,0.0,,,0.0
515650.SH,20260814,1.075,940800,1011360.0,,,0.0
515660.SH,20260814,,0,0.0,,,0.0
515680.SH,20260814,,0,0.0,,,0.0
515700.SH,20260814,2.222,500,1111.0,,,0.0
515710.SH,20260814,0.515,57600,29664.0,,,0.0
515720.SH,20260814,0.71,130000,92300.0,,,0.0
515730.SH,20260814,,0,0.0,,,0.0
515750.SH,20260814,,0,0.0,,,0.0
515760.SH,20260814,,0,0.0,,,0.0
515770.SH,20260814,,0,0.0,,,0.0
515790.SH,20260814,0.864,1103600,953510.0,,,0.0
515800.SH,20260814,1.305,46200,60291.0,,,0.0
515810.SH,20260814,,0,0.0,,,0.0
515840.SH,20260814,,0,0.0,,,0.0
515850.SH,20260814,1.374,87400,120088.0,,,0.0
515860.SH,20260814,2.158,500,1079.0,,,0.0
515880.SH,20260814,0.672,23224100,15606595.0,,,0.0
515890.SH,20260814,,0,0.0,,,0.0
515900.SH,20260814,1.654,5000,8270.0,,,0.0
515910.SH,20260814,,0,0.0,,,0.0
515920.SH,20260814,1.23,100,123.0,,,0.0
515950.SH,20260814,0.992041,4900,4861.0,,,0.0
515960.SH,20260814,0.886667,300,266.0,,,0.0
515970.SH,20260814,0.862222,900,776.0,,,0.0
515980.SH,20260814,1.072,492600,528067.0,,,0.0
515990.SH,20260814,,0,0.0,,,0.0
516000.SH,20260814,0.990995,79400,78685.0,,,0.0
516010.SH,20260814,1.117,247800,276793.0,,,0.0
516020.SH,20260814,0.854,35000,29890.0,,,0.0
516050.SH,20260814,1.43,500,715.0,,,0.0
516060.SH,20260814,0.641999,292700,187913.0,,,0.0
516070.SH,20260814,0.594,500,297.0,,,0.0
516080.SH,20260814,0.738,1564300,1154453.0,,,0.0
516090.SH,20260814,0.509015,27400,13947.0,,,0.0
516100.SH,20260814,1.051,239000,251189.0,,,0.0
516110.SH,20260814,1.12699,25600,28851.0,,,0.0
516120.SH,20260814,0.875004,123900,108413.0,,,0.0
516130.SH,20260814,0.691966,11700,8096.0,,,0.0
516150.SH,20260814,1.763,167200,294774.0,,,0.0
516160.SH,20260814,2.562,110200,282332.0,,,0.0
516180.SH,20260814,,0,0.0,,,0.0
516190.SH,20260814,1.027,83200,85446.0,,,0.0
516200.SH,20260814,,0,0.0,,,0.0
516210.SH,20260814,,0,0.0,,,0.0
516220.SH,20260814,,0,0.0,,,0.0
516230.SH,20260814,0.799001,200200,159960.0,,,0.0
516250.SH,20260814,,0,0.0,,,0.0
516260.SH,20260814,,0,0.0,,,0.0
516270.SH,20260814,0.605007,74100,44831.0,,,0.0
516290.SH,20260814,0.535009,53700,28730.0,,,0.0
516300.SH,20260814,3.24304,2300,7459.0,,,0.0
516310.SH,20260814,1.326,314702,417295.0,,,0.0
516320.SH,20260814,,0,0.0,,,0.0
516330.SH,20260814,1.67619,2100,3520.0,,,0.0
516350.SH,20260814,1.72,283400,487448.0,,,0.0
516360.SH,20260814,1.075,400,430.0,,,0.0
516370.SH,20260814,0.941994,72200,68012.0,,,0.0
516380.SH,20260814,,0,0.0,,,0.0
516390.SH,20260814,0.885862,2900,2569.0,,,0.0
516440.SH,20260814,,0,0.0,,,0.0
516460.SH,20260814,,0,0.0,,,0.0
516500.SH,20260814,0.676818,2200,1489.0,,,0.0
516510.SH,20260814,1.744,881800,1537859.0,,,0.0
516520.SH,20260814,1.078,95900,103380.0,,,0.0
516530.SH,20260814,,0,0.0,,,0.0
516550.SH,20260814,0.707998,179300,126944.0,,,0.0
516560.SH,20260814,0.775,38400,29760.0,,,0.0
516570.SH,20260814,1.01205,4400,4453.0,,,0.0
516580.SH,20260814,,0,0.0,,,0.0
516590.SH,20260814,,0,0.0,,,0.0
516600.SH,20260814,,0,0.0,,,0.0
516610.SH,20260814,0.439003,102300,44910.0,,,0.0
516620.SH,20260814,0.857999,279300,239639.0,,,0.0
516630.SH,20260814,1.705,215800,367939.0,,,0.0
516640.SH,20260814,1.521,183500,279104.0,,,0.0
516650.SH,20260814,1.813,518200,939497.0,,,0.0
516660.SH,20260814,,0,0.0,,,0.0
516670.SH,20260814,0.61,50600,30866.0,,,0.0
516700.SH,20260814,0.939,153000,143667.0,,,0.0
516710.SH,20260814,,0,0.0,,,0.0
516720.SH,20260814,,0,0.0,,,0.0
516730.SH,20260814,,0,0.0,,,0.0
516750.SH,20260814,0.584444,900,526.0,,,0.0
516760.SH,20260814,,0,0.0,,,0.0
516770.SH,20260814,1.17901,68400,80644.0,,,0.0
516780.SH,20260814,0.858002,108100,92750.0,,,0.0
516790.SH,20260814,0.527993,54300,28670.0,,,0.0
516800.SH,20260814,1.0,700,700.0,,,0.0
516810.SH,20260814,0.7425,400,297.0,,,0.0
516820.SH,20260814,0.366,472500,172935.0,,,0.0
516830.SH,20260814,,0,0.0,,,0.0
516840.SH,20260814,,0,0.0,,,0.0
516850.SH,20260814,0.948,1000,948.0,,,0.0
516860.SH,20260814,1.088,311200,338586.0,,,0.0
516880.SH,20260814,0.735985,13700,10083.0,,,0.0
516890.SH,20260814,,0,0.0,,,0.0
516900.SH,20260814,0.513008,24600,12620.0,,,0.0
516910.SH,20260814,1.15,35900,41285.0,,,0.0
516920.SH,20260814,1.478,68400,101095.0,,,0.0
516930.SH,20260814,,0,0.0,,,0.0
516950.SH,20260814,,0,0.0,,,0.0
516960.SH,20260814,,0,0.0,,,0.0
516970.SH,20260814,1.10999,38940,43223.0,,,0.0
516980.SH,20260814,1.085,200,217.0,,,0.0
517000.SH,20260814,,0,0.0,,,0.0
517010.SH,20260814,,0,0.0,,,0.0
517030.SH,20260814,,0,0.0,,,0.0
517050.SH,20260814,,0,0.0,,,0.0
517080.SH,20260814,,0,0.0,,,0.0
517090.SH,20260814,,0,0.0,,,0.0
517100.SH,20260814,,0,0.0,,,0.0
517110.SH,20260814,0.807998,239300,193354.0,,,0.0
517120.SH,20260814,0.772001,185900,143515.0,,,0.0
517130.SH,20260814,0.981998,82600,81113.0,,,0.0
517160.SH,20260814,,0,0.0,,,0.0
517170.SH,20260814,,0,0.0,,,0.0
517180.SH,20260814,1.482,500,741.0,,,0.0
517200.SH,20260814,,0,0.0,,,0.0
517300.SH,20260814,,0,0.0,,,0.0
517330.SH,20260814,,0,0.0,,,0.0
517350.SH,20260814,,0,0.0,,,0.0
517360.SH,20260814,,0,0.0,,,0.0
517380.SH,20260814,0.891999,525200,468478.0,,,0.0
517390.SH,20260814,1.976,12500,24700.0,,,0.0
517400.SH,20260814,1.523,2089900,3182918.0,,,0.0
517520.SH,20260814,1.94,5606700,10876998.0,,,0.0
517550.SH,20260814,,0,0.0,,,0.0
517660.SH,20260814,,0,0.0,,,0.0
517770.SH,20260814,0.92,22600,20792.0,,,0.0
517800.SH,20260814,,0,0.0,,,0.0
517850.SH,20260814,,0,0.0,,,0.0
517880.SH,20260814,,0,0.0,,,0.0
517900.SH,20260814,1.5,5800,8700.0,,,0.0
517950.SH,20260814,,0,0.0,,,0.0
517990.SH,20260814,,0,0.0,,,0.0
518600.SH,20260814,9.28202,25300,234835.0,,,0.0
518660.SH,20260814,8.936,94700,846239.0,,,0.0
518680.SH,20260814,9.325,35400,330105.0,,,0.0
518800.SH,20260814,9.331,122959,1147330.0,,,0.0
518850.SH,20260814,9.01,275600,2483156.0,,,0.0
518860.SH,20260814,8.98,1000,8980.0,,,0.0
518880.SH,20260814,8.906,3132400,27897154.0,,,0.0
518890.SH,20260814,8.97194,3600,32299.0,,,0.0
520500.SH,20260814,1.437,2266100,3256386.0,,,0.0
520510.SH,20260814,0.941005,64700,60883.0,,,0.0
520520.SH,20260814,,0,0.0,,,0.0
520530.SH,20260814,0.833034,14500,12079.0,,,0.0
520550.SH,20260814,1.085,68600,74431.0,,,0.0
520560.SH,20260814,0.82,100,82.0,,,0.0
520570.SH,20260814,0.763032,15500,11827.0,,,0.0
520580.SH,20260814,0.957007,13700,13111.0,,,0.0
520590.SH,20260814,0.815455,1100,897.0,,,0.0
520600.SH,20260814,1.036,293900,304480.0,,,0.0
520610.SH,20260814,,0,0.0,,,0.0
520620.SH,20260814,,0,0.0,,,0.0
520630.SH,20260814,0.686016,25600,17562.0,,,0.0
520650.SH,20260814,0.616996,75900,46830.0,,,0.0
520660.SH,20260814,0.956066,6100,5832.0,,,0.0
520670.SH,20260814,0.81,179100,145071.0,,,0.0
520680.SH,20260814,0.83,15500,12865.0,,,0.0
520690.SH,20260814,0.751999,370100,278315.0,,,0.0
520700.SH,20260814,1.598,585400,935469.0,,,0.0
520710.SH,20260814,0.95,104000,98800.0,,,0.0
520720.SH,20260814,0.765,5400,4131.0,,,0.0
520730.SH,20260814,,0,0.0,,,0.0
520740.SH,20260814,0.95,2800,2660.0,,,0.0
520750.SH,20260814,0.938007,58200,54592.0,,,0.0
520760.SH,20260814,0.968235,1700,1646.0,,,0.0
520770.SH,20260814,,0,0.0,,,0.0
520780.SH,20260814,0.84,100,84.0,,,0.0
520790.SH,20260814,,0,0.0,,,0.0
520810.SH,20260814,,0,0.0,,,0.0
520820.SH,20260814,,0,0.0,,,0.0
520830.SH,20260814,0.891003,115700,103089.0,,,0.0
520840.SH,20260814,0.795122,4100,3260.0,,,0.0
520850.SH,20260814,0.895,115800,103641.0,,,0.0
520860.SH,20260814,0.814,26500,21571.0,,,0.0
520870.SH,20260814,1.054,250800,264343.0,,,0.0
520880.SH,20260814,0.463,3129600,1449005.0,,,0.0
520890.SH,20260814,,0,0.0,,,0.0
520900.SH,20260814,0.973991,21800,21233.0,,,0.0
520910.SH,20260814,0.656667,300,197.0,,,0.0
520920.SH,20260814,0.705999,419900,296449.0,,,0.0
520930.SH,20260814,0.972,89000,86508.0,,,0.0
520940.SH,20260814,,0,0.0,,,0.0
520950.SH,20260814,0.841948,7700,6483.0,,,0.0
520960.SH,20260814,,0,0.0,,,0.0
520970.SH,20260814,0.895998,188400,168806.0,,,0.0
520980.SH,20260814,0.9,274400,246960.0,,,0.0
520990.SH,20260814,0.952,38500,36652.0,,,0.0
526000.SH,20260814,1.244,986100,1226708.0,,,0.0
526010.SH,20260814,,0,0.0,,,0.0
526030.SH,20260814,0.912997,155800,142245.0,,,0.0
526050.SH,20260814,1.117,142400,159061.0,,,0.0
526070.SH,20260814,,0,0.0,,,0.0
530000.SH,20260814,,0,0.0,,,0.0
530050.SH,20260814,1.19,1100,1309.0,,,0.0
530060.SH,20260814,0.993001,337200,334840.0,,,0.0
530080.SH,20260814,,0,0.0,,,0.0
530100.SH,20260814,,0,0.0,,,0.0
530180.SH,20260814,,0,0.0,,,0.0
530280.SH,20260814,,0,0.0,,,0.0
530300.SH,20260814,,0,0.0,,,0.0
530380.SH,20260814,,0,0.0,,,0.0
530530.SH,20260814,,0,0.0,,,0.0
530580.SH,20260814,,0,0.0,,,0.0
530680.SH,20260814,1.17667,300,353.0,,,0.0
530800.SH,20260814,,0,0.0,,,0.0
530880.SH,20260814,,0,0.0,,,0.0
551000.SH,20260814,,0,0.0,,,0.0
551030.SH,20260814,,0,0.0,,,0.0
551060.SH,20260814,,0,0.0,,,0.0
551300.SH,20260814,,0,0.0,,,0.0
551500.SH,20260814,,0,0.0,,,0.0
551510.SH,20260814,102.273,15900,1626141.0,,,0.0
551520.SH,20260814,,0,0.0,,,0.0
551550.SH,20260814,,0,0.0,,,0.0
551560.SH,20260814,,0,0.0,,,0.0
551580.SH,20260814,,0,0.0,,,0.0
551800.SH,20260814,,0,0.0,,,0.0
551900.SH,20260814,,0,0.0,,,0.0
560010.SH,20260814,3.209,116400,373528.0,,,0.0
560020.SH,20260814,,0,0.0,,,0.0
560030.SH,20260814,,0,0.0,,,0.0
560050.SH,20260814,1.11399,36300,40438.0,,,0.0
560060.SH,20260814,,0,0.0,,,0.0
560070.SH,20260814,1.145,200,229.0,,,0.0
560080.SH,20260814,1.001,216100,216316.0,,,0.0
560090.SH,20260814,1.18299,76800,90854.0,,,0.0
560100.SH,20260814,1.34692,1300,1751.0,,,0.0
560110.SH,20260814,1.16301,64200,74665.0,,,0.0
560120.SH,20260814,1.21198,8600,10423.0,,,0.0
560130.SH,20260814,,0,0.0,,,0.0
560150.SH,20260814,,0,0.0,,,0.0
560160.SH,20260814,0.93,100,93.0,,,0.0
560170.SH,20260814,1.27502,25900,33023.0,,,0.0
560180.SH,20260814,,0,0.0,,,0.0
560190.SH,20260814,,0,0.0,,,0.0
560210.SH,20260814,0.796,148500,118206.0,,,0.0
560220.SH,20260814,1.43,200,286.0,,,0.0
560230.SH,20260814,,0,0.0,,,0.0
560250.SH,20260814,,0,0.0,,,0.0
560260.SH,20260814,0.89399,40100,35849.0,,,0.0
560270.SH,20260814,0.9692,2500,2423.0,,,0.0
560280.SH,20260814,1.553,56700,88055.0,,,0.0
560290.SH,20260814,0.81507,7100,5787.0,,,0.0
560300.SH,20260814,,0,0.0,,,0.0
560310.SH,20260814,0.8,400,320.0,,,0.0
560320.SH,20260814,,0,0.0,,,0.0
560330.SH,20260814,,0,0.0,,,0.0
560350.SH,20260814,,0,0.0,,,0.0
560360.SH,20260814,1.272,100900,128345.0,,,0.0
560370.SH,20260814,0.903333,300,271.0,,,0.0
560380.SH,20260814,,0,0.0,,,0.0
560390.SH,20260814,0.886001,546600,484288.0,,,0.0
560400.SH,20260814,0.995048,10500,10448.0,,,0.0
560410.SH,20260814,,0,0.0,,,0.0
560420.SH,20260814,0.94,15400,14476.0,,,0.0
560450.SH,20260814,0.96,100,96.0,,,0.0
560460.SH,20260814,,0,0.0,,,0.0
560470.SH,20260814,0.88,50700,44616.0,,,0.0
560480.SH,20260814,0.914,14500,13253.0,,,0.0
560490.SH,20260814,,0,0.0,,,0.0
560500.SH,20260814,,0,0.0,,,0.0
560510.SH,20260814,1.20502,29300,35307.0,,,0.0
560520.SH,20260814,,0,0.0,,,0.0
560530.SH,20260814,1.236,50000,61800.0,,,0.0
560550.SH,20260814,,0,0.0,,,0.0
560560.SH,20260814,,0,0.0,,,0.0
560570.SH,20260814,1.0,100,100.0,,,0.0
560580.SH,20260814,1.125,10800,12150.0,,,0.0
560590.SH,20260814,,0,0.0,,,0.0
560610.SH,20260814,1.20667,600,724.0,,,0.0
560620.SH,20260814,,0,0.0,,,0.0
560630.SH,20260814,1.13,100,113.0,,,0.0
560660.SH,20260814,1.128,27000,30456.0,,,0.0
560670.SH,20260814,1.0332,2500,2583.0,,,0.0
560680.SH,20260814,0.74601,40600,30288.0,,,0.0
560690.SH,20260814,,0,0.0,,,0.0
560700.SH,20260814,1.17182,1100,1289.0,,,0.0
560710.SH,20260814,0.893999,266300,238072.0,,,0.0
560720.SH,20260814,,0,0.0,,,0.0
560730.SH,20260814,,0,0.0,,,0.0
560750.SH,20260814,,0,0.0,,,0.0
560770.SH,20260814,,0,0.0,,,0.0
560780.SH,20260814,1.096,2648500,2902756.0,,,0.0
560790.SH,20260814,,0,0.0,,,0.0
560800.SH,20260814,1.216,20000,24320.0,,,0.0
560810.SH,20260814,,0,0.0,,,0.0
560820.SH,20260814,,0,0.0,,,0.0
560830.SH,20260814,0.92,82300,75716.0,,,0.0
560850.SH,20260814,1.39333,300,418.0,,,0.0
560860.SH,20260814,1.59,463300,736647.0,,,0.0
560870.SH,20260814,,0,0.0,,,0.0
560880.SH,20260814,,0,0.0,,,0.0
560900.SH,20260814,0.995003,164900,164076.0,,,0.0
560910.SH,20260814,0.79,25600,20224.0,,,0.0
560920.SH,20260814,,0,0.0,,,0.0
560930.SH,20260814,0.905005,94700,85704.0,,,0.0
560950.SH,20260814,,0,0.0,,,0.0
560970.SH,20260814,,0,0.0,,,0.0
560980.SH,20260814,0.662006,30900,20456.0,,,0.0
560990.SH,20260814,,0,0.0,,,0.0
561000.SH,20260814,,0,0.0,,,0.0
561010.SH,20260814,0.895,197800,177031.0,,,0.0
561020.SH,20260814,,0,0.0,,,0.0
561030.SH,20260814,,0,0.0,,,0.0
561050.SH,20260814,0.885143,3500,3098.0,,,0.0
561060.SH,20260814,,0,0.0,,,0.0
561080.SH,20260814,,0,0.0,,,0.0
561090.SH,20260814,,0,0.0,,,0.0
561100.SH,20260814,1.67098,12300,20553.0,,,0.0
561120.SH,20260814,,0,0.0,,,0.0
561130.SH,20260814,,0,0.0,,,0.0
561160.SH,20260814,0.762994,34400,26247.0,,,0.0
561170.SH,20260814,1.169,120600,140981.0,,,0.0
561180.SH,20260814,,0,0.0,,,0.0
561190.SH,20260814,,0,0.0,,,0.0
561200.SH,20260814,,0,0.0,,,0.0
561220.SH,20260814,,0,0.0,,,0.0
561230.SH,20260814,,0,0.0,,,0.0
561250.SH,20260814,1.028,100200,103006.0,,,0.0
561260.SH,20260814,,0,0.0,,,0.0
561280.SH,20260814,,0,0.0,,,0.0
561300.SH,20260814,1.07299,23400,25108.0,,,0.0
561310.SH,20260814,,0,0.0,,,0.0
561320.SH,20260814,,0,0.0,,,0.0
561330.SH,20260814,0.943,183000,172569.0,,,0.0
561350.SH,20260814,,0,0.0,,,0.0
561360.SH,20260814,1.41,58400,82344.0,,,0.0
561370.SH,20260814,,0,0.0,,,0.0
561380.SH,20260814,0.75,183000,137250.0,,,0.0
561400.SH,20260814,,0,0.0,,,0.0
561420.SH,20260814,,0,0.0,,,0.0
561430.SH,20260814,1.05111,1800,1892.0,,,0.0
561450.SH,20260814,0.961,1000,961.0,,,0.0
561460.SH,20260814,0.847002,82400,69793.0,,,0.0
561470.SH,20260814,,0,0.0,,,0.0
561490.SH,20260814,,0,0.0,,,0.0
561500.SH,20260814,,0,0.0,,,0.0
561510.SH,20260814,,0,0.0,,,0.0
561550.SH,20260814,1.43201,36400,52125.0,,,0.0
561560.SH,20260814,1.29501,65500,84823.0,,,0.0
561570.SH,20260814,1.33667,300,401.0,,,0.0
561580.SH,20260814,1.216,212000,257792.0,,,0.0
561590.SH,20260814,1.503,16000,24048.0,,,0.0
561600.SH,20260814,0.761986,29200,22250.0,,,0.0
561620.SH,20260814,,0,0.0,,,0.0
561630.SH,20260814,,0,0.0,,,0.0
561660.SH,20260814,,0,0.0,,,0.0
561680.SH,20260814,,0,0.0,,,0.0
561700.SH,20260814,1.131,15000,16965.0,,,0.0
561750.SH,20260814,,0,0.0,,,0.0
561760.SH,20260814,,0,0.0,,,0.0
561770.SH,20260814,,0,0.0,,,0.0
561780.SH,20260814,,0,0.0,,,0.0
561790.SH,20260814,,0,0.0,,,0.0
561800.SH,20260814,1.02909,3300,3396.0,,,0.0
561810.SH,20260814,,0,0.0,,,0.0
561870.SH,20260814,,0,0.0,,,0.0
561880.SH,20260814,,0,0.0,,,0.0
561890.SH,20260814,1.02273,1100,1125.0,,,0.0
561900.SH,20260814,,0,0.0,,,0.0
561910.SH,20260814,0.756004,92600,70006.0,,,0.0
561920.SH,20260814,0.68,100,68.0,,,0.0
561930.SH,20260814,1.58625,1600,2538.0,,,0.0
561950.SH,20260814,,0,0.0,,,0.0
561960.SH,20260814,,0,0.0,,,0.0
561980.SH,20260814,0.724,2619600,1896590.0,,,0.0
561990.SH,20260814,,0,0.0,,,0.0
562000.SH,20260814,,0,0.0,,,0.0
562010.SH,20260814,,0,0.0,,,0.0
562030.SH,20260814,0.520833,1200,625.0,,,0.0
562050.SH,20260814,,0,0.0,,,0.0
562060.SH,20260814,0.612007,30400,18605.0,,,0.0
562070.SH,20260814,,0,0.0,,,0.0
562080.SH,20260814,0.6125,800,490.0,,,0.0
562300.SH,20260814,,0,0.0,,,0.0
562310.SH,20260814,1.09703,6400,7021.0,,,0.0
562320.SH,20260814,,0,0.0,,,0.0
562330.SH,20260814,,0,0.0,,,0.0
562340.SH,20260814,,0,0.0,,,0.0
562350.SH,20260814,1.123,75300,84562.0,,,0.0
562360.SH,20260814,1.08199,16100,17420.0,,,0.0
562380.SH,20260814,,0,0.0,,,0.0
562390.SH,20260814,0.922075,5300,4887.0,,,0.0
562500.SH,20260814,0.999,3237300,3234063.0,,,0.0
562510.SH,20260814,0.576005,84100,48442.0,,,0.0
562520.SH,20260814,,0,0.0,,,0.0
562530.SH,20260814,,0,0.0,,,0.0
562550.SH,20260814,1.161,129400,150233.0,,,0.0
562560.SH,20260814,,0,0.0,,,0.0
562570.SH,20260814,1.41101,16900,23846.0,,,0.0
562580.SH,20260814,,0,0.0,,,0.0
562590.SH,20260814,1.052,1970800,2073282.0,,,0.0
562600.SH,20260814,0.796667,600,478.0,,,0.0
562660.SH,20260814,1.855,129300,239852.0,,,0.0
562700.SH,20260814,1.23,4800,5904.0,,,0.0
562800.SH,20260814,0.953999,394600,376448.0,,,0.0
562810.SH,20260814,1.15391,2300,2654.0,,,0.0
562820.SH,20260814,1.00399,41600,41766.0,,,0.0
562850.SH,20260814,,0,0.0,,,0.0
562860.SH,20260814,0.68,500,340.0,,,0.0
562870.SH,20260814,0.930998,115200,107251.0,,,0.0
562880.SH,20260814,0.785044,11300,8871.0,,,0.0
562890.SH,20260814,,0,0.0,,,0.0
562900.SH,20260814,0.687992,24400,16787.0,,,0.0
562910.SH,20260814,0.855996,108400,92790.0,,,0.0
562920.SH,20260814,0.948,500,474.0,,,0.0
562930.SH,20260814,0.736,1624400,1195558.0,,,0.0
562950.SH,20260814,1.607,131300,210999.0,,,0.0
562960.SH,20260814,1.16399,79100,92072.0,,,0.0
562970.SH,20260814,1.01101,27700,28005.0,,,0.0
562990.SH,20260814,0.98,100,98.0,,,0.0
563000.SH,20260814,1.141,1000,1141.0,,,0.0
563010.SH,20260814,2.17619,2100,4570.0,,,0.0
563020.SH,20260814,1.148,740400,849979.0,,,0.0
563030.SH,20260814,1.59222,1800,2866.0,,,0.0
563050.SH,20260814,,0,0.0,,,0.0
563060.SH,20260814,,0,0.0,,,0.0
563080.SH,20260814,,0,0.0,,,0.0
563090.SH,20260814,,0,0.0,,,0.0
563150.SH,20260814,,0,0.0,,,0.0
563180.SH,20260814,,0,0.0,,,0.0
563200.SH,20260814,1.50901,49500,74696.0,,,0.0
563210.SH,20260814,2.054,64700,132894.0,,,0.0
563220.SH,20260814,1.29,966377,1246626.0,,,0.0
563230.SH,20260814,1.14,225900,257526.0,,,0.0
563280.SH,20260814,,0,0.0,,,0.0
563300.SH,20260814,1.423,3242900,4614647.0,,,0.0
563320.SH,20260814,0.865556,900,779.0,,,0.0
563330.SH,20260814,4.26004,4334,18463.0,,,0.0
563350.SH,20260814,,0,0.0,,,0.0
563360.SH,20260814,1.31,1780600,2332586.0,,,0.0
563380.SH,20260814,0.945013,39300,37139.0,,,0.0
563390.SH,20260814,,0,0.0,,,0.0
563500.SH,20260814,0.65,100,65.0,,,0.0
563510.SH,20260814,0.997857,2800,2794.0,,,0.0
563520.SH,20260814,,0,0.0,,,0.0
563530.SH,20260814,1.143,127400,145618.0,,,0.0
563550.SH,20260814,,0,0.0,,,0.0
563560.SH,20260814,,0,0.0,,,0.0
563570.SH,20260814,,0,0.0,,,0.0
563580.SH,20260814,,0,0.0,,,0.0
563590.SH,20260814,,0,0.0,,,0.0
563600.SH,20260814,,0,0.0,,,0.0
563620.SH,20260814,1.08,1100,1188.0,,,0.0
563630.SH,20260814,1.295,400,518.0,,,0.0
563650.SH,20260814,,0,0.0,,,0.0
563660.SH,20260814,,0,0.0,,,0.0
563670.SH,20260814,,0,0.0,,,0.0
563680.SH,20260814,,0,0.0,,,0.0
563690.SH,20260814,,0,0.0,,,0.0
563700.SH,20260814,1.03714,2100,2178.0,,,0.0
563750.SH,20260814,1.13333,900,1020.0,,,0.0
563760.SH,20260814,,0,0.0,,,0.0
563770.SH,20260814,1.18789,1900,2257.0,,,0.0
563780.SH,20260814,,0,0.0,,,0.0
563790.SH,20260814,0.857,279700,239703.0,,,0.0
563800.SH,20260814,,0,0.0,,,0.0
563830.SH,20260814,,0,0.0,,,0.0
563850.SH,20260814,0.957,10000,9570.0,,,0.0
563860.SH,20260814,,0,0.0,,,0.0
563870.SH,20260814,,0,0.0,,,0.0
563880.SH,20260814,1.27699,35200,44950.0,,,0.0
563890.SH,20260814,,0,0.0,,,0.0
563900.SH,20260814,1.153,6000,6918.0,,,0.0
563930.SH,20260814,,0,0.0,,,0.0
563960.SH,20260814,,0,0.0,,,0.0
563980.SH,20260814,,0,0.0,,,0.0
563990.SH,20260814,,0,0.0,,,0.0
588000.SH,20260814,1.832,18216600,33372811.0,,,0.0
588010.SH,20260814,1.093,1250100,1366359.0,,,0.0
588020.SH,20260814,0.86,723100,621866.0,,,0.0
588030.SH,20260814,1.82,443900,807898.0,,,0.0
588040.SH,20260814,1.765,10000,17650.0,,,0.0
588050.SH,20260814,1.773,369300,654769.0,,,0.0
588060.SH,20260814,1.099,4846700,5326523.0,,,0.0
588070.SH,20260814,2.20107,5600,12326.0,,,0.0
588080.SH,20260814,1.772,2556370,4529888.0,,,0.0
588090.SH,20260814,1.781,219900,391642.0,,,0.0
588100.SH,20260814,0.912039,10300,9394.0,,,0.0
588110.SH,20260814,0.63,169600,106848.0,,,0.0
588120.SH,20260814,0.925008,63300,58553.0,,,0.0
588130.SH,20260814,1.081,83100,89831.0,,,0.0
588140.SH,20260814,,0,0.0,,,0.0
588150.SH,20260814,1.22,100,122.0,,,0.0
588160.SH,20260814,1.123,314500,353184.0,,,0.0
588170.SH,20260814,1.02,44113883,44996161.0,,,0.0
588180.SH,20260814,1.128,82400,92947.0,,,0.0
588190.SH,20260814,1.81398,21600,39182.0,,,0.0
588200.SH,20260814,1.222,17160800,20970498.0,,,0.0
588210.SH,20260814,1.82111,2700,4917.0,,,0.0
588220.SH,20260814,1.815,794500,1442018.0,,,0.0
588230.SH,20260814,1.811,322200,583504.0,,,0.0
588240.SH,20260814,1.67167,600,1003.0,,,0.0
588250.SH,20260814,1.10501,34500,38123.0,,,0.0
588260.SH,20260814,2.63687,3200,8438.0,,,0.0
588270.SH,20260814,1.69902,8200,13932.0,,,0.0
588280.SH,20260814,1.24501,56300,70094.0,,,0.0
588290.SH,20260814,3.596,181600,653034.0,,,0.0
588300.SH,20260814,1.186,185900,220477.0,,,0.0
588310.SH,20260814,1.23104,6700,8248.0,,,0.0
588320.SH,20260814,1.82901,53300,97486.0,,,0.0
588330.SH,20260814,1.168,188200,219818.0,,,0.0
588350.SH,20260814,1.79,800,1432.0,,,0.0
588360.SH,20260814,1.259,126000,158634.0,,,0.0
588370.SH,20260814,1.84,300,552.0,,,0.0
588380.SH,20260814,1.173,70700,82931.0,,,0.0
588390.SH,20260814,1.25,700,875.0,,,0.0
588400.SH,20260814,1.16901,50400,58918.0,,,0.0
588410.SH,20260814,1.281,43000,55083.0,,,0.0
588420.SH,20260814,,0,0.0,,,0.0
588430.SH,20260814,1.275,3600,4590.0,,,0.0
588450.SH,20260814,2.22206,6300,13999.0,,,0.0
588460.SH,20260814,2.136,84500,180492.0,,,0.0
588470.SH,20260814,,0,0.0,,,0.0
588480.SH,20260814,0.936078,5100,4774.0,,,0.0
588500.SH,20260814,2.57603,7300,18805.0,,,0.0
588510.SH,20260814,0.892983,18100,16163.0,,,0.0
588520.SH,20260814,,0,0.0,,,0.0
588530.SH,20260814,0.973333,300,292.0,,,0.0
588550.SH,20260814,1.38727,1100,1526.0,,,0.0
588660.SH,20260814,,0,0.0,,,0.0
588670.SH,20260814,,0,0.0,,,0.0
588680.SH,20260814,,0,0.0,,,0.0
588690.SH,20260814,1.3,9800,12740.0,,,0.0
588700.SH,20260814,1.063,339600,360995.0,,,0.0
588710.SH,20260814,3.16,3906700,12345172.0,,,0.0
588720.SH,20260814,1.77,200,354.0,,,0.0
588730.SH,20260814,1.551,28900,44824.0,,,0.0
588750.SH,20260814,2.452,1473500,3613022.0,,,0.0
588760.SH,20260814,0.786999,174300,137174.0,,,0.0
588770.SH,20260814,1.92706,5100,9828.0,,,0.0
588780.SH,20260814,1.011,539600,545536.0,,,0.0
588790.SH,20260814,0.831,749000,622419.0,,,0.0
588800.SH,20260814,1.798,186500,335327.0,,,0.0
588810.SH,20260814,2.621,144600,378997.0,,,0.0
588820.SH,20260814,1.93901,20300,39362.0,,,0.0
588830.SH,20260814,1.245,177800,221361.0,,,0.0
588840.SH,20260814,1.598,7000,11186.0,,,0.0
588850.SH,20260814,1.895,134400,254688.0,,,0.0
588860.SH,20260814,0.708003,142200,100678.0,,,0.0
588870.SH,20260814,1.751,192200,336542.0,,,0.0
588880.SH,20260814,1.80198,11600,20903.0,,,0.0
588890.SH,20260814,4.15,131100,544065.0,,,0.0
588900.SH,20260814,1.85788,3300,6131.0,,,0.0
588910.SH,20260814,1.55,10100,15655.0,,,0.0
588920.SH,20260814,1.189,440400,523636.0,,,0.0
588930.SH,20260814,1.635,21600,35316.0,,,0.0
588940.SH,20260814,0.896001,380600,341018.0,,,0.0
588950.SH,20260814,1.819,123400,224465.0,,,0.0
588960.SH,20260814,1.14802,10600,12169.0,,,0.0
588980.SH,20260814,,0,0.0,,,0.0
588990.SH,20260814,3.82,31500,120330.0,,,0.0
589000.SH,20260814,1.61801,15600,25241.0,,,0.0
589010.SH,20260814,1.47199,28600,42099.0,,,0.0
589020.SH,20260814,1.247,6392700,7971697.0,,,0.0
589030.SH,20260814,1.175,51400,60395.0,,,0.0
589050.SH,20260814,,0,0.0,,,0.0
589060.SH,20260814,1.69103,12600,21307.0,,,0.0
589070.SH,20260814,1.102,79500,87609.0,,,0.0
589080.SH,20260814,,0,0.0,,,0.0
589090.SH,20260814,1.11,17800,19758.0,,,0.0
589100.SH,20260814,0.95,335100,318345.0,,,0.0
589110.SH,20260814,0.97,400,388.0,,,0.0
589120.SH,20260814,0.901,1976100,1780466.0,,,0.0
589130.SH,20260814,1.452,386400,561053.0,,,0.0
589150.SH,20260814,1.25201,37300,46700.0,,,0.0
589160.SH,20260814,1.329,175700,233505.0,,,0.0
589170.SH,20260814,1.11301,50500,56207.0,,,0.0
589180.SH,20260814,1.78701,87500,156363.0,,,0.0
589190.SH,20260814,0.662998,267800,177551.0,,,0.0
589200.SH,20260814,1.375,400,550.0,,,0.0
589210.SH,20260814,0.697998,121400,84737.0,,,0.0
589220.SH,20260814,1.01798,17300,17611.0,,,0.0
589230.SH,20260814,0.897,9000,8073.0,,,0.0
589250.SH,20260814,1.276,125500,160138.0,,,0.0
589260.SH,20260814,1.27093,4300,5465.0,,,0.0
589270.SH,20260814,1.16298,8400,9769.0,,,0.0
589280.SH,20260814,0.956667,600,574.0,,,0.0
589290.SH,20260814,0.82798,20300,16808.0,,,0.0
589300.SH,20260814,,0,0.0,,,0.0
589310.SH,20260814,,0,0.0,,,0.0
589320.SH,20260814,0.863986,29600,25574.0,,,0.0
589330.SH,20260814,0.884021,18900,16708.0,,,0.0
589350.SH,20260814,0.791024,16600,13131.0,,,0.0
589360.SH,20260814,0.892002,85900,76623.0,,,0.0
589380.SH,20260814,1.50696,10200,15371.0,,,0.0
589390.SH,20260814,0.78099,29300,22883.0,,,0.0
589400.SH,20260814,,0,0.0,,,0.0
589410.SH,20260814,0.872951,6100,5325.0,,,0.0
589420.SH,20260814,0.787004,25700,20226.0,,,0.0
589500.SH,20260814,1.6925,400,677.0,,,0.0
589520.SH,20260814,0.628006,61700,38748.0,,,0.0
589550.SH,20260814,,0,0.0,,,0.0
589560.SH,20260814,1.00333,300,301.0,,,0.0
589580.SH,20260814,,0,0.0,,,0.0
589600.SH,20260814,1.61,100,161.0,,,0.0
589630.SH,20260814,0.807016,12400,10007.0,,,0.0
589660.SH,20260814,1.62667,300,488.0,,,0.0
589680.SH,20260814,1.57199,17600,27667.0,,,0.0
589700.SH,20260814,2.17,100,217.0,,,0.0
589720.SH,20260814,0.979,6251500,6120219.0,,,0.0
589770.SH,20260814,1.67789,3800,6376.0,,,0.0
589780.SH,20260814,,0,0.0,,,0.0
589800.SH,20260814,1.639,267100,437777.0,,,0.0
589820.SH,20260814,1.3,400,520.0,,,0.0
589850.SH,20260814,1.659,519500,861851.0,,,0.0
589860.SH,20260814,1.608,500,804.0,,,0.0
589880.SH,20260814,,0,0.0,,,0.0
589890.SH,20260814,,0,0.0,,,0.0
589900.SH,20260814,,0,0.0,,,0.0
589950.SH,20260814,1.364,93600,127670.0,,,0.0
589960.SH,20260814,0.88,100,88.0,,,0.0
589980.SH,20260814,1.87301,26600,49822.0,,,0.0
589990.SH,20260814,1.70509,5700,9719.0,,,0.0
000001.SZ,20260814,11.22,285200,3199944.0,-0.2666666666666595,3.4441388216486675,43.40000000000004
000002.SZ,20260814,3.21,1028300,3300843.0,-0.31055900621118626,6.4717410639239885,43.136645962732885
000006.SZ,20260814,7.5,848900,6366750.0,-2.5974025974025983,18.082022260047577,29.415584415584412
000007.SZ,20260814,11.08,9600,106368.0,0.8189262966332933,1.0410655080129556,49.91355777979976
000008.SZ,20260814,2.42,38600,93412.0,0.0,1.3764453851677216,45.0
000009.SZ,20260814,8.26,79000,652540.0,0.0,2.0542290697545638,45.0
000010.SZ,20260814,1.57,133400,209438.0,0.0,7.905067625509999,45.0
000011.SZ,20260814,8.61,108700,935907.0,0.0,9.858829174288644,45.0
000012.SZ,20260814,3.78,169500,640710.0,-0.5263157894736858,9.113618869396829,41.84210526315788
000014.SZ,20260814,10.31,21600,222696.0,0.0,3.4330240972419386,45.0
000016.SZ,20260814,2.47,90200,222794.0,0.40650406504065817,5.061402609973729,47.43902439024395
000017.SZ,20260814,5.96,7500,44700.0,-0.5008347245409106,1.2041682213479632,41.994991652754535
000019.SZ,20260814,6.09,17500,106575.0,0.0,2.2290148754551633,45.0
000020.SZ,20260814,11.21,31200,349752.0,0.17873100983021306,11.922711031871918,46.07238605898128
000021.SZ,20260814,40.31,582800,23492668.0,1.9216182048040542,6.034982357512354,56.52970922882432
000025.SZ,20260814,14.96,33100,495176.0,-0.46573519627410853,7.710299559491074,42.20558882235535
000026.SZ,20260814,21.12,99800,2107776.0,-0.14184397163119478,8.616447456076129,44.148936170212835
000027.SZ,20260814,6.34,30500,193370.0,0.0,1.4181047298681635,45.0
000028.SZ,20260814,20.28,10200,206856.0,-0.1477104874445967,2.584636197018498,44.11373707533242
000029.SZ,20260814,22.5,13900,312750.0,-0.0888099467140302,2.9072113961331794,44.46714031971582
000030.SZ,20260814,4.28,14900,63772.0,0.46948356807512415,2.6161317163294986,47.81690140845075
000031.SZ,20260814,2.22,240200,533244.0,-0.4484304932735328,4.7743230163083155,42.3094170403588
000032.SZ,20260814,14.75,199001,2935264.75,0.3401360544217802,5.628013599816789,47.04081632653068
000034.SZ,20260814,24.89,243000,6048270.0,0.0,5.2697130480393835,45.0
000035.SZ,20260814,4.77,168400,803268.0,-0.6250000000000089,5.871502033273353,41.24999999999994
000036.SZ,20260814,4.19,79100,331429.0,0.7211538461538547,4.275871720932674,49.32692307692313
000037.SZ,20260814,10.3,315300,3247590.0,0.9803921568627638,9.389193531858425,50.882352941176585
000039.SZ,20260814,8.9,156600,1393740.0,0.33821871476888976,3.5901744811428764,47.02931228861334
000042.SZ,20260814,8.99,27400,246326.0,-0.221975582685896,3.7680330991433593,43.66814650388462
000045.SZ,20260814,10.08,41700,420336.0,0.09930486593843213,11.522301144458778,45.59582919563059
000048.SZ,20260814,23.73,74100,1758393.0,-0.5031446540880502,3.5081299659601224,41.9811320754717
000049.SZ,20260814,24.57,28600,702702.0,0.244798041615657,4.029315067544789,46.468788249693944
000050.SZ,20260814,6.58,157200,1034376.0,-0.6042296072507614,7.308607121767742,41.37462235649543
000055.SZ,20260814,3.49,1600,5584.0,-0.28571428571427804,0.18551683615122466,31.67874479293477
000056.SZ,20260814,1.88,30600,57528.0,-0.5291005291005346,1.438956939915192,41.825396825396794
000058.SZ,20260814,6.87,35900,246633.0,0.1457725947521915,5.817447853733952,45.87463556851315
000059.SZ,20260814,4.55,29000,131950.0,-0.21929824561403022,2.192567448291993,43.684210526315816
000060.SZ,20260814,6.47,579000,3746130.0,-0.4615384615384688,6.512624113397036,42.230769230769184
000061.SZ,20260814,5.73,111900,641187.0,-0.865051903114189,4.727505630107754,39.809688581314866
000062.SZ,20260814,23.35,103800,2423730.0,0.820379965457696,6.363656681439077,49.922279792746174
000063.SZ,20260814,35.1,1140617,40035656.7,0.05701254275942702,10.235074844930866,45.34207525655656
000065.SZ,20260814,9.16,48100,440596.0,0.10928961748633004,3.283480327544245,45.65573770491798
000066.SZ,20260814,15.0,962000,14430000.0,-0.7936507936507908,6.934435903277659,40.238095238095255
000068.SZ,20260814,2.95,11300,33335.0,0.0,1.3480171430091916,45.0
000069.SZ,20260814,1.81,352500,638025.0,-0.5494505494505475,8.061360993868794,41.703296703296715
000070.SZ,20260814,14.78,381700,5641526.0,1.2328767123287676,4.868859503559928,52.397260273972606
000078.SZ,20260814,1.71,371600,635436.0,-0.5813953488372103,6.129605263031668,41.51162790697674
000088.SZ,20260814,4.44,23000,102120.0,0.0,1.4269885644031788,45.0
000089.SZ,20260814,6.53,31100,203083.0,0.3072196620583778,3.210538022765901,46.84331797235026
000090.SZ,20260814,3.52,15700,55264.0,-0.28328611898016387,1.3839651573569072,43.30028328611902
000096.SZ,20260814,7.9,115000,908500.0,-0.6289308176100628,12.304095171792879,41.22641509433962
000099.SZ,20260814,14.22,19100,271602.0,-0.1404494382022392,2.6618092468435814,44.157303370786565
000100.SZ,20260814,5.18,2959200,15328656.0,0.19342359767891004,6.692124591134921,46.160541586073464
000151.SZ,20260814,10.01,5100,51051.0,0.30060120240480437,1.3126289815911056,46.80360721442882
000153.SZ,20260814,5.93,36000,213480.0,-0.3361344537815225,3.718554017382108,42.98319327731087
000155.SZ,20260814,12.11,88600,1072946.0,0.3314001657000798,1.6922961424585696,46.988400994200475
000156.SZ,20260814,6.83,38900,265687.0,-0.4373177842565634,4.901106348383294,42.37609329446062
000157.SZ,20260814,6.96,189300,1317528.0,-0.1434720229555153,5.680684213908024,44.13916786226691
000158.SZ,20260814,13.36,178520,2385027.2,0.6024096385542244,4.602531335754435,48.614457831325346
000159.SZ,20260814,5.7,2300,13110.0,0.0,0.2619339798500643,45.0
000166.SZ,20260814,4.55,397150,1807032.5,-0.21929824561403022,8.2359938247917,43.684210526315816
000301.SZ,20260814,12.53,190300,2384459.0,0.0,8.922393775410336,45.0
000333.SZ,20260814,83.77,194500,16293265.0,-0.4988715999524884,8.730735779816902,42.00677040028507
000338.SZ,20260814,30.0,1120900,33627000.0,-0.33222591362126463,15.25376439800496,43.00664451827241
000400.SZ,20260814,22.16,53900,1194424.0,-0.31488978857400207,3.873964504633776,43.11066126855599
000401.SZ,20260814,3.58,27800,99524.0,-0.278551532033422,4.12242548436446,43.32869080779947
000402.SZ,20260814,2.56,265400,679424.0,0.0,5.78542387781563,45.0
000403.SZ,20260814,11.17,26700,298239.0,0.0,0.9206058803499209,45.0
000404.SZ,20260814,7.26,254700,1849122.0,-0.27472527472528485,13.625493500903795,43.351648351648294
000407.SZ,20260814,4.08,65800,268464.0,0.0,4.7604615284332885,45.0
000408.SZ,20260814,77.29,104200,8053618.0,-0.9610456176319837,6.8658409500934745,39.2337262942081
000409.SZ,20260814,8.75,24800,217000.0,-0.7936507936508019,5.99408848629767,40.23809523809519
000410.SZ,20260814,5.55,604500,3354975.0,1.2773722627737127,13.023592004148615,52.664233576642275
000411.SZ,20260814,9.98,13500,134730.0,-0.20000000000000018,2.3164838366080875,43.8
000415.SZ,20260814,4.46,135400,603884.0,-0.22371364653243075,3.146099735066793,43.65771812080541
000417.SZ,20260814,5.92,143000,846560.0,0.0,5.996947591503958,45.0
000419.SZ,20260814,4.91,76900,377579.0,0.4089979550102374,11.575684878107943,47.45398773006143
000420.SZ,20260814,3.77,111000,418470.0,0.5333333333333412,2.586268995752398,48.200000000000045
000421.SZ,20260814,5.45,12800,69760.0,-0.3656307129798808,2.4225734953790523,42.80621572212071
000422.SZ,20260814,12.7,67400,855980.0,0.1577287066246047,4.309112056454489,45.94637223974763
000423.SZ,20260814,52.54,6200,325748.0,-0.26575550493546096,1.4025286806001447,43.40546697038724
000425.SZ,20260814,8.03,510000,4095300.0,-0.3722084367245748,4.863703315348292,42.76674937965255
000426.SZ,20260814,36.82,1715900,63179438.0,-2.798310454065478,29.811554029881325,28.21013727560713
000428.SZ,20260814,4.59,488700,2243133.0,0.21834061135370675,7.610151397302171,46.31004366812224
000429.SZ,20260814,13.2,12700,167640.0,-0.22675736961451642,2.196692441632034,43.6394557823129
000430.SZ,20260814,6.68,42100,281228.0,0.6024096385542244,7.351824524767519,48.614457831325346
000488.SZ,20260814,1.91,49400,94354.0,0.0,6.62038420717809,45.0
000498.SZ,20260814,4.95,3000,14850.0,0.2024291497975561,0.6019013126174655,46.21457489878534
000501.SZ,20260814,7.16,38500,275660.0,-0.417246175243402,7.385995878891348,42.496522948539585
000503.SZ,20260814,7.41,87092,645351.72,-0.26917900403767847,5.728259883591105,43.38492597577393
000504.SZ,20260814,9.01,20600,185606.0,0.11111111111110628,2.3904350041513145,45.666666666666636
000505.SZ,20260814,5.64,18600,104904.0,-0.1769911504424848,1.982302212047758,43.93805309734509
000506.SZ,20260814,16.88,1519800,25654224.0,-3.81766381766383,17.05465699114239,22.09401709401702
000507.SZ,20260814,4.99,96700,482533.0,0.6048387096774244,14.275637841225176,48.62903225806455
000509.SZ,20260814,3.3,285600,942480.0,0.0,11.9734699371995,45.0
000510.SZ,20260814,16.22,161400,2617908.0,-0.3685503685503799,2.959458671303807,42.78869778869772
000513.SZ,20260814,30.79,26200,806698.0,0.0,3.6116866963834386,45.0
000514.SZ,20260814,4.01,54500,218545.0,-0.24875621890546595,6.130455142920154,43.5074626865672
000516.SZ,20260814,4.35,127800,555930.0,0.0,5.470062090808315,45.0
000517.SZ,20260814,2.28,229100,522348.0,0.0,7.729897708799825,45.0
000518.SZ,20260814,4.13,748500,3091305.0,0.0,10.21503173773191,45.0
000519.SZ,20260814,14.63,88500,1294755.0,-0.20463847203273655,3.6141828770959146,43.77216916780358
000520.SZ,20260814,3.9,39900,155610.0,0.25706940874035134,3.0672007300257054,46.54241645244211
000521.SZ,20260814,4.88,18900,92232.0,0.0,4.422197459689401,45.0
000523.SZ,20260814,2.95,104300,307685.0,0.3401360544217802,4.280434044651319,47.04081632653068
000524.SZ,20260814,9.44,4800,45312.0,0.10604453870626251,0.8079689787799716,45.63626723223757
000525.SZ,20260814,4.42,3800,16796.0,0.22675736961450532,0.3159774752917029,46.360544217687035
000526.SZ,20260814,34.28,5200,178256.0,0.1753360607831711,1.2481177040532023,46.05201636469903
000528.SZ,20260814,8.17,36500,298205.0,-0.3658536585365746,1.8230797031770063,42.80487804878055
000529.SZ,20260814,4.87,67200,327264.0,0.4123711340206171,15.774709918001134,47.4742268041237
000530.SZ,20260814,4.93,74600,367778.0,0.40733197556006573,8.625403333257847,47.443991853360394
000531.SZ,20260814,5.86,16900,99034.0,0.17094017094019254,1.9373991993502275,46.02564102564116
000532.SZ,20260814,10.84,1800,19512.0,0.27752081406104967,0.5958527825479659,46.6651248843663
000533.SZ,20260814,12.16,1093677,13299112.32,-1.2987012987012991,10.495555027244691,37.2077922077922
000534.SZ,20260814,27.25,23000,626750.0,0.36832412523020164,1.6893044320991824,47.20994475138121
000536.SZ,20260814,3.32,183200,608224.0,0.0,4.397869836201685,45.0
000537.SZ,20260814,8.37,190100,1591137.0,-0.9467455621301801,4.535792173409211,39.31952662721892
000538.SZ,20260814,50.41,33800,1703858.0,-0.09908838684107302,4.289657509945879,44.405469678953565
000539.SZ,20260814,6.15,1337400,8225010.0,-2.9968454258675004,8.143473325604777,27.018927444794997
000541.SZ,20260814,4.92,20200,99384.0,-0.20283975659228792,5.068891925046663,43.78296146044627
000543.SZ,20260814,7.7,40700,313390.0,0.0,1.7192452621197172,45.0
000544.SZ,20260814,7.31,11400,83334.0,0.0,5.050572914357343,45.0
000545.SZ,20260814,2.54,87500,222250.0,0.0,2.6899237453517872,45.0
000546.SZ,20260814,4.73,48200,227986.0,0.21186440677967155,3.7649138103681072,46.27118644067803
000547.SZ,20260814,15.79,152600,2409554.0,0.06337135614702394,3.6841367878466467,45.380228136882145
000548.SZ,20260814,4.46,4000,17840.0,0.0,1.1063371972002842,45.0
000550.SZ,20260814,16.08,15900,255672.0,-0.18621973929237035,5.7823681671504445,43.88268156424578
000551.SZ,20260814,13.68,116300,1590984.0,0.3668378576669129,5.7709890937707025,47.20102714600148
000552.SZ,20260814,2.52,154600,389592.0,-0.39525691699603405,2.4443115002380416,42.6284584980238
000553.SZ,20260814,5.36,35000,187600.0,0.18691588785046953,7.017688828357407,46.12149532710282
000554.SZ,20260814,6.25,83400,521250.0,-0.4777070063694322,7.038441084743956,42.13375796178341
000555.SZ,20260814,10.93,54400,594592.0,-0.0914076782449702,2.6669116995550115,44.45155393053018
000557.SZ,20260814,3.65,13200,48180.0,0.0,2.4462452868214144,45.0
000558.SZ,20260814,3.55,19600,69580.0,0.28248587570620654,1.094996251903998,46.69491525423724
000559.SZ,20260814,11.72,51800,607096.0,0.08539709649870719,2.0458786144774996,45.512382578992245
000560.SZ,20260814,2.24,1454100,3257184.0,-0.4444444444444362,12.221029381061593,42.333333333333385
000561.SZ,20260814,7.72,17500,135100.0,0.0,2.8058271068443803,45.0
000563.SZ,20260814,2.99,55200,165048.0,0.0,1.7673017404743532,45.0
000564.SZ,20260814,1.43,871476,1246210.68,0.0,4.618134869947664,45.0
000565.SZ,20260814,5.95,63900,380205.0,-0.335008375209378,9.910714011105581,42.98994974874373
000566.SZ,20260814,5.62,1036300,5824006.0,-1.2302284710017597,6.7029840879015845,37.61862917398944
000567.SZ,20260814,6.1,20800,126880.0,-0.16366612111293755,1.6182781806366746,44.01800327332238
000568.SZ,20260814,91.59,65800,6026622.0,-0.20701677925473172,7.569538298629001,43.75789932447161
000570.SZ,20260814,5.02,11600,58232.0,0.1996007984031989,1.4442734342553871,46.19760479041919
000571.SZ,20260814,6.39,512800,3276792.0,0.0,15.74212489455558,45.0
000572.SZ,20260814,3.91,72700,284257.0,0.2564102564102555,2.321961369526318,46.53846153846153
000573.SZ,20260814,3.69,25800,95202.0,0.0,1.8217733734578678,45.0
000576.SZ,20260814,7.24,14500,104980.0,0.8356545961002881,2.3875957645261083,50.01392757660173
000581.SZ,20260814,17.29,21000,363090.0,-0.2308136180034559,4.609213549907256,43.615118291979265
000582.SZ,20260814,12.56,132400,1662944.0,-0.31746031746030523,1.485764399861851,43.095238095238166
000586.SZ,20260814,12.37,16600,205342.0,0.08090614886731018,2.5989347816576114,45.48543689320386
000589.SZ,20260814,4.33,145300,629149.0,0.0,8.134706390342512,45.0
000590.SZ,20260814,9.04,6300,56952.0,0.33296337402886067,2.7440700776677063,46.997780244173164
000591.SZ,20260814,4.43,65100,288393.0,0.0,1.4875491052058896,45.0
000592.SZ,20260814,6.65,809700,5384505.0,0.9104704097116834,9.034247446784418,50.4628224582701
000593.SZ,20260814,26.59,1779311,47311879.49,-4.352517985611515,50.21047477759257,18.88489208633091
000595.SZ,20260814,6.22,251100,1561842.0,-0.797448165869219,4.501341832419025,40.21531100478469
000596.SZ,20260814,100.45,45300,4550385.0,0.02987452698666182,7.313612949476709,45.179247161919974
000597.SZ,20260814,4.97,135600,673932.0,0.0,5.1008664004277176,45.0
000598.SZ,20260814,7.15,8200,58630.0,0.28050490883591017,0.8070122353824224,46.683029453015465
000599.SZ,20260814,4.94,84200,415948.0,0.6109979633401208,4.874347231885385,48.66598778004072
000600.SZ,20260814,8.53,128200,1093546.0,-0.2339181286549863,3.467541175351213,43.59649122807008
000601.SZ,20260814,6.73,568600,3826678.0,-0.8836524300441795,7.877038475874794,39.69808541973492
000603.SZ,20260814,30.95,1156700,35799865.0,-3.911828624650737,21.712658300457097,21.52902825209558
000605.SZ,20260814,5.98,13000,77740.0,0.3355704697986628,4.543426808661125,47.01342281879198
000607.SZ,20260814,3.7,20400,75480.0,-0.26954177897573484,1.5397412667570534,43.38274932614559
000608.SZ,20260814,7.6,291800,2217680.0,-0.5235602094240788,5.007222964396344,41.85863874345553
000609.SZ,20260814,10.75,78300,841725.0,0.9389671361502261,16.773583042991106,50.63380281690136
000610.SZ,20260814,5.94,11800,70092.0,-0.9999999999999898,5.744462488795995,39.000000000000064
000612.SZ,20260814,11.03,324500,3579235.0,-0.7200720072007227,9.910270441652461,40.679567956795665
000615.SZ,20260814,3.37,13000,43810.0,0.0,2.015955205458769,45.0
000617.SZ,20260814,6.95,309200,2148940.0,-0.1436781609195359,5.801579454469638,44.13793103448278
000619.SZ,20260814,4.78,10400,49712.0,0.8438818565400741,2.5831699452708015,50.06329113924045
000620.SZ,20260814,2.77,1223700,3389649.0,0.727272727272732,2.1421005935339146,49.36363636363639
000623.SZ,20260814,18.17,33600,610512.0,-0.16483516483515315,2.6579438593134896,44.01098901098908
000625.SZ,20260814,7.27,148006,1076003.62,0.0,2.568951739635005,45.0
000626.SZ,20260814,7.77,9200,71484.0,0.0,1.2773607358458419,45.0
000628.SZ,20260814,40.37,47000,1897390.0,1.152593335003771,5.28898318508706,51.915560010022624
000629.SZ,20260814,3.06,372010,1138350.6,0.0,5.078723567878043,45.0
000630.SZ,20260814,6.42,2144600,13768332.0,0.0,10.290673805358994,45.0
000631.SZ,20260814,3.06,21200,64872.0,-0.6493506493506551,1.4112483639168665,41.10389610389607
000632.SZ,20260814,3.5,33300,116550.0,-0.5681818181818232,2.5698914610872623,41.59090909090906
000633.SZ,20260814,5.18,11700,60606.0,-0.19267822736032114,2.371733055703676,43.84393063583807
000635.SZ,20260814,6.42,2600,16692.0,0.0,0.6663022713353471,45.0
000636.SZ,20260814,62.49,1569600,98084304.0,0.7578200580457883,10.70495362136332,49.54692034827473
000637.SZ,20260814,3.85,16700,64295.0,0.0,2.7825420554648335,45.0
000639.SZ,20260814,1.64,586100,961204.0,-1.2048192771084376,13.306620454695684,37.77108433734937
000650.SZ,20260814,5.48,71100,389628.0,-0.3636363636363549,3.3295113563234624,42.81818181818187
000651.SZ,20260814,40.15,77800,3123670.0,-0.22365805168986785,2.35579023661726,43.65805168986079
000652.SZ,20260814,3.53,38700,136611.0,0.0,2.94509417538538,45.0
000655.SZ,20260814,6.8,60400,410720.0,0.7407407407407307,14.23841665700614,49.444444444444386
000656.SZ,20260814,1.29,2380600,3070974.0,0.0,15.871787757886171,45.0
000657.SZ,20260814,66.89,1200600,80308134.0,0.2848575712143919,14.958757648913886,46.70914542728635
000659.SZ,20260814,2.91,269800,785118.0,-0.6825938566552892,7.93863020382671,40.904436860068266
000661.SZ,20260814,85.0,37800,3213000.0,-0.5266237565828003,5.351574264923927,41.840257460503196
000663.SZ,20260814,5.51,16600,91466.0,-0.3616636528029016,3.9137533132181495,42.830018083182594
000665.SZ,20260814,4.2,856900,3598980.0,0.0,17.115817663946235,45.0
000668.SZ,20260814,23.82,428200,10199724.0,-0.9975062344139585,35.56612570856115,39.01496259351625
000669.SZ,20260814,4.0,129700,518800.0,0.0,18.120193394295374,45.0
000670.SZ,20260814,6.92,260800,1804736.0,0.28985507246375164,9.610059038515812,46.73913043478251
000672.SZ,20260814,13.92,22300,310416.0,0.5780346820809301,2.0472152236712393,48.46820809248558
000676.SZ,20260814,7.09,1952900,13846061.0,0.9971509971510084,8.401649784848242,50.98290598290605
000677.SZ,20260814,1.73,59800,103454.0,-0.5747126436781658,2.3812948408663996,41.551724137931004
000678.SZ,20260814,9.01,21800,196418.0,0.0,3.3315653682611317,45.0
000679.SZ,20260814,6.27,6500,40755.0,0.15974440894568342,1.1616893080402126,45.9584664536741
000680.SZ,20260814,10.38,62600,649788.0,-0.2881844380403398,3.248549641605721,43.270893371757964
000681.SZ,20260814,18.27,463100,8460837.0,0.4950495049504955,14.733515020259839,47.97029702970298
000682.SZ,20260814,11.91,55000,655050.0,0.0,4.709957055964045,45.0
000683.SZ,20260814,5.79,169800,983142.0,-0.17241379310344307,2.971515125589356,43.965517241379345
000685.SZ,20260814,11.11,42200,468842.0,-0.35874439461883734,4.423239039961485,42.847533632286975
000686.SZ,20260814,8.1,122700,993870.0,-0.3690036900369176,6.355926442083528,42.7859778597785
000688.SZ,20260814,31.81,27100,862051.0,-0.5315822388993197,1.1812971401846062,41.81050656660408
000690.SZ,20260814,4.8,45400,217920.0,-0.20790020790020236,0.9487057081942724,43.752598752598786
000691.SZ,20260814,10.68,17400,185832.0,0.18761726078799779,1.285352444630104,46.125703564727985
000692.SZ,20260814,5.12,5149000,26362880.0,4.918032786885251,53.10909773922305,74.5081967213115
000695.SZ,20260814,14.29,399800,5713142.0,-0.6949270326615853,20.523913962372557,40.83043780403049
000697.SZ,20260814,8.76,81800,716568.0,0.3436426116838476,9.920736938093295,47.061855670103085
000698.SZ,20260814,3.47,20600,71482.0,0.5797101449275477,5.519007480447081,48.47826086956529
000700.SZ,20260814,11.9,182800,2175320.0,0.0,6.526608969512185,45.0
000701.SZ,20260814,5.09,300,1527.0,0.0,0.03419989568023962,6.155981222443132
000702.SZ,20260814,5.42,81597,442255.74,0.0,14.81646084104632,45.0
000703.SZ,20260814,16.95,217700,3690015.0,0.7130124777183555,4.1508468678757975,49.278074866310135
000705.SZ,20260814,6.97,15600,108732.0,0.1436781609195359,2.0306434578579386,45.86206896551722
000707.SZ,20260814,4.55,10600,48230.0,0.0,2.045208912598932,45.0
000708.SZ,20260814,13.62,39600,539352.0,-0.511322132943759,3.6581053123065073,41.93206720233745
000709.SZ,20260814,2.09,256400,535876.0,0.0,4.004526303505523,45.0
000710.SZ,20260814,9.66,491500,4747890.0,0.5202913631633832,19.932640718211857,48.1217481789803
000711.SZ,20260814,6.11,1091100,6666621.0,0.9917355371900971,8.404541709838385,50.950413223140586
000712.SZ,20260814,9.53,106600,1015898.0,-0.10482180293500676,4.068103232116467,44.37106918238996
000713.SZ,20260814,5.75,3600,20700.0,0.0,1.0248128083112822,45.0
000715.SZ,20260814,5.24,414300,2170932.0,-0.3802281368821214,21.984836049535232,42.71863117870727
000716.SZ,20260814,4.89,25900,126651.0,0.2049180327868827,0.32710841301235083,46.2295081967213
000717.SZ,20260814,2.2,4600,10120.0,-0.4524886877827927,0.32020106095394224,42.28506787330324
000718.SZ,20260814,1.93,17700,34161.0,0.0,0.5320953491819328,45.0
000719.SZ,20260814,12.15,11100,134865.0,0.0,4.270216524180894,45.0
000720.SZ,20260814,3.92,1113100,4363352.0,-0.5076142131979711,17.527982710186127,41.95431472081217
000721.SZ,20260814,6.64,73900,490696.0,0.0,6.707434621681477,45.0
000722.SZ,20260814,13.58,33800,459004.0,-0.14705882352941124,1.7359197931882815,44.117647058823536
000723.SZ,20260814,3.59,105200,377668.0,-0.8287292817679592,1.9916712456512349,40.027624309392245
000725.SZ,20260814,5.93,10353607,61396889.51,1.1945392491467421,8.391060796568327,52.16723549488045
000726.SZ,20260814,5.88,4900,28812.0,-0.1697792869269965,1.8757105445048654,43.981324278438024
000727.SZ,20260814,2.25,341700,768825.0,0.8968609865470878,5.274145243755137,50.38116591928252
000728.SZ,20260814,7.21,178000,1283380.0,-0.2766251728907432,8.477612879765926,43.340248962655544
000729.SZ,20260814,12.76,7300,93148.0,0.0,0.5907535389021366,45.0
000731.SZ,20260814,5.84,5300,30952.0,-0.34129692832765013,1.1222611898583112,42.9522184300341
000733.SZ,20260814,40.88,47300,1933624.0,0.024467824810381344,3.8977868722535685,45.14680694886229
000735.SZ,20260814,5.2,23600,122720.0,-0.3831417624520994,0.7924074396388976,42.701149425287404
000736.SZ,20260814,4.62,422200,1950564.0,0.0,19.008893697149055,45.0
000737.SZ,20260814,13.51,201800,2726318.0,-0.6617647058823506,6.490954935348877,41.0294117647059
000738.SZ,20260814,18.28,27500,502700.0,-0.054674685620548225,2.3147352155740553,44.67195188627671
000739.SZ,20260814,22.4,285200,6388480.0,-1.7974572555896517,7.332423381200116,34.215256466462094
000750.SZ,20260814,3.78,98200,371196.0,0.0,2.6724284160729477,45.0
000751.SZ,20260814,5.0,357300,1786500.0,-0.19960079840318778,8.52308085355945,43.80239520958087
000752.SZ,20260814,8.98,21000,188580.0,0.0,11.719027402904166,45.0
000753.SZ,20260814,4.77,16400,78228.0,0.0,1.3244103572100565,45.0
000755.SZ,20260814,4.63,1000,4630.0,-0.43010752688172893,0.3799540509995172,42.41935483870962
000756.SZ,20260814,14.0,62200,870800.0,-0.2138275124732636,3.1982575674168796,43.71703492516042
000757.SZ,20260814,4.33,38400,166272.0,-0.23041474654377225,3.979666820662387,43.61751152073737
000758.SZ,20260814,5.95,207100,1232245.0,-0.1677852348993203,8.749252733746973,43.99328859060408
000759.SZ,20260814,7.22,672100,4852562.0,-1.7687074829931926,7.3287826419041755,34.38775510204084
000761.SZ,20260814,2.28,6300,14364.0,-0.4366812227074357,0.5147520824369138,42.379912663755384
000762.SZ,20260814,23.44,35500,832120.0,0.08539709649870719,3.279452834441529,45.512382578992245
000766.SZ,20260814,17.0,48800,829600.0,-0.41007615700058286,2.655479064909302,42.539543057996504
000767.SZ,20260814,4.0,3080200,12320800.0,-3.614457831325313,12.597686430770512,23.313253012048122
000768.SZ,20260814,20.88,44600,931248.0,-0.047869794159893786,0.8729476490282182,44.71278123504064
000776.SZ,20260814,21.21,213000,4517730.0,-0.14124293785309217,3.4214818443770745,44.15254237288145
000777.SZ,20260814,17.6,12500,220000.0,-0.11350737797957144,2.4796267542819965,44.318955732122575
000778.SZ,20260814,3.72,172200,640584.0,-0.2680965147452974,4.912039327232253,43.391420911528215
000779.SZ,20260814,10.19,1507500,15361425.0,-5.032618825722279,16.28725526679469,15.0
000782.SZ,20260814,7.58,38900,294862.0,-0.2631578947368318,2.365231869601158,43.42105263157901
000783.SZ,20260814,9.14,1577300,14416522.0,-0.10928961748634114,12.737152146231994,44.344262295081954
000785.SZ,20260814,2.26,89000,201140.0,-0.440528634361248,1.7283736343313816,42.35682819383251
000786.SZ,20260814,18.72,9300,174096.0,-0.05339028296851289,0.6172887872975241,44.679658302188926
000788.SZ,20260814,5.72,202500,1158300.0,-1.2089810017271163,5.256418059358345,37.7461139896373
000789.SZ,20260814,4.11,10100,41511.0,0.0,4.832038910648972,45.0
000790.SZ,20260814,4.13,33900,140007.0,-0.48192771084338837,1.806280009966049,42.108433734939666
000791.SZ,20260814,7.89,107400,847386.0,0.0,3.3563370749330965,45.0
000792.SZ,20260814,27.78,262000,7278360.0,0.4701627486437765,4.103343046557217,47.82097649186266
000793.SZ,20260814,2.19,88000,192720.0,0.0,8.479682509986024,45.0
000795.SZ,20260814,8.4,20000,168000.0,-0.11890606420926764,1.6708061718346772,44.286563614744395
000796.SZ,20260814,3.88,30700,119116.0,0.0,1.217460917778246,45.0
000797.SZ,20260814,2.41,34600,83386.0,0.0,1.3039660692047053,45.0
000798.SZ,20260814,8.43,5500,46365.0,0.3571428571428559,0.925150246874343,47.14285714285714
000799.SZ,20260814,41.5,81951,3400966.5,-0.16839066634591893,10.676928544827819,43.98965600192449
000800.SZ,20260814,6.08,34600,210368.0,0.0,3.659499352697175,45.0
000801.SZ,20260814,11.35,12900,146415.0,0.1765225066195919,1.567097407063409,46.05913503971755
000802.SZ,20260814,6.2,18871510,117003362.0,-0.9584664536741117,58.98995774340644,39.24920127795533
000803.SZ,20260814,7.15,41500,296725.0,0.0,6.273239015466095,45.0
000807.SZ,20260814,25.54,1839700,46985938.0,-1.351873310158369,30.91866278584173,36.888760139049786
000809.SZ,20260814,3.53,40000,141200.0,0.28409090909089496,2.848971750205466,46.70454545454537
000810.SZ,20260814,9.6,42700,409920.0,0.20876826722338038,3.1482170156798133,46.25260960334028
000811.SZ,20260814,41.4,169600,7021440.0,1.247248716067495,5.0130619492431245,52.48349229640497
000812.SZ,20260814,3.59,47700,171243.0,-0.5540166204986208,3.9225711893739765,41.675900277008274
000813.SZ,20260814,3.6,356100,1281960.0,-0.5524861878453025,8.896333515690614,41.685082872928184
000815.SZ,20260814,18.29,2002800,36631212.0,-0.38126361655773655,11.192533052552324,42.71241830065358
000816.SZ,20260814,2.74,18100,49594.0,-0.3636363636363549,0.7715348476546929,42.81818181818187
000818.SZ,20260814,13.6,180600,2456160.0,0.8902077151335286,8.885254128984144,50.34124629080117
000819.SZ,20260814,11.74,100,1174.0,0.0,0.025463752320808466,4.5834754177455235
000820.SZ,20260814,3.72,505500,1880460.0,-0.5347593582887722,11.57496242847776,41.79144385026737
000821.SZ,20260814,7.2,8500,61200.0,0.0,1.7404414634891086,45.0
000822.SZ,20260814,4.3,12300,52890.0,0.0,1.1387718484489093,45.0
000823.SZ,20260814,14.87,224700,3341289.0,1.7099863201094356,3.9080552164361144,55.25991792065661
000825.SZ,20260814,3.44,123300,424152.0,-0.28985507246377384,6.361965337194421,43.260869565217355
000826.SZ,20260814,1.84,1421100,2614824.0,-2.127659574468077,38.252117232622524,32.234042553191536
000828.SZ,20260814,9.84,4100,40344.0,-0.10152284263958977,1.09411782352203,44.390862944162464
000829.SZ,20260814,8.4,111500,936600.0,0.0,6.2860701531066825,45.0
000830.SZ,20260814,11.89,163600,1945204.0,-0.58528428093646,7.50039699081613,41.48829431438124
000831.SZ,20260814,55.8,114800,6405840.0,0.7038440714672412,1.1826382766506072,49.22306442880345
000833.SZ,20260814,20.48,43700,894976.0,0.0,3.2743613328852605,45.0
000837.SZ,20260814,10.6,156600,1659960.0,-0.5628517823639823,4.7161764476442025,41.62288930581611
000838.SZ,20260814,2.88,2260500,6510240.0,-1.7064846416382395,23.14597380780124,34.76109215017056
000839.SZ,20260814,2.78,396700,1102826.0,0.3610108303248927,3.2359158425618872,47.166064981949354
000848.SZ,20260814,8.57,54600,467922.0,0.0,3.0890915968584487,45.0
000850.SZ,20260814,4.08,8300,33864.0,0.7407407407407529,1.1938437913462476,49.444444444444514
000852.SZ,20260814,5.22,25200,131544.0,-0.19120458891014325,3.055970680077254,43.85277246653914
000856.SZ,20260814,7.92,10000,79200.0,0.12642225031604948,3.2078854360421563,45.758533501896295
000858.SZ,20260814,75.01,120700,9053707.0,-0.14643237486687832,3.3904209111059647,44.12140575079873
000859.SZ,20260814,9.76,604800,5902848.0,0.0,9.740283741646559,45.0
000860.SZ,20260814,10.82,35100,379782.0,0.0,3.592578577890557,45.0
000862.SZ,20260814,5.56,264600,1471176.0,-1.067615658362997,6.274138997990366,38.594306049822016
000863.SZ,20260814,4.19,37700,157963.0,-0.23809523809523725,2.1262759971205094,43.57142857142858
000868.SZ,20260814,3.68,6700,24656.0,-0.27100271002709064,0.7394279695258414,43.373983739837456
000869.SZ,20260814,17.57,2500,43925.0,0.0,2.7780113868741982,45.0
000875.SZ,20260814,5.17,130200,673134.0,0.0,3.473116639200288,45.0
000876.SZ,20260814,6.95,86300,599785.0,-0.2869440459110417,2.271614531388776,43.27833572453375
000877.SZ,20260814,3.75,45900,172125.0,0.0,4.292365168341915,45.0
000878.SZ,20260814,15.97,215200,3436744.0,-0.37429819089207506,8.610054305690378,42.75421085464755
000880.SZ,20260814,24.59,85500,2102445.0,0.326397388820876,5.228131481494562,46.958384332925256
000881.SZ,20260814,6.52,60800,396416.0,0.46224961479197635,5.9226444233001425,47.77349768875186
000882.SZ,20260814,1.47,294800,433356.0,0.0,3.8987775908523563,45.0
000883.SZ,20260814,4.56,28800,131328.0,-0.2188183807440014,1.2949596298593447,43.68708971553599
000885.SZ,20260814,12.74,12600,160524.0,-0.07843137254901489,5.709849009345252,44.52941176470591
000886.SZ,20260814,4.53,39500,178935.0,0.0,3.7362171999859837,45.0
000887.SZ,20260814,23.0,2541800,58461400.0,-2.912621359223311,16.16336340459843,27.524271844660134
000888.SZ,20260814,9.73,12300,119679.0,-0.10266940451745254,1.653773502300769,44.38398357289528
000889.SZ,20260814,4.08,1908700,7787496.0,-0.7299270072992803,26.80193963425685,40.62043795620432
000890.SZ,20260814,7.5,77400,580500.0,0.9421265141319024,6.690154776298569,50.65275908479141
000892.SZ,20260814,4.1,504600,2068860.0,0.4901960784313708,8.938994003732708,47.941176470588225
000893.SZ,20260814,45.74,17400,795876.0,-0.2616659398168242,2.4938295997893487,43.43000436109905
000895.SZ,20260814,24.56,24900,611544.0,-0.44588569112283816,2.6959880162089482,42.32468585326297
000897.SZ,20260814,1.79,461200,825548.0,0.0,14.478868219969188,45.0
000898.SZ,20260814,1.97,126600,249402.0,-0.5050505050505083,4.771081948338042,41.96969696969695
000899.SZ,20260814,10.7,78200,836740.0,-0.0933706816059865,4.340996904040271,44.439775910364084
000900.SZ,20260814,3.67,6900,25323.0,0.0,1.1002977995121583,45.0
000901.SZ,20260814,14.75,36700,541325.0,0.13577732518668117,2.98081019839118,45.81466395112009
000902.SZ,20260814,13.08,5400,70632.0,0.22988505747125743,1.024106467245071,46.379310344827545
000903.SZ,20260814,1.9,132600,251940.0,1.0638297872340496,11.588024346717884,51.3829787234043
000905.SZ,20260814,8.55,5400,46170.0,0.588235294117645,0.6670232745205544,48.52941176470587
000906.SZ,20260814,5.36,42800,229408.0,-0.18621973929235924,10.57147911631968,43.88268156424584
000908.SZ,20260814,6.99,150300,1050597.0,-0.5689900426742556,5.4202709860506095,41.586059743954465
000909.SZ,20260814,4.29,26900,115401.0,0.7042253521126751,11.227908017571428,49.22535211267605
000910.SZ,20260814,5.38,16700,89846.0,0.0,4.185090073250116,45.0
000911.SZ,20260814,4.55,35400,161070.0,1.1111111111111072,8.064358658934255,51.66666666666664
000912.SZ,20260814,3.63,25700,93291.0,-0.5479452054794498,1.928040728184396,41.7123287671233
000913.SZ,20260814,11.45,1700,19465.0,0.08741258741258306,0.5246152386133539,45.5244755244755
000915.SZ,20260814,25.94,3100,80414.0,-0.038535645472048685,1.1489212232792037,44.76878612716771
000917.SZ,20260814,7.38,401000,2959380.0,0.5449591280654031,4.889908525708172,48.26975476839242
000919.SZ,20260814,6.7,151800,1017060.0,0.4497751124437732,6.667124444500529,47.69865067466264
000920.SZ,20260814,11.56,67200,776832.0,0.08658008658009031,11.62004207155515,45.51948051948054
000921.SZ,20260814,25.99,127000,3300730.0,-0.4977029096477903,14.1597305536086,42.01378254211326
000922.SZ,20260814,11.9,31000,368900.0,1.1045029736618694,4.0848600837009315,51.62701784197122
000923.SZ,20260814,14.31,59700,854307.0,0.42105263157894424,5.870931153990588,47.526315789473664
000925.SZ,20260814,7.71,86700,668457.0,0.390625,4.171871520392038,47.34375
000926.SZ,20260814,2.2,35800,78760.0,0.0,1.088121825080598,45.0
000927.SZ,20260814,2.43,147700,358911.0,0.0,4.1439693446649,45.0
000928.SZ,20260814,5.01,31200,156312.0,-0.19920318725099584,3.2475626676207496,43.80478087649402
000929.SZ,20260814,8.82,12500,110250.0,-0.6756756756756799,5.1683843204017625,40.94594594594592
000930.SZ,20260814,4.71,22900,107859.0,0.0,1.6774970734729988,45.0
000931.SZ,20260814,4.25,34000,144500.0,0.0,1.3872752925131013,45.0
000932.SZ,20260814,3.59,263700,946683.0,0.0,4.710007178066403,45.0
000933.SZ,20260814,25.6,924299,23662054.4,-1.1583011583011449,28.92341083227133,38.05019305019313
000935.SZ,20260814,23.12,3200,73984.0,0.12992637505413462,0.897008425252024,45.77955825032481
000936.SZ,20260814,6.97,6416765,44724852.05,9.936908517350162,47.02095912352585,100.0
000937.SZ,20260814,4.63,38000,175940.0,-0.43010752688172893,2.4697001373572283,42.41935483870962
000938.SZ,20260814,40.35,5117914,206507829.9,1.8939393939394034,15.833913198008334,56.36363636363642
000948.SZ,20260814,14.43,65200,940836.0,-0.20746887966806016,3.951906927662072,43.75518672199164
000949.SZ,20260814,6.37,68400,435708.0,0.31496062992126816,3.0509428461353525,46.88976377952761
000950.SZ,20260814,5.79,432600,2504754.0,1.2237762237762295,6.753531849019232,52.342657342657375
000951.SZ,20260814,20.81,22300,464063.0,0.0,3.3275344599921994,45.0
000952.SZ,20260814,6.4,51000,326400.0,0.7874015748031704,6.0175469312379795,49.724409448819024
000953.SZ,20260814,6.26,76200,477012.0,0.0,9.08885700438009,45.0
000955.SZ,20260814,4.32,30700,132624.0,0.46511627906977715,3.246268152558546,47.79069767441867
000957.SZ,20260814,10.17,18900,192213.0,-0.3917727717923647,1.9593436281760404,42.64936336924581
000958.SZ,20260814,5.45,86038,468907.1,-0.1831501831501825,6.0888511071594555,43.901098901098905
000959.SZ,20260814,3.54,122200,432588.0,-0.5617977528089901,5.421609918407395,41.62921348314606
000960.SZ,20260814,37.68,216100,8142648.0,0.02654632333420892,5.524658776503832,45.15927794000525
000962.SZ,20260814,54.68,289000,15802520.0,3.247734138972813,8.048603026238803,64.48640483383687
000963.SZ,20260814,29.49,85400,2518446.0,-0.23680649526387487,2.2357863352541876,43.57916102841675
000965.SZ,20260814,3.18,38000,120840.0,0.3154574132492094,2.9541543177931247,46.892744479495256
000966.SZ,20260814,4.27,237500,1014125.0,0.23474178403755097,3.975794640090003,46.4084507042253
000967.SZ,20260814,9.3,883900,8220270.0,0.5405405405405572,7.0680331497807565,48.24324324324334
000968.SZ,20260814,6.81,89800,611538.0,-0.43859649122807154,4.953486773934838,42.36842105263157
000969.SZ,20260814,16.81,61000,1025410.0,0.1191185229303171,3.2008727955180274,45.7147111375819
000970.SZ,20260814,13.26,117100,1552746.0,0.0,2.8105946330424567,45.0
000972.SZ,20260814,3.74,1212500,4534750.0,-2.094240837696326,37.20890824300048,32.434554973822046
000973.SZ,20260814,14.12,300800,4247296.0,0.0,3.7028748711752533,45.0
000975.SZ,20260814,25.0,593900,14847500.0,-1.2248123271434208,13.319736419366663,37.65112603713948
000977.SZ,20260814,79.6,1257400,100089040.0,0.17618927762397263,13.53922629888245,46.057135665743836
000978.SZ,20260814,6.13,4600,28198.0,0.0,0.5762900718615204,45.0
000980.SZ,20260814,1.72,303100,521332.0,-0.5780346820809301,3.386974364306962,41.53179190751442
000981.SZ,20260814,2.85,795600,2267460.0,0.0,3.24372090658177,45.0
000983.SZ,20260814,6.7,384700,2577490.0,0.6006006006006093,5.997233430839305,48.60360360360366
000985.SZ,20260814,15.49,6100,94489.0,0.12928248222365823,4.7813066691913555,45.77569489334195
000987.SZ,20260814,7.65,144022,1101768.3,-0.26075619295957697,6.26814819608898,43.435462842242536
000988.SZ,20260814,107.51,184500,19835595.0,0.43908819133033905,3.520830510882656,47.634529147982036
000989.SZ,20260814,9.46,344000,3254240.0,-0.7345225603357708,9.211780209444546,40.59286463798537
000990.SZ,20260814,6.65,385600,2564240.0,-0.894187779433675,7.251371749803677,39.63487332339795
000993.SZ,20260814,10.35,14400,149040.0,0.29069767441860517,1.1712277393079864,46.74418604651163
000995.SZ,20260814,11.2,199000,2228800.0,-0.972590627763048,15.249562264592535,39.16445623342171
000997.SZ,20260814,17.98,22800,409944.0,-0.05558643690938281,1.6094246254650517,44.6664813785437
000998.SZ,20260814,8.12,22900,185948.0,-0.24570024570026439,2.159895489149465,43.525798525798415
000999.SZ,20260814,24.9,15800,393420.0,-0.43982407037186366,1.5120493105324218,42.361055577768816
001201.SZ,20260814,11.89,10000,118900.0,0.33755274261604296,4.512527482203222,47.025316455696256
001202.SZ,20260814,13.5,5500,74250.0,0.6711409395973034,3.582333589465762,49.02684563758382
001203.SZ,20260814,27.99,45800,1281942.0,0.7559395248380119,2.878755540209267,49.53563714902807
001205.SZ,20260814,13.71,2500,34275.0,-0.3633720930232509,0.7257667793677554,42.81976744186049
001206.SZ,20260814,17.23,9900,170577.0,-0.2893518518518601,1.9966015413449736,43.26388888888884
001207.SZ,20260814,15.75,5400,85050.0,0.0,1.5861828948960937,45.0
001208.SZ,20260814,15.02,87100,1308242.0,0.13333333333334085,6.792191247344786,45.80000000000005
001209.SZ,20260814,16.67,9400,156698.0,0.36122817579773425,3.5995473586080413,47.167369054786406
001210.SZ,20260814,23.56,47100,1109676.0,1.8590575010808408,4.121468862285772,56.154345006485045
001211.SZ,20260814,23.46,48800,1144848.0,0.0,9.213879574503661,45.0
001212.SZ,20260814,34.6,13000,449800.0,0.0,4.373478990628294,45.0
001213.SZ,20260814,3.53,52500,185325.0,0.0,9.950428519492823,45.0
001215.SZ,20260814,32.12,4100,131692.0,-0.43397396156230617,2.594552893498268,42.39615623062616
001216.SZ,20260814,14.96,33200,496672.0,1.7687074829932037,13.251110806902076,55.61224489795922
001217.SZ,20260814,9.85,900,8865.0,-0.10141987829613841,0.308898707984549,44.39148073022317
001218.SZ,20260814,24.88,11600,288608.0,-0.20056157240273542,5.954174921315449,43.796630565583584
001219.SZ,20260814,12.76,11400,145464.0,0.0,1.5507974204728419,45.0
001220.SZ,20260814,31.49,4700,148003.0,-0.19017432646593058,3.3151489667238097,43.85895404120441
001221.SZ,20260814,40.4,4100,165640.0,0.0,1.9667210004411941,45.0
001222.SZ,20260814,15.0,34800,522000.0,-0.6622516556291314,6.088593514602815,41.026490066225215
001223.SZ,20260814,40.79,18400,750536.0,0.5670611439842155,6.779856361515939,48.40236686390529
001225.SZ,20260814,45.24,2200,99528.0,0.5333333333333412,2.2436223870448795,48.200000000000045
001226.SZ,20260814,42.46,1900,80674.0,0.09429514380008275,3.1645105364307047,45.5657708628005
001227.SZ,20260814,2.14,224700,480858.0,0.0,3.773041853859396,45.0
001228.SZ,20260814,27.61,23400,646074.0,-0.25289017341040276,20.205406022097552,43.48265895953758
001229.SZ,20260814,41.4,15300,633420.0,-0.43290043290042934,3.087013612036953,42.40259740259742
001230.SZ,20260814,20.66,14100,291306.0,0.0,2.9092838031543273,45.0
001231.SZ,20260814,20.07,4700,94329.0,0.35000000000000586,5.613176166542899,47.10000000000004
001232.SZ,20260814,167.29,83500,13968715.0,0.0,10.343772391860961,45.0
001233.SZ,20260814,44.58,4000,178320.0,0.022436616558207945,3.0788663402247405,45.134619699349244
001234.SZ,20260814,22.16,69900,1548984.0,1.0948905109488871,19.697296265770103,51.569343065693324
001236.SZ,20260814,7.7,15400,118580.0,0.0,2.044502745397528,45.0
001237.SZ,20260814,55.3,18038,997501.4,1.0045662100456543,9.764220717490543,51.02739726027393
001238.SZ,20260814,,0,0.0,,0.0,0.0
001239.SZ,20260814,11.86,3200,37952.0,0.16891891891892552,2.7446433099102365,46.01351351351355
001248.SZ,20260814,13.03,486500,6339095.0,-0.3822629969419067,6.202496608387915,42.70642201834856
001255.SZ,20260814,24.93,7100,177003.0,-0.040096230954300704,5.854389899397157,44.75942261427419
001256.SZ,20260814,27.35,14400,393840.0,0.2565982404692191,3.7362808437767576,46.53958944281531
001257.SZ,20260814,24.65,94500,2329425.0,-0.8048289738430747,9.89639145048133,40.17102615694155
001258.SZ,20260814,14.79,1344500,19885155.0,-3.143418467583503,9.413215839544836,26.13948919449898
001259.SZ,20260814,46.68,6900,322092.0,-0.27771843623157766,8.172410115781899,43.33368938261054
001260.SZ,20260814,23.13,545200,12610476.0,9.9857346647646,421.36177448025353,100.0
001266.SZ,20260814,34.8,9000,313200.0,-0.028727377190473913,4.608485198272424,44.827635736857154
001267.SZ,20260814,41.55,516400,21456420.0,-0.09617696561674549,12.614145812751069,44.42293820629953
001268.SZ,20260814,19.81,9000,178290.0,0.0,2.5303665056420277,45.0
001269.SZ,20260814,19.56,3400,66504.0,0.0511508951406503,1.9687277321422891,45.3069053708439
001270.SZ,20260814,115.01,42100,4841921.0,0.8859649122807012,6.205281000877812,50.315789473684205
001277.SZ,20260814,29.19,1800,52542.0,0.13722126929676115,2.212080871932004,45.82332761578057
001278.SZ,20260814,15.93,5100,81243.0,0.0,2.544363348728293,45.0
001279.SZ,20260814,25.07,300,7521.0,0.07984031936127955,0.6306804002543853,45.479041916167674
001280.SZ,20260814,63.03,59300,3737679.0,-0.410807394533097,14.411561735977509,42.53515563280142
001282.SZ,20260814,16.25,13000,211250.0,0.30864197530864335,6.221611929688683,46.85185185185186
001283.SZ,20260814,43.08,8900,383412.0,0.30267753201396186,3.8363863905295648,46.81606519208377
001285.SZ,20260814,41.13,2600,106938.0,-0.24254183846712518,3.494415901789426,43.54474896919725
001286.SZ,20260814,10.55,45700,482135.0,0.0,2.9653246817371977,45.0
001287.SZ,20260814,23.26,52700,1225802.0,1.350762527233118,3.27409259334498,53.10457516339871
001288.SZ,20260814,26.1,4200,109620.0,-0.5335365853658458,1.4319960512148473,41.798780487804926
001289.SZ,20260814,15.89,7800,123942.0,-0.18844221105527303,1.3657975303925913,43.869346733668365
001296.SZ,20260814,19.3,34000,656200.0,0.25974025974027093,13.249219604005031,46.55844155844163
001298.SZ,20260814,17.69,55700,985333.0,0.1698754246885592,9.493514447256354,46.019252548131355
001299.SZ,20260814,9.88,6500,64220.0,0.10131712259373593,3.158970476863023,45.60790273556242
001300.SZ,20260814,11.23,7900,88717.0,0.267857142857153,1.6896073407922598,46.60714285714292
001301.SZ,20260814,53.29,9300,495597.0,-0.8742559523809534,1.3478739325020306,39.75446428571428
001306.SZ,20260814,54.3,300,16290.0,-0.01841281531946848,0.6248284023287343,44.88952310808319
001308.SZ,20260814,18.31,3600,65916.0,-0.3266194882961426,2.300361305322218,43.04028307022315
001309.SZ,20260814,410.02,201149,82475112.98,3.4020124580737887,14.432702872912163,65.41207474844273
001311.SZ,20260814,18.6,69500,1292700.0,2.6490066225165476,4.517099745255806,60.894039735099284
001312.SZ,20260814,18.08,10400,188032.0,0.22172949002217113,1.6270042881235096,46.33037694013303
001313.SZ,20260814,7.97,522300,4162731.0,0.7585335018963191,26.778076897246923,49.55120101137791
001314.SZ,20260814,56.61,10500,594405.0,1.0892857142857038,3.84320859803878,51.53571428571422
001316.SZ,20260814,26.45,5400,142830.0,-0.8248968878890262,2.590459799298045,40.05061867266584
001317.SZ,20260814,57.7,81900,4725630.0,0.8564936199965123,11.534042085350073,50.13896171997907
001318.SZ,20260814,11.56,61800,714408.0,0.17331022530331364,11.313502039978625,46.03986135181988
001319.SZ,20260814,19.39,3500,67865.0,-0.2572016460905435,3.254634311034464,43.45679012345674
001322.SZ,20260814,6.24,5900,36816.0,0.3215434083601254,1.505446448126133,46.929260450160754
001323.SZ,20260814,17.68,42900,758472.0,-0.841278743690399,6.288576103785547,39.952327537857606
001324.SZ,20260814,19.41,5900,114519.0,0.051546391752577136,5.14827077371471,45.30927835051546
001325.SZ,20260814,37.87,3700,140119.0,-0.07915567282321678,3.883781289532246,44.5250659630607
001326.SZ,20260814,60.84,13300,809172.0,-0.2949852507374673,9.502343679393453,43.230088495575195
001328.SZ,20260814,29.34,9600,281664.0,0.0,4.9590634806363205,45.0
001330.SZ,20260814,5.24,826100,4328764.0,-0.3802281368821214,13.117006134543558,42.71863117870727
001331.SZ,20260814,55.0,12800,704000.0,-0.27198549410697437,0.9661995937773643,43.36808703535815
001332.SZ,20260814,31.25,1000,31250.0,0.6441223832528209,0.909823522017644,48.864734299516925
001333.SZ,20260814,19.27,1000,19270.0,0.0,1.3907393789767695,45.0
001335.SZ,20260814,31.71,2900,91959.0,-0.2830188679245227,4.584868453328962,43.30188679245286
001336.SZ,20260814,17.97,17400,312678.0,0.2230897936419396,13.413899211079817,46.33853876185164
001337.SZ,20260814,44.79,183400,8214486.0,-1.6900790166813007,10.561760345477087,34.8595258999122
001338.SZ,20260814,8.62,19100,164642.0,-0.3468208092485714,4.973259990319419,42.91907514450857
001339.SZ,20260814,83.9,58012,4867206.8,0.0,6.350160434495,45.0
001356.SZ,20260814,8.72,3300,28776.0,0.3452243958573131,0.9853609050390616,47.071346375143875
001358.SZ,20260814,25.41,6100,155001.0,0.03937007874015297,2.6356192405778436,45.23622047244092
001359.SZ,20260814,89.2,35500,3166600.0,3.169095535507771,8.397965380325218,64.01457321304662
001360.SZ,20260814,15.8,64400,1017520.0,0.0,10.828553389430251,45.0
001365.SZ,20260814,37.81,21100,797791.0,0.0794070937003788,4.409990206194542,45.47644256220227
001366.SZ,20260814,11.97,6400,76608.0,-0.16680567139282232,2.6491569042072345,43.999165971643066
001367.SZ,20260814,19.45,9500,184775.0,0.4648760330578483,6.603691293279112,47.78925619834709
001368.SZ,20260814,22.03,9300,204879.0,0.9624197983501448,9.091014374992595,50.77451879010087
001369.SZ,20260814,12.8,22300,285440.0,-0.15600624024960652,2.9384338671143877,44.06396255850236
001373.SZ,20260814,27.55,7400,203870.0,0.29122679286495146,6.667754247255124,46.74736075718971
001376.SZ,20260814,11.6,58300,676280.0,-0.1721170395869165,3.639078192591266,43.9672977624785
001378.SZ,20260814,21.39,36200,774318.0,-0.1400560224089742,5.669560589776916,44.15966386554616
001379.SZ,20260814,16.2,12300,199260.0,0.06176652254477055,5.3575704723664375,45.37059913526862
001380.SZ,20260814,16.47,4000,65880.0,0.6723716381417999,3.026270512734384,49.0342298288508
001382.SZ,20260814,16.94,7600,128744.0,-0.5868544600938885,3.711344266973992,41.478873239436666
001386.SZ,20260814,15.16,14300,216788.0,0.198281559814939,3.9689562815758213,46.18968935888964
001387.SZ,20260814,12.05,34300,413315.0,-0.3308519437551616,17.02801301052831,43.01488833746903
001388.SZ,20260814,22.62,63100,1427322.0,-1.908065915004331,7.667826164326519,33.55160450997401
001389.SZ,20260814,167.0,23800,3974600.0,1.378012505311732,4.463239444071297,53.268075031870396
001390.SZ,20260814,17.77,400,7108.0,0.2256063169768785,0.4224181872305026,46.35363790186127
001391.SZ,20260814,4.23,27600,116748.0,0.0,1.808420531288821,45.0
001393.SZ,20260814,44.45,9800,435610.0,-0.5592841163310935,4.153384498887877,41.64429530201344
001395.SZ,20260814,29.4,4100,120540.0,0.10214504596526286,2.985429055491384,45.61287027579158
001396.SZ,20260814,35.04,1700,59568.0,0.028546959748787515,2.58231918824994,45.171281758492725
001399.SZ,20260814,23.73,216900,5147037.0,-0.6281407035175768,6.514366516153276,41.23115577889454
001400.SZ,20260814,76.23,5300,404019.0,0.7001321003963001,4.043067731084499,49.2007926023778
001696.SZ,20260814,16.76,878400,14721984.0,0.7211538461538547,13.774248783929929,49.32692307692313
001872.SZ,20260814,21.6,4700,101520.0,0.2785515320334442,3.8695280225524877,46.67130919220067
001896.SZ,20260814,13.86,672100,9315306.0,-1.8413597733710985,5.402988763998019,33.95184135977341
001914.SZ,20260814,8.7,52300,455010.0,0.11507479861909697,10.71381803360984,45.69044879171458
001965.SZ,20260814,9.22,40000,368800.0,-0.21645021645021467,4.405177141865339,43.70129870129871
001979.SZ,20260814,7.56,189800,1434888.0,-0.7874015748031593,3.381911441848124,40.27559055118105
002001.SZ,20260814,28.2,404800,11415360.0,-0.2123142250530896,12.746820504832662,43.72611464968146
002003.SZ,20260814,10.08,5300,53424.0,-0.29673590504450953,0.3845466971520169,43.219584569732945
002004.SZ,20260814,4.54,332200,1508188.0,0.0,10.628058303339873,45.0
002005.SZ,20260814,2.56,1639600,4197376.0,0.0,45.19417293103147,45.0
002006.SZ,20260814,13.78,26500,365170.0,0.14534883720929148,5.3693537368089155,45.87209302325575
002007.SZ,20260814,13.36,44200,590512.0,-0.37285607755407346,3.8591585230566103,42.76286353467556
002008.SZ,20260814,95.07,107485,10218598.95,0.33773087071240493,2.466739492049128,47.02638522427443
002009.SZ,20260814,17.87,58200,1040034.0,1.074660633484159,7.0870657158378645,51.44796380090496
002010.SZ,20260814,4.77,26000,124020.0,0.21008403361344463,1.7470407968441444,46.26050420168067
002011.SZ,20260814,10.21,29100,297111.0,0.29469548133596035,3.6959640512303054,46.76817288801576
002012.SZ,20260814,6.49,70200,455598.0,1.0903426791277315,5.936220109136672,51.54205607476639
002014.SZ,20260814,10.59,12600,133434.0,0.0945179584120881,3.157805658743722,45.56710775047253
002015.SZ,20260814,16.26,1154900,18778674.0,-1.0948905109488982,11.494348806363998,38.43065693430661
002016.SZ,20260814,4.52,2400,10848.0,-0.440528634361248,0.2213102490912341,37.192673030254646
002017.SZ,20260814,13.72,20800,285376.0,0.0,2.5398428725925632,45.0
002019.SZ,20260814,10.63,123400,1311742.0,-0.37488284910964786,6.471096676709912,42.75070290534211
002020.SZ,20260814,14.35,51600,740460.0,-0.3472222222222321,2.0946497568387645,42.91666666666661
002021.SZ,20260814,2.7,219200,591840.0,0.746268656716409,8.927610566114614,49.47761194029845
002022.SZ,20260814,5.63,19400,109222.0,-0.3539823008849585,2.3360019150604527,42.87610619469025
002023.SZ,20260814,10.66,1888757,20134149.62,-1.021355617455888,46.85894409654146,38.871866295264674
002024.SZ,20260814,1.21,221100,267531.0,-0.8196721311475419,9.621350752325823,40.08196721311475
002025.SZ,20260814,65.01,27900,1813779.0,0.07697044334977754,2.3041545540242807,45.46182266009866
002026.SZ,20260814,10.55,5600,59080.0,-0.09469696969697239,1.7597994138450104,44.431818181818166
002027.SZ,20260814,5.2,449400,2336880.0,-0.3831417624520994,2.4268739204898195,42.701149425287404
002028.SZ,20260814,166.44,27300,4543812.0,-0.6802721088435493,3.8204158421773995,40.9183673469387
002029.SZ,20260814,8.73,212600,1855998.0,-0.9080590238365494,7.879535150196437,39.551645856980706
002030.SZ,20260814,5.66,69400,392804.0,0.0,2.246861579868185,45.0
002031.SZ,20260814,6.15,4284200,26347830.0,-1.9138755980861122,17.545491436875388,33.516746411483325
002032.SZ,20260814,41.19,14300,589017.0,-0.1454545454545486,11.487797887272157,44.12727272727271
002033.SZ,20260814,8.82,56200,495684.0,0.0,2.3543173551871233,45.0
002034.SZ,20260814,14.09,25900,364931.0,0.21337126600284861,4.227350286242408,46.28022759601709
002035.SZ,20260814,4.92,92900,457068.0,-0.8064516129032251,7.931427823769069,40.16129032258065
002036.SZ,20260814,7.08,190700,1350156.0,0.7112375533428139,7.067509108619727,49.26742532005689
002037.SZ,20260814,6.97,320500,2233885.0,0.0,38.91159765649413,45.0
002038.SZ,20260814,6.1,186400,1137040.0,0.0,5.729288849719816,45.0
002039.SZ,20260814,19.29,30900,596061.0,-0.10357327809424888,4.742580140255242,44.37856033143451
002040.SZ,20260814,8.05,24300,195615.0,0.0,3.372362598329846,45.0
002041.SZ,20260814,8.66,35000,303100.0,0.0,2.4292473459389563,45.0
002042.SZ,20260814,3.88,136800,530784.0,0.2583979328165231,5.43943703505708,46.55038759689914
002043.SZ,20260814,12.62,34600,436652.0,0.31796502384737746,4.346026380833792,46.90779014308426
002044.SZ,20260814,5.1,1467400,7483740.0,0.0,10.79818348451983,45.0
002045.SZ,20260814,8.49,32300,274227.0,-0.235017626321965,2.1735930812482573,43.58989424206821
002046.SZ,20260814,46.46,24100,1119686.0,-0.1718951439621752,2.4580574529575485,43.96862913622695
002047.SZ,20260814,3.91,5106600,19966806.0,-6.904761904761902,58.17756305146722,15.0
002048.SZ,20260814,20.08,97400,1955792.0,0.34982508745624585,3.9050328840314723,47.098950524737475
002049.SZ,20260814,66.67,106000,7067020.0,0.8013305110371904,3.877251742645485,49.807983066223144
002050.SZ,20260814,38.63,110998,4287852.74,0.25953802232028256,2.577309381607613,46.5572281339217
002051.SZ,20260814,8.99,309900,2786001.0,0.5592841163311046,16.688668869620162,48.355704697986624
002052.SZ,20260814,9.04,72400,654496.0,-0.11049723756907381,7.331470565356472,44.337016574585554
002053.SZ,20260814,9.4,23600,221840.0,0.0,4.150864817903061,45.0
002054.SZ,20260814,7.21,10300,74263.0,0.41782729805013297,1.6653841155549587,47.506963788300794
002055.SZ,20260814,5.56,64000,355840.0,0.0,10.422968233702022,45.0
002056.SZ,20260814,22.1,141400,3124940.0,0.3177485247390033,5.052229623066863,46.90649114843402
002057.SZ,20260814,8.63,6900,59547.0,0.34883720930234396,0.5011243882839742,47.09302325581406
002058.SZ,20260814,16.88,3200,54016.0,-0.0592066311426942,1.2176894734491688,44.64476021314383
002059.SZ,20260814,4.54,7500,34050.0,0.22075055187638082,1.1621229819632029,46.32450331125828
002060.SZ,20260814,3.27,54700,178869.0,0.0,4.6266953223916545,45.0
002061.SZ,20260814,3.49,15000,52350.0,0.0,1.3526942755280567,45.0
002062.SZ,20260814,7.66,2900,22214.0,-0.6485084306095956,0.10296214045617887,14.642134698454623
002063.SZ,20260814,5.52,21200,117024.0,0.1814882032667775,0.941727310854754,46.088929219600665
002064.SZ,20260814,11.38,121700,1384946.0,0.976042590949433,4.8078255190927415,50.8562555456966
002065.SZ,20260814,7.51,1547800,11623978.0,-0.6613756613756627,20.013689042451798,41.031746031746025
002066.SZ,20260814,23.0,426400,9807200.0,4.879160966712259,38.71707685363569,74.27496580027355
002067.SZ,20260814,4.38,96800,423984.0,-0.2277904328018221,3.0921334002490712,43.63325740318907
002068.SZ,20260814,8.11,147600,1197036.0,0.12345679012344402,7.325866586959457,45.74074074074066
002069.SZ,20260814,3.36,36300,121968.0,-0.29673590504452063,4.264505193379793,43.21958456973287
002072.SZ,20260814,7.51,11300,84863.0,0.0,2.244470891437093,45.0
002073.SZ,20260814,5.62,21500,120830.0,0.17825311942958333,2.059789854044208,46.0695187165775
002074.SZ,20260814,27.24,33800,920712.0,0.0,1.5815729261961229,45.0
002075.SZ,20260814,3.74,235300,880022.0,-0.5319148936170137,6.862587212173192,41.80851063829792
002076.SZ,20260814,2.11,183000,386130.0,0.4761904761904745,6.759784647788014,47.85714285714285
002077.SZ,20260814,12.75,196800,2509200.0,1.8370607028753927,10.289081812987298,56.02236421725236
002078.SZ,20260814,13.97,35200,491744.0,0.21520803443328962,3.8497546131067373,46.29124820659974
002079.SZ,20260814,9.59,176300,1690717.0,0.6295907660021083,7.922973847132366,48.777544596012646
002080.SZ,20260814,55.62,249500,13877190.0,-0.2510760401721712,3.8653604166175795,43.49354375896697
002081.SZ,20260814,5.29,44288000,234283520.0,9.97920997920998,88.45990614758287,100.0
002082.SZ,20260814,10.88,61600,670208.0,-0.639269406392684,5.230578668665512,41.164383561643895
002083.SZ,20260814,11.83,254801,3014295.83,0.16934801016088574,4.49247769470602,46.016088060965316
002084.SZ,20260814,3.39,15500,52545.0,0.2958579881656931,0.3025383007304956,46.77514792899416
002085.SZ,20260814,10.61,50100,531561.0,-0.3755868544600971,2.669158150889043,42.74647887323942
002086.SZ,20260814,2.1,1500700,3151470.0,0.9615384615384581,7.404901980283662,50.769230769230745
002088.SZ,20260814,7.5,7800,58500.0,-0.13315579227696217,0.9807389347763373,44.201065246338224
002090.SZ,20260814,9.41,67300,633293.0,-0.10615711252653925,7.181691294848922,44.36305732484077
002091.SZ,20260814,7.58,16000,121280.0,0.0,0.7030220019084462,45.0
002092.SZ,20260814,4.47,220000,983400.0,0.22421524663676085,6.115115881197215,46.34529147982057
002093.SZ,20260814,7.04,43300,304832.0,0.5714285714285783,3.7971177509300063,48.42857142857147
002094.SZ,20260814,4.72,29600,139712.0,-0.6315789473684275,2.2448811954246883,41.21052631578944
002095.SZ,20260814,14.26,2000,28520.0,-0.34940600978337066,0.9160799755806227,42.90356394129978
002096.SZ,20260814,9.35,8400,78540.0,-0.31982942430704986,1.6895793184132908,43.0810234541577
002097.SZ,20260814,7.25,67700,490825.0,-0.4120879120879106,3.029177296158265,42.52747252747254
002098.SZ,20260814,7.02,14500,101790.0,0.0,1.9580232817220402,45.0
002099.SZ,20260814,5.5,34200,188100.0,-0.1814882032667886,2.518895472289808,43.91107078039927
002100.SZ,20260814,7.12,31400,223568.0,-0.2801120448179262,2.1225158212460142,43.31932773109244
002101.SZ,20260814,8.74,5800,50692.0,0.45977011494253706,1.8803513851937943,47.758620689655224
002102.SZ,20260814,2.24,38700,86688.0,0.0,3.179252822775139,45.0
002103.SZ,20260814,6.7,57500,385250.0,-0.4457652303120341,8.346922947208903,42.325408618127796
002104.SZ,20260814,10.47,284200,2975574.0,0.5763688760807018,7.703826481308839,48.458213256484214
002105.SZ,20260814,5.69,28900,164441.0,-0.3502626970227629,3.273855729278385,42.898423817863424
002106.SZ,20260814,10.34,136600,1412444.0,-0.09661835748792091,10.470783209726935,44.420289855072475
002107.SZ,20260814,6.43,95700,615351.0,0.15576323987538387,8.158672116598634,45.9345794392523
002108.SZ,20260814,4.37,48200,210634.0,0.0,2.5475555311061955,45.0
002109.SZ,20260814,2.62,7900,20698.0,0.0,2.544836169870335,45.0
002110.SZ,20260814,3.0,23600,70800.0,-0.33222591362125353,1.2432560104516444,43.00664451827248
002111.SZ,20260814,9.44,40400,381376.0,0.0,4.376710471634874,45.0
002112.SZ,20260814,17.71,392261,6946942.31,-1.5564202334630184,9.390980362426788,35.661478599221894
002114.SZ,20260814,7.25,10300,74675.0,0.0,1.5423621596927637,45.0
002115.SZ,20260814,11.89,490600,5833234.0,0.8481764206955233,4.576679206053539,50.08905852417314
002116.SZ,20260814,7.14,700,4998.0,0.0,0.21799426365410865,39.238967457739555
002117.SZ,20260814,8.15,2600,21190.0,0.0,0.37038981523683684,45.0
002119.SZ,20260814,23.99,170700,4095093.0,1.9982993197278809,6.040975703141622,56.989795918367285
002120.SZ,20260814,6.71,65800,441518.0,0.2989536621823552,2.7316064550668,46.79372197309413
002121.SZ,20260814,5.15,96200,495430.0,0.1945525291829009,4.175616422371783,46.16731517509741
002122.SZ,20260814,2.59,258100,668479.0,-0.38461538461539435,15.532513581210761,42.69230769230764
002123.SZ,20260814,8.64,91400,789696.0,0.23201856148493682,4.537552291277186,46.392111368909625
002124.SZ,20260814,2.31,649600,1500576.0,0.8733624454148492,10.10784071871009,50.2401746724891
002125.SZ,20260814,12.64,41500,524560.0,0.0,3.3036969202018933,45.0
002126.SZ,20260814,41.62,11700,486954.0,0.3859141341051586,0.7573747628281242,47.315484804630955
002127.SZ,20260814,3.09,59200,182928.0,0.0,1.2208052847202173,45.0
002128.SZ,20260814,26.35,42000,1106700.0,-0.4909365558912304,5.504307079829554,42.05438066465262
002129.SZ,20260814,9.37,185100,1734387.0,0.5364806866952732,2.3665433978399504,48.21888412017164
002130.SZ,20260814,17.03,62800,1069484.0,-0.05868544600937664,3.4714152348135623,44.64788732394374
002131.SZ,20260814,5.4,21824500,117852300.0,-2.877697841726601,20.900304563175716,27.733812949640395
002132.SZ,20260814,4.27,100900,430843.0,0.0,1.8679657986345075,45.0
002133.SZ,20260814,2.67,73500,196245.0,-0.3731343283582156,6.488614547133587,42.76119402985071
002134.SZ,20260814,22.41,6200,138942.0,0.26845637583892135,1.0139250686299681,46.610738255033525
002135.SZ,20260814,6.14,9500,58330.0,0.49099836333876823,1.0627708193487475,47.94599018003261
002136.SZ,20260814,12.09,6600,79794.0,0.1657000828500399,1.3367026956729813,45.99420049710024
002137.SZ,20260814,7.95,180800,1437360.0,0.37878787878788955,9.724894272660674,47.27272727272734
002138.SZ,20260814,49.59,129600,6426864.0,1.4110429447852901,3.0701135989792556,53.46625766871174
002139.SZ,20260814,9.87,29500,291165.0,0.0,2.5858567220898125,45.0
002140.SZ,20260814,8.95,11800,105610.0,0.0,2.4075573546796583,45.0
002141.SZ,20260814,6.74,2220700,14967518.0,1.3533834586466176,13.308844188320437,53.120300751879704
002142.SZ,20260814,32.2,85800,2762760.0,-0.2787240631774379,4.737026616606605,43.327655620935374
002144.SZ,20260814,10.77,28800,310176.0,0.0,10.509021193548488,45.0
002145.SZ,20260814,4.46,207300,924558.0,0.22471910112358273,6.583922063474623,46.348314606741496
002146.SZ,20260814,1.22,5633500,6872870.0,0.8264462809917328,35.78852484948299,49.9586776859504
002148.SZ,20260814,6.58,339000,2230620.0,0.0,19.27972093632573,45.0
002149.SZ,20260814,43.84,736500,32288160.0,2.3820644558617543,9.541772790648897,59.292386735170524
002150.SZ,20260814,22.25,27400,609650.0,0.0,4.811254100343956,45.0
002151.SZ,20260814,29.2,34100,995720.0,0.06854009595613775,3.9731742270135753,45.41124057573683
002152.SZ,20260814,10.1,26100,263610.0,0.09910802775023875,1.1669489112255413,45.59464816650143
002153.SZ,20260814,8.35,449200,3750820.0,-0.35799522673032325,4.073943872871238,42.85202863961806
002154.SZ,20260814,4.21,16700,70307.0,-0.23696682464454666,0.7058358275720427,43.57819905213272
002155.SZ,20260814,24.48,1121500,27454320.0,-1.0109179134654256,32.27821808281189,38.934492519207446
002156.SZ,20260814,63.02,366100,23071622.0,1.2857602057216422,5.228661047894779,52.71456123432985
002157.SZ,20260814,3.01,557100,1676871.0,-0.33112582781458233,5.239451465237887,43.013245033112504
002158.SZ,20260814,27.93,35600,994308.0,0.3232758620689724,5.651594685705459,46.939655172413836
002159.SZ,20260814,13.55,2000,27100.0,0.07385524372232055,0.8320400381350661,45.44313146233392
002160.SZ,20260814,3.9,16000,62400.0,0.0,1.2605478100551177,45.0
002161.SZ,20260814,5.9,58700,346330.0,-0.16920473773265332,5.419326833262362,43.98477157360408
002162.SZ,20260814,4.11,148000,608280.0,0.4889975550122383,5.7758559776399325,47.933985330073426
002163.SZ,20260814,8.37,28501,238553.37,0.11961722488038617,1.5187220019090815,45.71770334928232
002164.SZ,20260814,12.56,128000,1607680.0,-0.2382843526608336,7.342812373322123,43.570293884034996
002165.SZ,20260814,6.66,284400,1894104.0,0.0,6.293296696919136,45.0
002166.SZ,20260814,6.77,10700,72439.0,-0.5873715124816492,1.0581316391775053,41.475770925110105
002167.SZ,20260814,17.1,265700,4543470.0,0.588235294117645,4.068600685443421,48.52941176470587
002168.SZ,20260814,3.94,30800,121352.0,0.2544529262086481,4.839912511298676,46.526717557251885
002169.SZ,20260814,12.88,112600,1450288.0,0.07770007770009357,4.684729551517969,45.46620046620056
002170.SZ,20260814,11.19,82000,917580.0,0.4488330341112956,7.1513645484418085,47.692998204667774
002171.SZ,20260814,9.55,169800,1621590.0,-0.10460251046024993,3.9358136863481743,44.3723849372385
002172.SZ,20260814,4.54,7756200,35213148.0,9.927360774818418,406.072459133599,100.0
002173.SZ,20260814,22.23,478600,10639278.0,0.6793478260869623,8.521440727504112,49.07608695652178
002174.SZ,20260814,13.21,3471200,45854552.0,-1.2705530642750373,35.29449065719312,37.37668161434978
002175.SZ,20260814,2.51,214100,537391.0,0.0,14.194312063656627,45.0
002176.SZ,20260814,9.57,280700,2686299.0,1.055966209081305,3.9937426788313206,51.33579725448783
002177.SZ,20260814,5.69,130400,741976.0,0.0,6.024419235441817,45.0
002178.SZ,20260814,4.8,902400,4331520.0,-0.4149377593361092,34.495524697357894,42.51037344398335
002179.SZ,20260814,35.85,79800,2860830.0,1.0713278827177986,2.835117362989109,51.42796729630679
002180.SZ,20260814,17.6,52100,916960.0,-0.5649717514124131,2.407797307341696,41.610169491525525
002181.SZ,20260814,9.27,404500,3749715.0,0.7608695652173925,9.90265882554469,49.56521739130436
002182.SZ,20260814,12.13,50200,608926.0,-0.32867707477403085,3.2478506473901514,43.02793755135581
002183.SZ,20260814,4.58,82100,376018.0,-0.2178649237472685,2.099562188305833,43.69281045751639
002184.SZ,20260814,10.04,6700,67268.0,0.0,1.5274921984734748,45.0
002185.SZ,20260814,18.13,1802226,32674357.38,1.3982102908277394,7.434632043927447,53.38926174496643
002186.SZ,20260814,9.4,18600,174840.0,0.10649627263046302,4.132372922973859,45.63897763578278
002187.SZ,20260814,5.4,62400,336960.0,-0.1848428835489746,6.732839755596478,43.890942698706155
002188.SZ,20260814,5.35,28700,153545.0,0.0,4.818967571858623,45.0
002189.SZ,20260814,19.0,4400,83600.0,-0.2624671916010568,1.7470486684709752,43.42519685039366
002190.SZ,20260814,23.49,27600,648324.0,-0.5503810330228731,0.9660332369389898,41.69771380186276
002191.SZ,20260814,3.76,24600,92496.0,0.0,2.8425118270507825,45.0
002192.SZ,20260814,72.19,140400,10135476.0,1.7477096546864024,7.909046241341122,55.48625792811841
002193.SZ,20260814,4.77,23500,112095.0,-0.41753653444677186,4.465503403594385,42.49478079331937
002194.SZ,20260814,10.77,1125900,12125943.0,1.7958412098298737,21.07982232834788,55.77504725897924
002195.SZ,20260814,6.86,889800,6104028.0,-0.723589001447178,5.450704165866457,40.65846599131693
002196.SZ,20260814,11.15,88100,982315.0,0.08976660682225024,5.462839089549254,45.5385996409335
002197.SZ,20260814,7.18,438200,3146276.0,-0.4160887656033285,11.666419907563066,42.503467406380025
002198.SZ,20260814,3.41,14400,49104.0,-0.5830903790087438,2.6862141481166137,41.50145772594754
002199.SZ,20260814,12.87,65200,839124.0,0.3117692907248504,9.155333309199266,46.8706157443491
002200.SZ,20260814,6.9,21900,151110.0,0.8771929824561431,5.254294545541971,50.26315789473686
002201.SZ,20260814,8.38,98300,823754.0,1.0856453558504509,6.915709478774739,51.5138721351027
002202.SZ,20260814,20.94,340600,7132164.0,0.04777830864788335,3.732034947105921,45.2866698518873
002203.SZ,20260814,19.26,90200,1737252.0,-0.2589331952356111,6.097954151714282,43.446400828586334
002204.SZ,20260814,5.35,111600,597060.0,0.0,9.071165026196624,45.0
002205.SZ,20260814,10.6,12500,132500.0,-0.18832391713746732,7.18080734190889,43.8700564971752
002206.SZ,20260814,5.25,36800,193200.0,0.0,5.932670454650139,45.0
002207.SZ,20260814,5.93,35700,211701.0,-0.16835016835018424,5.236686085354711,43.9898989898989
002208.SZ,20260814,11.31,148400,1678404.0,0.0,4.589817398425787,45.0
002209.SZ,20260814,11.29,10600,119674.0,0.2664298401420906,2.2580989729040386,46.59857904085254
002210.SZ,20260814,2.29,130300,298387.0,0.0,2.3073914143597034,45.0
002211.SZ,20260814,3.78,89600,338688.0,0.5319148936170137,15.740698611548693,48.19148936170208
002212.SZ,20260814,6.65,299800,1993670.0,0.1506024096385561,4.699640632419206,45.90361445783134
002213.SZ,20260814,30.12,101100,3045132.0,2.1016949152542486,10.604596041282399,57.61016949152549
002214.SZ,20260814,14.23,82000,1166860.0,-1.2491325468424685,10.895278443624315,37.50520471894519
002215.SZ,20260814,8.95,21400,191530.0,0.0,2.6793460887063176,45.0
002216.SZ,20260814,13.46,206100,2774106.0,5.817610062893075,9.31896826745637,79.90566037735846
002217.SZ,20260814,1.55,1062400,1646720.0,0.6493506493506551,11.197347843102984,48.89610389610393
002218.SZ,20260814,4.13,64600,266798.0,0.0,1.2947266087170335,45.0
002219.SZ,20260814,2.5,17426000,43565000.0,0.0,38.09743820106684,45.0
002221.SZ,20260814,5.45,81700,445265.0,-0.7285974499089298,4.509669148233589,40.62841530054642
002222.SZ,20260814,64.38,65400,4210452.0,1.0833725859632493,3.1168125674051366,51.500235515779494
002223.SZ,20260814,26.86,11300,303518.0,-0.07440476190475609,0.9953004595549422,44.553571428571466
002224.SZ,20260814,3.58,22400,80192.0,-0.278551532033422,3.0573721262838953,43.32869080779947
002225.SZ,20260814,3.84,418500,1607040.0,0.7874015748031482,14.077106989131552,49.72440944881889
002226.SZ,20260814,5.23,62300,325829.0,-0.1908396946564861,2.961820278680955,43.854961832061086
002227.SZ,20260814,6.4,4700,30080.0,-0.4665629860031051,1.681293359957687,42.20062208398137
002228.SZ,20260814,3.11,98900,307579.0,0.0,6.484854438073771,45.0
002229.SZ,20260814,12.99,5647500,73361025.0,-4.83516483516484,37.21092712639709,15.989010989010957
002230.SZ,20260814,41.87,149500,6259565.0,-0.21448999046711492,4.049652301324121,43.71306005719731
002232.SZ,20260814,14.57,30600,445842.0,-0.41011619958988277,9.566795820448736,42.5393028024607
002233.SZ,20260814,7.14,53100,379134.0,0.7052186177715081,3.392185824799487,49.23131170662905
002234.SZ,20260814,7.75,14400,111600.0,0.12919896640826156,2.836880370102057,45.77519379844957
002235.SZ,20260814,10.24,663271,6791895.04,3.9593908629441676,9.73208643866851,68.756345177665
002236.SZ,20260814,16.42,184800,3034416.0,-0.2430133657351119,4.938200138492903,43.54191980558933
002237.SZ,20260814,13.61,421500,5736615.0,-0.8739985433357633,28.672159676543274,39.75600873998542
002238.SZ,20260814,6.15,131500,808725.0,0.0,15.840124823861965,45.0
002239.SZ,20260814,2.51,162600,408126.0,0.0,3.4729486322351324,45.0
002240.SZ,20260814,33.56,158100,5305836.0,1.789505611161668,3.58978036650734,55.73703366697001
002241.SZ,20260814,22.17,238580,5289318.6,0.22603978300181904,4.107242561286561,46.35623869801091
002242.SZ,20260814,9.13,26700,243771.0,0.0,2.454403118430162,45.0
002243.SZ,20260814,7.43,6400,47552.0,-0.40214477211796273,0.5337391456938144,42.58713136729222
002244.SZ,20260814,9.26,118400,1096384.0,0.0,3.2299724199978166,45.0
002245.SZ,20260814,18.4,203000,3735200.0,-0.5942733657482657,3.0419876562324246,41.434359805510404
002246.SZ,20260814,21.41,67800,1451598.0,-0.37226617031176357,5.034948770106104,42.76640297812942
002247.SZ,20260814,2.33,307300,716009.0,0.0,17.06805491458452,45.0
002248.SZ,20260814,11.66,1526800,17802488.0,-0.6814310051107331,17.880976818642228,40.9114139693356
002249.SZ,20260814,7.35,75800,557130.0,0.0,3.135062927804878,45.0
002250.SZ,20260814,16.41,131400,2156274.0,0.24434941967013124,9.922931681902195,46.46609651802079
002251.SZ,20260814,3.85,937900,3610915.0,-0.773195876288657,8.256009189223764,40.36082474226806
002252.SZ,20260814,4.99,189700,946603.0,-0.5976095617529764,4.201261463635778,41.41434262948214
002253.SZ,20260814,9.93,10400,103272.0,-0.20100502512562235,2.9881680299382767,43.79396984924627
002254.SZ,20260814,12.5,55200,690000.0,0.32102728731941976,2.374900083306952,46.92616372391652
002255.SZ,20260814,8.4,3300,27720.0,0.0,0.41906840458708167,45.0
002256.SZ,20260814,3.73,534300,1992939.0,0.26881720430107503,6.557680494065044,46.61290322580645
002258.SZ,20260814,13.7,108500,1486450.0,-0.07293946024800047,7.16597035778681,44.562363238512
002259.SZ,20260814,3.99,84200,335958.0,0.5037783375314797,9.400663820203931,48.02267002518888
002261.SZ,20260814,26.2,209100,5478420.0,0.19120458891013214,3.805943056775573,46.14722753346079
002262.SZ,20260814,22.03,72500,1597175.0,-0.49683830171635135,8.557179630041844,42.01897018970189
002263.SZ,20260814,3.03,96700,293001.0,-0.328947368421062,2.2282569982505493,43.02631578947363
002264.SZ,20260814,6.68,69100,461588.0,0.6024096385542244,4.850498006515388,48.614457831325346
002265.SZ,20260814,20.59,182300,3753557.0,-0.04854368932039055,8.822403955600889,44.708737864077655
002266.SZ,20260814,4.91,183100,899021.0,0.0,3.8948282814438726,45.0
002267.SZ,20260814,6.96,7300,50808.0,0.0,1.5077031631258644,45.0
002268.SZ,20260814,14.14,18200,257348.0,-0.21171489061396764,1.8518747587008135,43.72971065631619
002269.SZ,20260814,1.49,183700,273713.0,0.0,3.714512467337897,45.0
002270.SZ,20260814,20.21,47400,957954.0,-0.5413385826771644,4.2869563196214395,41.751968503937015
002271.SZ,20260814,11.5,129700,1491550.0,-0.2601908065914982,2.808029411840787,43.43885516045101
002272.SZ,20260814,15.17,105500,1600435.0,1.1333333333333417,4.655338782711209,51.800000000000054
002273.SZ,20260814,27.08,60000,1624800.0,0.4451038575667532,1.597137175069031,47.67062314540052
002274.SZ,20260814,5.65,4000,22600.0,0.17730496453902678,0.3544473947146934,46.06382978723416
002275.SZ,20260814,13.46,19400,261124.0,0.0,8.442682999714458,45.0
002276.SZ,20260814,10.43,14400,150192.0,0.19212295869355245,1.2354603998824083,46.152737752161315
002277.SZ,20260814,5.94,64500,383130.0,0.8488964346349936,4.139735058901137,50.09337860780996
002278.SZ,20260814,8.0,23200,185600.0,0.12515644555695093,1.859642798861334,45.75093867334171
002279.SZ,20260814,6.99,521100,3642489.0,-0.28530670470755526,3.65921387811155,43.28815977175467
002281.SZ,20260814,186.51,165700,30904707.0,0.8980254260210874,4.147379157080493,50.38815255612653
002282.SZ,20260814,5.86,49300,288898.0,-0.17035775127768327,13.420537994600918,43.9778534923339
002283.SZ,20260814,9.19,53200,488908.0,0.547045951859948,5.1394172841815955,48.282275711159684
002284.SZ,20260814,9.32,10500,97860.0,-0.21413276231262435,0.8637216758862039,43.715203426124255
002285.SZ,20260814,2.21,101300,223873.0,-0.45045045045045695,2.2174284733824994,42.297297297297256
002286.SZ,20260814,7.98,8600,68628.0,0.0,1.6481758110300004,45.0
002287.SZ,20260814,20.91,24500,512295.0,0.1436781609195359,7.870141995563113,45.86206896551722
002289.SZ,20260814,37.1,24900,923790.0,0.0,5.743916779332719,45.0
002290.SZ,20260814,62.68,27500,1723700.0,0.6907630522088315,5.066088690855597,49.14457831325299
002291.SZ,20260814,5.58,439300,2451294.0,-0.5347593582887722,11.70441773592671,41.79144385026737
002292.SZ,20260814,8.31,299500,2488845.0,-0.24009603841536054,8.497902282504114,43.55942376950784
002293.SZ,20260814,10.9,19400,211460.0,0.0,3.9172402586891373,45.0
002294.SZ,20260814,35.2,220000,7744000.0,-1.6759776536312665,6.782332848702677,34.9441340782124
002295.SZ,20260814,8.73,8500,74205.0,-0.7954545454545436,3.2491785649231457,40.22727272727274
002296.SZ,20260814,9.02,43100,388762.0,-0.11074197120708451,6.678750981724615,44.33554817275749
002297.SZ,20260814,18.76,203100,3810156.0,0.9144701452393766,5.544792281512931,50.48682087143626
002298.SZ,20260814,8.96,378800,3394048.0,0.0,7.273391472700424,45.0
002299.SZ,20260814,16.21,33600,544656.0,0.12353304508956331,3.61197385000565,45.74119827053738
002300.SZ,20260814,7.42,106300,788746.0,-0.26881720430108613,3.491458360058996,43.38709677419348
002301.SZ,20260814,7.69,14500,111505.0,0.0,0.8071946726875084,45.0
002302.SZ,20260814,4.77,53600,255672.0,-0.20920502092051096,5.666169577256611,43.74476987447694
002303.SZ,20260814,5.26,209200,1100392.0,0.0,5.3342766440295595,45.0
002304.SZ,20260814,41.56,38700,1608372.0,-0.024055809477985246,6.460405485153201,44.855665143132086
002305.SZ,20260814,2.1,79300,166530.0,-0.4739336492890933,5.467676032736064,42.15639810426544
002306.SZ,20260814,1.87,23500,43945.0,-0.5319148936170137,5.758753252526015,41.80851063829792
002307.SZ,20260814,3.0,49400,148200.0,-0.33222591362125353,2.0493474570709416,43.00664451827248
002309.SZ,20260814,3.37,322400,1086488.0,0.0,1.975540487726252,45.0
002310.SZ,20260814,2.53,916500,2318745.0,-0.3937007874015852,5.868336194835349,42.63779527559049
002311.SZ,20260814,45.39,17700,803403.0,-0.24175824175823868,3.802764272665841,43.54945054945057
002312.SZ,20260814,8.4,8300,69720.0,0.11918951132299238,0.675139164345746,45.71513706793795
002313.SZ,20260814,8.59,136900,1175971.0,0.0,16.5856743487547,45.0
002314.SZ,20260814,2.16,17700,38232.0,0.0,0.6706248118773696,45.0
002315.SZ,20260814,26.77,37400,1001198.0,0.0,5.497645660034262,45.0
002316.SZ,20260814,4.43,64000,283520.0,-0.22522522522524513,6.659789519456912,43.64864864864853
002317.SZ,20260814,28.49,613200,17470068.0,-1.758620689655177,11.421784840359296,34.44827586206894
002318.SZ,20260814,19.85,3500,69475.0,0.0,0.4455021574728786,45.0
002319.SZ,20260814,11.03,60000,661800.0,-0.2712477396021762,9.766155328206569,43.37251356238694
002320.SZ,20260814,6.56,67400,442144.0,-0.3039513677811634,4.438132860650128,43.17629179331302
002321.SZ,20260814,2.0,126600,253200.0,0.0,5.248811492459332,45.0
002322.SZ,20260814,12.39,1743600,21603204.0,4.468802698145025,66.9235699150711,71.81281618887014
002323.SZ,20260814,1.3,162400,211120.0,-0.7633587786259555,6.2763993653199845,40.419847328244266
002324.SZ,20260814,9.3,24800,230640.0,0.21551724137931494,2.077871307851913,46.293103448275886
002326.SZ,20260814,19.33,95800,1851814.0,0.10357327809424888,3.211447760834652,45.62143966856549
002327.SZ,20260814,6.52,20800,135616.0,0.0,5.69413426410528,45.0
002328.SZ,20260814,7.5,101000,757500.0,0.2673796791443861,3.5343680304440803,46.604278074866315
002329.SZ,20260814,4.16,9949300,41389088.0,-9.956709956709952,40.313098344808246,15.0
002330.SZ,20260814,4.12,1915300,7891036.0,-0.7228915662650715,44.47330337430845,40.66265060240957
002331.SZ,20260814,7.12,2800,19936.0,0.42313117066290484,0.31846903759758605,47.53878702397743
002332.SZ,20260814,8.62,124850,1076207.0,-0.3468208092485714,8.920874775854324,42.91907514450857
002333.SZ,20260814,5.51,4300,23693.0,-0.3616636528029016,0.8631114934371578,42.830018083182594
002334.SZ,20260814,6.8,43300,294440.0,0.0,4.969809664606057,45.0
002335.SZ,20260814,32.33,298215,9641290.95,0.5911636589919,10.335680658656935,48.5469819539514
002337.SZ,20260814,4.61,7400,34114.0,0.0,0.9635287941431775,45.0
002338.SZ,20260814,44.6,30000,1338000.0,1.0192525481313774,6.104477665779903,51.115515288788266
002339.SZ,20260814,7.33,23000,168590.0,0.0,1.8827363605614411,45.0
002340.SZ,20260814,6.63,322900,2140827.0,0.0,5.363495092171787,45.0
002342.SZ,20260814,8.17,146800,1199356.0,-0.3658536585365746,4.3197104299828535,42.80487804878055
002343.SZ,20260814,5.22,69600,363312.0,0.38461538461538325,6.144363209877766,47.3076923076923
002344.SZ,20260814,3.92,469000,1838480.0,0.0,27.8935745514863,45.0
002345.SZ,20260814,10.56,214000,2259840.0,-0.6585136406397019,8.508681282143312,41.04891815616179
002346.SZ,20260814,21.49,11300,242837.0,-0.5552984729291999,1.8490869092309623,41.6682091624248
002347.SZ,20260814,6.02,7600,45752.0,-0.33112582781458233,0.1940811957384618,32.947860266035626
002348.SZ,20260814,12.78,243900,3117042.0,1.7515923566878921,9.825686784501364,55.50955414012735
002349.SZ,20260814,7.03,133900,941317.0,-0.7062146892655385,6.095297617653809,40.76271186440677
002350.SZ,20260814,15.1,29700,448470.0,0.3989361702127603,3.5124238165479307,47.39361702127656
002351.SZ,20260814,9.89,1700,16813.0,0.0,0.24517436382312324,44.13138548816218
002352.SZ,20260814,32.9,77100,2536590.0,-0.182038834951459,5.667452118867513,43.90776699029124
002353.SZ,20260814,146.55,663199,97191813.45,1.3625674367132357,23.153349038220036,53.175404620279416
002354.SZ,20260814,8.42,5254700,44244574.0,0.8383233532934131,15.286644277182186,50.02994011976048
002355.SZ,20260814,4.86,467700,2273022.0,0.20618556701033075,15.776007263590449,46.237113402061986
002356.SZ,20260814,2.73,50700,138411.0,0.0,3.37595454297001,45.0
002357.SZ,20260814,10.32,353300,3646056.0,-0.6737247353224229,15.443188605036674,40.95765158806546
002358.SZ,20260814,5.6,43700,244720.0,-0.3558718861210064,2.3845169626538967,42.864768683273965
002360.SZ,20260814,5.49,25200,138348.0,1.4787430683918634,8.154735866685915,53.87245841035118
002361.SZ,20260814,12.0,577500,6930000.0,0.925147182506314,7.06213232511109,50.55088309503788
002362.SZ,20260814,16.09,30900,497181.0,0.0,11.122696826404646,45.0
002363.SZ,20260814,6.47,8000,51760.0,0.0,2.520048038659173,45.0
002364.SZ,20260814,43.5,530000,23055000.0,1.1627906976744207,10.373375131744769,51.976744186046524
002365.SZ,20260814,13.4,33800,452920.0,-0.14903129657227732,2.029335384462163,44.105812220566335
002366.SZ,20260814,6.07,416500,2528155.0,1.1666666666666714,10.073357716309363,52.00000000000003
002367.SZ,20260814,5.55,87600,486180.0,0.18050541516245744,5.160507623780164,46.083032490974745
002368.SZ,20260814,14.4,22900,329760.0,-0.20790020790020236,3.3608244684572672,43.752598752598786
002369.SZ,20260814,6.06,326100,1976166.0,0.6644518272425293,12.518037759470909,48.986710963455174
002370.SZ,20260814,5.89,496200,2922618.0,-2.9654036243822124,8.262467472197319,27.207578253706725
002371.SZ,20260814,743.84,47500,35332400.0,0.7094503113999506,7.135614254219339,49.2567018683997
002372.SZ,20260814,8.47,63700,539539.0,0.0,7.382580337432191,45.0
002373.SZ,20260814,7.82,29800,233036.0,0.0,2.3111909386731364,45.0
002374.SZ,20260814,3.17,32000,101440.0,-0.3144654088050425,1.7386232270465054,43.11320754716974
002375.SZ,20260814,3.64,50000,182000.0,0.8310249307479367,3.4243276920545007,49.98614958448762
002376.SZ,20260814,6.68,141700,946556.0,0.4511278195488577,6.0991017420000215,47.706766917293145
002377.SZ,20260814,2.67,18800,50196.0,0.0,0.9023499712842886,45.0
002378.SZ,20260814,25.95,271700,7050615.0,-0.23068050749712743,9.256464090570123,43.615916955017234
002379.SZ,20260814,19.5,726000,14157000.0,-3.4653465346534573,11.654547447286642,24.207920792079257
002380.SZ,20260814,28.89,11900,343791.0,0.03462603878117143,3.0549711123948406,45.20775623268703
002381.SZ,20260814,5.41,20100,108741.0,0.18518518518517713,5.240626962216983,46.111111111111065
002382.SZ,20260814,6.01,49600,298096.0,-0.3316749585406398,3.378987695034697,43.00995024875616
002383.SZ,20260814,7.05,4000,28200.0,0.0,0.5506970858457668,45.0
002384.SZ,20260814,203.24,402800,81865072.0,0.5591014793923987,7.168841356766235,48.35460887635439
002385.SZ,20260814,3.04,100200,304608.0,0.33003300330034513,2.3587380308450787,46.980198019802074
002386.SZ,20260814,5.72,112100,641212.0,0.0,12.400210607021707,45.0
002387.SZ,20260814,7.12,83800,596656.0,0.42313117066290484,8.480166231156081,47.53878702397743
002388.SZ,20260814,5.9,293699,1732824.1,0.0,6.5981792514454085,45.0
002389.SZ,20260814,18.5,78100,1444850.0,-0.591080064481464,4.514057185130665,41.45351961311122
002390.SZ,20260814,3.13,207300,648849.0,0.0,4.944920052214046,45.0
002391.SZ,20260814,5.09,54500,277405.0,-0.19607843137254832,6.86387607873679,43.82352941176471
002392.SZ,20260814,7.4,49900,369260.0,0.4070556309362372,3.1173361669355724,47.44233378561742
002393.SZ,20260814,14.96,7200,107712.0,-0.1335113484646211,3.029341225100218,44.19893190921228
002394.SZ,20260814,9.77,46800,457236.0,0.41109969167523186,9.944971358584278,47.46659815005139
002395.SZ,20260814,12.32,2100,25872.0,0.0,0.8121876619364291,45.0
002396.SZ,20260814,33.15,3644838,120826379.7,2.3780111179740437,28.14706069420485,59.26806670784426
002397.SZ,20260814,3.52,31300,110176.0,0.0,2.551369656819291,45.0
002398.SZ,20260814,4.13,11600,47908.0,0.24271844660193054,1.1470413764266667,46.45631067961158
002399.SZ,20260814,10.7,69000,738300.0,-0.2795899347623587,8.21029801967278,43.32246039142585
002400.SZ,20260814,7.52,7668900,57670128.0,-5.408805031446551,31.66647605685863,15.0
002401.SZ,20260814,12.3,38200,469860.0,-0.24330900243308973,16.739514275771004,43.54014598540146
002402.SZ,20260814,21.12,53300,1125696.0,0.0,2.9155901517776353,45.0
002403.SZ,20260814,9.73,10300,100219.0,-0.20512820512820218,2.6260679807793594,43.76923076923079
002404.SZ,20260814,5.91,19400,114654.0,-0.16891891891891442,4.028912986949097,43.98648648648651
002405.SZ,20260814,6.56,111300,730128.0,-0.3039513677811634,2.954314014230309,43.17629179331302
002406.SZ,20260814,6.79,61000,414190.0,0.0,7.957752912092549,45.0
002407.SZ,20260814,38.26,1255000,48016300.0,-1.8219142930459342,6.2228718375647745,34.068514241724394
002408.SZ,20260814,4.93,94300,464899.0,0.20325203252031798,3.7254281366182576,46.21951219512191
002409.SZ,20260814,152.01,156221,23747154.21,1.6789297658862834,6.984441075313923,55.0735785953177
002410.SZ,20260814,9.3,15800,146940.0,0.10764262648010892,0.5863522682590611,45.64585575888066
002412.SZ,20260814,7.28,74600,543088.0,-0.8174386920980825,3.290964884494633,40.0953678474115
002413.SZ,20260814,8.71,166700,1451957.0,0.0,3.9969893476341523,45.0
002414.SZ,20260814,13.9,145900,2028010.0,0.5061460592914013,2.968039626111137,48.036876355748404
002415.SZ,20260814,35.62,397500,14158950.0,-0.11217049915871469,4.101301789564849,44.32697700504771
002416.SZ,20260814,9.85,167400,1648890.0,-0.4044489383215444,10.055317620952973,42.57330637007073
002418.SZ,20260814,3.72,402400,1496928.0,0.540540540540535,4.576539991045762,48.243243243243214
002419.SZ,20260814,4.65,24100,112065.0,0.21551724137931494,3.0074212238757525,46.293103448275886
002420.SZ,20260814,5.75,46500,267375.0,-0.17361111111110494,6.574276253018328,43.95833333333337
002421.SZ,20260814,3.55,4670300,16579565.0,-0.5602240896358524,13.504827860634636,41.638655462184886
002422.SZ,20260814,46.26,140100,6481026.0,-0.08639308855291628,3.6365380897577673,44.481641468682504
002423.SZ,20260814,9.02,35501,320219.02,0.0,3.3239619074273623,45.0
002424.SZ,20260814,4.65,129900,604035.0,-0.21459227467810482,14.53724633433527,43.71244635193137
002425.SZ,20260814,3.25,1598900,5196425.0,-2.4024024024024038,17.331233712920234,30.585585585585576
002426.SZ,20260814,2.86,2008500,5744310.0,-1.718213058419249,15.204550887439705,34.6907216494845
002427.SZ,20260814,4.35,5800,25230.0,0.4618937644341736,0.7365663726548961,47.77136258660504
002428.SZ,20260814,100.83,868135,87534052.05,0.6187007284702117,10.999776135260023,48.71220437082127
002429.SZ,20260814,8.4,281500,2364600.0,1.449275362318847,3.58209903231293,53.69565217391308
002430.SZ,20260814,23.66,24000,567840.0,-0.042247570764686326,2.3783206872712803,44.74651457541188
002431.SZ,20260814,1.35,273100,368685.0,0.0,18.63569033291355,45.0
002432.SZ,20260814,73.5,146896,10796856.0,1.5894955079474915,6.369639606627068,54.53697304768495
002434.SZ,20260814,6.0,96100,576600.0,0.0,6.1207895130472165,45.0
002436.SZ,20260814,34.81,216900,7550289.0,0.6360219716680993,2.2704289819460635,48.816131830008594
002437.SZ,20260814,4.43,24740300,109599529.0,4.235294117647048,26.129058841043886,70.41176470588229
002438.SZ,20260814,13.95,29500,411525.0,-0.14316392269149159,4.267742519182847,44.14101646385105
002439.SZ,20260814,14.03,94000,1318820.0,-0.35511363636364646,3.818921098519061,42.86931818181812
002440.SZ,20260814,12.65,311630,3942119.5,0.4765687053216894,6.198519435386779,47.859412231930136
002441.SZ,20260814,7.99,5300,42347.0,-0.24968789013731785,1.400837791506138,43.501872659176094
002442.SZ,20260814,4.95,54100,267795.0,0.0,9.799273969286864,45.0
002443.SZ,20260814,8.72,178700,1558264.0,-0.6833712984054552,5.554251915025577,40.89977220956727
002444.SZ,20260814,29.77,6200,184574.0,0.1345442314160783,1.2641217441143084,45.80726538849647
002445.SZ,20260814,3.11,1427500,4439525.0,-1.8927444794952675,17.628430354581834,33.64353312302839
002446.SZ,20260814,8.76,211200,1850112.0,1.2716763005780285,4.355103063131046,52.63005780346817
002448.SZ,20260814,12.17,120800,1470136.0,0.4125412541254203,5.2079780774342,47.47524752475252
002449.SZ,20260814,6.47,53400,345498.0,0.7788161993769416,7.48889914379083,49.67289719626165
002451.SZ,20260814,7.49,8400,62916.0,0.6720430107526765,1.2503526031702865,49.03225806451606
002452.SZ,20260814,11.43,72500,828675.0,0.616197183098599,7.392212990962489,48.697183098591594
002453.SZ,20260814,4.48,22000,98560.0,0.6741573033707926,2.2976406327481116,49.04494382022476
002454.SZ,20260814,5.04,39300,198072.0,0.8000000000000007,4.277227909347104,49.800000000000004
002455.SZ,20260814,7.2,75800,545760.0,0.13908205841446364,2.584515976919936,45.834492350486784
002456.SZ,20260814,7.36,174100,1281376.0,0.2724795640327127,3.029339517993393,46.63487738419627
002457.SZ,20260814,10.77,64400,693588.0,-0.2777777777777879,4.298498399697662,43.33333333333327
002458.SZ,20260814,10.05,391700,3936585.0,0.29940119760480943,7.175619714803736,46.79640718562886
002459.SZ,20260814,7.66,212600,1628516.0,0.5249343832020914,6.203134614754664,48.14960629921255
002460.SZ,20260814,53.52,153500,8215320.0,0.6772009029345494,4.429083018790707,49.06320541760729
002461.SZ,20260814,8.61,5300,45633.0,-0.2317497103128785,1.3480792390902996,43.60950173812273
002462.SZ,20260814,12.19,31700,386423.0,0.0,6.800809129004149,45.0
002463.SZ,20260814,120.95,141100,17066045.0,0.24034477042931268,4.004972484887938,46.442068622575874
002465.SZ,20260814,10.59,90700,960513.0,0.37914691943126133,2.24918956818422,47.27488151658757
002466.SZ,20260814,48.11,186900,8991759.0,0.7328308207705136,3.758067464848474,49.396984924623084
002467.SZ,20260814,4.84,199000,963160.0,-0.20618556701030855,1.2789682354362704,43.76288659793815
002468.SZ,20260814,14.06,23900,336034.0,0.0,2.3308780359059362,45.0
002469.SZ,20260814,5.77,3700,21349.0,-0.5172413793103514,0.919453916124734,41.89655172413789
002470.SZ,20260814,1.95,243900,475605.0,0.0,3.1478393205885173,45.0
002471.SZ,20260814,5.74,121300,696262.0,-0.3472222222222099,2.7815897677149968,42.91666666666674
002472.SZ,20260814,38.22,87400,3340428.0,-0.1045478306325176,4.825380132848872,44.3727130162049
002474.SZ,20260814,6.76,3307400,22358024.0,-1.4577259475218707,39.86099571398222,36.25364431486878
002475.SZ,20260814,56.6,382100,21626860.0,0.9632536567962813,5.353973536507699,50.779521940777684
002476.SZ,20260814,4.55,10000,45500.0,0.0,1.8217822860460846,45.0
002478.SZ,20260814,6.24,43700,272688.0,0.0,5.5452175751263955,45.0
002479.SZ,20260814,5.68,45500,258440.0,0.0,3.0084566454437223,45.0
002480.SZ,20260814,5.6,17900,100240.0,-0.5328596802841923,2.891171393970327,41.802841918294845
002481.SZ,20260814,4.26,49500,210870.0,0.0,5.9656620549007755,45.0
002482.SZ,20260814,1.31,478800,627228.0,0.7692307692307665,6.440173325358451,49.6153846153846
002483.SZ,20260814,5.68,1434100,8145688.0,-1.388888888888895,37.60560602702799,36.66666666666663
002484.SZ,20260814,69.01,978400,67519384.0,3.6030626032127477,15.045878597053841,66.61837561927649
002485.SZ,20260814,6.0,6600,39600.0,0.0,3.322502523264473,45.0
002486.SZ,20260814,2.41,120000,289200.0,0.0,2.5421529861953402,45.0
002487.SZ,20260814,42.8,89400,3826320.0,0.5875440658049458,6.003395008367342,48.52526439482968
002488.SZ,20260814,8.64,130500,1127520.0,0.23201856148493682,6.9047572061984335,46.392111368909625
002489.SZ,20260814,2.74,85500,234270.0,0.0,4.001231526014554,45.0
002490.SZ,20260814,7.46,458200,3418172.0,-2.2280471821756187,10.22706230132551,31.631716906946288
002491.SZ,20260814,18.82,3204700,60312454.0,-0.6335797254487963,10.888219823975161,41.198521647307224
002492.SZ,20260814,5.56,11800,65608.0,0.5424954792043302,2.2071710361226193,48.25497287522598
002493.SZ,20260814,12.6,208600,2628360.0,-0.7874015748031482,4.801162667508521,40.27559055118111
002494.SZ,20260814,4.72,54700,258184.0,-0.42194092827004814,6.839528673759165,42.46835443037971
002495.SZ,20260814,2.41,115600,278596.0,0.0,5.104832988483416,45.0
002496.SZ,20260814,2.07,23600,48852.0,-0.48076923076924016,1.1213861997189924,42.115384615384556
002497.SZ,20260814,19.01,180900,3438909.0,0.9559214020180784,5.276674121935003,50.73552841210847
002498.SZ,20260814,7.0,839800,5878600.0,-0.2849002849002802,6.7966804014448075,43.29059829059832
002500.SZ,20260814,5.35,70500,377175.0,-0.1865671641791189,4.187896905659992,43.880597014925286
002501.SZ,20260814,1.29,146500,188985.0,0.0,7.3320060443803134,45.0
002506.SZ,20260814,2.69,785500,2112995.0,0.0,4.718180513197557,45.0
002507.SZ,20260814,11.5,23700,272550.0,-0.08688097306689402,1.9923163321758515,44.47871416159864
002508.SZ,20260814,15.98,46500,743070.0,0.0,8.1830523501827,45.0
002510.SZ,20260814,5.62,26400,148368.0,0.17825311942958333,2.1071344540754597,46.0695187165775
002511.SZ,20260814,7.15,33500,239525.0,-0.2789400278939924,2.5822307660030317,43.326359832636044
002512.SZ,20260814,3.84,166500,639360.0,1.0526315789473717,2.8537539884464174,51.315789473684234
002513.SZ,20260814,5.2,22700,118040.0,0.5802707930367523,4.083189273845052,48.48162475822051
002514.SZ,20260814,1.89,303200,573048.0,-0.5263157894736858,10.33799675641401,41.84210526315788
002515.SZ,20260814,7.05,192200,1355010.0,0.14204545454545858,1.846729197789826,45.85227272727275
002516.SZ,20260814,5.36,80500,431480.0,0.3745318352059934,6.193753592439527,47.24719101123596
002517.SZ,20260814,17.49,370400,6478296.0,0.748847926267282,3.367471319828659,49.493087557603694
002518.SZ,20260814,35.47,65600,2326832.0,1.3139103113396278,6.146581070040581,52.88346186803777
002519.SZ,20260814,5.63,349500,1967685.0,0.5357142857142838,13.830965483373415,48.2142857142857
002520.SZ,20260814,6.39,634700,4055733.0,0.0,5.09707422433039,45.0
002521.SZ,20260814,7.01,11600,81316.0,0.14285714285713347,3.0428852169122127,45.857142857142804
002522.SZ,20260814,4.98,80800,402384.0,0.0,3.237143348600016,45.0
002523.SZ,20260814,3.31,27900,92349.0,-0.3012048192771011,2.0125598501572624,43.192771084337394
002524.SZ,20260814,3.95,40400,159580.0,-0.2525252525252486,3.361309349421503,43.484848484848506
002526.SZ,20260814,2.75,79600,218900.0,0.0,5.235633079845904,45.0
002527.SZ,20260814,11.72,23900,280108.0,-0.08525149190110604,3.8589634734396476,44.48849104859336
002528.SZ,20260814,4.89,64300,314427.0,2.0876826722338038,5.402464756904914,57.52609603340282
002529.SZ,20260814,7.05,39500,278475.0,0.42735042735042583,10.585260869520594,47.564102564102555
002530.SZ,20260814,7.35,269900,1983765.0,-0.13586956521740579,15.785552566896735,44.18478260869556
002531.SZ,20260814,6.65,69600,462840.0,0.1506024096385561,2.469445328041554,45.90361445783134
002532.SZ,20260814,13.08,1425800,18649464.0,-0.83396512509476,19.081483573779543,39.99620924943144
002533.SZ,20260814,11.5,49500,569250.0,-0.6050129645635338,6.59589504682065,41.369922212618796
002534.SZ,20260814,15.83,11200,177296.0,0.4441624365482344,1.0585117087994838,47.66497461928941
002535.SZ,20260814,2.48,39200,97216.0,-0.40160642570281624,3.225230367791913,42.5903614457831
002536.SZ,20260814,43.28,291600,12620448.0,3.9135654261704733,5.771626853986367,68.48139255702284
002537.SZ,20260814,5.82,36900,214758.0,-0.17152658662091813,2.1189616472638417,43.97084048027449
002538.SZ,20260814,7.09,738200,5233838.0,1.7216642754662947,40.25306582960341,55.32998565279777
002539.SZ,20260814,12.39,27700,343203.0,0.08077544426494665,1.9877058553136595,45.48465266558968
002540.SZ,20260814,5.06,8400,42504.0,-0.3937007874015852,1.2219667413599875,42.63779527559049
002541.SZ,20260814,19.61,20000,392200.0,-0.05096839959226607,3.8986282848348877,44.6941896024464
002542.SZ,20260814,1.71,70900,121239.0,-0.5813953488372103,2.8100103946210524,41.51162790697674
002543.SZ,20260814,7.29,1009300,7357797.0,-0.545702592087316,44.34986834946756,41.7257844474761
002544.SZ,20260814,16.94,17900,303226.0,0.2366863905325589,2.0484702910794015,46.420118343195355
002545.SZ,20260814,17.36,75600,1312416.0,0.2888503755055005,5.486492926368696,46.733102253033
002546.SZ,20260814,8.45,66100,558545.0,0.7151370679379987,2.9215327648295086,49.29082240762799
002547.SZ,20260814,2.69,343300,923477.0,1.1278195488721776,13.826097438071876,51.766917293233064
002548.SZ,20260814,4.12,66300,273156.0,0.0,2.9198488659136017,45.0
002549.SZ,20260814,14.44,68200,984808.0,0.9084556254367548,4.723378748223892,50.45073375262053
002550.SZ,20260814,6.95,388300,2698685.0,-1.4184397163120477,5.543931096611673,36.48936170212771
002551.SZ,20260814,3.25,54400,176800.0,0.0,3.43539003646178,45.0
002552.SZ,20260814,59.59,510300,30408777.0,1.585407432662822,12.144587851898724,54.51244459597693
002553.SZ,20260814,15.72,12900,202788.0,-0.12706480304954804,2.9310539775491784,44.23761118170271
002554.SZ,20260814,2.85,78700,224295.0,0.0,4.363195765298643,45.0
002555.SZ,20260814,19.2,178400,3425280.0,-0.052056220718388335,2.830511918604352,44.68766267568967
002556.SZ,20260814,4.97,63000,313110.0,0.0,6.5229618389812005,45.0
002557.SZ,20260814,19.34,6800,131512.0,-0.10330578512396382,0.8702225897526464,44.38016528925622
002558.SZ,20260814,28.4,501100,14231240.0,-0.5950297514875857,5.881931829218932,41.429821491074485
002559.SZ,20260814,9.88,170300,1682564.0,1.4373716632443578,7.124726011298042,53.62422997946615
002560.SZ,20260814,6.43,35840,230451.2,-0.4643962848297267,1.6605692368584923,42.213622291021636
002561.SZ,20260814,6.71,3800,25498.0,-0.2971768202080338,0.8554271430742995,43.2169390787518
002562.SZ,20260814,4.95,626000,3098700.0,-0.4024144869215207,15.38358188452095,42.585513078470875
002563.SZ,20260814,5.84,41700,243528.0,0.0,2.7640009308447997,45.0
002564.SZ,20260814,4.59,46000,211140.0,0.21834061135370675,4.172830026605003,46.31004366812224
002565.SZ,20260814,9.63,447100,4305573.0,0.0,11.785005189045924,45.0
002566.SZ,20260814,6.77,66100,447497.0,-1.167883211678833,8.77927045558716,37.992700729927
002567.SZ,20260814,3.67,81400,298738.0,0.0,4.650937873404502,45.0
002568.SZ,20260814,19.69,55700,1096733.0,0.050813008130079496,4.047000574549852,45.30487804878048
002569.SZ,20260814,12.78,1400,17892.0,-0.3897116134060852,1.5146537159766928,42.66173031956349
002570.SZ,20260814,4.7,407300,1914310.0,0.0,11.033394758179861,45.0
002571.SZ,20260814,11.17,2100,23457.0,0.6306306306306242,0.532049163184448,48.78378378378375
002572.SZ,20260814,8.39,14700,123333.0,0.11933174224343368,1.863564072548831,45.715990453460606
002573.SZ,20260814,3.4,1039000,3532600.0,0.591715976331364,31.267829294476456,48.55029585798818
002574.SZ,20260814,4.61,34500,159045.0,0.43572984749455923,7.863562780929544,47.614379084967354
002575.SZ,20260814,5.97,4582800,27359316.0,-1.8092105263157965,43.84017213930909,34.14473684210522
002576.SZ,20260814,14.37,87000,1250190.0,-1.3726835964310347,22.593123647758564,36.76389842141379
002577.SZ,20260814,18.9,9800,185220.0,1.2319228709158914,3.5036835684561263,52.39153722549535
002578.SZ,20260814,3.28,67600,221728.0,-1.2048192771084376,2.5894295223811215,37.77108433734937
002579.SZ,20260814,14.85,509900,7572015.0,1.2960436562073685,9.606560035433306,52.776261937244215
002580.SZ,20260814,21.66,631396,13676037.36,-1.990950226244348,5.359189998115297,33.05429864253391
002581.SZ,20260814,4.28,440200,1884056.0,0.23419203747074846,21.020700512543975,46.40515222482449
002582.SZ,20260814,11.5,1083000,12454500.0,0.0,20.904773432002678,45.0
002583.SZ,20260814,8.39,78600,659454.0,0.11933174224343368,5.689537440085012,45.715990453460606
002584.SZ,20260814,8.19,45600,373464.0,0.7380073800737907,2.5158491415833186,49.42804428044275
002585.SZ,20260814,11.01,1552300,17090823.0,-2.5663716814159354,12.636325179105876,29.601769911504388
002586.SZ,20260814,4.0,63800,255200.0,0.0,6.738187704338264,45.0
002587.SZ,20260814,5.54,21500,119110.0,0.0,1.3715834671689497,45.0
002588.SZ,20260814,8.56,18300,156648.0,0.0,2.248633125101362,45.0
002589.SZ,20260814,3.6,4879200,17565120.0,-2.96495956873315,19.48212404967831,27.2102425876011
002590.SZ,20260814,9.45,5700,53865.0,0.0,1.4505885352634802,45.0
002591.SZ,20260814,6.26,113900,713014.0,0.16000000000000458,17.298270823106407,45.96000000000003
002592.SZ,20260814,6.16,3300,20328.0,-0.3236245954692518,1.8569600008184945,43.05825242718449
002593.SZ,20260814,4.44,18600,82584.0,0.0,1.8193440927923648,45.0
002594.SZ,20260814,89.3,191200,17074160.0,-0.4570282019841665,9.31964917608075,42.257830788095
002595.SZ,20260814,51.32,4100,210412.0,0.29314051201876357,2.1949195191223083,46.75884307211258
002596.SZ,20260814,3.28,29400,96432.0,0.0,1.461600321093729,45.0
002597.SZ,20260814,19.72,60600,1195032.0,0.0,17.954297807829203,45.0
002598.SZ,20260814,6.65,79300,527345.0,-0.894187779433675,55.15790099055053,39.63487332339795
002599.SZ,20260814,6.09,31100,189399.0,0.164473684210531,3.2490063631799657,45.986842105263186
002600.SZ,20260814,12.55,395900,4968545.0,0.0,4.630962810264542,45.0
002601.SZ,20260814,15.61,21000,327810.0,0.0,1.7714149575140277,45.0
002602.SZ,20260814,13.95,988000,13782600.0,1.6023306627822143,5.467670562709116,54.613983976693284
002603.SZ,20260814,17.11,193400,3309074.0,0.05847953216373547,5.986963773266085,45.35087719298241
002605.SZ,20260814,17.91,13400,239994.0,-0.27839643652561863,2.2239393522507207,43.32962138084629
002606.SZ,20260814,14.37,81300,1168281.0,0.13937282229965486,4.829890562611535,45.83623693379793
002607.SZ,20260814,2.14,476800,1020352.0,0.0,2.8398596990409697,45.0
002608.SZ,20260814,7.28,33500,243880.0,-0.2739726027397249,1.6160100230735626,43.35616438356165
002609.SZ,20260814,7.75,4600,35650.0,0.12919896640826156,1.086770527514189,45.77519379844957
002611.SZ,20260814,15.65,179400,2807610.0,0.0,9.095528504767442,45.0
002612.SZ,20260814,15.74,32700,514698.0,-0.6940063091482651,3.2368771266419207,40.83596214511041
002613.SZ,20260814,3.43,143300,491519.0,0.5865102639296182,5.955316421446876,48.51906158357771
002614.SZ,20260814,4.93,5700,28101.0,0.0,0.8595187936578335,45.0
002615.SZ,20260814,6.62,9400,62228.0,0.4552352048558417,1.719796160764836,47.73141122913505
002616.SZ,20260814,4.81,73900,355459.0,0.2083333333333215,6.616872017503469,46.24999999999993
002617.SZ,20260814,6.32,341200,2156384.0,-0.15797788309636074,5.829328375098705,44.05213270142183
002620.SZ,20260814,5.08,290000,1473200.0,-1.3592233009708798,47.097703149366374,36.84466019417472
002622.SZ,20260814,2.53,115700,292721.0,0.0,3.1611302224399136,45.0
002623.SZ,20260814,16.3,15400,251020.0,0.0,4.778603576519975,45.0
002624.SZ,20260814,11.58,572300,6627234.0,-1.5306122448979553,8.015018019233162,35.81632653061227
002625.SZ,20260814,30.64,123800,3793232.0,-0.8093234056328891,6.272246820150101,40.144059566202664
002626.SZ,20260814,16.49,112400,1853476.0,0.5487804878048674,14.887825499365148,48.2926829268292
002627.SZ,20260814,6.46,36600,236436.0,0.4665629860031162,6.6914765327790295,47.7993779160187
002628.SZ,20260814,5.07,15700,79599.0,0.3960396039603964,0.2735063735916035,47.37623762376238
002629.SZ,20260814,4.67,20700,96669.0,0.0,2.788530508547034,45.0
002630.SZ,20260814,1.7,53700,91290.0,0.0,6.515615351300796,45.0
002631.SZ,20260814,8.8,120400,1059520.0,0.2277904328018332,4.307827177571531,46.366742596811
002632.SZ,20260814,8.35,41300,344855.0,0.96735187424426,1.912348395899036,50.80411124546556
002633.SZ,20260814,14.5,4500,65250.0,0.06901311249136732,2.9924304579799017,45.4140786749482
002634.SZ,20260814,4.37,28100,122797.0,0.9237875288683695,10.300211528566926,50.542725173210215
002635.SZ,20260814,15.5,79600,1233800.0,0.4536616979909258,3.896769541451203,47.72197018794556
002636.SZ,20260814,66.02,551610,36417292.2,0.6709362610551883,10.235024818017905,49.02561756633113
002637.SZ,20260814,10.48,18600,194928.0,0.8662175168431263,1.6143599827540658,50.19730510105876
002638.SZ,20260814,3.5,64300,225050.0,-0.5681818181818232,2.0795967120975156,41.59090909090906
002639.SZ,20260814,12.23,29300,358339.0,0.0,1.5282913868128774,45.0
002640.SZ,20260814,3.4,215200,731680.0,0.0,2.1874656246539668,45.0
002641.SZ,20260814,3.88,1500,5820.0,-0.25706940874036244,0.27765644487981905,43.457583547557824
002642.SZ,20260814,7.38,68900,508482.0,-0.13531799729363803,4.722576794235228,44.18809201623817
002643.SZ,20260814,13.88,176500,2449820.0,0.21660649819494893,6.947111929109195,46.299638989169694
002644.SZ,20260814,8.85,1294500,11456325.0,0.5681818181818121,35.30822506449782,48.40909090909087
002645.SZ,20260814,19.61,58400,1145224.0,0.4096262160778297,1.0916865264088584,47.45775729646698
002646.SZ,20260814,7.12,20400,145248.0,0.0,3.856039315060568,45.0
002647.SZ,20260814,11.39,177900,2026281.0,0.8857395925597977,7.720720123191582,50.314437555358786
002648.SZ,20260814,25.46,230200,5860892.0,0.0,6.5364654779340565,45.0
002649.SZ,20260814,10.28,784972,8069512.16,0.4887585532746819,18.2809150231365,47.93255131964809
002650.SZ,20260814,6.24,4000,24960.0,-0.15999999999999348,1.131156243076993,44.04000000000004
002651.SZ,20260814,7.62,3100,23622.0,-0.1310615989515096,0.16104202152354283,28.20119428052865
002652.SZ,20260814,3.97,75700,300529.0,0.5063291139240533,7.554927823841213,48.03797468354432
002653.SZ,20260814,68.5,33400,2287900.0,-0.551684088269444,5.839797550579748,41.689895470383334
002654.SZ,20260814,13.28,174635,2319152.8,1.6067329762815552,2.4411071018255477,54.64039785768933
002655.SZ,20260814,32.09,342500,10990825.0,0.21861336664583675,10.95758255992104,46.31168019987502
002656.SZ,20260814,3.0,15200,45600.0,0.0,1.6047071974179417,45.0
002657.SZ,20260814,15.78,39600,624888.0,0.12690355329949554,4.2736649041325405,45.76142131979697
002658.SZ,20260814,7.48,31700,237116.0,0.0,1.2889408024570064,45.0
002659.SZ,20260814,4.63,39300,181959.0,-0.8565310492505307,2.326062439268261,39.86081370449681
002660.SZ,20260814,7.4,13500,99900.0,0.4070556309362372,3.4146215414451566,47.44233378561742
002661.SZ,20260814,7.79,7300,56867.0,0.5161290322580614,3.0583741971680336,48.09677419354837
002662.SZ,20260814,3.27,17500,57225.0,0.30674846625766694,1.859822855865626,46.840490797546
002663.SZ,20260814,1.67,287100,479457.0,0.0,9.21722532675447,45.0
002664.SZ,20260814,16.55,17400,287970.0,0.7917174177831887,5.640939036960859,49.75030450669913
002666.SZ,20260814,4.17,10100,42117.0,-0.4773269689737569,1.2357076287056081,42.13603818615746
002667.SZ,20260814,13.43,266500,3579095.0,-1.2499999999999956,17.578159686353054,37.50000000000003
002668.SZ,20260814,10.12,47800,483736.0,-0.2955665024630627,2.4953169730019704,43.22660098522162
002669.SZ,20260814,12.23,30600,374238.0,0.24590163934428144,2.5702325780341106,46.47540983606569
002670.SZ,20260814,11.3,68500,774050.0,-0.08841732979664174,3.7660005355756323,44.46949602122015
002671.SZ,20260814,3.94,14000,55160.0,0.5102040816326481,1.5934654742599286,48.06122448979589
002672.SZ,20260814,3.6,16900,60840.0,-0.5524861878453025,2.606515174039726,41.685082872928184
002673.SZ,20260814,6.68,95800,639944.0,-0.1494768310911887,4.249481960017698,44.10313901345287
002674.SZ,20260814,28.64,279900,8016336.0,0.6324666198172846,7.813844282979642,48.794799718903704
002675.SZ,20260814,13.29,13200,175428.0,-0.15026296018032514,1.6492413427775015,44.09842223891805
002676.SZ,20260814,4.98,10800,53784.0,0.0,1.5764323943256993,45.0
002677.SZ,20260814,7.28,28600,208208.0,0.0,2.988414258316804,45.0
002678.SZ,20260814,4.67,400,1868.0,-0.4264392324093924,0.07190574905440957,10.384399435337368
002679.SZ,20260814,8.93,1500,13395.0,-0.22346368715083775,0.6463371565244926,43.659217877094974
002681.SZ,20260814,4.57,92900,424553.0,-0.21834061135370675,3.200343482180693,43.68995633187776
002682.SZ,20260814,4.89,4405279,21541814.31,-4.492187500000011,46.71739334465351,18.046874999999936
002683.SZ,20260814,28.82,7600,219032.0,0.0694444444444331,1.3035531733100283,45.4166666666666
002685.SZ,20260814,5.96,318800,1900048.0,-0.666666666666671,6.407167357291491,40.99999999999997
002686.SZ,20260814,6.22,152200,946684.0,-0.797448165869219,6.5362601885813145,40.21531100478469
002687.SZ,20260814,6.15,530600,3263190.0,0.0,11.741466620045786,45.0
002688.SZ,20260814,5.22,17800,92916.0,-0.19120458891014325,2.982267103943448,43.85277246653914
002689.SZ,20260814,2.78,21600,60048.0,0.3610108303248927,5.1488036671335475,47.166064981949354
002690.SZ,20260814,15.11,4400,66484.0,0.0,0.628478540488925,45.0
002691.SZ,20260814,4.28,42300,181044.0,1.4218009478673022,23.05712306594887,53.53080568720381
002692.SZ,20260814,4.23,35000,148050.0,-0.2358490566037652,3.893553789741468,43.58490566037741
002693.SZ,20260814,10.04,114500,1149580.0,0.7021063189568633,6.35486384953791,49.212637913741176
002694.SZ,20260814,2.14,59700,127758.0,0.0,15.415953082448526,45.0
002695.SZ,20260814,11.0,9600,105600.0,-0.4524886877828149,1.305972742666926,42.28506787330311
002696.SZ,20260814,6.16,131700,811272.0,0.0,5.109303690333194,45.0
002697.SZ,20260814,4.7,32300,151810.0,0.2132196162046851,2.2685034499464276,46.27931769722811
002698.SZ,20260814,13.94,138000,1923720.0,-0.28612303290415086,2.976529467144128,43.2832618025751
002700.SZ,20260814,6.05,18200,110110.0,0.0,3.1673329830886106,45.0
002701.SZ,20260814,4.85,52700,255595.0,0.6224066390041472,3.58463841221642,48.73443983402488
002702.SZ,20260814,5.15,495500,2551825.0,-0.19379844961240345,11.772412424026,43.837209302325576
002703.SZ,20260814,14.44,336721,4862251.24,-0.4137931034482789,8.818347560369173,42.51724137931033
002705.SZ,20260814,11.72,11000,128920.0,-0.17035775127768327,1.8136453926897276,43.9778534923339
002706.SZ,20260814,9.82,2029700,19931654.0,-1.7017017017016967,22.82832499880813,34.78978978978982
002707.SZ,20260814,5.17,44900,232133.0,0.0,3.2903328219282257,45.0
002708.SZ,20260814,11.32,36600,414312.0,0.1769911504424737,1.3882924555681457,46.06194690265484
002709.SZ,20260814,38.81,176800,6861608.0,0.0,2.712997983738799,45.0
002712.SZ,20260814,4.87,67800,330186.0,0.4123711340206171,4.226956098869751,47.4742268041237
002713.SZ,20260814,10.3,240400,2476120.0,1.4778325123152802,13.618515790608313,53.86699507389168
002714.SZ,20260814,40.0,250783,10031320.0,-0.37359900373599153,5.768995408811342,42.75840597758405
002715.SZ,20260814,14.6,57500,839500.0,1.3185287994448291,11.867462895328341,52.91117279666898
002716.SZ,20260814,8.86,4270700,37838402.0,-2.207505518763808,23.576828899343223,31.75496688741715
002717.SZ,20260814,1.03,1283200,1321696.0,0.0,39.268360169069325,45.0
002718.SZ,20260814,87.0,3500,304500.0,0.0,3.844290096246177,45.0
002719.SZ,20260814,6.13,24800,152024.0,0.3273322422258529,10.638012013457761,46.963993453355116
002721.SZ,20260814,2.81,3253400,9142054.0,-0.7067137809187329,19.11130841526285,40.7597173144876
002722.SZ,20260814,12.73,12900,164217.0,-0.3132341425215235,7.4758917684259885,43.12059514487086
002723.SZ,20260814,7.01,7500,52575.0,-0.2844950213371278,0.8224517195811167,43.29302987197723
002724.SZ,20260814,6.76,3308700,22366812.0,9.740259740259738,167.3375361964824,100.0
002725.SZ,20260814,11.55,11900,137445.0,-0.6024096385542022,2.016397830701573,41.38554216867479
002726.SZ,20260814,2.16,586800,1267488.0,1.8867924528301883,4.581108133549252,56.32075471698113
002727.SZ,20260814,12.0,112600,1351200.0,-0.4975124378109541,7.065447738795039,42.014925373134275
002728.SZ,20260814,9.44,75800,715552.0,-0.5268703898840932,3.950964178256887,41.83877766069544
002729.SZ,20260814,14.06,26300,369778.0,0.0,6.599721175496364,45.0
002730.SZ,20260814,23.75,39400,935750.0,-0.2519949601007876,5.644999548701665,43.48803023939527
002731.SZ,20260814,1.65,675900,1115235.0,-1.7857142857142905,24.823887005038127,34.285714285714256
002732.SZ,20260814,13.9,1800,25020.0,0.6517016654598029,1.174143336433879,48.910209992758816
002733.SZ,20260814,19.56,56600,1107096.0,0.8247422680412342,5.582232783802006,49.948453608247405
002734.SZ,20260814,15.43,50700,782301.0,-0.06476683937823857,5.8028277948512175,44.611398963730565
002735.SZ,20260814,12.0,47000,564000.0,0.8403361344537785,3.969916228221446,50.04201680672267
002736.SZ,20260814,10.1,152500,1540250.0,-0.09891196834816984,5.46302652851985,44.40652818991098
002737.SZ,20260814,13.62,17400,236988.0,-0.07336757153338924,3.002603769380904,44.55979457079967
002738.SZ,20260814,52.6,49500,2603700.0,0.3816793893129722,2.340697704883482,47.290076335877835
002739.SZ,20260814,10.02,6975300,69892506.0,-2.052785923753675,31.556124149560773,32.68328445747795
002741.SZ,20260814,25.5,93800,2391900.0,1.1503371677905605,4.134637726303338,51.90202300674336
002742.SZ,20260814,4.35,104700,455445.0,0.0,5.04218273056428,45.0
002743.SZ,20260814,3.98,63100,251138.0,-0.5000000000000004,10.131949582720438,42.0
002745.SZ,20260814,11.89,368000,4375520.0,1.9725557461406584,7.525607078685389,56.835334476843954
002746.SZ,20260814,6.21,73700,457677.0,-0.48076923076924016,4.268782547138653,42.115384615384556
002747.SZ,20260814,34.65,194700,6746355.0,-0.05768676088838687,3.7801798357200838,44.653879434669676
002748.SZ,20260814,11.94,9800,117012.0,0.6745362563237878,2.3632912593487365,49.04721753794273
002749.SZ,20260814,8.6,7900,67940.0,0.0,2.488396977384847,45.0
002752.SZ,20260814,5.92,6400,37888.0,0.16920473773265332,0.7978609711253424,46.01522842639592
002753.SZ,20260814,6.2,30600,189720.0,-0.48154093097914075,13.069070536520863,42.110754414125154
002755.SZ,20260814,13.93,41800,582274.0,0.07183908045977905,4.30725378057845,45.431034482758676
002756.SZ,20260814,48.01,20400,979404.0,0.31341412452987605,1.7768772858013615,46.88048474717925
002757.SZ,20260814,17.46,99700,1740762.0,0.11467889908256534,4.012677793767574,45.68807339449539
002758.SZ,20260814,7.8,14000,109200.0,-0.1280409731113874,3.5699370112075424,44.23175416133168
002759.SZ,20260814,19.24,139100,2676284.0,-1.2320328542094527,5.020744156190309,37.607802874743285
002760.SZ,20260814,17.41,5300,92273.0,-0.286368843069873,2.012663598306957,43.28178694158076
002761.SZ,20260814,7.3,35500,259150.0,0.0,4.216782262135924,45.0
002762.SZ,20260814,10.08,344300,3470544.0,-0.49358341559724295,12.448408409270533,42.03849950641654
002763.SZ,20260814,7.48,5600,41888.0,-0.1335113484646211,1.2270078104577575,44.19893190921228
002765.SZ,20260814,7.2,7200,51840.0,0.13908205841446364,0.9898771882057278,45.834492350486784
002766.SZ,20260814,4.09,45400,185686.0,0.0,0.5913426049044602,45.0
002767.SZ,20260814,18.01,16200,291762.0,-0.4972375690607711,4.83456829171959,42.016574585635375
002768.SZ,20260814,59.62,36700,2188054.0,-0.6167694615769381,4.285825809434083,41.29938323053837
002769.SZ,20260814,7.08,3500,24780.0,0.42553191489362874,0.7392843706408457,47.55319148936177
002771.SZ,20260814,12.92,25000,323000.0,-0.07733952049496784,5.613104161817834,44.535962877030194
002772.SZ,20260814,10.56,34900,368544.0,-0.09460737937558861,4.394096246307656,44.43235572374647
002773.SZ,20260814,22.98,22100,507858.0,-0.30368763557483414,3.0917629494017604,43.177874186550994
002774.SZ,20260814,15.86,100800,1598688.0,-0.5642633228840066,8.285946570730161,41.61442006269596
002775.SZ,20260814,3.75,75900,284625.0,1.0781671159029615,3.8026832210573094,51.46900269541777
002777.SZ,20260814,13.05,4000,52200.0,0.3074558032282848,0.4053728427204702,46.844734819369705
002778.SZ,20260814,15.67,18900,296163.0,0.3201024327784907,13.79418427599927,46.920614596670944
002779.SZ,20260814,78.97,1900,150043.0,-0.03797468354430622,0.5869707413505167,44.772151898734165
002780.SZ,20260814,13.18,17300,228014.0,-0.07581501137224889,5.596110686629091,44.545109931766504
002782.SZ,20260814,15.86,23000,364780.0,0.6345177664974555,2.3446665858950735,48.80710659898473
002783.SZ,20260814,7.78,38600,300308.0,0.0,3.2949101002653878,45.0
002785.SZ,20260814,33.66,25800,868428.0,-0.5025125628140725,5.377613526564419,41.98492462311557
002786.SZ,20260814,7.79,14200,110618.0,0.0,2.7528475191144444,45.0
002787.SZ,20260814,21.5,33300,715950.0,0.5142589995324798,3.340342773242943,48.08555399719488
002788.SZ,20260814,11.75,74800,878900.0,0.08517887563883608,3.4675784629186945,45.51107325383302
002789.SZ,20260814,10.06,2500,25150.0,-1.2757605495583801,1.9230261932989228,37.34543670264972
002790.SZ,20260814,5.85,5700,33345.0,0.34305317324183626,1.5529388253037013,47.05831903945102
002791.SZ,20260814,15.38,14400,221472.0,0.06506180871830303,3.614644789771138,45.390370852309815
002792.SZ,20260814,37.86,750938,28430512.68,-1.9932694796790162,9.757996727649273,33.0403831219259
002793.SZ,20260814,5.27,85300,449531.0,-0.18939393939395588,1.938963958905546,43.86363636363627
002795.SZ,20260814,7.45,92300,687635.0,0.8119079837618504,3.603573759949707,49.871447902571106
002796.SZ,20260814,31.51,20100,633351.0,0.0952986022871638,2.8484116691308383,45.57179161372298
002797.SZ,20260814,6.57,174000,1143180.0,-0.30349013657055,3.5591843723638936,43.1790591805767
002798.SZ,20260814,5.81,15000,87150.0,0.3454231433505983,2.1979748618762582,47.07253886010359
002799.SZ,20260814,6.93,26300,182259.0,0.7267441860465018,4.404924450848522,49.36046511627901
002800.SZ,20260814,13.47,8800,118536.0,0.07429420505200568,3.9022436478817277,45.445765230312034
002801.SZ,20260814,27.67,34400,951848.0,0.0,16.266765604447006,45.0
002802.SZ,20260814,11.47,15200,174344.0,0.4378283712784592,8.322920524842269,47.62697022767075
002803.SZ,20260814,19.85,61000,1210850.0,1.2755102040816313,6.138852097228126,52.65306122448979
002805.SZ,20260814,20.0,47900,958000.0,0.0,3.1370698700829314,45.0
002806.SZ,20260814,14.0,15400,215600.0,-0.42674253200569723,2.424618681932083,42.43954480796582
002807.SZ,20260814,3.93,682000,2680260.0,-0.5063291139240533,16.591626972944592,41.96202531645568
002809.SZ,20260814,8.29,10400,86216.0,0.363196125907983,2.3987742668596943,47.1791767554479
002810.SZ,20260814,20.2,4200,84840.0,0.2979145978152964,1.0858628648705673,46.78748758689178
002811.SZ,20260814,10.35,13100,135585.0,0.778967867575453,1.447158478684162,49.67380720545272
002812.SZ,20260814,56.55,103200,5835960.0,0.444049733570151,4.4501130752556115,47.66429840142091
002813.SZ,20260814,20.83,9500,197885.0,0.4823926676314372,6.542516288430526,47.89435600578862
002815.SZ,20260814,12.94,155200,2008288.0,1.4106583072100332,6.408603235586433,53.463949843260195
002816.SZ,20260814,26.47,3000,79410.0,-0.45129748025574123,2.8898992072592695,42.29221511846555
002817.SZ,20260814,6.55,113000,740150.0,0.0,25.211810031377098,45.0
002818.SZ,20260814,10.85,1100,11935.0,0.0,0.5374970846356285,45.0
002819.SZ,20260814,20.52,2600,53352.0,0.0,1.4581019121736285,45.0
002820.SZ,20260814,9.21,63800,587598.0,-0.10845986984815426,4.390588671509808,44.349240780911074
002821.SZ,20260814,172.0,136300,23443600.0,-1.0413670099533978,11.675151950637616,38.751797940279616
002822.SZ,20260814,3.2,112400,359680.0,0.31347962382446415,19.476199188971815,46.88087774294679
002823.SZ,20260814,14.05,74000,1039700.0,-1.679496151154647,5.483339587312341,34.92302309307212
002824.SZ,20260814,23.61,76100,1796721.0,0.8974358974358942,3.837324296230229,50.384615384615365
002825.SZ,20260814,9.39,9100,85449.0,0.967741935483879,2.0357300753571055,50.806451612903274
002826.SZ,20260814,17.71,36200,641102.0,0.45377197958027526,6.592172843826627,47.72263187748165
002827.SZ,20260814,55.0,808750,44481250.0,-0.1814882032667886,42.714409134948916,43.91107078039927
002828.SZ,20260814,11.97,117100,1401687.0,-0.5813953488371992,5.4897909786662265,41.511627906976805
002829.SZ,20260814,21.4,54100,1157740.0,-0.13999066728884735,5.858167639847897,44.16005599626692
002830.SZ,20260814,13.84,7600,105184.0,-0.07220216606498298,2.675345900065982,44.5667870036101
002831.SZ,20260814,27.73,8000,221840.0,0.0,0.5559803162076195,45.0
002832.SZ,20260814,26.31,38600,1015566.0,0.6503442999234776,4.567487364163429,48.902065799540864
002833.SZ,20260814,17.98,25700,462086.0,-0.5530973451327359,8.544339727198958,41.68141592920358
002835.SZ,20260814,12.23,4900,59927.0,0.0,0.7766885071508575,45.0
002836.SZ,20260814,9.84,1500,14760.0,-0.3039513677811523,0.9378971002946389,43.176291793313084
002837.SZ,20260814,56.12,180030,10103283.6,1.2082957619476975,4.877248997402294,52.24977457168619
002838.SZ,20260814,24.66,68700,1694142.0,0.5709624796084833,11.39573246836561,48.4257748776509
002839.SZ,20260814,4.3,98200,422260.0,0.0,3.6104030180950017,45.0
002840.SZ,20260814,8.57,274600,2353322.0,0.3512880562061005,13.574700785910403,47.1077283372366
002841.SZ,20260814,50.4,14400,725760.0,0.8000000000000007,2.5591427972015643,49.800000000000004
002842.SZ,20260814,39.8,349500,13910100.0,0.0,8.565026959144989,45.0
002843.SZ,20260814,16.32,37400,610368.0,-0.8505467800729027,6.222788987706925,39.896719319562585
002845.SZ,20260814,12.95,21200,274540.0,0.3875968992248069,2.9621301126350774,47.32558139534884
002846.SZ,20260814,10.7,3100,33170.0,-0.1865671641791189,0.45133203306057734,43.880597014925286
002847.SZ,20260814,49.01,17100,838071.0,-0.2442499491146055,3.343658273936966,43.53450030531236
002848.SZ,20260814,13.09,8900,116501.0,0.0,1.9963171777026274,45.0
002849.SZ,20260814,17.07,3600,61452.0,1.1855364552459946,0.7662853977416751,52.11321873147597
002850.SZ,20260814,190.13,10400,1977352.0,-0.2936703550264874,1.8130227557270315,43.237977869841075
002851.SZ,20260814,132.1,462500,61096250.0,0.18201122402545789,15.021425525774566,46.092067344152746
002852.SZ,20260814,7.78,10700,83246.0,0.0,3.095982267354883,45.0
002853.SZ,20260814,21.34,300,6402.0,0.1877934272300319,0.1280570392696452,24.177027631916328
002855.SZ,20260814,10.09,21100,212899.0,0.19860973187686426,9.877199472903765,46.191658391261186
002856.SZ,20260814,14.04,40000,561600.0,-1.473684210526327,8.592137800412296,36.15789473684204
002857.SZ,20260814,17.6,26800,471680.0,-0.3397508493771184,3.7921956963103627,42.96149490373729
002858.SZ,20260814,11.71,2100,24591.0,0.0,0.6975204171722941,45.0
002859.SZ,20260814,74.47,148197,11036230.59,-0.42786468779250075,6.095216326854896,42.432811873244994
002860.SZ,20260814,16.63,13600,226168.0,0.12040939193256328,1.484061210811473,45.72245635159538
002861.SZ,20260814,16.46,15700,258422.0,0.24360535931788885,4.269342362197283,46.46163215590733
002862.SZ,20260814,13.78,17000,234260.0,-0.21723388848661207,4.741466165348598,43.69659666908033
002863.SZ,20260814,4.51,35200,158752.0,0.44543429844097204,3.845342398295911,47.67260579064583
002864.SZ,20260814,22.34,9700,216698.0,-0.534283170080152,2.4749829094028564,41.794300979519086
002865.SZ,20260814,45.31,58800,2664228.0,0.0,9.357500652842043,45.0
002866.SZ,20260814,15.63,40200,628326.0,0.0,5.6868149305226865,45.0
002867.SZ,20260814,12.46,12300,153258.0,0.0,3.345176623793474,45.0
002868.SZ,20260814,23.22,6000,139320.0,0.0,5.089315254404211,45.0
002869.SZ,20260814,15.99,6100,97539.0,-0.06249999999999867,3.2498289974026155,44.62500000000001
002870.SZ,20260814,46.77,81900,3830463.0,0.7756948933419716,11.711654525375808,49.65416936005183
002871.SZ,20260814,17.43,34500,601335.0,0.519031141868509,9.298932538678205,48.11418685121105
002872.SZ,20260814,5.34,17500,93450.0,0.0,7.378897254007937,45.0
002873.SZ,20260814,8.33,23900,199087.0,-0.11990407673860837,3.4223127097163775,44.280575539568346
002875.SZ,20260814,14.0,10200,142800.0,0.21474588403722628,2.4843029094504345,46.288475304223354
002876.SZ,20260814,27.35,8500,232475.0,0.1464664957890882,1.0233676081884129,45.87879897473453
002877.SZ,20260814,7.3,10300,75190.0,-0.1367989056087482,2.768777261151133,44.17920656634751
002878.SZ,20260814,12.66,23700,300042.0,0.0,4.406111320662294,45.0
002879.SZ,20260814,17.47,196800,3438096.0,0.11461318051575464,12.783751460613116,45.68767908309453
002880.SZ,20260814,21.0,4900,102900.0,-0.14265335235378318,2.6723431077879387,44.144079885877304
002881.SZ,20260814,38.05,35800,1362190.0,0.0,6.02541717164266,45.0
002882.SZ,20260814,21.76,27700,602752.0,0.18416206261511192,3.31878263199264,46.10497237569067
002883.SZ,20260814,9.0,6100,54900.0,-0.33222591362125353,5.999905837543359,43.00664451827248
002884.SZ,20260814,16.03,4900,78547.0,-0.06234413965086061,2.6180845388620413,44.625935162094834
002885.SZ,20260814,31.89,305600,9745584.0,0.4725897920605071,10.33473548960737,47.83553875236304
002886.SZ,20260814,20.2,189100,3819820.0,-0.5905511811023723,13.603437032572936,41.456692913385766
002887.SZ,20260814,10.6,30300,321180.0,-0.09425070688029447,6.260114920335448,44.434495758718235
002888.SZ,20260814,17.89,25500,456195.0,-0.05586592178770111,13.562015238854025,44.66480446927379
002889.SZ,20260814,12.33,7700,94941.0,0.4889975550122383,2.2173262111628698,47.933985330073426
002890.SZ,20260814,14.02,9200,128984.0,0.07137758743753775,8.00142083159715,45.428265524625225
002891.SZ,20260814,31.6,39700,1254520.0,-0.15797788309636074,2.689001815601521,44.05213270142183
002892.SZ,20260814,9.5,7100,67450.0,0.0,1.215583559343988,45.0
002893.SZ,20260814,9.8,19600,192080.0,0.0,3.423500667384791,45.0
002895.SZ,20260814,33.63,2000,67260.0,0.23845007451566147,0.4992238835118739,46.43070044709397
002896.SZ,20260814,77.79,68300,5313057.0,-0.3841721091048744,6.592232669914838,42.694967345370756
002897.SZ,20260814,59.34,66800,3963912.0,1.7838765008576507,8.219649871515264,55.7032590051459
002899.SZ,20260814,19.86,700,13902.0,0.0,0.4522716624740684,45.0
002900.SZ,20260814,14.22,351100,4992642.0,0.0,13.973393574290865,45.0
002901.SZ,20260814,45.24,2900,131196.0,-0.022099447513812542,1.842746112293231,44.86740331491713
002902.SZ,20260814,25.0,82100,2052500.0,0.725221595487513,5.224611023014823,49.35132957292508
002903.SZ,20260814,28.31,28800,815328.0,0.4256828662646317,2.4012816311281933,47.554097197587794
002905.SZ,20260814,7.86,26200,205932.0,-1.0075566750629705,4.081216064927825,38.954659949622176
002906.SZ,20260814,26.36,20300,535108.0,0.4190476190476078,3.5324073397410474,47.51428571428565
002907.SZ,20260814,15.26,1139800,17393348.0,10.021629416005773,210.97983641380924,100.0
002908.SZ,20260814,7.09,8600,60974.0,-0.14084507042253502,1.302755021768181,44.15492957746479
002909.SZ,20260814,5.13,32800,168264.0,-0.3883495145631133,4.122549974680069,42.66990291262132
002910.SZ,20260814,9.51,11900,113169.0,0.0,1.502591944217006,45.0
002911.SZ,20260814,10.78,4100,44198.0,0.0,0.7628911850943506,45.0
002912.SZ,20260814,19.7,41600,819520.0,0.0507872016251909,13.09264642806451,45.304723209751145
002913.SZ,20260814,56.32,19900,1120768.0,1.203953279424974,3.7966761285668413,52.22371967654985
002915.SZ,20260814,18.2,119600,2176720.0,-1.3015184381778844,9.442133028162372,37.190889370932695
002916.SZ,20260814,380.0,21907,8324660.0,0.5344198105719844,3.311775927104672,48.20651886343191
002917.SZ,20260814,10.52,21000,220920.0,0.9596928982725572,8.884479090105799,50.75815738963534
002918.SZ,20260814,10.0,47000,470000.0,-0.09990009990009652,5.794203525639702,44.40059940059942
002919.SZ,20260814,18.1,2300,41630.0,0.0,0.713289651952516,45.0
002920.SZ,20260814,97.5,165300,16116750.0,1.5096304008328953,10.392462090826871,54.05778240499737
002921.SZ,20260814,24.69,189400,4676286.0,0.24360535931791105,17.696812530977486,46.461632155907466
002922.SZ,20260814,27.3,112300,3065790.0,1.8656716417910557,6.320846200907863,56.19402985074633
002923.SZ,20260814,11.6,40500,469800.0,-0.5145797598627877,4.34281076348698,41.91252144082328
002925.SZ,20260814,23.0,70500,1621500.0,-0.43290043290044045,4.033078147207815,42.40259740259736
002926.SZ,20260814,8.48,59800,507104.0,-0.11778563015312216,3.1930565175612755,44.29328621908127
002927.SZ,20260814,16.45,74100,1218945.0,-0.5441354292623934,10.644284679857694,41.73518742442564
002928.SZ,20260814,6.47,49400,319618.0,0.1547987616099089,1.6792153667609675,45.92879256965945
002929.SZ,20260814,55.35,329600,18243360.0,0.0904159132007365,13.865446051981598,45.54249547920442
002930.SZ,20260814,9.12,150600,1373472.0,0.0,15.617337241260028,45.0
002931.SZ,20260814,51.71,30000,1551300.0,0.6031128404669239,4.890198037351263,48.618677042801544
002932.SZ,20260814,15.35,10300,158105.0,0.854139290407363,13.493642258428938,50.124835742444176
002933.SZ,20260814,26.67,400,10668.0,0.0,0.35621970354426585,45.0
002935.SZ,20260814,16.65,3000,49950.0,0.6042296072507503,0.7470409634528231,48.6253776435045
002936.SZ,20260814,1.77,862600,1526802.0,0.0,10.938394619652657,45.0
002937.SZ,20260814,29.44,26100,768384.0,-0.8086253369272156,3.954098078010175,40.14824797843671
002938.SZ,20260814,96.45,97700,9423165.0,0.7626410363560376,3.9087273554225397,49.57584621813623
002939.SZ,20260814,8.29,39300,325797.0,0.0,1.7567939416309237,45.0
002940.SZ,20260814,26.89,35200,946528.0,-0.48112509252404845,4.023757989568458,42.11324944485571
002941.SZ,20260814,10.76,6900,74244.0,0.0,0.8907485408914666,45.0
002942.SZ,20260814,15.33,5300,81249.0,-0.0651890482398998,3.336318824505433,44.6088657105606
002943.SZ,20260814,35.09,67000,2351030.0,1.2698412698412875,6.373859621342875,52.61904761904773
002945.SZ,20260814,14.6,55100,804460.0,-0.2732240437158584,6.376825724656852,43.360655737704846
002946.SZ,20260814,16.41,43000,705630.0,-0.4851425106124796,4.352359553801894,42.08914493632512
002947.SZ,20260814,58.44,25900,1513596.0,0.7933770265608819,4.957925493777192,49.76026215936529
002948.SZ,20260814,5.72,53900,308308.0,-0.34843205574913716,2.1082439491141574,42.90940766550518
002949.SZ,20260814,10.47,28200,295254.0,0.1913875598086312,12.148171201435591,46.148325358851785
002950.SZ,20260814,9.51,25600,243456.0,0.0,3.3456779784396056,45.0
002951.SZ,20260814,16.53,336200,5557386.0,0.24257125530626755,19.031623939229476,46.45542753183761
002952.SZ,20260814,19.96,4300,85828.0,0.20080321285140812,2.007451906220926,46.20481927710845
002953.SZ,20260814,9.59,43900,421001.0,-0.41536863966771254,7.838186435785099,42.50778816199372
002955.SZ,20260814,34.89,26300,917607.0,0.0,5.58723971377744,45.0
002956.SZ,20260814,18.03,13400,241602.0,-0.27654867256635685,3.3952305300069123,43.34070796460186
002957.SZ,20260814,40.47,104900,4245303.0,1.9909274193548265,5.162391150211949,56.94556451612896
002958.SZ,20260814,2.95,602000,1775900.0,-0.33783783783782884,11.671546399746862,42.972972972973025
002959.SZ,20260814,33.46,73900,2472694.0,-2.049180327868838,38.463766420884895,32.70491803278697
002960.SZ,20260814,8.32,34600,287872.0,0.0,4.665545854005517,45.0
002961.SZ,20260814,19.3,10800,208440.0,-0.051786639047113336,2.5307818151988326,44.68928016571732
002962.SZ,20260814,12.9,11800,152220.0,0.3110419906687367,1.7150584441576937,46.86625194401242
002963.SZ,20260814,18.18,225600,4101408.0,0.44198895027622864,24.20128195381417,47.65193370165737
002965.SZ,20260814,32.0,25100,803200.0,1.0101010101010166,1.7496352274509988,51.0606060606061
002966.SZ,20260814,8.44,66300,559572.0,0.0,1.4276575745195053,45.0
002967.SZ,20260814,17.76,4400,78144.0,1.081388730791133,1.4135708061377563,51.4883323847468
002968.SZ,20260814,9.05,25300,228965.0,0.0,10.285846118692694,45.0
002969.SZ,20260814,14.42,272400,3928008.0,0.9803921568627416,5.8482133788346875,50.88235294117645
002970.SZ,20260814,52.27,2100,109767.0,0.1532860701283889,0.8198362076795603,45.919716420770335
002971.SZ,20260814,44.66,205500,9177630.0,0.0,9.125619708588404,45.0
002972.SZ,20260814,13.6,21400,291040.0,0.4431314623338345,6.266052993067709,47.65878877400301
002973.SZ,20260814,12.1,9900,119790.0,0.8333333333333304,1.7311233992274904,49.999999999999986
002975.SZ,20260814,97.52,86918,8476243.36,1.1408421489317533,10.040482531985903,51.84505289359052
002976.SZ,20260814,23.03,9300,214179.0,0.6116207951070374,2.3891002255726947,48.669724770642226
002977.SZ,20260814,20.99,2500,52475.0,-0.6155303030303205,2.921490203343379,41.30681818181807
002978.SZ,20260814,25.86,13900,359454.0,-0.38520801232666546,6.147333506102637,42.688751926040005
002979.SZ,20260814,61.0,66900,4080900.0,-0.5056271407600788,4.432373735457911,41.96623715543953
002980.SZ,20260814,90.58,45500,4121390.0,0.41015408491298366,3.0767364424193087,47.460924509477906
002981.SZ,20260814,22.97,400,9188.0,-0.04351610095736369,0.28454021886803904,44.738903394255814
002982.SZ,20260814,12.39,18600,230454.0,0.4051863857374549,5.552677733262088,47.43111831442473
002983.SZ,20260814,19.7,3600,70920.0,0.6128702757916216,2.2717170237547224,48.67722165474973
002984.SZ,20260814,14.09,1100,15499.0,0.0,0.15360684166438673,27.64923149958961
002985.SZ,20260814,25.93,5600,145208.0,0.03858024691356654,1.6379306334339594,45.231481481481396
002986.SZ,20260814,13.1,2500,32750.0,0.07639419404124048,0.568372187760537,45.45836516424744
002987.SZ,20260814,11.21,7600,85196.0,0.0,0.5444308027125037,45.0
002988.SZ,20260814,21.14,4000,84560.0,-0.18885741265344258,0.6284043755956598,43.86685552407934
002989.SZ,20260814,23.2,20000,464000.0,0.6507592190889255,1.9883471615316413,48.90455531453355
002990.SZ,20260814,53.07,176900,9388083.0,-0.7109448082319947,11.324971593976164,40.73433115060803
002991.SZ,20260814,42.88,11700,501696.0,0.0,13.454859595339572,45.0
002992.SZ,20260814,35.32,3000,105960.0,0.028320589068253632,2.4755803367990135,45.16992353440952
002993.SZ,20260814,39.89,17500,698075.0,1.2693577050012728,3.496228256335935,52.61614623000764
002995.SZ,20260814,18.07,60800,1098656.0,-0.3309431880860414,6.663365155517022,43.01434087148375
002996.SZ,20260814,6.25,18500,115625.0,0.32102728731941976,3.4655372321225144,46.92616372391652
002997.SZ,20260814,27.0,5200,140400.0,0.44642857142858094,2.8461452338044455,47.67857142857149
002998.SZ,20260814,7.98,22100,176358.0,-0.12515644555693983,2.4397889544786744,44.249061326658364
002999.SZ,20260814,5.82,7800,45396.0,0.1721170395869276,1.865350506205816,46.03270223752156
003000.SZ,20260814,10.6,19900,210940.0,0.569259962049351,3.1478031131388975,48.415559772296106
003001.SZ,20260814,17.68,97200,1718496.0,-0.33821871476887866,9.477832114284817,42.97068771138673
003002.SZ,20260814,16.66,24800,413168.0,0.7864488808227321,11.262787607612978,49.71869328493639
003003.SZ,20260814,10.82,12500,135250.0,0.0,5.957417752187833,45.0
003004.SZ,20260814,71.89,17500,1258075.0,-0.8413793103448253,9.250394982472528,39.95172413793105
003005.SZ,20260814,13.73,4400,60412.0,-0.7230657989877098,1.5241504581831615,40.661605206073745
003006.SZ,20260814,13.5,31900,430650.0,-0.5158437730287457,3.118326709337371,41.90493736182753
003007.SZ,20260814,38.56,10800,416448.0,-0.10362694300517505,5.933117875611903,44.37823834196895
003008.SZ,20260814,18.99,5300,100647.0,-0.05263157894738191,6.481097202291279,44.68421052631571
003009.SZ,20260814,49.85,8800,438680.0,0.08030515960650852,3.883488260490262,45.48183095763905
003010.SZ,20260814,28.57,34100,974237.0,-0.20957038071952594,3.4083573093280406,43.74257771568284
003011.SZ,20260814,19.59,11900,233121.0,-0.10198878123406363,6.880300131854342,44.388067312595616
003012.SZ,20260814,4.7,4300,20210.0,-0.2123142250530785,0.60851974005217,43.72611464968153
003013.SZ,20260814,17.81,34900,621569.0,0.16872890888637304,2.6599536321547754,46.01237345331824
003015.SZ,20260814,12.15,96400,1171260.0,1.0815307820299491,14.301824647976476,51.48918469217969
003016.SZ,20260814,6.92,22200,153624.0,0.5813953488372103,7.873490720803356,48.48837209302326
003017.SZ,20260814,21.66,5400,116964.0,-0.2303086135421517,1.2809944494708956,43.61814831874709
003018.SZ,20260814,40.02,52478,2100169.56,1.0095911155981963,4.087352893678636,51.057546693589174
003019.SZ,20260814,23.49,7700,180873.0,0.6858122588941251,2.773015647048296,49.11487355336475
003020.SZ,20260814,18.61,43200,803952.0,0.0,4.26918895723387,45.0
003021.SZ,20260814,81.39,44100,3589299.0,0.07377351530801768,12.948096870814785,45.4426410918481
003022.SZ,20260814,20.33,32900,668857.0,0.39506172839505194,4.318830617830251,47.37037037037031
003023.SZ,20260814,27.72,25500,706860.0,-0.9646302250803873,3.6557880896155583,39.21221864951767
003025.SZ,20260814,12.58,17100,215118.0,0.07955449482894839,3.8584174565257565,45.47732696897369
003026.SZ,20260814,29.21,28200,823722.0,0.898100172711569,4.829843630353332,50.388601036269414
003027.SZ,20260814,16.44,2900,47676.0,0.12180267965895553,1.9790817830142056,45.73081607795373
003028.SZ,20260814,22.76,15800,359608.0,0.0,23.644342402279865,45.0
003029.SZ,20260814,17.06,24500,417970.0,0.05865102639295294,6.408249475251614,45.35190615835772
003030.SZ,20260814,22.55,16500,372075.0,0.0,5.126954951706999,45.0
003031.SZ,20260814,120.2,70700,8498140.0,1.6490486257928039,5.2078443721127785,54.89429175475682
003032.SZ,20260814,11.5,2290802,26344223.0,-1.03270223752151,25.69295629336039,38.80378657487094
003033.SZ,20260814,63.73,6400,407872.0,0.20440251572326762,2.8130841158236235,46.22641509433961
003035.SZ,20260814,5.61,189800,1064778.0,-0.1779359430604921,4.6582513417693105,43.93238434163705
003036.SZ,20260814,55.47,52100,2889987.0,0.7629427792915644,5.747627559099177,49.57765667574939
003037.SZ,20260814,5.69,4300,24467.0,-0.3502626970227629,1.5951838448240205,42.898423817863424
003038.SZ,20260814,10.8,4100,44280.0,-0.1848428835489746,1.0664090535797384,43.890942698706155
003039.SZ,20260814,11.9,1900,22610.0,0.0841042893187538,0.6670384892419023,45.504625735912526
003040.SZ,20260814,11.95,66900,799455.0,-0.33361134278566684,4.178140120059065,42.998331943286
003041.SZ,20260814,43.86,5000,219300.0,0.5271602108640749,3.2365255650117835,48.16296126518445
003042.SZ,20260814,13.19,2600,34294.0,0.0,1.2175959519523927,45.0
003043.SZ,20260814,70.35,15600,1097460.0,0.5143591941705994,3.8437179434060114,48.0861551650236
003816.SZ,20260814,3.9,235700,919230.0,-0.2557544757033292,2.4080729488373582,43.465473145780024
123064.SZ,20260814,109.938,120,13192.56,,,0.0
123065.SZ,20260814,121.0,5550,671550.0,,,0.0
123071.SZ,20260814,115.012,210,24152.52,,,0.0
123072.SZ,20260814,119.747,150,17962.05,,,0.0
123076.SZ,20260814,125.6,520,65312.0,,,0.0
123080.SZ,20260814,126.9,10,1269.0,,,0.0
123088.SZ,20260814,116.693,180,21004.74,,,0.0
123090.SZ,20260814,111.79,160,17886.4,,,0.0
123091.SZ,20260814,139.749,1620,226393.38,,,0.0
123092.SZ,20260814,119.546,210,25104.66,,,0.0
123104.SZ,20260814,134.55,10,1345.5,,,0.0
123107.SZ,20260814,112.9,960,108384.0,,,0.0
123109.SZ,20260814,125.647,360,45232.92,,,0.0
123112.SZ,20260814,142.824,410,58557.84,,,0.0
123113.SZ,20260814,115.0,1430,164450.0,,,0.0
123114.SZ,20260814,129.644,200,25928.8,,,0.0
123117.SZ,20260814,114.44,210,24032.4,,,0.0
123118.SZ,20260814,1005.0,2090,2100450.0,,,0.0
123119.SZ,20260814,125.8,20,2516.0,,,0.0
123122.SZ,20260814,130.41,870,113456.7,,,0.0
123124.SZ,20260814,141.25,1850,261312.5,,,0.0
123131.SZ,20260814,298.96,4150,1240684.0,,,0.0
123133.SZ,20260814,131.549,430,56566.07,,,0.0
123138.SZ,20260814,128.116,600,76869.6,,,0.0
123142.SZ,20260814,123.942,330,40900.86,,,0.0
123144.SZ,20260814,130.965,440,57624.6,,,0.0
123149.SZ,20260814,134.87,40,5394.8,,,0.0
123150.SZ,20260814,135.637,230,31196.51,,,0.0
123151.SZ,20260814,120.5,160,19280.0,,,0.0
123154.SZ,20260814,127.666,80,10213.28,,,0.0
123155.SZ,20260814,134.87,60,8092.2,,,0.0
123157.SZ,20260814,142.705,1290,184089.45,,,0.0
123158.SZ,20260814,237.416,1640,389362.24,,,0.0
123160.SZ,20260814,160.2,170,27234.0,,,0.0
123165.SZ,20260814,132.008,120,15840.96,,,0.0
123168.SZ,20260814,127.423,250,31855.75,,,0.0
123171.SZ,20260814,134.815,720,97066.8,,,0.0
123172.SZ,20260814,133.21,280,37298.8,,,0.0
123173.SZ,20260814,140.3,320,44896.0,,,0.0
123175.SZ,20260814,114.22,100,11422.0,,,0.0
123176.SZ,20260814,468.0,4110,1923480.0,,,0.0
123178.SZ,20260814,147.264,350,51542.4,,,0.0
123179.SZ,20260814,,0,0.0,,,0.0
123180.SZ,20260814,129.288,110,14221.68,,,0.0
123183.SZ,20260814,131.872,120,15824.64,,,0.0
123187.SZ,20260814,182.1,300,54630.0,,,0.0
123189.SZ,20260814,140.877,650,91570.05,,,0.0
123192.SZ,20260814,126.99,480,60955.2,,,0.0
123193.SZ,20260814,128.5,150,19275.0,,,0.0
123194.SZ,20260814,140.1,200,28020.0,,,0.0
123195.SZ,20260814,174.5,270,47115.0,,,0.0
123196.SZ,20260814,126.319,140,17684.66,,,0.0
123199.SZ,20260814,,0,0.0,,,0.0
123207.SZ,20260814,229.0,890,203810.0,,,0.0
123209.SZ,20260814,166.172,140,23264.08,,,0.0
123211.SZ,20260814,156.151,470,73390.97,,,0.0
123213.SZ,20260814,254.66,3040,774166.4,,,0.0
123214.SZ,20260814,129.57,210,27209.7,,,0.0
123215.SZ,20260814,125.299,70,8770.93,,,0.0
123216.SZ,20260814,123.232,50,6161.6,,,0.0
123220.SZ,20260814,132.785,70,9294.95,,,0.0
123222.SZ,20260814,153.2,120,18384.0,,,0.0
123223.SZ,20260814,137.467,370,50862.79,,,0.0
123224.SZ,20260814,133.526,80,10682.08,,,0.0
123225.SZ,20260814,140.662,120,16879.44,,,0.0
123229.SZ,20260814,130.5,130,16965.0,,,0.0
123235.SZ,20260814,164.2,15950,2618990.0,,,0.0
123237.SZ,20260814,135.27,80,10821.6,,,0.0
123241.SZ,20260814,919.999,3100,2851996.9,,,0.0
123243.SZ,20260814,193.234,330,63767.22,,,0.0
123245.SZ,20260814,320.416,1410,451786.56,,,0.0
123247.SZ,20260814,193.985,170,32977.45,,,0.0
123250.SZ,20260814,125.724,10,1257.24,,,0.0
123252.SZ,20260814,137.845,310,42731.95,,,0.0
123253.SZ,20260814,136.557,80,10924.56,,,0.0
123255.SZ,20260814,427.422,3970,1696865.34,,,0.0
123257.SZ,20260814,155.16,230,35686.8,,,0.0
123258.SZ,20260814,318.28,1560,496516.8,,,0.0
123259.SZ,20260814,160.416,200,32083.2,,,0.0
123260.SZ,20260814,146.275,70,10239.25,,,0.0
123261.SZ,20260814,210.55,32720,6889196.0,,,0.0
123262.SZ,20260814,132.802,90,11952.18,,,0.0
123263.SZ,20260814,153.3,580,88914.0,,,0.0
123264.SZ,20260814,123.1,120,14772.0,,,0.0
123265.SZ,20260814,138.58,130,18015.4,,,0.0
123266.SZ,20260814,142.154,160,22744.64,,,0.0
123267.SZ,20260814,320.0,3170,1014400.0,,,0.0
123268.SZ,20260814,202.5,3960,801900.0,,,0.0
123269.SZ,20260814,149.69,430,64366.7,,,0.0
123270.SZ,20260814,242.53,1000,242530.0,,,0.0
123271.SZ,20260814,167.307,3420,572189.94,,,0.0
123272.SZ,20260814,154.0,1310,201740.0,,,0.0
123273.SZ,20260814,357.5,10740,3839550.0,,,0.0
123274.SZ,20260814,149.999,390,58499.61,,,0.0
123275.SZ,20260814,148.9,740,110186.0,,,0.0
123276.SZ,20260814,183.01,8044,1472132.44,,,0.0
123277.SZ,20260814,130.0,63989,8318570.0,,,0.0
127025.SZ,20260814,105.61,180,19009.8,,,0.0
127027.SZ,20260814,111.188,350,38915.8,,,0.0
127030.SZ,20260814,116.37,900,104733.0,,,0.0
127031.SZ,20260814,,0,0.0,,,0.0
127033.SZ,20260814,,0,0.0,,,0.0
127034.SZ,20260814,127.1,380,48298.0,,,0.0
127037.SZ,20260814,550.234,350,192581.9,,,0.0
127038.SZ,20260814,125.897,1680,211506.96,,,0.0
127040.SZ,20260814,121.398,300,36419.4,,,0.0
127044.SZ,20260814,120.161,140,16822.54,,,0.0
127045.SZ,20260814,120.58,710,85611.8,,,0.0
127046.SZ,20260814,132.501,560,74200.56,,,0.0
127047.SZ,20260814,140.113,350,49039.55,,,0.0
127049.SZ,20260814,114.7,190,21793.0,,,0.0
127050.SZ,20260814,130.681,480,62726.88,,,0.0
127053.SZ,20260814,172.364,170,29301.88,,,0.0
127054.SZ,20260814,125.282,20,2505.64,,,0.0
127055.SZ,20260814,190.001,1220,231801.22,,,0.0
127056.SZ,20260814,126.77,20,2535.4,,,0.0
127059.SZ,20260814,128.07,110,14087.7,,,0.0
127060.SZ,20260814,128.61,70,9002.7,,,0.0
127061.SZ,20260814,109.674,50,5483.7,,,0.0
127062.SZ,20260814,124.516,80,9961.28,,,0.0
127064.SZ,20260814,139.8,210,29358.0,,,0.0
127067.SZ,20260814,163.614,3960,647911.44,,,0.0
127068.SZ,20260814,,0,0.0,,,0.0
127069.SZ,20260814,129.68,20,2593.6,,,0.0
127070.SZ,20260814,352.0,4270,1503040.0,,,0.0
127072.SZ,20260814,142.857,70,9999.99,,,0.0
127078.SZ,20260814,150.198,180,27035.64,,,0.0
127080.SZ,20260814,283.1,3150,891765.0,,,0.0
127082.SZ,20260814,135.82,270,36671.4,,,0.0
127083.SZ,20260814,118.304,110,13013.44,,,0.0
127084.SZ,20260814,143.229,70,10026.03,,,0.0
127085.SZ,20260814,120.883,280,33847.24,,,0.0
127088.SZ,20260814,169.73,110,18670.3,,,0.0
127089.SZ,20260814,122.517,40,4900.68,,,0.0
127092.SZ,20260814,303.655,110,33402.05,,,0.0
127093.SZ,20260814,130.024,200,26004.8,,,0.0
127095.SZ,20260814,146.599,430,63037.57,,,0.0
127096.SZ,20260814,580.1,4620,2680062.0,,,0.0
127098.SZ,20260814,124.01,670,83086.7,,,0.0
127099.SZ,20260814,134.327,40,5373.08,,,0.0
127102.SZ,20260814,121.351,10,1213.51,,,0.0
127103.SZ,20260814,138.88,120,16665.6,,,0.0
127104.SZ,20260814,145.603,100,14560.3,,,0.0
127105.SZ,20260814,131.14,90,11802.6,,,0.0
127108.SZ,20260814,,0,0.0,,,0.0
127109.SZ,20260814,176.1,120,21132.0,,,0.0
127110.SZ,20260814,136.9,460,62974.0,,,0.0
127111.SZ,20260814,139.1,660,91806.0,,,0.0
127112.SZ,20260814,149.03,100,14903.0,,,0.0
127113.SZ,20260814,163.0,70,11410.0,,,0.0
127114.SZ,20260814,139.943,790,110554.97,,,0.0
127115.SZ,20260814,188.76,23631,4460587.56,,,0.0
128044.SZ,20260814,,0,0.0,,,0.0
128127.SZ,20260814,114.7,17310,1985457.0,,,0.0
128128.SZ,20260814,109.932,8506,935081.592,,,0.0
128129.SZ,20260814,107.95,250,26987.5,,,0.0
128134.SZ,20260814,116.55,60,6993.0,,,0.0
128135.SZ,20260814,114.64,90,10317.6,,,0.0
128136.SZ,20260814,119.298,1190,141964.62,,,0.0
128138.SZ,20260814,130.718,220,28757.96,,,0.0
128142.SZ,20260814,115.28,60,6916.8,,,0.0
158006.SZ,20260814,,0,0.0,,,0.0
158009.SZ,20260814,1.029,43000,44247.0,,,0.0
159001.SZ,20260814,100.0,575310,57531000.0,,,0.0
159003.SZ,20260814,100.0,36006,3600600.0,,,0.0
159005.SZ,20260814,100.0,12900,1290000.0,,,0.0
159007.SZ,20260814,0.88,1500,1320.0,,,0.0
159008.SZ,20260814,1.028,400,411.2,,,0.0
159009.SZ,20260814,0.899,65900,59244.1,,,0.0
159010.SZ,20260814,,0,0.0,,,0.0
159011.SZ,20260814,,0,0.0,,,0.0
159012.SZ,20260814,0.948,11000,10428.0,,,0.0
159013.SZ,20260814,,0,0.0,,,0.0
159015.SZ,20260814,,0,0.0,,,0.0
159016.SZ,20260814,1.026,19100,19596.6,,,0.0
159017.SZ,20260814,,0,0.0,,,0.0
159018.SZ,20260814,,0,0.0,,,0.0
159019.SZ,20260814,,0,0.0,,,0.0
159020.SZ,20260814,0.916,20100,18411.6,,,0.0
159021.SZ,20260814,,0,0.0,,,0.0
159022.SZ,20260814,1.043,500,521.5,,,0.0
159023.SZ,20260814,,0,0.0,,,0.0
159026.SZ,20260814,,0,0.0,,,0.0
159027.SZ,20260814,,0,0.0,,,0.0
159028.SZ,20260814,0.776,40400,31350.4,,,0.0
159029.SZ,20260814,0.898,217500,195315.0,,,0.0
159030.SZ,20260814,0.818,4500,3681.0,,,0.0
159031.SZ,20260814,0.898,38400,34483.2,,,0.0
159032.SZ,20260814,0.878,244700,214846.6,,,0.0
159033.SZ,20260814,0.921,1000,921.0,,,0.0
159035.SZ,20260814,0.859,98900,84955.1,,,0.0
159036.SZ,20260814,0.964,24100,23232.4,,,0.0
159037.SZ,20260814,,0,0.0,,,0.0
159038.SZ,20260814,0.874,100,87.4,,,0.0
159039.SZ,20260814,0.874,39500,34523.0,,,0.0
159040.SZ,20260814,1.112,20400,22684.8,,,0.0
159041.SZ,20260814,,0,0.0,,,0.0
159042.SZ,20260814,,0,0.0,,,0.0
159045.SZ,20260814,0.832,400,332.8,,,0.0
159046.SZ,20260814,,0,0.0,,,0.0
159048.SZ,20260814,0.906,28500,25821.0,,,0.0
159049.SZ,20260814,,0,0.0,,,0.0
159050.SZ,20260814,0.893,125500,112071.5,,,0.0
159051.SZ,20260814,1.051,900,945.9,,,0.0
159052.SZ,20260814,0.877,1200,1052.4,,,0.0
159053.SZ,20260814,0.92,18600,17112.0,,,0.0
159055.SZ,20260814,0.937,300,281.1,,,0.0
159056.SZ,20260814,,0,0.0,,,0.0
159057.SZ,20260814,,0,0.0,,,0.0
159058.SZ,20260814,1.001,190163,190353.163,,,0.0
159059.SZ,20260814,,0,0.0,,,0.0
159060.SZ,20260814,,0,0.0,,,0.0
159061.SZ,20260814,,0,0.0,,,0.0
159062.SZ,20260814,,0,0.0,,,0.0
159063.SZ,20260814,,0,0.0,,,0.0
159065.SZ,20260814,,0,0.0,,,0.0
159066.SZ,20260814,0.92,327300,301116.0,,,0.0
159067.SZ,20260814,,0,0.0,,,0.0
159068.SZ,20260814,1.033,200300,206909.9,,,0.0
159069.SZ,20260814,,0,0.0,,,0.0
159070.SZ,20260814,,0,0.0,,,0.0
159071.SZ,20260814,0.849,100,84.9,,,0.0
159072.SZ,20260814,1.043,3000,3129.0,,,0.0
159075.SZ,20260814,0.935,1000,935.0,,,0.0
159076.SZ,20260814,,0,0.0,,,0.0
159077.SZ,20260814,0.994,196,194.824,,,0.0
159078.SZ,20260814,0.95,1000,950.0,,,0.0
159079.SZ,20260814,,0,0.0,,,0.0
159083.SZ,20260814,0.995,100056,99555.72,,,0.0
159085.SZ,20260814,,0,0.0,,,0.0
159086.SZ,20260814,1.075,10100,10857.5,,,0.0
159087.SZ,20260814,1.03,12200,12566.0,,,0.0
159091.SZ,20260814,1.033,2600,2685.8,,,0.0
159093.SZ,20260814,,0,0.0,,,0.0
159098.SZ,20260814,0.99,45000,44550.0,,,0.0
159099.SZ,20260814,1.025,30800,31570.0,,,0.0
159100.SZ,20260814,1.055,121000,127655.0,,,0.0
159101.SZ,20260814,0.75,96600,72450.0,,,0.0
159102.SZ,20260814,0.821,11400,9359.4,,,0.0
159103.SZ,20260814,0.676,60100,40627.6,,,0.0
159105.SZ,20260814,0.939,160000,150240.0,,,0.0
159106.SZ,20260814,,0,0.0,,,0.0
159107.SZ,20260814,0.765,184600,141219.0,,,0.0
159108.SZ,20260814,1.01,300,303.0,,,0.0
159109.SZ,20260814,0.817,4200,3431.4,,,0.0
159110.SZ,20260814,102.255,31800,3251709.0,,,0.0
159111.SZ,20260814,,0,0.0,,,0.0
159112.SZ,20260814,,0,0.0,,,0.0
159113.SZ,20260814,,0,0.0,,,0.0
159115.SZ,20260814,,0,0.0,,,0.0
159116.SZ,20260814,,0,0.0,,,0.0
159117.SZ,20260814,,0,0.0,,,0.0
159118.SZ,20260814,,0,0.0,,,0.0
159119.SZ,20260814,0.975,2000,1950.0,,,0.0
159120.SZ,20260814,0.772,20000,15440.0,,,0.0
159121.SZ,20260814,0.748,13800,10322.4,,,0.0
159122.SZ,20260814,,0,0.0,,,0.0
159123.SZ,20260814,0.925,2400,2220.0,,,0.0
159125.SZ,20260814,0.727,40700,29588.9,,,0.0
159126.SZ,20260814,,0,0.0,,,0.0
159127.SZ,20260814,0.937,100,93.7,,,0.0
159128.SZ,20260814,0.743,64700,48072.1,,,0.0
159129.SZ,20260814,1.062,1400,1486.8,,,0.0
159130.SZ,20260814,0.924,5500,5082.0,,,0.0
159131.SZ,20260814,1.004,11605000,11651420.0,,,0.0
159132.SZ,20260814,0.966,9200,8887.2,,,0.0
159133.SZ,20260814,1.088,3800,4134.4,,,0.0
159135.SZ,20260814,,0,0.0,,,0.0
159136.SZ,20260814,1.038,300,311.4,,,0.0
159137.SZ,20260814,0.96,26800,25728.0,,,0.0
159138.SZ,20260814,,0,0.0,,,0.0
159139.SZ,20260814,1.302,19400,25258.8,,,0.0
159140.SZ,20260814,1.311,70900,92949.9,,,0.0
159141.SZ,20260814,1.229,672200,826133.8,,,0.0
159142.SZ,20260814,1.247,228900,285438.3,,,0.0
159143.SZ,20260814,0.935,100,93.5,,,0.0
159145.SZ,20260814,0.857,7100,6084.7,,,0.0
159146.SZ,20260814,1.035,125300,129685.5,,,0.0
159147.SZ,20260814,0.891,2500,2227.5,,,0.0
159148.SZ,20260814,0.95,1300,1235.0,,,0.0
159149.SZ,20260814,,0,0.0,,,0.0
159150.SZ,20260814,,0,0.0,,,0.0
159151.SZ,20260814,,0,0.0,,,0.0
159152.SZ,20260814,0.799,200,159.8,,,0.0
159153.SZ,20260814,1.235,10900,13461.5,,,0.0
159155.SZ,20260814,0.888,27700,24597.6,,,0.0
159156.SZ,20260814,,0,0.0,,,0.0
159157.SZ,20260814,0.836,65500,54758.0,,,0.0
159158.SZ,20260814,1.023,53300,54525.9,,,0.0
159159.SZ,20260814,1.026,200,205.2,,,0.0
159160.SZ,20260814,0.874,22000,19228.0,,,0.0
159161.SZ,20260814,,0,0.0,,,0.0
159162.SZ,20260814,0.83,8500,7055.0,,,0.0
159163.SZ,20260814,0.754,15100,11385.4,,,0.0
159165.SZ,20260814,,0,0.0,,,0.0
159166.SZ,20260814,,0,0.0,,,0.0
159167.SZ,20260814,0.95,51200,48640.0,,,0.0
159168.SZ,20260814,0.87,109300,95091.0,,,0.0
159169.SZ,20260814,0.994,7700,7653.8,,,0.0
159170.SZ,20260814,0.89,5900,5251.0,,,0.0
159171.SZ,20260814,0.806,1000,806.0,,,0.0
159172.SZ,20260814,0.829,184600,153033.4,,,0.0
159173.SZ,20260814,,0,0.0,,,0.0
159175.SZ,20260814,0.944,2100,1982.4,,,0.0
159176.SZ,20260814,,0,0.0,,,0.0
159177.SZ,20260814,,0,0.0,,,0.0
159178.SZ,20260814,1.083,35900,38879.7,,,0.0
159179.SZ,20260814,0.852,2400,2044.8,,,0.0
159180.SZ,20260814,,0,0.0,,,0.0
159181.SZ,20260814,,0,0.0,,,0.0
159182.SZ,20260814,,0,0.0,,,0.0
159183.SZ,20260814,,0,0.0,,,0.0
159185.SZ,20260814,1.143,336900,385076.7,,,0.0
159186.SZ,20260814,,0,0.0,,,0.0
159187.SZ,20260814,0.88,100,88.0,,,0.0
159188.SZ,20260814,,0,0.0,,,0.0
159189.SZ,20260814,0.862,1300,1120.6,,,0.0
159190.SZ,20260814,,0,0.0,,,0.0
159191.SZ,20260814,,0,0.0,,,0.0
159192.SZ,20260814,,0,0.0,,,0.0
159193.SZ,20260814,0.826,400,330.4,,,0.0
159195.SZ,20260814,0.88,100,88.0,,,0.0
159196.SZ,20260814,1.288,1084900,1397351.2,,,0.0
159197.SZ,20260814,0.88,100,88.0,,,0.0
159198.SZ,20260814,1.288,621600,800620.8,,,0.0
159199.SZ,20260814,0.874,100,87.4,,,0.0
159200.SZ,20260814,,0,0.0,,,0.0
159201.SZ,20260814,1.168,1686100,1969364.8,,,0.0
159202.SZ,20260814,0.83,738600,613038.0,,,0.0
159203.SZ,20260814,,0,0.0,,,0.0
159205.SZ,20260814,1.764,910500,1606122.0,,,0.0
159206.SZ,20260814,1.431,1094600,1566372.6,,,0.0
159207.SZ,20260814,1.15,52000,59800.0,,,0.0
159208.SZ,20260814,1.057,9700,10252.9,,,0.0
159209.SZ,20260814,1.149,335800,385834.2,,,0.0
159210.SZ,20260814,0.848,36000,30528.0,,,0.0
159211.SZ,20260814,,0,0.0,,,0.0
159212.SZ,20260814,1.528,100,152.8,,,0.0
159213.SZ,20260814,1.2,181600,217920.0,,,0.0
159215.SZ,20260814,1.327,800,1061.6,,,0.0
159216.SZ,20260814,,0,0.0,,,0.0
159217.SZ,20260814,1.19,756500,900235.0,,,0.0
159218.SZ,20260814,1.396,59200,82643.2,,,0.0
159219.SZ,20260814,,0,0.0,,,0.0
159220.SZ,20260814,0.578,41000,23698.0,,,0.0
159221.SZ,20260814,1.164,400,465.6,,,0.0
159222.SZ,20260814,1.255,3400,4267.0,,,0.0
159223.SZ,20260814,,0,0.0,,,0.0
159225.SZ,20260814,,0,0.0,,,0.0
159226.SZ,20260814,,0,0.0,,,0.0
159227.SZ,20260814,1.017,407400,414325.8,,,0.0
159228.SZ,20260814,,0,0.0,,,0.0
159229.SZ,20260814,,0,0.0,,,0.0
159230.SZ,20260814,,0,0.0,,,0.0
159231.SZ,20260814,0.503,700,352.1,,,0.0
159232.SZ,20260814,1.195,50000,59750.0,,,0.0
159233.SZ,20260814,,0,0.0,,,0.0
159235.SZ,20260814,,0,0.0,,,0.0
159236.SZ,20260814,,0,0.0,,,0.0
159237.SZ,20260814,,0,0.0,,,0.0
159238.SZ,20260814,1.316,13300,17502.8,,,0.0
159239.SZ,20260814,0.789,11400,8994.6,,,0.0
159240.SZ,20260814,,0,0.0,,,0.0
159241.SZ,20260814,1.043,60200,62788.6,,,0.0
159242.SZ,20260814,2.12,39300,83316.0,,,0.0
159243.SZ,20260814,1.293,68300,88311.9,,,0.0
159245.SZ,20260814,,0,0.0,,,0.0
159246.SZ,20260814,1.187,414600,492130.2,,,0.0
159247.SZ,20260814,1.081,249100,269277.1,,,0.0
159248.SZ,20260814,1.827,13800,25212.6,,,0.0
159249.SZ,20260814,,0,0.0,,,0.0
159251.SZ,20260814,0.78,21200,16536.0,,,0.0
159253.SZ,20260814,0.958,14100,13507.8,,,0.0
159255.SZ,20260814,0.867,3000,2601.0,,,0.0
159256.SZ,20260814,0.84,350700,294588.0,,,0.0
159257.SZ,20260814,0.871,100,87.1,,,0.0
159258.SZ,20260814,1.131,66900,75663.9,,,0.0
159259.SZ,20260814,1.363,478500,652195.5,,,0.0
159260.SZ,20260814,0.871,1200,1045.2,,,0.0
159261.SZ,20260814,1.425,2000,2850.0,,,0.0
159262.SZ,20260814,0.881,155800,137259.8,,,0.0
159263.SZ,20260814,1.139,235000,267665.0,,,0.0
159265.SZ,20260814,0.813,40000,32520.0,,,0.0
159266.SZ,20260814,0.935,3900,3646.5,,,0.0
159267.SZ,20260814,0.863,158600,136871.8,,,0.0
159268.SZ,20260814,0.785,6400,5024.0,,,0.0
159269.SZ,20260814,0.882,44200,38984.4,,,0.0
159270.SZ,20260814,,0,0.0,,,0.0
159271.SZ,20260814,0.957,100,95.7,,,0.0
159272.SZ,20260814,0.842,734300,618280.6,,,0.0
159273.SZ,20260814,1.447,68300,98830.1,,,0.0
159275.SZ,20260814,,0,0.0,,,0.0
159276.SZ,20260814,,0,0.0,,,0.0
159277.SZ,20260814,0.977,3000,2931.0,,,0.0
159278.SZ,20260814,0.991,548900,543959.9,,,0.0
159279.SZ,20260814,1.428,6500,9282.0,,,0.0
159280.SZ,20260814,,0,0.0,,,0.0
159281.SZ,20260814,0.927,30500,28273.5,,,0.0
159283.SZ,20260814,0.881,300,264.3,,,0.0
159285.SZ,20260814,0.788,5900,4649.2,,,0.0
159286.SZ,20260814,0.759,132200,100339.8,,,0.0
159287.SZ,20260814,1.15,30400,34960.0,,,0.0
159288.SZ,20260814,1.021,300,306.3,,,0.0
159289.SZ,20260814,,0,0.0,,,0.0
159290.SZ,20260814,1.183,800,946.4,,,0.0
159291.SZ,20260814,,0,0.0,,,0.0
159292.SZ,20260814,,0,0.0,,,0.0
159293.SZ,20260814,,0,0.0,,,0.0
159295.SZ,20260814,,0,0.0,,,0.0
159296.SZ,20260814,,0,0.0,,,0.0
159297.SZ,20260814,0.74,402100,297554.0,,,0.0
159298.SZ,20260814,1.264,2500,3160.0,,,0.0
159299.SZ,20260814,,0,0.0,,,0.0
159300.SZ,20260814,5.066,288000,1459008.0,,,0.0
159301.SZ,20260814,0.982,8700,8543.4,,,0.0
159302.SZ,20260814,,0,0.0,,,0.0
159303.SZ,20260814,1.595,28400,45298.0,,,0.0
159305.SZ,20260814,0.848,279900,237355.2,,,0.0
159306.SZ,20260814,,0,0.0,,,0.0
159307.SZ,20260814,1.025,333000,341325.0,,,0.0
159309.SZ,20260814,1.351,1000,1351.0,,,0.0
159310.SZ,20260814,2.965,5100,15121.5,,,0.0
159311.SZ,20260814,1.533,700,1073.1,,,0.0
159312.SZ,20260814,1.18,200,236.0,,,0.0
159315.SZ,20260814,1.592,119700,190562.4,,,0.0
159316.SZ,20260814,1.166,1695700,1977186.2,,,0.0
159318.SZ,20260814,,0,0.0,,,0.0
159320.SZ,20260814,0.632,229600,145107.2,,,0.0
159321.SZ,20260814,1.486,452800,672860.8,,,0.0
159322.SZ,20260814,1.557,99400,154765.8,,,0.0
159323.SZ,20260814,1.066,37400,39868.4,,,0.0
159325.SZ,20260814,2.236,204100,456367.6,,,0.0
159326.SZ,20260814,1.692,927500,1569330.0,,,0.0
159327.SZ,20260814,1.192,648400,772892.8,,,0.0
159328.SZ,20260814,,0,0.0,,,0.0
159329.SZ,20260814,0.9,143600,129240.0,,,0.0
159330.SZ,20260814,1.459,78500,114531.5,,,0.0
159331.SZ,20260814,1.266,400,506.4,,,0.0
159332.SZ,20260814,,0,0.0,,,0.0
159333.SZ,20260814,1.316,400,526.4,,,0.0
159335.SZ,20260814,,0,0.0,,,0.0
159336.SZ,20260814,1.191,800,952.8,,,0.0
159337.SZ,20260814,1.82,55600,101192.0,,,0.0
159338.SZ,20260814,1.242,942600,1170709.2,,,0.0
159339.SZ,20260814,1.249,200,249.8,,,0.0
159350.SZ,20260814,,0,0.0,,,0.0
159351.SZ,20260814,1.238,10000,12380.0,,,0.0
159352.SZ,20260814,1.291,213000,274983.0,,,0.0
159353.SZ,20260814,,0,0.0,,,0.0
159355.SZ,20260814,,0,0.0,,,0.0
159356.SZ,20260814,,0,0.0,,,0.0
159357.SZ,20260814,,0,0.0,,,0.0
159358.SZ,20260814,,0,0.0,,,0.0
159359.SZ,20260814,,0,0.0,,,0.0
159360.SZ,20260814,,0,0.0,,,0.0
159361.SZ,20260814,1.263,89600,113164.8,,,0.0
159362.SZ,20260814,1.326,200,265.2,,,0.0
159363.SZ,20260814,1.26,1349300,1700118.0,,,0.0
159365.SZ,20260814,,0,0.0,,,0.0
159366.SZ,20260814,1.446,343500,496701.0,,,0.0
159367.SZ,20260814,1.785,21000,37485.0,,,0.0
159368.SZ,20260814,0.69,15400,10626.0,,,0.0
159369.SZ,20260814,1.449,19600,28400.4,,,0.0
159370.SZ,20260814,1.884,100,188.4,,,0.0
159371.SZ,20260814,1.777,19700,35006.9,,,0.0
159372.SZ,20260814,1.918,100,191.8,,,0.0
159373.SZ,20260814,1.819,100,181.9,,,0.0
159375.SZ,20260814,0.76,100,76.0,,,0.0
159376.SZ,20260814,,0,0.0,,,0.0
159377.SZ,20260814,1.067,182000,194194.0,,,0.0
159378.SZ,20260814,,0,0.0,,,0.0
159379.SZ,20260814,,0,0.0,,,0.0
159380.SZ,20260814,1.381,241100,332959.1,,,0.0
159381.SZ,20260814,1.192,385400,459396.8,,,0.0
159382.SZ,20260814,2.673,129100,345084.3,,,0.0
159383.SZ,20260814,,0,0.0,,,0.0
159385.SZ,20260814,1.883,45600,85864.8,,,0.0
159386.SZ,20260814,,0,0.0,,,0.0
159387.SZ,20260814,0.759,4400,3339.6,,,0.0
159388.SZ,20260814,1.026,25400,26060.4,,,0.0
159389.SZ,20260814,1.904,3600,6854.4,,,0.0
159390.SZ,20260814,,0,0.0,,,0.0
159391.SZ,20260814,,0,0.0,,,0.0
159392.SZ,20260814,,0,0.0,,,0.0
159393.SZ,20260814,5.034,5100,25673.4,,,0.0
159395.SZ,20260814,,0,0.0,,,0.0
159396.SZ,20260814,103.283,100,10328.3,,,0.0
159397.SZ,20260814,,0,0.0,,,0.0
159398.SZ,20260814,,0,0.0,,,0.0
159399.SZ,20260814,1.001,63700,63763.7,,,0.0
159400.SZ,20260814,,0,0.0,,,0.0
159500.SZ,20260814,1.196,27700,33129.2,,,0.0
159501.SZ,20260814,,0,0.0,,,0.0
159502.SZ,20260814,1.575,1851200,2915640.0,,,0.0
159505.SZ,20260814,,0,0.0,,,0.0
159506.SZ,20260814,1.292,478100,617705.2,,,0.0
159507.SZ,20260814,0.867,145200,125888.4,,,0.0
159508.SZ,20260814,0.863,8900,7680.7,,,0.0
159509.SZ,20260814,,0,0.0,,,0.0
159510.SZ,20260814,,0,0.0,,,0.0
159511.SZ,20260814,2.409,9200,22162.8,,,0.0
159512.SZ,20260814,1.065,12700,13525.5,,,0.0
159513.SZ,20260814,1.841,387500,713387.5,,,0.0
159515.SZ,20260814,,0,0.0,,,0.0
159516.SZ,20260814,0.745,62403900,46490905.5,,,0.0
159517.SZ,20260814,,0,0.0,,,0.0
159518.SZ,20260814,1.2,1835800,2202960.0,,,0.0
159519.SZ,20260814,,0,0.0,,,0.0
159520.SZ,20260814,,0,0.0,,,0.0
159521.SZ,20260814,,0,0.0,,,0.0
159523.SZ,20260814,,0,0.0,,,0.0
159525.SZ,20260814,1.077,300,323.1,,,0.0
159526.SZ,20260814,1.479,1000,1479.0,,,0.0
159527.SZ,20260814,0.739,49900,36876.1,,,0.0
159528.SZ,20260814,,0,0.0,,,0.0
159529.SZ,20260814,1.297,419300,543832.1,,,0.0
159530.SZ,20260814,1.396,2460300,3434578.8,,,0.0
159531.SZ,20260814,1.455,883800,1285929.0,,,0.0
159532.SZ,20260814,1.635,27800,45453.0,,,0.0
159533.SZ,20260814,,0,0.0,,,0.0
159535.SZ,20260814,,0,0.0,,,0.0
159536.SZ,20260814,,0,0.0,,,0.0
159537.SZ,20260814,0.95,68100,64695.0,,,0.0
159538.SZ,20260814,0.953,51900,49460.7,,,0.0
159539.SZ,20260814,1.866,5300,9889.8,,,0.0
159540.SZ,20260814,2.016,700,1411.2,,,0.0
159541.SZ,20260814,,0,0.0,,,0.0
159542.SZ,20260814,,0,0.0,,,0.0
159543.SZ,20260814,,0,0.0,,,0.0
159545.SZ,20260814,1.285,74900,96246.5,,,0.0
159546.SZ,20260814,0.808,231700,187213.6,,,0.0
159547.SZ,20260814,1.181,3600,4251.6,,,0.0
159549.SZ,20260814,,0,0.0,,,0.0
159550.SZ,20260814,0.827,13100,10833.7,,,0.0
159551.SZ,20260814,1.301,9700,12619.7,,,0.0
159552.SZ,20260814,2.242,240465,539122.53,,,0.0
159553.SZ,20260814,,0,0.0,,,0.0
159555.SZ,20260814,1.755,1200,2106.0,,,0.0
159556.SZ,20260814,1.21,22100,26741.0,,,0.0
159557.SZ,20260814,1.46,19600,28616.0,,,0.0
159558.SZ,20260814,1.167,11195800,13065498.6,,,0.0
159559.SZ,20260814,1.261,188300,237446.3,,,0.0
159560.SZ,20260814,2.4,48600,116640.0,,,0.0
159561.SZ,20260814,1.38,32700,45126.0,,,0.0
159562.SZ,20260814,2.105,1608400,3385682.0,,,0.0
159563.SZ,20260814,,0,0.0,,,0.0
159565.SZ,20260814,1.341,16400,21992.4,,,0.0
159566.SZ,20260814,1.909,421900,805407.1,,,0.0
159567.SZ,20260814,0.708,5210700,3689175.6,,,0.0
159568.SZ,20260814,1.172,65400,76648.8,,,0.0
159569.SZ,20260814,1.357,18100,24561.7,,,0.0
159570.SZ,20260814,1.464,6976200,10213156.8,,,0.0
159571.SZ,20260814,,0,0.0,,,0.0
159572.SZ,20260814,1.471,23900,35156.9,,,0.0
159573.SZ,20260814,,0,0.0,,,0.0
159575.SZ,20260814,1.427,200,285.4,,,0.0
159576.SZ,20260814,1.58,600,948.0,,,0.0
159577.SZ,20260814,1.669,369525,616737.225,,,0.0
159578.SZ,20260814,,0,0.0,,,0.0
159581.SZ,20260814,1.052,2000,2104.0,,,0.0
159582.SZ,20260814,0.795,1276200,1014579.0,,,0.0
159583.SZ,20260814,1.668,1399200,2333865.6,,,0.0
159586.SZ,20260814,1.09,8400,9156.0,,,0.0
159587.SZ,20260814,1.116,3600,4017.6,,,0.0
159588.SZ,20260814,1.214,1100,1335.4,,,0.0
159589.SZ,20260814,,0,0.0,,,0.0
159590.SZ,20260814,0.92,198300,182436.0,,,0.0
159591.SZ,20260814,,0,0.0,,,0.0
159592.SZ,20260814,,0,0.0,,,0.0
159593.SZ,20260814,1.386,16200,22453.2,,,0.0
159595.SZ,20260814,,0,0.0,,,0.0
159596.SZ,20260814,,0,0.0,,,0.0
159597.SZ,20260814,0.829,21000,17409.0,,,0.0
159599.SZ,20260814,2.938,812900,2388300.2,,,0.0
159600.SZ,20260814,,0,0.0,,,0.0
159601.SZ,20260814,1.142,14700,16787.4,,,0.0
159602.SZ,20260814,,0,0.0,,,0.0
159603.SZ,20260814,1.774,3100,5499.4,,,0.0
159605.SZ,20260814,0.816,3181600,2596185.6,,,0.0
159606.SZ,20260814,1.364,100,136.4,,,0.0
159607.SZ,20260814,0.815,1401500,1142222.5,,,0.0
159608.SZ,20260814,1.101,2734900,3011124.9,,,0.0
159609.SZ,20260814,0.503,95300,47935.9,,,0.0
159610.SZ,20260814,,0,0.0,,,0.0
159611.SZ,20260814,1.067,1972300,2104444.1,,,0.0
159612.SZ,20260814,2.096,129500,271432.0,,,0.0
159613.SZ,20260814,0.894,46000,41124.0,,,0.0
159615.SZ,20260814,1.133,59300,67186.9,,,0.0
159616.SZ,20260814,,0,0.0,,,0.0
159617.SZ,20260814,,0,0.0,,,0.0
159618.SZ,20260814,,0,0.0,,,0.0
159619.SZ,20260814,0.943,100,94.3,,,0.0
159620.SZ,20260814,,0,0.0,,,0.0
159621.SZ,20260814,,0,0.0,,,0.0
159622.SZ,20260814,1.214,674300,818600.2,,,0.0
159623.SZ,20260814,,0,0.0,,,0.0
159625.SZ,20260814,1.23,15300,18819.0,,,0.0
159627.SZ,20260814,,0,0.0,,,0.0
159628.SZ,20260814,1.402,42600,59725.2,,,0.0
159629.SZ,20260814,3.225,15000,48375.0,,,0.0
159630.SZ,20260814,,0,0.0,,,0.0
159631.SZ,20260814,,0,0.0,,,0.0
159632.SZ,20260814,2.503,1136800,2845410.4,,,0.0
159633.SZ,20260814,3.29,266000,875140.0,,,0.0
159635.SZ,20260814,,0,0.0,,,0.0
159636.SZ,20260814,0.528,4145500,2188824.0,,,0.0
159637.SZ,20260814,0.832,18100,15059.2,,,0.0
159638.SZ,20260814,0.847,47200,39978.4,,,0.0
159639.SZ,20260814,0.968,300,290.4,,,0.0
159640.SZ,20260814,,0,0.0,,,0.0
159641.SZ,20260814,,0,0.0,,,0.0
159642.SZ,20260814,,0,0.0,,,0.0
159643.SZ,20260814,0.587,25800,15144.6,,,0.0
159645.SZ,20260814,,0,0.0,,,0.0
159647.SZ,20260814,0.929,106000,98474.0,,,0.0
159649.SZ,20260814,110.241,2300,253554.3,,,0.0
159650.SZ,20260814,107.917,3400,366917.8,,,0.0
159651.SZ,20260814,,0,0.0,,,0.0
159652.SZ,20260814,1.6,282300,451680.0,,,0.0
159653.SZ,20260814,,0,0.0,,,0.0
159655.SZ,20260814,2.041,189300,386361.3,,,0.0
159656.SZ,20260814,,0,0.0,,,0.0
159657.SZ,20260814,0.633,700,443.1,,,0.0
159658.SZ,20260814,,0,0.0,,,0.0
159659.SZ,20260814,2.386,1180900,2817627.4,,,0.0
159660.SZ,20260814,2.404,610900,1468603.6,,,0.0
159661.SZ,20260814,,0,0.0,,,0.0
159662.SZ,20260814,0.974,1000,974.0,,,0.0
159663.SZ,20260814,1.026,27600,28317.6,,,0.0
159665.SZ,20260814,2.541,159900,406305.9,,,0.0
159666.SZ,20260814,0.969,100,96.9,,,0.0
159667.SZ,20260814,0.685,1168900,800696.5,,,0.0
159669.SZ,20260814,1.138,1900,2162.2,,,0.0
159670.SZ,20260814,,0,0.0,,,0.0
159671.SZ,20260814,1.356,48600,65901.6,,,0.0
159672.SZ,20260814,0.648,21000,13608.0,,,0.0
159673.SZ,20260814,1.3,6800,8840.0,,,0.0
159675.SZ,20260814,,0,0.0,,,0.0
159676.SZ,20260814,1.663,3000,4989.0,,,0.0
159677.SZ,20260814,,0,0.0,,,0.0
159678.SZ,20260814,,0,0.0,,,0.0
159679.SZ,20260814,1.288,51500,66332.0,,,0.0
159680.SZ,20260814,1.668,40100,66886.8,,,0.0
159681.SZ,20260814,1.674,4400,7365.6,,,0.0
159682.SZ,20260814,1.651,52600,86842.6,,,0.0
159685.SZ,20260814,,0,0.0,,,0.0
159686.SZ,20260814,,0,0.0,,,0.0
159687.SZ,20260814,1.86,541700,1007562.0,,,0.0
159688.SZ,20260814,0.783,412100,322674.3,,,0.0
159689.SZ,20260814,,0,0.0,,,0.0
159690.SZ,20260814,1.925,55000,105875.0,,,0.0
159691.SZ,20260814,1.182,45200,53426.4,,,0.0
159692.SZ,20260814,1.233,1015900,1252604.7,,,0.0
159695.SZ,20260814,0.95,57000,54150.0,,,0.0
159696.SZ,20260814,2.08,154300,320944.0,,,0.0
159697.SZ,20260814,1.279,7800,9976.2,,,0.0
159698.SZ,20260814,0.864,24600,21254.4,,,0.0
159699.SZ,20260814,0.903,15300,13815.9,,,0.0
159700.SZ,20260814,,0,0.0,,,0.0
159701.SZ,20260814,,0,0.0,,,0.0
159703.SZ,20260814,,0,0.0,,,0.0
159706.SZ,20260814,,0,0.0,,,0.0
159707.SZ,20260814,0.501,168400,84368.4,,,0.0
159708.SZ,20260814,,0,0.0,,,0.0
159709.SZ,20260814,,0,0.0,,,0.0
159711.SZ,20260814,,0,0.0,,,0.0
159712.SZ,20260814,1.229,2400,2949.6,,,0.0
159713.SZ,20260814,1.293,89900,116240.7,,,0.0
159715.SZ,20260814,1.186,67200,79699.2,,,0.0
159716.SZ,20260814,,0,0.0,,,0.0
159717.SZ,20260814,,0,0.0,,,0.0
159718.SZ,20260814,0.892,30100,26849.2,,,0.0
159719.SZ,20260814,,0,0.0,,,0.0
159720.SZ,20260814,,0,0.0,,,0.0
159721.SZ,20260814,,0,0.0,,,0.0
159723.SZ,20260814,,0,0.0,,,0.0
159725.SZ,20260814,0.787,1053200,828868.4,,,0.0
159726.SZ,20260814,1.352,400,540.8,,,0.0
159728.SZ,20260814,0.792,32100,25423.2,,,0.0
159729.SZ,20260814,0.712,7800,5553.6,,,0.0
159730.SZ,20260814,1.023,5800,5933.4,,,0.0
159731.SZ,20260814,0.927,100,92.7,,,0.0
159732.SZ,20260814,1.423,393200,559523.6,,,0.0
159735.SZ,20260814,0.674,70600,47584.4,,,0.0
159736.SZ,20260814,0.606,48400,29330.4,,,0.0
159738.SZ,20260814,,0,0.0,,,0.0
159739.SZ,20260814,0.828,400,331.2,,,0.0
159740.SZ,20260814,0.594,8381800,4978789.2,,,0.0
159741.SZ,20260814,0.598,312100,186635.8,,,0.0
159742.SZ,20260814,0.611,495000,302445.0,,,0.0
159743.SZ,20260814,1.401,1600,2241.6,,,0.0
159745.SZ,20260814,0.534,342300,182788.2,,,0.0
159747.SZ,20260814,1.203,15100,18165.3,,,0.0
159748.SZ,20260814,0.86,376700,323962.0,,,0.0
159750.SZ,20260814,0.885,63100,55843.5,,,0.0
159751.SZ,20260814,0.905,123500,111767.5,,,0.0
159752.SZ,20260814,0.624,4400,2745.6,,,0.0
159755.SZ,20260814,0.973,741721,721694.533,,,0.0
159757.SZ,20260814,,0,0.0,,,0.0
159758.SZ,20260814,1.137,29300,33314.1,,,0.0
159760.SZ,20260814,,0,0.0,,,0.0
159761.SZ,20260814,0.833,2300,1915.9,,,0.0
159763.SZ,20260814,,0,0.0,,,0.0
159766.SZ,20260814,0.565,2220800,1254752.0,,,0.0
159767.SZ,20260814,,0,0.0,,,0.0
159768.SZ,20260814,0.448,552700,247609.6,,,0.0
159770.SZ,20260814,1.035,608600,629901.0,,,0.0
159773.SZ,20260814,1.389,63400,88062.6,,,0.0
159775.SZ,20260814,0.81,2100,1701.0,,,0.0
159776.SZ,20260814,1.195,1500,1792.5,,,0.0
159777.SZ,20260814,,0,0.0,,,0.0
159778.SZ,20260814,,0,0.0,,,0.0
159779.SZ,20260814,1.496,1200,1795.2,,,0.0
159780.SZ,20260814,1.144,86300,98727.2,,,0.0
159781.SZ,20260814,1.145,539100,617269.5,,,0.0
159782.SZ,20260814,1.148,46400,53267.2,,,0.0
159783.SZ,20260814,1.153,114900,132479.7,,,0.0
159786.SZ,20260814,1.175,3700,4347.5,,,0.0
159787.SZ,20260814,0.589,3300,1943.7,,,0.0
159788.SZ,20260814,1.212,6900,8362.8,,,0.0
159790.SZ,20260814,0.724,10600,7674.4,,,0.0
159791.SZ,20260814,,0,0.0,,,0.0
159792.SZ,20260814,0.592,23338200,13816214.4,,,0.0
159793.SZ,20260814,,0,0.0,,,0.0
159795.SZ,20260814,0.897,1600,1435.2,,,0.0
159796.SZ,20260814,0.883,945000,834435.0,,,0.0
159797.SZ,20260814,0.69,112900,77901.0,,,0.0
159798.SZ,20260814,0.865,6300,5449.5,,,0.0
159800.SZ,20260814,,0,0.0,,,0.0
159801.SZ,20260814,1.201,985500,1183585.5,,,0.0
159804.SZ,20260814,,0,0.0,,,0.0
159805.SZ,20260814,1.197,155900,186612.3,,,0.0
159806.SZ,20260814,0.726,1400,1016.4,,,0.0
159807.SZ,20260814,0.959,68100,65307.9,,,0.0
159808.SZ,20260814,,0,0.0,,,0.0
159810.SZ,20260814,,0,0.0,,,0.0
159811.SZ,20260814,3.047,3100,9445.7,,,0.0
159812.SZ,20260814,8.921,900,8028.9,,,0.0
159813.SZ,20260814,0.774,2143900,1659378.6,,,0.0
159814.SZ,20260814,0.75,10000,7500.0,,,0.0
159816.SZ,20260814,,0,0.0,,,0.0
159819.SZ,20260814,1.84,605300,1113752.0,,,0.0
159820.SZ,20260814,1.387,4400,6102.8,,,0.0
159821.SZ,20260814,1.354,1500,2031.0,,,0.0
159822.SZ,20260814,0.602,56800,34193.6,,,0.0
159824.SZ,20260814,1.115,200,223.0,,,0.0
159825.SZ,20260814,0.721,55800,40231.8,,,0.0
159827.SZ,20260814,,0,0.0,,,0.0
159828.SZ,20260814,0.441,451900,199287.9,,,0.0
159830.SZ,20260814,9.301,4800,44644.8,,,0.0
159831.SZ,20260814,9.02,6500,58630.0,,,0.0
159834.SZ,20260814,9.322,1800,16779.6,,,0.0
159835.SZ,20260814,0.717,54000,38718.0,,,0.0
159836.SZ,20260814,1.341,400,536.4,,,0.0
159837.SZ,20260814,0.528,63400,33475.2,,,0.0
159838.SZ,20260814,0.612,1000,612.0,,,0.0
159839.SZ,20260814,0.395,876300,346138.5,,,0.0
159840.SZ,20260814,0.792,92200,73022.4,,,0.0
159841.SZ,20260814,0.995,1060900,1055595.5,,,0.0
159842.SZ,20260814,1.046,319500,334197.0,,,0.0
159843.SZ,20260814,0.562,500,281.0,,,0.0
159845.SZ,20260814,3.214,1013600,3257710.4,,,0.0
159847.SZ,20260814,0.424,264600,112190.4,,,0.0
159848.SZ,20260814,,0,0.0,,,0.0
159849.SZ,20260814,0.535,200,107.0,,,0.0
159850.SZ,20260814,0.81,8600,6966.0,,,0.0
159851.SZ,20260814,0.63,2814600,1773198.0,,,0.0
159852.SZ,20260814,0.709,10338100,7329712.9,,,0.0
159855.SZ,20260814,0.761,345200,262697.2,,,0.0
159856.SZ,20260814,,0,0.0,,,0.0
159857.SZ,20260814,0.74,136200,100788.0,,,0.0
159858.SZ,20260814,0.745,232600,173287.0,,,0.0
159859.SZ,20260814,0.423,1471100,622275.3,,,0.0
159861.SZ,20260814,,0,0.0,,,0.0
159862.SZ,20260814,0.562,64600,36305.2,,,0.0
159863.SZ,20260814,0.58,104600,60668.0,,,0.0
159864.SZ,20260814,0.565,10000,5650.0,,,0.0
159865.SZ,20260814,0.54,1964100,1060614.0,,,0.0
159866.SZ,20260814,1.748,1897600,3317004.8,,,0.0
159867.SZ,20260814,0.551,7600,4187.6,,,0.0
159869.SZ,20260814,1.126,2011200,2264611.2,,,0.0
159870.SZ,20260814,0.801,1789800,1433629.8,,,0.0
159871.SZ,20260814,0.938,168800,158334.4,,,0.0
159872.SZ,20260814,,0,0.0,,,0.0
159873.SZ,20260814,0.539,15100,8138.9,,,0.0
159875.SZ,20260814,0.608,137600,83660.8,,,0.0
159876.SZ,20260814,0.96,172400,165504.0,,,0.0
159877.SZ,20260814,0.535,22000,11770.0,,,0.0
159880.SZ,20260814,0.955,64100,61215.5,,,0.0
159881.SZ,20260814,0.9,34300,30870.0,,,0.0
159883.SZ,20260814,0.449,420500,188804.5,,,0.0
159885.SZ,20260814,,0,0.0,,,0.0
159886.SZ,20260814,,0,0.0,,,0.0
159887.SZ,20260814,1.307,1141700,1492201.9,,,0.0
159888.SZ,20260814,1.052,10000,10520.0,,,0.0
159889.SZ,20260814,0.909,10000,9090.0,,,0.0
159890.SZ,20260814,1.783,42700,76134.1,,,0.0
159891.SZ,20260814,0.393,5400,2122.2,,,0.0
159892.SZ,20260814,0.794,2323400,1844779.6,,,0.0
159895.SZ,20260814,1.412,200,282.4,,,0.0
159896.SZ,20260814,,0,0.0,,,0.0
159898.SZ,20260814,0.505,41700,21058.5,,,0.0
159899.SZ,20260814,0.736,66800,49164.8,,,0.0
159901.SZ,20260814,3.71,20200,74942.0,,,0.0
159902.SZ,20260814,4.699,200,939.8,,,0.0
159903.SZ,20260814,1.75,244300,427525.0,,,0.0
159905.SZ,20260814,1.702,8200,13956.4,,,0.0
159906.SZ,20260814,1.771,3200,5667.2,,,0.0
159907.SZ,20260814,1.073,500000,536500.0,,,0.0
159908.SZ,20260814,3.364,33900,114039.6,,,0.0
159909.SZ,20260814,1.366,2700,3688.2,,,0.0
159910.SZ,20260814,,0,0.0,,,0.0
159912.SZ,20260814,,0,0.0,,,0.0
159913.SZ,20260814,,0,0.0,,,0.0
159915.SZ,20260814,3.627,7480000,27129960.0,,,0.0
159916.SZ,20260814,,0,0.0,,,0.0
159918.SZ,20260814,,0,0.0,,,0.0
159919.SZ,20260814,4.942,64225,317399.95,,,0.0
159920.SZ,20260814,1.483,1319500,1956818.5,,,0.0
159922.SZ,20260814,3.241,91075,295174.075,,,0.0
159923.SZ,20260814,,0,0.0,,,0.0
159925.SZ,20260814,,0,0.0,,,0.0
159928.SZ,20260814,0.683,2123000,1450009.0,,,0.0
159929.SZ,20260814,1.396,157100,219311.6,,,0.0
159930.SZ,20260814,1.673,40400,67589.2,,,0.0
159931.SZ,20260814,,0,0.0,,,0.0
159933.SZ,20260814,,0,0.0,,,0.0
159934.SZ,20260814,9.303,546100,5080368.3,,,0.0
159935.SZ,20260814,,0,0.0,,,0.0
159936.SZ,20260814,,0,0.0,,,0.0
159937.SZ,20260814,8.915,271700,2422205.5,,,0.0
159938.SZ,20260814,0.685,115800,79323.0,,,0.0
159939.SZ,20260814,1.146,60400,69218.4,,,0.0
159940.SZ,20260814,,0,0.0,,,0.0
159941.SZ,20260814,,0,0.0,,,0.0
159943.SZ,20260814,1.584,153100,242510.4,,,0.0
159944.SZ,20260814,1.483,2500,3707.5,,,0.0
159945.SZ,20260814,1.34,200,268.0,,,0.0
159948.SZ,20260814,3.997,15500,61953.5,,,0.0
159949.SZ,20260814,1.7,5388100,9159770.0,,,0.0
159952.SZ,20260814,2.195,497900,1092890.5,,,0.0
159954.SZ,20260814,0.917,96500,88490.5,,,0.0
159956.SZ,20260814,2.327,200,465.4,,,0.0
159957.SZ,20260814,2.366,88400,209154.4,,,0.0
159958.SZ,20260814,2.184,100,218.4,,,0.0
159959.SZ,20260814,,0,0.0,,,0.0
159960.SZ,20260814,,0,0.0,,,0.0
159961.SZ,20260814,,0,0.0,,,0.0
159964.SZ,20260814,2.426,300,727.8,,,0.0
159965.SZ,20260814,,0,0.0,,,0.0
159966.SZ,20260814,0.557,18600,10360.2,,,0.0
159967.SZ,20260814,0.823,13899900,11439617.7,,,0.0
159968.SZ,20260814,,0,0.0,,,0.0
159970.SZ,20260814,,0,0.0,,,0.0
159971.SZ,20260814,1.257,83400,104833.8,,,0.0
159972.SZ,20260814,119.629,20600,2464357.4,,,0.0
159973.SZ,20260814,,0,0.0,,,0.0
159974.SZ,20260814,,0,0.0,,,0.0
159975.SZ,20260814,,0,0.0,,,0.0
159976.SZ,20260814,,0,0.0,,,0.0
159977.SZ,20260814,1.876,60500,113498.0,,,0.0
159980.SZ,20260814,2.148,391700,841371.6,,,0.0
159981.SZ,20260814,1.5,201000,301500.0,,,0.0
159982.SZ,20260814,,0,0.0,,,0.0
159985.SZ,20260814,2.123,193900,411649.7,,,0.0
159991.SZ,20260814,,0,0.0,,,0.0
159992.SZ,20260814,0.926,10006300,9265833.8,,,0.0
159993.SZ,20260814,1.188,166200,197445.6,,,0.0
159994.SZ,20260814,1.295,605028,783511.26,,,0.0
159995.SZ,20260814,1.21,3346500,4049265.0,,,0.0
159996.SZ,20260814,1.423,42400,60335.2,,,0.0
159997.SZ,20260814,2.218,130200,288783.6,,,0.0
159998.SZ,20260814,1.013,71000,71923.0,,,0.0
160105.SZ,20260814,,0,0.0,,,0.0
160106.SZ,20260814,,0,0.0,,,0.0
160119.SZ,20260814,,0,0.0,,,0.0
160125.SZ,20260814,,0,0.0,,,0.0
160127.SZ,20260814,,0,0.0,,,0.0
160128.SZ,20260814,1.025,29300,30032.5,,,0.0
160133.SZ,20260814,,0,0.0,,,0.0
160135.SZ,20260814,0.991,100,99.1,,,0.0
160140.SZ,20260814,1.462,54977,80376.374,,,0.0
160142.SZ,20260814,,0,0.0,,,0.0
160143.SZ,20260814,,0,0.0,,,0.0
160211.SZ,20260814,,0,0.0,,,0.0
160212.SZ,20260814,,0,0.0,,,0.0
160215.SZ,20260814,,0,0.0,,,0.0
160216.SZ,20260814,0.634,84500,53573.0,,,0.0
160218.SZ,20260814,,0,0.0,,,0.0
160219.SZ,20260814,,0,0.0,,,0.0
160220.SZ,20260814,,0,0.0,,,0.0
160221.SZ,20260814,,0,0.0,,,0.0
160222.SZ,20260814,0.691,100,69.1,,,0.0
160223.SZ,20260814,,0,0.0,,,0.0
160225.SZ,20260814,,0,0.0,,,0.0
160311.SZ,20260814,,0,0.0,,,0.0
160314.SZ,20260814,,0,0.0,,,0.0
160322.SZ,20260814,,0,0.0,,,0.0
160323.SZ,20260814,,0,0.0,,,0.0
160324.SZ,20260814,,0,0.0,,,0.0
160325.SZ,20260814,,0,0.0,,,0.0
160326.SZ,20260814,,0,0.0,,,0.0
160416.SZ,20260814,2.115,65920,139420.8,,,0.0
160421.SZ,20260814,,0,0.0,,,0.0
160505.SZ,20260814,,0,0.0,,,0.0
160512.SZ,20260814,,0,0.0,,,0.0
160513.SZ,20260814,,0,0.0,,,0.0
160515.SZ,20260814,,0,0.0,,,0.0
160518.SZ,20260814,,0,0.0,,,0.0
160526.SZ,20260814,,0,0.0,,,0.0
160527.SZ,20260814,,0,0.0,,,0.0
160529.SZ,20260814,,0,0.0,,,0.0
160607.SZ,20260814,,0,0.0,,,0.0
160610.SZ,20260814,,0,0.0,,,0.0
160611.SZ,20260814,,0,0.0,,,0.0
160613.SZ,20260814,,0,0.0,,,0.0
160615.SZ,20260814,,0,0.0,,,0.0
160616.SZ,20260814,,0,0.0,,,0.0
160617.SZ,20260814,,0,0.0,,,0.0
160618.SZ,20260814,,0,0.0,,,0.0
160620.SZ,20260814,,0,0.0,,,0.0
160621.SZ,20260814,,0,0.0,,,0.0
160622.SZ,20260814,,0,0.0,,,0.0
160625.SZ,20260814,,0,0.0,,,0.0
160626.SZ,20260814,1.675,16600,27805.0,,,0.0
160628.SZ,20260814,,0,0.0,,,0.0
160629.SZ,20260814,,0,0.0,,,0.0
160630.SZ,20260814,,0,0.0,,,0.0
160631.SZ,20260814,,0,0.0,,,0.0
160632.SZ,20260814,0.28,12200,3416.0,,,0.0
160633.SZ,20260814,,0,0.0,,,0.0
160635.SZ,20260814,,0,0.0,,,0.0
160637.SZ,20260814,,0,0.0,,,0.0
160638.SZ,20260814,,0,0.0,,,0.0
160639.SZ,20260814,,0,0.0,,,0.0
160641.SZ,20260814,,0,0.0,,,0.0
160642.SZ,20260814,,0,0.0,,,0.0
160643.SZ,20260814,,0,0.0,,,0.0
160644.SZ,20260814,1.78,1353200,2408696.0,,,0.0
160706.SZ,20260814,,0,0.0,,,0.0
160716.SZ,20260814,,0,0.0,,,0.0
160717.SZ,20260814,,0,0.0,,,0.0
160719.SZ,20260814,1.91,201779,385397.89,,,0.0
160722.SZ,20260814,,0,0.0,,,0.0
160723.SZ,20260814,1.996,1732300,3457670.8,,,0.0
160726.SZ,20260814,,0,0.0,,,0.0
160805.SZ,20260814,,0,0.0,,,0.0
160806.SZ,20260814,,0,0.0,,,0.0
160807.SZ,20260814,,0,0.0,,,0.0
160812.SZ,20260814,,0,0.0,,,0.0
160813.SZ,20260814,,0,0.0,,,0.0
160910.SZ,20260814,,0,0.0,,,0.0
160916.SZ,20260814,,0,0.0,,,0.0
160918.SZ,20260814,,0,0.0,,,0.0
160919.SZ,20260814,,0,0.0,,,0.0
160921.SZ,20260814,,0,0.0,,,0.0
160924.SZ,20260814,0.998,600,598.8,,,0.0
160925.SZ,20260814,,0,0.0,,,0.0
160926.SZ,20260814,,0,0.0,,,0.0
161005.SZ,20260814,3.128,2900,9071.2,,,0.0
161010.SZ,20260814,,0,0.0,,,0.0
161014.SZ,20260814,,0,0.0,,,0.0
161015.SZ,20260814,,0,0.0,,,0.0
161017.SZ,20260814,,0,0.0,,,0.0
161019.SZ,20260814,,0,0.0,,,0.0
161024.SZ,20260814,1.112,7400,8228.8,,,0.0
161025.SZ,20260814,,0,0.0,,,0.0
161026.SZ,20260814,,0,0.0,,,0.0
161027.SZ,20260814,,0,0.0,,,0.0
161028.SZ,20260814,,0,0.0,,,0.0
161029.SZ,20260814,,0,0.0,,,0.0
161030.SZ,20260814,,0,0.0,,,0.0
161031.SZ,20260814,1.556,300,466.8,,,0.0
161032.SZ,20260814,2.245,100,224.5,,,0.0
161033.SZ,20260814,,0,0.0,,,0.0
161035.SZ,20260814,,0,0.0,,,0.0
161036.SZ,20260814,,0,0.0,,,0.0
161037.SZ,20260814,,0,0.0,,,0.0
161038.SZ,20260814,,0,0.0,,,0.0
161039.SZ,20260814,,0,0.0,,,0.0
161040.SZ,20260814,,0,0.0,,,0.0
161115.SZ,20260814,,0,0.0,,,0.0
161116.SZ,20260814,1.593,327410,521564.13,,,0.0
161117.SZ,20260814,,0,0.0,,,0.0
161118.SZ,20260814,,0,0.0,,,0.0
161119.SZ,20260814,1.802,18100,32616.2,,,0.0
161121.SZ,20260814,,0,0.0,,,0.0
161122.SZ,20260814,0.611,16300,9959.3,,,0.0
161123.SZ,20260814,,0,0.0,,,0.0
161124.SZ,20260814,0.893,11330,10117.69,,,0.0
161125.SZ,20260814,3.271,57811,189099.781,,,0.0
161126.SZ,20260814,2.076,29500,61242.0,,,0.0
161127.SZ,20260814,2.062,38400,79180.8,,,0.0
161128.SZ,20260814,7.103,262656,1865645.568,,,0.0
161129.SZ,20260814,1.691,2014909,3407211.119,,,0.0
161130.SZ,20260814,4.65,44430,206599.5,,,0.0
161131.SZ,20260814,,0,0.0,,,0.0
161132.SZ,20260814,,0,0.0,,,0.0
161133.SZ,20260814,,0,0.0,,,0.0
161216.SZ,20260814,,0,0.0,,,0.0
161217.SZ,20260814,,0,0.0,,,0.0
161219.SZ,20260814,,0,0.0,,,0.0
161222.SZ,20260814,,0,0.0,,,0.0
161224.SZ,20260814,,0,0.0,,,0.0
161225.SZ,20260814,,0,0.0,,,0.0
161226.SZ,20260814,1.829,5221162,9549505.298,,,0.0
161227.SZ,20260814,,0,0.0,,,0.0
161229.SZ,20260814,,0,0.0,,,0.0
161232.SZ,20260814,,0,0.0,,,0.0
161233.SZ,20260814,,0,0.0,,,0.0
161505.SZ,20260814,,0,0.0,,,0.0
161607.SZ,20260814,,0,0.0,,,0.0
161610.SZ,20260814,,0,0.0,,,0.0
161614.SZ,20260814,,0,0.0,,,0.0
161626.SZ,20260814,,0,0.0,,,0.0
161631.SZ,20260814,,0,0.0,,,0.0
161706.SZ,20260814,,0,0.0,,,0.0
161713.SZ,20260814,,0,0.0,,,0.0
161715.SZ,20260814,2.163,4000,8652.0,,,0.0
161716.SZ,20260814,1.657,169200,280364.4,,,0.0
161720.SZ,20260814,,0,0.0,,,0.0
161722.SZ,20260814,,0,0.0,,,0.0
161724.SZ,20260814,,0,0.0,,,0.0
161725.SZ,20260814,0.581,646638,375696.678,,,0.0
161726.SZ,20260814,0.432,42300,18273.6,,,0.0
161727.SZ,20260814,,0,0.0,,,0.0
161728.SZ,20260814,,0,0.0,,,0.0
161729.SZ,20260814,,0,0.0,,,0.0
161810.SZ,20260814,4.499,2400,10797.6,,,0.0
161811.SZ,20260814,,0,0.0,,,0.0
161812.SZ,20260814,,0,0.0,,,0.0
161815.SZ,20260814,1.062,32000,33984.0,,,0.0
161816.SZ,20260814,,0,0.0,,,0.0
161820.SZ,20260814,,0,0.0,,,0.0
161831.SZ,20260814,,0,0.0,,,0.0
161834.SZ,20260814,,0,0.0,,,0.0
161837.SZ,20260814,,0,0.0,,,0.0
161903.SZ,20260814,1.723,7800,13439.4,,,0.0
161908.SZ,20260814,,0,0.0,,,0.0
161912.SZ,20260814,,0,0.0,,,0.0
161914.SZ,20260814,,0,0.0,,,0.0
162006.SZ,20260814,,0,0.0,,,0.0
162105.SZ,20260814,,0,0.0,,,0.0
162108.SZ,20260814,,0,0.0,,,0.0
162207.SZ,20260814,,0,0.0,,,0.0
162215.SZ,20260814,,0,0.0,,,0.0
162216.SZ,20260814,,0,0.0,,,0.0
162307.SZ,20260814,,0,0.0,,,0.0
162411.SZ,20260814,0.934,1040400,971733.6,,,0.0
162412.SZ,20260814,0.614,200,122.8,,,0.0
162414.SZ,20260814,1.961,2279,4469.119,,,0.0
162415.SZ,20260814,2.891,10000,28910.0,,,0.0
162509.SZ,20260814,,0,0.0,,,0.0
162605.SZ,20260814,,0,0.0,,,0.0
162607.SZ,20260814,0.489,1200,586.8,,,0.0
162703.SZ,20260814,2.38,73600,175168.0,,,0.0
162711.SZ,20260814,,0,0.0,,,0.0
162712.SZ,20260814,,0,0.0,,,0.0
162715.SZ,20260814,1.192,8400,10012.8,,,0.0
162719.SZ,20260814,2.907,143900,418317.3,,,0.0
162720.SZ,20260814,1.388,7200,9993.6,,,0.0
162721.SZ,20260814,1.3,100,130.0,,,0.0
163001.SZ,20260814,1.511,200,302.2,,,0.0
163003.SZ,20260814,0.672,100100,67267.2,,,0.0
163005.SZ,20260814,,0,0.0,,,0.0
163109.SZ,20260814,,0,0.0,,,0.0
163110.SZ,20260814,,0,0.0,,,0.0
163111.SZ,20260814,,0,0.0,,,0.0
163113.SZ,20260814,0.938,602,564.676,,,0.0
163114.SZ,20260814,,0,0.0,,,0.0
163115.SZ,20260814,,0,0.0,,,0.0
163116.SZ,20260814,,0,0.0,,,0.0
163118.SZ,20260814,,0,0.0,,,0.0
163208.SZ,20260814,1.341,53200,71341.2,,,0.0
163302.SZ,20260814,,0,0.0,,,0.0
163402.SZ,20260814,0.899,30000,26970.0,,,0.0
163406.SZ,20260814,2.434,5500,13387.0,,,0.0
163407.SZ,20260814,,0,0.0,,,0.0
163409.SZ,20260814,,0,0.0,,,0.0
163412.SZ,20260814,,0,0.0,,,0.0
163415.SZ,20260814,,0,0.0,,,0.0
163417.SZ,20260814,2.113,1900,4014.7,,,0.0
163418.SZ,20260814,,0,0.0,,,0.0
163503.SZ,20260814,0.423,400,169.2,,,0.0
163801.SZ,20260814,,0,0.0,,,0.0
163819.SZ,20260814,,0,0.0,,,0.0
163821.SZ,20260814,,0,0.0,,,0.0
163907.SZ,20260814,,0,0.0,,,0.0
164105.SZ,20260814,,0,0.0,,,0.0
164206.SZ,20260814,,0,0.0,,,0.0
164208.SZ,20260814,,0,0.0,,,0.0
164210.SZ,20260814,,0,0.0,,,0.0
164403.SZ,20260814,,0,0.0,,,0.0
164508.SZ,20260814,,0,0.0,,,0.0
164509.SZ,20260814,,0,0.0,,,0.0
164606.SZ,20260814,,0,0.0,,,0.0
164701.SZ,20260814,1.67,158800,265196.0,,,0.0
164703.SZ,20260814,,0,0.0,,,0.0
164705.SZ,20260814,,0,0.0,,,0.0
164808.SZ,20260814,,0,0.0,,,0.0
164810.SZ,20260814,1.027,40000,41080.0,,,0.0
164814.SZ,20260814,,0,0.0,,,0.0
164824.SZ,20260814,1.313,72200,94798.6,,,0.0
164902.SZ,20260814,,0,0.0,,,0.0
164906.SZ,20260814,0.965,120900,116668.5,,,0.0
165309.SZ,20260814,,0,0.0,,,0.0
165311.SZ,20260814,,0,0.0,,,0.0
165313.SZ,20260814,,0,0.0,,,0.0
165508.SZ,20260814,,0,0.0,,,0.0
165509.SZ,20260814,,0,0.0,,,0.0
165511.SZ,20260814,,0,0.0,,,0.0
165512.SZ,20260814,,0,0.0,,,0.0
165513.SZ,20260814,1.013,3500,3545.5,,,0.0
165515.SZ,20260814,1.33,200,266.0,,,0.0
165516.SZ,20260814,,0,0.0,,,0.0
165517.SZ,20260814,,0,0.0,,,0.0
165519.SZ,20260814,1.134,26300,29824.2,,,0.0
165520.SZ,20260814,2.766,1300,3595.8,,,0.0
165521.SZ,20260814,,0,0.0,,,0.0
165522.SZ,20260814,,0,0.0,,,0.0
165525.SZ,20260814,0.713,1700,1212.1,,,0.0
165528.SZ,20260814,,0,0.0,,,0.0
166001.SZ,20260814,,0,0.0,,,0.0
166006.SZ,20260814,,0,0.0,,,0.0
166008.SZ,20260814,,0,0.0,,,0.0
166009.SZ,20260814,,0,0.0,,,0.0
166011.SZ,20260814,,0,0.0,,,0.0
166016.SZ,20260814,,0,0.0,,,0.0
166023.SZ,20260814,,0,0.0,,,0.0
166024.SZ,20260814,,0,0.0,,,0.0
166025.SZ,20260814,,0,0.0,,,0.0
166027.SZ,20260814,,0,0.0,,,0.0
166105.SZ,20260814,,0,0.0,,,0.0
166107.SZ,20260814,,0,0.0,,,0.0
166401.SZ,20260814,,0,0.0,,,0.0
167001.SZ,20260814,,0,0.0,,,0.0
167002.SZ,20260814,5.389,300,1616.7,,,0.0
167003.SZ,20260814,,0,0.0,,,0.0
167301.SZ,20260814,1.03,122700,126381.0,,,0.0
167302.SZ,20260814,,0,0.0,,,0.0
167501.SZ,20260814,,0,0.0,,,0.0
167506.SZ,20260814,1.735,100,173.5,,,0.0
167508.SZ,20260814,,0,0.0,,,0.0
168101.SZ,20260814,1.465,100,146.5,,,0.0
168102.SZ,20260814,,0,0.0,,,0.0
168103.SZ,20260814,,0,0.0,,,0.0
168104.SZ,20260814,,0,0.0,,,0.0
168105.SZ,20260814,,0,0.0,,,0.0
168203.SZ,20260814,,0,0.0,,,0.0
168204.SZ,20260814,2.077,500,1038.5,,,0.0
168301.SZ,20260814,,0,0.0,,,0.0
168401.SZ,20260814,,0,0.0,,,0.0
168701.SZ,20260814,,0,0.0,,,0.0
169101.SZ,20260814,,0,0.0,,,0.0
169104.SZ,20260814,,0,0.0,,,0.0
169105.SZ,20260814,2.17,300,651.0,,,0.0
169106.SZ,20260814,,0,0.0,,,0.0
169201.SZ,20260814,,0,0.0,,,0.0
180101.SZ,20260814,1.355,5400,7317.0,,,0.0
180102.SZ,20260814,0.987,7900,7797.3,,,0.0
180103.SZ,20260814,,0,0.0,,,0.0
180105.SZ,20260814,1.27,200,254.0,,,0.0
180106.SZ,20260814,,0,0.0,,,0.0
180201.SZ,20260814,7.472,100,747.2,,,0.0
180202.SZ,20260814,4.69,200,938.0,,,0.0
180203.SZ,20260814,,0,0.0,,,0.0
180301.SZ,20260814,2.06,500,1030.0,,,0.0
180302.SZ,20260814,,0,0.0,,,0.0
180303.SZ,20260814,,0,0.0,,,0.0
180305.SZ,20260814,,0,0.0,,,0.0
180306.SZ,20260814,,0,0.0,,,0.0
180401.SZ,20260814,,0,0.0,,,0.0
180402.SZ,20260814,4.8,18200,87360.0,,,0.0
180501.SZ,20260814,,0,0.0,,,0.0
180502.SZ,20260814,,0,0.0,,,0.0
180503.SZ,20260814,,0,0.0,,,0.0
180601.SZ,20260814,,0,0.0,,,0.0
180602.SZ,20260814,3.782,700,2647.4,,,0.0
180603.SZ,20260814,,0,0.0,,,0.0
180605.SZ,20260814,,0,0.0,,,0.0
180606.SZ,20260814,,0,0.0,,,0.0
180607.SZ,20260814,5.164,100,516.4,,,0.0
180701.SZ,20260814,,0,0.0,,,0.0
180801.SZ,20260814,11.509,100,1150.9,,,0.0
180901.SZ,20260814,,0,0.0,,,0.0
200011.SZ,20260814,,0,0.0,,,0.0
200012.SZ,20260814,,0,0.0,,,0.0
200016.SZ,20260814,,0,0.0,,,0.0
200017.SZ,20260814,,0,0.0,,,0.0
200019.SZ,20260814,,0,0.0,,,0.0
200020.SZ,20260814,,0,0.0,,,0.0
200025.SZ,20260814,,0,0.0,,,0.0
200026.SZ,20260814,,0,0.0,,,0.0
200028.SZ,20260814,,0,0.0,,,0.0
200029.SZ,20260814,,0,0.0,,,0.0
200030.SZ,20260814,2.76,1900,5244.0,,,0.0
200037.SZ,20260814,,0,0.0,,,0.0
200045.SZ,20260814,,0,0.0,,,0.0
200055.SZ,20260814,,0,0.0,,,0.0
200056.SZ,20260814,,0,0.0,,,0.0
200058.SZ,20260814,,0,0.0,,,0.0
200429.SZ,20260814,9.36,1800,16848.0,,,0.0
200468.SZ,20260814,,0,0.0,,,0.0
200488.SZ,20260814,0.57,150,85.5,,,0.0
200505.SZ,20260814,,0,0.0,,,0.0
200512.SZ,20260814,,0,0.0,,,0.0
200521.SZ,20260814,,0,0.0,,,0.0
200530.SZ,20260814,,0,0.0,,,0.0
200539.SZ,20260814,1.9,12900,24510.0,,,0.0
200541.SZ,20260814,,0,0.0,,,0.0
200550.SZ,20260814,,0,0.0,,,0.0
200553.SZ,20260814,,0,0.0,,,0.0
200570.SZ,20260814,,0,0.0,,,0.0
200581.SZ,20260814,,0,0.0,,,0.0
200596.SZ,20260814,60.99,200,12198.0,,,0.0
200625.SZ,20260814,,0,0.0,,,0.0
200706.SZ,20260814,,0,0.0,,,0.0
200725.SZ,20260814,5.14,8700,44718.0,,,0.0
200726.SZ,20260814,,0,0.0,,,0.0
200761.SZ,20260814,,0,0.0,,,0.0
200869.SZ,20260814,,0,0.0,,,0.0
200992.SZ,20260814,,0,0.0,,,0.0
201872.SZ,20260814,,0,0.0,,,0.0
300001.SZ,20260814,36.25,25600,928000.0,0.22117777163395136,1.436240503370984,46.32706662980371
300002.SZ,20260814,8.31,72500,602475.0,-0.12019230769230171,1.4432843335950805,44.27884615384619
300003.SZ,20260814,13.06,186600,2436996.0,-0.7598784194528863,4.593505900115614,40.44072948328268
300004.SZ,20260814,8.43,39800,335514.0,1.0791366906474753,0.6363480621821874,51.474820143884855
300005.SZ,20260814,12.0,175300,2103600.0,0.08340283569641116,3.0346652317829252,45.50041701417847
300006.SZ,20260814,5.35,53800,287830.0,-0.3724394785847407,1.9707407291992405,42.76536312849156
300007.SZ,20260814,34.62,8300,287346.0,0.17361111111109384,1.2913452819520304,46.041666666666565
300008.SZ,20260814,6.15,42800,263220.0,0.16286644951140072,0.41888274671909304,45.9771986970684
300009.SZ,20260814,8.73,225900,1972107.0,-0.5694760820045386,3.9914969628022114,41.58314350797277
300010.SZ,20260814,2.27,149500,339365.0,0.4424778761062065,5.976339426282686,47.65486725663724
300011.SZ,20260814,6.02,8800,52976.0,0.8375209380234505,2.1337236030446003,50.0251256281407
300012.SZ,20260814,14.16,163100,2309496.0,0.3543586109142405,7.979393291660381,47.126151665485445
300013.SZ,20260814,4.07,55500,225885.0,-0.7317073170731603,4.019764674930528,40.60975609756104
300014.SZ,20260814,56.28,383761,21598069.08,0.7158196134574135,8.216624428938395,49.29491768074448
300015.SZ,20260814,8.74,299300,2615882.0,-0.22831050228310223,4.545303677325575,43.63013698630139
300016.SZ,20260814,8.69,109200,948948.0,-0.6857142857142895,4.855935086355436,40.885714285714265
300017.SZ,20260814,14.5,1049600,15219200.0,0.41551246537396835,1.9861927158065147,47.49307479224381
300018.SZ,20260814,12.35,36000,444600.0,0.40650406504063596,2.6217341639537532,47.439024390243816
300019.SZ,20260814,14.83,7500,111225.0,0.8157715839564927,0.7282132277254549,49.894629503738955
300020.SZ,20260814,3.56,133200,474192.0,-0.5586592178770999,16.695795018090703,41.6480446927374
300021.SZ,20260814,3.86,48300,186438.0,0.5208333333333259,5.871097728184531,48.12499999999996
300022.SZ,20260814,8.06,14700,118482.0,0.0,1.9269717363166499,45.0
300024.SZ,20260814,15.45,104300,1611435.0,-0.06468305304011546,4.072815949421769,44.611901681759306
300025.SZ,20260814,5.27,41100,216597.0,0.0,3.016288349796703,45.0
300026.SZ,20260814,3.67,3984800,14624216.0,-2.393617021276595,26.57485028009642,30.63829787234043
300027.SZ,20260814,1.81,69600,125976.0,-0.5494505494505475,2.454773022620645,41.703296703296715
300030.SZ,20260814,6.91,8700,60117.0,-0.14450867052022698,1.423967767264872,44.13294797687864
300031.SZ,20260814,22.02,81600,1796832.0,0.5020538566864463,6.079662338048365,48.01232314011868
300032.SZ,20260814,3.74,12100,45254.0,0.0,0.8970017280177144,45.0
300033.SZ,20260814,232.0,64200,14894400.0,0.03880815833727791,6.2713506328393285,45.232848950023666
300034.SZ,20260814,15.7,10400,163280.0,-0.06365372374285139,1.4064885618830318,44.61807765754289
300035.SZ,20260814,13.6,11300,153680.0,0.22107590272659738,1.0232817472636566,46.326455416359586
300036.SZ,20260814,11.63,30400,353552.0,0.8673026886383495,3.607539729791413,50.203816131830095
300037.SZ,20260814,66.03,14100,931023.0,0.6094773731525338,1.032615102442501,48.656864238915205
300039.SZ,20260814,6.09,913100,5560779.0,-1.9323671497584516,13.004221516122598,33.405797101449295
300040.SZ,20260814,6.7,639800,4286660.0,-0.7407407407407418,9.489648562104554,40.55555555555555
300041.SZ,20260814,10.91,11900,129829.0,0.0,0.4566808146518354,45.0
300042.SZ,20260814,42.96,201400,8652144.0,3.021582733812944,11.375153597137222,63.12949640287766
300043.SZ,20260814,4.79,119000,570010.0,0.0,3.6966139914683254,45.0
300044.SZ,20260814,5.32,69200,368144.0,-0.18761726078798668,5.966344922849438,43.87429643527208
300045.SZ,20260814,13.41,35200,472032.0,0.44943820224718767,3.227380336666806,47.69662921348313
300046.SZ,20260814,24.42,6500,158730.0,1.0761589403973648,1.5023352208094878,51.45695364238419
300047.SZ,20260814,9.76,69900,682224.0,0.30832476875641834,4.202165355289021,46.84994861253851
300048.SZ,20260814,4.94,235900,1165346.0,-0.8032128514056214,18.752753717208954,40.18072289156627
300049.SZ,20260814,45.93,54514,2503828.02,-0.9702457956015542,5.595748207804957,39.178525226390676
300050.SZ,20260814,6.23,14800,92204.0,0.8090614886731462,1.1292363924069275,49.85436893203888
300051.SZ,20260814,9.39,253400,2379426.0,-0.6349206349206216,6.478276537423693,41.19047619047627
300052.SZ,20260814,11.01,187400,2063274.0,-0.36199095022625416,4.57928405606832,42.82805429864248
300053.SZ,20260814,12.81,51800,663558.0,1.0252365930599527,3.8524659019999725,51.15141955835972
300054.SZ,20260814,76.02,144700,11000094.0,1.468232781633727,7.19839577629964,53.80939668980236
300055.SZ,20260814,5.97,6900,41193.0,0.0,0.5741529175944153,45.0
300056.SZ,20260814,8.67,24900,215883.0,0.4634994206257126,1.2713865608087567,47.780996523754276
300057.SZ,20260814,6.48,108500,703080.0,0.6211180124223503,4.461485531965119,48.7267080745341
300058.SZ,20260814,15.37,10115245,155471315.65,0.7868852459016251,20.840721137527336,49.72131147540975
300059.SZ,20260814,19.73,2067100,40783883.0,-0.25278058645096246,8.472651162888258,43.483316481294224
300061.SZ,20260814,6.65,75800,504070.0,0.3016591251885359,5.092356218828441,46.809954751131215
300062.SZ,20260814,6.9,142600,983940.0,0.29069767441860517,4.239711040558037,46.74418604651163
300063.SZ,20260814,9.62,2473400,23794108.0,-1.5353121801433,28.640077463535007,35.7881269191402
300065.SZ,20260814,16.58,48400,802472.0,0.0,1.7577412075196701,45.0
300066.SZ,20260814,5.22,12800,66816.0,0.0,0.9525570429442223,45.0
300067.SZ,20260814,5.94,1127900,6699726.0,1.5384615384615552,13.221885047628106,54.23076923076933
300068.SZ,20260814,4.3,265500,1141650.0,0.4672897196261516,7.761429786481227,47.80373831775691
300069.SZ,20260814,28.75,15700,451375.0,0.630031501575079,2.192653803619081,48.780189009450474
300070.SZ,20260814,3.49,130000,453700.0,-0.28571428571427804,5.650280457393015,43.285714285714334
300071.SZ,20260814,4.58,1387100,6352918.0,1.103752759381904,15.380646300145887,51.62251655629142
300072.SZ,20260814,3.65,135400,494210.0,-0.2732240437158584,3.419435381382373,43.360655737704846
300073.SZ,20260814,41.78,9200,384376.0,0.3844305622296984,0.8934731668034612,47.30658337337819
300074.SZ,20260814,3.84,205500,789120.0,0.5235602094240788,15.207422853481187,48.14136125654447
300075.SZ,20260814,11.6,209300,2427880.0,-0.257953568357705,8.636475638666251,43.45227858985377
300076.SZ,20260814,4.82,9200,44344.0,-0.8230452674897082,0.956062416490878,40.06172839506175
300077.SZ,20260814,19.89,95200,1893528.0,1.6871165644171793,3.1294496638776153,55.12269938650307
300078.SZ,20260814,3.17,64700,205099.0,0.0,2.5788659185453073,45.0
300079.SZ,20260814,4.53,26700,120951.0,-0.4395604395604269,1.361014973799174,42.362637362637436
300080.SZ,20260814,3.74,93600,350064.0,0.2680965147453085,8.257151644515638,46.60857908847185
300081.SZ,20260814,3.03,25300,76659.0,-0.6557377049180357,2.8371507869088024,41.06557377049179
300082.SZ,20260814,7.83,2800,21924.0,0.5134788189987249,0.646074613756784,48.08087291399235
300083.SZ,20260814,14.09,252900,3563361.0,0.7868383404864066,3.378842857943191,49.72103004291844
300084.SZ,20260814,11.15,12500,139375.0,0.45045045045044585,0.8423902699323208,47.70270270270267
300085.SZ,20260814,30.92,550500,17021460.0,1.4435695538057791,16.219521413874645,53.66141732283467
300086.SZ,20260814,6.91,104200,720022.0,-0.8608321377331363,4.287031112558708,39.835007173601184
300087.SZ,20260814,5.26,61900,325594.0,0.19047619047618536,9.133778306409864,46.14285714285711
300088.SZ,20260814,7.6,596700,4534920.0,1.0638297872340496,6.563823823487707,51.3829787234043
300091.SZ,20260814,2.64,6200,16368.0,-0.37735849056602655,1.213154724069559,42.73584905660384
300092.SZ,20260814,11.86,17800,211108.0,-0.08424599831508006,3.305648405797966,44.49452401010952
300093.SZ,20260814,25.39,138300,3511437.0,-0.03937007874015297,12.187229355096477,44.76377952755908
300094.SZ,20260814,2.9,86600,251140.0,0.0,3.0674433081846133,45.0
300095.SZ,20260814,8.16,6000,48960.0,-0.3663003663003539,1.3855196164080272,42.802197802197874
300096.SZ,20260814,9.56,5900,56404.0,-0.4166666666666541,1.4861508337702984,42.50000000000008
300097.SZ,20260814,8.89,3300,29337.0,0.11261261261261701,0.4945117677529388,45.675675675675706
300098.SZ,20260814,4.63,62200,287986.0,0.0,2.0773570078484447,45.0
300099.SZ,20260814,6.05,20500,124025.0,-0.49342105263158187,2.7645137585297035,42.039473684210506
300100.SZ,20260814,23.07,2500,57675.0,0.08676789587851452,0.5316503523468579,45.520607375271084
300101.SZ,20260814,14.79,12900,190791.0,0.0,2.289735428551026,45.0
300102.SZ,20260814,19.25,161100,3101175.0,0.8909853249476019,4.988588790324303,50.345911949685615
300103.SZ,20260814,7.96,14500,115420.0,0.5050505050504972,2.7055559747581146,48.03030303030298
300105.SZ,20260814,8.95,533200,4772140.0,0.6749156355455366,14.457882567887035,49.049493813273216
300106.SZ,20260814,10.07,37700,379639.0,-0.6903353057199246,3.945798426043677,40.85798816568045
300107.SZ,20260814,6.56,33600,220416.0,-0.3039513677811634,3.692542125681056,43.17629179331302
300109.SZ,20260814,13.58,5200,70616.0,0.0,0.7222306444053832,45.0
300110.SZ,20260814,2.97,267700,795069.0,-1.3289036544850363,6.222177356173473,37.02657807308978
300111.SZ,20260814,3.15,212900,670635.0,-0.6309148264984188,5.3506594048778515,41.21451104100949
300112.SZ,20260814,9.02,19600,176792.0,1.00783874580066,0.7159782389005411,51.047032474803956
300113.SZ,20260814,17.97,164700,2959659.0,-0.2774694783573839,3.6983441279190887,43.33518312985569
300115.SZ,20260814,27.31,67500,1843425.0,0.2937936099889793,2.857771233443836,46.76276165993387
300118.SZ,20260814,10.37,143100,1483947.0,1.3685239491691092,6.031775609599762,53.211143695014655
300119.SZ,20260814,19.89,47100,936819.0,1.0670731707317138,4.705207395447095,51.40243902439028
300120.SZ,20260814,7.75,423900,3285225.0,0.38860103626943143,3.6371064089776453,47.33160621761659
300121.SZ,20260814,9.46,49200,465432.0,0.10582010582012025,4.325371155034741,45.63492063492072
300122.SZ,20260814,13.1,140200,1836620.0,-0.9077155824508409,5.067075480787707,39.553706505294954
300123.SZ,20260814,4.66,174700,814102.0,-0.6396588486140775,7.95040428076575,41.16204690831553
300124.SZ,20260814,61.19,65070,3981633.3,0.19649582446372715,4.232705540898977,46.17897494678236
300125.SZ,20260814,8.98,48100,431938.0,0.8988764044943753,5.8318851845035615,50.393258426966256
300126.SZ,20260814,6.22,10200,63444.0,0.0,3.0500431400536225,45.0
300127.SZ,20260814,25.0,19500,487500.0,0.0,3.4551235427631437,45.0
300128.SZ,20260814,4.64,82700,383728.0,0.43290043290042934,4.323744283404879,47.59740259740258
300129.SZ,20260814,8.17,36100,294937.0,0.24539877300613355,2.5680002333837395,46.4723926380368
300130.SZ,20260814,19.5,36700,715650.0,-0.40858018386107364,2.8235599155555433,42.548518896833556
300131.SZ,20260814,17.32,342398,5930333.36,1.2273524254821755,5.734960468320916,52.36411455289306
300132.SZ,20260814,6.55,30700,201085.0,0.0,2.494365887567307,45.0
300133.SZ,20260814,7.22,271500,1960230.0,-0.2762430939226568,4.697361869978822,43.34254143646406
300134.SZ,20260814,8.55,48100,411255.0,-0.1168224299065379,3.0317429795166935,44.29906542056077
300135.SZ,20260814,3.32,30100,99932.0,0.302114803625364,1.825114934463376,46.81268882175218
300136.SZ,20260814,67.69,235965,15972470.85,0.5944419676028989,5.709299710886769,48.5666518056174
300137.SZ,20260814,12.58,69100,869278.0,1.2067578439259874,2.778911227658807,52.24054706355592
300138.SZ,20260814,11.3,45100,509630.0,0.8928571428571619,9.777568611861723,50.357142857142975
300139.SZ,20260814,45.56,869169,39599339.64,-4.205214465937768,21.44892396352925,19.76871320437339
300140.SZ,20260814,5.44,111000,603840.0,-0.18348623853210455,8.113087932845817,43.89908256880737
300141.SZ,20260814,10.55,42300,446265.0,-0.7525870178739402,4.931095219159732,40.48447789275636
300142.SZ,20260814,13.22,372300,4921806.0,-0.7507507507507505,5.361526719057699,40.4954954954955
300143.SZ,20260814,7.92,138700,1098504.0,0.0,3.3301987441225145,45.0
300144.SZ,20260814,6.1,75800,462380.0,0.0,3.024209595033267,45.0
300145.SZ,20260814,4.33,205100,888083.0,0.23148148148146586,3.3655554092658573,46.38888888888879
300146.SZ,20260814,10.11,26200,264882.0,0.29761904761904656,1.644198099475624,46.78571428571428
300147.SZ,20260814,7.5,60200,451500.0,0.6711409395973034,8.153792434363892,49.02684563758382
300148.SZ,20260814,3.51,109100,382941.0,-0.28409090909091717,4.493821200215119,43.2954545454545
300149.SZ,20260814,11.29,737100,8321859.0,-0.44091710758378255,14.25280231298447,42.354497354497305
300150.SZ,20260814,4.29,39200,168168.0,0.4683840749414525,8.556686957132762,47.81030444964871
300151.SZ,20260814,16.34,12600,205884.0,1.1764705882353121,0.9461513781697228,52.058823529411875
300152.SZ,20260814,1.71,433300,740943.0,-0.5813953488372103,16.104491194773484,41.51162790697674
300153.SZ,20260814,22.78,64900,1478422.0,0.9304386353566674,8.904338191143124,50.58263181214001
300154.SZ,20260814,9.82,65200,640264.0,0.20408163265306367,2.9737601926980552,46.22448979591838
300155.SZ,20260814,4.31,20600,88786.0,0.0,2.916043111581955,45.0
300157.SZ,20260814,4.11,233700,960507.0,-0.7246376811594013,4.579368110745959,40.65217391304359
300158.SZ,20260814,5.66,450985,2552575.1,-1.221640488656195,9.338689780191144,37.67015706806283
300159.SZ,20260814,3.02,136100,411022.0,0.0,3.920616702318204,45.0
300160.SZ,20260814,4.37,20100,87837.0,0.0,4.628182102423525,45.0
300161.SZ,20260814,28.83,106300,3064629.0,-2.2711864406779747,11.735210317993833,31.37288135593215
300162.SZ,20260814,7.7,76500,589050.0,0.5221932114882533,4.402693358473515,48.13315926892952
300163.SZ,20260814,6.58,30700,202006.0,-0.6042296072507614,1.2190011041287487,41.37462235649543
300164.SZ,20260814,10.43,1508100,15729483.0,-4.04783808647654,12.09664710015558,20.71297148114076
300165.SZ,20260814,5.26,31400,165164.0,0.0,2.0930506786440946,45.0
300166.SZ,20260814,14.05,512000,7193600.0,1.0064701653486718,6.273190411158525,51.03882099209203
300167.SZ,20260814,4.68,268100,1254708.0,0.8620689655172376,20.970492564096602,50.17241379310342
300168.SZ,20260814,5.26,49400,259844.0,-0.37878787878788955,2.6692386730242004,42.72727272727266
300169.SZ,20260814,5.68,36800,209024.0,1.2477718360071277,3.5724572745995133,52.486631016042764
300170.SZ,20260814,17.34,504900,8754966.0,1.2850467289719614,5.421243537552317,52.710280373831765
300171.SZ,20260814,14.15,147200,2082880.0,0.9272467902995851,4.717120507923506,50.56348074179751
300172.SZ,20260814,4.62,25400,117348.0,0.2169197396963085,2.4951032328625082,46.30151843817785
300173.SZ,20260814,3.34,103700,346358.0,0.0,23.387422631182616,45.0
300174.SZ,20260814,20.3,78100,1585430.0,0.5946481665014991,4.617644367685451,48.56788899900899
300175.SZ,20260814,6.15,21399,131603.85,0.16286644951140072,2.238819797704549,45.9771986970684
300176.SZ,20260814,,0,0.0,,,0.0
300177.SZ,20260814,6.27,9900,62073.0,-0.31796502384738856,1.6218826826879158,43.092209856915666
300179.SZ,20260814,36.38,98100,3568878.0,1.1679644048943283,3.6398837089437754,52.00778642936597
300180.SZ,20260814,4.39,55200,242328.0,0.4576659038901587,3.530079532548526,47.74599542334095
300181.SZ,20260814,14.77,267800,3955406.0,-0.8724832214765166,6.090704812648019,39.7651006711409
300182.SZ,20260814,5.16,2044980,10552096.8,0.3891050583657574,16.039809646555742,47.334630350194544
300183.SZ,20260814,10.8,5400,58320.0,0.6523765144454741,1.5620861615045694,48.91425908667284
300184.SZ,20260814,12.56,343300,4311848.0,1.208702659145855,6.937480641769715,52.252215954875126
300185.SZ,20260814,2.78,274300,762554.0,0.0,4.765684064908508,45.0
300187.SZ,20260814,4.84,106503,515474.52,0.20703933747412417,7.031820190040608,46.24223602484474
300188.SZ,20260814,10.77,32200,346794.0,-0.09276437847866026,2.9324036594251264,44.44341372912804
300189.SZ,20260814,4.82,340800,1642656.0,0.20790020790022457,4.142389802114036,46.24740124740135
300190.SZ,20260814,3.78,37900,143262.0,-0.5263157894736858,3.0467505283356604,41.84210526315788
300191.SZ,20260814,31.79,42300,1344717.0,-0.2510197678067261,3.8659709115802814,43.49388139315964
300192.SZ,20260814,14.97,96720,1447898.4,1.975476839237067,8.169839796809761,56.8528610354224
300193.SZ,20260814,7.73,6600,51018.0,0.0,2.3385795446393525,45.0
300194.SZ,20260814,3.97,296600,1177502.0,-0.7499999999999951,9.333522619228514,40.50000000000003
300195.SZ,20260814,5.52,7000,38640.0,0.0,0.8681875392035319,45.0
300196.SZ,20260814,18.21,60200,1096242.0,0.9983361064891838,3.525523664829887,50.9900166389351
300197.SZ,20260814,2.29,3263900,7474331.0,0.43859649122808264,15.604022713807606,47.631578947368496
300198.SZ,20260814,2.21,22100,48841.0,0.4545454545454408,1.3114700606000613,47.72727272727265
300199.SZ,20260814,26.09,735300,19183977.0,-1.6214177978883804,12.318482177244336,35.27149321266972
300200.SZ,20260814,8.82,77200,680904.0,0.11350737797957144,8.33938116178989,45.681044267877425
300201.SZ,20260814,14.68,86600,1271288.0,-0.0680735194009463,2.303982170930517,44.591558883594324
300203.SZ,20260814,12.79,56900,727751.0,1.5079365079365026,6.4123248146765075,54.047619047619015
300204.SZ,20260814,25.42,543541,13816812.22,-1.549186676994574,14.481483777305268,35.704879938032555
300205.SZ,20260814,5.06,9300,47058.0,0.0,5.045838555683666,45.0
300206.SZ,20260814,12.24,37700,461448.0,0.906842539159114,6.200350819103183,50.44105523495468
300207.SZ,20260814,18.5,123900,2292150.0,-0.10799136069113979,3.612926332646711,44.35205183585316
300209.SZ,20260814,36.23,2842300,102976529.0,2.489391796322482,15.372817744334197,59.93635077793489
300210.SZ,20260814,8.69,43200,375408.0,0.11520737327188613,5.734928485331186,45.69124423963132
300211.SZ,20260814,7.65,54500,416925.0,-0.649350649350644,16.12952270772179,41.10389610389613
300212.SZ,20260814,8.85,73600,651360.0,-0.4499437570303799,4.035212084592687,42.30033745781772
300213.SZ,20260814,6.59,38300,252397.0,0.0,2.7209469111290447,45.0
300214.SZ,20260814,11.99,397700,4768423.0,-1.7213114754098258,7.321108917855359,34.672131147541045
300215.SZ,20260814,6.23,3300,20559.0,-0.1602564102564097,0.3583439666677886,44.03846153846154
300217.SZ,20260814,4.46,28300,126218.0,0.22471910112358273,1.297464775128635,46.348314606741496
300218.SZ,20260814,12.59,29700,373923.0,1.2057877813504758,7.5453489144991215,52.23472668810285
300219.SZ,20260814,6.85,30300,207555.0,0.2928257686676261,2.6044182035279237,46.75695461200576
300220.SZ,20260814,10.68,27800,296904.0,-0.093545369504211,9.011475408442882,44.43872778297474
300221.SZ,20260814,13.6,82200,1117920.0,-0.22010271460015662,4.858672211616766,43.67938371239906
300222.SZ,20260814,10.54,53900,568106.0,0.4766444232602307,3.0504211470560874,47.85986653956138
300223.SZ,20260814,141.51,302300,42778473.0,2.931335466977014,8.624222186294373,62.588012801862085
300224.SZ,20260814,11.26,9300,104718.0,0.5357142857142838,0.7536730996726128,48.2142857142857
300225.SZ,20260814,7.42,39000,289380.0,1.5047879616963078,4.376588021778584,54.028727770177845
300226.SZ,20260814,16.68,327900,5469372.0,1.5834348355663774,46.82899714740561,54.50060901339826
300227.SZ,20260814,11.68,29500,344560.0,1.5652173913043521,0.7330675871703485,54.391304347826114
300228.SZ,20260814,7.28,168900,1229592.0,-0.6821282401091366,15.820699154646011,40.90723055934518
300229.SZ,20260814,14.56,126251,1838214.56,0.0,4.179583813654458,45.0
300230.SZ,20260814,4.24,14700,62328.0,0.0,2.3595215260127786,45.0
300231.SZ,20260814,8.57,106600,913562.0,-0.11655011655011815,7.611715261261588,44.30069930069929
300232.SZ,20260814,5.26,6500,34190.0,0.19047619047618536,0.6559797147849087,46.14285714285711
300233.SZ,20260814,14.43,377600,5448768.0,1.6197183098591639,12.87360792021067,54.718309859154985
300234.SZ,20260814,9.92,101400,1005888.0,1.0183299389002087,6.014223009620806,51.10997963340125
300235.SZ,20260814,11.51,5400,62154.0,0.2613240418118501,0.9635091113822735,46.5679442508711
300236.SZ,20260814,92.88,33200,3083616.0,1.508196721311461,5.152404404661247,54.04918032786877
300237.SZ,20260814,2.03,61500,124845.0,0.4950495049504955,6.341037595391995,47.97029702970298
300238.SZ,20260814,12.2,22500,274500.0,-0.5704971475142595,1.6939267872148915,41.57701711491444
300239.SZ,20260814,5.08,18000,91440.0,0.5940594059405946,2.50476011251698,48.56435643564357
300240.SZ,20260814,5.73,43900,251547.0,0.5263157894736858,8.747745094449128,48.15789473684212
300241.SZ,20260814,5.57,30400,169328.0,0.5415162454873723,2.0956990692575275,48.249097472924234
300242.SZ,20260814,4.49,76800,344832.0,-0.22222222222221255,3.1948693185656567,43.66666666666673
300243.SZ,20260814,14.95,155600,2326220.0,2.8198074277854257,3.7576689130901015,61.91884456671255
300244.SZ,20260814,20.87,298600,6231782.0,-1.3238770685579104,9.53780465605467,37.05673758865254
300245.SZ,20260814,5.77,15200,87704.0,-0.3454231433506094,2.9432471515818257,42.927461139896344
300246.SZ,20260814,18.09,94400,1707696.0,0.05530973451328691,4.451080184181727,45.33185840707972
300247.SZ,20260814,3.94,522200,2057468.0,2.604166666666674,15.869083092578052,60.62500000000004
300248.SZ,20260814,9.0,228300,2054700.0,0.5586592178770999,14.566439054861206,48.3519553072626
300249.SZ,20260814,12.95,110800,1434860.0,0.5434782608695565,4.911915148983013,48.26086956521734
300250.SZ,20260814,15.78,127300,2008794.0,0.7662835249041988,15.064240538784281,49.59770114942519
300251.SZ,20260814,11.6,349800,4057680.0,-0.5145797598627877,7.8179309134307395,41.91252144082328
300252.SZ,20260814,11.75,50600,594550.0,0.6855184233076184,1.8222831241662296,49.11311053984571
300253.SZ,20260814,7.83,765900,5996997.0,-0.2547770700636942,11.319112802175876,43.47133757961784
300254.SZ,20260814,9.11,30700,279677.0,0.1098901098901095,2.63819220286835,45.65934065934066
300255.SZ,20260814,27.84,365500,10175520.0,-1.7989417989418,6.8653859687239835,34.2063492063492
300256.SZ,20260814,2.69,12900,34701.0,0.0,0.7942429800785796,45.0
300257.SZ,20260814,19.68,7400,145632.0,1.4432989690721598,0.99349921127131,53.65979381443296
300258.SZ,20260814,10.19,30700,312833.0,0.09823182711197198,5.647394197653897,45.58939096267183
300259.SZ,20260814,4.43,196700,871381.0,0.0,4.779591006543591,45.0
300260.SZ,20260814,60.1,105000,6310500.0,1.6748435120961025,7.148390925501711,55.04906107257661
300261.SZ,20260814,5.27,134300,707761.0,-0.18939393939395588,6.192754669619254,43.86363636363627
300263.SZ,20260814,9.95,117700,1171115.0,1.1178861788617933,2.4635962151896185,51.707317073170756
300264.SZ,20260814,6.8,10300,70040.0,0.591715976331364,0.8735936766386021,48.55029585798818
300265.SZ,20260814,14.57,89900,1309843.0,0.13745704467353903,4.822112932306787,45.824742268041234
300266.SZ,20260814,1.96,52000,101920.0,0.512820512820511,1.8998528508790733,48.076923076923066
300267.SZ,20260814,3.32,106600,353912.0,-0.5988023952095856,3.0471073216989324,41.40718562874249
300268.SZ,20260814,11.58,12700,147066.0,0.17301038062282892,9.332090459078746,46.03806228373698
300269.SZ,20260814,4.84,33600,162624.0,0.6237006237006293,2.9372045201494013,48.74220374220378
300270.SZ,20260814,12.99,104500,1357455.0,-0.6120887528691665,5.088784310831735,41.327467482785
300271.SZ,20260814,5.7,45500,259350.0,0.17574692442881013,3.2109980539516934,46.05448154657286
300272.SZ,20260814,6.18,713300,4408194.0,1.6447368421052655,23.786247262857287,54.86842105263159
300274.SZ,20260814,118.47,235300,27875991.0,0.2878185050368298,5.524883248598178,46.726911030220975
300275.SZ,20260814,8.85,6200,54870.0,-0.11286681715575453,0.8059529367197656,44.32279909706547
300276.SZ,20260814,6.63,257600,1707888.0,-0.45045045045045695,8.116166776119536,42.297297297297256
300277.SZ,20260814,12.44,22700,282388.0,0.4846526655896577,2.3975114755289613,47.90791599353795
300278.SZ,20260814,3.94,8300,32702.0,0.7672634271099765,0.757587586479589,49.60358056265986
300279.SZ,20260814,5.77,2900,16733.0,0.3478260869565153,0.4354997831740457,47.08695652173909
300281.SZ,20260814,6.36,5800,36888.0,0.0,1.1212635869771717,45.0
300283.SZ,20260814,14.0,383200,5364800.0,1.0830324909747224,6.77329164599179,51.49819494584833
300284.SZ,20260814,5.47,290800,1590676.0,-1.4414414414414378,12.253890903463597,36.35135135135137
300285.SZ,20260814,73.04,1192162,87075512.48,3.3682422870082274,12.491976744350769,65.20945372204936
300286.SZ,20260814,20.66,11500,237590.0,0.048426150121083644,3.3992294514683254,45.2905569007265
300287.SZ,20260814,3.87,377700,1461699.0,1.5748031496062964,8.37331713244854,54.44881889763778
300288.SZ,20260814,10.23,60500,618915.0,-0.09765625,8.980368856221263,44.4140625
300289.SZ,20260814,6.04,11000,66440.0,0.33222591362127574,1.6089046220172947,46.993355481727654
300290.SZ,20260814,6.09,112000,682080.0,-0.16393442622950616,5.330877877794924,44.01639344262296
300291.SZ,20260814,5.34,86300,460842.0,-0.18691588785045843,2.9210680497576087,43.87850467289725
300292.SZ,20260814,4.31,262200,1130082.0,0.7009345794392274,4.138521984662894,49.205607476635365
300293.SZ,20260814,16.05,10800,173340.0,-0.06226650062265415,2.39518813915767,44.626400996264074
300294.SZ,20260814,15.68,10800,169344.0,-0.2544529262086592,0.9896958031036182,43.473282442748044
300295.SZ,20260814,12.11,10300,124733.0,0.7487520798668879,1.3923327135585457,49.492512479201324
300296.SZ,20260814,5.38,93100,500878.0,0.5607476635514086,3.1552094405513365,48.36448598130845
300298.SZ,20260814,16.52,15600,257712.0,-0.18126888217523396,2.602980851369314,43.912386706948595
300299.SZ,20260814,5.46,84900,463554.0,0.0,4.49771490304852,45.0
300300.SZ,20260814,8.07,132100,1066047.0,0.248447204968949,4.568284821075606,46.4906832298137
300301.SZ,20260814,3.42,18200,62244.0,0.0,2.308183426935949,45.0
300302.SZ,20260814,30.79,100400,3091316.0,2.8390113560454067,5.190451728357599,62.03406813627244
300303.SZ,20260814,7.28,73900,537992.0,0.8310249307479367,2.2662296762987992,49.98614958448762
300304.SZ,20260814,12.45,140300,1746735.0,0.40322580645160144,7.58466465931154,47.41935483870961
300305.SZ,20260814,6.45,100500,648225.0,0.0,6.04251398688484,45.0
300306.SZ,20260814,9.91,4200,41622.0,-0.20140986908357972,1.84968301369544,43.79154078549852
300307.SZ,20260814,7.85,170700,1339995.0,0.8997429305912519,7.323502787614293,50.39845758354751
300308.SZ,20260814,930.0,143100,133083000.0,0.9728133414401041,7.120167281230114,50.83688004864062
300310.SZ,20260814,4.46,288900,1288494.0,0.0,15.925761247949106,45.0
300311.SZ,20260814,6.1,1188600,7250460.0,0.3289473684210398,14.329420765008468,46.97368421052624
300313.SZ,20260814,8.78,154500,1356510.0,0.0,11.231037967003264,45.0
300314.SZ,20260814,11.6,38900,451240.0,0.08628127696290733,1.793207900080377,45.517687661777444
300315.SZ,20260814,4.21,189700,798637.0,-0.7075471698113289,2.705329811270471,40.75471698113203
300316.SZ,20260814,43.18,17900,772922.0,1.0294805802526952,2.048020575059075,51.17688348151617
300317.SZ,20260814,5.01,1154400,5783544.0,-2.7184466019417597,9.560705243804334,28.689320388349444
300318.SZ,20260814,5.14,54100,278074.0,0.7843137254901933,5.3953772679826155,49.70588235294116
300319.SZ,20260814,17.57,897300,15765561.0,1.443418013856812,3.9037507761086085,53.66050808314087
300320.SZ,20260814,8.26,34700,286622.0,0.48661800486617945,4.262623780208866,47.919708029197075
300321.SZ,20260814,32.78,8600,281908.0,-0.42527339003645137,2.0672011827428345,42.44835965978129
300322.SZ,20260814,18.41,236200,4348442.0,2.220988339811214,5.5169799042286405,58.325930038867284
300323.SZ,20260814,12.0,152500,1830000.0,0.25062656641603454,4.116182661295104,46.50375939849621
300324.SZ,20260814,3.77,97600,367952.0,0.0,3.656470083546669,45.0
300326.SZ,20260814,6.09,28400,172956.0,0.0,5.017379198275856,45.0
300327.SZ,20260814,23.08,18400,424672.0,1.0065645514222954,2.7794319809975785,51.039387308533776
300328.SZ,20260814,14.52,88063,1278674.76,0.0,3.1902873501086817,45.0
300329.SZ,20260814,11.97,18800,225036.0,1.0979729729729826,8.00621268100752,51.587837837837895
300331.SZ,20260814,48.21,27000,1301670.0,0.9633507853403112,2.0619731714564606,50.78010471204187
300332.SZ,20260814,4.79,19900,95321.0,-0.4158004158004047,1.1444752444117827,42.50519750519757
300333.SZ,20260814,12.77,7352349,93889496.73,20.018796992481192,93.96094596755917,100.0
300334.SZ,20260814,8.53,8600,73358.0,0.4711425206124664,1.6606399292877705,47.8268551236748
300335.SZ,20260814,5.38,35600,191528.0,-0.9208103130755041,2.14548122865479,39.475138121546976
300337.SZ,20260814,9.96,27500,273900.0,0.10050251256283893,1.9192053826129176,45.60301507537703
300338.SZ,20260814,2.8,21300,59640.0,0.0,5.581193735362701,45.0
300339.SZ,20260814,36.95,52700,1947265.0,-0.08112493239587071,2.6379099448183783,44.513250405624774
300340.SZ,20260814,8.51,8800,74888.0,0.2355712603062443,2.290529056300683,46.413427561837466
300341.SZ,20260814,13.24,8200,108568.0,0.0,2.41107650786277,45.0
300342.SZ,20260814,36.93,36500,1347945.0,0.32599837000815146,2.793498990329767,46.95599022004891
300343.SZ,20260814,6.1,131200,800320.0,-0.4893964110929905,5.7119548634520765,42.06362153344206
300345.SZ,20260814,6.85,226500,1551525.0,-0.43604651162790775,3.3742305964793706,42.383720930232556
300346.SZ,20260814,58.63,316220,18539978.6,1.7881944444444464,9.339587212450844,55.72916666666668
300347.SZ,20260814,55.1,155900,8590090.0,-0.39768618944323597,5.864502488425413,42.613882863340585
300348.SZ,20260814,9.45,36200,342090.0,0.21208907741250282,2.4827185388026165,46.272534464475015
300349.SZ,20260814,10.58,26000,275080.0,0.0,4.038130532279382,45.0
300350.SZ,20260814,4.36,7800,34008.0,0.0,0.8114350070623096,45.0
300351.SZ,20260814,14.34,28300,405822.0,0.4905395935529189,4.183494534665842,47.94323756131752
300352.SZ,20260814,2.48,67700,167896.0,0.4048582995951344,4.053292408348279,47.42914979757081
300353.SZ,20260814,19.05,32000,609600.0,0.10509721492379942,2.7073522887001147,45.6305832895428
300354.SZ,20260814,30.1,3600,108360.0,0.26648900732846315,1.0697369662906453,46.59893404397078
300355.SZ,20260814,3.05,636000,1939800.0,-0.9740259740259827,22.22128618449439,39.15584415584411
300357.SZ,20260814,25.73,122400,3149352.0,-0.34856700232377413,6.628365987468383,42.90859798605736
300358.SZ,20260814,9.1,103200,939120.0,-0.4376367614879806,4.493148234572388,42.374179431072115
300359.SZ,20260814,4.43,222500,985675.0,0.6818181818181612,10.445831932634004,49.090909090908966
300360.SZ,20260814,12.14,3000,36420.0,-0.08230452674896638,0.6637688533044954,44.5061728395062
300363.SZ,20260814,22.14,530800,11751912.0,-0.9838998211091132,14.82226371863516,39.09660107334532
300364.SZ,20260814,25.13,693532,17428459.16,1.0860820595333776,12.414893674550704,51.51649235720026
300365.SZ,20260814,4.85,26500,128525.0,0.41407867494822614,3.068153445724312,47.48447204968936
300366.SZ,20260814,5.04,34500,173880.0,-0.1980198019801982,5.589449172127936,43.81188118811881
300368.SZ,20260814,9.36,130200,1218672.0,-0.7423117709438043,4.320458985591419,40.54612937433718
300369.SZ,20260814,7.29,263551,1921286.79,0.0,2.4018874727046495,45.0
300370.SZ,20260814,2.21,58900,130169.0,0.0,3.363953767577154,45.0
300371.SZ,20260814,10.28,23600,242608.0,0.29268292682926855,13.302906739571695,46.75609756097561
300373.SZ,20260814,96.89,78600,7615554.0,1.4024071166928387,8.832633163571302,53.41444270015703
300374.SZ,20260814,11.04,8000,88320.0,0.7299270072992581,3.4971766396519803,49.379562043795545
300375.SZ,20260814,3.97,24700,98059.0,-0.2512562814070307,2.9085895089434555,43.492462311557816
300376.SZ,20260814,4.8,69800,335040.0,-0.20790020790020236,3.8876829098879564,43.752598752598786
300377.SZ,20260814,14.4,191800,2761920.0,0.34843205574912606,7.904923971363158,47.09059233449476
300378.SZ,20260814,36.5,38300,1397950.0,-0.2732240437158473,2.8946823714751417,43.36065573770492
300380.SZ,20260814,29.73,8200,243786.0,0.43918918918919303,3.3358155077788543,47.63513513513516
300381.SZ,20260814,6.17,49100,302947.0,0.16233766233766378,8.137070941859912,45.974025974025984
300382.SZ,20260814,15.1,134400,2029440.0,0.1990710019907027,3.7783478644431026,46.194426011944216
300383.SZ,20260814,12.7,474900,6031230.0,-0.9360374414976724,4.343823291721802,39.383775351013966
300384.SZ,20260814,12.16,17800,216448.0,-0.5723630417007408,8.37257364770662,41.56582174979555
300385.SZ,20260814,12.16,78000,948480.0,-0.7346938775510181,11.452959868495832,40.59183673469389
300386.SZ,20260814,11.22,27800,311916.0,-0.08904719501335867,3.602482404612539,44.46571682991985
300387.SZ,20260814,7.23,8100,58563.0,0.0,2.1011449404746996,45.0
300388.SZ,20260814,6.77,9200,62284.0,0.0,0.6495541945745326,45.0
300389.SZ,20260814,12.22,8300,101426.0,0.0,2.7645882882547523,45.0
300390.SZ,20260814,64.83,143000,9270690.0,0.9655816850957955,3.2484911886879853,50.79349011057477
300393.SZ,20260814,6.25,14600,91250.0,0.0,1.0023108510084857,45.0
300394.SZ,20260814,262.01,434954,113962297.54,1.8859853787525083,8.2972221012139,56.31591227251505
300395.SZ,20260814,92.5,103500,9573750.0,0.010811979673475136,5.3039733421330855,45.06487187804085
300396.SZ,20260814,7.36,31700,233312.0,0.0,11.970528873144266,45.0
300397.SZ,20260814,11.47,139300,1597771.0,0.0,4.074109952525198,45.0
300398.SZ,20260814,36.31,161400,5860434.0,1.3396595032096226,5.160434369507159,53.03795701925773
300399.SZ,20260814,17.48,7800,136344.0,-0.28522532800913103,2.684193697105916,43.288648031945215
300400.SZ,20260814,29.5,39800,1174100.0,1.0273972602739656,2.8549769971918515,51.164383561643795
300401.SZ,20260814,15.75,112200,1767150.0,0.51052967453733,2.782706551587185,48.06317804722398
300402.SZ,20260814,14.59,2800,40852.0,-0.068493150684934,1.2486180889042267,44.589041095890394
300403.SZ,20260814,9.51,27600,262476.0,0.31645569620253333,4.34577224736755,46.8987341772152
300404.SZ,20260814,16.22,5576683,90453798.26,12.249134948096874,68.52359243292646,100.0
300405.SZ,20260814,5.58,83800,467604.0,0.0,15.234723160976536,45.0
300406.SZ,20260814,12.04,39300,473172.0,0.08312551953448821,6.011557209969853,45.49875311720693
300407.SZ,20260814,12.73,56400,717972.0,0.3152088258471242,6.6114492131622,46.89125295508275
300408.SZ,20260814,132.52,771560,102247131.2,3.2087227414330233,15.124609151207054,64.25233644859814
300409.SZ,20260814,18.94,159900,3028506.0,0.10570824524311906,8.583395156128875,45.634249471458716
300410.SZ,20260814,7.86,90400,710544.0,1.5503875968992276,5.113304862516569,54.302325581395365
300411.SZ,20260814,7.45,18100,134845.0,0.1344086021505264,3.6674913846521866,45.80645161290316
300412.SZ,20260814,4.52,43400,196168.0,-0.6593406593406681,4.254797981067038,41.043956043955994
300413.SZ,20260814,15.65,140400,2197260.0,-0.31847133757960666,8.996559439516416,43.08917197452236
300414.SZ,20260814,11.27,83600,942172.0,-0.08865248226950229,11.991118450419748,44.468085106382986
300415.SZ,20260814,21.13,5000,105650.0,0.28476506881822683,1.12333076830366,46.70859041290936
300416.SZ,20260814,14.8,40000,592000.0,0.06761325219744041,4.104013372743449,45.405679513184644
300417.SZ,20260814,10.84,23100,250404.0,0.1848428835489857,11.084882325716361,46.109057301293916
300418.SZ,20260814,42.49,697469,29635457.81,0.7588332938107678,10.794563760083399,49.55299976286461
300419.SZ,20260814,9.2,2800,25760.0,0.0,0.48242550660062405,45.0
300420.SZ,20260814,7.92,386300,3059496.0,1.799485861182526,4.452247699824093,55.79691516709516
300421.SZ,20260814,17.5,11000,192500.0,0.11441647597254523,2.3776445876861056,45.68649885583527
300422.SZ,20260814,4.31,528300,2276973.0,-7.708779443254821,15.155187423169933,15.0
300423.SZ,20260814,5.81,12800,74368.0,-0.34305317324185847,1.5897282207790613,42.94168096054885
300424.SZ,20260814,14.34,25000,358500.0,0.8438818565400741,4.2388776841629365,50.06329113924045
300425.SZ,20260814,4.01,15600,62556.0,-0.49627791563277013,2.13133971894538,42.02233250620338
300426.SZ,20260814,6.83,1224100,8360603.0,-2.0086083213773254,30.882521356057318,32.948350071736044
300427.SZ,20260814,6.97,73100,509507.0,-0.4285714285714337,3.089883456655286,42.428571428571395
300428.SZ,20260814,18.73,4000,74920.0,0.0,1.0217869002027855,45.0
300429.SZ,20260814,10.55,48500,511675.0,0.4761904761904745,2.61757505149517,47.85714285714285
300430.SZ,20260814,4.78,4100,19598.0,0.42016806722691147,0.6474239247156776,47.52100840336147
300432.SZ,20260814,16.11,77100,1242081.0,0.0,2.7352217457451875,45.0
300433.SZ,20260814,35.16,354109,12450472.44,1.4718614718614687,3.744393551413307,53.83116883116881
300434.SZ,20260814,12.85,483800,6216830.0,-0.07776049766717863,13.376111955443694,44.53343701399693
300435.SZ,20260814,16.88,40900,690392.0,0.23752969121140222,3.925715108281354,46.42517814726841
300436.SZ,20260814,100.0,48000,4800000.0,-0.6458022851465572,6.588573225229306,41.125186289120656
300437.SZ,20260814,11.18,8700,97266.0,0.4492362982928988,1.6758049488191706,47.69541778975739
300438.SZ,20260814,65.31,54700,3572457.0,0.600739371534198,2.8302700802753966,48.60443622920519
300439.SZ,20260814,9.21,14000,128940.0,-0.6472491909384925,2.5006941685747535,41.11650485436905
300440.SZ,20260814,19.3,19600,378280.0,0.3640145605824152,1.5438193038271162,47.18408736349449
300441.SZ,20260814,6.81,8000,54480.0,0.0,2.030297503562736,45.0
300442.SZ,20260814,69.0,294802,20341338.0,0.6564551422319598,5.768860378696767,48.93873085339176
300443.SZ,20260814,20.93,8100,169533.0,0.28749401054144474,2.0613400504524115,46.72496406324867
300444.SZ,20260814,11.13,254500,2832585.0,1.273885350318471,5.2875116245077445,52.64331210191082
300445.SZ,20260814,18.6,1500,27900.0,0.1615508885298933,1.032478364767427,45.969305331179356
300446.SZ,20260814,13.8,3500,48300.0,0.0,0.8716379106714978,45.0
300447.SZ,20260814,13.82,2000,27640.0,0.2902757619738905,0.793336820303154,46.74165457184334
300448.SZ,20260814,5.78,18700,108086.0,0.0,1.6317785374602005,45.0
300449.SZ,20260814,7.47,131200,980064.0,1.3568521031207537,12.284524798062055,53.14111261872452
300450.SZ,20260814,34.63,147900,5121777.0,0.0,5.652104733021356,45.0
300451.SZ,20260814,3.67,11300,41471.0,0.0,0.49109896408384324,45.0
300452.SZ,20260814,12.8,20700,264960.0,-0.4665629860031051,3.2558661889525182,42.20062208398137
300453.SZ,20260814,9.97,220400,2197388.0,-0.499001996007975,8.378669923352476,42.00598802395215
300454.SZ,20260814,119.01,158823,18901525.23,0.5152027027027106,7.594584310866111,48.09121621621627
300455.SZ,20260814,19.14,11800,225852.0,0.5252100840336116,2.439835092534336,48.15126050420167
300456.SZ,20260814,31.76,51100,1622936.0,0.6018371872030359,3.3814678009601136,48.61102312321822
300457.SZ,20260814,20.55,13600,279480.0,-0.04863813229570857,1.4936131271739372,44.70817120622575
300458.SZ,20260814,34.44,231220,7963216.8,0.7901668129938422,4.573036387249798,49.74100087796305
300459.SZ,20260814,3.7,292800,1083360.0,-0.8042895442359144,3.2129723643903993,40.17426273458452
300460.SZ,20260814,8.58,19300,165594.0,0.0,8.830415013614582,45.0
300461.SZ,20260814,33.81,23100,781011.0,-0.6172839506172867,3.124623892698998,41.296296296296276
300462.SZ,20260814,11.38,7000,79660.0,-0.3502626970227629,10.023456851950044,42.898423817863424
300463.SZ,20260814,9.45,10700,101115.0,-0.31645569620254443,0.49817065429473506,43.10126582278473
300464.SZ,20260814,7.25,81300,589425.0,-1.2261580381471404,4.175939565679331,37.64305177111716
300465.SZ,20260814,12.68,27900,353772.0,0.15797788309637184,0.8048998544152643,45.94786729857823
300466.SZ,20260814,7.37,27600,203412.0,0.0,6.406399722846649,45.0
300467.SZ,20260814,35.6,18800,669280.0,-0.08419870895313153,1.9006606504560128,44.49480774628121
300468.SZ,20260814,21.5,69100,1485650.0,-0.09293680297397522,3.6593388039168695,44.442379182156145
300469.SZ,20260814,61.29,10800,661932.0,0.0,2.07025292600156,45.0
300470.SZ,20260814,28.82,26000,749320.0,0.663639538945171,10.35640220588658,48.98183723367103
300471.SZ,20260814,9.95,55500,552225.0,1.0152284263959421,2.51806661819361,51.09137055837565
300472.SZ,20260814,6.87,22300,153201.0,0.1457725947521915,12.275670595395143,45.87463556851315
300473.SZ,20260814,22.4,12000,268800.0,0.4484304932735439,4.586193266876243,47.69058295964126
300474.SZ,20260814,53.09,23100,1226379.0,0.5492424242424354,3.148293731862714,48.29545454545461
300475.SZ,20260814,161.5,286500,46269750.0,2.5852759956806137,11.13731032526836,60.51165597408368
300476.SZ,20260814,273.61,250101,68430134.61,0.8514559528197685,7.411325400417164,50.10873571691861
300477.SZ,20260814,2.72,783400,2130848.0,-0.7299270072992692,32.54276925073495,40.620437956204384
300478.SZ,20260814,31.17,54900,1711233.0,4.247491638796008,14.684501939823743,70.48494983277605
300479.SZ,20260814,14.09,13900,195851.0,0.07102272727272929,3.4659208966041595,45.426136363636374
300480.SZ,20260814,34.3,69900,2397570.0,0.763807285546414,3.733390515971782,49.582843713278486
300481.SZ,20260814,14.01,31900,446919.0,0.7189072609633307,4.204906697674262,49.313443565779984
300482.SZ,20260814,17.72,37400,662728.0,0.0,5.609199351209774,45.0
300483.SZ,20260814,22.95,54600,1253070.0,-0.3040834057341457,6.463674330313081,43.175499565595125
300484.SZ,20260814,13.48,26400,355872.0,-0.2958579881656709,4.3088202455483,43.22485207100598
300485.SZ,20260814,10.1,47400,478740.0,-0.29615004935835687,4.588094593181519,43.22309970384986
300486.SZ,20260814,19.91,16100,320551.0,0.3022670025188745,1.8868727597475146,46.81360201511325
300487.SZ,20260814,66.5,10200,678300.0,-0.12015620306398134,2.647752080756876,44.27906278161611
300488.SZ,20260814,31.61,7700,243397.0,0.221940393151554,2.0339766616991724,46.33164235890932
300489.SZ,20260814,244.99,75200,18423248.0,0.9726744425668787,7.223896347948976,50.836046655401276
300490.SZ,20260814,11.8,15100,178180.0,0.0,1.4646286950484657,45.0
300491.SZ,20260814,30.51,157400,4802274.0,4.414784394250515,10.506273140786401,71.48870636550309
300492.SZ,20260814,25.79,26100,673119.0,-0.6165703275529899,6.114862314120973,41.30057803468206
300493.SZ,20260814,12.75,29800,379950.0,0.3937007874015741,3.1734576416211873,47.362204724409445
300494.SZ,20260814,8.69,60200,523138.0,-0.11494252873562871,6.581050802565194,44.31034482758623
300496.SZ,20260814,59.55,76734,4569509.7,-0.43470991472999154,6.063533359822819,42.39174051162005
300497.SZ,20260814,18.45,153100,2824695.0,1.0958904109588996,4.6383075146088455,51.575342465753394
300498.SZ,20260814,13.71,129400,1774074.0,-0.6521739130434745,3.4927729180235727,41.086956521739154
300499.SZ,20260814,28.87,78700,2272069.0,1.978099611444728,3.05985185751316,56.86859766866837
300500.SZ,20260814,9.29,28500,264765.0,0.21574973031284195,12.439880430367946,46.29449838187705
300501.SZ,20260814,10.33,10900,112597.0,0.19398642095052043,4.229938529823418,46.163918525703124
300502.SZ,20260814,435.51,239280,104208832.8,1.3049546406141088,6.075773128955524,52.82972784368465
300503.SZ,20260814,73.08,40200,2937816.0,1.0648596321394033,3.41150715247234,51.38915779283642
300504.SZ,20260814,15.07,131100,1975677.0,-0.8552631578947256,11.239844229094373,39.868421052631646
300505.SZ,20260814,18.73,11800,221014.0,0.0,1.4512085934430412,45.0
300506.SZ,20260814,5.08,204900,1040892.0,0.19723865877712132,6.695959026822974,46.18343195266273
300507.SZ,20260814,6.53,6000,39180.0,0.6163328197226425,1.2405236798208004,48.69799691833585
300508.SZ,20260814,46.37,19500,904215.0,-0.0646551724137967,6.4443144890297575,44.61206896551722
300509.SZ,20260814,8.57,14600,125122.0,0.3512880562061005,4.048248036152645,47.1077283372366
300510.SZ,20260814,3.49,82800,288972.0,0.5763688760807018,4.099517557778651,48.458213256484214
300511.SZ,20260814,5.44,59300,322592.0,0.0,4.37748229145088,45.0
300512.SZ,20260814,7.18,20600,147908.0,0.5602240896358524,5.899348988802971,48.361344537815114
300513.SZ,20260814,7.31,48300,353073.0,0.136986301369868,8.874185891159737,45.82191780821921
300514.SZ,20260814,9.71,9300,90303.0,0.10309278350517648,4.129300897830177,45.61855670103106
300515.SZ,20260814,15.97,37700,602069.0,0.8207070707070718,4.9392483317020135,49.92424242424243
300516.SZ,20260814,32.03,39200,1255576.0,0.40752351097179673,5.337340361098433,47.44514106583078
300517.SZ,20260814,10.14,31900,323466.0,-0.19685039370078705,7.869113090092254,43.818897637795274
300518.SZ,20260814,24.49,49500,1212255.0,0.45118949958982135,6.179604032395804,47.707136997538925
300519.SZ,20260814,14.46,23700,342702.0,-0.5502063273727487,3.6303284107059466,41.69876203576351
300520.SZ,20260814,25.94,103300,2679602.0,0.38699690402477227,12.439040603094329,47.32198142414863
300521.SZ,20260814,24.75,1200,29700.0,-0.28203062046736616,0.3642920759923574,43.307816277195805
300522.SZ,20260814,14.6,78000,1138800.0,0.9681881051175623,4.531780014663898,50.80912863070537
300523.SZ,20260814,19.98,18600,371628.0,1.731160896130346,13.040327965504545,55.38696537678207
300525.SZ,20260814,8.86,142200,1259892.0,-0.22522522522524513,6.519134073074151,43.64864864864853
300527.SZ,20260814,7.79,108400,844436.0,0.77619663648123,30.84066559716207,49.65717981888738
300528.SZ,20260814,14.17,295200,4182984.0,-0.700770847932719,15.531457824245898,40.79537491240369
300529.SZ,20260814,16.34,15000,245100.0,-0.18326206475259843,1.307596670852346,43.90042761148441
300530.SZ,20260814,20.01,56300,1126563.0,-0.793257312840856,5.918528766588931,40.24045612295487
300531.SZ,20260814,16.55,103500,1712925.0,0.8531383302864182,11.257274668110242,50.118829981718505
300532.SZ,20260814,6.96,7300,50808.0,-0.2865329512894088,1.2052118258190059,43.280802292263544
300533.SZ,20260814,15.2,7500,114000.0,-0.06574621959238858,1.1526617775364711,44.60552268244567
300534.SZ,20260814,18.92,1989795,37646921.4,0.0,20.007136057109445,45.0
300535.SZ,20260814,15.27,12500,190875.0,0.0,7.18960619678326,45.0
300536.SZ,20260814,8.9,14700,130830.0,0.22522522522521182,1.5947301602476724,46.35135135135127
300537.SZ,20260814,19.98,54700,1092906.0,1.5243902439024515,3.0510493195926647,54.14634146341471
300538.SZ,20260814,15.08,12000,180960.0,-0.46204620462045876,2.275303757955359,42.22772277227725
300539.SZ,20260814,19.06,18000,343080.0,-0.4699738903394257,4.195168256413457,42.180156657963444
300540.SZ,20260814,32.67,63000,2058210.0,0.8333333333333526,3.5184149305875847,50.000000000000114
300541.SZ,20260814,10.3,303100,3121930.0,-3.3771106941838602,14.293488379903778,24.73733583489684
300542.SZ,20260814,12.14,5300,64342.0,0.08244023083263663,0.8831062581504099,45.494641384995816
300543.SZ,20260814,7.75,10200,79050.0,-0.6410256410256387,1.9842298442211044,41.15384615384617
300545.SZ,20260814,28.5,13300,379050.0,0.6000705965407693,1.5681816047224975,48.60042357924462
300546.SZ,20260814,16.02,6000,96120.0,-0.3111387678904842,1.91479782753955,43.13316739265709
300547.SZ,20260814,26.05,28200,734610.0,1.3618677042801508,3.943494328386482,53.171206225680905
300548.SZ,20260814,183.33,53500,9808155.0,1.8047534429142642,2.8420916876558384,55.82852065748558
300549.SZ,20260814,13.99,6700,93733.0,-0.5685856432125047,4.703773617477064,41.588486140724974
300550.SZ,20260814,11.99,5700,68343.0,0.0,1.064518779510084,45.0
300551.SZ,20260814,10.31,134100,1382571.0,0.8806262230919737,15.357340467044697,50.283757338551844
300552.SZ,20260814,21.43,36800,788624.0,-0.3719200371920084,4.665726752451568,42.76847977684795
300553.SZ,20260814,44.02,20600,906812.0,-0.15876616012701072,5.3294108792781385,44.047403039237935
300554.SZ,20260814,20.52,7800,160056.0,-0.3399708596406037,2.6771361150079316,42.96017484215638
300555.SZ,20260814,,0,0.0,,0.0,0.0
300556.SZ,20260814,16.45,36700,603715.0,0.5501222493887514,10.134582127248143,48.30073349633251
300557.SZ,20260814,26.38,15600,411528.0,-0.037893141341427405,6.0984894975060975,44.77264115195143
300558.SZ,20260814,68.51,138200,9468082.0,0.05841974587410537,10.88601418434476,45.350518475244634
300559.SZ,20260814,11.14,40100,446714.0,0.9057971014492905,5.049878083564184,50.43478260869574
300560.SZ,20260814,16.3,30900,503670.0,0.6172839506172867,2.0344520994136372,48.703703703703724
300561.SZ,20260814,16.85,283900,4783715.0,0.059382422802856105,11.217334632532836,45.35629453681714
300562.SZ,20260814,16.13,121200,1954956.0,1.4465408805031332,5.884668519609782,53.6792452830188
300563.SZ,20260814,23.4,16700,390780.0,0.08554319931566301,7.486712659847801,45.51325919589398
300564.SZ,20260814,12.29,4600,56534.0,0.08143322475568926,2.1488156104950717,45.48859934853414
300565.SZ,20260814,9.73,45300,440769.0,-0.10266940451745254,7.3207001958275555,44.38398357289528
300566.SZ,20260814,27.36,346598,9482921.28,1.7100371747212018,9.909294646085279,55.26022304832721
300567.SZ,20260814,227.66,25600,5828096.0,1.5251516232607898,4.050753318872295,54.15090973956474
300568.SZ,20260814,14.51,2738300,39732733.0,-0.06887052341597588,22.00258492151573,44.58677685950414
300569.SZ,20260814,4.9,10500,51450.0,0.2044989775051187,0.9878540497186594,46.226993865030714
300570.SZ,20260814,150.02,51300,7696026.0,0.2003740315255298,2.200405216355122,46.20224418915318
300571.SZ,20260814,34.0,142200,4834800.0,0.35419126328215533,12.613353329837777,47.125147579692936
300572.SZ,20260814,20.46,12300,251658.0,0.540540540540535,2.9500269596814057,48.243243243243214
300573.SZ,20260814,41.95,22100,927095.0,-0.2852388875683287,2.806835628005734,43.28856667459003
300575.SZ,20260814,5.66,152800,864848.0,0.35460992907803135,5.8067324441733055,47.12765957446819
300576.SZ,20260814,31.49,332500,10470425.0,0.8325328210054384,18.383271195369797,49.995196926032634
300577.SZ,20260814,18.3,67100,1227930.0,-1.2944983818770184,14.400074081205915,37.23300970873789
300578.SZ,20260814,16.42,22300,366166.0,0.6127450980392135,7.591023831891679,48.67647058823528
300579.SZ,20260814,22.16,1800,39888.0,0.36231884057971175,0.649799415686349,47.17391304347827
300580.SZ,20260814,21.98,61700,1356166.0,-0.22696323195642298,5.774840191704974,43.63822060826146
300581.SZ,20260814,10.08,27200,274176.0,-0.09910802775024985,1.304599226650788,44.4053518334985
300582.SZ,20260814,11.48,24500,281260.0,0.0,5.850637829979583,45.0
300583.SZ,20260814,12.9,12400,159960.0,0.0,4.340738060066741,45.0
300584.SZ,20260814,34.88,8100,282528.0,-0.7398975526465512,1.5725757238865878,40.560614684120694
300585.SZ,20260814,16.62,17200,285864.0,0.6053268765133346,2.243623263518875,48.63196125908001
300586.SZ,20260814,9.16,74100,678756.0,0.2188183807439792,4.403622777303654,46.312910284463875
300587.SZ,20260814,5.4,85400,461160.0,0.5586592178770999,1.8058755570989133,48.3519553072626
300588.SZ,20260814,22.38,3500,78330.0,0.8108108108108025,1.373103387032442,49.86486486486481
300589.SZ,20260814,13.01,46400,603664.0,-0.6870229007633566,1.560723103484141,40.87786259541986
300590.SZ,20260814,11.17,118500,1323645.0,0.17937219730941312,6.763255826446599,46.07623318385648
300591.SZ,20260814,7.73,83600,646228.0,1.0457516339869244,1.7509005200465237,51.274509803921546
300592.SZ,20260814,16.07,23700,380859.0,0.18703241895261513,1.6303401682593508,46.12219451371569
300593.SZ,20260814,29.76,157000,4672320.0,0.43874451569356765,6.621158493314871,47.632467094161406
300594.SZ,20260814,14.9,11000,163900.0,0.0,9.856006096171287,45.0
300595.SZ,20260814,11.72,26400,309408.0,-0.2553191489361617,2.5550731386927796,43.46808510638303
300596.SZ,20260814,41.22,2200,90684.0,-0.19370460048425686,0.37190075933798417,43.83777239709446
300597.SZ,20260814,7.67,5100,39117.0,-0.13020833333332593,1.5477848143463433,44.21875000000004
300598.SZ,20260814,28.85,14900,429865.0,-0.27652955409608326,2.697254660397878,43.3408226754235
300599.SZ,20260814,11.52,39100,450432.0,0.17391304347824654,4.961337143099339,46.04347826086948
300600.SZ,20260814,10.23,2700,27621.0,0.5899705014749346,0.5792630011313884,48.53982300884961
300601.SZ,20260814,12.75,31400,400350.0,-0.23474178403755097,1.5902403339487636,43.5915492957747
300602.SZ,20260814,40.88,634000,25917920.0,8.839190628328009,27.06533992238204,98.03514376996804
300603.SZ,20260814,9.08,1730500,15712940.0,-4.421052631578948,21.348417843229186,18.473684210526315
300604.SZ,20260814,287.01,147600,42362676.0,1.888600944300478,9.839173758997445,56.33160566580287
300605.SZ,20260814,10.63,12100,128623.0,0.09416195856875031,1.1363876333000085,45.5649717514125
300606.SZ,20260814,37.27,26700,995109.0,0.2690341673392549,2.49853710669853,46.614205004035526
300607.SZ,20260814,34.39,102500,3524975.0,0.0,2.6761295737463313,45.0
300608.SZ,20260814,10.54,59800,630292.0,0.0,6.323770401873982,45.0
300609.SZ,20260814,26.53,10300,273259.0,0.416351249053748,2.813753565729538,47.49810749432249
300610.SZ,20260814,9.95,1800,17910.0,0.0,0.9482961511407219,45.0
300611.SZ,20260814,24.26,1400,33964.0,0.4971002485501197,0.7539540186610502,47.98260149130072
300612.SZ,20260814,12.27,29800,365646.0,0.08156606851550396,4.177880214881934,45.489396411093026
300613.SZ,20260814,76.62,87800,6727236.0,1.2688342585249979,6.3266037456219415,52.61300555114999
300614.SZ,20260814,10.59,2900,30711.0,0.4743833017077925,1.1268575757844834,47.846299810246755
300615.SZ,20260814,17.29,615000,10633350.0,-0.057803468208106334,21.673477120860696,44.65317919075136
300616.SZ,20260814,10.65,22200,236430.0,-0.4672897196261627,4.585696045837487,42.196261682243026
300617.SZ,20260814,43.83,29200,1279836.0,-0.022810218978108754,4.0707629075456415,44.86313868613135
300618.SZ,20260814,36.07,49200,1774644.0,-0.027716186252768615,5.473345871917476,44.83370288248339
300619.SZ,20260814,25.94,80000,2075200.0,0.0,15.49715929792707,45.0
300620.SZ,20260814,318.01,76700,24391367.0,1.2287123985357251,6.344996100044395,52.37227439121435
300621.SZ,20260814,7.2,18800,135360.0,0.0,6.879073650606889,45.0
300622.SZ,20260814,15.18,22900,347622.0,0.33046926635822427,2.5301405601726223,46.982815598149344
300623.SZ,20260814,26.83,28400,761972.0,0.5245410266017103,1.6489813021651512,48.14724615961026
300624.SZ,20260814,54.78,31700,1736526.0,-0.01825150574922274,3.1672522883212975,44.89049096550466
300625.SZ,20260814,9.6,21100,202560.0,0.10427528675702735,19.284934140274284,45.625651720542166
300626.SZ,20260814,34.17,18300,625311.0,-0.17528483786151128,2.9927557011220527,43.94829097283093
300627.SZ,20260814,28.29,145300,4110537.0,2.3887079261672106,8.430691025713438,59.332247557003264
300628.SZ,20260814,39.35,20900,822415.0,-0.32928064842957516,2.1423676071671656,43.02431610942255
300629.SZ,20260814,17.32,29800,516136.0,0.0,5.3241437936416,45.0
300631.SZ,20260814,21.92,4200,92064.0,0.7352941176470562,2.004676028776051,49.411764705882334
300632.SZ,20260814,19.35,53700,1039095.0,1.8957345971564177,4.432362638871495,56.3744075829385
300633.SZ,20260814,20.84,26600,554344.0,0.0,5.203108668394022,45.0
300634.SZ,20260814,20.28,92400,1873872.0,1.1471321695760706,1.900212027611357,51.88279301745642
300635.SZ,20260814,11.83,9500,112385.0,0.16934801016088574,3.306570662107933,46.016088060965316
300636.SZ,20260814,7.06,10700,75542.0,-0.42313117066290484,1.7851481319497657,42.46121297602257
300637.SZ,20260814,8.95,22200,198690.0,1.0158013544018019,5.836358802471338,51.09480812641081
300638.SZ,20260814,20.7,456100,9441270.0,0.14513788098693414,20.52664738361402,45.87082728592161
300639.SZ,20260814,6.22,60500,376310.0,-0.797448165869219,2.4053295552030076,40.21531100478469
300640.SZ,20260814,6.96,22100,153816.0,0.8695652173912993,1.9795449594767007,50.2173913043478
300641.SZ,20260814,14.83,1800,26694.0,0.13504388926399713,0.40063619376638004,45.81026333558398
300642.SZ,20260814,13.8,22500,310500.0,0.5098324836125379,6.169812310534105,48.05899490167523
300643.SZ,20260814,19.16,13200,252912.0,1.0015814443858684,2.517792343478063,51.00948866631521
300644.SZ,20260814,21.43,900,19287.0,0.18700327255727345,0.6517650413026416,46.12201963534364
300645.SZ,20260814,12.99,18500,240315.0,0.3088803088803216,6.265779333339226,46.85328185328193
300647.SZ,20260814,5.55,21800,120990.0,0.0,1.0380108123252214,45.0
300648.SZ,20260814,39.87,1300,51831.0,0.15071590052748718,0.7082528070290796,45.90429540316492
300649.SZ,20260814,25.02,7600,190152.0,0.0,2.55826413883499,45.0
300650.SZ,20260814,11.4,13000,148200.0,0.4405286343612369,2.7709610795238064,47.64317180616742
300651.SZ,20260814,17.47,20800,363376.0,-0.17142857142857792,5.7792224915094375,43.97142857142853
300652.SZ,20260814,30.1,8300,249830.0,0.0,5.951547160297684,45.0
300653.SZ,20260814,,0,0.0,,0.0,0.0
300654.SZ,20260814,10.41,54800,570468.0,-0.9514747859181716,4.517353633154994,39.29115128449097
300655.SZ,20260814,13.18,172000,2266960.0,1.1511895625479607,4.290984094568035,51.90713737528776
300656.SZ,20260814,27.38,28100,769378.0,1.7843866171003642,7.623982289658531,55.70631970260219
300657.SZ,20260814,35.78,216400,7742792.0,0.7887323943662095,7.917263125194193,49.732394366197255
300658.SZ,20260814,10.86,29000,314940.0,0.6487488415199305,4.304332318268613,48.89249304911958
300659.SZ,20260814,10.4,4900,50960.0,0.6776379477250849,1.0893298812805714,49.06582768635051
300660.SZ,20260814,27.0,2500,67500.0,0.25993316004455647,0.5072400142193849,46.55959896026734
300661.SZ,20260814,119.0,72700,8651300.0,0.2527379949452291,3.5898426132910397,46.516427969671376
300662.SZ,20260814,20.81,33800,703378.0,0.921435499515022,7.377460180613409,50.528612997090136
300663.SZ,20260814,9.37,387600,3631812.0,0.5364806866952732,7.887773154868875,48.21888412017164
300664.SZ,20260814,4.63,13400,62042.0,0.21645021645020357,2.0996825313990817,46.29870129870122
300665.SZ,20260814,9.6,14200,136320.0,-0.10405827263266776,2.4489302841494456,44.37565036420399
300666.SZ,20260814,256.07,87100,22303697.0,2.0117918890924846,7.336532287327821,57.070751334554906
300667.SZ,20260814,14.38,10300,148114.0,0.1392757660167332,2.5659709228999485,45.8356545961004
300668.SZ,20260814,35.57,68700,2443659.0,-1.0019482326746432,6.97453340271527,38.988310603952144
300669.SZ,20260814,23.4,3000,70200.0,2.5416301489921134,1.2445397149642392,60.24978089395268
300670.SZ,20260814,6.16,11800,72688.0,-0.3236245954692518,2.0813624058611446,43.05825242718449
300671.SZ,20260814,64.37,42600,2742162.0,2.992000000000017,4.023357092690034,62.9520000000001
300672.SZ,20260814,169.66,38400,6514944.0,1.934631098293682,3.5791376443787657,56.60778658976209
300673.SZ,20260814,13.4,2400,32160.0,0.0,0.969396320920316,45.0
300674.SZ,20260814,16.0,53200,851200.0,-0.062460961898824774,4.005757426583184,44.62523422860705
300675.SZ,20260814,12.73,8100,103113.0,0.47355958958168465,4.2363590311505686,47.84135753749011
300676.SZ,20260814,41.8,82800,3461040.0,-0.3338102050548408,8.542457570247706,42.997138769670954
300677.SZ,20260814,49.5,4600,227700.0,-0.1412144442202945,0.6672948399765999,44.15271333467823
300678.SZ,20260814,23.2,8900,206480.0,0.2592912705272177,1.9324214927493517,46.555747623163306
300679.SZ,20260814,42.78,133400,5706852.0,1.7844396859386213,10.485692153651952,55.706638115631726
300680.SZ,20260814,22.07,7100,156697.0,0.5466970387243864,1.4872384774536345,48.28018223234632
300681.SZ,20260814,21.8,55600,1212080.0,1.348210134821004,6.929265276620745,53.08926080892603
300682.SZ,20260814,11.5,41400,476100.0,-0.34662045060658286,3.1522098073166895,42.9202772963605
300683.SZ,20260814,29.84,59300,1769512.0,-0.06697923643670389,5.1950853420713345,44.59812458137978
300684.SZ,20260814,67.36,876739,59057139.04,20.007126313914124,206.15847230834308,100.0
300685.SZ,20260814,19.75,134500,2656375.0,0.0,11.354867607067343,45.0
300686.SZ,20260814,15.1,58600,884860.0,-0.1322751322751281,3.4118956720219615,44.20634920634923
300687.SZ,20260814,28.34,138300,3919422.0,0.0,6.84892998689339,45.0
300688.SZ,20260814,31.92,58000,1851360.0,0.6622516556291425,7.492995108345368,48.97350993377486
300689.SZ,20260814,53.63,6000,321780.0,0.619136960600386,3.766274544231129,48.714821763602316
300690.SZ,20260814,21.38,4200,89796.0,0.0,1.844211532857822,45.0
300691.SZ,20260814,14.2,50000,710000.0,1.0676156583629748,13.911751595353138,51.40569395017785
300692.SZ,20260814,9.95,365900,3640705.0,-0.20060180541626726,10.31513391765034,43.7963891675024
300693.SZ,20260814,46.64,128300,5983912.0,1.501632208922743,9.192354553428837,54.00979325353646
300694.SZ,20260814,10.72,6400,68608.0,0.46860356138707093,2.4431004685541087,47.81162136832243
300695.SZ,20260814,51.61,300,15483.0,0.2525252525252597,0.29186684560594495,46.51515151515156
300696.SZ,20260814,21.83,25200,550116.0,-0.31963470319634757,3.3848601114457866,43.082191780821915
300697.SZ,20260814,14.0,35100,491400.0,-0.3558718861210064,7.613182712403747,42.864768683273965
300698.SZ,20260814,26.28,18700,491436.0,0.574052812858783,6.699318613974527,48.4443168771527
300699.SZ,20260814,25.46,29800,758708.0,-0.15686274509804088,3.474838831016696,44.058823529411754
300700.SZ,20260814,18.76,18400,345184.0,1.7353579175704903,1.5301960758817967,55.41214750542294
300701.SZ,20260814,9.73,5200,50596.0,0.5165289256198413,2.5375150735170964,48.09917355371905
300702.SZ,20260814,22.53,6700,150951.0,-0.3538257408226331,2.7083920709542837,42.8770455550642
300703.SZ,20260814,13.58,2600,35308.0,0.0,0.7672001273649557,45.0
300705.SZ,20260814,11.59,80700,935313.0,-0.8554319931565413,2.0334364682018826,39.867408041060756
300706.SZ,20260814,53.77,30400,1634608.0,2.2826707247479705,4.248566718099822,58.696024348487825
300707.SZ,20260814,12.02,8200,98564.0,0.08326394671107629,3.1456503717675295,45.499583680266454
300708.SZ,20260814,8.2,281800,2310760.0,-0.846432889963733,10.573305221654852,39.9214026602176
300709.SZ,20260814,39.07,125700,4911099.0,2.5459317585301733,8.269129362335033,60.27559055118104
300710.SZ,20260814,28.78,1300,37414.0,0.0,0.6854142818579831,45.0
300711.SZ,20260814,17.78,54700,972566.0,0.0,4.243335138192676,45.0
300712.SZ,20260814,21.4,600,12840.0,0.093545369504211,0.4817519468740522,45.56127221702526
300713.SZ,20260814,13.06,3800,49628.0,0.07662835249042654,1.7703262268404807,45.45977011494256
300715.SZ,20260814,14.05,48200,677210.0,0.8614501076812608,5.305824392905757,50.168700646087565
300716.SZ,20260814,17.5,2000,35000.0,1.449275362318847,2.2080181466286812,53.69565217391308
300717.SZ,20260814,18.44,8000,147520.0,0.10857763300760048,4.60412388042724,45.65146579804561
300718.SZ,20260814,64.85,25400,1647190.0,-0.5673106409077033,3.908085715566186,41.59613615455378
300719.SZ,20260814,11.7,5500,64350.0,0.9490940465918918,1.99393008639713,50.69456427955135
300720.SZ,20260814,87.26,131300,11457238.0,1.1123986095017413,8.202558095318757,51.674391657010446
300721.SZ,20260814,23.12,9100,210392.0,0.12992637505413462,1.619034346374787,45.77955825032481
300722.SZ,20260814,21.63,7600,164388.0,-0.04621072088725198,3.025845585648059,44.722735674676485
300723.SZ,20260814,38.35,59500,2281825.0,-0.3637308391790106,4.094969432714852,42.81761496492594
300724.SZ,20260814,58.75,40500,2379375.0,-0.08503401360543394,6.5435495512851976,44.4897959183674
300725.SZ,20260814,54.7,608500,33284950.0,-0.16426355174301577,17.181724630861677,44.014418689541905
300726.SZ,20260814,54.59,66300,3619317.0,1.0177646188008982,5.282334433888389,51.10658771280539
300727.SZ,20260814,27.45,1800,49410.0,-0.14550745725717684,0.7237994402699696,44.12695525645694
300729.SZ,20260814,10.16,1000,10160.0,-0.19646365422396617,0.6382923919441972,43.8212180746562
300730.SZ,20260814,11.85,19600,232260.0,-0.5872483221476488,4.115504014042823,41.476510067114106
300731.SZ,20260814,38.28,10900,417252.0,1.0826511750726242,1.384788333733176,51.49590705043575
300732.SZ,20260814,6.19,7800,48282.0,0.0,1.8043580037530482,45.0
300733.SZ,20260814,14.32,15500,221960.0,1.6323633782824754,1.6589695900209238,54.79418026969485
300735.SZ,20260814,20.99,96100,2017139.0,0.09537434430137992,8.83124957669127,45.57224606580828
300736.SZ,20260814,28.89,3600,104004.0,0.0,0.7260316286598395,45.0
300737.SZ,20260814,4.98,87500,435750.0,0.201207243460777,4.73124527602803,46.20724346076466
300738.SZ,20260814,21.96,498100,10938276.0,-0.9918845807033283,3.9455545790237627,39.04869251578003
300739.SZ,20260814,23.02,23200,534064.0,1.186813186813196,2.5977720639908304,52.120879120879174
300740.SZ,20260814,22.48,617200,13874656.0,0.0,14.994519602368266,45.0
300741.SZ,20260814,,0,0.0,,0.0,0.0
300743.SZ,20260814,14.92,6800,101456.0,0.0,4.203932493436327,45.0
300745.SZ,20260814,29.56,17200,508432.0,0.305395317271806,2.814497050943583,46.832371903630836
300746.SZ,20260814,14.66,13100,192046.0,0.4109589041095818,2.4766836431466235,47.46575342465749
300747.SZ,20260814,35.84,113500,4067840.0,0.42028579434016944,6.806862780037309,47.521714766041015
300748.SZ,20260814,27.07,25000,676750.0,-0.036927621861149174,1.071433899602803,44.7784342688331
300749.SZ,20260814,23.37,6400,149568.0,0.30042918454935563,0.46431461396624324,46.802575107296136
300750.SZ,20260814,395.0,330353,130489435.0,-0.32803431743628764,20.693605376564197,43.031794095382274
300751.SZ,20260814,173.89,12700,2208403.0,0.4621873014038824,2.328545318399949,47.77312380842329
300752.SZ,20260814,10.12,23600,238832.0,0.09891196834816984,4.28985171413892,45.59347181008902
300753.SZ,20260814,24.9,74500,1855050.0,0.0803858520900258,5.726432269437025,45.48231511254016
300755.SZ,20260814,11.77,200799,2363404.23,-0.8424599831508006,35.77838981311588,39.945240101095195
300756.SZ,20260814,31.15,23000,716450.0,0.03211303789338871,5.219685659390086,45.19267822736033
300757.SZ,20260814,515.01,26900,13853769.0,1.4718051779170072,5.593284046682645,53.83083106750205
300758.SZ,20260814,10.83,9400,101802.0,0.09242144177448175,1.5967286840320307,45.55452865064689
300759.SZ,20260814,49.2,836915,41176218.0,-1.2048192771084265,10.760112908123826,37.77108433734944
300760.SZ,20260814,153.45,18600,2854170.0,0.03911597887737983,2.8796301097807886,45.23469587326428
300761.SZ,20260814,18.47,13400,247498.0,-0.1621621621621716,2.5024917496538195,44.02702702702697
300762.SZ,20260814,31.92,63000,2010960.0,0.7575757575757569,3.573452681276432,49.54545454545454
300763.SZ,20260814,64.92,51200,3323904.0,0.0,4.698041676248723,45.0
300765.SZ,20260814,41.03,251200,10306736.0,-0.6056201550387552,13.957239090872879,41.36627906976747
300766.SZ,20260814,24.09,367900,8862711.0,0.8793969849246297,10.93413871679825,50.27638190954778
300767.SZ,20260814,18.5,16300,301550.0,1.1481683980317126,2.707509527955433,51.88901038819027
300768.SZ,20260814,16.58,64600,1071068.0,0.24183796856105388,5.407278505189504,46.45102781136632
300769.SZ,20260814,46.91,26000,1219660.0,0.535790827261029,1.93599899535827,48.214744963566176
300770.SZ,20260814,34.07,10100,344107.0,0.11754334410813971,6.096681118757538,45.70526006464884
300771.SZ,20260814,11.82,15500,183210.0,-0.08453085376162184,5.036857086953595,44.49281487743027
300772.SZ,20260814,12.4,13200,163680.0,0.0,0.9665666420853991,45.0
300773.SZ,20260814,15.56,81000,1260360.0,0.06430868167202064,3.0628319421364876,45.385852090032124
300774.SZ,20260814,10.85,13200,143220.0,0.09225092250921829,1.9295169098717873,45.55350553505531
300775.SZ,20260814,21.56,18800,405328.0,0.0,1.868739387555918,45.0
300776.SZ,20260814,118.49,45800,5426842.0,1.8830610490111699,6.220482267196552,56.29836629406702
300777.SZ,20260814,24.18,13000,314340.0,0.041373603640870726,1.8943729765253678,45.248241621845224
300778.SZ,20260814,10.76,6900,74244.0,0.0,1.827940309904722,45.0
300779.SZ,20260814,74.1,56500,4186650.0,-0.34965034965035446,2.9439921853937308,42.90209790209787
300780.SZ,20260814,20.23,13800,279174.0,0.0,1.6512239442948975,45.0
300781.SZ,20260814,28.73,110500,3174665.0,-0.17373175816539632,15.163626186633158,43.95760945100762
300782.SZ,20260814,79.3,90900,7208370.0,0.4433185560481334,9.062809499512355,47.6599113362888
300783.SZ,20260814,17.9,108700,1945730.0,-0.7210205213533105,11.319453577862134,40.67387687188014
300784.SZ,20260814,40.88,1400,57232.0,0.09794319294809117,2.265283208909253,45.58765915768855
300785.SZ,20260814,39.58,136900,5418502.0,0.5078720162518868,13.119693309377958,48.04723209751132
300786.SZ,20260814,15.79,34300,541597.0,1.6087516087516018,5.261814514920095,54.65250965250961
300787.SZ,20260814,10.26,117568,1206247.68,0.9842519685039353,9.250517364006877,50.905511811023615
300788.SZ,20260814,26.28,256000,6727680.0,-1.277235161532686,36.75905471157376,37.336589030803886
300789.SZ,20260814,17.83,7400,131942.0,0.0,2.3266592778138477,45.0
300790.SZ,20260814,20.08,547200,10987776.0,0.34982508745624585,14.933229327977276,47.098950524737475
300791.SZ,20260814,18.05,117400,2119070.0,5.370694687682431,14.093224855816059,77.22416812609458
300792.SZ,20260814,24.98,31200,779376.0,-0.08000000000000229,4.918221357096361,44.51999999999999
300793.SZ,20260814,11.2,8800,98560.0,0.08936550491509543,2.0754396190052153,45.536193029490576
300795.SZ,20260814,17.06,453800,7741828.0,2.5856885147324205,8.922463275270497,60.51413108839452
300796.SZ,20260814,6.64,9600,63744.0,0.0,3.4131288197510417,45.0
300797.SZ,20260814,12.89,27100,349319.0,0.0,7.953976120411265,45.0
300798.SZ,20260814,7.62,281900,2148078.0,0.0,13.836313009036347,45.0
300800.SZ,20260814,9.87,18000,177660.0,0.0,7.650811222412821,45.0
300801.SZ,20260814,23.39,12600,294714.0,0.2571795970853108,2.2226210566168887,46.54307758251186
300802.SZ,20260814,22.49,35100,789399.0,0.0,3.6261353903184044,45.0
300803.SZ,20260814,84.0,112100,9416400.0,-0.2138275124732747,8.69778314716946,43.71703492516035
300804.SZ,20260814,43.01,2200,94622.0,0.8440797186400895,2.3266496395183145,50.06447831184054
300805.SZ,20260814,8.41,106000,891460.0,-0.23724792408066353,10.064418101393237,43.57651245551602
300806.SZ,20260814,49.0,284280,13929720.0,2.062070401999594,12.910922260248583,57.37242241199756
300807.SZ,20260814,37.69,3200,120608.0,-0.026525198939009176,3.546463306463648,44.84084880636595
300808.SZ,20260814,19.58,9000,176220.0,-0.5081300813008172,4.19783249200007,41.951219512195095
300809.SZ,20260814,25.55,13800,352590.0,-0.15631105900741904,1.7575145755344586,44.062133645955484
300810.SZ,20260814,,0,0.0,,0.0,0.0
300811.SZ,20260814,75.71,20900,1582339.0,1.2301109774033758,1.5256424986635957,52.38066586442025
300812.SZ,20260814,19.55,7900,154445.0,0.4624871531346386,1.7179210574846853,47.77492291880783
300813.SZ,20260814,20.3,4200,85260.0,0.24691358024691024,0.7998010596269872,46.48148148148146
300814.SZ,20260814,132.6,147500,19558500.0,-4.946236559139794,9.063056679824092,15.322580645161239
300815.SZ,20260814,16.7,19400,323980.0,0.6630500301386233,3.390369475344161,48.97830018083174
300816.SZ,20260814,52.14,13100,683034.0,-0.09580379383022919,9.944231015181167,44.42517723701862
300817.SZ,20260814,15.61,9600,149856.0,0.6447453255963964,7.589564288328689,48.86847195357838
300818.SZ,20260814,21.18,15300,324054.0,0.0,2.9800689836852756,45.0
300819.SZ,20260814,47.65,7500,357375.0,0.42149631190726566,2.794204831423698,47.528977871443594
300820.SZ,20260814,56.0,16500,924000.0,1.43090019923926,4.661017266094192,53.58540119543556
300821.SZ,20260814,16.53,171921,2841854.13,0.5474452554744547,2.8009621239671505,48.28467153284673
300822.SZ,20260814,11.77,17800,209506.0,0.5982905982905962,4.10598159088898,48.58974358974358
300823.SZ,20260814,14.67,13000,190710.0,0.2734107997265811,5.519771231991576,46.64046479835949
300824.SZ,20260814,7.91,21600,170856.0,0.6361323155216203,4.393645384091797,48.81679389312972
300825.SZ,20260814,11.1,68800,763680.0,0.5434782608695787,4.368343495495556,48.260869565217476
300826.SZ,20260814,14.45,7200,104040.0,0.0,1.4827956649077154,45.0
300827.SZ,20260814,27.03,55100,1489353.0,0.11111111111110628,3.7811327583095435,45.666666666666636
300828.SZ,20260814,14.92,539500,8049340.0,-4.542546385156754,18.656738341851117,17.744721689059475
300829.SZ,20260814,14.68,4200,61656.0,-0.8108108108108136,1.0997583139479288,40.135135135135116
300830.SZ,20260814,8.35,28700,239645.0,-0.5952380952381042,3.3640943706205406,41.428571428571374
300831.SZ,20260814,14.86,92700,1377522.0,-1.196808510638292,13.204837316222514,37.81914893617025
300832.SZ,20260814,51.5,288400,14852600.0,3.746978243352128,14.744831150319277,67.48186946011276
300833.SZ,20260814,38.04,4400,167376.0,0.02629503023927615,6.6409803558863905,45.15777018143566
300834.SZ,20260814,39.04,21500,839360.0,-0.1279099513942339,18.470761177638693,44.2325402916346
300835.SZ,20260814,155.54,9500,1477630.0,0.3483870967741831,2.2925150431138634,47.0903225806451
300836.SZ,20260814,50.47,3200,161504.0,0.0,1.4765802922661317,45.0
300837.SZ,20260814,23.06,3600,83016.0,-0.17316017316018062,2.5107359897793953,43.961038961038916
300838.SZ,20260814,13.79,40700,561253.0,0.7304601899196461,11.919235715975075,49.382761139517875
300839.SZ,20260814,10.6,16300,172780.0,-0.18832391713746732,4.41765826833472,43.8700564971752
300840.SZ,20260814,19.98,10600,211788.0,1.0111223458038276,2.6719631560064876,51.06673407482297
300841.SZ,20260814,49.09,8500,417265.0,-0.020366598777998846,2.6164592681070755,44.877800407332
300842.SZ,20260814,62.99,23800,1499162.0,2.20671750770729,4.636381538830269,58.24030504624374
300843.SZ,20260814,123.1,23400,2880540.0,0.2769631801889716,2.971714882625333,46.66177908113383
300844.SZ,20260814,23.54,9600,225984.0,0.08503401360544505,10.919315569971051,45.51020408163267
300845.SZ,20260814,11.54,16000,184640.0,1.6740088105726914,2.8172502483577597,55.04405286343615
300846.SZ,20260814,20.71,387300,8020983.0,0.38778477944740875,6.567472683690626,47.326708676684454
300847.SZ,20260814,14.17,18900,267813.0,-0.8397480755773179,3.4026130785982502,39.961511546536094
300848.SZ,20260814,12.85,700,8995.0,0.9426551453259879,0.2854498050116024,50.65593087195593
300849.SZ,20260814,22.37,6700,149879.0,-0.044682752457547714,2.0948311715613674,44.73190348525471
300850.SZ,20260814,28.48,23600,672128.0,0.9929078014184523,1.7460649900709146,50.95744680851071
300851.SZ,20260814,23.67,5700,134919.0,0.0,6.930528335473754,45.0
300852.SZ,20260814,44.63,79100,3530233.0,1.7787913340935102,12.09979178698674,55.67274800456106
300853.SZ,20260814,27.54,30200,831708.0,0.4010207801677046,5.705576449595835,47.406124681006226
300854.SZ,20260814,17.8,7100,126380.0,0.33821871476888976,0.8993798993642627,47.02931228861334
300855.SZ,20260814,30.62,4500,137790.0,-0.2930641484858332,0.990598035978435,43.241615109085004
300856.SZ,20260814,11.64,151000,1757640.0,-0.9361702127659521,17.588345399156026,39.382978723404285
300857.SZ,20260814,260.0,506800,131768000.0,1.5625,16.922959920658023,54.375
300858.SZ,20260814,15.6,343300,5355480.0,-1.2658227848101333,40.85818309017348,37.4050632911392
300859.SZ,20260814,27.54,400,11016.0,0.0,0.2033679362203002,36.60622851965403
300860.SZ,20260814,27.2,6500,176800.0,1.0025993316004511,5.867453482443822,51.01559598960271
300861.SZ,20260814,17.1,23500,401850.0,0.17574692442883233,2.1688054328264683,46.054481546572994
300862.SZ,20260814,45.0,9831100,442399500.0,14.1842172037554,126.59629374608456,100.0
300863.SZ,20260814,43.47,27800,1208466.0,0.23057412958267243,3.805198979237818,46.38344477749604
300864.SZ,20260814,19.25,5000,96250.0,-0.10378827192526474,6.137168288540753,44.377270368448414
300865.SZ,20260814,24.31,19100,464321.0,1.5031315240083387,4.517468030597657,54.01878914405003
300866.SZ,20260814,118.37,8600,1017982.0,-0.042222597534202766,2.9587215942556497,44.746664414794786
300867.SZ,20260814,16.21,10000,162100.0,0.0,3.400069178004662,45.0
300868.SZ,20260814,87.52,15800,1382816.0,1.1791907514450806,4.982300817139439,52.07514450867048
300869.SZ,20260814,11.52,5100,58752.0,-0.5181347150259086,0.9699719462095955,41.89119170984455
300870.SZ,20260814,224.07,72900,16334703.0,1.0826904858573627,11.340158014231768,51.496142915144176
300871.SZ,20260814,23.19,4700,108993.0,-0.08616975441619878,0.4500244107864253,44.482981473502804
300872.SZ,20260814,15.75,61500,968625.0,-0.1901140684410607,5.388342047793719,43.859315589353635
300873.SZ,20260814,16.66,23900,398174.0,0.42194092827003704,2.510036481170811,47.531645569620224
300875.SZ,20260814,33.7,8500,286450.0,0.0,1.8097465355619937,45.0
300876.SZ,20260814,15.6,5000,78000.0,0.12836970474967568,3.018656481296571,45.77021822849805
300877.SZ,20260814,24.53,2800,68684.0,-0.44642857142856984,2.787235782717052,42.321428571428584
300878.SZ,20260814,35.72,12500,446500.0,0.3652711435796485,2.7702454803167966,47.19162686147789
300879.SZ,20260814,17.27,26700,461109.0,0.40697674418603835,8.789539860883314,47.44186046511623
300880.SZ,20260814,19.96,3200,63872.0,1.0632911392405076,1.4929489036779173,51.37974683544304
300881.SZ,20260814,32.7,400,13080.0,-0.15267175572518665,0.34465627680891586,44.08396946564888
300882.SZ,20260814,15.0,3600,54000.0,0.33444816053511683,2.0440499517538346,47.0066889632107
300883.SZ,20260814,6.14,54700,335858.0,-0.8077544426494443,3.7224958529119863,40.15347334410333
300884.SZ,20260814,12.3,24600,302580.0,0.40816326530612734,2.767752305937494,47.44897959183676
300885.SZ,20260814,20.95,3900,81705.0,0.527831094049902,1.2936568020023718,48.166986564299414
300886.SZ,20260814,24.44,17500,427700.0,0.20500205002049743,11.880710334809638,46.230012300122986
300887.SZ,20260814,7.4,136500,1010100.0,-0.40376850605652326,9.13981803060064,42.57738896366086
300888.SZ,20260814,29.3,8000,234400.0,-0.13633265167006803,2.18385783266777,44.18200408997959
300889.SZ,20260814,21.8,12000,261600.0,0.3221352968246771,3.515018645427154,46.932811780948064
300890.SZ,20260814,26.4,7100,187440.0,-0.03786444528588451,2.1213961715838736,44.77281332828469
300891.SZ,20260814,7.12,6200,44144.0,0.0,1.2523085396157327,45.0
300892.SZ,20260814,24.69,39800,982662.0,-0.24242424242423288,5.907925661961083,43.545454545454604
300893.SZ,20260814,16.27,2000,32540.0,0.43209876543210957,1.4612900056206226,47.59259259259266
300894.SZ,20260814,11.63,8200,95366.0,-0.17167381974249052,1.3165604858274131,43.969957081545054
300895.SZ,20260814,55.01,128438,7065374.38,-0.6322254335260125,10.496144818886735,41.20664739884393
300896.SZ,20260814,103.27,31100,3211697.0,-0.058066389238364824,6.835429432358103,44.65160166456981
300897.SZ,20260814,16.12,11200,180544.0,-0.18575851393187737,2.3859184477108015,43.885448916408734
300898.SZ,20260814,22.0,87000,1914000.0,-1.6540008940545414,13.298198518295239,35.07599463567275
300899.SZ,20260814,28.86,1200,34632.0,-0.4827586206896606,1.9241186539836623,42.103448275862036
300900.SZ,20260814,24.31,51500,1251965.0,0.12355848434923988,4.365329259936027,45.74135090609544
300901.SZ,20260814,15.79,2000,31580.0,0.0,0.440681314534187,45.0
300902.SZ,20260814,16.94,6400,108416.0,0.7733491969066142,1.1537360644420438,49.64009518143968
300903.SZ,20260814,78.22,140000,10950800.0,1.0594315245477937,5.383397300367002,51.35658914728676
300904.SZ,20260814,42.0,1700,71400.0,0.5265677357587428,2.4190708978859354,48.15940641455246
300905.SZ,20260814,38.22,33400,1276548.0,-0.9844559585492241,4.735764467385403,39.093264248704656
300906.SZ,20260814,27.37,1900,52003.0,0.1097293343087058,3.3665903055820157,45.65837600585223
300907.SZ,20260814,50.0,84012,4200600.0,2.8383381324557755,9.158598466744317,62.030028794734655
300908.SZ,20260814,25.06,2900,72674.0,-0.07974481658692412,0.6244156013544718,44.521531100478455
300909.SZ,20260814,52.03,3100,161293.0,0.7357212003872293,0.6862771023408447,49.41432720232338
300910.SZ,20260814,28.26,32730,924949.8,0.0,10.809140696092218,45.0
300911.SZ,20260814,23.0,188300,4330900.0,1.7249004865103945,12.569453623722882,55.34940291906237
300912.SZ,20260814,21.0,23500,493500.0,-0.1901140684410607,4.193226744362755,43.859315589353635
300913.SZ,20260814,35.71,67000,2392570.0,0.0840807174887992,10.069218136240192,45.504484304932795
300915.SZ,20260814,20.61,2800,57708.0,-0.5308880308880326,2.705020572181131,41.814671814671804
300916.SZ,20260814,25.36,31200,791232.0,0.0,7.881081010496001,45.0
300917.SZ,20260814,27.04,62700,1695408.0,0.07401924500369805,10.274696092163818,45.44411547002219
300918.SZ,20260814,10.5,5000,52500.0,-0.4739336492891044,1.2656912591182279,42.15639810426537
300919.SZ,20260814,40.9,28600,1169740.0,0.04892367906066397,3.348557236465085,45.293542074363984
300920.SZ,20260814,34.0,4620,157080.0,0.02942041776992088,2.9294877392517793,45.17652250661953
300921.SZ,20260814,15.55,64700,1006085.0,0.7777057679844601,5.918084420425534,49.66623460790676
300922.SZ,20260814,18.0,23300,419400.0,-0.22172949002217113,5.183135082196066,43.66962305986697
300923.SZ,20260814,23.47,7700,180719.0,0.2991452991452981,7.05561259977984,46.79487179487179
300925.SZ,20260814,15.05,7000,105350.0,0.0,1.0374281424683178,45.0
300926.SZ,20260814,17.87,19300,344891.0,-0.05592841163309936,4.200143153552744,44.6644295302014
300927.SZ,20260814,21.95,10000,219500.0,-0.5887681159420288,5.084194122644076,41.46739130434783
300928.SZ,20260814,25.1,3400,85340.0,0.0,4.490062133484012,45.0
300929.SZ,20260814,13.91,14000,194740.0,-0.7845934379457908,0.9663013472411262,40.292439372325255
300930.SZ,20260814,24.89,11000,273790.0,0.0,9.487615074021521,45.0
300931.SZ,20260814,13.83,59000,815970.0,-0.2883922134102268,4.170569406842903,43.26964671953864
300932.SZ,20260814,10.22,84800,866656.0,0.19607843137257053,4.2339364203619345,46.176470588235425
300933.SZ,20260814,6.66,28600,190476.0,0.15037593984961184,2.581976526951223,45.902255639097675
300935.SZ,20260814,35.01,109300,3826593.0,-0.48322910744741376,16.02277726947488,42.100625355315515
300936.SZ,20260814,77.49,10600,821394.0,0.11627906976743319,2.506370226144426,45.6976744186046
300937.SZ,20260814,31.0,366700,11367700.0,-2.208201892744477,19.517652691915657,31.750788643533138
300938.SZ,20260814,28.67,90000,2580300.0,0.4907115317209998,6.719403456745383,47.944269190326
300939.SZ,20260814,65.4,5300,346620.0,0.030590394616103467,1.7292871068765934,45.18354236769662
300940.SZ,20260814,14.08,5800,81664.0,0.3563791874554578,1.4611082328138125,47.13827512473274
300941.SZ,20260814,14.59,9600,140064.0,-0.4774897680764001,2.405996908128035,42.1350613915416
300942.SZ,20260814,6.87,26800,184116.0,-0.2902757619738683,4.990890586469491,43.25834542815679
300943.SZ,20260814,28.8,108000,3110400.0,1.7667844522968101,8.739037800355257,55.60070671378086
300945.SZ,20260814,11.9,156100,1857590.0,-0.7506255212677226,16.9457049270233,40.49624687239366
300946.SZ,20260814,41.09,1500,61635.0,0.21951219512195141,1.9568313964609187,46.31707317073171
300947.SZ,20260814,14.24,9000,128160.0,-0.6280530355896707,3.5881802721255087,41.23168178646198
300948.SZ,20260814,20.69,15100,312419.0,-0.24108003857279403,4.108385842297323,43.553519768563234
300949.SZ,20260814,21.98,6100,134078.0,-0.27223230490017736,7.313449006334794,43.366606170598935
300950.SZ,20260814,16.7,2700,45090.0,-0.4174120453190211,1.9122252332722671,42.495527728085875
300951.SZ,20260814,70.5,15300,1078650.0,-0.12749681257968604,1.7322463731364373,44.235019124521884
300952.SZ,20260814,17.23,1500,25845.0,0.7013442431326844,0.5017722062362242,49.208065458796106
300953.SZ,20260814,105.06,29840,3134990.4,0.67075507857417,3.111642181471601,49.02453047144502
300955.SZ,20260814,32.3,4300,138890.0,2.637432475373358,3.3805569291588267,60.824594852240146
300956.SZ,20260814,11.44,187100,2140424.0,-0.521739130434784,16.67141966076884,41.8695652173913
300957.SZ,20260814,33.4,38300,1279220.0,-0.05984440454818163,5.7573524102835645,44.64093357271091
300958.SZ,20260814,11.53,20000,230600.0,0.0,10.598922301948036,45.0
300959.SZ,20260814,100.02,71700,7171434.0,-0.576540755467192,17.775012951026714,41.540755467196846
300960.SZ,20260814,16.33,14000,228620.0,1.239925604463732,13.601020938725927,52.43955362678239
300961.SZ,20260814,11.82,3700,43734.0,0.4248088360238045,0.8078197400052245,47.54885301614283
300962.SZ,20260814,13.26,5400,71604.0,0.22675736961450532,2.4553691293809172,46.360544217687035
300963.SZ,20260814,11.97,3200,38304.0,0.5037783375314797,0.4675664757912953,48.02267002518888
300964.SZ,20260814,57.4,30500,1750700.0,0.7901668129938422,9.1945782579801,49.74100087796305
300965.SZ,20260814,43.78,4500,197010.0,0.18306636155605016,7.125988990044985,46.0983981693363
300966.SZ,20260814,26.83,4100,110003.0,0.4492699363534136,1.9335908380476694,47.69561961812048
300967.SZ,20260814,16.32,63000,1028160.0,0.7407407407407529,17.08211901081213,49.444444444444514
300968.SZ,20260814,10.81,111300,1203153.0,0.09259259259259967,6.579393669562507,45.5555555555556
300969.SZ,20260814,77.88,4000,311520.0,0.41258380608559797,2.211979058508619,47.475502836513584
300970.SZ,20260814,17.28,6800,117504.0,-0.05783689994215413,2.5145051675676933,44.652978600347076
300971.SZ,20260814,18.81,2500,47025.0,-0.10621348911311612,1.8294881273126102,44.3627190653213
300972.SZ,20260814,197.02,3700,728974.0,-0.8554750402576472,2.40408754405731,39.86714975845412
300973.SZ,20260814,25.68,3900,100152.0,0.038955979742882896,0.7612831057751444,45.233735878457296
300975.SZ,20260814,27.51,343652,9453866.52,3.110944527736148,5.838593907518907,63.66566716641689
300976.SZ,20260814,56.9,10800,614520.0,1.11960191931757,2.42782894121306,51.71761151590542
300977.SZ,20260814,16.03,4700,75341.0,1.1356466876971671,3.5736915213404266,51.813880126183
300978.SZ,20260814,8.63,3000,25890.0,-0.23121387283236983,0.8337406427953642,43.61271676300578
300979.SZ,20260814,34.77,10600,368562.0,-0.22955523672882894,2.358010613606268,43.622668579627025
300980.SZ,20260814,22.41,7000,156870.0,0.44822949350067365,2.5864229136328643,47.689376961004044
300981.SZ,20260814,15.6,345800,5394480.0,-0.31948881789137795,22.181463758351835,43.08306709265173
300982.SZ,20260814,15.6,1000,15600.0,0.12836970474967568,0.49466010233939145,45.77021822849805
300983.SZ,20260814,38.38,20000,767600.0,0.0,7.7688859533610595,45.0
300984.SZ,20260814,33.87,1500,50805.0,0.059084194977820914,0.8167330043319948,45.354505169866925
300985.SZ,20260814,35.57,17000,604690.0,0.05625879043600346,1.063744680301102,45.33755274261602
300986.SZ,20260814,13.95,650200,9070290.0,-3.3264033264033266,8.937636328182688,25.04158004158004
300987.SZ,20260814,13.6,18600,252960.0,0.22107590272659738,5.112112408270563,46.326455416359586
300988.SZ,20260814,14.85,7600,112860.0,1.0204081632653184,2.9330318062288314,51.12244897959191
300989.SZ,20260814,13.97,12400,173228.0,-0.4985754985754931,2.1541987532630804,42.00854700854704
300990.SZ,20260814,74.61,17600,1313136.0,1.9958988380040843,3.159197974079084,56.975393028024506
300991.SZ,20260814,28.57,9400,268558.0,0.2104524728165469,4.616233459254518,46.26271483689928
300992.SZ,20260814,24.74,500,12370.0,0.20251113811258215,0.30517080135295366,46.21506682867549
300993.SZ,20260814,10.08,2800,28224.0,0.5988023952095967,1.5716091130164247,48.59281437125758
300994.SZ,20260814,11.26,4600,51796.0,0.4460303300624302,3.121489559679293,47.67618198037458
300995.SZ,20260814,26.5,2000,53000.0,0.15117157974300355,2.010593628148068,45.90702947845802
300996.SZ,20260814,17.5,2213600,38738000.0,-1.1299435028248594,24.80636065637129,38.220338983050844
300997.SZ,20260814,18.24,105600,1926144.0,-1.7770597738287708,5.15148767639098,34.33764135702738
300998.SZ,20260814,25.95,900,23355.0,0.4645760743321681,0.29681305135597813,47.78745644599301
300999.SZ,20260814,25.21,57300,1444533.0,-0.2768987341772111,5.712297908046263,43.33860759493673
301000.SZ,20260814,25.9,11300,292670.0,0.3875968992248069,4.07723001353243,47.32558139534884
301001.SZ,20260814,23.89,2000,47780.0,-0.12541806020067714,1.8811553596836155,44.247491638795935
301002.SZ,20260814,29.19,15200,443688.0,0.034270047978068874,3.2400063631152176,45.20562028786841
301003.SZ,20260814,52.4,23700,1241880.0,1.158301158301156,7.4285123450850366,51.949806949806934
301004.SZ,20260814,34.57,700,24199.0,0.49418604651163545,1.622489611513941,47.96511627906981
301005.SZ,20260814,83.54,31300,2614802.0,0.3724618526973478,2.8540914819384136,47.234771116184085
301006.SZ,20260814,13.45,15900,213855.0,0.0,14.24336036819994,45.0
301007.SZ,20260814,28.65,12600,360990.0,-0.17421602787456303,4.3082368314011905,43.95470383275262
301008.SZ,20260814,40.06,67200,2692032.0,-2.790584809512253,4.777113662148499,28.256491142926482
301009.SZ,20260814,9.14,1500,13710.0,-0.32715376226826187,0.6536506433006265,43.037077426390425
301010.SZ,20260814,17.36,4100,71176.0,0.6376811594202891,3.4988897356675714,48.826086956521735
301011.SZ,20260814,15.1,3300,49830.0,0.1990710019907027,1.9507788317124997,46.194426011944216
301012.SZ,20260814,26.42,90100,2380442.0,0.3418154196733969,7.829117701037976,47.050892518040385
301013.SZ,20260814,44.45,193004,8579027.8,1.996328591096841,4.540900997533669,56.977971546581045
301015.SZ,20260814,25.03,66100,1654483.0,-0.6746031746031722,2.3697538085929915,40.95238095238096
301016.SZ,20260814,12.65,18900,239085.0,-0.07898894154818592,7.593375498879387,44.526066350710884
301017.SZ,20260814,13.95,51500,718425.0,-0.2859185132237374,2.9521899161669274,43.28448892065757
301018.SZ,20260814,91.09,63400,5775106.0,1.2111111111111184,4.274081579444336,52.26666666666671
301019.SZ,20260814,15.1,7800,117780.0,0.13262599469496816,6.1103042456718075,45.79575596816981
301020.SZ,20260814,20.64,3600,74304.0,0.19417475728154,1.8037689069654186,46.16504854368924
301021.SZ,20260814,71.56,46400,3320384.0,1.3167209401104385,4.930532663690282,52.90032564066263
301022.SZ,20260814,23.13,1200,27756.0,0.0,1.16244444641303,45.0
301023.SZ,20260814,29.76,9500,282720.0,0.03361344537815558,8.673005271460703,45.201680672268935
301024.SZ,20260814,32.39,500,16195.0,0.27863777089784936,0.7878911804302913,46.6718266253871
301025.SZ,20260814,9.44,1086400,10255616.0,-3.2786885245901676,30.673843603170308,25.327868852458995
301026.SZ,20260814,21.49,85000,1826650.0,-0.27842227378190865,10.265691028976578,43.32946635730855
301027.SZ,20260814,21.2,13960,295952.0,0.952380952380949,1.7672364086202548,50.714285714285694
301028.SZ,20260814,12.99,10300,133797.0,0.07704160246533309,2.524992417771251,45.462249614792
301029.SZ,20260814,26.98,14400,388512.0,0.29739776951673846,2.193920115391994,46.78438661710043
301030.SZ,20260814,8.55,94400,807120.0,0.11709601873537423,9.325542975557168,45.702576112412245
301031.SZ,20260814,90.12,10100,910212.0,0.3451731433025351,6.366135153127355,47.07103885981521
301032.SZ,20260814,9.98,10100,100798.0,0.503524672708977,4.131312775272619,48.02114803625386
301033.SZ,20260814,59.04,5500,324720.0,-1.1386470194239773,2.946691687884363,38.168117883456134
301035.SZ,20260814,51.18,1100,56298.0,0.0,1.5115402968395149,45.0
301036.SZ,20260814,22.04,1900,41876.0,0.045392646391273495,3.452922694817933,45.27235587834764
301037.SZ,20260814,13.0,12500,162500.0,0.0,8.253726425548493,45.0
301038.SZ,20260814,16.4,1300,21320.0,-0.1825928180158365,0.6199655138134497,43.90444309190498
301039.SZ,20260814,7.87,3300,25971.0,0.6393861892583175,0.25927937041278315,48.836317135549905
301040.SZ,20260814,27.83,3000,83490.0,-0.2508960573476715,1.4426986832303015,43.49462365591397
301041.SZ,20260814,24.96,13100,326976.0,0.7263922518159882,3.027342352727889,49.35835351089593
301042.SZ,20260814,33.89,34700,1175983.0,0.02951593860684998,4.631109077567669,45.1770956316411
301043.SZ,20260814,44.92,5800,260536.0,1.8363182951711687,3.534795675456925,56.017909771027014
301045.SZ,20260814,67.34,10300,693602.0,0.34272090597526894,2.1957809822544747,47.05632543585161
301046.SZ,20260814,20.04,7400,148296.0,0.6529382219989888,3.8290141314959456,48.917629331993936
301047.SZ,20260814,120.0,186000,22320000.0,0.0,12.24222872355443,45.0
301048.SZ,20260814,9.08,2500,22700.0,0.0,1.094059509796795,45.0
301049.SZ,20260814,19.51,4100,79991.0,0.0,3.4610475603806714,45.0
301050.SZ,20260814,31.72,5900,187148.0,0.2211690363349117,2.3094383211441007,46.32701421800947
301051.SZ,20260814,21.74,194420,4226690.8,1.5413358243811182,8.831305934668544,54.24801494628671
301052.SZ,20260814,24.37,122100,2975577.0,-0.7331975560081472,21.048248361007783,40.60081466395112
301053.SZ,20260814,40.4,15500,626200.0,0.024758603614749575,1.7866545385984929,45.1485516216885
301055.SZ,20260814,30.35,700,21245.0,0.0,0.3036822223483614,45.0
301056.SZ,20260814,10.75,14900,160175.0,0.655430711610494,3.6633131562504473,48.93258426966297
301057.SZ,20260814,21.43,5000,107150.0,0.327715355805247,3.9103010869797665,46.966292134831484
301058.SZ,20260814,8.37,6000,50220.0,0.11961722488038617,1.8537257562237681,45.71770334928232
301059.SZ,20260814,11.4,9300,106020.0,0.4405286343612369,5.636714095541453,47.64317180616742
301060.SZ,20260814,11.89,1032800,12279992.0,-0.58528428093646,13.178387824150107,41.48829431438124
301061.SZ,20260814,35.0,19200,672000.0,-0.22805017103761926,9.572086564879966,43.631698973774284
301062.SZ,20260814,6.96,6900,48024.0,0.0,1.0059739708960747,45.0
301063.SZ,20260814,17.73,800,14184.0,0.11293054771315258,0.7384680263688377,45.67758328627892
301065.SZ,20260814,18.87,8600,162282.0,0.21242697822625445,3.9150549691985135,46.27456186935753
301066.SZ,20260814,12.24,3800,46512.0,-0.4878048780487809,1.3025936504188655,42.073170731707314
301067.SZ,20260814,31.7,4700,148990.0,0.03155569580308715,1.9105496282865984,45.189334174818526
301068.SZ,20260814,28.88,2800,80864.0,-0.24179620034542326,2.8352169085739245,43.54922279792746
301069.SZ,20260814,16.85,15500,261175.0,0.0,3.5073794330611503,45.0
301070.SZ,20260814,65.44,2200,143968.0,0.5995388162951532,0.7624350889761976,48.59723289777092
301071.SZ,20260814,59.99,42200,2531578.0,1.6435106743476702,4.289760790829706,54.86106404608602
301072.SZ,20260814,35.35,1400,49490.0,-0.8136924803591405,0.2984414416069965,40.11784511784516
301073.SZ,20260814,18.3,4500,82350.0,-0.32679738562090277,0.9876207777564667,43.03921568627458
301075.SZ,20260814,55.2,300,16560.0,-0.01811266074985829,0.3061532533303364,44.89132403550085
301076.SZ,20260814,22.25,16600,369350.0,-0.6696428571428492,5.893589376088617,40.982142857142904
301077.SZ,20260814,23.19,233700,5419503.0,-5.770012190166596,22.129221085581577,15.0
301078.SZ,20260814,7.34,38500,282590.0,-0.5420054200542035,2.6339054190257163,41.74796747967478
301079.SZ,20260814,29.21,8200,239522.0,0.0,3.214655639136328,45.0
301080.SZ,20260814,87.0,325700,28335900.0,-1.371726561614317,15.079590843367388,36.7696406303141
301081.SZ,20260814,12.2,4700,57340.0,0.16420361247946325,1.1387640156449572,45.98522167487678
301082.SZ,20260814,10.53,112700,1186731.0,-0.28409090909091717,8.424170395178816,43.2954545454545
301083.SZ,20260814,13.83,9400,130002.0,0.0,6.680856931084578,45.0
301085.SZ,20260814,62.7,54400,3410880.0,-0.23866348448686736,11.181836386161033,43.568019093078796
301086.SZ,20260814,119.0,7900,940100.0,1.078739488660485,2.8808023135530267,51.47243693196291
301087.SZ,20260814,49.73,7700,382921.0,-0.5400000000000071,4.130352932387378,41.759999999999955
301088.SZ,20260814,12.68,600,7608.0,-0.47095761381475976,0.28589675587224156,42.17425431711144
301089.SZ,20260814,25.94,46500,1206210.0,-0.038535645472048685,11.076124599994694,44.76878612716771
301090.SZ,20260814,6.44,6200,39928.0,0.0,1.2051114981665574,45.0
301091.SZ,20260814,19.34,18000,348120.0,0.7291666666666696,2.785406708821013,49.375000000000014
301092.SZ,20260814,45.79,4600,210634.0,0.438692695766596,1.7958488479752583,47.63215617459957
301093.SZ,20260814,81.29,29200,2373668.0,-0.25766871165643357,6.759289084237773,43.4539877300614
301095.SZ,20260814,74.98,23500,1762030.0,1.8750000000000044,4.877511015461251,56.25000000000003
301096.SZ,20260814,49.2,16100,792120.0,-0.32414910858994395,3.6456916876521,43.05510534846034
301097.SZ,20260814,35.49,2000,70980.0,2.2766570605187386,3.230253494406928,58.659942363112435
301098.SZ,20260814,8.82,7400,65268.0,0.34129692832765013,1.126780374559195,47.0477815699659
301099.SZ,20260814,50.84,50800,2582672.0,1.4365522745411141,7.687512383348386,53.619313647246685
301100.SZ,20260814,15.93,3400,54162.0,-0.4375000000000018,2.4907827483453295,42.374999999999986
301101.SZ,20260814,29.69,6400,190016.0,0.7465218866644197,4.888466194855964,49.47913131998652
301102.SZ,20260814,9.83,3300,32439.0,0.5112474437627856,1.8907236454928429,48.06748466257672
301103.SZ,20260814,17.45,12300,214635.0,-0.6264236902050135,4.610826025739242,41.24145785876992
301105.SZ,20260814,47.89,1600,76624.0,0.25120368432069995,3.483604513377357,46.5072221059242
301106.SZ,20260814,17.1,5400,92340.0,0.41103934233706063,3.4170814277226675,47.46623605402236
301107.SZ,20260814,21.06,3100,65286.0,-0.18957345971565287,1.2208956924993666,43.86255924170608
301108.SZ,20260814,36.8,1800,66240.0,0.0,1.2361053930195585,45.0
301109.SZ,20260814,13.67,10500,143535.0,0.36710719530104186,3.7537787702909315,47.20264317180625
301110.SZ,20260814,37.12,12100,449152.0,-0.42918454935623185,3.470740467082743,42.42489270386261
301111.SZ,20260814,20.5,48800,1000400.0,0.8362026561731462,11.578880335234743,50.01721593703888
301112.SZ,20260814,31.98,1800,57564.0,0.9469696969697017,1.8398400741612417,50.68181818181821
301113.SZ,20260814,16.22,6100,98942.0,0.3712871287128605,6.301345638470902,47.22772277227716
301115.SZ,20260814,30.15,19200,578880.0,0.0,2.089497530171363,45.0
301116.SZ,20260814,9.09,25400,230886.0,0.0,1.4097572431346992,45.0
301117.SZ,20260814,20.41,65480,1336446.8,0.7901234567901261,6.274081130449605,49.740740740740755
301118.SZ,20260814,22.0,9100,200200.0,-0.045433893684698745,3.159716981460581,44.72739663789181
301119.SZ,20260814,21.68,9800,212464.0,0.0,4.813324108302926,45.0
301120.SZ,20260814,16.16,349200,5643072.0,-0.3084515731030302,22.479256112251036,43.14929056138182
301121.SZ,20260814,36.92,4900,180908.0,1.5401540154015514,3.7612584623429517,54.24092409240931
301122.SZ,20260814,34.63,16700,578321.0,-1.7867271695972686,3.9628206626543467,34.27963698241639
301123.SZ,20260814,75.0,238800,17910000.0,4.137739516800898,14.410176806332537,69.82643710080538
301125.SZ,20260814,13.38,10600,141828.0,0.0,2.6195485701518053,45.0
301126.SZ,20260814,10.16,19800,201168.0,0.994035785288272,3.4471325984725136,50.96421471172963
301127.SZ,20260814,15.16,143901,2181539.16,-0.8502289077828573,4.942474279579905,39.898626553302854
301128.SZ,20260814,112.88,13600,1535168.0,1.0564010743061791,2.7281412969265864,51.33840644583707
301129.SZ,20260814,22.5,75800,1705500.0,-2.765773552290407,14.029527779058387,28.405358686257557
301130.SZ,20260814,25.71,10600,272526.0,0.0,0.8532483687222351,45.0
301131.SZ,20260814,33.72,9100,306852.0,0.5666567253205912,12.136267857947415,48.39994035192355
301132.SZ,20260814,34.73,16900,586937.0,1.4607069821793717,3.9797178662636674,53.76424189307623
301133.SZ,20260814,28.2,8100,228420.0,0.49893086243764095,4.065863242264426,47.99358517462585
301135.SZ,20260814,16.52,1300,21476.0,0.06056935190792423,1.0877908890280015,45.36341611144755
301136.SZ,20260814,11.65,6200,72230.0,0.4310344827586299,1.7516041922583847,47.58620689655178
301137.SZ,20260814,34.28,9500,325660.0,0.08759124087591719,2.2566912901310427,45.525547445255505
301138.SZ,20260814,26.88,2800,75264.0,-0.3706449221645758,4.19147087135469,42.77613046701254
301139.SZ,20260814,3.96,334700,1325412.0,-2.463054187192115,15.032122057666383,30.22167487684731
301141.SZ,20260814,41.79,15000,626850.0,-0.2625298329355541,2.879204658194891,43.42482100238668
301148.SZ,20260814,55.38,25700,1423266.0,-0.9125067096081518,9.226975139050504,39.524959742351086
301149.SZ,20260814,7.95,75600,601020.0,1.1450381679389388,13.08367767041068,51.87022900763363
301150.SZ,20260814,39.62,197500,7824950.0,1.5897435897435752,8.874862618922625,54.53846153846145
301151.SZ,20260814,16.96,18800,318848.0,-0.29394473838918467,7.518739029440113,43.23633156966489
301152.SZ,20260814,20.03,8200,164246.0,0.4010025062656686,2.65051645963395,47.40601503759401
301153.SZ,20260814,17.36,8000,138880.0,-0.8000000000000007,2.4489245006798512,40.199999999999996
301155.SZ,20260814,46.9,7700,361130.0,-0.14903129657227732,2.1169593786549994,44.105812220566335
301156.SZ,20260814,11.4,21100,240540.0,-0.6968641114982632,6.5987763936173245,40.81881533101042
301157.SZ,20260814,60.86,3400,206924.0,0.3959089409435901,3.3050209424420776,47.37545364566154
301158.SZ,20260814,15.38,220800,3395904.0,2.807486631016043,9.5102244075052,61.844919786096256
301159.SZ,20260814,33.94,7100,240974.0,0.08846947803007321,2.489382127791889,45.53081686818044
301160.SZ,20260814,,0,0.0,,0.0,0.0
301161.SZ,20260814,27.41,10400,285064.0,0.5502567865003583,3.3563574698262735,48.30154071900215
301162.SZ,20260814,40.43,2900,117247.0,-0.6389776357827448,1.3708867809990382,41.166134185303534
301163.SZ,20260814,22.93,4500,103185.0,-0.3043478260869592,3.222079585753598,43.173913043478244
301165.SZ,20260814,143.08,738265,105630956.2,-0.15352407536636248,23.022050521879827,44.07885554780182
301166.SZ,20260814,28.94,13200,382008.0,-0.4814305364511551,3.15172339547475,42.11141678129307
301167.SZ,20260814,13.75,11500,158125.0,0.0,6.893118892680314,45.0
301168.SZ,20260814,41.22,3800,156636.0,-1.008645533141217,3.1416152177082934,38.948126801152696
301169.SZ,20260814,53.68,4100,220088.0,1.7823284034887976,4.1713869197044335,55.693970420932786
301170.SZ,20260814,,0,0.0,,0.0,0.0
301171.SZ,20260814,36.83,1679620,61860404.6,-1.5240641711229963,16.796387568767017,35.85561497326202
301172.SZ,20260814,18.23,46800,853164.0,1.2777777777777777,10.887410710930997,52.666666666666664
301173.SZ,20260814,31.9,400,12760.0,0.3144654088050203,0.4523351162285007,46.88679245283012
301175.SZ,20260814,5.46,34100,186186.0,0.0,3.4083476380589848,45.0
301176.SZ,20260814,47.77,37100,1772267.0,0.0,5.721310983550289,45.0
301177.SZ,20260814,22.97,2600,59722.0,-0.13043478260870156,4.278696594473602,44.21739130434779
301178.SZ,20260814,36.21,3200,115872.0,0.027624309392249025,1.8809758078869177,45.165745856353496
301179.SZ,20260814,20.48,63000,1290240.0,0.39215686274509665,14.144827935508951,47.35294117647058
301180.SZ,20260814,11.71,2700,31617.0,0.5150214592274827,0.940462747953318,48.090128755364894
301181.SZ,20260814,23.5,2500,58750.0,4.212860310421274,0.6431092099615773,70.27716186252763
301182.SZ,20260814,70.01,6000,420060.0,0.014285714285722229,2.386847573362505,45.08571428571433
301183.SZ,20260814,198.51,26200,5200962.0,0.8023155435941565,3.957881039431455,49.81389326156494
301185.SZ,20260814,16.5,900,14850.0,0.2430133657351119,0.46328838998140387,46.45808019441067
301186.SZ,20260814,,0,0.0,,0.0,0.0
301187.SZ,20260814,15.45,13300,205485.0,0.4551365409622754,6.337236195785457,47.73081924577365
301188.SZ,20260814,41.9,469700,19680430.0,-1.4117647058823568,16.00804918221356,36.529411764705856
301189.SZ,20260814,50.49,10700,540243.0,0.0,2.730263355618464,45.0
301190.SZ,20260814,18.39,10400,191256.0,-0.21703743895821193,1.5080411191520113,43.69777536625073
301191.SZ,20260814,96.1,61300,5890930.0,-0.010404744563530244,9.035801382947653,44.93757153261882
301192.SZ,20260814,19.7,3200,63040.0,0.5102040816326481,3.217261998782197,48.06122448979589
301193.SZ,20260814,18.3,800,14640.0,-0.32679738562090277,0.4646389573111806,43.03921568627458
301195.SZ,20260814,26.8,9800,262640.0,0.0,6.350109539450001,45.0
301196.SZ,20260814,85.69,8760,750644.4,-0.011668611435244891,1.3601700153948055,44.92998833138853
301197.SZ,20260814,24.61,5800,142738.0,-0.6058158319870888,3.442932573695118,41.365105008077464
301198.SZ,20260814,12.53,13100,164143.0,-0.31821797931583795,5.475257052099094,43.090692124104976
301199.SZ,20260814,18.33,1500,27495.0,-0.21774632553077655,1.4642773928626815,43.69352204681534
301200.SZ,20260814,290.0,12200,3538000.0,1.0241761304256913,5.77934989423597,51.14505678255415
301201.SZ,20260814,37.69,240100,9049369.0,0.2927088877062278,20.080376257048574,46.75625332623737
301202.SZ,20260814,33.79,2900,97991.0,0.8355714712026341,1.3112913895803577,50.013428827215805
301203.SZ,20260814,33.7,7400,249380.0,0.5669949268875207,6.524232180308242,48.401969561325124
301205.SZ,20260814,292.0,31100,9081200.0,-0.5110732538330498,3.8397705142525806,41.9335604770017
301206.SZ,20260814,24.18,4400,106392.0,0.8340283569641338,4.556250174244708,50.004170141784805
301207.SZ,20260814,18.1,30700,555670.0,-0.2754820936638924,5.590648489522712,43.34710743801664
301208.SZ,20260814,29.2,7400,216080.0,-0.34129692832765013,6.3151685914218,42.9522184300341
301209.SZ,20260814,56.86,178140,10129040.4,0.7441530829199072,24.270535530194994,49.46491849751944
301210.SZ,20260814,24.39,4000,97560.0,0.6188118811881305,1.1105686766559475,48.712871287128785
301211.SZ,20260814,11.8,23300,274940.0,-0.5059021922428242,1.8187119179161373,41.96458684654306
301212.SZ,20260814,22.61,2100,47481.0,-0.8333333333333415,1.9855241278127056,39.99999999999995
301213.SZ,20260814,44.01,900,39609.0,-0.42986425339367473,0.8768748906096692,42.420814479637954
301215.SZ,20260814,5.22,26000,135720.0,0.38461538461538325,4.045855171620633,47.3076923076923
301216.SZ,20260814,16.68,19700,328596.0,0.18018018018017834,3.004668195835113,46.08108108108107
301217.SZ,20260814,119.47,579000,69173130.0,0.20129162123625477,13.127968464635018,46.20774972741753
301218.SZ,20260814,47.3,24600,1163580.0,0.0,3.2475814756928543,45.0
301219.SZ,20260814,48.5,33900,1644150.0,0.3932933140136541,4.843388456008296,47.359759884081924
301220.SZ,20260814,27.93,2100,58653.0,0.03581661891116639,2.4461972974042907,45.214899713467
301221.SZ,20260814,28.7,1700,48790.0,-0.692041522491349,1.3311359086898062,40.84775086505191
301222.SZ,20260814,24.67,3700,91279.0,0.4887983706721055,2.359518621081384,47.93279022403263
301223.SZ,20260814,16.6,300,4980.0,-0.7177033492822837,0.4903188125778,40.6937799043063
301225.SZ,20260814,64.14,22700,1455978.0,0.9760705289672433,7.374880996823266,50.856423173803464
301226.SZ,20260814,29.6,1000,29600.0,0.0,0.40100511851671394,45.0
301227.SZ,20260814,25.65,4300,110295.0,0.35211267605632646,1.9153016201432127,47.11267605633796
301228.SZ,20260814,64.03,12000,768360.0,-1.294897487282265,3.071995765702666,37.23061507630641
301229.SZ,20260814,12.17,3700,45029.0,-0.40916530278233276,1.527928258508449,42.545008183306
301230.SZ,20260814,38.71,483480,18715510.8,-0.8960573476702538,18.077761321571828,39.623655913978475
301231.SZ,20260814,27.23,63400,1726382.0,0.03673769287289019,17.603984288166,45.22042615723734
301232.SZ,20260814,112.96,8900,1005344.0,0.3197158081705176,3.05775939453085,46.918294849023106
301233.SZ,20260814,34.12,3800,129656.0,1.2162563037674268,5.7128703501403155,52.29753782260456
301234.SZ,20260814,88.02,58400,5140368.0,-2.8691238137276587,17.18377843059169,27.785257117634046
301235.SZ,20260814,45.53,41400,1884942.0,0.0,3.704461156808975,45.0
301236.SZ,20260814,39.33,57900,2277207.0,-0.10160020320040264,2.4599969883215396,44.39039878079758
301237.SZ,20260814,53.66,13700,735142.0,0.037285607755399575,11.996726472789934,45.223713646532396
301238.SZ,20260814,16.48,36100,594928.0,0.3654080389768444,4.471515707206036,47.192448233861064
301239.SZ,20260814,36.7,31400,1152380.0,0.0,8.721288969050722,45.0
301246.SZ,20260814,21.38,26500,566570.0,0.6591337099811634,3.4283806458823163,48.95480225988698
301248.SZ,20260814,65.29,131600,8592164.0,0.9743272502319877,16.835938280147644,50.84596350139193
301251.SZ,20260814,43.6,52900,2306440.0,0.04589261128959965,4.4927968808870204,45.2753556677376
301252.SZ,20260814,33.68,2500,84200.0,0.868523510032948,1.0814832114892732,50.21114106019769
301255.SZ,20260814,20.71,3600,74556.0,-0.3848003848003767,3.2550025045785205,42.69119769119774
301256.SZ,20260814,10.5,27700,290850.0,-1.1299435028248483,3.649759419654737,38.22033898305091
301257.SZ,20260814,51.79,75700,3920503.0,-1.91287878787878,12.427694485409251,33.52272727272732
301258.SZ,20260814,26.52,3300,87516.0,1.1441647597254079,2.8540309714343186,51.86498855835245
301259.SZ,20260814,24.81,35200,873312.0,0.44534412955465896,7.350823380207563,47.672064777327954
301260.SZ,20260814,14.0,300,4200.0,0.14306151645206988,0.1824504145233887,33.69944371292239
301261.SZ,20260814,59.3,900,53370.0,0.6278635669438204,0.6127450713063162,48.767181401662924
301262.SZ,20260814,19.95,103700,2068815.0,0.2512562814070307,13.925345678318013,46.507537688442184
301263.SZ,20260814,20.58,8700,179046.0,0.0,2.0481776280012816,45.0
301265.SZ,20260814,20.04,7200,144288.0,0.4511278195488799,1.298388083957621,47.70676691729328
301266.SZ,20260814,21.5,1200,25800.0,-0.23201856148492572,0.5151416462621988,43.60788863109045
301267.SZ,20260814,16.46,17300,284758.0,-0.1819284414796729,3.3449394616532446,43.90842935112196
301268.SZ,20260814,13.7,16500,226050.0,1.9345238095238138,4.4307263337935785,56.60714285714288
301269.SZ,20260814,96.99,29500,2861205.0,1.3056193858366427,5.19579666593128,52.833716315019856
301270.SZ,20260814,34.03,26300,894989.0,-0.7871720116617964,4.8856045615276305,40.27696793002922
301272.SZ,20260814,33.78,800,27024.0,0.05924170616113944,1.69438751690845,45.35545023696684
301273.SZ,20260814,41.0,33700,1381700.0,-0.9183180280328718,7.165746119526197,39.49009183180277
301275.SZ,20260814,43.08,11700,504036.0,0.16275284817484081,2.394090471379357,45.97651708904905
301276.SZ,20260814,20.8,6457,134305.6,0.38610038610038533,4.109622980046635,47.316602316602314
301277.SZ,20260814,10.85,23900,259315.0,-0.5499541704858002,3.386369422870387,41.7002749770852
301278.SZ,20260814,27.37,1700,46529.0,-0.21873860736419948,1.9094785527975497,43.687568355814804
301279.SZ,20260814,20.5,10700,219350.0,-1.3949013949013933,7.12833134729551,36.63059163059164
301280.SZ,20260814,40.73,11400,464322.0,0.41913214990136893,8.402456802929802,47.514792899408214
301281.SZ,20260814,44.4,3500,155400.0,-0.582176444245408,1.3011601599643488,41.50694133452755
301282.SZ,20260814,27.87,107500,2996025.0,-0.32188841201716833,4.692508124065533,43.068669527896986
301283.SZ,20260814,25.7,1900,48830.0,0.1558846453624252,2.5174513706514547,45.93530787217455
301285.SZ,20260814,80.52,5000,402600.0,1.3722774770237756,2.9538039986508418,53.23366486214265
301286.SZ,20260814,42.26,5700,240882.0,0.42775665399239493,5.172701470733185,47.566539923954366
301287.SZ,20260814,37.27,67300,2508271.0,-0.26759432700025343,18.944044832281143,43.39443403799848
301288.SZ,20260814,16.66,3100,51646.0,-0.11990407673860837,2.0401841328634527,44.280575539568346
301289.SZ,20260814,43.99,1200,52788.0,0.9639660316731691,3.1985802598474056,50.78379619003901
301290.SZ,20260814,29.05,6800,197540.0,0.1033769813921559,3.1537180903589874,45.620261888352935
301291.SZ,20260814,41.1,67600,2778360.0,0.048685491723476915,6.591505338887465,45.292112950340865
301292.SZ,20260814,68.13,37800,2575314.0,0.014679976512033122,2.7360022213462685,45.088079859072195
301293.SZ,20260814,58.5,62800,3673800.0,-0.9146341463414642,5.236922065026845,39.512195121951216
301295.SZ,20260814,46.6,6900,321540.0,0.02146383344063807,3.1425356892600287,45.12878300064383
301296.SZ,20260814,6.35,1300,8255.0,0.0,0.5772825370389161,45.0
301297.SZ,20260814,35.01,52600,1841526.0,1.3607411696583638,3.862365762061175,53.16444701795018
301298.SZ,20260814,12.48,9600,119808.0,-0.15999999999999348,6.329543457904272,44.04000000000004
301299.SZ,20260814,44.19,2200,97218.0,-0.11301989150090952,1.9264128062600152,44.321880650994544
301300.SZ,20260814,31.07,300,9321.0,0.03219575016097931,0.6101379572520708,45.193174500965874
301301.SZ,20260814,8.9,44300,394270.0,-0.6696428571428603,3.6748420142897373,40.98214285714284
301302.SZ,20260814,23.86,25200,601272.0,0.0838926174496546,5.8944873939565605,45.503355704697924
301303.SZ,20260814,14.42,8500,122570.0,-0.6202618883528577,2.5204007699196156,41.27842866988286
301305.SZ,20260814,23.87,23800,568106.0,0.16785564414605325,3.222498793391011,46.00713386487632
301306.SZ,20260814,95.75,6400,612800.0,-0.26041666666666297,4.005719522431684,43.43750000000002
301307.SZ,20260814,52.77,6700,353559.0,0.7061068702290063,0.950668771360281,49.236641221374036
301308.SZ,20260814,408.11,260707,106397133.77,2.7984886649874197,17.001285675066697,61.790931989924516
301309.SZ,20260814,31.65,400,12660.0,-0.4716981132075526,0.21292536698469072,35.49637737799901
301310.SZ,20260814,52.0,29500,1534000.0,1.6617790811339184,5.117289141977059,54.97067448680351
301311.SZ,20260814,13.71,100,1371.0,0.146092037983947,0.0833885252645031,15.886486775514241
301312.SZ,20260814,69.12,13500,933120.0,0.028943560057892448,2.2756525320806666,45.17366136034735
301313.SZ,20260814,36.88,31500,1161720.0,0.08141112618724744,5.554967914217088,45.48846675712348
301314.SZ,20260814,42.83,19800,848034.0,-0.39534883720930836,20.95046383121924,42.62790697674415
301315.SZ,20260814,44.57,149100,6645387.0,-0.022431583669801913,26.292285960564246,44.86541049798119
301316.SZ,20260814,40.1,16800,673680.0,0.24999999999999467,1.7290290599883165,46.49999999999997
301317.SZ,20260814,44.91,1900,85329.0,0.0,0.9964998772432766,45.0
301318.SZ,20260814,20.67,7000,144690.0,-0.8633093525179825,10.097888874732412,39.820143884892104
301319.SZ,20260814,110.16,44300,4880088.0,0.3278688524590123,3.1893153393061606,46.967213114754074
301320.SZ,20260814,12.87,2700,34749.0,0.07776049766718973,1.5268381716309523,45.46656298600314
301321.SZ,20260814,36.1,7800,281580.0,0.6131549609810438,1.1193324018204405,48.67892976588627
301322.SZ,20260814,38.02,16500,627330.0,-0.47120418848167755,3.5434434799213848,42.172774869109936
301323.SZ,20260814,73.0,12300,897900.0,-0.8825526137135165,6.484580104139788,39.7046843177189
301325.SZ,20260814,31.9,1100,35090.0,1.2698412698412653,0.889756483868999,52.61904761904759
301326.SZ,20260814,102.01,17500,1785175.0,2.2451638769169113,5.990542616252166,58.470983261501466
301327.SZ,20260814,45.18,8600,388548.0,-0.13262599469496816,10.342668684876736,44.20424403183019
301328.SZ,20260814,59.61,6600,393426.0,1.033898305084735,2.4510955900309876,51.203389830508414
301329.SZ,20260814,19.71,28200,555822.0,0.05076142131981154,8.38814930900337,45.30456852791887
301330.SZ,20260814,24.56,9500,233320.0,0.9038619556285932,5.027268276319021,50.42317173377156
301331.SZ,20260814,22.03,15300,337059.0,-0.09070294784579991,8.026088464338141,44.4557823129252
301332.SZ,20260814,7.8,7600,59280.0,-0.2557544757033292,1.6867623419512792,43.465473145780024
301333.SZ,20260814,63.99,20300,1298997.0,0.6606890042472946,5.405727023680677,48.964134025483766
301335.SZ,20260814,22.38,1700,38046.0,0.044702726866319153,0.9564954477424867,45.268216361197915
301336.SZ,20260814,45.49,6410,291590.9,0.19823788546255994,2.349066061715007,46.18942731277536
301337.SZ,20260814,26.18,1000,26180.0,1.8280824581874633,0.7175731694923129,55.96849474912478
301338.SZ,20260814,99.88,16900,1687972.0,1.2981744421906694,4.571823346410738,52.78904665314401
301339.SZ,20260814,11.38,5500,62590.0,0.08795074758136678,1.4536466660089995,45.5277044854882
301345.SZ,20260814,254.0,3900,990600.0,-0.7541124526237675,4.038465331943324,40.475325284257394
301348.SZ,20260814,20.83,142800,2974524.0,3.3746898263027347,4.2750600435088755,65.24813895781641
301349.SZ,20260814,43.34,6000,260040.0,0.023078698361422845,1.2968857731961485,45.138472190168535
301353.SZ,20260814,19.47,5300,103191.0,0.10282776349614942,3.4783459657461515,45.61696658097689
301355.SZ,20260814,9.95,4000,39800.0,-0.4004004004004136,2.0708833633648367,42.59759759759752
301356.SZ,20260814,20.1,7200,144720.0,1.106639839034207,5.970468705308894,51.63983903420524
301357.SZ,20260814,102.0,78200,7976400.0,-1.1436324869160797,13.655886336238197,38.138205078503525
301358.SZ,20260814,66.53,32600,2168878.0,0.2108751317969615,1.3007647683061254,46.26525079078177
301359.SZ,20260814,16.53,6900,114057.0,0.3033980582524354,4.814861034706473,46.820388349514616
301360.SZ,20260814,52.69,6200,326678.0,0.3619047619047633,3.918987851307531,47.17142857142858
301361.SZ,20260814,28.19,2100,59199.0,0.0,1.6372390561234842,45.0
301362.SZ,20260814,128.0,9100,1164800.0,0.0,2.4352227534216415,45.0
301363.SZ,20260814,17.44,31700,552848.0,-0.2858776443681932,3.318687920861995,43.28473413379084
301365.SZ,20260814,38.5,1700,65450.0,0.20822488287350893,0.18372294594415772,34.31947956718945
301366.SZ,20260814,56.34,148400,8360856.0,-0.9841827768014011,9.74912997618097,39.094903339191596
301367.SZ,20260814,46.0,6500,299000.0,-0.540540540540535,2.2745678469432193,41.756756756756786
301368.SZ,20260814,42.5,6500,276250.0,0.0,4.388153090579732,45.0
301369.SZ,20260814,143.26,6200,888212.0,0.738344701497784,2.580185227667415,49.430068208986704
301370.SZ,20260814,9.17,44700,409899.0,-0.21762785636560977,7.809583634243098,43.69423286180634
301371.SZ,20260814,25.06,17600,441056.0,-0.5950019833399489,6.546072207886058,41.429988099960305
301372.SZ,20260814,29.16,2300,67068.0,-0.1369863013698569,2.3620043483877398,44.17808219178086
301373.SZ,20260814,104.04,149100,15512364.0,1.6511968734733928,17.583744472305366,54.90718124084036
301376.SZ,20260814,20.48,8900,182272.0,0.14669926650368037,2.0272250620255634,45.88019559902208
301377.SZ,20260814,445.01,10700,4761607.0,0.002247191011228722,3.6530682598422524,45.01348314606737
301378.SZ,20260814,25.71,36400,935844.0,-1.115384615384607,10.975877169928335,38.307692307692356
301379.SZ,20260814,22.57,111400,2514298.0,1.8501805054151665,7.011700166130263,56.101083032491
301380.SZ,20260814,31.55,2000,63100.0,0.19053667831057108,0.83928234661067,46.143220069863425
301381.SZ,20260814,22.75,10600,241150.0,-0.9146341463414642,1.999793307533529,39.512195121951216
301382.SZ,20260814,43.34,316600,13721444.0,0.2080924855491384,14.086695255514012,46.24855491329483
301383.SZ,20260814,22.96,8500,195160.0,1.2792236435818172,3.9108117505707094,52.67534186149091
301386.SZ,20260814,19.89,2100,41769.0,-0.3007518796992459,1.5854541932073067,43.19548872180452
301387.SZ,20260814,58.74,14200,834108.0,0.979886539453334,6.785357883813976,50.87931923672001
301388.SZ,20260814,24.23,1600,38768.0,0.2897350993377401,1.6385378281487089,46.73841059602644
301389.SZ,20260814,53.88,56000,3017280.0,2.5309229305423564,7.535994641471427,60.18553758325414
301390.SZ,20260814,31.4,4500,141300.0,-0.03183699458771949,4.479490211822506,44.80897803247368
301391.SZ,20260814,50.0,1600,80000.0,0.765820233776715,1.2534158820123042,49.59492140266029
301392.SZ,20260814,170.0,14400,2448000.0,1.5107183376127153,4.299742486969888,54.06431002567629
301393.SZ,20260814,68.61,7300,500853.0,-0.6947459834997893,2.949308895957225,40.831524099001264
301395.SZ,20260814,12.3,11400,140220.0,0.32626427406199365,3.1942443716631668,46.95758564437196
301396.SZ,20260814,205.0,246875,50609375.0,0.33281127642912356,7.757161028954572,46.99686765857474
301397.SZ,20260814,26.92,8500,228820.0,0.0,2.546687486124382,45.0
301398.SZ,20260814,34.07,2800,95396.0,0.0,3.362230507863727,45.0
301399.SZ,20260814,17.5,18000,315000.0,-0.5681818181818232,6.093640654424453,41.59090909090906
301408.SZ,20260814,16.66,245500,4090030.0,-1.06888361045131,8.279978050726289,38.58669833729214
301413.SZ,20260814,69.01,30900,2132409.0,-0.1302460202604716,6.393022088174044,44.21852387843717
301418.SZ,20260814,37.39,5200,194428.0,0.0,4.0449274292860125,45.0
301419.SZ,20260814,34.84,363000,12646920.0,11.132376395534305,28.883071619829572,100.0
301421.SZ,20260814,80.12,17500,1402100.0,1.0213087882990912,4.041885053170328,51.12785272979455
301428.SZ,20260814,29.51,339200,10009792.0,-3.3093053735255507,46.060141442794354,25.144167758846695
301429.SZ,20260814,16.96,1300,22048.0,0.0,1.321154044356453,45.0
301439.SZ,20260814,15.86,173300,2748538.0,-1.122194513715713,13.552290134118463,38.26683291770572
301446.SZ,20260814,38.25,2700,103275.0,0.6049447659126628,2.7153232970006296,48.62966859547598
301448.SZ,20260814,46.31,7500,347325.0,1.0032715376226742,2.2103037592089683,51.01962922573605
301449.SZ,20260814,39.22,18400,721648.0,-0.7088607594936791,10.049843020111764,40.746835443037924
301456.SZ,20260814,23.48,3100,72788.0,0.6429489927132437,3.4856567437411132,48.85769395627946
301458.SZ,20260814,38.62,18600,718332.0,1.6583311397736056,2.2932936750450854,54.949986838641635
301459.SZ,20260814,36.9,282695,10431445.5,4.710556186152082,50.26193614257222,73.26333711691248
301468.SZ,20260814,33.2,2900,96280.0,0.4234724742891771,1.0701593311966566,47.54083484573506
301469.SZ,20260814,28.28,2400,67872.0,-0.17649135192374654,3.2632430394051646,43.94105188845752
301479.SZ,20260814,50.8,12600,640080.0,-0.2552523070881607,2.1658183213350646,43.468486157471034
301486.SZ,20260814,171.4,22400,3839360.0,1.9995239228755235,3.6254988625282114,56.99714353725314
301487.SZ,20260814,16.53,37900,626487.0,0.6699147381242332,4.377854122081706,49.0194884287454
301488.SZ,20260814,103.9,3500,363650.0,0.9227780475959291,2.995187096328426,50.53666828557557
301489.SZ,20260814,107.75,133100,14341525.0,3.396986853468964,9.042549295941841,65.38192112081379
301491.SZ,20260814,39.39,8500,334815.0,-0.2026855839878383,8.733260269094396,43.78388649607297
301498.SZ,20260814,42.35,22200,940170.0,-0.4700352526439411,3.4552530080665154,42.17978848413635
301499.SZ,20260814,25.19,3600,90684.0,0.43859649122808264,2.799251715109496,47.631578947368496
301500.SZ,20260814,23.25,31300,727725.0,0.30198446937015344,4.569694044880423,46.81190681622092
301501.SZ,20260814,30.1,66700,2007670.0,0.5679919812896728,23.354091258920537,48.40795188773804
301502.SZ,20260814,51.96,2900,150684.0,0.2121504339440694,5.183433034715936,46.27290260366442
301503.SZ,20260814,21.67,22600,489742.0,0.1849283402681534,26.451170768358157,46.10957004160892
301505.SZ,20260814,16.34,1700,27778.0,0.0,1.0064643300265945,45.0
301507.SZ,20260814,13.08,9200,120336.0,0.22988505747125743,2.545448349287258,46.379310344827545
301508.SZ,20260814,23.7,4800,113760.0,0.0,5.110178588069524,45.0
301509.SZ,20260814,33.09,46900,1551921.0,0.2119927316777792,5.05634420717675,46.27195639006668
301510.SZ,20260814,26.49,17600,466224.0,0.37893141341416303,3.352046481665198,47.273588480484975
301511.SZ,20260814,88.58,287000,25422460.0,-1.4682981090100244,7.532119101758377,36.19021134593986
301512.SZ,20260814,31.17,13600,423912.0,0.613298902517756,14.548933435835831,48.67979341510654
301513.SZ,20260814,49.17,4300,211431.0,-0.46558704453441013,2.5266092170813224,42.20647773279354
301515.SZ,20260814,19.02,17900,340458.0,0.42238648363250864,10.363011169433257,47.534318901795054
301516.SZ,20260814,15.95,9800,156310.0,0.0,2.384458750459638,45.0
301517.SZ,20260814,40.85,2200,89870.0,0.0980151923548167,1.0297999939078513,45.588091154128904
301518.SZ,20260814,27.02,79100,2137282.0,0.3714710252600284,14.80633820787563,47.22882615156017
301519.SZ,20260814,11.8,8900,105020.0,0.08481764206955678,4.7150387197076045,45.50890585241734
301520.SZ,20260814,85.8,341500,29300700.0,-3.247631935047368,25.232062686212437,25.51420838971579
301522.SZ,20260814,23.41,15600,365196.0,0.0,6.254416931701529,45.0
301525.SZ,20260814,41.89,400,16756.0,0.4556354916066985,0.36759442582690954,47.73381294964019
301526.SZ,20260814,36.53,1436586,52478486.58,0.24698133918772402,9.715702710170287,46.481888035126346
301528.SZ,20260814,54.3,2600,141180.0,0.9669021941242084,2.0329102012230185,50.80141316474525
301529.SZ,20260814,108.0,46900,5065200.0,1.5801354401805856,11.319044568942596,54.48081264108352
301531.SZ,20260814,50.99,6500,331435.0,0.6116811365430186,1.5463220485740525,48.67008681925811
301533.SZ,20260814,26.15,3200,83680.0,0.038255547054322214,3.9353228189797123,45.22953328232593
301535.SZ,20260814,15.88,1200,19056.0,0.12610340479193294,0.3664343200725842,45.756620428751596
301536.SZ,20260814,124.29,59000,7333110.0,1.6271463614063952,4.261985321940396,54.76287816843837
301538.SZ,20260814,39.26,3000,117780.0,0.0,2.2480222172803015,45.0
301539.SZ,20260814,14.91,60400,900564.0,1.774744027303754,56.26123700078261,55.648464163822524
301548.SZ,20260814,64.03,3000,192090.0,0.4707359171504777,2.606278150755069,47.824415502902866
301550.SZ,20260814,90.17,99800,8998966.0,-1.0208562019758394,9.782794749760022,38.874862788144966
301551.SZ,20260814,21.93,215100,4717143.0,0.0,19.074682875420503,45.0
301552.SZ,20260814,25.56,13900,355284.0,1.1476058567471359,10.344240236973347,51.88563514048282
301555.SZ,20260814,31.39,18500,580715.0,1.1601675797615174,8.671838452372466,51.961005478569106
301556.SZ,20260814,60.03,7700,462231.0,-0.19950124688279391,5.846590073983631,43.802992518703235
301557.SZ,20260814,80.38,200,16076.0,-0.2605782355130981,0.252866576144176,43.436530586921414
301558.SZ,20260814,6.61,8400,55524.0,0.15151515151516914,2.334452678670867,45.90909090909101
301559.SZ,20260814,13.13,2100,27573.0,-0.1520912547528508,1.5599834178396297,44.0874524714829
301560.SZ,20260814,23.64,2700,63828.0,-0.7556675062972307,2.067569735094581,40.46599496221661
301563.SZ,20260814,126.38,6230,787347.4,0.7975753708725497,3.773667847038096,49.7854522252353
301565.SZ,20260814,19.56,15200,297312.0,0.3076923076922977,6.195840005713297,46.84615384615378
301566.SZ,20260814,27.99,299000,8369010.0,2.6779163609684353,11.014722578202436,61.06749816581061
301567.SZ,20260814,35.59,3600,128124.0,0.11251758087202912,3.5349578599992184,45.67510548523217
301568.SZ,20260814,67.94,8600,584284.0,0.9359679096716533,2.059273435945239,50.61580745802992
301571.SZ,20260814,67.5,9500,641250.0,0.20783847980998527,2.3472492298218364,46.24703087885991
301575.SZ,20260814,27.94,46700,1304798.0,1.9708029197080368,40.88202409108995,56.824817518248224
301577.SZ,20260814,55.27,3100,171337.0,-0.25266197437284754,2.3658101719605713,43.484028153762914
301578.SZ,20260814,22.58,13900,313862.0,-0.7472527472527579,8.681269478270282,40.516483516483454
301580.SZ,20260814,52.82,24100,1272962.0,0.41825095057033135,4.335172032041234,47.509505703421986
301581.SZ,20260814,36.43,1300,47359.0,0.0,2.4700629661969375,45.0
301583.SZ,20260814,157.2,81600,12827520.0,1.3539651837524147,7.075133923715411,53.12379110251449
301584.SZ,20260814,23.3,50100,1167330.0,-1.4382402707275754,4.853434368428228,36.370558375634545
301585.SZ,20260814,27.7,6300,174510.0,0.0,6.1922667947633325,45.0
301586.SZ,20260814,31.94,400,12776.0,0.21964229683086867,0.5711604136835837,46.31785378098521
301587.SZ,20260814,21.22,900,19098.0,0.09433962264151496,0.5187514539633821,45.56603773584909
301588.SZ,20260814,31.2,9000,280800.0,-0.8264462809917439,1.7513938549857597,40.04132231404954
301589.SZ,20260814,143.29,500,71645.0,-0.02790762575874961,1.5084380329743106,44.832554245447504
301590.SZ,20260814,76.69,600,46014.0,-0.4025974025974044,1.1160953105519071,42.584415584415574
301591.SZ,20260814,35.0,162100,5673500.0,0.5458201666187712,14.3855369744071,48.27492099971263
301592.SZ,20260814,106.77,300,32031.0,0.13129513270186965,0.3994119728026251,45.78777079621122
301595.SZ,20260814,40.06,300,12018.0,-0.298656047784962,0.3259305573970774,43.20806371329023
301596.SZ,20260814,54.34,30200,1641068.0,-0.6217995610826588,13.2154588887141,41.26920263350405
301598.SZ,20260814,47.81,700,33467.0,-0.14619883040936088,2.09456687490084,44.122807017543835
301599.SZ,20260814,34.52,31900,1101188.0,-0.6332757628094376,2.3340329480667785,41.200345423143375
301600.SZ,20260814,87.07,600,52242.0,-0.11471836641047117,1.106077798437716,44.31168980153717
301601.SZ,20260814,16.33,800,13064.0,0.0,0.6587253553443607,45.0
301602.SZ,20260814,19.34,344900,6670366.0,-5.196078431372541,19.816635192697664,15.0
301603.SZ,20260814,127.37,9100,1159067.0,1.031173157769505,5.949624888513118,51.18703894661703
301606.SZ,20260814,51.82,6400,331648.0,0.057926240586980704,3.291533525669097,45.347557443521886
301607.SZ,20260814,43.71,28309,1237386.39,1.3212795549374157,2.678959479353107,52.927677329624494
301608.SZ,20260814,46.41,7400,343434.0,-0.1935483870967869,4.512472128965226,43.83870967741928
301609.SZ,20260814,37.34,88000,3285920.0,-0.2937249666221664,14.78272508049511,43.237650200267
301611.SZ,20260814,104.05,54500,5670725.0,1.048849179372624,7.098129922727003,51.293095076235744
301613.SZ,20260814,38.88,4000,155520.0,-0.35879036391593955,4.284234401968094,42.84725781650436
301616.SZ,20260814,35.68,1200,42816.0,-0.27948574622694844,1.9264555196187494,43.32308552263831
301617.SZ,20260814,48.0,300,14400.0,-0.04164931278634043,0.24515057208914628,43.87720709932829
301618.SZ,20260814,33.0,3200,105600.0,0.18214936247724633,2.894261986380458,46.092896174863476
301622.SZ,20260814,41.38,1400,57932.0,-0.07244626901713458,1.33994342235772,44.56532238589719
301626.SZ,20260814,246.4,8300,2045120.0,1.107919573245808,2.570612497650335,51.647517439474846
301628.SZ,20260814,83.8,7900,662020.0,-0.011931750387783602,5.996815671674617,44.9284094976733
301629.SZ,20260814,256.0,2200,563200.0,1.3620525815647655,3.1736610476468123,53.172315489388595
301630.SZ,20260814,174.38,7600,1325288.0,1.265969802555178,5.935972254330968,52.59581881533107
301631.SZ,20260814,64.76,26000,1683760.0,0.01544401544402163,6.265571293218691,45.09266409266413
301632.SZ,20260814,14.02,75000,1051500.0,-0.7082152974504208,13.246953764653265,40.75070821529748
301633.SZ,20260814,60.02,1400,84028.0,2.109561075195643,2.788587734894578,57.65736645117386
301636.SZ,20260814,40.39,6500,262535.0,-0.41913214990138004,8.44381734453708,42.48520710059172
301638.SZ,20260814,23.84,60700,1447088.0,0.041963911036524415,3.6120950499030418,45.251783466219145
301656.SZ,20260814,16.83,34400,578952.0,0.29797377830749205,7.576714177059066,46.78784266984495
301658.SZ,20260814,24.5,10600,259700.0,-0.4874086108854647,2.530471697560751,42.07554833468721
301662.SZ,20260814,70.01,9100,637091.0,0.028575510787276492,4.799889271808534,45.17145306472366
301665.SZ,20260814,23.58,22400,528192.0,-1.0075566750629816,7.402090677959835,38.95465994962211
301666.SZ,20260814,443.01,28005,12406495.05,3.025581395348831,10.255146673413453,63.15348837209299
301667.SZ,20260814,69.36,15000,1040400.0,0.17331022530329143,6.8167723971489105,46.03986135181975
301668.SZ,20260814,36.88,21900,807672.0,1.541850220264318,16.948156437377893,54.25110132158591
301669.SZ,20260814,29.65,45300,1343145.0,-0.302622730329527,6.061554642712601,43.18426361802284
301677.SZ,20260814,60.72,58000,3521760.0,-0.8976660682226245,11.592265051598648,39.614003590664254
301678.SZ,20260814,45.25,11600,524900.0,0.11061946902655162,4.862107333782523,45.66371681415931
301680.SZ,20260814,91.99,1900,174781.0,-0.22776572668113948,0.73840818452306,43.633405639913164
301682.SZ,20260814,128.83,10400,1339832.0,0.10101010101011276,6.836545086630013,45.60606060606068
301683.SZ,20260814,102.42,10900,1116378.0,-0.7558139534883712,11.230403870083256,40.465116279069775
301687.SZ,20260814,50.21,4600,230966.0,0.6615878107457895,1.2512822550339588,48.96952686447474
301696.SZ,20260814,102.0,36900,3763800.0,-1.3730419648037118,17.36066646655578,36.76174821117773
301707.SZ,20260814,90.02,87700,7894754.0,-1.2938596491228194,11.73879765544581,37.23684210526309
301717.SZ,20260814,509.0,46083,23456247.0,-0.38749070413715003,8.902480752982454,42.6750557751771
302132.SZ,20260814,57.2,41000,2345200.0,-0.4871259568545505,3.964184436621293,42.077244258872696
920000.BJ,20260814,14.7,2296,33751.2,-0.6085192697768749,2.155745097538887,41.34888438133875
920001.BJ,20260814,11.63,6837,79514.31,0.0,5.508191410142474,45.0
920002.BJ,20260814,54.85,1700,93245.0,-0.01822821728034718,1.6497627379948951,44.89063069631791
920003.BJ,20260814,16.66,600,9996.0,0.0,2.3771224875689825,45.0
920005.BJ,20260814,24.86,1000,24860.0,-0.5600000000000049,1.434895148035561,41.63999999999997
920006.BJ,20260814,16.26,3356,54568.56,-0.367647058823517,2.4289916615768257,42.7941176470589
920007.BJ,20260814,36.3,1200,43560.0,0.805331852263258,17.409729940756762,49.83199111357955
920008.BJ,20260814,20.22,444,8977.68,1.6080402010050232,0.588160018620953,54.648241206030136
920009.BJ,20260814,38.19,3943,150583.17,-1.1134127395132087,6.811550805859972,38.31952356292075
920010.BJ,20260814,8.58,21757,186675.06,-0.6944444444444531,4.992876549571436,40.83333333333328
920011.BJ,20260814,,0,0.0,,0.0,0.0
920012.BJ,20260814,48.8,7717,376589.6,1.6666666666666607,11.388992817410443,54.999999999999964
920014.BJ,20260814,8.82,100,882.0,-0.2262443438914019,0.05548287452762057,8.62945135162329
920015.BJ,20260814,43.71,4196,183407.16,-0.5234410559854297,2.221607284175194,41.85935366408742
920016.BJ,20260814,13.04,2500,32600.0,-0.15313935681471325,4.062663665916818,44.08116385911172
920017.BJ,20260814,18.0,64988,1169784.0,-1.6930638995084624,12.137606712588665,34.84161660294923
920018.BJ,20260814,16.2,5300,85860.0,-0.5524861878453025,1.590014503287847,41.685082872928184
920019.BJ,20260814,14.45,1020,14739.0,0.4169562195969423,1.0103656115143949,47.50173731758166
920020.BJ,20260814,15.17,400,6068.0,0.0,0.9123407327173813,45.0
920021.BJ,20260814,7.0,571524,4000668.0,-5.1490514905149,22.38439733826153,15.0
920022.BJ,20260814,19.2,101,1939.2,0.47095761381474865,0.7744542310169494,47.825745682888495
920023.BJ,20260814,2.0,28407,56814.0,0.5025125628140614,5.522489116543929,48.01507537688437
920026.BJ,20260814,17.99,10000,179900.0,1.2380416432189012,4.4539700567570115,52.42824985931341
920027.BJ,20260814,,0,0.0,,0.0,0.0
920028.BJ,20260814,13.65,3424,46737.6,0.0,4.818380024091034,45.0
920029.BJ,20260814,36.35,612,22246.2,0.7483370288248414,0.41372755319218557,49.49002217294905
920030.BJ,20260814,4.51,2096,9452.96,-0.44150110375277274,2.0472639510702493,42.35099337748336
920033.BJ,20260814,14.33,384,5502.72,0.5614035087719405,0.6200338080410838,48.368421052631646
920035.BJ,20260814,23.84,2000,47680.0,-0.8731808731808788,4.139555763416974,39.76091476091473
920036.BJ,20260814,29.56,7794,230390.64,-0.6386554621848783,13.01423063218147,41.16806722689073
920037.BJ,20260814,42.24,1950,82368.0,0.404088424055149,1.578322435769783,47.42453054433089
920038.BJ,20260814,40.29,55466,2234725.14,-1.2983831455169015,11.263994536758275,37.209701126898594
920039.BJ,20260814,8.42,9577,80638.34,0.11890606420927874,3.135663512039725,45.713436385255676
920045.BJ,20260814,348.99,8191,2858577.09,-0.0028653295128910905,5.633845259879226,44.982808022922654
920046.BJ,20260814,22.53,32457,731256.21,-1.443569553805768,5.654871374247796,36.33858267716539
920047.BJ,20260814,18.4,65722,1209284.8,-1.0752688172043112,12.120133667870185,38.548387096774135
920050.BJ,20260814,29.1,408,11872.8,0.13764624913972234,1.3736376921462319,45.82587749483834
920055.BJ,20260814,26.62,900,23958.0,0.07518796992480592,3.517497800000249,45.45112781954884
920056.BJ,20260814,,0,0.0,,0.0,0.0
920057.BJ,20260814,,0,0.0,,0.0,0.0
920058.BJ,20260814,28.05,2769,77670.45,-0.9533898305084776,1.1875043879940224,39.279661016949134
920060.BJ,20260814,22.3,2900,64670.0,0.49571879224876714,2.792183196487472,47.974312753492605
920061.BJ,20260814,17.68,3219,56911.92,0.0,1.6231476897202817,45.0
920062.BJ,20260814,7.63,22298,170133.74,0.39473684210526994,11.106316054754766,47.36842105263162
920065.BJ,20260814,35.34,8446,298481.64,0.02830455703368706,3.8578303403130456,45.169827342202126
920066.BJ,20260814,16.82,1700,28594.0,0.11904761904761862,5.64651721656946,45.71428571428571
920068.BJ,20260814,15.09,700,10563.0,-0.3960396039603964,1.2093446836504746,42.62376237623762
920069.BJ,20260814,34.63,400,13852.0,-0.028868360277134464,0.9497015274652588,44.82678983833719
920072.BJ,20260814,26.64,1000,26640.0,0.037551633496057946,0.5775648570960303,45.22530980097635
920075.BJ,20260814,15.88,2000,31760.0,-0.3138731952291196,1.8153398749246714,43.11676082862528
920076.BJ,20260814,12.73,1779,22646.67,-0.15686274509804088,6.290667384369302,44.058823529411754
920077.BJ,20260814,14.09,1500,21135.0,0.5710206995003464,0.39809471556456455,48.42612419700208
920078.BJ,20260814,18.8,8098,152242.4,0.2666666666666595,5.379015944523154,46.59999999999996
920079.BJ,20260814,14.26,7944,113281.44,0.070175438596487,1.2670230622122816,45.421052631578924
920080.BJ,20260814,,0,0.0,,0.0,0.0
920081.BJ,20260814,38.82,1600,62112.0,0.31007751937983663,1.7937438171528204,46.860465116279016
920082.BJ,20260814,,0,0.0,,0.0,0.0
920083.BJ,20260814,32.0,6250,200000.0,1.7164653528289886,0.611320105834369,55.29879211697393
920086.BJ,20260814,20.72,100,2072.0,0.09661835748790981,0.21866152657299504,39.93878492806657
920087.BJ,20260814,11.24,20496,230375.04,-0.0888888888888828,3.7108270203630163,44.466666666666704
920088.BJ,20260814,44.0,33061,1454684.0,-2.3307436182019914,8.21533254161001,31.01553829078805
920089.BJ,20260814,10.2,220,2244.0,0.0,0.37779743914517894,45.0
920090.BJ,20260814,3.89,14213,55288.57,-0.7653061224489721,3.2154274993105347,40.408163265306165
920091.BJ,20260814,30.4,1003,30491.2,0.2307945928123889,2.192754495570831,46.38476755687434
920092.BJ,20260814,29.31,115956,3398670.36,-4.434300619497888,25.39729089043444,18.394196283012672
920096.BJ,20260814,35.47,1200,42564.0,0.5385487528344557,0.9983027577212573,48.231292517006736
920098.BJ,20260814,17.3,1100,19030.0,-0.11547344110853786,2.016107294590103,44.30715935334877
920099.BJ,20260814,18.97,2031,38528.07,-0.15789473684211242,2.607689867845045,44.05263157894733
920100.BJ,20260814,35.65,3999,142564.35,0.0,3.0245326679634648,45.0
920101.BJ,20260814,16.86,1286,21681.96,-0.1776198934280715,4.398345359789929,43.93428063943157
920106.BJ,20260814,36.44,1000,36440.0,-0.43715846994536456,3.3600074309644032,42.377049180327816
920108.BJ,20260814,9.16,188,1722.08,0.659340659340657,0.5286688089734395,48.95604395604394
920110.BJ,20260814,,0,0.0,,0.0,0.0
920111.BJ,20260814,26.81,12491,334883.71,-0.44559970293353013,10.132914494703245,42.32640178239882
920112.BJ,20260814,16.2,605,9801.0,-0.3690036900369176,3.78193950360024,42.7859778597785
920116.BJ,20260814,48.05,14601,701578.05,0.0,9.12734174518276,45.0
920117.BJ,20260814,32.0,129248,4135936.0,1.4906438312717984,12.52856335249999,53.943862987630794
920118.BJ,20260814,,0,0.0,,0.0,0.0
920119.BJ,20260814,,0,0.0,,0.0,0.0
920121.BJ,20260814,28.05,3220,90321.0,0.03566333808844302,14.075424114076247,45.213980028530656
920122.BJ,20260814,23.23,11931,277157.13,-0.8112724167378405,13.552435281314684,40.132365499572956
920123.BJ,20260814,10.75,1154,12405.5,0.0,1.644842549745701,45.0
920124.BJ,20260814,12.57,6596,82911.72,-0.1588562351072298,10.36934185371644,44.04686258935662
920125.BJ,20260814,132.73,17272,2292512.56,1.0968085916672976,10.516001933803492,51.580851550003786
920126.BJ,20260814,10.0,5972,59720.0,0.10010010010010895,3.0008992336257108,45.60060060060066
920128.BJ,20260814,18.02,1489,26831.78,-0.60672917815775,2.465649964586086,41.3596249310535
920130.BJ,20260814,19.2,43638,837849.6,0.9994739610731163,10.71426753000965,50.9968437664387
920132.BJ,20260814,8.67,1087,9424.29,-0.5733944954128489,2.254749707563847,41.559633027522906
920136.BJ,20260814,21.18,3473,73558.14,-0.09433962264150386,1.7738861519222657,44.43396226415098
920138.BJ,20260814,46.06,150515,6932720.9,-1.1375831723545837,15.204937749738482,38.1745009658725
920139.BJ,20260814,15.01,29366,440783.66,1.6249153689912088,9.07090886622478,54.74949221394725
920145.BJ,20260814,10.16,4000,40640.0,0.0,8.516572789613644,45.0
920146.BJ,20260814,5.1,3986,20328.6,0.3937007874015741,4.643136032447272,47.362204724409445
920149.BJ,20260814,7.93,4500,35685.0,-1.245330012453294,10.8980611000979,37.52801992528023
920152.BJ,20260814,13.38,2000,26760.0,0.45045045045044585,3.536395773222066,47.70270270270267
920156.BJ,20260814,38.03,2000,76060.0,0.8485812781755531,2.9594091875340696,50.09148766905332
920158.BJ,20260814,8.18,1600,13088.0,0.0,0.9296911222217077,45.0
920159.BJ,20260814,27.9,2709,75581.1,-0.07163323782236608,7.000846899334653,44.570200573065804
920160.BJ,20260814,20.12,100,2012.0,-0.09930486593843213,0.2615462079099729,44.40417080436941
920161.BJ,20260814,23.25,8872,206274.0,0.0,0.80679150450298,45.0
920163.BJ,20260814,10.86,1400,15204.0,-0.5494505494505586,1.1775186047591035,41.70329670329665
920165.BJ,20260814,40.09,32037,1284363.33,-0.6197322756569146,13.984358411763248,41.28160634605851
920166.BJ,20260814,22.03,6938,152844.14,-0.8104457451598379,8.339007162734333,40.13732552904097
920167.BJ,20260814,14.91,6000,89460.0,0.0,5.284709388206952,45.0
920168.BJ,20260814,15.6,1829,28532.4,-0.5102040816326481,7.537338108069172,41.93877551020411
920169.BJ,20260814,17.93,100,1793.0,-0.05574136008918984,0.07468146088996495,13.108214799658553
920171.BJ,20260814,16.72,3432,57383.04,-0.4761904761904856,2.889443090990939,42.14285714285709
920174.BJ,20260814,28.01,6155,172401.55,-0.3202846975088991,8.071832626594166,43.0782918149466
920175.BJ,20260814,8.04,10083,81067.32,-0.3717472118959231,7.011502860107928,42.76951672862446
920176.BJ,20260814,62.0,43653,2706486.0,-2.053712480252756,31.22037343256843,32.677725118483465
920177.BJ,20260814,24.58,404,9930.32,-0.4858299595141724,3.0272168632726295,42.085020242914965
920178.BJ,20260814,100.49,1346,135259.54,0.792377131394173,1.1390855204480264,49.75426278836504
920179.BJ,20260814,55.6,13652,759051.2,0.9990917347865613,4.102902598787073,50.99455040871937
920180.BJ,20260814,,0,0.0,,0.0,0.0
920181.BJ,20260814,71.52,1700,121584.0,0.6048670699113634,3.067453500782851,48.62920241946818
920183.BJ,20260814,29.02,500,14510.0,0.0,3.0489440730255515,45.0
920184.BJ,20260814,11.44,5700,65208.0,-0.17452006980803736,4.873129532148066,43.95287958115178
920185.BJ,20260814,20.99,3493,73318.07,0.2866698518872335,0.8761010732043524,46.7200191113234
920186.BJ,20260814,74.1,21244,1574180.4,1.2018574160065576,6.477543596251047,52.211144496039346
920187.BJ,20260814,20.16,19908,401345.28,-0.09910802775024985,26.99314675255383,44.4053518334985
920188.BJ,20260814,21.64,957,20709.48,0.18518518518517713,2.297501031690953,46.111111111111065
920189.BJ,20260814,20.28,17016,345084.48,0.3960396039603964,3.2247069959489236,47.37623762376238
920190.BJ,20260814,25.68,178119,4574095.92,-3.0943396226415065,20.30024817596785,26.43396226415096
920191.BJ,20260814,8.85,1927,17053.95,-0.22547914317925244,2.3934009607547178,43.64712514092449
920193.BJ,20260814,32.26,16135,520515.1,1.0018785222291715,3.4966053931357277,51.01127113337503
920195.BJ,20260814,12.27,3900,47853.0,-0.16273393002440573,6.493074697495251,44.02359641985357
920198.BJ,20260814,8.0,17500,140000.0,-0.990099009900991,2.9480948701090224,39.059405940594054
920199.BJ,20260814,28.52,8130,231867.6,-1.0065949323151635,3.4785949171764705,38.96043040610902
920200.BJ,20260814,29.78,1583,47141.74,0.4045853000674393,0.6427283329761978,47.42751180040464
920204.BJ,20260814,,0,0.0,,0.0,0.0
920206.BJ,20260814,33.56,8360,280561.6,0.3588516746411585,5.711803659030183,47.15311004784695
920207.BJ,20260814,22.89,7069,161809.41,1.1936339522546469,3.084284580649947,52.16180371352788
920208.BJ,20260814,12.14,10206,123900.84,-0.6546644844517169,10.634077487183873,41.0720130932897
920211.BJ,20260814,104.15,400,41660.0,0.14423076923077982,0.9762417264987063,45.86538461538468
920212.BJ,20260814,9.57,1292,12364.44,0.41972717733473885,2.4467351174702237,47.51836306400843
920218.BJ,20260814,17.18,6150,105657.0,0.0,6.017114978721292,45.0
920220.BJ,20260814,39.97,8358,334069.26,0.30112923462985997,9.64804163058638,46.806775407779156
920221.BJ,20260814,12.94,1000,12940.0,0.0,1.546807960473362,45.0
920222.BJ,20260814,28.56,43686,1247672.16,-2.9231815091774416,18.09357907720244,27.46091094493535
920223.BJ,20260814,,0,0.0,,0.0,0.0
920225.BJ,20260814,15.5,188835,2926942.5,-2.821316614420055,30.427337831040383,28.07210031347967
920227.BJ,20260814,51.33,13483,692082.39,-0.8115942028985579,16.58165685448171,40.13043478260865
920230.BJ,20260814,11.18,29774,332873.32,-1.0619469026548756,9.660020690857401,38.62831858407075
920237.BJ,20260814,12.73,200,2546.0,-0.5468750000000022,0.31347802048859347,41.718749999999986
920238.BJ,20260814,65.38,24289,1588014.82,0.30684258975144374,9.401484666850527,46.84105553850866
920239.BJ,20260814,22.21,1900,42199.0,0.862851952770205,2.542714924855977,50.177111716621226
920242.BJ,20260814,13.97,2800,39116.0,-0.07153075822603494,8.958003502763496,44.57081545064379
920245.BJ,20260814,12.99,1600,20784.0,0.0,2.9327170823281627,45.0
920247.BJ,20260814,14.48,1180,17086.4,-0.4810996563573866,0.907422398698417,42.11340206185568
920249.BJ,20260814,9.27,25155,233186.85,1.3114754098360493,6.522763250826388,52.868852459016296
920252.BJ,20260814,15.97,3103,49554.91,0.9481668773704266,2.414157280439728,50.68900126422256
920258.BJ,20260814,12.2,11712,142886.4,-0.8130081300813163,2.893764625584053,40.1219512195121
920260.BJ,20260814,8.07,1300,10491.0,-0.4932182490752002,2.887901857076424,42.040690505548795
920261.BJ,20260814,13.48,1100,14828.0,0.8982035928143839,3.0603228749193185,50.389221556886305
920262.BJ,20260814,14.11,7423,104738.53,-0.8432888264230609,10.57442253652722,39.94026704146164
920263.BJ,20260814,,0,0.0,,0.0,0.0
920266.BJ,20260814,7.85,47634,373926.9,-1.6290726817042689,10.12481977123764,35.22556390977439
920267.BJ,20260814,17.07,17789,303658.23,-0.5824111822947065,7.947010189168312,41.505532906231764
920270.BJ,20260814,12.08,300,3624.0,1.4273719563392184,0.5676936582783219,53.56423173803531
920271.BJ,20260814,9.69,1070,10368.3,0.31055900621117516,1.4615087599952172,46.86335403726705
920273.BJ,20260814,18.57,9279,172311.03,0.0,2.8208710807813993,45.0
920274.BJ,20260814,15.48,2446,37864.08,-0.3861003861003742,2.873281189071124,42.68339768339776
920275.BJ,20260814,6.85,27000,184950.0,0.0,28.530422994272662,45.0
920278.BJ,20260814,6.76,35448,239628.48,-1.4577259475218707,11.474140268263492,36.25364431486878
920284.BJ,20260814,18.08,1940,35075.2,1.0055865921787754,1.1512411899493247,51.03351955307265
920299.BJ,20260814,16.55,15810,261655.5,0.6079027355623268,6.262850671895314,48.64741641337396
920300.BJ,20260814,9.73,3400,33082.0,0.0,3.639197354463471,45.0
920304.BJ,20260814,8.53,600,5118.0,0.0,0.7548962488841072,45.0
920339.BJ,20260814,11.94,5515,65849.1,-1.3223140495867813,5.287596034083679,37.06611570247931
920344.BJ,20260814,20.08,5973,119937.84,-0.9861932938856177,3.419445256741252,39.082840236686295
920346.BJ,20260814,15.05,1000,15050.0,-0.3970880211780159,3.881346600011558,42.6174718729319
920351.BJ,20260814,11.55,500,5775.0,0.43478260869564966,0.757446162044955,47.6086956521739
920357.BJ,20260814,16.0,1293,20688.0,0.12515644555695093,1.485548255467611,45.75093867334171
920363.BJ,20260814,,0,0.0,,0.0,0.0
920367.BJ,20260814,28.5,198022,5643627.0,-8.448442017346613,16.866232372067117,15.0
920368.BJ,20260814,24.27,10132,245903.64,0.496894409937898,3.902410449688596,47.98136645962739
920370.BJ,20260814,2.82,28053,79109.46,-0.7042253521126751,7.721045375660731,40.77464788732395
920371.BJ,20260814,7.19,5553,39926.07,-0.5532503457814641,2.967072206622438,41.680497925311215
920374.BJ,20260814,,0,0.0,,0.0,0.0
920375.BJ,20260814,7.43,1554,11546.22,0.26990553306343035,0.7916633934152872,46.619433198380584
920378.BJ,20260814,7.15,100,715.0,0.28050490883591017,0.15880548953929916,30.26801757008931
920392.BJ,20260814,13.9,7811,108572.9,-0.7142857142857117,12.238319684655522,40.71428571428573
920394.BJ,20260814,44.1,100,4410.0,0.022680880018133287,0.11837296259835504,21.443218547812705
920395.BJ,20260814,7.11,2200,15642.0,-0.42016806722687816,5.0443408753238135,42.47899159663873
920396.BJ,20260814,20.79,2461,51164.19,0.48332527791201674,1.8081560394162615,47.8999516674721
920402.BJ,20260814,9.07,9870,89520.9,0.44296788482836025,2.0449084116910927,47.65780730897016
920403.BJ,20260814,18.32,900,16488.0,-0.4888647474198815,0.6520102255070531,42.06681151548071
920405.BJ,20260814,18.59,5000,92950.0,0.8681497558328921,2.935689195308417,50.20889853499735
920407.BJ,20260814,10.79,100,1079.0,-0.46125461254613587,0.14175390671533528,22.748175533483533
920414.BJ,20260814,8.23,3695,30409.85,0.8578431372548989,2.5396494834991823,50.14705882352939
920415.BJ,20260814,9.0,480,4320.0,0.22271714922048602,0.24647763237338277,45.70227672253181
920418.BJ,20260814,18.88,200,3776.0,-0.10582010582009804,0.2274780336463338,40.31112542141949
920419.BJ,20260814,10.84,100,1084.0,0.09233610341643494,0.10362174111571879,19.205930021327994
920422.BJ,20260814,9.57,300,2871.0,-0.41623309053069324,0.16558748460099837,27.308348684995543
920425.BJ,20260814,14.55,659,9588.45,0.0,0.45565865643528014,45.0
920427.BJ,20260814,8.68,1500,13020.0,-0.5727376861397571,2.3182123611395467,41.56357388316146
920429.BJ,20260814,,0,0.0,,0.0,0.0
920433.BJ,20260814,5.3,29589,156821.7,-0.7490636704119868,4.719948389546117,40.505617977528075
920436.BJ,20260814,10.58,2004,21202.32,0.7619047619047636,3.7101456238351918,49.571428571428584
920438.BJ,20260814,117.0,31211,3651687.0,1.8276762402088753,8.290854753813322,55.966057441253255
920445.BJ,20260814,6.82,4057,27668.74,0.0,1.2876446532033052,45.0
920454.BJ,20260814,,0,0.0,,0.0,0.0
920455.BJ,20260814,5.9,100,590.0,0.0,0.13596617309102227,24.47391115638401
920469.BJ,20260814,5.66,100,566.0,-0.17636684303350414,0.06317274614779207,10.312893248401549
920471.BJ,20260814,11.41,500,5705.0,0.5286343612334932,0.5282924439395736,48.17180616740096
920475.BJ,20260814,12.93,5600,72408.0,3.3573141486810565,1.5316073022529004,65.14388489208633
920476.BJ,20260814,22.58,1200,27096.0,-0.5286343612334821,1.422736472544197,41.828193832599105
920478.BJ,20260814,12.32,122097,1504235.04,-2.9921259842519587,15.845130241411132,27.04724409448825
920489.BJ,20260814,13.5,10092,136242.0,0.3717472118959231,5.199532762434085,47.23048327137554
920491.BJ,20260814,22.2,1160,25752.0,0.6346328195829587,0.80337546023732,48.807796917497754
920493.BJ,20260814,121.0,26816,3244736.0,-0.4115226337448541,8.25130646172837,42.530864197530875
920496.BJ,20260814,6.5,3000,19500.0,0.9316770186335255,2.455215515481374,50.59006211180115
920504.BJ,20260814,18.5,4821,89188.5,0.0,5.076628068761717,45.0
920505.BJ,20260814,29.0,5555,161095.0,0.41551246537396835,1.8821350612579502,47.49307479224381
920508.BJ,20260814,,0,0.0,,0.0,0.0
920509.BJ,20260814,20.28,8700,176436.0,1.4507253626813599,6.083459904136476,53.70435217608816
920510.BJ,20260814,25.0,40733,1018325.0,1.1736139214892694,5.9959456931100945,52.041683528935614
920519.BJ,20260814,10.0,100,1000.0,0.10010010010010895,0.2021916012702364,36.9950888292432
920522.BJ,20260814,21.08,14135,297965.8,0.0,2.233339713552987,45.0
920523.BJ,20260814,15.62,400,6248.0,0.0,0.7037690995040421,45.0
920526.BJ,20260814,20.03,4384,87811.52,1.5720081135902841,3.530477552818216,54.4320486815417
920527.BJ,20260814,14.02,1393,19529.86,-0.2135231316726105,1.8925114972278496,43.71886120996434
920533.BJ,20260814,18.64,3300,61512.0,0.0,2.8761162618229497,45.0
920541.BJ,20260814,9.67,155,1498.85,-0.3092783505154628,0.3922909526504362,43.14432989690722
920547.BJ,20260814,18.91,200,3782.0,0.0,0.3680508573803599,45.0
920553.BJ,20260814,7.58,55000,416900.0,-1.558441558441559,13.631742712197891,35.649350649350644
920556.BJ,20260814,6.94,17853,123899.82,1.4619883040935644,10.577762929009246,53.77192982456138
920564.BJ,20260814,14.09,6200,87358.0,0.0,12.216474154390239,45.0
920566.BJ,20260814,10.3,16895,174018.5,-0.48309178743960457,4.579566202060302,42.10144927536237
920570.BJ,20260814,24.7,300,7410.0,-0.7633587786259555,0.39521809466524616,40.419847328244266
920571.BJ,20260814,8.41,70002,588716.82,0.8393285371702586,7.991801121439884,50.03597122302155
920575.BJ,20260814,5.83,121831,710274.73,0.1718213058419238,10.495455476764073,46.03092783505154
920576.BJ,20260814,42.55,10652,453242.6,0.21196420160149998,6.812304426819304,46.271785209609
920578.BJ,20260814,17.09,14867,254077.03,1.0047281323877,13.923189548481188,51.0283687943262
920579.BJ,20260814,14.96,3594,53766.24,0.0,4.993029750994605,45.0
920580.BJ,20260814,11.28,25555,288260.4,1.1659192825111964,16.64682316624899,51.995515695067176
920592.BJ,20260814,20.88,11925,248994.0,-0.760456273764254,8.114649873164641,40.437262357414475
920593.BJ,20260814,25.5,11076,282438.0,0.990099009900991,7.73404135074797,50.940594059405946
920599.BJ,20260814,17.0,18500,314500.0,0.35419126328215533,11.317423706921232,47.125147579692936
920608.BJ,20260814,,0,0.0,,0.0,0.0
920627.BJ,20260814,,0,0.0,,0.0,0.0
920634.BJ,20260814,,0,0.0,,0.0,0.0
920639.BJ,20260814,6.22,3702,23026.44,-0.16051364365972098,2.927791576247484,44.03691813804167
920640.BJ,20260814,26.56,15966,424056.96,0.9885931558935246,7.151285384657885,50.931558935361146
920641.BJ,20260814,12.87,190,2445.3,0.0,0.29800137413816485,45.0
920642.BJ,20260814,10.35,3327,34434.45,0.5830903790087438,1.7553217445506102,48.49854227405246
920651.BJ,20260814,,0,0.0,,0.0,0.0
920656.BJ,20260814,14.27,5400,77058.0,-1.0402219140083213,8.308019048274337,38.75866851595007
920662.BJ,20260814,18.95,12691,240494.45,2.2114347357065745,3.986259695811561,58.268608414239445
920663.BJ,20260814,13.07,2800,36596.0,0.5384615384615321,4.857008996843374,48.23076923076919
920665.BJ,20260814,8.8,2750,24200.0,0.11376564277589818,3.537520409829984,45.68259385665539
920670.BJ,20260814,13.44,2100,28224.0,0.0,1.3707168936189007,45.0
920675.BJ,20260814,7.5,300,2250.0,0.0,0.3388278010975635,45.0
920679.BJ,20260814,15.57,400,6228.0,0.9073233959818516,4.385295282498884,50.44394037589111
920682.BJ,20260814,5.8,600,3480.0,0.17271157167528806,0.4804495636149095,46.03626943005173
920685.BJ,20260814,12.75,18100,230775.0,-0.7782101167315147,5.990944490948795,40.33073929961091
920689.BJ,20260814,19.94,600,11964.0,0.0,1.2806442067669606,45.0
920690.BJ,20260814,17.62,8248,145329.76,-0.05672149744752053,5.6704382046538,44.65967101531488
920693.BJ,20260814,22.9,600,13740.0,1.327433628318575,1.5996860926899128,52.964601769911454
920694.BJ,20260814,14.25,100,1425.0,0.35211267605634866,0.3492475756311678,47.11267605633809
920699.BJ,20260814,85.14,10642,906059.88,0.7573964497041397,3.697346906598276,49.54437869822484
920701.BJ,20260814,13.49,1200,16188.0,-0.8088235294117618,0.5898648976032944,40.14705882352943
920703.BJ,20260814,9.81,7425,72839.25,-0.20345879959308144,13.404113473657874,43.77924720244151
920706.BJ,20260814,14.41,2120,30549.2,0.20862308762168436,2.2231389508433175,46.251738525730104
920717.BJ,20260814,,0,0.0,,0.0,0.0
920718.BJ,20260814,,0,0.0,,0.0,0.0
920719.BJ,20260814,7.83,600,4698.0,0.256081946222797,0.689039819930927,46.536491677336784
920720.BJ,20260814,,0,0.0,,0.0,0.0
920725.BJ,20260814,71.11,14606,1038632.66,0.042205965109731736,3.6580767068508115,45.253235790658394
920726.BJ,20260814,17.03,3400,57902.0,0.0587544065804968,0.8948307881377682,45.35252643948298
920729.BJ,20260814,7.12,7000,49840.0,1.859799713876975,9.232775424291741,56.15879828326185
920735.BJ,20260814,25.78,13929,359089.62,-1.226053639846747,4.368341285543385,37.64367816091952
920748.BJ,20260814,23.2,2816,65331.2,-0.5572224603514697,4.030540253495398,41.65666523789118
920751.BJ,20260814,,0,0.0,,0.0,0.0
920753.BJ,20260814,,0,0.0,,0.0,0.0
920765.BJ,20260814,13.8,27756,383032.8,-0.8620689655172376,8.071892609227078,39.82758620689658
920768.BJ,20260814,,0,0.0,,0.0,0.0
920770.BJ,20260814,10.51,6913,72655.63,0.3820439350525229,3.794738405973815,47.29226361031514
920779.BJ,20260814,,0,0.0,,0.0,0.0
920781.BJ,20260814,5.72,3218,18406.96,-0.34843205574913716,3.2608529436203515,42.90940766550518
920786.BJ,20260814,7.1,67408,478596.8,-1.1142061281337101,6.5203350760147964,38.31476323119774
920790.BJ,20260814,23.12,8694,201005.28,-1.3230900554844216,2.723066004881993,37.06145966709347
920792.BJ,20260814,10.09,3138,31662.42,0.3980099502487455,11.482722548808258,47.38805970149247
920799.BJ,20260814,30.08,24106,725108.48,0.0,10.663822649945667,45.0
920802.BJ,20260814,11.22,35512,398444.64,1.1722272317403082,11.49730727810951,52.03336339044185
920806.BJ,20260814,10.25,3183,32625.75,0.5888125613346507,1.7319345564365598,48.53287536800791
920807.BJ,20260814,9.58,5082,48685.56,0.0,1.604482047045209,45.0
920808.BJ,20260814,61.96,9684,600020.64,0.30759268253197636,5.0272325816755385,46.84555609519186
920809.BJ,20260814,7.83,17100,133893.0,1.1627906976744207,2.197165672233205,51.976744186046524
920810.BJ,20260814,8.7,400,3480.0,-0.11481056257177658,0.4941967764833726,44.31113662456934
920819.BJ,20260814,2.91,57348,166882.68,1.3937282229965264,17.085294449310094,53.36236933797916
920821.BJ,20260814,18.19,4633,84274.27,0.2756339581036382,1.659724049921703,46.653803748621826
920826.BJ,20260814,9.55,151734,1449059.7,-2.051282051282044,14.302302718106983,32.692307692307736
920832.BJ,20260814,6.25,100,625.0,-0.15974440894568342,0.25359367083756573,44.0415335463259
920833.BJ,20260814,9.8,14155,138719.0,-0.3051881993896166,4.39410317480136,43.1688708036623
920834.BJ,20260814,9.56,7500,71700.0,0.525762355415349,10.015935073317126,48.154574132492094
920837.BJ,20260814,9.91,404,4003.64,1.2257405515832653,0.8970904751138047,52.354443309499594
920839.BJ,20260814,,0,0.0,,0.0,0.0
920855.BJ,20260814,12.61,1200,15132.0,-0.3162055335968472,7.309012313101608,43.10276679841892
920856.BJ,20260814,13.74,157512,2164214.88,-5.954825462012314,27.257749171436213,15.0
920857.BJ,20260814,19.44,10339,200990.16,-0.8669046404895409,3.779536027336041,39.79857215706276
920866.BJ,20260814,,0,0.0,,0.0,0.0
920870.BJ,20260814,12.32,10442,128645.44,-0.3236245954692518,4.810115081534001,43.05825242718449
920871.BJ,20260814,11.18,7408,82821.44,0.35906642728904536,31.942008575458704,47.154398563734276
920873.BJ,20260814,7.06,100,706.0,0.0,0.06981166931678093,12.566100477020568
920876.BJ,20260814,16.31,10644,173603.64,-1.151515151515159,8.284783531344067,38.090909090909044
920879.BJ,20260814,12.88,200,2576.0,-0.5405405405405239,0.24640549574247078,41.1097459904016
920885.BJ,20260814,,0,0.0,,0.0,0.0
920892.BJ,20260814,10.49,200,2098.0,-0.5687203791469253,0.33520679259337743,41.587677725118446
920895.BJ,20260814,,0,0.0,,0.0,0.0
920896.BJ,20260814,12.22,2145,26211.9,0.9083402146986108,6.277277099636322,50.45004128819166
920906.BJ,20260814,,0,0.0,,0.0,0.0
920914.BJ,20260814,18.28,5112,93447.36,0.6053935057787507,4.399989358175611,48.632361034672506
920924.BJ,20260814,15.18,48926,742696.68,-0.849118223383416,15.31881814943538,39.9052906596995
920925.BJ,20260814,12.62,2600,32812.0,-0.15822784810127777,0.9782194893186256,44.050632911392334
920926.BJ,20260814,10.42,100,1042.0,-0.47755491881567025,0.17205227323207398,28.104079668879294
920931.BJ,20260814,10.2,31904,325420.8,0.0,9.956250189713874,45.0
920932.BJ,20260814,12.32,500,6160.0,-0.08110300081103361,0.42006178220958446,44.5133819951338
920942.BJ,20260814,17.29,3200,55328.0,0.05787037037034981,6.123898825523248,45.3472222222221
920943.BJ,20260814,16.02,2247,35996.94,0.06246096189879147,1.127322803347892,45.374765771392745
920946.BJ,20260814,10.0,637777,6377770.0,-4.306220095693769,55.2253396026961,19.162679425837386
920950.BJ,20260814,12.9,1500,19350.0,0.9389671361502483,6.012984840329865,50.63380281690149
920953.BJ,20260814,23.07,21174,488484.18,-1.1991434689507585,15.272815476199689,37.80513918629545
920957.BJ,20260814,9.23,100,923.0,-0.5387931034482651,0.13649008610026797,21.335456877358645
920961.BJ,20260814,19.25,15700,302225.0,2.284803400637614,4.947376967267197,58.70882040382568
920964.BJ,20260814,4.56,134,611.04,0.219780219780219,0.11073374839484859,21.25075602975406
920970.BJ,20260814,6.42,27414,175997.88,-0.46511627906976605,7.0468168665327156,42.209302325581405
920971.BJ,20260814,25.49,15067,384057.83,0.03924646781789942,4.047950932550564,45.235478806907395
920974.BJ,20260814,,0,0.0,,0.0,0.0
920976.BJ,20260814,17.44,5166,90095.04,-0.3997715591090856,7.305457447226113,42.60137064534548
920978.BJ,20260814,,0,0.0,,0.0,0.0
920981.BJ,20260814,29.28,5409,158375.52,-0.06825938566552558,2.6144493901210604,44.59044368600685
920982.BJ,20260814,132.0,4309,568788.0,0.12135922330096527,4.015948089662438,45.728155339805795
920985.BJ,20260814,4.77,6030,28763.1,1.273885350318471,2.504069167897557,52.64331210191082
920992.BJ,20260814,11.99,50027,599823.73,0.0,71.19061486081254,45.0
