ts_code,trade_date,auction_price,auction_vol,auction_amount,auction_pct_chg,auction_amount_ratio,auction_strength_score
600000.SH,20260824,9.01,312900,2819229.0,-0.44198895027625085,3.8905427588869235,42.348066298342495
600004.SH,20260824,7.36,97000,713920.0,-0.27100271002709064,9.00329369569556,43.373983739837456
600006.SH,20260824,5.27,21000,110670.0,-0.18939393939395588,2.4670347579717857,43.86363636363627
600007.SH,20260824,18.65,6600,123090.0,0.2688172043010528,2.3646028576597256,46.61290322580632
600008.SH,20260824,2.81,168800,474328.0,0.0,3.3785907418559096,45.0
600009.SH,20260824,22.93,26900,616817.0,0.04363001745200101,3.154563516769232,45.261780104712
600010.SH,20260824,2.22,18413800,40878636.0,1.3698630136986356,23.44682086859033,53.21917808219182
600011.SH,20260824,6.58,471100,3099838.0,-0.3030303030302939,8.915519986511205,43.18181818181824
600012.SH,20260824,15.57,24800,386136.0,0.4516129032258176,2.5222753599813936,47.709677419354904
600015.SH,20260824,6.7,200200,1341340.0,-0.14903129657227732,2.327925912857955,44.105812220566335
600016.SH,20260824,3.47,908566,3152724.0,0.0,4.228383984498013,45.0
600017.SH,20260824,2.64,66900,176616.0,0.0,2.4700728001288237,45.0
600018.SH,20260824,5.18,89400,463092.0,0.0,1.8473868833568574,45.0
600019.SH,20260824,5.82,501300,2917566.0,0.1721170395869276,3.924988886041675,46.03270223752156
600020.SH,20260824,3.73,49000,182770.0,-0.2673796791443861,3.067410992844425,43.395721925133685
600021.SH,20260824,13.66,100200,1368732.0,0.0,4.936338251325296,45.0
600022.SH,20260824,1.32,1542600,2036232.0,0.0,18.246569014317945,45.0
600023.SH,20260824,4.86,79700,387342.0,0.0,2.4163687092859822,45.0
600025.SH,20260824,9.57,61200,585684.0,-0.10438413361169019,2.156768506151018,44.373695198329855
600026.SH,20260824,19.57,531800,10407326.0,-0.05107252298262033,6.352488956215499,44.69356486210428
600027.SH,20260824,4.47,598800,2676636.0,0.22421524663676085,8.105686384128132,46.34529147982057
600028.SH,20260824,5.11,2111700,10790787.0,0.19607843137257053,3.399166853649472,46.176470588235425
600029.SH,20260824,5.0,139100,695500.0,0.2004008016031955,2.8497377534466306,46.202404809619175
600030.SH,20260824,27.1,474100,12848110.0,-0.07374631268436405,4.4744769811379355,44.55752212389382
600031.SH,20260824,18.8,86900,1633720.0,0.0,1.609483724530786,45.0
600032.SH,20260824,6.77,73500,497595.0,0.2962962962962834,5.800886262153218,46.7777777777777
600033.SH,20260824,3.52,6200,21824.0,0.0,0.3363923861812955,45.0
600035.SH,20260824,3.36,78500,263760.0,0.0,10.357248501279518,45.0
600036.SH,20260824,38.87,346900,13484003.0,-0.07712082262211206,3.2685878788135856,44.53727506426733
600037.SH,20260824,6.86,130700,896602.0,0.7342143906020615,9.852614187433886,49.40528634361237
600038.SH,20260824,26.45,13900,367655.0,-0.30154542027893694,1.8424816620066105,43.19072747832638
600039.SH,20260824,8.39,85800,719862.0,0.599520383693064,5.297323076976287,48.59712230215838
600048.SH,20260824,5.18,273900,1418802.0,-0.19267822736032114,1.9089486874280135,43.84393063583807
600050.SH,20260824,4.21,313500,1319835.0,-0.23696682464454666,2.6054837190920996,43.57819905213272
600051.SH,20260824,6.31,45600,287736.0,0.0,14.106326726953332,45.0
600052.SH,20260824,3.87,26500,102555.0,0.5194805194805197,4.2609300406848085,48.116883116883116
600053.SH,20260824,6.95,1400,9730.0,0.0,0.8938682566803792,45.0
600054.SH,20260824,11.13,6800,75684.0,-0.17937219730941312,1.08426481390197,43.92376681614352
600055.SH,20260824,11.11,13300,147763.0,-0.35874439461883734,1.955600951210613,42.847533632286975
600056.SH,20260824,9.21,42300,389583.0,0.10869565217392907,3.230829924386739,45.652173913043576
600057.SH,20260824,6.21,2800,17388.0,0.0,0.23706770966278876,42.672187739301975
600058.SH,20260824,10.28,50800,522224.0,0.29268292682926855,6.0877139107394,46.75609756097561
600059.SH,20260824,7.89,115800,913662.0,0.12690355329949554,6.575266729839925,45.76142131979697
600060.SH,20260824,25.55,10400,265720.0,-0.7381507381507335,1.2183165595950787,40.5710955710956
600061.SH,20260824,6.23998,30502,190332.0,-0.16032000000000268,1.2225289007053808,44.03807999999999
600062.SH,20260824,15.76,89900,1416824.0,0.574345883854499,10.301728353231033,48.446075303126996
600063.SH,20260824,5.8,179400,1040520.0,0.0,3.698225167533311,45.0
600064.SH,20260824,7.49,212900,1594621.0,0.2677376171352108,9.187037561451044,46.606425702811265
600066.SH,20260824,29.52,25100,740952.0,0.10172939979653517,1.0843180297147998,45.61037639877921
600067.SH,20260824,2.81,15500,43555.0,0.3571428571428559,1.3244832128328816,47.14285714285714
600071.SH,20260824,15.83,5500,87065.0,0.0,3.349393675687672,45.0
600072.SH,20260824,8.66,26300,227758.0,0.11560693641619046,2.646007582012172,45.69364161849714
600073.SH,20260824,5.26,14100,74166.0,-0.1897533206831059,1.5395300591033325,43.86148007590136
600075.SH,20260824,4.6,322500,1483500.0,-0.6479481641468721,11.937009475209475,41.11231101511877
600076.SH,20260824,3.1,50100,155310.0,0.3236245954692629,3.7911148677536546,46.94174757281558
600078.SH,20260824,10.64,35800,380912.0,0.5671077504725952,1.434015665357714,48.40264650283557
600079.SH,20260824,17.87,18700,334169.0,-0.11179429849077493,3.3515352016856554,44.32923420905535
600080.SH,20260824,4.77,22200,105894.0,-0.41753653444677186,12.524654505748423,42.49478079331937
600081.SH,20260824,10.1,6000,60600.0,0.0,2.7558541094491553,45.0
600082.SH,20260824,2.85,77000,219450.0,0.7067137809187329,12.813587669667637,49.2402826855124
600084.SH,20260824,4.11,9000,36990.0,0.4889975550122383,5.038378304162771,47.933985330073426
600085.SH,20260824,23.72,22500,533700.0,-0.21034917963820288,4.508218451828115,43.737904922170785
600088.SH,20260824,11.32,7700,87164.0,-0.35211267605632646,3.3295645075238176,42.88732394366204
600089.SH,20260824,19.49,1535100,29919099.0,-2.793017456359115,11.100982449947272,28.24189526184531
600094.SH,20260824,3.87,20500,79335.0,0.2590673575129543,1.4854943401607716,46.554404145077726
600095.SH,20260824,7.78,80600,627068.0,0.12870012870014325,3.955965828350671,45.77220077220086
600096.SH,20260824,29.8,173200,5161360.0,0.43815301651499716,4.922331911846309,47.62891809908999
600097.SH,20260824,8.63,19800,170874.0,0.7001166861143604,6.723606850670484,49.200700116686164
600098.SH,20260824,6.24,68700,428688.0,0.0,3.9439797879315974,45.0
600099.SH,20260824,9.05,20900,189145.0,0.3325942350332678,9.341471337173504,46.9955654101996
600100.SH,20260824,6.67,50100,334167.0,-0.14970059880239361,2.8276973038493,44.10179640718564
600101.SH,20260824,7.83,13500,105705.0,0.256081946222797,2.233154561252786,46.536491677336784
600103.SH,20260824,2.87,152100,436527.0,-0.3472222222222099,2.9249827919130844,42.91666666666674
600104.SH,20260824,10.16,162800,1654048.0,0.19723865877712132,5.165583614607178,46.18343195266273
600105.SH,20260824,39.74,358000,14226920.0,0.050352467270897705,3.4154837841171615,45.302114803625386
600106.SH,20260824,4.47,882100,3942987.0,4.195804195804187,60.073649043466055,70.17482517482512
600107.SH,20260824,5.74,2700,15498.0,-0.692041522491349,1.690017544645939,40.84775086505191
600108.SH,20260824,3.3,1097565,3621965.0,0.0,8.68289143337677,45.0
600109.SH,20260824,8.45,88700,749515.0,-0.23612750885479983,5.094709086343626,43.5832349468712
600110.SH,20260824,10.8,3903800,42161040.0,0.5586592178770999,12.95506324148193,48.3519553072626
600111.SH,20260824,40.73,271300,11050049.0,1.3940751804829343,5.083406812004503,53.3644510828976
600113.SH,20260824,30.42,15100,459342.0,-0.032862306933945096,2.955097909306604,44.80282615839633
600114.SH,20260824,30.39,33900,1030221.0,0.5625413633355558,2.0013204599416223,48.37524818001334
600115.SH,20260824,3.45,1119000,3860550.0,0.29069767441860517,8.863462406442292,46.74418604651163
600116.SH,20260824,6.12,206600,1264392.0,0.0,7.603562603123669,45.0
600117.SH,20260824,2.26,57600,130176.0,0.0,6.052934721989344,45.0
600118.SH,20260824,61.9,438500,27143150.0,-0.32206119162641045,12.663403481339655,43.06763285024154
600119.SH,20260824,4.65,17700,82305.0,-1.27388535031846,4.880778078039079,37.35668789808924
600120.SH,20260824,4.77,52400,249948.0,0.0,2.095753676448393,45.0
600121.SH,20260824,3.97,392700,1559019.0,0.0,3.506703290928278,45.0
600123.SH,20260824,7.24,48100,348244.0,0.0,1.8150892498800353,45.0
600125.SH,20260824,5.38,3100,16678.0,0.0,0.3386843758914885,45.0
600126.SH,20260824,6.85,780200,5344370.0,1.0324483775811188,11.397731511973406,51.19469026548671
600127.SH,20260824,8.35,9931975,82931991.0,1.8292682926829285,37.20582521132912,55.97560975609757
600128.SH,20260824,8.31,15600,129636.0,0.24125452352232735,4.139965820276635,46.44752714113396
600129.SH,20260824,14.95,277700,4151615.0,-0.7962840079628442,12.024913401081216,40.222295952222936
600130.SH,20260824,4.31,55700,240067.0,-0.46189376443419583,3.211067751353325,42.22863741339482
600131.SH,20260824,15.5,2600,40300.0,0.6493506493506551,0.30822053379574677,48.89610389610393
600132.SH,20260824,40.35,22200,895770.0,0.17378351539225623,3.8664611500506982,46.04270109235354
600133.SH,20260824,8.28,103600,857808.0,0.4854368932038833,7.649344478336783,47.9126213592233
600135.SH,20260824,7.25,9500,68875.0,-0.9562841530054711,1.8794097570058939,39.262295081967174
600136.SH,20260824,1.42,63600,90312.0,0.7092198581560183,7.483397640847127,49.25531914893611
600137.SH,20260824,18.01,19200,345792.0,-0.2216066481994461,19.616513810702614,43.67036011080332
600138.SH,20260824,6.96,7700,53592.0,0.0,1.5080487373932856,45.0
600141.SH,20260824,30.7,98900,3036230.0,0.06518904823988869,3.827319996365481,45.391134289439336
600143.SH,20260824,14.29,130900,1870561.0,-0.13976240391335715,4.563407198576816,44.16142557651986
600148.SH,20260824,15.42,23500,362370.0,0.7184846505551956,23.141756012054124,49.31090790333117
600149.SH,20260824,4.99,261100,1302889.0,0.8080808080808133,24.03895624254934,49.84848484848488
600150.SH,20260824,33.59,435900,14641881.0,-0.26722090261281917,6.9271146795715035,43.39667458432309
600151.SH,20260824,10.12,186400,1886368.0,-0.3937007874015852,6.7869021216696614,42.63779527559049
600152.SH,20260824,8.01,102800,823428.0,0.0,3.431458227558987,45.0
600153.SH,20260824,8.92,34300,305956.0,0.22471910112358273,2.008373970791706,46.348314606741496
600155.SH,20260824,5.74,77200,443128.0,-0.17391304347825765,4.677196762723069,43.95652173913045
600156.SH,20260824,8.07,35600,287292.0,0.49813200498132204,4.918604586064785,47.98879202988793
600157.SH,20260824,1.55,858200,1330210.0,0.0,2.466794606335355,45.0
600158.SH,20260824,6.87,33400,229458.0,0.0,2.0010211348864213,45.0
600159.SH,20260824,2.54,135900,345186.0,0.0,9.897680442433936,45.0
600160.SH,20260824,38.71,111900,4331649.0,0.025839793281656753,4.535514503438268,45.155038759689944
600161.SH,20260824,12.15,110600,1343790.0,0.0,8.866633328457901,45.0
600162.SH,20260824,4.14,2116900,8763966.0,-0.9569377990430672,17.050873222789043,39.2583732057416
600163.SH,20260824,4.91,31400,154174.0,0.20408163265306367,2.9835517231242945,46.22448979591838
600165.SH,20260824,3.28,123900,406392.0,-0.9063444108761365,5.738842180484378,39.56193353474318
600166.SH,20260824,2.88,296900,855072.0,-0.34602076124568004,3.2633577468677015,42.92387543252592
600167.SH,20260824,5.61,9900,55539.0,0.17857142857145014,2.0569679265371454,46.0714285714287
600168.SH,20260824,4.44,30300,134532.0,0.452488687782826,5.378412230598644,47.71493212669696
600169.SH,20260824,2.04,211500,431460.0,-0.4878048780487698,28.71578237262538,42.07317073170738
600170.SH,20260824,2.25,161500,363375.0,0.0,2.6451295890386906,45.0
600171.SH,20260824,22.63,27600,624588.0,-0.13239187996469948,2.7419643809349705,44.205648720211805
600172.SH,20260824,13.49,714400,9637256.0,-0.36927621861151394,5.338385397878934,42.784342688330916
600173.SH,20260824,6.09,11200,68208.0,0.4950495049504955,2.859056895181914,47.97029702970298
600176.SH,20260824,42.95,2096100,90027495.0,2.16460513796386,9.62982115272567,57.98763082778316
600177.SH,20260824,7.88,28000,220640.0,-0.12674271229403677,1.018852544750699,44.23954372623578
600178.SH,20260824,9.24,18500,170940.0,0.43478260869567187,6.40945578830963,47.608695652174035
600179.SH,20260824,4.37,133800,584706.0,-0.22831050228310223,3.3520820019425828,43.63013698630139
600180.SH,20260824,1.59,416100,661599.0,0.0,24.54595206920722,45.0
600182.SH,20260824,13.12,7100,93152.0,-0.5307050796057644,4.412563717899466,41.815769522365414
600183.SH,20260824,132.83,314700,41801601.0,0.022590361445784524,5.206737104866253,45.135542168674704
600184.SH,20260824,17.61,19200,338112.0,0.0,2.150952277578498,45.0
600185.SH,20260824,4.5,29000,130500.0,0.0,1.9781705469505138,45.0
600186.SH,20260824,11.5,2246500,25834750.0,-1.03270223752151,13.37905852126428,38.80378657487094
600187.SH,20260824,1.38,748700,1033206.0,-0.7194244604316502,23.699589491637354,40.6834532374101
600188.SH,20260824,21.49,162000,3481380.0,0.37365716954693706,2.9348716087499254,47.24194301728162
600189.SH,20260824,7.47,24700,184509.0,0.6738544474393482,3.5684292616034488,49.04312668463609
600191.SH,20260824,10.72,9600,102912.0,0.9416195856873921,0.6504136894486483,50.649717514124355
600192.SH,20260824,6.9,42700,294630.0,-0.14471780028942893,4.928041445659851,44.13169319826343
600195.SH,20260824,6.71,14400,96624.0,0.0,2.7736348645075752,45.0
600196.SH,20260824,23.6,224600,5300560.0,0.1697792869270076,6.441877764832241,46.01867572156205
600197.SH,20260824,9.87,29300,289191.0,0.304878048780477,6.5475275408853975,46.82926829268286
600198.SH,20260824,7.46,76500,570690.0,-0.1338688085676054,1.464778160568038,44.19678714859437
600199.SH,20260824,7.01,41400,290214.0,0.42979942693408546,2.7345416899308215,47.57879656160451
600201.SH,20260824,12.62,55900,705458.0,-0.2371541501976382,4.238071483971732,43.57707509881417
600202.SH,20260824,5.05,33800,170690.0,0.0,5.592697311484997,45.0
600203.SH,20260824,10.0,49700,497000.0,-0.6951340615690249,3.6661726849362455,40.82919563058585
600206.SH,20260824,54.05,721400,38991670.0,-0.3502949852507431,7.965512545978017,42.89823008849554
600207.SH,20260824,4.38,45500,199290.0,0.4587155963302614,3.080607672857118,47.75229357798157
600208.SH,20260824,2.93,171800,503374.0,0.0,2.6750496303402223,45.0
600210.SH,20260824,6.0,93000,558000.0,0.33444816053511683,8.187687865617681,47.0066889632107
600211.SH,20260824,38.7,105700,4090590.0,-0.7437804565273098,12.426596482299777,40.53731726083614
600212.SH,20260824,5.69,23400,133146.0,1.0657193605683846,0.9584650599511811,51.39431616341031
600215.SH,20260824,6.51,15200,98952.0,-0.15337423312883347,2.7756331765920033,44.079754601227
600216.SH,20260824,13.1,435100,5699810.0,-0.9826152683295564,11.379060404693282,39.10430839002266
600217.SH,20260824,3.12,8300,25896.0,-0.31948881789136685,0.7031907115610597,43.0830670926518
600218.SH,20260824,7.53,11900,89607.0,-0.3968253968253843,4.279850148168682,42.61904761904769
600219.SH,20260824,4.8,951300,4566240.0,1.0526315789473717,5.398098944804438,51.315789473684234
600221.SH,20260824,1.3,2579500,3353350.0,0.0,15.02640371720073,45.0
600222.SH,20260824,7.85,72300,567555.0,0.12755102040815647,3.9265153470881344,45.76530612244894
600223.SH,20260824,5.55,85200,472860.0,1.2773722627737127,6.1587425464315215,52.664233576642275
600226.SH,20260824,6.21,230400,1430784.0,0.0,2.261235310259375,45.0
600227.SH,20260824,3.93,4072500,16004925.0,-0.5063291139240533,13.279326326969182,41.96202531645568
600228.SH,20260824,8.32,257400,2141568.0,1.3398294762484664,11.378673629467668,53.038976857490795
600229.SH,20260824,5.1,13600,69360.0,0.0,4.8356277001710035,45.0
600230.SH,20260824,14.65,40900,599185.0,0.20519835841315004,4.497127871759537,46.2311901504789
600231.SH,20260824,1.71,101700,173907.0,0.588235294117645,10.710147169604952,48.52941176470587
600232.SH,20260824,6.43,28700,184541.0,1.9017432646592836,4.9578971924037605,56.4104595879557
600233.SH,20260824,17.42,52100,907582.0,0.0,1.703606829808889,45.0
600234.SH,20260824,21.59,11400,246126.0,0.6526806526806483,5.903113305497374,48.91608391608389
600235.SH,20260824,5.75,11000,63250.0,0.17421602787455193,3.119784687998102,46.045296167247315
600236.SH,20260824,9.91,28390,281345.0,0.10101010101009056,3.840065362117707,45.606060606060545
600237.SH,20260824,8.38,147000,1231860.0,-0.47505938242279333,5.688609805006559,42.14964370546324
600238.SH,20260824,5.07,119100,603837.0,0.19762845849804478,21.704841374757493,46.18577075098827
600239.SH,20260824,1.41,268000,377880.0,0.0,13.870106096694915,45.0
600241.SH,20260824,7.38,30900,228042.0,-0.8064516129032362,5.757588220871609,40.161290322580584
600243.SH,20260824,3.72,20700,77004.0,-0.7999999999999896,4.821590385972681,40.20000000000006
600246.SH,20260824,12.0,348500,4182000.0,-0.9900990099009799,3.218748357313661,39.05940594059412
600248.SH,20260824,2.84,128600,365224.0,-0.35087719298246833,8.773197691762904,42.89473684210519
600249.SH,20260824,5.27,15700,82739.0,0.3809523809523707,3.734588261632871,47.28571428571422
600250.SH,20260824,8.99,3934300,35369357.0,-1.748633879781425,79.02515928199173,34.50819672131145
600251.SH,20260824,10.27,79600,817492.0,-0.3879728419010742,4.623303695395019,42.67216294859355
600252.SH,20260824,2.21,187000,413270.0,-0.45045045045045695,3.744570205576515,42.297297297297256
600255.SH,20260824,3.25,205500,667875.0,0.30864197530864335,4.387321512872613,46.85185185185186
600256.SH,20260824,6.18,2776400,17158152.0,-0.8025682182985716,18.11391330815954,40.18459069020857
600257.SH,20260824,5.5,53100,292050.0,0.36496350364962904,3.9112975308027567,47.18978102189777
600258.SH,20260824,12.2,65600,800320.0,-0.24529844644318732,6.731918974249081,43.528209321340874
600259.SH,20260824,86.52,49200,4256784.0,1.4302461899179386,4.351510971875049,53.58147713950763
600261.SH,20260824,3.19,412000,1314280.0,-1.5432098765432167,13.141966536482256,35.7407407407407
600262.SH,20260824,14.69,33100,486239.0,1.1707988980716344,3.310406848776364,52.024793388429806
600265.SH,20260824,22.93,8900,204077.0,0.13100436681223737,7.255425668443646,45.78602620087342
600266.SH,20260824,4.19,216300,906297.0,0.0,4.626261555023609,45.0
600267.SH,20260824,13.05,222141,2898940.0,-0.2293577981651307,3.62719368164867,43.62385321100922
600268.SH,20260824,10.53,13600,143208.0,0.19029495718363432,1.3311024732054606,46.141769743101804
600269.SH,20260824,3.75,93900,352125.0,-0.26595744680850686,5.539361384507316,43.40425531914896
600271.SH,20260824,6.72,50400,338688.0,0.14903129657226621,4.81127554061717,45.894187779433594
600272.SH,20260824,15.83,2594601,41072534.0,-4.060606060606064,46.435533502431,20.636363636363615
600273.SH,20260824,6.72,347300,2333856.0,-0.29673590504452063,11.686320408103075,43.21958456973287
600276.SH,20260824,47.54,705580,33543273.0,-0.41893590280687176,8.286879441600016,42.48638458315877
600278.SH,20260824,6.18,43200,266976.0,0.32467532467532756,13.453815777120683,46.94805194805197
600279.SH,20260824,4.31,70800,305148.0,0.0,10.551792697876456,45.0
600280.SH,20260824,2.98,62000,184760.0,0.0,3.1941981356816047,45.0
600281.SH,20260824,4.59,261052,1198229.0,-0.6493506493506551,10.352336645623618,41.10389610389607
600282.SH,20260824,4.62,154400,713328.0,0.2169197396963085,2.2950200592258594,46.30151843817785
600283.SH,20260824,7.77,11600,90132.0,-0.25673940949936247,6.612772264566357,43.459563543003824
600284.SH,20260824,5.01,27100,135771.0,0.0,3.5609465265539693,45.0
600285.SH,20260824,19.5,37800,737100.0,-0.20470829068577334,5.311659973513906,43.77175025588536
600287.SH,20260824,4.8,12800,61440.0,0.0,3.6724486613314946,45.0
600288.SH,20260824,11.35,149900,1701365.0,-0.8733624454148492,6.670721302359858,39.7598253275109
600289.SH,20260824,4.33,500,2165.0,-0.23041474654377225,0.3220613832633104,43.61751152073737
600292.SH,20260824,12.02,8300,99766.0,-0.5789909015715522,0.9654685837600899,41.52605459057069
600293.SH,20260824,2.81,231300,649953.0,-1.0563380281690127,10.514348828975162,38.66197183098593
600295.SH,20260824,13.05,21200,276660.0,-0.2293577981651307,2.400421799557335,43.62385321100922
600298.SH,20260824,41.16,11600,477456.0,-0.3148462097360194,1.1046395274285397,43.110922741583884
600299.SH,20260824,8.47,95000,804650.0,-0.2355712603062332,3.1834641192496975,43.5865724381626
600300.SH,20260824,3.18,33600,106848.0,0.0,1.9952639371841434,45.0
600301.SH,20260824,47.85,45100,2158035.0,0.2934395304967419,3.9187148247480366,46.76063718298045
600302.SH,20260824,6.46,1500,9690.0,0.0,0.6885976123357466,45.0
600303.SH,20260824,2.89,103700,299693.0,0.6968641114982521,7.381943900152603,49.181184668989516
600305.SH,20260824,6.61,25700,169877.0,0.3034901365705611,2.7895612145354467,46.82094081942337
600307.SH,20260824,1.43,161700,231231.0,0.0,7.599056042459094,45.0
600308.SH,20260824,3.2,75100,240320.0,-0.6211180124223614,9.82063126978572,41.273291925465834
600309.SH,20260824,73.95,67700,5006415.0,-0.040551500405516805,2.9223618140805008,44.7566909975669
600310.SH,20260824,4.09,88000,359920.0,0.0,3.1610784469851345,45.0
600312.SH,20260824,19.77,81300,1607301.0,0.20273694880892368,3.074829329430606,46.216421692853544
600313.SH,20260824,6.5,944000,6136000.0,0.0,6.522666175133738,45.0
600315.SH,20260824,18.15,69100,1254165.0,0.3316749585406287,6.529536941493081,46.990049751243774
600316.SH,20260824,28.45,25900,736855.0,0.3527336860670083,2.265839346484522,47.11640211640205
600318.SH,20260824,6.43,17100,109953.0,-0.6182380216383287,2.4699321206144007,41.29057187017003
600319.SH,20260824,6.36,37800,240408.0,0.7923930269413848,3.2782573069535124,49.75435816164831
600320.SH,20260824,4.03,29100,117273.0,0.0,1.084476405445976,45.0
600322.SH,20260824,2.64,43800,115632.0,0.0,3.162947083713662,45.0
600323.SH,20260824,29.27,17100,500517.0,0.03417634996580876,3.747423602754306,45.205058099794854
600325.SH,20260824,2.3,280100,644230.0,-0.43290043290044045,4.632930925950536,42.40259740259736
600326.SH,20260824,6.98,90500,631690.0,-0.5698005698005604,3.838917749596503,41.581196581196636
600327.SH,20260824,4.09,503100,2057679.0,0.2450980392156854,16.134697533828223,46.470588235294116
600328.SH,20260824,6.31,36100,227791.0,-0.3159557661927437,2.7847598862056673,43.10426540284354
600329.SH,20260824,35.53,5800,206074.0,0.5091937765205001,2.08244095055041,48.055162659123
600330.SH,20260824,27.27,1068900,29148903.0,0.0,10.136796617734385,45.0
600331.SH,20260824,12.91,367200,4740552.0,-0.15467904098994678,7.245568375544225,44.07192575406032
600332.SH,20260824,20.28,346100,7018908.0,-3.012912482065988,20.416856353112166,26.922525107604073
600333.SH,20260824,6.29,55200,347208.0,-0.31695721077653616,4.9555362904957505,43.09825673534078
600335.SH,20260824,5.08,3053900,15513812.0,-3.4220532319391594,65.5074937043069,24.467680608365043
600336.SH,20260824,6.17,94500,583065.0,-0.16181229773462036,14.394121572726363,44.02912621359228
600337.SH,20260824,3.21,89100,286011.0,0.31249999999998224,2.9178689235548765,46.87499999999989
600338.SH,20260824,14.03,574900,8065847.0,1.2996389891696714,10.308033764125815,52.797833935018026
600339.SH,20260824,3.34,752700,2514018.0,-1.183431952662728,13.630155882650207,37.899408284023636
600340.SH,20260824,1.09,249100,271519.0,0.0,10.948826668330181,45.0
600343.SH,20260824,18.28,113900,2082092.0,-0.16384489350080855,6.466244853207556,44.01693063899515
600345.SH,20260824,49.0,105900,5189100.0,2.941176470588225,9.976210225124658,62.64705882352935
600346.SH,20260824,18.8,76300,1434440.0,-0.37095919448860704,2.0795114791986697,42.77424483306836
600348.SH,20260824,9.04,192300,1738392.0,0.8928571428571175,6.177896167624125,50.357142857142705
600350.SH,20260824,10.56,29400,310464.0,0.0,2.0860721244197857,45.0
600351.SH,20260824,6.88,87300,600624.0,0.14556040756914523,4.527453180044689,45.87336244541487
600352.SH,20260824,12.65,250400,3167560.0,0.8771929824561431,4.295202034394789,50.26315789473686
600353.SH,20260824,39.28,2689000,105623920.0,2.612330198537105,26.249019584123698,60.67398119122263
600354.SH,20260824,6.5,810500,5268250.0,1.0886469673405896,8.91167113066129,51.531881804043536
600356.SH,20260824,8.91,41900,373329.0,0.5643340857787837,15.387143513184474,48.386004514672706
600358.SH,20260824,5.03,12000,60360.0,0.19920318725101804,4.40368064823113,46.19521912350611
600359.SH,20260824,6.55,79200,518760.0,-0.1524390243902385,5.39397998518995,44.08536585365857
600360.SH,20260824,10.56,593300,6265248.0,-1.4925373134328401,12.286833904664183,36.04477611940296
600361.SH,20260824,3.67,117700,431959.0,0.2732240437158362,2.688518446144773,46.63934426229502
600362.SH,20260824,46.73,758935,35465033.0,1.8970780636720308,12.151038973989028,56.38246838203219
600363.SH,20260824,18.03,337300,6081519.0,-0.9884678747940634,7.203408915115462,39.06919275123562
600365.SH,20260824,2.78,1600,4448.0,-0.35842293906810374,0.5675148044427938,42.84946236559138
600366.SH,20260824,11.8,61600,726880.0,0.1697792869270076,2.0153257527403743,46.01867572156205
600367.SH,20260824,34.95,332600,11624370.0,0.7785467128027745,4.179805662978818,49.671280276816645
600368.SH,20260824,4.02,1109100,4458582.0,0.0,40.84517515497039,45.0
600369.SH,20260824,3.99,60300,240597.0,-0.24999999999999467,2.459539156351603,43.50000000000003
600370.SH,20260824,1.49,31700,47233.0,-0.666666666666671,2.1288608730623717,40.99999999999997
600371.SH,20260824,7.5,706300,5297250.0,-3.100775193798455,18.31888122393262,26.39534883720927
600372.SH,20260824,10.8,130300,1407240.0,-0.09250693802035359,7.431507720122651,44.44495837187788
600373.SH,20260824,6.94,15200,105488.0,-0.2873563218390718,2.0824016980275517,43.275862068965566
600375.SH,20260824,3.87,206200,797994.0,-0.7692307692307665,7.585490619201315,40.3846153846154
600376.SH,20260824,3.46,378100,1308226.0,-1.9830028328611804,4.821940307931716,33.10198300283292
600377.SH,20260824,11.9,32700,389130.0,-0.1677852348993203,2.4868780801262877,43.99328859060408
600378.SH,20260824,46.66,382100,17828786.0,-1.2277730736663939,8.88351004144381,37.63336155800164
600379.SH,20260824,15.62,177700,2775674.0,0.6443298969072142,6.922182078770826,48.86597938144328
600380.SH,20260824,9.52,753799,7176166.0,-3.6437246963562875,23.661812361631387,23.137651821862274
600381.SH,20260824,5.0,44700,223500.0,1.2145748987854255,6.9299351618522795,52.28744939271255
600382.SH,20260824,6.28,20200,126856.0,0.0,1.2729234926280846,45.0
600383.SH,20260824,2.21,115900,256139.0,0.0,1.6656189258019145,45.0
600386.SH,20260824,3.38,51200,173056.0,0.0,8.980476482735275,45.0
600388.SH,20260824,17.71,24500,433895.0,-0.11280315848843925,2.4863190992799287,44.32318104906936
600389.SH,20260824,18.5,8800,162800.0,-0.21574973031283085,1.4335281830980389,43.705501618123016
600390.SH,20260824,4.83,48300,233289.0,-0.20661157024792765,1.4396835573208278,43.76033057851244
600391.SH,20260824,30.68,17300,530764.0,-0.09768804949528143,2.0916034709731717,44.41387170302831
600392.SH,20260824,23.01,430800,9912708.0,1.2318521777386682,6.9891046745003225,52.39111306643201
600395.SH,20260824,5.47,481300,2632711.0,0.1831501831501825,9.323952485390492,46.098901098901095
600396.SH,20260824,14.44,411600,5943504.0,1.1204481792717047,3.3973301067436,51.72268907563023
600397.SH,20260824,18.67,2594100,48431847.0,2.921719955898583,22.753524972806147,62.5303197353915
600398.SH,20260824,5.89,93100,548359.0,-0.16949152542373724,3.4636658853212725,43.98305084745758
600399.SH,20260824,4.14,2255400,9337356.0,-4.387990762124716,50.260641577254766,18.672055427251706
600400.SH,20260824,3.15,692500,2181375.0,0.6389776357827559,12.961454750364922,48.83386581469654
600403.SH,20260824,6.6,1466200,9676920.0,-0.6024096385542133,9.306320279786172,41.38554216867472
600405.SH,20260824,4.59,23700,108783.0,0.21834061135370675,3.062631795744816,46.31004366812224
600406.SH,20260824,23.17,110728,2565568.0,0.0,3.7781777881609258,45.0
600408.SH,20260824,2.87,298400,856408.0,0.0,4.052602286295581,45.0
600409.SH,20260824,6.77,58900,398753.0,0.8941877794336861,1.4443593620048818,50.36512667660212
600410.SH,20260824,13.5,84000,1134000.0,-0.4424778761061954,2.2622742291714517,42.345132743362825
600415.SH,20260824,12.41,101600,1260856.0,-0.5608974358974339,1.4912875301179864,41.634615384615394
600416.SH,20260824,8.4,32700,274680.0,0.0,2.4034443278713864,45.0
600418.SH,20260824,20.76,218400,4533984.0,-0.38387715930900956,2.839298078601133,42.69673704414594
600419.SH,20260824,8.78,11500,100970.0,0.34285714285713365,1.7797864277438968,47.0571428571428
600420.SH,20260824,8.43,59800,504114.0,-0.35460992907803135,8.202511171116196,42.87234042553181
600422.SH,20260824,8.48,101900,864112.0,-0.7025761124121677,12.265180448162988,40.784543325527
600423.SH,20260824,2.8,2200,6160.0,-0.3558718861210064,0.689019765359688,42.864768683273965
600425.SH,20260824,3.57,38300,136731.0,0.2808988764044784,2.286687392368604,46.68539325842687
600426.SH,20260824,20.71,109800,2273958.0,-0.288878189696673,2.5667634415686544,43.266730861819966
600428.SH,20260824,11.79,343900,4054581.0,-0.33812341504649845,9.136652920130185,42.97125950972101
600429.SH,20260824,4.54,14000,63560.0,0.8888888888888946,1.6713958456241365,50.33333333333337
600433.SH,20260824,3.27,95000,310650.0,-0.6079027355623157,4.326481879582499,41.3525835866261
600435.SH,20260824,10.46,21900,229074.0,-0.2859866539561384,1.651901907887788,43.284080076263166
600436.SH,20260824,123.0,44800,5510400.0,-0.8863819500402825,10.904017104489549,39.681708299758306
600438.SH,20260824,12.26,754600,9251396.0,-1.3676588897827857,18.15063992726541,36.794046661303284
600439.SH,20260824,1.85,34000,62900.0,0.0,3.2114382341888996,45.0
600444.SH,20260824,14.15,31000,438650.0,-0.14114326040931546,8.473746588672267,44.15314043754411
600446.SH,20260824,10.61,32300,342703.0,-0.655430711610494,2.7576084442558275,41.06741573033703
600448.SH,20260824,2.98,269000,801620.0,1.3605442176870763,19.235951057148235,53.163265306122454
600449.SH,20260824,12.56,432200,5428432.0,2.113821138211369,11.646140254504466,57.68292682926821
600452.SH,20260824,9.08,36500,331420.0,0.11025358324145973,2.0976320833833504,45.66152149944876
600455.SH,20260824,23.65,33000,780450.0,-2.634829147797446,24.417703703390835,29.191025113215325
600456.SH,20260824,27.46,33700,925402.0,0.4021937842778822,6.491568523643382,47.41316270566729
600458.SH,20260824,11.6,64300,745880.0,0.5199306759098743,2.94130743805024,48.11958405545924
600459.SH,20260824,21.97,238100,5231057.0,0.4572473708276181,7.541082920864427,47.74348422496571
600460.SH,20260824,36.25,4174600,151329250.0,1.0030649205907016,16.066638687382174,51.01838952354421
600461.SH,20260824,8.84,28900,255476.0,0.11325028312569874,3.1755030096404155,45.679501698754194
600463.SH,20260824,8.2,20600,168920.0,0.9852216748768461,7.8298854937187325,50.911330049261075
600467.SH,20260824,2.33,196200,457146.0,-0.42735042735041473,9.332176730743003,42.43589743589751
600468.SH,20260824,5.87,32100,188427.0,-0.3395585738539819,2.7687031498301766,42.96264855687611
600469.SH,20260824,5.23,3800,19874.0,-0.1908396946564861,0.8005351186950206,43.854961832061086
600470.SH,20260824,5.53,47000,259910.0,-0.3603603603603567,2.4604782777473764,42.83783783783786
600475.SH,20260824,14.98,25100,375998.0,0.0,3.455329188527522,45.0
600476.SH,20260824,9.66,11500,111090.0,-0.3095975232198067,8.955317006855585,43.14241486068116
600477.SH,20260824,2.38,203400,484092.0,-0.4184100418410108,9.88766479441324,42.48953974895394
600478.SH,20260824,4.87,19600,95452.0,-0.2049180327868827,0.9862720726965551,43.7704918032787
600479.SH,20260824,9.76,26000,253760.0,0.0,6.36273028728319,45.0
600480.SH,20260824,8.3,19800,164340.0,-0.36014405762304635,2.22213799774441,42.839135654261725
600481.SH,20260824,4.2,287100,1205820.0,-0.23752969121139111,6.982955807211003,43.57482185273165
600482.SH,20260824,31.92,34300,1094856.0,-0.03131850923895341,2.188014879386893,44.81208894456628
600483.SH,20260824,10.37,165700,1718309.0,0.9737098344693162,4.355465074380716,50.842259006815894
600486.SH,20260824,55.02,9200,506184.0,0.10917030567685337,2.77360959109664,45.65502183406112
600487.SH,20260824,62.2,1020401,63468942.0,0.032164683177882125,7.093403151024662,45.19298809906729
600488.SH,20260824,5.51,189800,1045798.0,0.0,3.418956675946263,45.0
600489.SH,20260824,27.59,2234300,61644337.0,1.508462104488606,14.48882283449161,54.05077262693163
600490.SH,20260824,7.44,889400,6617136.0,0.9497964721845387,9.2634569564204,50.698778833107234
600491.SH,20260824,1.75,2529100,4425925.0,-3.314917127071826,19.95383921618188,25.110497237569046
600493.SH,20260824,6.12,63800,390456.0,0.6578947368421018,12.463639100693548,48.94736842105261
600495.SH,20260824,4.05,47200,191160.0,0.0,5.82230653067193,45.0
600496.SH,20260824,3.34,49000,163660.0,0.0,1.9427816958672717,45.0
600497.SH,20260824,10.3,1435275,14783333.0,1.7786561264822254,8.615763486864113,55.67193675889335
600498.SH,20260824,40.73,615800,25081534.0,0.07371007371006488,7.314321714211853,45.44226044226039
600499.SH,20260824,14.25,101500,1446375.0,0.21097046413500742,4.879688597613646,46.26582278481004
600500.SH,20260824,5.5,2867300,15770150.0,-0.1814882032667886,18.349785167191968,43.91107078039927
600501.SH,20260824,14.03,35000,491050.0,-1.057827926657262,5.605087229904823,38.65303244005643
600502.SH,20260824,4.4,106000,466400.0,-0.4524886877827927,4.7690692727762425,42.28506787330324
600503.SH,20260824,2.13,90800,193404.0,0.0,5.332068514174573,45.0
600505.SH,20260824,10.35,28900,299115.0,-0.7670182166826467,6.120725470335542,40.39789069990412
600506.SH,20260824,14.73,42530,626467.0,-0.6072874493927127,2.217252758259961,41.35627530364373
600507.SH,20260824,4.17,37300,155541.0,0.0,2.403529187664124,45.0
600508.SH,20260824,9.2,410500,3776600.0,2.4498886414253684,10.89210454742971,59.69933184855221
600509.SH,20260824,7.29,113200,825228.0,0.0,6.423637836440238,45.0
600510.SH,20260824,6.78,61600,417648.0,-1.0218978102189746,4.589510974906799,38.86861313868615
600511.SH,20260824,26.4,14700,388080.0,0.0,2.074708118003333,45.0
600512.SH,20260824,2.02,37700,76154.0,0.0,2.2847387378722073,45.0
600513.SH,20260824,16.7,104900,1751830.0,0.36057692307691624,7.507193956746361,47.1634615384615
600515.SH,20260824,2.8,604400,1692320.0,-0.3558718861210064,6.5067252052522075,42.864768683273965
600516.SH,20260824,5.07,74900,379743.0,-0.19685039370078705,3.1469802963745184,43.818897637795274
600517.SH,20260824,4.85,24800,120280.0,0.0,1.6735855123930135,45.0
600518.SH,20260824,1.36,790000,1074400.0,0.0,7.170290119121317,45.0
600519.SH,20260824,1271.01,29800,37876098.0,-0.14298845878867317,6.0122752186161375,44.14206924726796
600520.SH,20260824,24.8,29900,741520.0,0.4862236628849326,5.273706633085026,47.9173419773096
600521.SH,20260824,16.51,153800,2539238.0,-0.6618531889289958,4.297906494367045,41.02888086642602
600522.SH,20260824,33.42,711600,23781672.0,-0.029913251570434785,4.783407862833891,44.820520490577394
600523.SH,20260824,11.8,22600,266680.0,-0.16920473773265332,6.9500451044062626,43.98477157360408
600525.SH,20260824,5.78,161700,934626.0,0.17331022530331364,6.384310612648413,46.03986135181988
600526.SH,20260824,4.63,67500,312525.0,0.433839479392617,3.4349262198950465,47.6030368763557
600527.SH,20260824,2.14,85500,182970.0,-0.46511627906975495,2.2677439249728133,42.20930232558147
600528.SH,20260824,6.94,75700,525358.0,0.0,10.058538905121882,45.0
600529.SH,20260824,18.7,23000,430100.0,-0.2134471718249653,2.6612427721596092,43.71931696905021
600530.SH,20260824,3.69,53100,195939.0,-0.2702702702702786,8.291234460838083,43.37837837837833
600531.SH,20260824,14.0,1255100,17571400.0,0.7194244604316502,12.205727450742026,49.3165467625899
600533.SH,20260824,2.18,137900,300622.0,0.0,9.418554592022366,45.0
600535.SH,20260824,14.99,93300,1398567.0,0.13360053440214514,5.522758810823645,45.80160320641287
600536.SH,20260824,33.85,269600,9125960.0,-0.1474926253687281,9.678703538787303,44.11504424778763
600537.SH,20260824,2.13,70000,149100.0,0.0,2.951155701074648,45.0
600538.SH,20260824,5.21,45100,234971.0,0.0,4.885903706914397,45.0
600539.SH,20260824,15.06,234700,3534582.0,-0.33090668431501324,11.79232302249808,43.01455989410992
600540.SH,20260824,3.96,204100,808236.0,0.25316455696202667,5.011732027667248,46.51898734177216
600543.SH,20260824,4.01,32400,129924.0,-0.7425742574257432,12.140377388533098,40.54455445544554
600545.SH,20260824,4.23,172600,730098.0,-0.47058823529411153,2.594476286221006,42.17647058823533
600546.SH,20260824,13.38,168200,2250516.0,1.2869038607115746,4.144142416860154,52.721423164269446
600547.SH,20260824,37.8,2792300,105548940.0,2.0242914979757165,15.650102639563746,57.1457489878543
600548.SH,20260824,8.15,14400,117360.0,-0.3667481662591565,5.588664306849671,42.79951100244506
600549.SH,20260824,56.26,502700,28281902.0,1.2234616768621809,8.810591175766223,52.34077006117309
600550.SH,20260824,11.01,52900,582429.0,-0.1813236627379866,3.4280638232501075,43.91205802357208
600551.SH,20260824,6.85,5200,35620.0,-0.1457725947521915,2.016777984846988,44.12536443148685
600552.SH,20260824,18.08,98500,1780880.0,0.0,2.2853125832952954,45.0
600556.SH,20260824,4.58,34800,159384.0,0.0,1.2660541897311173,45.0
600557.SH,20260824,12.06,23500,283410.0,0.0,2.9453295455972057,45.0
600558.SH,20260824,4.78,7400,35372.0,0.0,0.659248757599756,45.0
600559.SH,20260824,11.34,39900,452466.0,-0.5263157894736858,4.7259470154268906,41.84210526315788
600560.SH,20260824,11.16,7700,85932.0,0.4500450045004545,4.675127291292225,47.70027002700273
600561.SH,20260824,5.71,151400,864494.0,-0.17482517482516613,38.26150889390411,43.951048951049
600562.SH,20260824,25.93,16500,427845.0,-0.3075740099961588,1.8061766695470003,43.154555940023045
600563.SH,20260824,133.07,69300,9221751.0,0.0,12.257244431417194,45.0
600566.SH,20260824,24.64,19400,478016.0,1.0250102501025093,3.3533521992599566,51.15006150061505
600567.SH,20260824,1.33,227500,302575.0,0.0,6.725047838799775,45.0
600568.SH,20260824,,0,0.0,,0.0,0.0
600569.SH,20260824,1.75,95900,167825.0,0.0,5.749205491146411,45.0
600570.SH,20260824,21.23,88300,1874609.0,-0.3754106053495909,5.907584319882993,42.747536367902455
600571.SH,20260824,10.27,12900,132483.0,-0.7729468599033784,1.9622490959276804,40.36231884057973
600572.SH,20260824,4.29,378600,1624194.0,-0.6944444444444531,4.891785000418025,40.83333333333328
600573.SH,20260824,9.84,65900,648456.0,1.0266940451745254,16.100255908400335,51.16016427104715
600575.SH,20260824,3.28,73700,241736.0,0.0,2.2330581827699225,45.0
600576.SH,20260824,5.45,45900,250155.0,0.0,9.9379118375664,45.0
600577.SH,20260824,8.75,2500100,21875875.0,1.0392609699769073,18.541819956885732,51.23556581986144
600578.SH,20260824,5.56,466000,2590960.0,0.5424954792043302,8.218360704560567,48.25497287522598
600579.SH,20260824,6.96,18200,126672.0,0.0,4.685298946166517,45.0
600580.SH,20260824,30.62,144500,4424590.0,-0.9702457956015542,3.2211083359425454,39.178525226390676
600581.SH,20260824,2.26,72600,164076.0,0.0,12.751419822988135,45.0
600582.SH,20260824,4.76,173900,827764.0,-0.20964360587001352,8.035407498302861,43.74213836477992
600583.SH,20260824,6.0,622700,3736200.0,-1.9607843137254943,14.233863063501751,33.23529411764703
600584.SH,20260824,78.56,430800,33843648.0,-0.012727504136422763,4.056098462110018,44.923634975181464
600585.SH,20260824,17.4,95300,1658220.0,-0.05743825387709567,3.8593319471310203,44.655370476737424
600586.SH,20260824,4.26,48600,207036.0,-0.23419203747072626,3.8326251521884624,43.594847775175644
600587.SH,20260824,12.42,24700,306774.0,0.08058017727639033,5.140731061176701,45.483481063658346
600588.SH,20260824,10.7,155500,1663850.0,-0.46511627906977715,3.1483241497136376,42.20930232558133
600589.SH,20260824,7.77,270700,2103339.0,1.171875,5.931944471644201,52.03125
600590.SH,20260824,8.29,28200,233778.0,0.0,1.6929423051652448,45.0
600592.SH,20260824,13.98,10700,149586.0,0.3589375448671994,2.4820356641508705,47.1536252692032
600593.SH,20260824,40.38,14500,585510.0,0.6731488406881203,4.143523454733997,49.03889304412872
600594.SH,20260824,3.74,115913,433515.0,0.5376344086021501,2.070405121566615,48.2258064516129
600595.SH,20260824,6.19,334700,2071793.0,0.0,5.415882763261735,45.0
600596.SH,20260824,10.66,108300,1154478.0,0.37664783427495685,3.568488260346286,47.259887005649745
600597.SH,20260824,6.6,25900,170940.0,-0.30211480362538623,3.7074959629958326,43.18731117824768
600598.SH,20260824,12.46,590800,7361368.0,-0.4792332268370503,9.928683689805636,42.1246006389777
600600.SH,20260824,50.77,18300,929091.0,-0.09838646202281476,4.951786660147648,44.40968122786311
600601.SH,20260824,12.45,218700,2722815.0,-0.0802568218298716,1.1092484058974603,44.51845906902077
600602.SH,20260824,18.2,105500,1920100.0,-0.5464480874317057,2.85418501369823,41.72131147540976
600603.SH,20260824,4.58,30200,138316.0,-0.6507592190889477,1.5553393300490197,41.09544468546631
600604.SH,20260824,4.92,2447300,12040716.0,9.576837416481055,86.59839680945599,100.0
600605.SH,20260824,24.54,8400,206136.0,-0.040733197556019896,4.108812819075021,44.75560081466388
600606.SH,20260824,1.26,349700,440622.0,-0.7874015748031482,6.298625541563978,40.27559055118111
600609.SH,20260824,3.2,54400,174080.0,-0.31152647975076775,4.43216501178465,43.13084112149539
600610.SH,20260824,7.73,1126300,8706299.0,-1.7789072426937724,12.4948550190073,34.32655654383737
600611.SH,20260824,4.73,5802906,27447745.0,6.772009029345383,51.28268945199201,85.6320541760723
600612.SH,20260824,35.18,17200,605096.0,0.3708987161198385,4.578575334065688,47.22539229671903
600613.SH,20260824,9.32,4527200,42193504.0,3.5555555555555562,44.99494550588322,66.33333333333334
600615.SH,20260824,9.39,10400,97656.0,0.2134471718249875,5.638613253120015,46.28068303094992
600616.SH,20260824,4.23,7000,29610.0,0.0,1.1420695573201858,45.0
600617.SH,20260824,3.37,61000,205570.0,0.29761904761904656,1.9757362443148325,46.78571428571428
600618.SH,20260824,10.08,3800,38304.0,-0.29673590504450953,0.7078143506292098,43.219584569732945
600619.SH,20260824,13.89,92600,1286214.0,0.0,2.970199499007018,45.0
600620.SH,20260824,4.37,82400,360088.0,0.0,18.257008534333167,45.0
600621.SH,20260824,12.76,30700,391732.0,0.07843137254901489,6.2167522374948785,45.47058823529409
600622.SH,20260824,2.27,125600,285112.0,0.4424778761062065,7.930729895465362,47.65486725663724
600623.SH,20260824,8.17,19100,156047.0,0.0,1.738974342464222,45.0
600624.SH,20260824,4.03,61668,248522.0,-0.7389162561576179,41.93597812030055,40.56650246305429
600626.SH,20260824,3.54,76700,271518.0,0.5681818181818121,9.469343854594001,48.40909090909087
600628.SH,20260824,6.11,11800,72098.0,-0.16339869281045694,2.565971954678909,44.01960784313726
600629.SH,20260824,16.6,97500,1618500.0,0.0,4.822387376070231,45.0
600630.SH,20260824,6.66,7300,48618.0,0.0,1.0693723942323659,45.0
600633.SH,20260824,10.2,57700,588540.0,0.3937007874015741,3.710957321247973,47.362204724409445
600635.SH,20260824,4.52,72000,325440.0,0.6681514476614581,3.1567051219063473,49.00890868596875
600637.SH,20260824,8.1,748700,6064470.0,1.5037593984962294,12.758364899389008,54.02255639097738
600638.SH,20260824,4.83,13500,65205.0,-1.0245901639344246,1.139924494883906,38.85245901639345
600639.SH,20260824,9.3,47300,439890.0,-0.4282655246252598,11.425694995579876,42.43040685224844
600640.SH,20260824,11.13,233700,2601081.0,4.70366886171214,20.56934929154084,73.22201317027285
600641.SH,20260824,32.44,382100,12395324.0,-0.3379416282642045,6.174939494697051,42.972350230414776
600642.SH,20260824,8.35,68300,570305.0,0.11990407673860837,2.4030046100584053,45.719424460431654
600643.SH,20260824,3.92,56400,221088.0,-0.2544529262086592,4.941664187132361,43.473282442748044
600644.SH,20260824,8.73,73700,643401.0,0.4602991944764101,4.611640779602324,47.76179516685846
600645.SH,20260824,20.08,51600,1036128.0,0.24962556165750716,4.236668019711435,46.497753369945045
600648.SH,20260824,8.97,6700,60099.0,-0.22246941045606095,3.603123006371159,43.66518353726364
600649.SH,20260824,3.83,1294000,4956020.0,-1.2886597938144284,30.45351285414179,37.26804123711343
600650.SH,20260824,10.53,29200,307476.0,1.837524177949712,7.870289149093136,56.025145067698276
600651.SH,20260824,5.69,7200,40968.0,-0.17543859649122862,0.18377436287079615,32.026753737795936
600653.SH,20260824,1.66,30900,51294.0,-0.5988023952095856,1.7545623358261866,41.40718562874249
600654.SH,20260824,2.85,128100,365085.0,0.0,3.2283722887986532,45.0
600655.SH,20260824,4.5,32900,148050.0,0.0,1.8482576361035763,45.0
600657.SH,20260824,2.59,71700,185703.0,0.0,2.9486429483056935,45.0
600658.SH,20260824,4.01,11000,44110.0,0.24999999999999467,1.5058567963301202,46.49999999999997
600660.SH,20260824,56.61,20700,1171827.0,-0.26427061310781985,2.927547543427117,43.41437632135308
600661.SH,20260824,8.53,14400,122832.0,0.11737089201877549,2.2517612921111967,45.70422535211265
600662.SH,20260824,4.15,256100,1062815.0,0.9732360097323589,15.500618878413917,50.83941605839415
600663.SH,20260824,9.28,49300,457504.0,-0.9605122732123772,2.779056301232442,39.23692636072574
600664.SH,20260824,8.06,6922500,55795350.0,-1.3463892288861579,17.73843151683599,36.921664626683054
600665.SH,20260824,3.45,27100,93495.0,0.29069767441860517,3.3335421514006103,46.74418604651163
600666.SH,20260824,3.47,292200,1013934.0,-0.2873563218390718,3.8991911939610286,43.275862068965566
600667.SH,20260824,21.26,943000,20048180.0,-0.839552238805974,4.757757111644675,39.962686567164155
600668.SH,20260824,7.31,18600,135966.0,-0.27285129604366354,5.164732933819846,43.362892223738015
600671.SH,20260824,20.48,9000,184320.0,-0.14627011214042307,4.9285395193492105,44.12237932715746
600673.SH,20260824,33.78,52800,1783584.0,0.11855364552459946,2.157498373146233,45.7113218731476
600674.SH,20260824,15.25,26100,398025.0,0.0,0.871003807614399,45.0
600675.SH,20260824,2.2,112900,248380.0,-0.4524886877827927,4.3645238052019435,42.28506787330324
600676.SH,20260824,6.6,54600,360360.0,0.0,7.955753154677119,45.0
600678.SH,20260824,5.47,33400,182698.0,0.1831501831501825,4.539833060534503,46.098901098901095
600679.SH,20260824,9.43,3700,34891.0,0.42598509052182987,1.571443408445485,47.55591054313098
600681.SH,20260824,3.4,63100,214540.0,-0.5847953216374324,5.73874414108569,41.4912280701754
600682.SH,20260824,5.66,39800,225268.0,0.0,3.0582474165711946,45.0
600683.SH,20260824,10.0,598500,5985000.0,-0.09990009990009652,15.92780137611733,44.40059940059942
600684.SH,20260824,3.5,56400,197400.0,1.1560693641618602,4.503725806419598,51.936416184971165
600685.SH,20260824,25.51,16900,431119.0,-0.3126221180148381,2.4910620979215254,43.12426729191097
600686.SH,20260824,11.03,40600,447818.0,0.0,2.8087146283016935,45.0
600688.SH,20260824,2.82,513000,1446660.0,-0.35335689045937757,9.060447853905293,42.87985865724374
600689.SH,20260824,10.88,8300,90304.0,0.8341056533827773,3.3426088161603644,50.00463392029666
600690.SH,20260824,20.85,123100,2566635.0,-0.04793863854265501,2.922795015931965,44.71236816874407
600691.SH,20260824,2.56,196700,503552.0,0.0,6.766983000419832,45.0
600692.SH,20260824,6.32,34000,214880.0,0.31746031746031633,4.160690240852033,46.9047619047619
600693.SH,20260824,8.88,49900,443112.0,-0.7821229050279155,1.3479776301762811,40.30726256983251
600694.SH,20260824,14.31,25200,360612.0,-0.3481894150417775,10.024341995149614,42.91086350974933
600697.SH,20260824,10.97,88800,974136.0,2.7153558052434468,21.545748231676114,61.29213483146068
600698.SH,20260824,6.62,39900,264138.0,0.6079027355623046,1.4239847578674405,48.647416413373826
600699.SH,20260824,19.35,47700,922995.0,-0.3604531410916545,2.7700647629343975,42.83728115345007
600702.SH,20260824,34.9,15800,551420.0,-0.0572737686139857,2.4021798490471613,44.65635738831609
600703.SH,20260824,13.65,678400,9260160.0,-1.015228426395931,4.728374877837129,38.90862944162441
600704.SH,20260824,4.85,94600,458810.0,0.0,2.663083539162045,45.0
600706.SH,20260824,7.93,41900,332267.0,0.6345177664974555,10.120518625294215,48.80710659898473
600707.SH,20260824,9.7,582800,5653160.0,-0.6147540983606592,5.023043713727513,41.31147540983604
600708.SH,20260824,3.03,33200,100596.0,-0.328947368421062,2.14323283224077,43.02631578947363
600710.SH,20260824,10.17,64800,659016.0,0.09842519685039353,5.716990443176412,45.59055118110236
600711.SH,20260824,12.15,790500,9604575.0,0.4132231404958775,5.933731866041995,47.47933884297527
600712.SH,20260824,5.21,35500,184955.0,-0.3824091778202754,4.092676310030382,42.70554493307835
600713.SH,20260824,5.21,160600,836726.0,0.19230769230769162,15.753739146859203,46.153846153846146
600714.SH,20260824,15.35,278700,4278045.0,-1.7914267434421038,9.577223576329684,34.25143953934737
600715.SH,20260824,1.57,61800,97026.0,0.0,4.323101511882514,45.0
600716.SH,20260824,3.53,12700,44831.0,0.0,2.611458987202913,45.0
600717.SH,20260824,4.24,250800,1063392.0,0.23640661938533203,9.492367843179261,46.418439716311994
600718.SH,20260824,8.07,5200,41964.0,0.0,0.6877465135878366,45.0
600719.SH,20260824,7.06,29800,210388.0,0.28409090909089496,4.04583562462996,46.70454545454537
600720.SH,20260824,5.1,28000,142800.0,0.19646365422396617,4.445189736604765,46.1787819253438
600721.SH,20260824,13.25,1473200,19519900.0,0.0,11.47242667671393,45.0
600722.SH,20260824,13.77,2177200,29980044.0,-2.685512367491172,13.25902165307835,28.886925795052967
600724.SH,20260824,5.01,14400,72144.0,-0.3976143141153132,3.419387735079352,42.61431411530812
600725.SH,20260824,3.18,37400,118932.0,0.3154574132492094,2.2925598786985772,46.892744479495256
600726.SH,20260824,5.63,154200,868146.0,0.8960573476702427,2.2090670596204083,50.376344086021454
600727.SH,20260824,7.41,74200,549822.0,-0.26917900403767847,8.200233516840395,43.38492597577393
600728.SH,20260824,4.58,26300,120454.0,0.0,1.484816538549149,45.0
600729.SH,20260824,18.93,8800,166584.0,-0.5254860746190304,3.441485410088446,41.84708355228582
600730.SH,20260824,10.02,92700,928854.0,-3.0009680542110395,7.274852584129527,26.994191674733763
600731.SH,20260824,5.86,46100,270146.0,0.17094017094019254,12.270119774311842,46.02564102564116
600732.SH,20260824,11.68,93600,1093248.0,-1.1844331641285955,4.634743122246954,37.89340101522843
600733.SH,20260824,5.05,594200,3000710.0,-0.19762845849802257,9.32171313349298,43.814229249011866
600734.SH,20260824,1.66,316000,524560.0,0.0,15.75067429646753,45.0
600735.SH,20260824,6.04,9000,54360.0,-0.16528925619834212,4.519539150009042,44.00826446280995
600736.SH,20260824,6.7,134500,901150.0,0.4497751124437732,8.025628718482675,47.69865067466264
600737.SH,20260824,14.77,976600,14424382.0,1.4423076923076872,12.631979618711044,53.653846153846125
600738.SH,20260824,4.02,81300,326826.0,0.49999999999998934,6.163466570794794,47.999999999999936
600739.SH,20260824,10.63,66100,702643.0,-0.2814258911819856,4.021928092097593,43.31144465290809
600740.SH,20260824,3.7,791900,2930030.0,2.4930747922437657,10.273900937382527,59.95844875346259
600741.SH,20260824,15.28,38601,589823.0,0.1310615989515096,2.876969130047045,45.786369593709054
600742.SH,20260824,7.55,4900,36995.0,0.0,1.4935396688294296,45.0
600743.SH,20260824,2.23,73300,163459.0,0.0,3.6310139536326056,45.0
600744.SH,20260824,6.45,263700,1700865.0,0.9389671361502483,4.867123241733433,50.63380281690149
600745.SH,20260824,17.15,886400,15201760.0,2.879424115176943,20.258926251881114,62.27654469106166
600746.SH,20260824,6.61,21600,142776.0,0.3034901365705611,1.6620273408945472,46.82094081942337
600748.SH,20260824,3.9,73300,285870.0,0.5154639175257714,5.580268800417891,48.09278350515463
600749.SH,20260824,13.65,29500,402675.0,-0.4376367614879695,1.590266808087431,42.374179431072186
600750.SH,20260824,23.21,319600,7417916.0,-5.727051177904141,29.980310335534394,15.0
600751.SH,20260824,3.16,119500,377620.0,0.0,4.5049195745042505,45.0
600753.SH,20260824,10.0,700,7000.0,0.0,0.6036029230937443,45.0
600754.SH,20260824,18.9,32700,618030.0,-0.42149631190727677,4.431174350825931,42.47102212855634
600755.SH,20260824,5.64,20000,112800.0,-0.1769911504424848,1.7319513017057326,43.93805309734509
600756.SH,20260824,14.23,20700,294561.0,0.0,2.355368973622108,45.0
600757.SH,20260824,7.54,24400,183976.0,0.0,2.108115346873699,45.0
600758.SH,20260824,3.34,413900,1382426.0,0.0,5.854134614005086,45.0
600759.SH,20260824,2.54,3148500,7997190.0,-1.5503875968992276,14.437715009898374,35.697674418604635
600760.SH,20260824,44.11,34500,1521795.0,0.1362088535754813,1.7640029285651373,45.817253121452886
600761.SH,20260824,16.88,280000,4726400.0,2.241066020593574,25.91730843224543,58.44639612356144
600763.SH,20260824,35.08,24800,869984.0,-0.8199038733389896,3.30560462653333,40.080576759966064
600764.SH,20260824,17.42,11300,196846.0,0.11494252873565092,3.753935252006689,45.68965517241391
600765.SH,20260824,13.11,20200,264822.0,0.07633587786259888,2.0538175073691836,45.4580152671756
600768.SH,20260824,15.2,16600,252320.0,-0.06574621959238858,5.092806570172595,44.60552268244567
600769.SH,20260824,15.87,278100,4413447.0,3.3876221498371217,15.317782272104505,65.32573289902274
600770.SH,20260824,5.06,43600,220616.0,-0.19723865877713243,2.6624416966348647,43.816568047337206
600771.SH,20260824,13.47,14700,198009.0,0.22321428571430157,1.880594889464939,46.33928571428581
600773.SH,20260824,11.2,380000,4256000.0,0.0,10.556351366210633,45.0
600774.SH,20260824,7.29,16700,121743.0,-0.4098360655737765,4.0659049110672845,42.54098360655734
600775.SH,20260824,9.41,42400,398984.0,0.21299254526090383,4.183987391242377,46.277955271565425
600776.SH,20260824,12.55,39000,489450.0,0.07974481658692412,3.2125400550973757,45.478468899521545
600777.SH,20260824,4.09,128100,523929.0,-0.48661800486619056,6.027659662589391,42.080291970802854
600778.SH,20260824,5.61,151500,849915.0,1.0810810810810922,22.763658047519524,51.486486486486555
600779.SH,20260824,26.97,2900,78213.0,0.33482142857141906,1.4155237307495885,47.00892857142851
600780.SH,20260824,5.8,7700,44660.0,0.17271157167528806,1.2239543152063306,46.03626943005173
600782.SH,20260824,2.72,188900,513808.0,-0.3663003663003539,6.393544934641082,42.802197802197874
600783.SH,20260824,16.75,284600,4767050.0,-2.046783625730997,12.07165894563828,32.71929824561402
600784.SH,20260824,7.78,27800,216284.0,0.0,3.0156488057196102,45.0
600785.SH,20260824,10.71,3690360,39523756.0,9.958932238193018,232.9892894296839,100.0
600787.SH,20260824,4.52,28600,129272.0,0.22172949002217113,1.9199900382471187,46.33037694013303
600789.SH,20260824,7.33,57200,419276.0,0.0,2.752534771401605,45.0
600790.SH,20260824,3.31,29000,95990.0,-0.6006006006005982,2.83567247016968,41.39639639639641
600791.SH,20260824,7.38,87800,647964.0,-1.3368983957219305,9.214471050021716,36.97860962566842
600792.SH,20260824,3.67,96700,354889.0,0.2732240437158362,3.206935030777771,46.63934426229502
600793.SH,20260824,14.21,36100,512981.0,0.0,8.742730099539584,45.0
600794.SH,20260824,3.14,36700,115238.0,-0.31746031746030523,4.14141235177905,43.095238095238166
600795.SH,20260824,5.14,740100,3804114.0,0.5870841487279677,6.38878216139412,48.522504892367806
600796.SH,20260824,5.08,29100,147828.0,0.0,6.629499767136959,45.0
600797.SH,20260824,6.79,49800,338142.0,0.4437869822485174,3.900388402057096,47.6627218934911
600798.SH,20260824,3.34,435400,1454236.0,0.0,17.725503207106748,45.0
600800.SH,20260824,3.33,208600,694638.0,-1.1869436201780381,8.677463617451671,37.87833827893177
600801.SH,20260824,23.0,12700,292100.0,-0.7765314926660882,0.9573367577038644,40.34081104400347
600802.SH,20260824,4.6,43600,200560.0,0.0,6.7002308499461325,45.0
600803.SH,20260824,17.38,13000,225940.0,-0.7424328954883097,1.8144846744266874,40.54540262707014
600805.SH,20260824,4.6,596700,2744820.0,2.9082774049216997,33.086337969730394,62.4496644295302
600807.SH,20260824,2.62,35700,93534.0,0.0,3.50386744417006,45.0
600808.SH,20260824,2.52,150600,379512.0,0.3984063745019917,2.78373292782143,47.39043824701195
600809.SH,20260824,116.56,12900,1503624.0,0.008580008580016951,2.1014671075417266,45.0514800514801
600810.SH,20260824,6.28,35200,221056.0,0.31948881789138905,6.5797269366887905,46.91693290734833
600812.SH,20260824,4.83,346700,1674561.0,-1.6293279022403295,9.677396425001204,35.224032586558025
600814.SH,20260824,6.68,19100,127588.0,0.14992503748125774,5.723994090631551,45.89955022488755
600815.SH,20260824,3.93,115500,453915.0,0.25510204081633514,1.9012920094210994,46.53061224489801
600816.SH,20260824,2.46,245000,602700.0,0.0,5.43469253427621,45.0
600817.SH,20260824,9.62,27600,265512.0,0.8385744234800763,15.941264827858332,50.03144654088046
600818.SH,20260824,7.2,51900,373680.0,-0.4149377593360981,12.28702069998665,42.51037344398341
600819.SH,20260824,5.53,16500,91245.0,0.3629764065335772,3.0899522014923138,47.177858439201465
600820.SH,20260824,5.3,58800,311640.0,0.0,3.0362422926026036,45.0
600821.SH,20260824,6.3,2186400,13774320.0,6.2394603709949426,27.913879604304597,82.43676222596966
600822.SH,20260824,8.35,40100,334835.0,0.6024096385542022,17.30232723496941,48.61445783132521
600824.SH,20260824,3.55,402500,1428875.0,0.0,20.83092665758559,45.0
600825.SH,20260824,4.94,10800,53352.0,0.0,1.8525018010434176,45.0
600826.SH,20260824,7.92,91800,727056.0,0.50761421319796,20.699671891341637,48.04568527918776
600827.SH,20260824,7.46,45000,335700.0,0.0,3.2837944363072906,45.0
600828.SH,20260824,3.93,31000,121830.0,-0.25380710659898,3.32552210055513,43.47715736040612
600829.SH,20260824,9.62,151600,1458392.0,0.0,6.415748464820077,45.0
600830.SH,20260824,8.13,8800,71544.0,-0.12285012285011554,2.2236717101677783,44.26289926289931
600831.SH,20260824,3.37,23800,80206.0,0.0,1.9277005809876029,45.0
600833.SH,20260824,10.57,47000,496790.0,-0.0945179584120992,7.171777770370384,44.432892249527406
600834.SH,20260824,7.31,22300,163013.0,-0.6793478260869623,10.389081499987254,40.92391304347822
600835.SH,20260824,18.4,22300,410320.0,0.7667031763417098,3.9728349182522797,49.60021905805026
600838.SH,20260824,7.41,11900,88179.0,-0.13477088948786742,1.829898561500386,44.19137466307279
600839.SH,20260824,6.85,112500,770625.0,0.2928257686676261,2.733885641676246,46.75695461200576
600841.SH,20260824,5.66,7400,41884.0,0.0,0.7667702946480169,45.0
600843.SH,20260824,6.9,24400,168360.0,-0.28901734104045396,4.462579734220986,43.26589595375728
600844.SH,20260824,3.55,180400,640420.0,0.56657223796035,3.4492004995927954,48.3994334277621
600845.SH,20260824,17.28,51699,893359.0,-0.4034582132564912,5.50997810685437,42.579250720461054
600846.SH,20260824,11.53,16000,184480.0,0.5231037489101809,2.653958967906892,48.138622493461085
600847.SH,20260824,12.85,5500,70675.0,0.07788161993769194,2.854299202605528,45.46728971962615
600848.SH,20260824,8.4,36900,309960.0,-0.23752969121139111,7.642990574286067,43.57482185273165
600850.SH,20260824,14.39,9376,134921.0,0.06954102920722072,1.560388032273332,45.41724617524332
600851.SH,20260824,8.73,154500,1348785.0,-0.3424657534246478,8.634122843925029,42.94520547945211
600853.SH,20260824,3.27,113900,372453.0,0.6153846153846176,9.876017142686681,48.69230769230771
600854.SH,20260824,4.54,1500,6810.0,-0.219780219780219,0.2986164848314446,43.681318681318686
600855.SH,20260824,11.91,19500,232245.0,-0.0838926174496657,3.74827462679938,44.496644295302005
600857.SH,20260824,20.2,122900,2482580.0,-3.0710172744721764,17.420399252579838,26.57389635316694
600858.SH,20260824,4.86,50700,246402.0,0.0,8.004884239235329,45.0
600859.SH,20260824,9.69,20500,198645.0,0.10330578512396382,2.1860603270774117,45.61983471074378
600860.SH,20260824,8.51,224600,1911346.0,2.530120481927689,10.400669836426644,60.180722891566134
600861.SH,20260824,12.8,51400,657920.0,-0.7751937984496138,35.73329315655187,40.34883720930232
600862.SH,20260824,17.45,105200,1835740.0,0.4027617951668505,10.856657418433606,47.416570771001105
600863.SH,20260824,4.95,8871956,43916182.0,7.375271149674623,54.66522153046476,89.25162689804773
600864.SH,20260824,5.36,131000,702160.0,-0.18621973929235924,4.458983174914519,43.88268156424584
600865.SH,20260824,8.5,13600,115600.0,-0.7009345794392607,3.2487567112048916,40.794392523364436
600866.SH,20260824,4.23,195100,825273.0,-0.47058823529411153,9.203936701476188,42.17647058823533
600867.SH,20260824,8.1,242500,1964250.0,-0.12330456226880004,8.787018612294434,44.2601726263872
600868.SH,20260824,2.73,105700,288561.0,0.0,2.9779696746605206,45.0
600869.SH,20260824,16.89,1360400,22977156.0,-0.17730496453901567,7.021076264923157,43.93617021276591
600871.SH,20260824,2.18,2898700,6319166.0,-1.8018018018018056,25.207363915124542,34.189189189189165
600872.SH,20260824,18.35,20500,376175.0,-0.10887316276537717,2.408188266464292,44.34676102340774
600873.SH,20260824,7.75,31900,247225.0,-0.12886597938144284,1.3690111321246115,44.22680412371135
600874.SH,20260824,5.56,16700,92852.0,-0.17953321364453378,2.669671508668885,43.9228007181328
600875.SH,20260824,26.25,77900,2044875.0,0.076248570339299,2.722968806853147,45.457491422035794
600876.SH,20260824,7.08,16300,115404.0,-0.5617977528089901,7.462771984845537,41.62921348314606
600877.SH,20260824,12.26,18000,220680.0,0.16339869281045694,1.477149347014712,45.98039215686274
600879.SH,20260824,14.33,564600,8090718.0,-1.5796703296703352,7.3239991174178405,35.521978021977986
600880.SH,20260824,3.85,137500,529375.0,0.5221932114882533,11.628446429891765,48.13315926892952
600881.SH,20260824,1.96,759100,1487836.0,0.0,5.655053553881977,45.0
600882.SH,20260824,20.04,30400,609216.0,-0.6445215666832094,4.229551269378787,41.13287059990074
600883.SH,20260824,7.93,91400,724802.0,1.5364916773367598,15.796247795630768,54.21895006402056
600884.SH,20260824,11.89,155200,1845328.0,-0.3352891869237151,2.9369829441437707,42.98826487845771
600885.SH,20260824,35.12,36800,1292416.0,-0.05691519635743214,2.9733563673420913,44.658508821855406
600886.SH,20260824,13.71,71200,976152.0,-0.3633720930232509,2.9627881011492785,42.81976744186049
600887.SH,20260824,25.33,234900,5950017.0,-0.2755905511811041,3.4130422327222383,43.34645669291338
600888.SH,20260824,10.23,406800,4161564.0,-0.19512195121951237,4.354379326035882,43.829268292682926
600889.SH,20260824,13.27,5800,76966.0,0.0,2.5963005331716302,45.0
600892.SH,20260824,3.81,109200,416052.0,-0.5221932114882533,4.590888276501213,41.86684073107048
600893.SH,20260824,36.32,71800,2607776.0,0.0,2.5706488107311403,45.0
600894.SH,20260824,7.75,26500,205375.0,0.0,6.251632539830319,45.0
600895.SH,20260824,31.1,128900,4008790.0,0.6798316607316224,6.901554531347633,49.078989964389734
600897.SH,20260824,14.65,5600,82040.0,0.0,4.33035544860218,45.0
600900.SH,20260824,27.93,330000,9216900.0,-0.10729613733906351,3.5057338090951884,44.35622317596562
600901.SH,20260824,6.52,44200,288184.0,-0.3058103975535187,1.1099459326950576,43.16513761467889
600903.SH,20260824,6.11,701600,4286776.0,0.0,25.32382233420869,45.0
600905.SH,20260824,3.69,407200,1502568.0,0.0,8.030957332789258,45.0
600906.SH,20260824,6.4,86100,551040.0,-0.4665629860031051,3.5059798958673585,42.20062208398137
600908.SH,20260824,5.36,54000,289440.0,-0.3717472118959009,1.8926113587701938,42.769516728624595
600909.SH,20260824,8.16,368800,3009408.0,-0.1223990208078285,3.2645168594116987,44.26560587515303
600916.SH,20260824,8.18,891500,7292470.0,0.49140049140048436,8.347399422171232,47.94840294840291
600917.SH,20260824,4.83,20900,100947.0,0.20746887966804906,4.171650652823841,46.244813278008294
600918.SH,20260824,5.55,472100,2620155.0,0.18050541516245744,6.697097071922999,46.083032490974745
600919.SH,20260824,11.94,408200,4873908.0,0.0,3.5901534222391676,45.0
600925.SH,20260824,4.35,62800,273180.0,0.0,3.203039799440323,45.0
600926.SH,20260824,16.62,130100,2162262.0,-0.06013229104027129,3.7604829696301985,44.639206253758374
600927.SH,20260824,12.88,31900,410872.0,0.0,7.226423080626031,45.0
600928.SH,20260824,3.53,93800,331114.0,-0.28248587570621764,3.517622954873185,43.30508474576269
600929.SH,20260824,5.31,51700,274527.0,0.0,2.8961989191878983,45.0
600930.SH,20260824,3.91,1025200,4008532.0,-0.5089058524173073,10.186358532471262,41.94656488549616
600933.SH,20260824,13.68,4100,56088.0,-0.36416605972323657,0.6197689932847862,42.81500364166058
600935.SH,20260824,2.26,14600,32996.0,0.0,1.7701469829283498,45.0
600936.SH,20260824,4.83,864900,4177467.0,-2.2267206477732837,12.87811762192093,31.6396761133603
600938.SH,20260824,33.3,708200,23583060.0,-1.6538688718251704,20.279217692252722,35.07678676904898
600939.SH,20260824,2.6,32200,83720.0,0.0,3.520865099937771,45.0
600941.SH,20260824,96.05,29100,2795055.0,-0.2077922077922123,2.24345977243068,43.75324675324673
600955.SH,20260824,12.51,6200,77562.0,-0.4773269689737458,2.4013125020201342,42.13603818615753
600956.SH,20260824,7.01,23300,163333.0,0.0,4.1575484654898505,45.0
600958.SH,20260824,8.91,197100,1756161.0,0.0,6.073199889098873,45.0
600959.SH,20260824,3.01,103600,311836.0,0.3333333333333188,7.479125383926486,46.999999999999915
600960.SH,20260824,4.03,41900,168857.0,0.4987531172069959,6.582860213524552,47.99251870324198
600961.SH,20260824,28.8,616007,17741002.0,1.3727560718057141,9.238293973437282,53.236536430834285
600962.SH,20260824,25.43,100500,2555715.0,0.0,7.836543341349637,45.0
600963.SH,20260824,3.32,172700,573364.0,-0.5988023952095856,8.183761561198919,41.40718562874249
600965.SH,20260824,2.73,33900,92547.0,-1.0869565217391242,4.87067991422273,38.478260869565254
600966.SH,20260824,4.8,4300,20640.0,0.0,0.5537425227656186,45.0
600967.SH,20260824,10.83,17200,186276.0,0.18501387604070718,1.3297746463296725,46.110083256244245
600968.SH,20260824,3.99,243800,972762.0,-0.24999999999999467,7.333748461222892,43.50000000000003
600969.SH,20260824,8.75,38900,340375.0,0.8064516129032251,6.412446727238848,49.83870967741935
600970.SH,20260824,7.71,19200,148032.0,0.0,1.190606715268952,45.0
600971.SH,20260824,8.76,119900,1050324.0,0.6896551724137945,5.042203812963447,49.13793103448277
600973.SH,20260824,6.07,38700,234909.0,0.0,3.7793595027460847,45.0
600975.SH,20260824,4.88,16700,81496.0,-0.40816326530612734,1.4816708860906782,42.55102040816324
600976.SH,20260824,27.8,8400,233520.0,0.9440813362382006,4.810779805528058,50.66448801742921
600977.SH,20260824,11.97,79900,956403.0,0.16736401673640433,4.626585350927067,46.00418410041843
600979.SH,20260824,3.85,47100,181335.0,0.26041666666667407,3.6373041966549273,46.56250000000004
600980.SH,20260824,20.09,14900,299341.0,0.34965034965035446,5.1618004521931775,47.09790209790213
600981.SH,20260824,2.4,18100,43440.0,0.0,1.3732614364795142,45.0
600982.SH,20260824,4.78,21900,104682.0,-0.20876826722338038,1.9289866387242895,43.74739039665972
600983.SH,20260824,7.71,5800,44718.0,-0.6443298969072142,1.9909676727098116,41.13402061855672
600985.SH,20260824,18.29,208700,3817123.0,1.4420410427065988,7.116542789988338,53.65224625623959
600986.SH,20260824,7.07,75800,535906.0,0.14164305949009304,2.1994861082808965,45.84985835694056
600987.SH,20260824,6.44,18400,118496.0,0.0,3.938035102736169,45.0
600988.SH,20260824,49.6,1685100,83580960.0,0.3439206959336527,14.375606137662826,47.06352417560191
600989.SH,20260824,23.62,943771,22291871.0,-1.8287614297589294,12.174453990560375,34.02743142144642
600990.SH,20260824,18.0,3100,55800.0,0.16694490818029983,1.293428154134078,46.0016694490818
600992.SH,20260824,9.6,9100,87360.0,-0.20790020790020236,2.2980685990838605,43.752598752598786
600993.SH,20260824,22.6,230100,5200260.0,-1.781833985223813,30.171928400464655,34.308996088657125
600995.SH,20260824,12.36,35300,436308.0,0.32467532467532756,3.3191105372866665,46.94805194805197
600996.SH,20260824,6.58,21300,140154.0,0.0,1.6650139167549827,45.0
600997.SH,20260824,5.53,33900,187467.0,0.0,2.100893756493675,45.0
600998.SH,20260824,4.87,74700,363789.0,-0.8146639511201648,2.325493655608344,40.11201629327901
600999.SH,20260824,17.8,162800,2897840.0,-0.11223344556677839,4.541996977000891,44.32659932659933
601000.SH,20260824,4.5,74700,336150.0,0.44642857142855874,1.9085313457551594,47.67857142857135
601001.SH,20260824,16.69,202400,3378056.0,-0.8907363420427417,7.466004246954397,39.65558194774355
601002.SH,20260824,5.27,30300,159681.0,0.0,2.245876066139229,45.0
601003.SH,20260824,3.58,14700,52626.0,0.0,1.1742135947320012,45.0
601005.SH,20260824,1.18,487500,575250.0,0.0,26.875287732600302,45.0
601006.SH,20260824,4.67,775900,3623453.0,0.0,7.139557104406029,45.0
601007.SH,20260824,6.69,7800,52182.0,-0.29806259314455463,1.943399775716873,43.21162444113267
601008.SH,20260824,4.3,251000,1079300.0,-0.6928406466512715,17.428484797114788,40.84295612009237
601009.SH,20260824,11.75,210600,2474550.0,-0.2546689303904892,2.617294551650949,43.471986417657064
601010.SH,20260824,1.43,85300,121979.0,0.0,7.143725999610073,45.0
601011.SH,20260824,2.71,12396600,33594786.0,-5.902777777777779,56.361594875694294,15.0
601012.SH,20260824,12.4,181800,2254320.0,-0.16103059581320522,2.9929678598265346,44.03381642512077
601015.SH,20260824,3.61,1076500,3886165.0,1.4044943820224587,8.017140868391628,53.42696629213475
601016.SH,20260824,3.38,224300,758134.0,0.5952380952380931,3.3514888855448692,48.571428571428555
601018.SH,20260824,3.37,206600,696242.0,-0.2958579881656709,3.008894645423654,43.22485207100598
601019.SH,20260824,6.92,47200,326624.0,0.5813953488372103,6.2970433717190835,48.48837209302326
601020.SH,20260824,22.5,281700,6338250.0,1.6260162601625883,4.49438178982706,54.75609756097553
601021.SH,20260824,43.78,26500,1160170.0,0.4358797889424171,7.836851579851375,47.615278733654506
601022.SH,20260824,8.3,90800,753640.0,0.12062726176118588,8.43285932720857,45.723763570567115
601026.SH,20260824,15.56,16400,255184.0,-0.2564102564102555,2.9447193290733313,43.46153846153847
601033.SH,20260824,14.22,8100,115182.0,-0.07027406886858101,3.7921906395096796,44.57835558678851
601038.SH,20260824,12.72,25200,320544.0,0.15748031496063408,3.4390662602080244,45.944881889763806
601058.SH,20260824,13.81,44100,609021.0,-0.07235890014472002,2.454837248008057,44.56584659913168
601059.SH,20260824,16.45,42400,697480.0,0.060827250608253,5.418079214014657,45.36496350364952
601061.SH,20260824,12.08,125300,1513624.0,0.6666666666666599,4.624759683441197,48.99999999999996
601065.SH,20260824,6.76,30800,208208.0,0.1481481481481417,7.77365509453346,45.88888888888885
601066.SH,20260824,24.78,103100,2554818.0,0.0,6.216220691214394,45.0
601068.SH,20260824,4.4,170262,749153.0,-1.1235955056179692,16.311452276711666,38.258426966292184
601069.SH,20260824,32.19,536900,17282811.0,0.3741814780168218,7.661747451676283,47.24508886810093
601077.SH,20260824,6.78,74800,507144.0,-0.4405286343612258,0.8994702804941024,42.35682819383265
601083.SH,20260824,11.98,92500,1108150.0,0.5033557046979942,1.9648486022936034,48.02013422818796
601086.SH,20260824,7.52,54300,408336.0,0.13315579227695107,10.117488297157065,45.798934753661705
601088.SH,20260824,46.38,69200,3209496.0,-0.06464124111181802,2.8633161139678314,44.61215255332909
601089.SH,20260824,16.61,47600,790636.0,-0.30012004801921455,7.508145886641219,43.199279711884714
601096.SH,20260824,4.11,14800,60828.0,0.0,0.9221148574187407,45.0
601098.SH,20260824,10.18,30100,306418.0,0.2955665024630516,2.9638084628262122,46.773399014778306
601099.SH,20260824,3.36,667900,2244144.0,0.5988023952095745,7.086755099568898,48.59281437125745
601100.SH,20260824,105.99,7100,752529.0,0.18905378580205134,1.7313187933573821,46.134322714812306
601101.SH,20260824,12.8,315100,4033280.0,0.6289308176100628,4.013638517392017,48.77358490566038
601106.SH,20260824,3.05,91500,279075.0,0.0,2.814202692839288,45.0
601107.SH,20260824,5.51,11700,64467.0,0.1818181818181719,1.3467491978718993,46.09090909090903
601108.SH,20260824,8.41,282200,2373302.0,-0.4733727810650734,6.195224772382979,42.15976331360956
601111.SH,20260824,5.81,153800,893578.0,0.17241379310344307,2.3013751005836554,46.034482758620655
601112.SH,20260824,15.2,8600,130720.0,-0.13140604467806183,2.518197696319151,44.211563731931626
601113.SH,20260824,3.39,11800,40002.0,0.2958579881656931,1.3682689195365043,46.77514792899416
601116.SH,20260824,10.46,37200,389112.0,0.0,3.3495592710767745,45.0
601117.SH,20260824,7.51,145700,1094207.0,-0.13297872340425343,3.0733915620369427,44.20212765957448
601118.SH,20260824,6.08,1916100,11649888.0,-1.1382113821138296,10.504928593332814,38.170731707317024
601121.SH,20260824,7.48,26200,195976.0,0.402684563758382,2.23368297640331,47.416107382550294
601126.SH,20260824,45.21,67400,3047154.0,-0.5280528052805322,2.8353244255850214,41.83168316831681
601127.SH,20260824,50.22,109300,5489046.0,-0.554455445544555,5.781719789433237,41.67326732673267
601128.SH,20260824,6.25,73600,460000.0,0.1602564102564097,1.7213649656298984,45.96153846153846
601133.SH,20260824,25.36,21200,537632.0,0.03944773175541538,1.873687305492139,45.23668639053249
601136.SH,20260824,13.76,6900,94944.0,0.21849963583393528,1.1291617547404866,46.31099781500361
601137.SH,20260824,19.19,48300,926877.0,0.0,2.921138415018535,45.0
601138.SH,20260824,62.7,537200,33682440.0,-0.222788033099941,5.670651151134765,43.663271801400356
601139.SH,20260824,6.26,18500,115810.0,-0.31847133757962887,1.3374077248143583,43.08917197452223
601155.SH,20260824,10.95,214100,2344395.0,0.0914076782449813,13.83143217009663,45.54844606946989
601156.SH,20260824,18.54,11200,207648.0,-0.10775862068965747,1.0394254075088665,44.35344827586206
601158.SH,20260824,4.1,12500,51250.0,0.0,1.9525810454480859,45.0
601162.SH,20260824,3.6,257100,925560.0,-0.27700831024930483,3.1380887409426914,43.33795013850417
601163.SH,20260824,12.74,12600,160524.0,0.0,5.261671494225023,45.0
601166.SH,20260824,18.05,225200,4064860.0,-0.2762430939226568,1.9340018092946,43.34254143646406
601168.SH,20260824,38.78,800100,31027878.0,2.457067371202104,11.552359475586034,59.742404227212624
601169.SH,20260824,5.08,342800,1741424.0,-0.19646365422396617,1.643684622994729,43.8212180746562
601177.SH,20260824,13.79,1082100,14922159.0,-1.1469534050179253,40.02178855000577,38.11827956989245
601179.SH,20260824,12.89,229600,2959544.0,0.07763975155279379,3.723987383265474,45.46583850931676
601186.SH,20260824,5.99,71100,425889.0,-0.1666666666666594,2.758781828065024,44.00000000000004
601187.SH,20260824,7.19,40300,289757.0,-0.5532503457814641,2.007020877749358,41.680497925311215
601188.SH,20260824,2.83,55900,158197.0,-0.35211267605632646,4.920956492818191,42.88732394366204
601198.SH,20260824,13.61,97400,1325614.0,0.07352941176470562,6.693600414998843,45.44117647058823
601199.SH,20260824,6.43,34600,222478.0,-0.4643962848297267,4.136933122289832,42.213622291021636
601200.SH,20260824,6.88,4200,28896.0,-0.28985507246377384,0.6550969003166098,43.260869565217355
601208.SH,20260824,45.73,285900,13074207.0,0.0,5.61367317274202,45.0
601211.SH,20260824,17.39,432700,7524653.0,0.05753739930955959,4.91603757239783,45.34522439585736
601212.SH,20260824,6.53,19333499,126247748.0,7.2249589490968935,86.59634234601043,88.34975369458135
601216.SH,20260824,4.39,39800,174722.0,0.22831050228309113,1.007961623038933,46.36986301369855
601218.SH,20260824,4.39,18000,79020.0,0.22831050228309113,1.0144620148871724,46.36986301369855
601222.SH,20260824,5.45,12800,69760.0,0.0,0.9986365804874028,45.0
601225.SH,20260824,25.79,80100,2065779.0,0.23319082782742306,1.338732936624458,46.39914496696454
601226.SH,20260824,6.1,23400,142740.0,-0.16366612111293755,3.2171122061303006,44.01800327332238
601228.SH,20260824,3.02,57700,174254.0,0.33222591362127574,2.6639307922845163,46.993355481727654
601229.SH,20260824,9.73,118300,1151059.0,-0.10266940451745254,1.6039903003554083,44.38398357289528
601231.SH,20260824,27.33,113400,3099222.0,0.4041146216017699,4.972995527851464,47.42468772961062
601233.SH,20260824,24.87,272900,6787023.0,0.6475111290975333,5.065513556779706,48.8850667745852
601236.SH,20260824,6.75,8800,59400.0,-0.14792899408283544,1.0227255998806475,44.112426035502985
601238.SH,20260824,5.11,254800,1302028.0,0.0,7.350505879784271,45.0
601279.SH,20260824,3.24,12400,40176.0,0.9345794392523477,1.5705265149486558,50.60747663551409
601288.SH,20260824,6.73,3252300,21887979.0,-0.7374631268436516,8.437992405353903,40.57522123893809
601298.SH,20260824,8.82,71800,633276.0,-0.5636978579481311,7.971572744918924,41.61781285231121
601311.SH,20260824,7.4,292700,2165980.0,-3.520208604954367,13.823292879682455,23.878748370273797
601318.SH,20260824,53.34,1012400,54001416.0,-0.01874414245547351,7.55284256831441,44.88753514526716
601319.SH,20260824,6.93,317900,2203047.0,-0.2877697841726645,4.515258973712057,43.27338129496401
601326.SH,20260824,3.33,131600,438228.0,0.0,6.569339618929193,45.0
601328.SH,20260824,7.1,454938,3230060.0,-0.2808988764045006,2.9388890019839717,43.314606741572995
601330.SH,20260824,6.98,32400,226152.0,-0.14306151645206988,6.288773183406673,44.141630901287584
601333.SH,20260824,2.9,40200,116580.0,0.0,0.8956685024080752,45.0
601336.SH,20260824,58.66,92900,5449514.0,-0.22112604184385543,4.034591834456355,43.67324374893687
601339.SH,20260824,7.88,13200,104016.0,0.0,1.906978828237631,45.0
601360.SH,20260824,8.74,127800,1116972.0,-0.22831050228310223,1.8908873753999678,43.63013698630139
601366.SH,20260824,3.55,121000,429550.0,0.0,7.878487260015647,45.0
601368.SH,20260824,4.58,37000,169460.0,-0.43478260869563856,9.812492566512844,42.39130434782617
601369.SH,20260824,8.74,18900,165186.0,0.11454753722794919,2.4069346224794312,45.687285223367695
601375.SH,20260824,3.98,57400,228452.0,-0.25062656641604564,2.1963678326004143,43.49624060150373
601377.SH,20260824,5.79,245500,1421445.0,0.0,4.959861738478322,45.0
601388.SH,20260824,3.33,120000,399600.0,0.6042296072507503,3.3247270936537014,48.6253776435045
601390.SH,20260824,4.3,602400,2590320.0,0.0,6.806613801787456,45.0
601398.SH,20260824,7.76,1384200,10741392.0,-0.12870012870012104,3.822997280796397,44.227799227799274
601399.SH,20260824,3.1,44800,138880.0,0.0,1.057828630329918,45.0
601456.SH,20260824,8.75,44900,392875.0,0.0,4.265049123378386,45.0
601500.SH,20260824,3.96,55000,217800.0,0.0,5.417343782820727,45.0
601512.SH,20260824,7.63,1100,8393.0,-0.3916449086161955,0.4754449103347607,42.650130548302826
601515.SH,20260824,3.36,9600,32256.0,0.0,0.8453847042922615,45.0
601518.SH,20260824,2.75,65100,179025.0,0.0,7.765732836841183,45.0
601519.SH,20260824,7.91,117700,931007.0,-1.0012515644555742,4.450222860561766,38.992490613266554
601528.SH,20260824,4.85,83800,406430.0,-0.4106776180698213,3.699199513722234,42.53593429158107
601555.SH,20260824,7.83,57000,446310.0,0.0,1.4233718616441984,45.0
601566.SH,20260824,8.37,14300,119691.0,0.0,4.159282256147652,45.0
601567.SH,20260824,14.8,6300,93240.0,-0.26954177897573484,0.48003525695243726,43.38274932614559
601568.SH,20260824,3.7,69800,258260.0,0.0,3.4699018129034473,45.0
601577.SH,20260824,9.48,71400,676872.0,-0.42016806722687816,3.833374697623621,42.47899159663873
601579.SH,20260824,18.88,452600,8545088.0,1.1789924973204746,12.31633971827429,52.073954983922846
601588.SH,20260824,1.69,123900,209391.0,0.0,5.786487346751671,45.0
601595.SH,20260824,16.33,21300,347829.0,-0.12232415902142524,4.042546779483291,44.26605504587145
601598.SH,20260824,6.51,34900,227199.0,-0.15337423312883347,1.880336652917334,44.079754601227
601599.SH,20260824,3.03,15900,48177.0,0.3311258278145601,1.6322429872028652,46.98675496688736
601600.SH,20260824,9.5,1117700,10618150.0,0.849256900212314,7.09856224737568,50.095541401273884
601601.SH,20260824,30.41,369900,11248659.0,-0.03287310979619429,5.488040086004357,44.80276134122283
601606.SH,20260824,30.16,63800,1924208.0,0.03316749585406953,1.9700681204173198,45.19900497512442
601607.SH,20260824,16.2,34500,558900.0,0.06176652254477055,3.686182203877389,45.37059913526862
601608.SH,20260824,4.65,61600,286440.0,-0.21459227467810482,2.8233496814387467,43.71244635193137
601609.SH,20260824,13.1,950500,12451550.0,-0.9826152683295564,9.795833649914409,39.10430839002266
601611.SH,20260824,10.7,89300,955510.0,-0.0933706816059865,4.098262692355072,44.439775910364084
601615.SH,20260824,10.9,40600,442540.0,-0.45662100456620447,1.1021656748574449,42.260273972602775
601616.SH,20260824,3.79,60800,230432.0,-0.7853403141361182,1.775947134682953,40.287958115183294
601618.SH,20260824,2.55,181900,463845.0,0.0,2.7153809563659013,45.0
601619.SH,20260824,4.08,41000,167280.0,0.0,1.2516959870789777,45.0
601628.SH,20260824,37.0,488000,18056000.0,-0.08101539292465487,11.22379421597989,44.51390764245207
601633.SH,20260824,15.21,18800,285948.0,0.0,1.7383481363066333,45.0
601636.SH,20260824,5.91,50000,295500.0,-0.5050505050505083,0.8816757936322605,41.96969696969695
601658.SH,20260824,4.96,541900,2687824.0,-0.40160642570281624,2.3996707429013857,42.5903614457831
601665.SH,20260824,6.51,84900,552699.0,-0.15337423312883347,2.476001379288026,44.079754601227
601666.SH,20260824,9.85,355600,3502660.0,2.4973985431841816,7.93869607552706,59.98439125910509
601668.SH,20260824,4.38,730600,3200028.0,-0.2277904328018221,4.258274563814548,43.63325740318907
601669.SH,20260824,4.61,225200,1038172.0,0.0,4.171412570001622,45.0
601677.SH,20260824,16.64,143100,2381184.0,0.12033694344162349,5.4801213097856865,45.722021660649744
601678.SH,20260824,6.51,982500,6396075.0,0.6182380216383399,12.179842381662478,48.70942812983004
601686.SH,20260824,5.14,8200,42148.0,-0.1941747572815622,1.2898407171573145,43.83495145631063
601688.SH,20260824,18.57,288200,5351874.0,-0.1612903225806539,6.370892912459873,44.03225806451608
601689.SH,20260824,46.97,37700,1770769.0,0.10656436487637144,2.4709491156220897,45.63938618925823
601696.SH,20260824,11.65,94939,1106039.0,0.2581755593803914,4.5870900248294655,46.54905335628235
601698.SH,20260824,24.6,194100,4774860.0,0.6958657388456801,8.762163271432232,49.17519443307408
601699.SH,20260824,16.9,104800,1771120.0,1.2582384661473878,3.061504087683225,52.54943079688432
601700.SH,20260824,6.88,2536100,17448368.0,-1.854493580599148,14.284479717559941,33.87303851640511
601702.SH,20260824,15.99,64400,1029756.0,-0.1872659176029967,6.067048296657614,43.87640449438202
601717.SH,20260824,14.9,94100,1402090.0,0.20174848688636615,4.422662606536074,46.2104909213182
601718.SH,20260824,1.84,201700,371128.0,0.5464480874316946,9.091011972530215,48.278688524590166
601727.SH,20260824,6.53,103500,675855.0,0.0,2.6128899578932523,45.0
601728.SH,20260824,6.43,370800,2384244.0,0.0,3.66660508917855,45.0
601766.SH,20260824,6.04,692200,4180888.0,0.0,6.0316259474146054,45.0
601777.SH,20260824,8.01,46900,375669.0,-0.3731343283582045,2.181771437255096,42.76119402985077
601778.SH,20260824,3.63,437800,1589214.0,0.8333333333333304,4.006852969283474,49.999999999999986
601788.SH,20260824,14.24,80700,1149168.0,0.07027406886859211,5.984110774911226,45.42164441321155
601789.SH,20260824,4.22,407100,1717962.0,-0.23640661938535423,15.362436142091118,43.58156028368788
601798.SH,20260824,7.66,37800,289548.0,-0.9055627425614499,7.619651726747902,39.5666235446313
601799.SH,20260824,86.06,12900,1110174.0,-0.5086705202312136,2.7370625733439375,41.94797687861272
601800.SH,20260824,5.86,116400,682104.0,0.0,4.931278828536291,45.0
601801.SH,20260824,5.5,146200,804100.0,0.0,8.464984582327018,45.0
601808.SH,20260824,12.31,96500,1187915.0,-1.2038523274478408,8.13179677834725,37.776886035312955
601811.SH,20260824,11.97,10100,120897.0,0.588235294117645,5.2728202660315056,48.52941176470587
601816.SH,20260824,4.86,387500,1883250.0,-0.2053388090349051,4.093635771571633,43.76796714579057
601818.SH,20260824,3.02,561200,1694824.0,0.0,2.2058539940745336,45.0
601825.SH,20260824,8.7,65500,569850.0,-0.6849315068493178,2.188550124082938,40.89041095890409
601827.SH,20260824,8.2,53500,438700.0,0.12210012210012167,16.400613720162013,45.73260073260073
601828.SH,20260824,2.14,81400,174196.0,0.0,2.493965417182777,45.0
601838.SH,20260824,18.61,48600,904446.0,-0.2144772117962379,2.067229479895631,43.71313672922257
601857.SH,20260824,11.07,1786700,19778769.0,-1.1607142857142816,17.605056730512352,38.03571428571431
601858.SH,20260824,21.96,27300,599508.0,-0.49841413683733293,3.2831271307833685,42.009515178976
601860.SH,20260824,2.52,253800,639576.0,0.0,3.396635321652006,45.0
601865.SH,20260824,10.45,76300,797335.0,-1.041666666666674,5.010866403489894,38.74999999999996
601866.SH,20260824,2.39,158200,378098.0,0.0,2.5160002592272535,45.0
601868.SH,20260824,2.5,9478500,23696250.0,0.8064516129032251,48.05889852795135,49.83870967741935
601869.SH,20260824,370.92,153600,56973312.0,2.0132013201320076,9.619206209655072,57.079207920792044
601872.SH,20260824,19.76,1865037,36853131.0,-0.10111223458038054,13.810328365319858,44.39332659251772
601877.SH,20260824,25.82,327300,8450886.0,0.0,8.201373004640462,45.0
601878.SH,20260824,9.15,65900,602985.0,-0.21810250817884125,4.777092619846846,43.69138495092695
601880.SH,20260824,1.45,286303,415139.0,0.0,4.315116614192148,45.0
601881.SH,20260824,12.05,111700,1345985.0,-0.1657000828500399,6.999762483867084,44.00579950289976
601882.SH,20260824,20.18,23200,468176.0,0.3980099502487455,4.84849263127524,47.38805970149247
601886.SH,20260824,13.14,164800,2165472.0,0.381970970206269,5.382991350988361,47.291825821237616
601888.SH,20260824,52.35,109700,5742795.0,0.11474469305794432,7.208790774769304,45.68846815834767
601890.SH,20260824,8.46,91400,773244.0,-0.47058823529411153,6.868110602086829,42.17647058823533
601898.SH,20260824,14.36,346800,4980048.0,0.41958041958041203,5.049622276431231,47.51748251748247
601899.SH,20260824,35.4,3800832,134549453.0,1.899827288428324,11.449582665325295,56.398963730569946
601900.SH,20260824,11.94,130100,1553394.0,1.6170212765957315,20.95890108767726,54.70212765957439
601901.SH,20260824,6.73,319900,2152927.0,0.14880952380953438,5.814215651633895,45.89285714285721
601908.SH,20260824,2.96,21700,64232.0,-0.33670033670034627,1.1687274786331319,42.97979797979792
601916.SH,20260824,2.92,300700,878044.0,0.0,2.4444218524616566,45.0
601918.SH,20260824,10.42,694900,7240858.0,3.168316831683171,7.213578187746475,64.00990099009903
601919.SH,20260824,17.07,899300,15351051.0,0.3527336860670083,5.828493599768236,47.11640211640205
601921.SH,20260824,7.29,197500,1439775.0,-0.545702592087316,18.841658874728537,41.7257844474761
601928.SH,20260824,8.78,33700,295886.0,-0.11376564277587597,3.588111924508859,44.31740614334474
601929.SH,20260824,2.29,47500,108775.0,0.0,1.083434463843618,45.0
601933.SH,20260824,3.05,528000,1610400.0,-0.6514657980456029,5.210111260075373,41.09120521172638
601939.SH,20260824,10.47,713046,7465592.0,-0.5698005698005604,6.465276998272595,41.581196581196636
601949.SH,20260824,5.09,123800,630142.0,0.0,20.721835383044777,45.0
601952.SH,20260824,8.44,144500,1219580.0,0.0,4.388141716792245,45.0
601956.SH,20260824,4.94,132100,652574.0,-0.8032128514056214,20.519457912556586,40.18072289156627
601958.SH,20260824,23.5,2390400,56174400.0,7.110300820419324,19.90849981272467,87.66180492251594
601963.SH,20260824,11.02,251400,2770428.0,-0.6311992786294018,14.164208533612165,41.21280432822359
601965.SH,20260824,14.05,16100,226205.0,0.07122507122507837,4.090550415335398,45.42735042735047
601966.SH,20260824,10.92,4600,50232.0,0.18348623853210455,0.6592697178304083,46.10091743119263
601968.SH,20260824,4.38,600,2628.0,0.22883295194506825,0.11539305606038798,22.143747802540247
601969.SH,20260824,9.42,58600,552012.0,-0.42283298097252064,3.9269306012696505,42.46300211416488
601975.SH,20260824,3.95,2247900,8879205.0,-0.5037783375314908,8.963720396880065,41.977329974811056
601985.SH,20260824,8.7,396300,3447810.0,-0.11481056257177658,8.406002716980522,44.31113662456934
601988.SH,20260824,6.04,456900,2759676.0,-0.16528925619834212,1.6665748886033378,44.00826446280995
601990.SH,20260824,6.54,7200,47088.0,-0.304878048780477,0.6895034823747649,43.17073170731714
601991.SH,20260824,5.97,1159098,6919815.0,1.0152284263959421,6.748754291236263,51.09137055837565
601992.SH,20260824,1.38,407900,562902.0,0.0,21.43096835119038,45.0
601995.SH,20260824,33.83,85900,2905997.0,0.0,6.6890744138866856,45.0
601996.SH,20260824,2.51,92100,231171.0,-0.7905138339920903,4.983725942609896,40.25691699604746
601997.SH,20260824,5.72,106300,608036.0,-0.17452006980803736,2.4133087334889196,43.95287958115178
601998.SH,20260824,8.38,402700,3374626.0,-0.11918951132300348,4.187187103436027,44.284862932061976
601999.SH,20260824,6.09,18500,112665.0,-0.16393442622950616,4.183976112361474,44.01639344262296
603000.SH,20260824,16.04,35500,569420.0,0.6905210295040876,4.243172424681902,49.14312617702453
603001.SH,20260824,8.42,101300,852946.0,2.0606060606060517,7.576038441742766,57.36363636363631
603002.SH,20260824,16.61,261500,4343515.0,0.5447941888619745,4.391743755304963,48.26876513317185
603004.SH,20260824,19.63,36500,716495.0,-1.3567839195979925,9.3239526297738,36.85929648241205
603005.SH,20260824,32.71,43000,1406530.0,-0.1221374045801471,1.4117193306170994,44.267175572519115
603006.SH,20260824,11.36,4700,53392.0,-0.08795074758135568,1.8973361744099413,44.47229551451186
603007.SH,20260824,4.59,65300,299727.0,-0.6493506493506551,5.275014887331115,41.10389610389607
603008.SH,20260824,8.2,27400,224680.0,0.24449877750609694,5.755663871176828,46.466992665036585
603009.SH,20260824,45.16,17500,790300.0,0.6911928651059052,2.520697645159348,49.14715719063543
603010.SH,20260824,11.74,16900,198406.0,-0.170068027210879,1.8899947532322101,43.97959183673473
603011.SH,20260824,23.66,57100,1350986.0,-0.5046257359125339,1.7864380750139786,41.9722455845248
603012.SH,20260824,8.82,91600,807912.0,0.34129692832765013,4.919605559082672,47.0477815699659
603013.SH,20260824,16.11,23000,370530.0,-0.7393715341959428,11.300875556324813,40.56377079482434
603014.SH,20260824,32.46,1600,51936.0,-0.09233610341643494,1.544353186579935,44.44598337950139
603015.SH,20260824,10.83,18600,201438.0,-0.09225092250921829,3.458296791148046,44.44649446494469
603016.SH,20260824,29.93,48900,1463577.0,-0.49867021276595036,8.703566765936818,42.0079787234043
603017.SH,20260824,9.5,29100,276450.0,0.6355932203389925,8.165008486203883,48.81355932203395
603018.SH,20260824,5.21,13700,71377.0,0.0,2.8613117079950765,45.0
603019.SH,20260824,84.21,79149,6665137.0,0.11889192723812947,2.759628499516479,45.71335156342877
603020.SH,20260824,10.05,6400,64320.0,-0.09940357852882276,1.6396322359956939,44.40357852882706
603021.SH,20260824,5.43,125600,682008.0,1.6853932584269593,15.289132715064797,55.112359550561756
603022.SH,20260824,8.84,38800,342992.0,0.34052213393869213,13.959044104689575,47.043132803632155
603023.SH,20260824,4.07,152900,622303.0,0.24630541871923928,22.351410172152082,46.47783251231544
603025.SH,20260824,13.78,76000,1047280.0,-0.21723388848661207,7.738137833622131,43.69659666908033
603026.SH,20260824,65.27,25000,1631750.0,0.0,3.8912212329621414,45.0
603027.SH,20260824,7.22,11600,83752.0,0.0,1.5032532135555416,45.0
603028.SH,20260824,7.02,22500,157950.0,0.14265335235377208,7.938074275950378,45.85592011412263
603029.SH,20260824,15.88,13600,215968.0,0.37926675094817064,6.0829461053645195,47.27560050568903
603030.SH,20260824,2.09,115200,240768.0,0.0,4.089084390914552,45.0
603031.SH,20260824,38.88,11800,458784.0,-0.7656967840734996,1.495159288836771,40.405819295559
603032.SH,20260824,18.7,116500,2178550.0,1.7410228509249226,12.694280750315288,55.44613710554954
603033.SH,20260824,7.53,94000,707820.0,-0.659630606860151,11.937559188584629,41.04221635883909
603035.SH,20260824,11.0,13500,148500.0,-0.1814882032667886,4.199914576282921,43.91107078039927
603036.SH,20260824,15.68,267300,4191264.0,-0.6966434452184922,21.36857483260107,40.820139328689045
603037.SH,20260824,10.19,7300,74387.0,0.0,3.339099823360376,45.0
603038.SH,20260824,16.78,20400,342312.0,0.2389486260454099,2.0260143432999134,46.43369175627246
603039.SH,20260824,42.6,52400,2232240.0,-0.6993006993006978,4.00682136818536,40.804195804195814
603040.SH,20260824,53.93,1200,64716.0,-0.2404735479097364,0.9231272869656199,43.55715871254158
603041.SH,20260824,11.2,18700,209440.0,0.538599640933568,6.677034390584642,48.23159784560141
603042.SH,20260824,13.96,90600,1264776.0,1.013024602026058,9.591265994695037,51.07814761215635
603043.SH,20260824,13.5,30400,410400.0,0.0,9.076666381067206,45.0
603045.SH,20260824,58.5,271500,15882750.0,2.2012578616352085,16.465204450494458,58.20754716981125
603048.SH,20260824,21.18,44800,948864.0,-1.2126865671641895,14.015472315482127,37.72388059701486
603049.SH,20260824,49.26,12400,610824.0,0.0,6.919109230725873,45.0
603050.SH,20260824,18.39,23400,430326.0,-0.7555315704263377,4.182904575553812,40.466810577441976
603051.SH,20260824,21.55,28800,620640.0,1.7949929145016474,7.34833405083308,55.76995748700988
603052.SH,20260824,61.46,132800,8161888.0,0.0,13.552509679363629,45.0
603053.SH,20260824,8.7,6600,57420.0,-0.11481056257177658,3.795506667420215,44.31113662456934
603055.SH,20260824,8.75,12000,105000.0,0.4592422502870175,2.0888783936564943,47.7554535017221
603057.SH,20260824,21.7,22300,483910.0,-0.6410256410256387,13.740569383912463,41.15384615384617
603058.SH,20260824,8.95,24300,217485.0,0.11185682326622093,4.054651674594353,45.67114093959732
603059.SH,20260824,25.58,3600,92088.0,0.039108330074300035,2.777204270177752,45.2346499804458
603060.SH,20260824,5.51,21900,120669.0,0.36429872495444826,4.987585286059214,47.18579234972669
603061.SH,20260824,368.0,46600,17148800.0,0.5491953332058319,8.852772839213864,48.295171999234995
603062.SH,20260824,39.46,400,15784.0,0.05070993914808586,1.5137890608216351,45.30425963488852
603063.SH,20260824,31.65,26200,829230.0,-0.2206809583858771,1.8473207027312837,43.67591424968474
603065.SH,20260824,17.68,1175000,20774000.0,2.0196191575303057,18.319765404424835,57.11771494518183
603066.SH,20260824,8.94,52500,469350.0,-0.666666666666671,14.672201266276462,40.99999999999997
603067.SH,20260824,34.3,61000,2092300.0,0.3510825043885335,2.8728253123955874,47.1064950263312
603068.SH,20260824,38.76,114300,4430268.0,0.4145077720207224,11.533380719730797,47.48704663212433
603069.SH,20260824,12.97,10700,138779.0,0.38699690402477227,5.357151404735666,47.32198142414863
603070.SH,20260824,11.61,1300,15093.0,0.0,0.8673218769229284,45.0
603071.SH,20260824,12.46,50600,630476.0,0.0,7.789547353979067,45.0
603072.SH,20260824,31.54,21200,668648.0,0.09520787051728874,13.394507476286954,45.57124722310373
603073.SH,20260824,16.73,17600,294448.0,0.0,11.983302297407356,45.0
603075.SH,20260824,19.22,10200,196044.0,-0.15584415584416478,6.9650341034209715,44.064935064935014
603076.SH,20260824,20.44,2300,47012.0,0.0,1.6770232088925179,45.0
603077.SH,20260824,2.37,305000,722850.0,0.0,1.8895839147198903,45.0
603078.SH,20260824,35.0,214200,7497000.0,-2.9933481152993324,9.08053946873316,27.039911308204005
603079.SH,20260824,13.76,408400,5619584.0,-1.924447612259439,19.936403981576152,33.45331432644336
603080.SH,20260824,19.29,3700,71373.0,-0.5157297576070197,1.3859406551058533,41.905621454357885
603081.SH,20260824,9.4,1100,10340.0,-0.10626992561104665,0.39813960222234285,44.36238044633372
603082.SH,20260824,40.36,12800,516608.0,-1.3202933985330012,2.3142577847843744,37.078239608801994
603083.SH,20260824,183.56,203500,37354460.0,1.431176438083659,10.691717138256916,53.58705862850195
603085.SH,20260824,9.91,2000,19820.0,-0.20140986908357972,0.4841234735668706,43.79154078549852
603086.SH,20260824,5.65,9700,54805.0,0.17730496453902678,2.0702960808602007,46.06382978723416
603087.SH,20260824,68.44,60900,4167996.0,0.014613473622659967,5.856839822803333,45.08768084173596
603088.SH,20260824,9.62,226100,2175082.0,0.10405827263266776,17.677877792504635,45.62434963579601
603089.SH,20260824,9.55,165300,1578615.0,-0.2089864158829613,14.20866328153386,43.74608150470223
603090.SH,20260824,38.04,9400,357576.0,0.9018567639257125,5.115111465416436,50.41114058355427
603091.SH,20260824,49.6797,1280,63590.0,0.3833097595473678,2.8137567794657614,47.29985855728421
603092.SH,20260824,42.85,19500,835575.0,-0.6031083275342075,7.6139815983986034,41.38135003479476
603093.SH,20260824,11.29,44500,502405.0,-0.08849557522124796,3.991688218311011,44.46902654867251
603095.SH,20260824,14.7,506900,7451430.0,-3.669724770642202,34.60422568863706,22.981651376146786
603096.SH,20260824,15.05,17100,257355.0,-0.06640106241699861,11.187922582036288,44.60159362549801
603097.SH,20260824,19.53,9000,175770.0,-0.4587155963302725,3.033224603525861,42.24770642201837
603098.SH,20260824,10.05,1900,19095.0,0.0,0.4927492826878765,45.0
603099.SH,20260824,39.71,31700,1258807.0,-0.05033979360683505,5.163599715512998,44.69796123835899
603100.SH,20260824,17.35,3000,52050.0,-0.05760368663593196,1.2943579323177876,44.654377880184406
603101.SH,20260824,7.16,29000,207640.0,0.0,4.426838100399512,45.0
603102.SH,20260824,39.18,117400,4599732.0,-1.3595166163141936,20.199742386459054,36.84290030211484
603103.SH,20260824,14.55,16600,241530.0,0.06877579092161579,4.041413199185566,45.41265474552969
603105.SH,20260824,7.05,24300,171315.0,0.14204545454545858,0.6872810709505988,45.85227272727275
603106.SH,20260824,7.3,201700,1472410.0,-0.815217391304357,6.00293172159598,40.10869565217386
603107.SH,20260824,11.82,2200,26004.0,0.0,1.917376582891919,45.0
603108.SH,20260824,9.87,32400,319788.0,0.0,2.665763929660204,45.0
603109.SH,20260824,17.54,500,8770.0,0.057045065601823985,0.2568038150329674,45.342270393610946
603110.SH,20260824,25.49,27700,706073.0,-0.039215686274518546,2.60903757137816,44.764705882352885
603111.SH,20260824,5.74,3200,18368.0,-0.17391304347825765,0.5022599098234551,43.95652173913045
603112.SH,20260824,16.26,45700,743082.0,0.061538461538468425,5.158352341117753,45.36923076923081
603113.SH,20260824,5.09,514700,2619823.0,0.0,18.057661927308395,45.0
603115.SH,20260824,77.77,11700,909909.0,-0.7655990812811098,1.7641035899998274,40.40640551231334
603116.SH,20260824,6.31,3400,21454.0,0.7987220447284393,0.37596864631081683,49.792332268370636
603117.SH,20260824,3.83,8500,32555.0,0.0,1.056236078805237,45.0
603118.SH,20260824,17.36,2276300,39516568.0,-2.417088251826871,21.36121214199859,30.497470489038776
603119.SH,20260824,49.9,21100,1052890.0,0.020044097013416362,1.6242252205124188,45.120264582080495
603120.SH,20260824,48.15,3300,158895.0,-0.1451679800912542,2.4568128497241664,44.12899211945248
603121.SH,20260824,12.32,11400,140448.0,-0.08110300081103361,3.4606463588923466,44.5133819951338
603122.SH,20260824,11.86,88000,1043680.0,0.08438818565401629,5.814110668550474,45.506329113924096
603123.SH,20260824,9.12,2472300,22547376.0,-3.5940803382664033,28.602822159287058,23.43551797040158
603124.SH,20260824,132.79,6300,836577.0,0.27941398580275667,1.5910486806290194,46.676483914816544
603125.SH,20260824,23.0,5500,126500.0,-0.08688097306689402,1.4652392433370185,44.47871416159864
603126.SH,20260824,6.0,14900,89400.0,0.16694490818029983,3.238360737447911,46.0016694490818
603127.SH,20260824,49.26,225202,11093451.0,-0.020296326364943607,6.3837035931435295,44.87822204181034
603128.SH,20260824,5.34,17200,91848.0,0.18761726078799779,1.4762629588091325,46.125703564727985
603129.SH,20260824,309.57,5300,1640721.0,0.18122390861137205,3.622166823547584,46.08734345166823
603130.SH,20260824,40.27,5800,233566.0,0.4991265285750002,3.5574437934207253,47.99475917145
603131.SH,20260824,14.37,11200,160944.0,-0.6910850034554383,2.184088549059755,40.85348997926737
603132.SH,20260824,19.57,122300,2393411.0,3.3262935586061193,9.902657948644004,64.95776135163672
603135.SH,20260824,9.04,900,8136.0,-0.11049723756907381,0.17906703302631274,31.56908251932185
603136.SH,20260824,9.03,17300,156219.0,-0.11061946902655162,6.803718943025784,44.33628318584069
603137.SH,20260824,23.25,109000,2534250.0,-0.5985463873450225,6.331934242168924,41.40872167592987
603138.SH,20260824,13.01,12300,160023.0,0.6965944272445901,2.6462144571253576,49.17956656346754
603139.SH,20260824,34.91,1400,48874.0,0.08600917431191846,0.8381644606469832,45.51605504587151
603150.SH,20260824,54.25,3200,173600.0,0.6306807642366907,3.440948127092529,48.784084585420146
603151.SH,20260824,15.66,15100,236466.0,0.38461538461538325,4.94561416031904,47.3076923076923
603153.SH,20260824,13.11,1600,20976.0,-0.07621951219511924,1.4671368275054582,44.542682926829286
603155.SH,20260824,13.68,11300,154584.0,-0.5090909090909146,1.2745430481935724,41.94545454545451
603156.SH,20260824,55.0,1367200,75196000.0,3.714878370733543,64.62581484327444,67.28927022440126
603158.SH,20260824,10.18,38800,394984.0,1.0923535253227312,3.25625224726574,51.554121151936386
603159.SH,20260824,21.81,13400,292254.0,0.04587155963302614,5.572819778275934,45.27522935779815
603160.SH,20260824,48.87,30100,1470987.0,0.0,5.380946898751823,45.0
603161.SH,20260824,16.0,13200,211200.0,0.439422473320783,4.350621533252962,47.6365348399247
603162.SH,20260824,12.25,273700,3352825.0,-0.7293354943273878,7.391216930830857,40.62398703403567
603163.SH,20260824,82.2,3500,287700.0,-0.10936930368210529,1.2967907817746724,44.34378417790737
603165.SH,20260824,13.82,18400,254288.0,0.0,4.746440748072869,45.0
603166.SH,20260824,11.0,9400,103400.0,0.27347310847765094,1.0487306277063577,46.6408386508659
603167.SH,20260824,8.66,5300,45898.0,-0.23041474654377225,1.0761812929125474,43.61751152073737
603168.SH,20260824,5.56,49300,274108.0,-0.35842293906810374,8.180522782523761,42.84946236559138
603169.SH,20260824,6.29,17700,111333.0,0.0,2.2515969313662056,45.0
603170.SH,20260824,12.31,1500,18465.0,0.2442996742671122,0.7758888128850739,46.465798045602675
603171.SH,20260824,42.67,42500,1813475.0,0.21136683889151353,8.910867245514297,46.26820103334908
603172.SH,20260824,17.62,11000,193820.0,0.6857142857142895,12.784230978905228,49.114285714285735
603173.SH,20260824,31.6,2700,85320.0,0.445009535918639,4.814327058137514,47.67005721551183
603175.SH,20260824,92.8,8600,798080.0,1.0013060513713645,5.3622940212034225,51.007836308228185
603176.SH,20260824,4.9,17500,85750.0,-0.20366598778003286,4.449585957594486,43.778004073319806
603177.SH,20260824,10.36,91800,951048.0,-0.5758157389635365,11.697855581332863,41.54510556621878
603178.SH,20260824,16.0,42200,675200.0,-0.43559427504666903,5.629060893900205,42.386434349719984
603179.SH,20260824,37.57,196600,7386262.0,2.286958889191415,6.878775130033877,58.72175333514849
603180.SH,20260824,15.29,2400,36696.0,-0.5851755526658065,2.3749633199678004,41.488946684005164
603181.SH,20260824,12.64,13100,165584.0,-0.23677979479084232,3.896160581562862,43.579321231254944
603182.SH,20260824,13.11,18200,238602.0,-0.37993920972645423,8.091897958427188,42.720364741641276
603183.SH,20260824,4.75,31300,148675.0,-0.41928721174003813,1.9965697273591547,42.484276729559774
603185.SH,20260824,16.69,69300,1156617.0,-0.8318478906714,12.106277401943133,40.0089126559716
603186.SH,20260824,172.9,237300,41029170.0,0.3074780994372528,13.441935628823352,46.84486859662351
603187.SH,20260824,11.04,36500,402960.0,0.6381039197812077,8.737440309010843,48.828623518687245
603188.SH,20260824,4.6,100700,463220.0,0.4366812227074135,3.137730009150369,47.62008733624448
603189.SH,20260824,9.02,600,5412.0,0.0,0.2752091337700982,45.0
603190.SH,20260824,16.5,10500,173250.0,0.0,8.792939743925233,45.0
603191.SH,20260824,14.62,23500,343570.0,-0.7467752885268242,3.1802898415283147,40.51934826883905
603192.SH,20260824,20.17,900,18153.0,0.1987083954297253,0.8013386456321857,46.19225037257835
603193.SH,20260824,21.27,169000,3594630.0,1.47900763358777,30.543966111350514,53.87404580152662
603194.SH,20260824,33.79,24400,824476.0,1.5629696423203887,19.12369722833777,54.37781785392233
603195.SH,20260824,39.85,8100,322785.0,-0.374999999999992,2.626514133096912,42.75000000000005
603196.SH,20260824,19.59,6500,127335.0,-0.10198878123406363,4.668928818626259,44.388067312595616
603197.SH,20260824,30.68,2900,88972.0,0.0,1.2380365251666003,45.0
603198.SH,20260824,38.92,60700,2362444.0,-0.12830382345393465,8.029994038798995,44.23017705927639
603199.SH,20260824,33.88,33200,1124816.0,1.2855007473841606,11.562127966224923,52.71300448430496
603200.SH,20260824,35.9,14500,520550.0,0.9277481023334255,3.9954906948049707,50.566488614000555
603201.SH,20260824,15.16,1600,24256.0,0.198281559814939,0.4990277332564273,46.18968935888964
603202.SH,20260824,51.15,600,30690.0,0.0,0.8018097648463609,45.0
603203.SH,20260824,43.94,21500,944710.0,0.7105202842081049,4.177702780691901,49.26312170524863
603205.SH,20260824,21.51,500,10755.0,0.0,0.2663086698985058,45.0
603206.SH,20260824,13.85,3400,47090.0,1.1687363038714427,1.4484989118724834,52.01241782322866
603207.SH,20260824,23.59,32200,759598.0,0.5541346973571892,8.302698198202629,48.32480818414314
603208.SH,20260824,11.4,6400,72960.0,0.0,5.006234807096311,45.0
603209.SH,20260824,14.42,207000,2984940.0,0.0,14.503540956432373,45.0
603210.SH,20260824,13.28,6200,82336.0,0.0,3.1682757458863997,45.0
603211.SH,20260824,22.93,37500,859875.0,-0.6068487212830487,3.5687091547256036,41.35890767230171
603212.SH,20260824,11.57,25100,290407.0,0.5212858384013863,3.469156205672712,48.12771503040832
603213.SH,20260824,13.93,13700,190841.0,-0.28632784538297207,7.69649915576493,43.28203292770217
603214.SH,20260824,13.87,15900,220533.0,0.43446777697320194,8.799715642132687,47.606806661839215
603215.SH,20260824,14.5,13500,195750.0,1.115760111576014,16.199005716200865,51.69456066945608
603216.SH,20260824,21.07,11500,242305.0,0.04748338081672632,3.819524492412142,45.28490028490036
603217.SH,20260824,26.25,16000,420000.0,-0.9433962264150941,3.6981383316290932,39.339622641509436
603218.SH,20260824,9.66,10400,100464.0,0.20746887966804906,2.1905383760894312,46.244813278008294
603219.SH,20260824,13.57,9700,131629.0,0.36982248520711636,3.641653282758335,47.2189349112427
603220.SH,20260824,18.47,57763,1066883.0,0.0,3.2551715810309387,45.0
603221.SH,20260824,26.81,602600,16155706.0,2.094440213252091,32.65791337533387,57.566641279512545
603222.SH,20260824,8.32,18900,157248.0,1.2165450121654375,1.3816957906508749,52.29927007299263
603223.SH,20260824,10.48,15400,161392.0,0.19120458891013214,2.4885644487030714,46.14722753346079
603225.SH,20260824,19.13,49000,937370.0,0.5783385909568839,1.9993280984667032,48.47003154574131
603226.SH,20260824,44.55,2600,115830.0,-0.11210762331839152,0.45733454451113975,44.32735426008965
603227.SH,20260824,7.65,17500,133875.0,0.0,2.7395407913684626,45.0
603228.SH,20260824,94.84,579000,54912360.0,0.0,16.617985933845354,45.0
603229.SH,20260824,8.26,19300,159418.0,1.975308641975304,1.7609800282785437,56.851851851851826
603230.SH,20260824,9.13,19500,178035.0,0.5506607929515406,13.69509586567106,48.303964757709245
603231.SH,20260824,15.82,10400,164528.0,-1.6780609073958952,5.190487824083702,34.931634555624626
603232.SH,20260824,14.73,14200,209166.0,-0.06784260515603213,3.8002065126614593,44.59294436906381
603233.SH,20260824,17.66,14500,256070.0,0.0,2.417236916489255,45.0
603235.SH,20260824,22.88,1500,34320.0,-0.08733624454148048,4.280423088392608,44.47598253275112
603236.SH,20260824,58.27,89700,5226819.0,0.44819858645062105,8.634706521627495,47.68919151870372
603237.SH,20260824,14.14,100,1414.0,-0.07067137809186885,0.09648326022258566,16.942958571514204
603238.SH,20260824,12.34,8900,109826.0,0.3252032520325132,3.601680845610884,46.95121951219508
603239.SH,20260824,14.28,28200,402696.0,-0.4878048780487809,10.9544014362568,42.073170731707314
603248.SH,20260824,18.11,12200,220942.0,0.0,5.685796769424061,45.0
603255.SH,20260824,27.55,600,16530.0,0.0,0.3434399418283795,45.0
603256.SH,20260824,140.0,47400,6636000.0,-0.29200199415996275,3.8407544336287933,43.24798803504022
603257.SH,20260824,64.16,4100,263056.0,0.2656665103922373,4.8797367565889225,46.593999062353426
603258.SH,20260824,12.44,100,1244.0,-1.6600790513834007,0.055095628117619776,0.0
603259.SH,20260824,160.99,476200,76663438.0,-1.1482254697286032,7.119734825616497,38.11064718162838
603260.SH,20260824,35.11,18000,631980.0,-0.22733731173628646,1.596623535590614,43.63597612958228
603261.SH,20260824,49.5,5500,272250.0,-2.3090586145648295,4.699339941672604,31.145648312611023
603262.SH,20260824,17.74,17100,303354.0,0.3961516694962919,3.127495855181871,47.37691001697775
603266.SH,20260824,15.74,14700,231378.0,0.8327994875080069,10.79492946517749,49.996796925048045
603267.SH,20260824,49.19,15600,767364.0,0.0,2.0951725533083567,45.0
603268.SH,20260824,183.02,8600,1573972.0,0.11487336578961393,1.7045001315000845,45.689240194737685
603269.SH,20260824,17.74,41600,737984.0,-0.39303761931499537,1.4725795943533928,42.64177428411003
603270.SH,20260824,28.08,21600,606528.0,0.7534983853605848,6.973298191679035,49.520990312163505
603271.SH,20260824,43.29,4100,177489.0,-0.11536686663591311,2.8402910801875545,44.30779880018452
603272.SH,20260824,14.15,25400,359410.0,-0.7017543859649145,9.084629487350979,40.78947368421051
603273.SH,20260824,14.51,8900,129139.0,0.06896551724138167,5.328845855234595,45.41379310344829
603275.SH,20260824,,0,0.0,,0.0,0.0
603276.SH,20260824,16.12,2600,41912.0,-0.06199628022317549,1.2524295854993566,44.628022318660946
603277.SH,20260824,12.47,168500,2101195.0,-0.23999999999999577,16.803464912779116,43.560000000000024
603278.SH,20260824,9.15,46500,425475.0,0.9933774834437026,6.157899350681914,50.96026490066222
603279.SH,20260824,12.46,9100,113386.0,-0.0801924619085792,1.8259497238191862,44.51884522854853
603280.SH,20260824,26.61,10100,268761.0,0.18825301204818956,6.325803115218134,46.12951807228914
603281.SH,20260824,19.49,17200,335228.0,0.8277289187790915,5.617860313951496,49.96637351267455
603282.SH,20260824,15.61,4600,71806.0,0.0,3.4702842113763905,45.0
603283.SH,20260824,47.06,83600,3934216.0,0.6631016042780713,3.756913124859944,48.978609625668426
603284.SH,20260824,41.7,16000,667200.0,-0.23923444976075015,9.283952741953243,43.5645933014355
603285.SH,20260824,35.47,100400,3561188.0,-0.5049088359046272,17.25764477907722,41.97054698457224
603286.SH,20260824,41.09,8700,357483.0,0.0730638090599145,3.728572737843224,45.43838285435949
603288.SH,20260824,35.0,50100,1753500.0,-0.14265335235377208,3.0907859328202316,44.14407988587737
603289.SH,20260824,8.75,29000,253750.0,1.156069364161838,9.402126292250468,51.93641618497103
603290.SH,20260824,96.99,131800,12783282.0,-0.9902000816659817,9.883341040089523,39.05879951000411
603291.SH,20260824,9.43,33400,314962.0,0.0,5.109018853353728,45.0
603293.SH,20260824,34.98,1800,62964.0,0.22922636103150928,1.8938168611961637,46.37535816618906
603296.SH,20260824,78.0,76100,5935800.0,-0.30674846625766694,3.906997401541977,43.159509202454
603297.SH,20260824,105.64,6400,676096.0,-1.1509310377093684,5.99885262502906,38.09441377374379
603298.SH,20260824,26.38,42500,1121150.0,1.853281853281863,9.940333175603746,56.119691119691176
603299.SH,20260824,8.96,900,8064.0,-0.22271714922048602,0.23889050292049863,41.66398763036683
603300.SH,20260824,4.76,33600,159936.0,-0.20964360587001352,1.2174035825397858,43.74213836477992
603301.SH,20260824,82.03,10100,828503.0,0.25666096308971653,8.877573211800707,46.5399657785383
603303.SH,20260824,22.76,4000,91040.0,-0.9142359599477512,1.9893708509796035,39.514584240313496
603305.SH,20260824,11.26,51000,574260.0,0.2671415850400649,4.734395280306028,46.60284951024039
603306.SH,20260824,74.18,11700,867906.0,-0.10772959870724019,1.3212332284690298,44.35362240775656
603307.SH,20260824,25.58,22300,570434.0,-0.11714174150723178,16.21614353342636,44.29714955095661
603308.SH,20260824,44.38,50500,2241190.0,0.2258355916892496,2.6284233907307475,46.355013550135496
603309.SH,20260824,11.56,7500,86700.0,0.0,1.7453946694680487,45.0
603310.SH,20260824,14.74,600,8844.0,0.2721088435374108,0.5059076907235955,46.63265306122447
603311.SH,20260824,29.49,10800,318492.0,1.7598343685300222,2.5574337565661955,55.55900621118013
603312.SH,20260824,31.02,1300,40326.0,-0.12878300064391723,0.8612625909677376,44.2273019961365
603313.SH,20260824,6.07,33000,200310.0,-0.1644736842105199,2.661965999633616,44.01315789473688
603315.SH,20260824,11.78,43900,517142.0,0.9425878320479919,12.063969350162015,50.65552699228795
603316.SH,20260824,14.07,29100,409437.0,0.1423487544483848,4.26110202184757,45.85409252669031
603317.SH,20260824,13.33,129800,1730234.0,-0.8184523809523725,13.147432803326371,40.089285714285765
603318.SH,20260824,9.35,1921500,17966025.0,-1.991614255765195,35.27375952986062,33.05031446540883
603319.SH,20260824,26.21,92300,2419183.0,-0.03813882532417434,8.562357537696423,44.771167048054956
603320.SH,20260824,16.73,7800,130494.0,1.1487303506650726,1.2450034307861564,51.892382103990435
603321.SH,20260824,6.32,7800,49296.0,0.0,2.8364452372047526,45.0
603322.SH,20260824,26.22,6100,159942.0,0.038153376573824005,1.3785266416679607,45.228920259442944
603323.SH,20260824,4.18,309600,1294128.0,-0.23866348448688957,7.4301710227486915,43.56801909307866
603324.SH,20260824,27.62,9800,270676.0,0.6193078324225887,2.4625717094274924,48.71584699453553
603325.SH,20260824,51.98,900,46782.0,-0.7636502481863428,1.843242947631601,40.41809851088195
603326.SH,20260824,6.98,29400,205212.0,-0.14306151645206988,8.358734607202772,44.141630901287584
603327.SH,20260824,9.3,913252,8493244.0,-0.3215434083601254,16.641387460516953,43.070739549839246
603328.SH,20260824,11.18,80700,902226.0,0.9936766034327027,4.651306085919943,50.962059620596214
603329.SH,20260824,10.46,27700,289742.0,0.19157088122607746,6.709541919804971,46.149425287356465
603330.SH,20260824,9.97,3182560,31730123.0,0.0,25.713767432974297,45.0
603331.SH,20260824,12.5,4900,61250.0,0.08006405124099114,1.4876442823685347,45.480384307445945
603332.SH,20260824,11.64,16500,192060.0,0.25839793281654533,4.165724791215982,46.55038759689927
603333.SH,20260824,10.5,2194600,23043300.0,6.598984771573613,36.24902325310825,84.59390862944167
603334.SH,20260824,32.41,27900,904239.0,-0.7958371594735336,12.223257950634927,40.2249770431588
603335.SH,20260824,6.71,74800,501908.0,-0.2971768202080338,7.446520068452295,43.2169390787518
603336.SH,20260824,9.52,381000,3627120.0,2.9189189189189113,23.65869641751611,62.513513513513466
603337.SH,20260824,37.95,10900,413655.0,0.13192612137205018,3.7194335983880666,45.7915567282323
603338.SH,20260824,53.99,4900,264551.0,0.4278273809523947,1.2994370632010153,47.56696428571437
603339.SH,20260824,13.91,29500,410345.0,-0.07183908045976795,6.153851644973007,44.568965517241395
603341.SH,20260824,37.33,25300,944449.0,0.10726736390453961,3.3929873801249317,45.643604183427236
603344.SH,20260824,22.6,1700,38420.0,-0.26478375992938785,1.4562648270274263,43.411297440423674
603345.SH,20260824,79.9,31700,2532830.0,1.13924050632912,4.934834122634089,51.83544303797472
603348.SH,20260824,14.26,4400,62744.0,0.9915014164306069,2.4762426687821395,50.94900849858364
603350.SH,20260824,28.03,400,11212.0,-0.355492356914322,1.0746847426876724,42.86704585851407
603351.SH,20260824,27.29,24300,663147.0,2.056843679880327,16.053294418896797,57.34106207928196
603352.SH,20260824,25.7,2500,64250.0,-0.8104978772674687,2.152240336474387,40.137012736395185
603353.SH,20260824,30.5,8700,265350.0,-0.5218525766470972,2.9769326926344424,41.86888454011742
603355.SH,20260824,28.3,15400,435820.0,-0.7365836548579474,5.042687024858044,40.580498070852315
603356.SH,20260824,17.35,4000,69400.0,1.8790369935408169,1.8745131229018586,56.274221961244905
603357.SH,20260824,5.92,10500,62160.0,0.0,2.0035390054008206,45.0
603358.SH,20260824,46.69,92300,4309487.0,-1.059546514091969,10.720094301890628,38.64272091544819
603359.SH,20260824,2.13,400,852.0,-0.9302325581395321,0.09527534911370442,11.568167491629604
603360.SH,20260824,12.65,18900,239085.0,0.0,2.333891084672721,45.0
603363.SH,20260824,2.89,46900,135541.0,0.0,2.4194148811267273,45.0
603365.SH,20260824,17.72,9900,175428.0,-1.06085985482971,1.9002387029450776,38.63484087102174
603366.SH,20260824,7.16,180200,1290232.0,-0.278551532033422,4.5187043752241856,43.32869080779947
603367.SH,20260824,14.05,64000,899200.0,-0.35460992907800915,6.56966628433235,42.872340425531945
603368.SH,20260824,15.88,30200,479576.0,0.0,8.15209206137561,45.0
603369.SH,20260824,27.72,73601,2040220.0,-0.609537468626753,6.141264069921131,41.342775188239486
603370.SH,20260824,32.7,400,13080.0,-0.24405125076265577,0.7218929888571844,43.535692495424065
603373.SH,20260824,38.61,4400,169884.0,0.0,3.3750996383912635,45.0
603375.SH,20260824,39.29,8300,326107.0,0.20402958428971107,5.602294359151825,46.22417750573827
603376.SH,20260824,27.18,77700,2111886.0,1.0408921933085624,31.86589936721802,51.245353159851376
603377.SH,20260824,2.87,1100,3157.0,-0.692041522491349,0.4686741716885468,40.84775086505191
603378.SH,20260824,6.29,552300,3473967.0,2.610114192495927,35.49450574263952,60.66068515497556
603379.SH,20260824,61.27,10300,631081.0,-0.2929210740439392,1.830862982577835,43.24247355573637
603380.SH,20260824,35.0,62400,2184000.0,-1.3250634338877854,16.79163802259764,37.049619396673286
603381.SH,20260824,15.28,5400,82512.0,0.06548788474132206,0.9821788087994184,45.39292730844793
603382.SH,20260824,19.82,239500,4746890.0,-2.5565388397246758,30.267264094795873,29.660766961651944
603383.SH,20260824,28.53,5600,159768.0,-0.20986358866735833,1.870682700480959,43.74081846799585
603385.SH,20260824,5.54,13600,75344.0,0.9107468123861429,4.635468148198643,50.464480874316855
603386.SH,20260824,13.88,6300,87444.0,0.21660649819494893,1.173141530783877,46.299638989169694
603387.SH,20260824,9.38,19000,178220.0,-0.4246284501061459,1.7491996346761918,42.452229299363125
603389.SH,20260824,45.51,6800,309468.0,-0.741548527808078,1.924074929422048,40.55070883315153
603390.SH,20260824,10.12,20700,209484.0,0.0,3.859005734773139,45.0
603391.SH,20260824,69.11,2300,158953.0,0.7875164065918039,1.476789785501238,49.72509843955082
603392.SH,20260824,30.2,277800,8389560.0,-1.2749264465511612,20.41272226791292,37.35044132069304
603393.SH,20260824,24.1,163700,3945170.0,-1.107919573245797,19.57971318837165,38.35248256052522
603395.SH,20260824,25.35,626240,15875184.0,-8.085569253081937,34.80328303116205,15.0
603396.SH,20260824,25.75,12100,311575.0,0.3898635477582957,4.861915513725996,47.339181286549774
603398.SH,20260824,10.6,33700,357220.0,-2.0332717190388205,3.4417425387738954,32.80036968576708
603399.SH,20260824,15.51,893100,13851981.0,2.9880478087649376,11.294262669112737,62.92828685258962
603400.SH,20260824,48.0,20100,964800.0,-1.7400204708290734,4.728715160058872,34.55987717502556
603402.SH,20260824,62.0,7800,483600.0,0.2587322121604174,5.7140967298033,46.552393272962505
603406.SH,20260824,28.8,25900,745920.0,-1.2345679012345623,7.1781981631330405,37.592592592592624
603407.SH,20260824,60.02,21300,1278426.0,0.6878040597215307,3.8997588830317165,49.12682435832919
603408.SH,20260824,10.6,129300,1370580.0,3.0126336248785357,15.052722914876137,63.075801749271214
603409.SH,20260824,17.8301,5390,96104.0,-0.44611948632048426,3.44352957625137,42.3232830820771
603416.SH,20260824,45.31,10600,480286.0,-0.13224597751817502,3.765267790624939,44.20652413489095
603418.SH,20260824,42.82,1100,47102.0,0.0,1.5602498347480709,45.0
603421.SH,20260824,5.87,15000,88050.0,-0.170068027210879,2.5357755304429137,43.97959183673473
603429.SH,20260824,8.59,164700,1414773.0,-5.082872928176807,27.706074766821846,15.0
603435.SH,20260824,50.16,3900,195624.0,-0.4366812227074357,1.856581666664136,42.379912663755384
603439.SH,20260824,12.41,84000,1042440.0,0.0,3.0122122633892805,45.0
603444.SH,20260824,382.81,5100,1952331.0,-0.260545582449645,4.229206163659795,43.43672650530213
603456.SH,20260824,16.6,152400,2529840.0,0.0,4.864969940516789,45.0
603458.SH,20260824,9.15,134000,1226100.0,-0.5434782608695565,6.583600009136819,41.73913043478266
603459.SH,20260824,87.17,44500,3879065.0,-0.09169054441260371,5.379257620943158,44.44985673352438
603466.SH,20260824,11.31,138700,1568697.0,0.0,4.054596975378598,45.0
603468.SH,20260824,23.84,14700,350448.0,-0.041928721174011585,3.836445562874967,44.74842767295593
603477.SH,20260824,14.24,13100,186544.0,-0.7665505226480795,1.2211649333727872,40.400696864111524
603486.SH,20260824,59.6,78400,4672640.0,-2.534750613246106,8.280563167469376,29.791496320523365
603488.SH,20260824,8.28,33200,274896.0,1.2224938875305513,5.265714219382232,52.33496332518331
603489.SH,20260824,27.48,3600,98928.0,-0.6507592190889366,1.9999780044469833,41.09544468546638
603496.SH,20260824,23.99,53600,1285864.0,-0.9496284062758042,5.156501143478823,39.302229562345175
603499.SH,20260824,11.85,12500,148125.0,0.2538071065989689,2.90927538862027,46.52284263959381
603500.SH,20260824,9.46,32200,304612.0,-0.5257623554153379,7.115125530302397,41.84542586750797
603501.SH,20260824,85.83,53000,4548990.0,0.011652295502218024,2.8463069784990007,45.06991377301331
603505.SH,20260824,15.26,77200,1178072.0,-0.13089005235601414,6.75019284861465,44.214659685863914
603506.SH,20260824,10.99,112900,1240771.0,1.4773776546629813,14.301093721529044,53.86426592797789
603507.SH,20260824,22.89,8500,194565.0,-0.651041666666663,1.5344690173303475,41.09375000000002
603508.SH,20260824,21.18,6000,127080.0,-0.09433962264150386,1.9871600811626982,44.43396226415098
603511.SH,20260824,12.59,900,11331.0,-0.23771790808240212,0.5649094746401713,43.57369255150559
603515.SH,20260824,16.45,10700,176015.0,0.9202453987730008,8.527349943421495,50.521472392638
603516.SH,20260824,98.09,42200,4139398.0,-0.17301038062284002,7.490061947441874,43.96193771626296
603517.SH,20260824,11.23,30200,339146.0,-0.8826125330979706,10.057703697295818,39.70432480141218
603518.SH,20260824,8.05,19600,157780.0,0.4993757802746579,2.3100821278266332,47.99625468164795
603519.SH,20260824,16.65,167000,2780550.0,1.4625228519195455,9.842445789319711,53.775137111517274
603520.SH,20260824,8.85,40700,360195.0,-0.11286681715575453,5.432878851575429,44.32279909706547
603527.SH,20260824,10.0,46600,466000.0,0.0,9.208385709320469,45.0
603528.SH,20260824,6.22,10800,67176.0,0.3225806451612856,1.8092305663654407,46.935483870967715
603529.SH,20260824,21.22,10200,216444.0,-0.2350728725905027,1.0398711886493401,43.589562764456986
603530.SH,20260824,49.41,15000,741150.0,0.06075334143376132,4.606390103185624,45.36452004860257
603533.SH,20260824,20.85,45300,944505.0,-0.4773269689737347,3.8568979128996435,42.13603818615759
603535.SH,20260824,6.27,25700,161139.0,-0.9478672985782088,3.82664492727501,39.31279620853075
603536.SH,20260824,9.65,27200,262480.0,1.5789473684210575,5.338304361486998,54.47368421052634
603538.SH,20260824,27.5,679640,18690100.0,-3.542616625745354,10.684113339012864,23.744300245527874
603551.SH,20260824,9.26,3600,33336.0,-0.10787486515642097,1.6344367628248202,44.352750809061476
603556.SH,20260824,25.76,25400,654304.0,0.03883495145631244,2.9950444653356256,45.233009708737875
603557.SH,20260824,3.61,200,722.0,-0.5509641873278293,0.032526737811922744,2.5490276821791182
603558.SH,20260824,11.9,28300,336770.0,0.42194092827005925,4.561857601094141,47.53164556962035
603559.SH,20260824,9.0,46800,421200.0,-0.22172949002217113,4.068627742662734,43.66962305986697
603565.SH,20260824,12.47,238900,2979083.0,1.464605370219707,4.073957424058904,53.78763222131824
603566.SH,20260824,10.31,29600,305176.0,0.19436345966958868,12.486981134746678,46.16618075801753
603567.SH,20260824,5.65,152400,861060.0,0.17730496453902678,3.8354965823296028,46.06382978723416
603568.SH,20260824,14.6,23760,346896.0,0.0,3.749307534687304,45.0
603569.SH,20260824,5.85,7600,44460.0,-0.17064846416383617,2.453488296375206,43.97610921501698
603577.SH,20260824,10.18,1600,16288.0,0.0983284169124854,0.505726731144548,45.58997050147491
603578.SH,20260824,13.55,76100,1031155.0,0.4447739065974732,14.443181529132408,47.66864343958484
603579.SH,20260824,18.03,4700,84741.0,0.0,2.0774973870397417,45.0
603580.SH,20260824,80.21,417900,33519759.0,-0.7056202030205627,31.07849582073234,40.76627878187662
603583.SH,20260824,23.13,1100,25443.0,-0.17263703064308578,0.4835750869824107,43.964177816141486
603585.SH,20260824,10.03,200,2006.0,0.0,0.06114224441414087,11.005603994545357
603586.SH,20260824,13.41,5800,77778.0,0.0,4.256390824872321,45.0
603587.SH,20260824,11.65,7400,86210.0,0.0859106529209619,5.714805044009832,45.51546391752577
603588.SH,20260824,13.85,166000,2299100.0,0.1446131597975464,3.759307181482619,45.86767895878528
603589.SH,20260824,18.9,8900,168210.0,-0.21119324181627652,2.2413163083722925,43.73284054910234
603590.SH,20260824,31.61,330000,10431300.0,-1.862775535547967,53.7571949328403,33.8233467867122
603595.SH,20260824,25.81,300,7743.0,-1.2246460007654059,0.19434707289915285,27.634597117255076
603596.SH,20260824,25.61,72700,1861847.0,1.9506369426751435,3.6556161333814066,56.70382165605086
603598.SH,20260824,17.05,24500,417725.0,0.4714201532115547,3.4282052531175515,47.82852091926933
603599.SH,20260824,10.1,17900,180790.0,-0.09891196834816984,2.5836817638056124,44.40652818991098
603600.SH,20260824,9.6,12600,120960.0,0.0,4.930659341985249,45.0
603601.SH,20260824,8.97,113100,1014507.0,0.22346368715084886,2.752415322058885,46.3407821229051
603602.SH,20260824,11.7,12500,146250.0,0.6884681583476882,3.8446280267836372,49.13080895008613
603605.SH,20260824,56.88,11000,625680.0,-0.21052631578947212,3.64391076001514,43.736842105263165
603606.SH,20260824,33.8,135300,4573140.0,-0.9088243916740013,9.598135997889088,39.54705364995599
603607.SH,20260824,21.44,300,6432.0,-0.694766095414534,0.09360337227104586,12.68001043630105
603608.SH,20260824,18.56,66600,1236096.0,0.16189962223420729,5.608455889183813,45.97139773340524
603609.SH,20260824,6.28,11000,69080.0,0.31948881789138905,3.195000185465413,46.91693290734833
603610.SH,20260824,15.33,9400,144102.0,0.4587155963302836,2.003257883245579,47.7522935779817
603611.SH,20260824,17.15,49200,843780.0,2.083333333333326,18.92696885798293,57.49999999999996
603612.SH,20260824,16.68,45800,763944.0,0.12004801920768582,6.39655999269332,45.72028811524611
603613.SH,20260824,18.19,46100,838559.0,-0.27412280701752945,6.86976619631891,43.355263157894825
603615.SH,20260824,17.08,11800,201544.0,0.9456264775413503,3.383626380386061,50.673758865248104
603616.SH,20260824,5.49,9900,54351.0,0.7339449541284404,1.7256387158766382,49.403669724770644
603617.SH,20260824,6.75,9800,66150.0,-0.14792899408283544,2.2016943027839897,44.112426035502985
603618.SH,20260824,28.6,406100,11614460.0,0.2453557658604888,7.579199064276019,46.472134595162935
603619.SH,20260824,22.58,632800,14288624.0,-3.833049403747879,16.254746568630708,22.001703577512725
603626.SH,20260824,18.4,3103000,57095200.0,-1.3404825737265424,27.37131636537483,36.95710455764075
603628.SH,20260824,9.64,5800,55912.0,1.048218029350112,2.053988012500996,51.289308176100675
603629.SH,20260824,127.0,231160,29357320.0,0.8176549972215508,7.4603939494054465,49.9059299833293
603630.SH,20260824,14.39,19700,283483.0,-0.1387925052047212,3.559561980618875,44.16724496877167
603633.SH,20260824,6.44,12500,80500.0,0.7824726134585402,2.2372990547619938,49.69483568075124
603636.SH,20260824,6.82,25900,176638.0,-0.727802037845704,3.9865806168784266,40.63318777292578
603637.SH,20260824,12.97,62200,806734.0,-0.5368098159509116,7.54097200948797,41.77914110429453
603638.SH,20260824,19.03,23100,439593.0,0.15789473684211242,2.955633685514304,45.94736842105267
603639.SH,20260824,10.56,15400,162624.0,0.0,7.8759941611948046,45.0
603648.SH,20260824,9.37,4000,37480.0,0.0,1.0073567413331774,45.0
603650.SH,20260824,64.62,30199,1951459.0,0.2326663564448772,1.855345653394078,46.39599813866926
603655.SH,20260824,33.36,1100,36696.0,0.6031363088057962,0.6362823466500764,48.61881785283478
603656.SH,20260824,17.52,2400,42048.0,-0.05704506560183509,1.5450860087956872,44.65772960638899
603657.SH,20260824,28.6,68400,1956240.0,2.252413299964262,19.550217086720238,58.514479799785576
603658.SH,20260824,34.88,18120,632026.0,0.8092485549132888,5.1293812497711855,49.85549132947973
603659.SH,20260824,24.2,141500,3424300.0,0.08271298593878207,4.6301642731524435,45.49627791563269
603660.SH,20260824,11.57,80400,930228.0,1.4022787028922012,4.3874712309030475,53.41367221735321
603661.SH,20260824,32.9,400,13160.0,-0.303030303030305,0.22732072043049292,39.0995478593069
603662.SH,20260824,49.0,12600,617400.0,-0.9700889248181022,2.820599677308595,39.179466451091386
603663.SH,20260824,43.3,231400,10019620.0,0.4407330085826944,7.450536024939518,47.64439805149617
603665.SH,20260824,20.88,13900,290232.0,-0.19120458891014325,5.6817494413334,43.85277246653914
603666.SH,20260824,26.24,60000,1574400.0,-1.2420022581859258,10.79661215970776,37.547986450884444
603667.SH,20260824,53.75,171900,9239625.0,3.904890779045056,10.546761573033658,68.42934467427034
603668.SH,20260824,10.15,14800,150220.0,-0.09842519685039353,3.8803653050602063,44.40944881889764
603669.SH,20260824,5.53,336300,1859739.0,0.9124087591240837,9.426587492088538,50.4744525547445
603676.SH,20260824,9.38,17000,159460.0,0.5359056806002238,8.723137484874279,48.215434083601345
603677.SH,20260824,13.66,1300,17758.0,-0.21913805697588717,1.3587308942336112,43.685171658144675
603678.SH,20260824,48.01,183900,8829039.0,-1.7798690671031236,9.507511292176563,34.32078559738126
603679.SH,20260824,22.48,24200,544016.0,0.7619901389511519,3.1889452835582146,49.57194083370691
603680.SH,20260824,10.23,11800,120714.0,0.0,3.5790747851225357,45.0
603681.SH,20260824,18.2,10100,183820.0,0.05497526113247275,2.7808665368928946,45.32985156679484
603682.SH,20260824,11.58,67700,783966.0,1.4010507880910739,3.886595373170436,53.406304728546445
603683.SH,20260824,15.84,124300,1968912.0,-0.25188916876575096,8.032530288776087,43.48866498740549
603685.SH,20260824,24.82,500,12410.0,0.0,0.33418500692026865,45.0
603686.SH,20260824,12.69,16400,208116.0,0.07886435331230235,2.2489560988459196,45.473186119873816
603687.SH,20260824,13.55,47500,643625.0,1.1194029850746245,4.718112108310745,51.716417910447745
603688.SH,20260824,47.9,115800,5546820.0,-1.7435897435897463,8.52622412479654,34.53846153846152
603689.SH,20260824,7.59,16500,125235.0,0.0,5.425267829142987,45.0
603690.SH,20260824,25.4,76000,1930400.0,-0.039354584809137005,3.4044353945123893,44.76387249114518
603693.SH,20260824,11.15,21900,244185.0,-0.3574620196604039,4.730420652634742,42.855227882037575
603696.SH,20260824,13.17,24800,326616.0,0.1520912547528397,2.958298083366734,45.91254752851704
603697.SH,20260824,9.27,12400,114948.0,0.1079913606911509,3.7541039078925764,45.647948164146904
603698.SH,20260824,21.9,68100,1491390.0,-0.454545454545463,4.709277584712101,42.272727272727224
603699.SH,20260824,52.6,99500,5233700.0,-5.480682839173401,9.626804472872676,15.0
603700.SH,20260824,11.47,21600,247752.0,0.4378283712784592,6.320059300682346,47.62697022767075
603701.SH,20260824,19.3,18300,353190.0,0.5208333333333481,4.804161228733571,48.125000000000085
603703.SH,20260824,9.49,163400,1550666.0,-1.8614270941054833,14.017355252966968,33.8314374353671
603706.SH,20260824,19.45,3200,62240.0,-0.2564102564102555,2.8060248744366985,43.46153846153847
603707.SH,20260824,7.92,113900,902088.0,-0.5025125628140725,9.786534943932802,41.98492462311557
603708.SH,20260824,9.0,84200,757800.0,-0.22172949002217113,13.04037472440851,43.66962305986697
603709.SH,20260824,11.82,16400,193848.0,-0.3372681281618828,3.5365761459245233,42.9763912310287
603711.SH,20260824,11.36,6700,76112.0,0.0,1.2811145615892392,45.0
603712.SH,20260824,11.18,5600,62608.0,0.17921146953405742,0.47821750505064153,46.075268817204346
603713.SH,20260824,66.14,5900,390226.0,-0.19616719480910483,3.1807139832615117,43.822996831145375
603716.SH,20260824,16.09,195500,3145595.0,1.5782828282828287,13.893290175023758,54.46969696969697
603717.SH,20260824,6.42,98300,631086.0,1.1023622047244164,12.118746688322021,51.6141732283465
603718.SH,20260824,3.0,6900,20700.0,0.33444816053511683,1.6454667748064251,47.0066889632107
603719.SH,20260824,9.53,13900,132467.0,0.0,3.9342384296333774,45.0
603721.SH,20260824,17.87,25300,452111.0,-0.9972299168975018,8.360230671662269,39.01662049861499
603722.SH,20260824,29.6,300,8880.0,-0.40376850605652326,0.2707440228683573,42.57738896366086
603725.SH,20260824,11.86,45600,540816.0,-0.3361344537815225,3.258319651366256,42.98319327731087
603726.SH,20260824,23.39,5700,133323.0,0.6021505376344161,1.9151482852647723,48.6129032258065
603727.SH,20260824,18.4,16400,301760.0,-1.2345679012345734,4.419539620061072,37.59259259259256
603728.SH,20260824,47.47,11700,555399.0,0.14767932489452296,2.317108568380029,45.88607594936714
603729.SH,20260824,11.24,1400,15736.0,0.0,1.832128117636224,45.0
603730.SH,20260824,10.6,204800,2170880.0,5.788423153692612,6.050360022034338,79.73053892215567
603733.SH,20260824,21.4,19100,408740.0,-0.8341056533827551,2.778767073273064,39.99536607970347
603737.SH,20260824,25.16,18700,470492.0,-0.5140371688414302,1.702153018148422,41.91577698695142
603738.SH,20260824,38.09,140800,5363072.0,1.384083044982698,4.736768903114696,53.304498269896186
603739.SH,20260824,12.47,59500,741965.0,1.464605370219707,12.972746470818144,53.78763222131824
603755.SH,20260824,23.32,2500,58300.0,-0.9766454352441611,2.508074990495772,39.140127388535035
603757.SH,20260824,62.5,167600,10475000.0,0.22450288646569394,11.796881641024957,46.347017318794165
603758.SH,20260824,11.44,1160800,13279552.0,-2.7210884353741527,41.52331987040185,28.673469387755084
603759.SH,20260824,7.49,10900,81641.0,0.6720430107526765,5.231363575635498,49.03225806451606
603766.SH,20260824,13.84,27700,383368.0,-0.1443001443001357,0.693862286297735,44.134199134199186
603767.SH,20260824,14.54,5500,79970.0,0.4143646408839796,1.4093365861275247,47.486187845303874
603768.SH,20260824,11.19,8800,98472.0,0.0,3.6153031384981396,45.0
603773.SH,20260824,101.98,123700,12614926.0,0.9802950787206832,6.189950658561349,50.8817704723241
603776.SH,20260824,20.3,1500,30450.0,0.0,0.7728413449865795,45.0
603777.SH,20260824,13.81,15400,212674.0,0.0,2.6697674737400914,45.0
603778.SH,20260824,9.4,107700,1012380.0,-0.10626992561104665,3.922900113666378,44.36238044633372
603779.SH,20260824,7.83,41700,326511.0,1.4248704663212486,3.6316119916704195,53.54922279792749
603786.SH,20260824,40.3,3800,153140.0,0.024820054604113295,1.9840527966891583,45.14892032762468
603787.SH,20260824,10.18,4300,43774.0,0.0983284169124854,2.7014727574857034,45.58997050147491
603788.SH,20260824,13.82,6200,85684.0,-0.575539568345329,6.7997222147934195,41.54676258992802
603789.SH,20260824,6.13,3500,21455.0,0.3273322422258529,1.3603383048187487,46.963993453355116
603790.SH,20260824,24.43,17300,422639.0,0.5763688760807018,4.596712613998095,48.458213256484214
603797.SH,20260824,4.77,22800,108756.0,0.42105263157894424,2.6885558828834246,47.526315789473664
603798.SH,20260824,,0,0.0,,0.0,0.0
603799.SH,20260824,40.6,259200,10523520.0,0.024636610002448656,4.965256432576803,45.14781966001469
603800.SH,20260824,67.01,5600,375256.0,-0.13412816691503737,1.2365849484423337,44.19523099850978
603801.SH,20260824,6.59,7085181,46691343.0,-5.179856115107917,116.05953281592554,15.0
603803.SH,20260824,11.9,1685800,20061020.0,5.123674911660769,29.494798521527688,75.74204946996461
603806.SH,20260824,15.54,40100,623154.0,0.5825242718446644,1.514898541953243,48.495145631067984
603808.SH,20260824,8.39,11500,96485.0,-0.7100591715976212,3.711954343480945,40.739644970414275
603809.SH,20260824,8.88,12600,111888.0,-0.22471910112359383,1.7972648959122632,43.65168539325844
603810.SH,20260824,12.29,7200,88488.0,0.0,5.38551782111716,45.0
603811.SH,20260824,7.39,21200,156668.0,-0.13513513513514486,4.461919831944644,44.18918918918913
603813.SH,20260824,29.29,1200,35148.0,0.2738788086271704,2.382678924795459,46.64327285176302
603815.SH,20260824,5.22,9800,51156.0,0.38461538461538325,0.6772261127671235,47.3076923076923
603816.SH,20260824,24.79,11000,272690.0,-0.161095449053561,2.168113806503241,44.033427305678636
603817.SH,20260824,5.66,29300,165838.0,0.0,4.200445423805967,45.0
603818.SH,20260824,3.8,33900,128820.0,0.26385224274405594,1.7561151406802682,46.58311345646433
603819.SH,20260824,13.77,12400,170748.0,1.1013215859030812,2.7529712324115523,51.60792951541849
603822.SH,20260824,56.89,1400,79646.0,-1.14682884448305,2.4300251844410043,38.1190269331017
603823.SH,20260824,69.98,1243900,87048122.0,-9.99356913183279,84.53864802877357,15.0
603825.SH,20260824,8.17,2600,21242.0,0.1225490196078427,1.5909345043825596,45.73529411764706
603826.SH,20260824,16.55,21200,350860.0,0.060459492140285676,3.260870161241507,45.362756952841714
603828.SH,20260824,5.2,220600,1147120.0,0.19267822736031004,44.254917925745545,46.15606936416186
603829.SH,20260824,15.14,7700,116578.0,0.06609385327165374,3.5899712012114833,45.396563119629924
603833.SH,20260824,31.8,16000,508800.0,-0.8419083255378879,5.044494163645176,39.948550046772674
603836.SH,20260824,9.05,20700,187335.0,0.11061946902657382,7.644387040414562,45.66371681415944
603838.SH,20260824,12.29,241000,2961890.0,4.863481228668931,32.8730247137191,74.18088737201359
603839.SH,20260824,7.1,16300,115730.0,0.28248587570620654,4.46865498967823,46.69491525423724
603843.SH,20260824,7.07,77200,545804.0,-1.3947001394700065,7.360071476045719,36.63179916317996
603848.SH,20260824,13.13,151200,1985256.0,0.7674597083653145,36.99374485694864,49.604758250191885
603855.SH,20260824,16.03,400,6412.0,0.0,0.47175388337982077,45.0
603856.SH,20260824,11.55,11000,127050.0,-0.17286084701814142,3.1299809008343704,43.96283491789115
603858.SH,20260824,15.46,104700,1618662.0,-0.3865979381443174,13.524565899035604,42.680412371134096
603859.SH,20260824,37.8,12300,464940.0,-0.5786428195686644,3.0621720105807544,41.52814308258802
603860.SH,20260824,26.38,11200,295456.0,0.49523809523808193,10.364210499803683,47.97142857142849
603861.SH,20260824,11.91,6300,75033.0,-0.4180602006689016,1.2769195594114424,42.49163879598659
603863.SH,20260824,12.45,6200,77190.0,0.0,1.5723323926566393,45.0
603866.SH,20260824,4.13,26400,109032.0,0.0,2.4140470117013044,45.0
603867.SH,20260824,28.48,18200,518336.0,0.9929078014184523,1.874793194344742,50.95744680851071
603868.SH,20260824,30.0,1200,36000.0,0.03334444814939719,1.5954837881341124,45.200066688896385
603869.SH,20260824,8.93,30800,275044.0,0.22446689113355678,23.91434504218424,46.34680134680134
603871.SH,20260824,12.74,27800,354172.0,0.15723270440251014,3.640822309466319,45.94339622641506
603876.SH,20260824,23.19,71700,1662723.0,0.957771005659569,2.998451264629596,50.74662603395741
603877.SH,20260824,12.49,17800,222322.0,-0.08000000000000229,17.655768346204965,44.51999999999999
603878.SH,20260824,5.03,130100,654403.0,-0.1984126984126977,12.206740649174025,43.80952380952381
603879.SH,20260824,5.49,79800,438102.0,1.1049723756906271,6.107738509794448,51.62983425414376
603880.SH,20260824,8.6,151400,1302040.0,-1.1494252873563204,9.523807851917443,38.10344827586208
603881.SH,20260824,27.03,645240,17440837.0,-1.0976948408342402,10.858191170525137,38.41383095499456
603882.SH,20260824,31.41,241300,7579233.0,0.191387559808609,15.126150733591167,46.14832535885165
603883.SH,20260824,13.19,44400,585636.0,-0.07575757575757347,3.839587892782218,44.54545454545456
603885.SH,20260824,10.43,25100,261793.0,0.481695568400764,3.5877296256321936,47.890173410404586
603886.SH,20260824,11.95,51200,611840.0,-1.1579818031430933,4.313112207943215,38.05210918114144
603887.SH,20260824,9.0,233000,2097000.0,0.0,5.319303359984768,45.0
603888.SH,20260824,15.99,7470,119445.0,0.1252348152786409,1.634177551458465,45.75140889167184
603889.SH,20260824,5.57,18300,101931.0,0.5415162454873723,2.0910024552677973,48.249097472924234
603890.SH,20260824,17.9,164115,2937659.0,-0.9407858328721708,3.923091221617337,39.355285002766976
603893.SH,20260824,180.61,38000,6863180.0,0.0,3.8248774766380933,45.0
603895.SH,20260824,25.2,3900,98280.0,0.4784688995215447,3.254616626328915,47.87081339712927
603896.SH,20260824,14.97,2600,38922.0,-0.13342228152101177,1.6305130565463202,44.19946631087393
603897.SH,20260824,30.36,49300,1496748.0,-0.9784735812133127,4.6742557631753385,39.129158512720124
603898.SH,20260824,11.4,2400,27360.0,1.513802315227064,1.260921592660109,54.082813891362385
603899.SH,20260824,22.13,7500,165975.0,-0.36019810895994153,2.5356577878999373,42.83881134624035
603900.SH,20260824,6.46,306300,1978698.0,0.6230529595015577,11.140732114567424,48.73831775700935
603901.SH,20260824,9.42,900,8478.0,0.0,0.14196259859874308,25.553267747773756
603903.SH,20260824,14.11,56600,798626.0,-0.5637773079633535,3.29014504197711,41.61733615221988
603906.SH,20260824,19.86,77700,1543122.0,1.0687022900763399,3.4361756933647647,51.41221374045804
603908.SH,20260824,19.26,12400,238824.0,0.5219206680584731,10.881906770476672,48.13152400835084
603909.SH,20260824,9.62,17000,163540.0,0.41753653444676075,8.258676243377947,47.505219206680565
603912.SH,20260824,8.5,150600,1280100.0,0.2358490566037652,8.345722122424384,46.41509433962259
603915.SH,20260824,13.07,11500,150305.0,-0.22900763358778553,3.29345889985479,43.62595419847329
603916.SH,20260824,11.76,31000,364560.0,0.17035775127767216,4.000583275735878,46.02214650766604
603917.SH,20260824,12.25,5400,66150.0,-0.40650406504065817,2.842983870375064,42.56097560975605
603918.SH,20260824,10.26,20000,205200.0,0.588235294117645,1.8159994650412492,48.52941176470587
603919.SH,20260824,16.2,28900,468180.0,0.5586592178770999,4.702152656493788,48.3519553072626
603920.SH,20260824,39.29,55500,2180595.0,1.1065362840967596,2.7366747438833467,51.63921770458056
603922.SH,20260824,13.5,2600,35100.0,-2.0319303338171224,1.1834388555074091,32.808417997097266
603926.SH,20260824,15.5,14400,223200.0,0.3236245954692629,3.259119635857045,46.94174757281558
603927.SH,20260824,13.19,63600,838884.0,-0.3776435045317328,9.706574907295177,42.7341389728096
603928.SH,20260824,12.48,19700,245856.0,-0.31948881789136685,2.031308957179689,43.0830670926518
603929.SH,20260824,166.18,18300,3041094.0,-0.48505898556799876,4.258024422895101,42.089646086592005
603931.SH,20260824,35.2,9200,323840.0,-1.1235955056179692,2.3322288518573617,38.258426966292184
603933.SH,20260824,19.2,14400,276480.0,0.0,4.271135078091807,45.0
603936.SH,20260824,17.2,362700,6238440.0,-2.272727272727282,6.7967849103765925,31.36363636363631
603937.SH,20260824,11.66,33300,388278.0,0.08583690987125081,8.488497674428672,45.515021459227505
603938.SH,20260824,43.0,115300,4957900.0,-0.3707136237256603,7.529273107369388,42.77571825764604
603939.SH,20260824,23.86,9000,214740.0,-0.29251984956122357,0.8541467803948614,43.24488090263266
603948.SH,20260824,20.51,1200,24612.0,-0.1946472019464629,1.6266746083707517,43.83211678832122
603949.SH,20260824,14.03,3600,50508.0,-0.07122507122506727,1.5996302367359638,44.572649572649595
603950.SH,20260824,60.44,12100,731324.0,0.6997667444185174,1.4480615141847277,49.1986004665111
603955.SH,20260824,18.75,5000,93750.0,0.0,1.442884735210643,45.0
603956.SH,20260824,6.5,56000,364000.0,0.30864197530864335,2.8085622476812557,46.85185185185186
603958.SH,20260824,21.51,1693600,36429336.0,4.671532846715332,37.74943123196775,73.029197080292
603959.SH,20260824,5.16,283200,1461312.0,1.5748031496062964,26.088942406914317,54.44881889763778
603960.SH,20260824,15.77,24300,383211.0,-1.0043942247332072,9.484176815521153,38.973634651600754
603966.SH,20260824,7.81,3800,29678.0,0.5148005148005064,0.9361048656982228,48.08880308880304
603967.SH,20260824,11.61,22300,258903.0,-0.8539709649872052,4.035474606061035,39.87617421007677
603968.SH,20260824,10.48,6800,71264.0,0.7692307692307665,4.141808348256897,49.6153846153846
603969.SH,20260824,7.32,276710,2025517.0,0.273972602739736,15.807928730042248,46.643835616438416
603970.SH,20260824,10.57,62300,658511.0,-0.47080979284368496,32.55641398351007,42.17514124293789
603976.SH,20260824,27.77,1000,27770.0,0.0,0.29184454041415797,45.0
603977.SH,20260824,11.66,14800,172568.0,0.08583690987125081,2.3602511537661472,45.515021459227505
603978.SH,20260824,19.15,16800,321720.0,1.0021097046413407,2.742699867645891,51.01265822784804
603979.SH,20260824,76.22,24797,1890027.0,1.4913448735019985,3.9244917885324915,53.94806924101199
603980.SH,20260824,6.7,122200,818740.0,1.2084592145015227,7.799986153724166,52.250755287009135
603982.SH,20260824,6.1,24900,151890.0,0.0,6.71341971894334,45.0
603983.SH,20260824,26.75,8800,235400.0,-0.037369207772797175,4.74655905218515,44.77578475336322
603985.SH,20260824,16.65,8300,138195.0,-0.7155635062611854,1.0346036844633273,40.706618962432884
603986.SH,20260824,404.97,172700,69938319.0,-0.9998533222510098,4.028179100253883,39.00088006649394
603987.SH,20260824,7.55,107600,812380.0,0.9358288770053402,14.752769708207948,50.61497326203204
603988.SH,20260824,20.69,78100,1615889.0,-0.4810004810004709,6.897586963150043,42.11399711399717
603989.SH,20260824,28.49,43000,1225070.0,-0.6971070059254236,2.444774463264571,40.81735796444746
603990.SH,20260824,23.5,147700,3470950.0,2.6200873362445476,8.023103857769396,60.720524017467284
603991.SH,20260824,134.54,2500,336350.0,0.0,1.3424097393484895,45.0
603992.SH,20260824,20.81,13800,287178.0,0.2408477842003709,2.9259600907797716,46.44508670520223
603993.SH,20260824,19.0,2885391,54822429.0,2.0408163265306145,9.57557478437369,57.24489795918369
603995.SH,20260824,25.67,62500,1604375.0,1.5829046299960403,11.412092877076478,54.49742777997624
603997.SH,20260824,11.55,69400,801570.0,-0.2590673575129432,5.899185982691585,43.44559585492234
603998.SH,20260824,9.96,62400,621504.0,0.30211480362538623,5.018459495139603,46.81268882175232
603999.SH,20260824,5.6,39000,218400.0,0.35842293906809264,12.09782822380118,47.15053763440856
605001.SH,20260824,5.71,69000,393990.0,0.17543859649122862,7.566925924963497,46.05263157894737
605003.SH,20260824,22.34,9200,205528.0,-0.04474272930649059,6.790188981721749,44.731543624161056
605005.SH,20260824,15.59,100,1559.0,0.0,0.07107085960728951,12.792754729312112
605006.SH,20260824,14.1,36500,514650.0,-0.6342494714587699,1.6484977380890946,41.19450317124738
605007.SH,20260824,15.21,32300,491283.0,0.7952286282306265,8.873520431956175,49.77137176938376
605008.SH,20260824,12.8,140200,1794560.0,-1.081916537867067,9.651931210756826,38.508500772797596
605009.SH,20260824,24.55,56100,1377255.0,1.9941836310760408,16.156726754417075,56.965101786456245
605011.SH,20260824,16.6,22200,368520.0,-0.777047220561855,7.424258092450386,40.33771667662887
605016.SH,20260824,20.01,11100,222111.0,0.25050100200401104,2.694434587984824,46.503006012024066
605018.SH,20260824,12.99,207600,2696724.0,1.010886469673422,17.138856159983554,51.06531881804053
605020.SH,20260824,32.35,40800,1319880.0,0.06186204763378722,4.207143478322139,45.37117228580272
605028.SH,20260824,24.57,3000,73710.0,0.8620689655172376,4.277138373347004,50.17241379310342
605033.SH,20260824,18.9,16600,313740.0,0.0,4.27311895734481,45.0
605050.SH,20260824,10.33,2100,21693.0,0.0,1.333467009922905,45.0
605055.SH,20260824,9.84,23200,228288.0,2.0746887966804906,6.336325699930868,57.44813278008294
605056.SH,20260824,14.4,5400,77760.0,1.4799154334038223,1.153543475349083,53.879492600422935
605058.SH,20260824,26.89,8800,236632.0,0.0,5.472969073927015,45.0
605060.SH,20260824,42.48,16800,713664.0,-0.5850690381465018,3.915465633329545,41.489585771120986
605066.SH,20260824,7.5,5200,39000.0,-0.3984063745019917,0.47054078093698865,42.60956175298805
605068.SH,20260824,17.19,11100,190809.0,0.0,3.3863000453969967,45.0
605069.SH,20260824,10.57,8600,90902.0,0.9551098376313183,1.3644936804843104,50.73065902578791
605077.SH,20260824,10.7,22800,243960.0,-0.7421150278293154,6.432847242370283,40.54730983302411
605080.SH,20260824,22.05,47300,1042965.0,0.2272727272727204,6.873454895330112,46.363636363636324
605086.SH,20260824,25.88,54500,1410460.0,1.7695635076681038,16.07832684721732,55.617381046008624
605088.SH,20260824,20.96,11500,241040.0,-0.19047619047618536,3.812863326534697,43.85714285714289
605089.SH,20260824,20.0,2900,58000.0,0.0,4.3770179090215695,45.0
605090.SH,20260824,35.02,94900,3323398.0,-1.8497757847533491,6.971642571897593,33.901345291479906
605098.SH,20260824,54.95,3200,175840.0,-0.09090909090908594,3.581969858122908,44.45454545454548
605099.SH,20260824,33.72,11800,397896.0,-0.47225501770957745,5.3019407670123915,42.16646989374254
605100.SH,20260824,33.5,23300,780550.0,1.2696493349455995,5.605261412681707,52.6178960096736
605108.SH,20260824,12.38,27100,335498.0,-0.8012820512820484,15.465324898450293,40.19230769230771
605111.SH,20260824,61.08,151400,9247512.0,0.04914004914005066,6.908625237418268,45.294840294840306
605116.SH,20260824,20.02,65300,1307306.0,0.35087719298245723,13.534734532045146,47.10526315789474
605117.SH,20260824,96.28,37400,3600872.0,0.08316008316007206,4.08228074097079,45.49896049896043
605118.SH,20260824,29.09,900,26181.0,0.3103448275862064,0.48707446215256917,46.86206896551724
605122.SH,20260824,11.59,52800,611952.0,0.0,18.56880454672815,45.0
605123.SH,20260824,76.43,3900,298077.0,-0.03923620193563293,2.9459366266794507,44.7645827883862
605128.SH,20260824,23.27,5700,132639.0,0.0,1.4831072099591132,45.0
605133.SH,20260824,28.78,85300,2454934.0,1.5884221673138077,11.855876629965472,54.530533003882844
605136.SH,20260824,8.06,4600,37076.0,0.0,0.7459449454162089,45.0
605138.SH,20260824,5.93,4600,27278.0,1.1945392491467421,1.3386427562044851,52.16723549488045
605151.SH,20260824,19.26,13600,261936.0,-0.8749356664951025,9.307942122720094,39.75038600102938
605155.SH,20260824,14.07,1200,16884.0,-0.07102272727272929,0.7315409712987153,44.573863636363626
605158.SH,20260824,7.49,11500,86135.0,-0.5312084993359889,3.046134284604745,41.81274900398407
605162.SH,20260824,8.63,823200,7104216.0,-6.297502714440828,23.71282392283892,15.0
605166.SH,20260824,8.35,700,5845.0,0.0,0.16847338640759024,30.325209553366243
605167.SH,20260824,14.52,59800,868296.0,-0.7518796992481258,5.872020657705591,40.48872180451124
605168.SH,20260824,47.67,42300,2016441.0,1.4903129657228176,7.4586401493949595,53.941877794336904
605169.SH,20260824,10.87,79100,859817.0,-1.806684733514008,18.703177993873016,34.15989159891595
605177.SH,20260824,20.64,26300,542832.0,-0.434153400868309,3.279795678116118,42.39507959479015
605178.SH,20260824,67.51,6200,418562.0,0.22268408551069374,1.8326279920959188,46.336104513064164
605179.SH,20260824,29.52,790300,23329656.0,-6.434231378763866,33.96819278397581,15.0
605180.SH,20260824,12.77,42000,536340.0,0.9486166007905084,11.874848212875639,50.69169960474305
605183.SH,20260824,14.4,900,12960.0,0.06949270326614965,1.258188051931712,45.4169562195969
605186.SH,20260824,26.36,300,7908.0,0.1519756838905817,0.16051388475549622,29.804353359332808
605188.SH,20260824,12.41,16900,209729.0,0.6488240064882467,4.86559678860265,48.89294403892948
605189.SH,20260824,14.45,52600,760070.0,0.0,3.8975863209452677,45.0
605196.SH,20260824,35.36,17400,615264.0,0.4545454545454408,1.7472933338176702,47.72727272727265
605198.SH,20260824,59.88,51200,3065856.0,1.6638370118845502,9.46933377924274,54.9830220713073
605199.SH,20260824,5.86,1600,9376.0,-0.17035775127768327,2.332052312987487,43.9778534923339
605208.SH,20260824,13.79,23900,329581.0,-0.36127167630057855,2.2470711223328723,42.83236994219653
605218.SH,20260824,14.58,1200,17496.0,-0.545702592087316,0.5810183149618725,41.7257844474761
605222.SH,20260824,19.67,3900,76713.0,0.0,0.7099143664465188,45.0
605228.SH,20260824,10.53,14600,153738.0,0.0,3.855165655669296,45.0
605255.SH,20260824,67.83,11100,752913.0,0.23644155460320615,21.081056199518265,46.418649327619235
605258.SH,20260824,28.56,16600,474096.0,2.2556390977443552,4.333005812848086,58.53383458646613
605259.SH,20260824,17.65,8600,151790.0,0.0,10.790478815323574,45.0
605266.SH,20260824,16.54,6600,109164.0,0.0604960677555777,5.107453305429582,45.36297640653346
605268.SH,20260824,9.23,33200,306436.0,-0.216216216216214,7.141781240451117,43.702702702702716
605277.SH,20260824,14.88,14000,208320.0,1.0869565217391353,3.509710552998095,51.52173913043481
605286.SH,20260824,25.6,140600,3599360.0,2.728731942215079,29.153064343959507,61.37239165329048
605287.SH,20260824,39.49,6000,236940.0,0.5602240896358524,2.6578708424187485,48.361344537815114
605288.SH,20260824,57.8,10800,624240.0,1.208194711959365,6.90971773696782,52.24916827175619
605289.SH,20260824,109.06,6200,676172.0,1.037613488975353,1.5957212848671927,51.22568093385212
605296.SH,20260824,29.99,8200,245918.0,-0.7939133311280266,2.89381984749403,40.23652001323184
605298.SH,20260824,48.4,800,38720.0,-0.5343197698314817,0.8816238308750404,41.79408138101111
605299.SH,20260824,12.61,26300,331643.0,0.8799999999999919,3.517437930042776,50.27999999999995
605300.SH,20260824,9.57,300,2871.0,-0.10438413361169019,0.14623706214581061,25.696366384575768
605303.SH,20260824,20.58,4100,84378.0,-0.04856726566294656,1.4436757053150904,44.70859640602232
605305.SH,20260824,36.92,14300,527956.0,-0.7260016133369129,4.43312395936757,40.64399031997852
605318.SH,20260824,76.4,1500,114600.0,0.31512605042018915,1.564572978134492,46.89075630252113
605319.SH,20260824,23.99,7100,170329.0,-0.5801906340654805,2.275870349480229,41.518856195607114
605333.SH,20260824,17.5,51500,901250.0,-0.3984063745019917,7.7554131406894165,42.60956175298805
605336.SH,20260824,10.6,12600,133560.0,-0.6560449859418949,10.53664632337627,41.063730084348634
605337.SH,20260824,9.27,10200,94554.0,0.0,3.6667030025246246,45.0
605338.SH,20260824,18.88,28100,530528.0,0.5324813631522707,10.07829443149195,48.19488817891362
605339.SH,20260824,13.76,26700,367392.0,-0.9359251259899226,15.39795549759845,39.38444924406046
605358.SH,20260824,44.53,343600,15300508.0,0.9750566893424129,8.039512625700004,50.85034013605448
605365.SH,20260824,14.28,62400,891072.0,3.1791907514450823,4.9063752853678775,64.07514450867049
605366.SH,20260824,7.9,15300,120870.0,-0.8782936010037545,0.8057620969509594,39.73023839397747
605368.SH,20260824,6.67,18200,121394.0,-0.2989536621823663,5.629701920375107,43.2062780269058
605369.SH,20260824,17.27,3500,60445.0,0.0,2.670897919249227,45.0
605376.SH,20260824,153.5,50000,7675000.0,-0.19505851755526882,5.0119577508300255,43.82964889466839
605377.SH,20260824,8.86,22400,198464.0,-0.11273957158962622,3.1154827108165697,44.323562570462244
605378.SH,20260824,14.15,7200,101880.0,0.07072135785006761,4.432669049349555,45.424328147100404
605388.SH,20260824,5.98,10400,62192.0,0.16750418760469454,1.4882875013834838,46.005025125628165
605389.SH,20260824,70.64,200,14128.0,0.1985815602836949,0.2200553060290512,40.801444446931384
605398.SH,20260824,20.77,5000,103850.0,1.7140058765915622,5.197844163476678,55.28403525954937
605399.SH,20260824,10.83,19300,209019.0,0.2777777777777768,7.449330800838612,46.66666666666666
605488.SH,20260824,29.35,23000,675050.0,-0.6768189509306244,4.06790852784159,40.939086294416256
605499.SH,20260824,120.1,22463,2697806.0,0.05831875364492589,5.225274570155592,45.349912521869555
605500.SH,20260824,6.95,18500,128575.0,0.0,6.048519214768369,45.0
605507.SH,20260824,15.58,6900,107502.0,0.0,1.1439951635125498,45.0
605555.SH,20260824,11.96,4500,53820.0,0.4198152812762368,0.4648679622104325,47.51889168765742
605566.SH,20260824,25.64,2600,66664.0,-0.6201550387596955,1.0629556804213478,41.279069767441825
605567.SH,20260824,9.14,19700,180058.0,0.4395604395604602,8.247935531081838,47.63736263736276
605577.SH,20260824,9.75,50500,492375.0,0.20554984583760483,9.08420025523766,46.23329907502563
605580.SH,20260824,17.87,9300,166191.0,0.44969083754919925,2.8305087941364215,47.6981450252952
605588.SH,20260824,48.04,2500,120100.0,0.7127882599580637,2.2255527065639518,49.27672955974838
605589.SH,20260824,38.91,53700,2089467.0,0.02570694087402625,2.1871803837979047,45.154241645244156
605598.SH,20260824,26.37,7900,208323.0,-0.3401360544217691,2.5900468761646076,42.95918367346938
605599.SH,20260824,16.87,76100,1283807.0,0.059311981020182536,3.4230636027693024,45.35587188612109
688001.SH,20260824,52.95,12265,649432.0,-0.07548594074353598,1.7849027648746607,44.547084355538786
688002.SH,20260824,160.45,39536,6343551.0,0.02493610124056911,3.8651001084593757,45.14961660744341
688003.SH,20260824,85.4,21754,1857792.0,0.47058823529413374,3.954755638081591,47.8235294117648
688004.SH,20260824,21.8999,4047,88629.0,-0.046097672295764,1.4157556839765717,44.723413966225415
688005.SH,20260824,26.7,31916,852157.0,0.0,2.9134153738984314,45.0
688006.SH,20260824,22.68,31939,724377.0,0.0,3.2816290016203804,45.0
688007.SH,20260824,10.64,16200,172368.0,0.0,2.0205949037091013,45.0
688008.SH,20260824,200.57,80181,16081903.0,0.009972575417593887,2.506253185778192,45.05983545250557
688009.SH,20260824,4.89,38545,188485.0,0.0,1.2671234693216051,45.0
688010.SH,20260824,26.97,102316,2759463.0,2.2365428354814254,27.615373011283697,58.41925701288855
688011.SH,20260824,80.4,10156,816542.0,1.0304096506660088,6.3935471795043055,51.18245790399605
688012.SH,20260824,364.0,47562,17312568.0,0.4137931034482678,2.401342105684387,47.48275862068961
688013.SH,20260824,25.64,10627,272476.0,1.3438735177865535,9.705260365383056,53.06324110671932
688015.SH,20260824,15.72,1400,22008.0,-0.06357279084551193,1.3250569853376133,44.618563254926926
688016.SH,20260824,92.3999,3306,305474.0,-0.0650010815487656,2.176080823115533,44.609993510707405
688017.SH,20260824,310.0,37201,11532310.0,-1.3838078574836987,4.398885785011405,36.69715285509781
688018.SH,20260824,112.2,4674,524423.0,-0.008911861687899147,1.3205405925137719,44.946528829872605
688019.SH,20260824,241.9,12829,3103335.0,0.3442983365827379,2.151536210276388,47.065790019496426
688020.SH,20260824,130.09,14230,1851181.0,0.1616877117339044,3.0279294783144883,45.970126270403426
688021.SH,20260824,21.31,20757,442332.0,-0.7452258965999103,9.328971720096597,40.52864462040054
688022.SH,20260824,8.38001,20223,169469.0,0.3594011976048028,4.595286721606522,47.156407185628815
688023.SH,20260824,38.4801,4974,191400.0,-0.3364413364413399,3.8549869906273666,42.98135198135196
688025.SH,20260824,410.0,21154,8673140.0,-0.21660298376694476,5.369009242996712,43.70038209739833
688026.SH,20260824,16.45,14958,246059.0,-0.12143290831815312,2.8066241663915372,44.27140255009108
688027.SH,20260824,383.3,2184,837127.0,-0.8535954474909513,1.5961623751088034,39.878427315054296
688028.SH,20260824,91.46,8382,766618.0,0.021872265966749183,2.057459904185381,45.131233595800495
688029.SH,20260824,74.66,5662,422725.0,0.7013757755597538,2.2948778364691416,49.20825465335852
688030.SH,20260824,16.51,3486,57554.0,-0.0605326876513157,1.1890412353566993,44.63680387409211
688031.SH,20260824,105.7,15371,1624715.0,0.16109163271107452,4.460785038477862,45.96654979626645
688032.SH,20260824,,0,0.0,,0.0,0.0
688033.SH,20260824,5.92,700,4144.0,-0.5042016806722782,0.15421316009856542,24.733158733708105
688035.SH,20260824,66.9,41517,2777487.0,0.8137432188065175,6.892648728285095,49.8824593128391
688036.SH,20260824,57.48,38733,2226373.0,-0.570835495589006,4.10411033109047,41.57498702646596
688037.SH,20260824,369.0,18523,6834987.0,0.6821282401091366,4.165750877770938,49.09276944065482
688038.SH,20260824,18.51,54132,1001983.0,2.3783185840708043,35.01082401398919,59.269911504424826
688039.SH,20260824,33.9,4800,162720.0,1.3452914798206095,3.3867794549699446,53.07174887892366
688041.SH,20260824,246.0,83788,20611848.0,-0.08529304252468117,2.9989837063003937,44.48824174485191
688045.SH,20260824,59.68,3700,220816.0,-0.6988352745424309,1.8974316583124429,40.806988352745414
688046.SH,20260824,35.04,121959,4273443.0,2.008733624454151,7.526128072146887,57.052401746724904
688047.SH,20260824,107.07,4642,497019.0,-0.2886943564909705,1.055239842600752,43.26783386105418
688048.SH,20260824,305.62,24710,7551870.0,-0.5240373661426379,3.2331905533176855,41.85577580314417
688049.SH,20260824,39.1,5000,195500.0,-0.178708195047228,1.0439108079188308,43.92775082971663
688050.SH,20260824,40.1701,8903,357634.0,-0.7655632411067148,3.736996506794256,40.40662055335971
688051.SH,20260824,24.69,10095,249246.0,0.9815950920245564,10.865404446050995,50.88957055214734
688052.SH,20260824,244.43,3748,916124.0,0.0286462596169601,1.1978662352281964,45.17187755770176
688053.SH,20260824,35.48,8755,310627.0,1.7785427423981481,9.018136840682999,55.67125645438889
688055.SH,20260824,3.79,10800,40932.0,0.0,1.0599099796381897,45.0
688056.SH,20260824,42.67,1000,42670.0,-0.3968253968253954,1.4115969154076646,42.61904761904763
688057.SH,20260824,17.71,17549,310793.0,-1.0061486864169966,3.46181342760074,38.96310788149802
688058.SH,20260824,22.8001,5787,131944.0,-0.13096802452912115,7.272451082894885,44.21419185282527
688059.SH,20260824,91.9499,3874,356214.0,0.6126490863332945,1.023262619492096,48.675894517999765
688060.SH,20260824,34.5001,5689,196271.0,0.436972343522557,18.639246054078324,47.621834061135345
688061.SH,20260824,,0,0.0,,0.0,0.0
688062.SH,20260824,30.89,44615,1378157.0,-0.8982996470965676,4.863874411423099,39.61020211742059
688063.SH,20260824,44.64,112619,5027312.0,0.11213276519397297,16.42061508466423,45.67279659116384
688065.SH,20260824,45.18,4734,213882.0,-0.1988071570576566,0.8794158976529988,43.80715705765406
688066.SH,20260824,8.42,18824,158498.0,-0.23696682464454666,2.9989899804088744,43.57819905213272
688067.SH,20260824,23.0,15936,366528.0,0.5244755244755206,21.568236422067027,48.146853146853125
688068.SH,20260824,105.0,7690,807450.0,-1.3991924124330923,2.416178758100038,36.604845525401444
688069.SH,20260824,31.4107,336,10554.0,-1.1620516047828877,0.05294507214643983,2.557803357661843
688070.SH,20260824,35.06,3851,135016.0,1.5055008685582072,2.5542447358666784,54.03300521134924
688071.SH,20260824,33.36,8702,290299.0,-0.9207009207009231,4.448202351582529,39.47579447579446
688072.SH,20260824,680.0,13420,9125600.0,0.9651076466221209,2.2624029025952916,50.79064587973272
688073.SH,20260824,73.03,17884,1306069.0,1.9972067039106145,4.010632404778192,56.98324022346369
688075.SH,20260824,29.9,14900,445510.0,1.1844331641285955,22.894977417219813,52.10659898477157
688076.SH,20260824,27.36,44886,1228081.0,0.1097694840834329,17.758030261129218,45.6586169045006
688077.SH,20260824,28.84,13215,381121.0,0.1388888888888884,3.6643815652669764,45.83333333333333
688078.SH,20260824,23.3294,252,5879.0,-0.0025717959708515536,0.36474038165530215,44.98456922417489
688079.SH,20260824,16.0,4300,68800.0,0.18785222291797243,0.4440943127997786,46.127113337507836
688080.SH,20260824,36.53,1315,48037.0,-0.10937927262782976,1.5324504200273792,44.34372436423302
688081.SH,20260824,28.68,11302,324141.0,-0.2781641168289384,9.352234132317806,43.33101529902637
688082.SH,20260824,302.2,8274,2500403.0,0.36532713384256343,1.6823763619148824,47.19196280305538
688083.SH,20260824,53.2199,5243,279032.0,-0.9493765121905695,2.2375385241502794,39.303740926856584
688084.SH,20260824,44.0501,2875,126644.0,0.00022701475597131093,3.4107276168643623,45.00136208853583
688085.SH,20260824,13.5499,1673,22669.0,0.36962962962963086,0.7031370726160167,47.21777777777778
688087.SH,20260824,41.0,5581,228821.0,1.9646854016413862,4.169299874808582,56.78811240984832
688088.SH,20260824,31.63,6527,206449.0,0.06327111673520847,1.4187698671695104,45.37962670041125
688089.SH,20260824,7.63,75338,574829.0,1.5978695073235683,29.459432339023444,54.58721704394141
688090.SH,20260824,71.5,30220,2160730.0,0.0,3.5471214273124265,45.0
688091.SH,20260824,39.66,5774,228997.0,-0.8995502248875686,1.1280802493107744,39.60269865067459
688092.SH,20260824,22.87,16300,372781.0,1.1946902654867309,37.65761723222812,52.168141592920385
688093.SH,20260824,25.5799,2666,68196.0,0.9467245461720619,2.00455719600202,50.68034727703237
688095.SH,20260824,58.62,3450,202239.0,-0.7281964436917865,1.704842980099822,40.630821337849284
688096.SH,20260824,8.90001,98675,878208.0,1.1364772727272543,14.35915872577705,51.818863636363524
688097.SH,20260824,49.1,22991,1128858.0,0.0,2.627041277592436,45.0
688098.SH,20260824,8.12,38600,313432.0,-1.575757575757586,10.528296206851367,35.54545454545448
688099.SH,20260824,92.36,11596,1071007.0,0.47867711053088957,1.3423653349620992,47.87206266318534
688100.SH,20260824,25.51,22253,567674.0,-0.5845674201091167,5.742030039667541,41.4925954793453
688101.SH,20260824,14.53,9431,137032.0,-1.0891763104152519,3.476300213197115,38.46494213750849
688102.SH,20260824,33.6,129686,4357450.0,-1.6393442622950727,6.228673525793535,35.16393442622956
688103.SH,20260824,74.5599,1311,97748.0,-0.49392766582144754,0.558869658500382,42.036434005071314
688105.SH,20260824,23.0,643490,14800270.0,-5.115511551155105,28.082588581807297,15.0
688106.SH,20260824,27.6,29830,823308.0,-1.1815252416756072,1.8532074819073232,37.91084854994636
688107.SH,20260824,31.1,20666,642713.0,-0.6389776357827448,3.4057035377496425,41.166134185303534
688108.SH,20260824,18.25,32008,584146.0,-1.2445887445887482,2.7240984069065903,37.53246753246751
688109.SH,20260824,74.36,2700,200772.0,1.8211693824455644,3.9216746417202955,55.927016294673386
688110.SH,20260824,122.51,628801,77034411.0,1.4995857497928755,23.665933160187922,53.997514498757255
688111.SH,20260824,240.44,31416,7553663.0,-0.02494802494802384,5.303550598934629,44.850311850311854
688112.SH,20260824,70.9,21135,1498472.0,-0.29531711432990715,5.081727972131439,43.22809731402056
688113.SH,20260824,35.79,10745,384564.0,-0.7212205270457628,17.148706672051073,40.672676837725426
688114.SH,20260824,74.97,432884,32453313.0,0.24067388688326918,18.522447692222986,46.44404332129962
688115.SH,20260824,67.5999,5279,356860.0,-0.9670377966598309,2.647906671581388,39.197773220041014
688116.SH,20260824,31.93,52366,1672046.0,-0.8385093167701974,9.47128118053145,39.96894409937882
688117.SH,20260824,26.05,21117,550098.0,1.0081426909654967,2.257592791094646,51.04885614579298
688118.SH,20260824,20.14,4413,88878.0,-0.04962779156326702,2.2392102242704657,44.702233250620395
688119.SH,20260824,3.91995,9894,38784.0,0.5115384615384633,1.2364402901898326,48.06923076923078
688120.SH,20260824,273.0,28034,7653282.0,0.4784688995215447,3.5047113734281012,47.87081339712927
688121.SH,20260824,1.76,13700,24112.0,1.1494252873563315,1.3715230919791324,51.89655172413799
688122.SH,20260824,49.1,15610,766451.0,-0.20325203252032908,2.364050669708818,43.78048780487803
688123.SH,20260824,138.0,17375,2397750.0,-0.6407948736410041,2.2000091696180335,41.15523075815398
688125.SH,20260824,123.38,400,49352.0,-0.17799352750809128,0.3481485083925927,43.932038834951456
688126.SH,20260824,24.85,273728,6802141.0,0.8932196508323331,4.285444807079026,50.359317904994
688127.SH,20260824,65.7,15451,1015131.0,-0.045641259698769865,1.5159277876825108,44.72615244180738
688128.SH,20260824,21.91,2600,56966.0,-0.18223234624145102,1.2946358586088376,43.90660592255129
688129.SH,20260824,20.89,9301,194298.0,-0.33396946564885344,11.624404968524042,42.99618320610688
688130.SH,20260824,24.05,3600,86580.0,-0.41407867494822614,2.273422932314885,42.51552795031064
688131.SH,20260824,97.51,8489,827762.0,0.12321593592772295,1.480769996033061,45.739295615566334
688132.SH,20260824,13.3999,4506,60380.0,-0.0007462686567150101,4.344160543136622,44.99552238805971
688133.SH,20260824,23.3299,9253,215872.0,-0.0004286326618085923,2.412180222866537,44.99742820402915
688135.SH,20260824,25.44,46781,1190109.0,0.0,5.087997819424009,45.0
688136.SH,20260824,21.22,231668,4915995.0,3.260340632603387,6.891124849041318,64.56204379562033
688137.SH,20260824,77.75,235403,18302583.0,-4.000493888134327,32.400851471927226,20.99703667119404
688138.SH,20260824,34.23,20485,701202.0,0.7357268981754039,3.3980084470798717,49.414361389052424
688139.SH,20260824,29.7,24388,724324.0,0.5416384563303955,5.670198060900356,48.24983073798237
688141.SH,20260824,124.0,8245,1022380.0,-0.28146361077603377,0.5589411702931976,43.311218335343796
688143.SH,20260824,154.01,179875,27702549.0,-3.0163727959697906,10.78110395040121,26.901763224181256
688146.SH,20260824,255.0,187530,47820150.0,-3.07499334828385,13.142527175136907,26.550039910296903
688147.SH,20260824,123.0,90284,11104932.0,2.7397260273972712,6.445988341146988,61.43835616438363
688148.SH,20260824,6.3,97222,612499.0,-0.15847860538826808,5.972197478866601,44.04912836767039
688150.SH,20260824,37.6599,5299,199560.0,-1.7482389773023743,0.6688890726207295,34.51056613618576
688151.SH,20260824,15.81,7500,118575.0,-0.6285355122564451,3.2006027687164136,41.22878692646133
688152.SH,20260824,32.94,32808,1080696.0,-0.4833836858006202,6.575275655169293,42.09969788519628
688153.SH,20260824,25.6,6200,158720.0,-0.11705033164259859,1.8633179068407963,44.29769801014441
688155.SH,20260824,60.4101,4826,291539.0,0.649950016661105,1.9394933220302941,48.89970009996663
688156.SH,20260824,19.81,12255,242772.0,0.4563894523326617,5.66279419515311,47.73833671399597
688157.SH,20260824,19.02,200,3804.0,0.15797788309637184,0.0927935196362455,17.650700833102423
688158.SH,20260824,32.58,156414,5095968.0,-0.15323322096231218,6.524652931096846,44.080600674226126
688159.SH,20260824,32.08,12704,407544.0,-0.8346213292117599,4.96221537887885,39.99227202472944
688160.SH,20260824,99.35,1400,139090.0,-0.5007511266900355,1.0217700115519,41.99549323985978
688161.SH,20260824,22.02,4458,98165.0,-0.27173913043477826,4.893210472950861,43.36956521739133
688162.SH,20260824,23.1299,4679,108225.0,-0.17306862321969652,5.009954173674894,43.96158826068182
688163.SH,20260824,35.69,25047,893927.0,4.970588235294104,16.40929203028118,74.82352941176462
688165.SH,20260824,16.2,16500,267300.0,-1.2195121951219523,2.9587631435830084,37.68292682926828
688166.SH,20260824,36.5,35013,1277975.0,-0.46359421870739714,2.8163633036223747,42.21843468775562
688167.SH,20260824,274.91,77211,21226076.0,-2.1916248621339784,8.106019877407967,31.850250827196128
688168.SH,20260824,34.99,7805,273097.0,-1.796239124333432,2.9041259544002767,34.222565253999406
688169.SH,20260824,116.0,25167,2919372.0,-0.394985402713377,4.593160479931629,42.630087583719735
688170.SH,20260824,52.97,6501,344358.0,0.037771482530679634,1.3713820438883513,45.22662889518408
688171.SH,20260824,26.9801,2009,54203.0,-0.07370370370369805,1.4353116482280814,44.557777777777815
688172.SH,20260824,55.33,31265,1729892.0,-0.5750224618149113,2.0774188049372273,41.54986522911053
688173.SH,20260824,13.84,12574,174024.0,0.21723388848660097,0.8314656444400557,46.30340333091961
688175.SH,20260824,19.45,11792,229354.0,0.4130098089829559,7.376024963364934,47.478058853897736
688176.SH,20260824,12.29,67401,828358.0,0.7377049180327777,5.7391472567962065,49.42622950819667
688177.SH,20260824,20.6,14201,292541.0,-0.5311443746982114,4.194347631917904,41.81313375181073
688178.SH,20260824,28.01,9800,274498.0,-2.4041811846689853,8.465276447412455,30.574912891986088
688179.SH,20260824,20.89,115232,2407196.0,0.0,7.342328263664617,45.0
688180.SH,20260824,37.11,58144,2157724.0,-0.8284339925173745,2.881507430443883,40.029396044895755
688181.SH,20260824,38.5,11774,453299.0,-0.5681818181818121,2.9364071086291066,41.59090909090913
688182.SH,20260824,28.53,19686,561642.0,1.1702127659574568,3.2851045354571706,52.02127659574474
688183.SH,20260824,107.0,26649,2851443.0,-0.539133667968017,2.200212138641025,41.7651979921919
688184.SH,20260824,,0,0.0,,0.0,0.0
688185.SH,20260824,77.0,471543,36308811.0,-0.41386445938954575,25.9732542675574,42.516813243662725
688186.SH,20260824,13.95,9538,133055.0,0.5043227665705974,3.763876101871865,48.02593659942359
688187.SH,20260824,47.6,34108,1623541.0,0.0,7.035306889084967,45.0
688188.SH,20260824,101.46,1000,101460.0,-0.1377952755905465,0.3352133418663289,44.173228346456725
688189.SH,20260824,6.55,22900,149995.0,0.7692307692307665,7.858835107865059,49.6153846153846
688190.SH,20260824,73.95,3422,253057.0,1.218176840952645,3.1291885976881915,52.30906104571587
688191.SH,20260824,22.07,21900,483333.0,1.5179392824287152,3.8062438375721337,54.107635694572295
688192.SH,20260824,59.74,18605,1111463.0,1.2542372881356068,2.2411548769402594,52.52542372881364
688193.SH,20260824,47.8201,3301,157854.0,-0.49916770703288815,8.485322108587546,42.00499375780267
688195.SH,20260824,173.92,81315,14142305.0,1.116279069767434,9.665324577607446,51.697674418604606
688196.SH,20260824,34.8,22302,776110.0,0.8695652173912993,9.849782785327088,50.2173913043478
688197.SH,20260824,36.97,3000,110910.0,-1.9623442057809637,1.3988177990566133,33.22593476531422
688198.SH,20260824,78.0297,1412,110178.0,-0.5991082802547676,1.9355663934952827,41.40535031847139
688199.SH,20260824,23.0293,307,7070.0,-0.5643350604490505,0.07907814788911119,10.84805625734571
688200.SH,20260824,414.0,6632,2745648.0,0.3587704838553307,1.6905687799827462,47.152622903131984
688201.SH,20260824,7.04,3600,25344.0,-0.7052186177715081,2.6306914626775324,40.76868829337095
688202.SH,20260824,100.0,35859,3585900.0,-0.4678013337314657,5.091653894946473,42.19319199761121
688203.SH,20260824,11.66,9844,114781.0,-0.5967604433077645,3.1879480061819767,41.419437340153415
688205.SH,20260824,162.54,48689,7913910.0,1.9954819277108404,5.314589541076811,56.97289156626504
688206.SH,20260824,43.21,83134,3592220.0,-0.20785219399537258,8.07127299259692,43.75288683602776
688207.SH,20260824,18.68,88864,1659980.0,-3.6119711042311597,6.487906584025687,23.32817337461304
688208.SH,20260824,25.0701,3394,85088.0,0.040303272146857694,0.5042840706228836,45.241819632881146
688209.SH,20260824,23.18,42636,988302.0,0.6950477845351966,4.482651920442347,49.170286707211176
688210.SH,20260824,30.73,19106,587127.0,-0.8389803162310305,3.294286065204788,39.96611810261382
688211.SH,20260824,31.2,1500,46800.0,1.0362694300518172,3.328204721570429,51.2176165803109
688212.SH,20260824,28.4501,9370,266577.0,0.6370711001061125,2.7668704788941234,48.822426600636675
688213.SH,20260824,97.97,32184,3153066.0,-0.030612244897965102,5.6402381515217455,44.81632653061221
688215.SH,20260824,45.9901,3322,152779.0,1.4114663726570997,2.873889650003735,53.4687982359426
688216.SH,20260824,30.53,10069,307407.0,0.0,2.909337988117641,45.0
688217.SH,20260824,25.0,15513,387825.0,0.928542591844983,13.508797045672326,50.571255551069896
688218.SH,20260824,41.09,4210,172989.0,-0.5566311713455896,1.1803709649199146,41.66021297192646
688219.SH,20260824,10.33,15038,155343.0,-0.28957528957528345,3.1451324245451566,43.2625482625483
688220.SH,20260824,95.16,15422,1467558.0,0.8264462809917328,1.9160326542147075,49.9586776859504
688221.SH,20260824,19.93,51565,1027690.0,-0.35000000000000586,3.0928321132187038,42.89999999999996
688222.SH,20260824,36.63,62101,2274760.0,1.2997787610619538,3.9715900332351355,52.79867256637172
688223.SH,20260824,4.37,90638,396088.0,-0.4555808656036331,1.411434123017056,42.266514806378204
688225.SH,20260824,11.8499,4424,52424.0,-0.08516020236086774,1.146850405414156,44.48903878583479
688226.SH,20260824,29.1,5050,146955.0,-0.4787961696306353,1.47622087977139,42.12722298221619
688227.SH,20260824,71.72,2900,207988.0,-0.8707671043538312,1.3473783518585656,39.77539737387701
688228.SH,20260824,81.0,13586,1100466.0,1.8867924528301883,3.3141911723138815,56.32075471698113
688229.SH,20260824,,0,0.0,,0.0,0.0
688230.SH,20260824,54.43,1400,76202.0,-0.12844036697248207,1.2596516205835822,44.22935779816511
688231.SH,20260824,29.74,5738,170648.0,0.3712453594330034,1.5992038392437657,47.22747215659802
688232.SH,20260824,18.1102,2023,36637.0,-0.2742290748898757,0.9633593450260831,43.35462555066074
688233.SH,20260824,112.39,25015,2811436.0,-0.7067762169802982,2.8792595854192933,40.75934269811821
688234.SH,20260824,107.81,66009,7116430.0,-1.946339245111417,6.380976897100913,33.321964529331495
688235.SH,20260824,289.0,14049,4060161.0,-0.08643042350907626,2.7984790039873144,44.48141745894554
688236.SH,20260824,14.55,15070,219269.0,0.41407867494824835,7.063761148621059,47.48447204968949
688237.SH,20260824,56.2,4050,227610.0,0.0,3.6165033244708003,45.0
688238.SH,20260824,7.21,176814,1274829.0,-0.9615384615384692,3.745437654349807,39.230769230769184
688239.SH,20260824,48.0,68841,3304368.0,-0.43559427504666903,6.545784068736105,42.386434349719984
688244.SH,20260824,14.81,900,13329.0,-1.0026737967914423,0.5844871864920622,38.983957219251344
688246.SH,20260824,17.44,11713,204275.0,0.1723147616312426,5.9045435545753975,46.03388856978746
688247.SH,20260824,9.68,119352,1155327.0,-0.8196721311475419,15.004685591583794,40.08196721311475
688248.SH,20260824,41.29,9273,382882.0,-0.12094823415579325,2.7563241752598935,44.27431059506524
688249.SH,20260824,39.51,28727,1135004.0,0.9969325153374342,1.3907933807163573,50.981595092024605
688251.SH,20260824,21.38,1000,21380.0,-0.23331777881474558,0.5153508259183959,43.60009332711152
688252.SH,20260824,20.19,4299,86797.0,0.4477611940298498,0.8957891346826813,47.686567164179095
688253.SH,20260824,56.0,1101,61656.0,-0.4090343233149496,0.6061041577844758,42.5457940601103
688255.SH,20260824,25.46,6183,157419.0,-1.0878010878010769,2.8250222977544324,38.47319347319354
688256.SH,20260824,1035.0,41005,42440175.0,0.0,2.513252505544983,45.0
688257.SH,20260824,58.89,37735,2222214.0,1.4470284237726228,2.384934224798858,53.68217054263574
688258.SH,20260824,97.3,12633,1229191.0,0.01027854866892941,4.837022586959517,45.06167129201358
688259.SH,20260824,31.15,3700,115255.0,0.4514672686230181,3.1820565088288784,47.708803611738105
688260.SH,20260824,105.27,40545,4268172.0,-1.6995050891773333,8.118168193875773,34.802969464936
688261.SH,20260824,74.05,44861,3321957.0,-1.0159069643095875,6.3080965744792055,38.904558214142476
688262.SH,20260824,26.91,14289,384517.0,-0.0742666171555828,1.765606359858133,44.5544002970665
688265.SH,20260824,41.92,15252,639364.0,-0.8983451536642928,6.1078837578099385,39.60992907801425
688266.SH,20260824,128.0,27147,3474816.0,-0.5516276901561756,3.7578398502935753,41.69023385906294
688267.SH,20260824,18.4503,1810,33395.0,-1.0707774798927594,1.478175891555404,38.575335120643444
688268.SH,20260824,145.0,33876,4912020.0,-0.13774104683195176,6.922220682250475,44.17355371900829
688269.SH,20260824,31.94,4218,134723.0,-0.6840796019900397,3.482146821844133,40.89552238805976
688270.SH,20260824,61.0,38311,2336971.0,-1.4380352237841287,6.0791180209363365,36.37178865729523
688271.SH,20260824,105.75,14635,1547651.0,-0.2358490566037763,3.082109572426513,43.584905660377345
688272.SH,20260824,28.14,11897,334782.0,-0.9852216748768461,9.88097594700065,39.088669950738925
688273.SH,20260824,30.22,20750,627065.0,-0.6247944755014889,17.284639657994763,41.25123314699107
688275.SH,20260824,85.9,38168,3278631.0,-0.01164008846465947,5.0781944876817615,44.93015946921204
688276.SH,20260824,17.36,240976,4183343.0,0.0,24.272011201876683,45.0
688277.SH,20260824,15.79,11810,186480.0,0.31766200762388674,2.0789486317077617,46.90597204574332
688278.SH,20260824,60.77,37278,2265384.0,-1.793794440853258,6.534535374422306,34.23723335488045
688279.SH,20260824,178.09,13435,2392639.0,0.19691684482952,4.772402287703087,46.18150106897712
688280.SH,20260824,5.50999,16514,90992.0,0.5472627737226121,2.0288913666828265,48.283576642335674
688281.SH,20260824,45.19,2300,103937.0,0.02213368747232547,0.75471756203594,45.13280212483395
688282.SH,20260824,56.0,400,22400.0,0.37641154328733606,0.6046651645056366,47.258469259724016
688283.SH,20260824,28.53,5825,166187.0,0.8127208480565473,4.855482155686005,49.876325088339286
688285.SH,20260824,7.66,24865,190466.0,0.5249343832020914,18.09544548013839,48.14960629921255
688286.SH,20260824,48.51,34226,1660303.0,-1.0000000000000009,4.663787773326177,38.99999999999999
688288.SH,20260824,18.53,11948,221396.0,0.0,11.854780280207306,45.0
688289.SH,20260824,15.7,49925,783823.0,-0.5069708491761693,4.0232634507126805,41.958174904942986
688290.SH,20260824,67.31,1800,121158.0,1.0660660660660737,2.1493954556956796,51.39639639639644
688291.SH,20260824,43.0,15782,678626.0,1.1051022807430089,9.193506121907587,51.630613684458055
688292.SH,20260824,16.96,2000,33920.0,-0.5278592375366542,0.7918446906825163,41.832844574780076
688293.SH,20260824,61.75,16054,991335.0,0.0,3.3084712041273954,45.0
688295.SH,20260824,38.6801,5801,224383.0,-0.4629439011837322,1.478496570293586,42.222336592897605
688296.SH,20260824,26.8,76413,2047868.0,1.5536187949981128,9.724987178620456,54.32171276998868
688297.SH,20260824,38.81,18474,716976.0,0.025773195876310773,3.9684925461521523,45.15463917525786
688298.SH,20260824,19.34,6892,133291.0,-0.46320123520329215,3.920106078821628,42.22079258878025
688299.SH,20260824,12.91,8100,104571.0,0.0,1.8868593170641437,45.0
688300.SH,20260824,142.01,92624,13153534.0,-2.2710068130204486,9.301671210437805,31.37395912187731
688301.SH,20260824,100.17,8024,803764.0,-0.7628294036061023,1.7124055630107666,40.423023578363384
688302.SH,20260824,36.36,3900,141804.0,-0.30161776802851703,2.6347327240311076,43.190293391828895
688303.SH,20260824,17.72,113660,2014055.0,-1.6648168701442922,15.401410239717322,35.011098779134244
688305.SH,20260824,63.88,16785,1072226.0,1.0599588672678406,4.6444065108946,51.35975320360704
688306.SH,20260824,8.69998,4623,40220.0,0.23018433179724518,0.6906808605533202,46.38110599078347
688307.SH,20260824,49.58,7708,382163.0,-0.4017677782241935,1.6244026618095697,42.589393330654836
688308.SH,20260824,96.85,10712,1037457.0,-0.4420230263157965,1.5555501534286587,42.34786184210522
688309.SH,20260824,74.56,6200,462272.0,0.10741138560688146,4.039798665492319,45.64446831364129
688310.SH,20260824,15.7,4300,67510.0,0.0,1.8759830431807336,45.0
688311.SH,20260824,22.98,25215,579441.0,0.43706293706293753,6.055470729111632,47.62237762237763
688312.SH,20260824,49.98,12029,601209.0,0.5229283990345834,2.460695853004945,48.1375703942075
688313.SH,20260824,156.79,223724,35077686.0,-0.7658227848101329,9.0519258859649,40.4050632911392
688314.SH,20260824,,0,0.0,,0.0,0.0
688315.SH,20260824,15.95,75936,1211179.0,0.0,3.3143465488297523,45.0
688316.SH,20260824,48.64,3100,150784.0,-0.49099836333879043,1.8322883118490936,42.054009819967256
688317.SH,20260824,17.5001,5649,98858.0,-1.1293785310734439,1.8588451738675904,38.22372881355933
688318.SH,20260824,75.98,22990,1746780.0,-0.8482317630170821,5.92261709056167,39.910609421897504
688319.SH,20260824,30.0,29015,870450.0,-0.16638935108153063,3.2760056247712495,44.001663893510816
688320.SH,20260824,33.7501,4590,154913.0,0.32728894173603695,2.107195936807491,46.96373365041622
688321.SH,20260824,27.87,85890,2393754.0,-0.2862254025044697,4.426511421500995,43.28264758497318
688322.SH,20260824,96.83,198226,19194224.0,-4.128712871287132,12.650338320663433,20.227722772277204
688323.SH,20260824,29.27,84820,2482681.0,-0.23858214042262738,4.400325527680647,43.56850715746424
688325.SH,20260824,109.75,1900,208525.0,0.0,2.396702000124683,45.0
688326.SH,20260824,64.1901,2930,188077.0,-0.015420560747669843,2.153479148303273,44.90747663551398
688327.SH,20260824,10.06,86154,866709.0,-0.9842519685039353,3.830611355776514,39.094488188976385
688328.SH,20260824,92.0,211584,19465728.0,0.9214567792891648,19.03154691338396,50.52874067573499
688329.SH,20260824,21.0,3730,78330.0,0.23866348448686736,2.319376243244739,46.431980906921204
688330.SH,20260824,32.95,1920,63264.0,-0.39298669891171256,2.862158977404308,42.64207980652972
688331.SH,20260824,125.4,32773,4109734.0,-0.07968127490038945,4.013973548245477,44.52191235059766
688332.SH,20260824,91.29,4266,389443.0,0.1865671641791078,1.1174927709371616,46.11940298507464
688333.SH,20260824,106.68,57272,6109777.0,1.1568367153423242,4.20392069228691,51.94102029205395
688334.SH,20260824,17.9102,2059,36877.0,-0.1661092530657826,1.6904907887574134,44.0033444816053
688335.SH,20260824,19.96,5872,117205.0,0.05012531328321135,3.34132261183239,45.30075187969927
688336.SH,20260824,47.66,50941,2427848.0,0.020986358866736943,4.206697423361962,45.12591815320042
688337.SH,20260824,44.23,5900,260957.0,-1.3163766175814495,1.705430351730036,37.1017402945113
688338.SH,20260824,31.39,17598,552401.0,-0.66455696202532,9.340337175754646,41.01265822784808
688339.SH,20260824,17.3,2500,43250.0,1.525821596244148,0.9041450881727516,54.154929577464884
688343.SH,20260824,57.0,4059,231363.0,-0.21008403361344463,0.6938658638400429,43.73949579831933
688345.SH,20260824,53.4,580,30972.0,-0.22421524663678305,0.35052081573839816,43.6547085201793
688347.SH,20260824,231.0,23062,5327322.0,-0.9518909184460966,1.7924631807425127,39.28865448932342
688348.SH,20260824,32.5801,3110,101324.0,0.617974058060522,2.418437870153535,48.70784434836313
688349.SH,20260824,13.95,6600,92070.0,-0.357142857142867,1.4390463525629804,42.8571428571428
688350.SH,20260824,,0,0.0,,0.0,0.0
688351.SH,20260824,20.16,11800,237888.0,-0.1980198019801982,3.7061776716536405,43.81188118811881
688352.SH,20260824,18.63,33132,617249.0,0.5939524838012966,1.518247020811421,48.56371490280778
688353.SH,20260824,90.86,39142,3556442.0,-0.3728070175438636,7.058399004043162,42.76315789473682
688355.SH,20260824,17.28,5232,90409.0,-0.34602076124566894,4.264137794158486,42.92387543252599
688356.SH,20260824,116.32,1228311,142877136.0,8.365940003726458,75.58833745304291,95.19564002235875
688357.SH,20260824,,0,0.0,,0.0,0.0
688358.SH,20260824,28.86,15209,438932.0,-0.4827586206896606,14.411573596927594,42.103448275862036
688359.SH,20260824,96.41,6744,650189.0,0.4480100020837652,1.715583678539922,47.68806001250259
688360.SH,20260824,15.79,11744,185438.0,0.4452926208651231,4.385411444193241,47.671755725190735
688361.SH,20260824,350.08,22515,7882051.0,0.17741658558918516,2.5160218730239055,46.06449951353511
688362.SH,20260824,64.6,35149,2270625.0,-0.4315659679408168,2.192435285885856,42.4106041923551
688363.SH,20260824,36.32,2700,98064.0,-0.16492578339747377,1.013019120002447,44.01044529961516
688365.SH,20260824,14.33,14734,211138.0,0.13976240391333494,1.7355404536002967,45.83857442348001
688366.SH,20260824,30.55,37389,1142234.0,-2.7070063694267454,25.50454490769648,28.757961783439526
688367.SH,20260824,30.0401,5988,179880.0,0.0003328894806919891,5.64803758325031,45.00199733688415
688368.SH,20260824,126.68,3998,506467.0,-0.1261431725007811,0.9108426448243843,44.24314096499531
688369.SH,20260824,19.5,20275,395363.0,-0.8138351983723258,6.0657405855429625,40.11698880976604
688370.SH,20260824,23.35,5800,135430.0,-0.849256900212314,7.307688883361073,39.904458598726116
688371.SH,20260824,27.91,6500,181415.0,0.03584229390680704,0.8863772405118963,45.21505376344084
688372.SH,20260824,123.5,29240,3611140.0,0.365704997968308,4.522880206698058,47.19422998780985
688373.SH,20260824,5.39999,48066,259556.0,-0.7354779411764767,3.6130950851377537,40.58713235294114
688375.SH,20260824,78.2,16941,1324786.0,-1.7834714895754833,5.045287724587751,34.2991710625471
688376.SH,20260824,66.9398,2042,136691.0,-0.3278737343656801,1.4100277606017113,43.03275759380592
688377.SH,20260824,20.12,11767,236752.0,-0.9354997538158383,3.836806901273934,39.387001477104974
688378.SH,20260824,45.11,18548,836700.0,-1.5280506439642072,1.819080240679513,35.83169613621476
688379.SH,20260824,53.12,12341,655554.0,-1.0800744878957325,4.054786709129209,38.519553072625605
688380.SH,20260824,42.28,60781,2569821.0,0.47528517110266844,4.640409091424299,47.85171102661601
688381.SH,20260824,34.37,208794,7176250.0,2.230814991076735,14.761363857909148,58.38488994646041
688382.SH,20260824,20.21,36570,739080.0,1.0499999999999954,2.4476548179592,51.29999999999997
688383.SH,20260824,130.0,4278,556140.0,2.16110019646365,2.026364092111223,57.9666011787819
688385.SH,20260824,53.61,28336,1519093.0,0.018656716417897456,2.261551434470082,45.111940298507385
688386.SH,20260824,52.16,21117,1101463.0,0.0,10.961939028433248,45.0
688387.SH,20260824,12.9,202201,2608393.0,-0.9216589861751112,4.430438614939668,39.47004608294933
688388.SH,20260824,30.18,152881,4613949.0,1.6846361185983927,5.333561711864925,55.10781671159036
688389.SH,20260824,11.13,24357,271093.0,-0.26881720430107503,10.006086855002742,43.38709677419355
688390.SH,20260824,66.18,32204,2131261.0,-0.045310376076102,5.900601002699699,44.728137743543385
688391.SH,20260824,25.67,300,7701.0,0.0,0.2435001260186667,43.830022683360006
688392.SH,20260824,197.0,35210,6936370.0,2.2208385222083793,7.534107838131758,58.32503113325028
688393.SH,20260824,20.28,17755,360071.0,0.09871668311944859,9.240345710688189,45.59230009871669
688395.SH,20260824,22.59,11669,263603.0,-0.26490066225165476,6.110274975702314,43.41059602649007
688396.SH,20260824,62.5,159225,9951563.0,0.5469755469755588,6.026037550464081,48.28185328185335
688398.SH,20260824,21.33,6125,130646.0,-0.18717828731867892,3.9075433478415857,43.876930276087926
688399.SH,20260824,28.6401,7040,201626.0,0.00034916201117063395,4.024871616963716,45.00209497206703
688400.SH,20260824,47.23,33198,1567942.0,-0.06347862886162403,3.719242296945455,44.619128226830256
688401.SH,20260824,68.15,18266,1244828.0,0.0,4.100006419290465,45.0
688403.SH,20260824,23.01,79295,1824578.0,0.0,1.7817642366055972,45.0
688408.SH,20260824,25.48,8664,220759.0,0.0,3.183001896977372,45.0
688409.SH,20260824,209.0,6749,1410541.0,0.0,0.9431712339447534,45.0
688410.SH,20260824,11.11,85097,945428.0,1.8331805682859637,7.514554865864797,55.99908340971578
688411.SH,20260824,204.0,2844,580176.0,0.7357661350056777,1.7536874231534165,49.41459681003407
688416.SH,20260824,75.45,25688,1938160.0,0.0,5.738147025326948,45.0
688418.SH,20260824,32.9,9187,302252.0,0.27430661383722743,2.3962214078074284,46.64583968302337
688419.SH,20260824,52.85,101389,5358409.0,8.23264386647553,8.978715159010928,94.39586319885319
688420.SH,20260824,22.33,13100,292523.0,-0.4901960784313819,25.263025714615374,42.05882352941171
688425.SH,20260824,4.05,31178,126271.0,0.0,2.1502977603243316,45.0
688426.SH,20260824,22.42,47436,1063515.0,0.0,11.097909058201623,45.0
688428.SH,20260824,29.83,10704,319300.0,0.7770270270270219,0.8650151756116803,49.66216216216213
688429.SH,20260824,10.7,7049,75424.0,0.7532956685499137,4.174800971301011,49.51977401129948
688432.SH,20260824,44.0,162916,7168304.0,-0.4524886877828149,2.350452467339728,42.28506787330311
688433.SH,20260824,105.66,85333,9016285.0,0.762921991226384,8.602412171601786,49.5775319473583
688435.SH,20260824,30.6398,1860,56990.0,0.42543428384136384,1.4635997177273694,47.55260570304819
688439.SH,20260824,38.38,11246,431621.0,0.0,6.5832814749737665,45.0
688443.SH,20260824,25.83,1900,49077.0,-0.46242774566473965,0.4463348282068369,42.225433526011564
688448.SH,20260824,64.98,7915,514317.0,0.9319664492078328,2.766125499962137,50.59179869524699
688449.SH,20260824,69.55,80535,5601209.0,2.054292002934699,7.860642732506589,57.325752017608195
688450.SH,20260824,33.6301,6536,219806.0,-0.14815914489311188,4.5914560599100565,44.11104513064133
688455.SH,20260824,16.08,32143,516859.0,-0.9852216748768461,4.316228491854687,39.088669950738925
688456.SH,20260824,82.75,8600,711650.0,-0.1809408926417455,1.548873041803005,43.914354644149526
688458.SH,20260824,33.8001,1706,57663.0,0.8958208955223812,1.111133934696703,50.37492537313429
688459.SH,20260824,7.91979,2132,16885.0,-0.38000000000000256,3.62970203338552,42.719999999999985
688466.SH,20260824,13.9099,3262,45374.0,-0.0007189072609659064,2.513644612953906,44.99568655643421
688468.SH,20260824,6.29003,11192,70398.0,0.00047694753577687266,4.919576613680949,45.00286168521466
688469.SH,20260824,8.88,320842,2849077.0,0.0,2.7660731391738844,45.0
688472.SH,20260824,10.4,138760,1443104.0,-0.6685768863419317,3.322545898676689,40.98853868194841
688475.SH,20260824,29.81,16269,484979.0,1.01660454083361,3.8982868015816314,51.099627245001656
688478.SH,20260824,49.41,43444,2146568.0,-1.100880704563656,9.102731028794159,38.39471577261806
688479.SH,20260824,33.13,17100,566523.0,0.1814333232537102,7.39155637494485,46.08859993952226
688480.SH,20260824,,0,0.0,,0.0,0.0
688484.SH,20260824,35.91,7365,264477.0,-0.5538631957906492,1.0093181755135145,41.6768208252561
688485.SH,20260824,84.54,37136,3139477.0,1.7083734359961467,6.081947165990716,55.25024061597688
688486.SH,20260824,45.0999,8114,365941.0,-0.7047556142668499,1.7785595585910492,40.7714663143989
688488.SH,20260824,16.77,25660,430318.0,1.6979987871437396,2.7234786583962287,55.18799272286244
688489.SH,20260824,24.1,9507,229119.0,-0.20703933747411307,5.054534366417132,43.75776397515532
688496.SH,20260824,0.890002,137402,122288.0,-1.1108888888888946,22.879478798108916,38.334666666666635
688498.SH,20260824,1571.13,7877,12375791.0,-0.9999999999999898,2.3438823686586843,39.000000000000064
688499.SH,20260824,35.88,46925,1683669.0,2.2222222222222143,8.299695213135484,58.333333333333286
688500.SH,20260824,37.1099,2712,100642.0,1.0618191721132986,2.571513955909428,51.37091503267979
688501.SH,20260824,13.28,4500,59760.0,0.0,2.2961602560018886,45.0
688502.SH,20260824,440.0,11478,5050320.0,-1.7550127271915406,6.30307760689015,34.46992363685076
688503.SH,20260824,91.8,131452,12067294.0,0.043591979075841,7.623834457073179,45.261551874455044
688505.SH,20260824,8.56003,14910,127630.0,-0.9255787037037222,0.9634138259055433,39.44652777777767
688506.SH,20260824,281.15,1784,501572.0,-0.5518022001344103,0.7652118005578663,41.689186799193536
688507.SH,20260824,156.0,15682,2446392.0,-1.5524422567209428,3.4250999921338927,35.68534645967434
688508.SH,20260824,86.53,16507,1428351.0,1.3231850117096045,2.4694721220772413,52.93911007025763
688509.SH,20260824,4.19989,3672,15422.0,0.2360381861575167,1.137214911865107,46.416229116945104
688510.SH,20260824,23.82,9102,216810.0,0.041999160016814585,1.8202233233766896,45.25199496010089
688511.SH,20260824,22.25,3800,84550.0,0.6787330316742057,2.5531887651722225,49.072398190045234
688512.SH,20260824,14.5,61606,893287.0,0.694444444444442,4.6374681889737905,49.16666666666665
688513.SH,20260824,45.47,7461,339252.0,-0.19754170324847165,2.717496351927841,43.81474978050917
688515.SH,20260824,155.92,73283,11426285.0,-0.8016287059422478,22.50967747194724,40.19022776434652
688516.SH,20260824,41.24,5001,206241.0,-0.6504456757407739,0.5828922650627997,41.097325945555355
688517.SH,20260824,16.11,2800,45108.0,-0.18587360594796154,1.6687808824627846,43.88475836431223
688518.SH,20260824,19.98,29902,597442.0,0.8581524482584646,2.255833302632772,50.148914689550786
688519.SH,20260824,288.88,21781,6292095.0,-0.32777835282751244,4.889443791799723,43.033329883034924
688520.SH,20260824,37.72,24859,937681.0,-0.4486671945104326,5.679961709122449,42.307996832937405
688521.SH,20260824,176.6,26817,4735882.0,-0.9978697163359085,1.6919457133122906,39.01278170198455
688522.SH,20260824,18.36,6252,114787.0,-1.2903225806451757,1.3690502543191512,37.25806451612895
688523.SH,20260824,41.69,25138,1048003.0,-0.8089459909588426,6.510427335834469,40.146324054246946
688525.SH,20260824,237.01,82283,19501894.0,-0.8160361566789454,3.885153292963004,40.10378305992633
688526.SH,20260824,12.99,16893,219440.0,-0.7639419404125269,12.55916152601825,40.41634835752484
688528.SH,20260824,9.85007,7030,69246.0,0.0007106598984840673,3.1252317261884315,45.004263959390904
688529.SH,20260824,16.35,1200,19620.0,0.7393715341959428,1.1063603029803215,49.43622920517566
688530.SH,20260824,64.12,31487,2018946.0,2.0044543429844186,3.172660809812736,57.026726057906515
688531.SH,20260824,136.0,15319,2083384.0,-0.27132067170199115,4.065036462529324,43.37207596978806
688533.SH,20260824,20.84,2600,54184.0,-0.04796163069544779,3.5170023280083695,44.71223021582731
688535.SH,20260824,100.62,7470,751631.0,0.11940298507462366,1.5860341232900128,45.716417910447745
688536.SH,20260824,314.22,14482,4550534.0,0.9282754633347379,3.3547533576445576,50.569652780008425
688538.SH,20260824,2.31,223415,516089.0,0.0,3.862893359513346,45.0
688539.SH,20260824,25.5001,5637,143744.0,-0.273367227219401,2.774966177300501,43.3597966366836
688543.SH,20260824,38.45,5900,226855.0,-0.38860103626943143,1.6658927308425,42.66839378238341
688545.SH,20260824,82.88,119313,9888661.0,2.586953830919647,9.459001311953648,60.52172298551788
688548.SH,20260824,37.66,99165,3734554.0,1.0193133047210257,4.321666529942201,51.11587982832616
688549.SH,20260824,27.2,1107920,30135424.0,0.0,15.055404304840922,45.0
688550.SH,20260824,38.45,13551,521036.0,-0.8765145656096873,3.1148635309965673,39.74091260634188
688551.SH,20260824,39.38,12122,477364.0,-2.2828784119106604,3.7488003758695316,31.302729528536037
688552.SH,20260824,26.34,500,13170.0,0.037979491074824345,0.285969477567855,45.227876946448944
688553.SH,20260824,12.36,232840,2877902.0,3.691275167785224,10.01334063861214,67.14765100671134
688556.SH,20260824,8.16999,47397,387233.0,0.4918819188191925,2.842896840909963,47.951291512915155
688557.SH,20260824,21.24,19993,424651.0,0.0,8.961286657516531,45.0
688558.SH,20260824,,0,0.0,,0.0,0.0
688559.SH,20260824,52.34,22218,1162890.0,-0.47537554668187765,1.298875121693242,42.14774671990873
688560.SH,20260824,12.13,8677,105252.0,0.24793388429753538,3.6186430459889674,46.487603305785214
688561.SH,20260824,25.49,13069,333129.0,0.1571709233791685,2.8969785656858056,45.94302554027501
688562.SH,20260824,13.9599,8614,120251.0,-0.21515368120086364,2.9398136767698198,43.70907791279482
688563.SH,20260824,49.92,1200,59904.0,-0.06006006006006315,1.1791853935968248,44.63963963963962
688565.SH,20260824,11.16,600,6696.0,0.0,0.36919105091037624,45.0
688566.SH,20260824,26.2999,3374,88736.0,0.07572298325722038,1.536468442798514,45.45433789954332
688567.SH,20260824,9.69999,10563,102461.0,0.8314968814968848,1.208279090924968,49.98898128898131
688568.SH,20260824,32.5,12518,406835.0,-0.9146341463414531,1.386361114065186,39.51219512195128
688569.SH,20260824,18.3001,4775,87383.0,-0.8124661246612375,2.3591069199749723,40.12520325203258
688570.SH,20260824,15.2497,765,11666.0,-0.0019672131147507876,1.1410226089923066,44.988196721311496
688571.SH,20260824,8.68991,3112,27043.0,-0.0010356731875771352,0.3577350112859886,44.99378596087454
688573.SH,20260824,16.6,23338,387411.0,1.8404907975460238,18.708052042449363,56.04294478527614
688575.SH,20260824,9.5,28084,266798.0,-0.5235602094240899,3.1158906158633166,41.85863874345546
688576.SH,20260824,41.14,200,8228.0,0.0,0.6311367172683163,45.0
688577.SH,20260824,42.08,6847,288122.0,0.0,8.054249235519743,45.0
688578.SH,20260824,117.24,38980,4570015.0,0.6351931330472071,5.120584081887252,48.811158798283245
688579.SH,20260824,7.81,80605,629525.0,-1.8844221105527637,16.071331924796812,33.69346733668342
688580.SH,20260824,48.6,12149,590441.0,0.746268656716409,7.260977567645993,49.47761194029845
688581.SH,20260824,51.66,800,41328.0,0.0,1.236525468750505,45.0
688582.SH,20260824,41.14,17473,718839.0,-1.105769230769238,2.890831720717052,38.36538461538457
688583.SH,20260824,86.99,6470,562825.0,-0.7303434896724914,2.7593738625381206,40.61793906196505
688584.SH,20260824,29.6,62866,1860834.0,1.6832703538303129,4.515929708013567,55.09962212298188
688585.SH,20260824,145.44,24021,3493614.0,1.098290004170721,3.4725837756832627,51.58974002502433
688586.SH,20260824,10.31,10041,103523.0,-0.19361084220715918,0.6031407996520342,43.838334946757044
688588.SH,20260824,9.55998,17231,164728.0,0.7374077976817661,9.408258852997498,49.4244467860906
688589.SH,20260824,20.25,194903,3946786.0,1.7587939698492594,26.141048771893573,55.55276381909556
688590.SH,20260824,13.01,12827,166879.0,0.0,1.813785579044408,45.0
688591.SH,20260824,27.0,8444,227988.0,0.22271714922048602,2.4301369729264444,46.336302895322916
688592.SH,20260824,24.85,2813,69903.0,0.20161290322580072,2.5311023462529034,46.209677419354804
688593.SH,20260824,33.0,268123,8848059.0,-3.452311293153887,12.646042233657603,24.28613224107668
688595.SH,20260824,28.09,4109,115422.0,0.2856122813280848,1.8640222406202362,46.71367368796851
688596.SH,20260824,67.0,114957,7702119.0,1.0558069381598756,3.17262637382537,51.33484162895925
688597.SH,20260824,6.84005,6002,41054.0,1.3340740740740653,1.3875501526849319,53.00444444444439
688598.SH,20260824,39.87,522058,20814452.0,0.050188205771628525,18.753124292848273,45.30112923462977
688599.SH,20260824,12.82,100886,1293359.0,-0.6201550387596955,4.467524769952831,41.279069767441825
688600.SH,20260824,26.88,12124,325893.0,0.33594624860022737,5.185488708359783,47.015677491601366
688601.SH,20260824,49.4,16005,790647.0,1.8766756032171594,3.0283084196807635,56.26005361930296
688602.SH,20260824,6.66,198417,1321457.0,-1.6248153618906858,32.982477211149586,35.25110782865589
688603.SH,20260824,106.5,8107,863396.0,-0.34621502760363576,2.4830579186871264,42.92270983437818
688605.SH,20260824,72.05,9748,702343.0,0.6284916201117374,2.501155801188229,48.77094972067042
688606.SH,20260824,47.57,3435,163403.0,-0.813177648040031,12.531999535849028,40.120934111759816
688607.SH,20260824,43.05,10857,467394.0,0.3964552238805874,8.721253895809308,47.378731343283526
688608.SH,20260824,106.99,4773,510663.0,-0.46515954972555784,1.3566258958517303,42.20904270164665
688609.SH,20260824,8.96004,7457,66815.0,0.00044642857142118686,0.5017961546079802,45.002678571428525
688610.SH,20260824,168.5,13637,2297835.0,-0.2368265245707546,7.634273641489937,43.579040852575474
688611.SH,20260824,64.0301,4459,285510.0,-0.28017442765922995,3.1555846470743663,43.31895343404462
688612.SH,20260824,32.9701,4813,158685.0,-0.6326100060277229,1.0460198228880833,41.20433996383366
688613.SH,20260824,15.27,19834,302865.0,-1.1650485436893177,9.922765490615907,38.009708737864095
688615.SH,20260824,93.02,12936,1203307.0,-0.9793485203321239,2.022433414233673,39.123908878007256
688616.SH,20260824,10.93,1600,17488.0,0.4595588235293935,1.2087041907297613,47.757352941176364
688617.SH,20260824,262.87,2882,757591.0,-0.23908918406071455,1.6381250120114739,43.565464895635714
688618.SH,20260824,31.49,15967,502801.0,0.2546959567016893,6.376113614307017,46.52817574021014
688619.SH,20260824,15.32,27009,413778.0,-0.4548408057180042,4.995378787491916,42.27095516569197
688620.SH,20260824,15.3,9783,149680.0,0.19646365422396617,0.6495043699758795,46.1787819253438
688621.SH,20260824,64.69,5806,375590.0,-1.9996970156037075,0.8438993706969662,33.00181790637775
688622.SH,20260824,,0,0.0,,0.0,0.0
688623.SH,20260824,57.32,5593,320591.0,-0.864752680733305,9.265286917085174,39.81148391560017
688625.SH,20260824,58.51,14834,867937.0,-0.998307952622679,2.276911867020038,39.010152284263924
688626.SH,20260824,43.55,6633,288867.0,-0.3432494279176357,3.6761857454293265,42.94050343249418
688627.SH,20260824,479.99,10051,4824379.0,-0.9901194331566221,2.3597422637037497,39.05928340106027
688628.SH,20260824,85.85,72210,6199229.0,-0.7399699387212411,12.02132755658682,40.56018036767255
688629.SH,20260824,139.19,23687,3296994.0,0.07189589474441149,2.0420144740962107,45.43137536846647
688630.SH,20260824,432.0,30113,13008816.0,0.5633409376600396,5.674791216160581,48.380045625960236
688631.SH,20260824,39.46,18808,742164.0,-0.5794910556815247,17.929339177586108,41.52305366591085
688633.SH,20260824,24.33,51667,1257058.0,1.0382059800664534,25.036207716528157,51.22923588039872
688635.SH,20260824,318.47,15471,4927049.0,-0.8993029624097537,8.533687763115164,39.60418222554148
688636.SH,20260824,19.91,19343,385119.0,-0.8466135458167212,2.9589206672678463,39.920318725099676
688638.SH,20260824,33.56,4600,154376.0,0.0,10.83894772561207,45.0
688639.SH,20260824,16.67,17000,283390.0,-0.11983223487117556,2.9889058215804316,44.28100659077295
688646.SH,20260824,72.6801,4948,359621.0,-0.6831101393823591,2.5184523991270247,40.90133916370584
688648.SH,20260824,32.75,13131,430040.0,1.2991030003093096,4.79778358553103,52.79461800185586
688651.SH,20260824,22.74,8388,190743.0,-0.6986899563318771,6.6538909597425695,40.80786026200874
688652.SH,20260824,149.7,56660,8482002.0,4.335098968497353,7.978996734375763,71.01059381098412
688653.SH,20260824,15.79,226010,3568698.0,0.31766200762388674,9.534346447689462,46.90597204574332
688655.SH,20260824,42.62,72657,3096641.0,0.6137865911236995,8.669504849043568,48.6827195467422
688656.SH,20260824,103.43,12145,1256157.0,1.6211436431519122,8.459794370257939,54.72686185891148
688657.SH,20260824,,0,0.0,,0.0,0.0
688658.SH,20260824,14.34,339520,4868717.0,0.20964360587001352,9.292293127971377,46.25786163522008
688659.SH,20260824,10.8,8431,91055.0,1.028999064546321,3.1351485391750336,51.17399438727793
688660.SH,20260824,7.75999,27907,216558.0,0.25826873385013105,1.507827098593586,46.54961240310079
688661.SH,20260824,102.86,10441,1073961.0,1.831501831501825,2.8604042473272027,55.98901098901095
688662.SH,20260824,91.01,48575,4420811.0,-0.8821607492920824,5.39195969724085,39.70703550424751
688663.SH,20260824,55.58,500,27790.0,-0.6435466571326431,0.18833137560869187,30.03836766676868
688665.SH,20260824,43.7,1300,56810.0,0.0,2.661748172103829,45.0
688667.SH,20260824,91.33,12611,1151763.0,0.4730473047304562,13.648301732573545,47.838283828382735
688668.SH,20260824,251.21,6636,1667030.0,-0.22638811660973257,1.4814425747711715,43.641671300341606
688669.SH,20260824,78.4602,1984,155665.0,-1.2955088690401295,0.5761877626854409,37.226946785759225
688670.SH,20260824,16.0,44358,709728.0,0.31347962382446415,10.436096488073728,46.88087774294679
688671.SH,20260824,24.62,700,17234.0,0.0,0.7734235963039382,45.0
688676.SH,20260824,75.5,119164,8996882.0,-0.6578947368421018,6.109953352464781,41.05263157894739
688677.SH,20260824,90.6,45583,4129820.0,-1.446752964211917,4.565996444625333,36.319482214728495
688678.SH,20260824,19.38,52499,1017431.0,-0.10309278350515427,3.5064252785722445,44.381443298969074
688679.SH,20260824,40.01,22800,912228.0,-0.7196029776674884,5.8131061778983,40.68238213399507
688680.SH,20260824,34.17,2976,101690.0,-0.029256875365701873,2.5855159594271546,44.82445874780579
688681.SH,20260824,17.27,6000,103620.0,1.528512639623747,4.146046467409962,54.17107583774248
688682.SH,20260824,31.4799,3482,109613.0,-0.8194706994328893,3.674412824888432,40.08317580340267
688683.SH,20260824,30.1599,4678,141088.0,-0.3307997356245873,3.220734252899592,43.01520158625247
688685.SH,20260824,40.95,14560,596232.0,0.0,5.326528987778854,45.0
688686.SH,20260824,122.93,3992,490737.0,-0.06503536297861601,1.6410790281294951,44.609787822128304
688687.SH,20260824,18.3,17244,315565.0,0.660066006600668,3.10779909305231,48.96039603960401
688689.SH,20260824,40.1199,9129,366255.0,-0.5209521448053533,1.7812512570416401,41.87428713116788
688690.SH,20260824,43.07,91550,3943059.0,-0.7603686635944684,6.460194882600511,40.43778801843319
688691.SH,20260824,65.1,23015,1498277.0,0.9302325581395321,7.57865464821862,50.58139534883719
688692.SH,20260824,239.18,2224,531936.0,-0.3790245324669872,2.3974916335728693,42.72585280519807
688693.SH,20260824,76.54,27795,2127429.0,0.1046298718284211,9.53680455944672,45.627779230970525
688695.SH,20260824,19.3596,1268,24548.0,-0.25965996908809963,1.2819531978460388,43.4420401854714
688696.SH,20260824,69.88,5110,357087.0,1.5402499273467152,13.899835640429341,54.24149956408029
688697.SH,20260824,14.63,5700,83391.0,0.0,0.7279920616905244,45.0
688698.SH,20260824,45.1101,4205,189688.0,0.06677018633540754,1.8280468341882843,45.400621118012445
688699.SH,20260824,60.33,43144,2602878.0,-0.3139458030403275,12.997318152579767,43.116325181758036
688700.SH,20260824,57.64,12195,702920.0,0.330722367275893,1.323782131879484,46.98433420365536
688701.SH,20260824,8.56,12100,103576.0,1.3017751479290185,6.4020748517863675,52.81065088757411
688702.SH,20260824,375.12,35304,13243236.0,-0.18094731240021478,4.8112773313683705,43.91431612559871
688707.SH,20260824,10.41,29214,304118.0,0.0,3.1731935129573148,45.0
688708.SH,20260824,42.3,850,35955.0,0.0,1.0653304608867573,45.0
688709.SH,20260824,25.52,4000,102080.0,-0.35142522452167313,0.989456952331845,42.89144865286996
688710.SH,20260824,93.6599,4634,434020.0,-1.669396325459327,1.754456173966121,34.98362204724404
688711.SH,20260824,25.87,57062,1476194.0,-0.11583011583010672,6.441899801736876,44.30501930501936
688712.SH,20260824,33.0,2570,84810.0,-0.6622516556291314,1.1992578769968099,41.026490066225215
688716.SH,20260824,28.1,1400,39340.0,1.4806789454676839,1.1147051426386223,53.8840736728061
688717.SH,20260824,59.5,19018,1131571.0,-0.5016722408026753,2.7043428014133672,41.98996655518395
688718.SH,20260824,14.35,10500,150675.0,0.4901960784313708,6.789632732126583,47.941176470588225
688719.SH,20260824,50.68,24405,1236845.0,-1.7829457364341161,7.420655111172735,34.3023255813953
688720.SH,20260824,67.0201,4129,276726.0,-0.4750519750519766,0.9443451799729765,42.14968814968814
688721.SH,20260824,42.23,21693,916095.0,-0.6586685485768129,8.460677882151746,41.04798870853912
688722.SH,20260824,13.9,6800,94520.0,0.3610108303249149,2.8267324554851694,47.16606498194949
688726.SH,20260824,45.46,3937,178976.0,0.5529750055297544,0.2487048030650966,48.08471458489592
688727.SH,20260824,50.0,70853,3542650.0,4.712041884816753,10.770555057004607,73.27225130890052
688728.SH,20260824,15.7,81041,1272344.0,-0.9463722397476393,3.2003674879825743,39.32176656151417
688729.SH,20260824,24.31,50413,1225540.0,-0.08220304151252966,1.7669267503239119,44.50678175092482
688733.SH,20260824,30.46,18255,556047.0,0.19736842105264607,3.7788937847025275,46.18421052631588
688737.SH,20260824,17.92,8473,151836.0,-0.11148272017836858,7.165982622317518,44.331103678929786
688739.SH,20260824,20.7,33024,683597.0,0.09671179883945502,11.180444747155896,45.58027079303673
688750.SH,20260824,14.2,5550,78810.0,0.9957325746799306,2.053646371475782,50.974395448079584
688755.SH,20260824,,0,0.0,,0.0,0.0
688757.SH,20260824,31.98,8117,259582.0,0.1252348152786409,0.9511208828174605,45.75140889167184
688758.SH,20260824,27.53,60263,1659040.0,0.7317965605561749,5.6280320503642915,49.390779363337046
688759.SH,20260824,27.0,15758,425466.0,1.1235955056179803,4.682992122302628,51.74157303370788
688765.SH,20260824,37.2901,7009,261366.0,0.053930775422594834,2.3188807898791164,45.32358465253557
688766.SH,20260824,451.0,98871,44590821.0,-2.7283511269276306,7.903534431733185,28.629893238434217
688767.SH,20260824,40.38,4500,181710.0,-0.8349705304518618,0.9749321607692804,39.99017681728883
688768.SH,20260824,,0,0.0,,0.0,0.0
688772.SH,20260824,14.7,64564,949091.0,-0.9433962264150941,3.670153697641248,39.339622641509436
688775.SH,20260824,120.0,10995,1319400.0,-0.9655855409754888,3.8182845120242668,39.206486754147065
688776.SH,20260824,46.81,11960,559848.0,-0.9940778341793521,10.37709595010257,39.035532994923884
688777.SH,20260824,90.66,29240,2650898.0,-0.4939084622983203,2.899795256294991,42.03654922621008
688778.SH,20260824,46.2,12713,587341.0,0.6974716652136115,1.566774964882269,49.18482999128167
688779.SH,20260824,8.13,111164,903763.0,-0.367647058823517,3.8134952488688967,42.7941176470589
688781.SH,20260824,37.72,1600,60352.0,0.0,0.8595539517156905,45.0
688783.SH,20260824,31.7,145472,4611462.0,0.8269720101781175,5.872268657714123,49.961832061068705
688785.SH,20260824,268.88,600,161328.0,-0.007437709185564856,1.030296311093695,44.955373744886614
688786.SH,20260824,27.61,10753,296890.0,-0.683453237410081,2.9433327109728076,40.899280575539514
688787.SH,20260824,105.68,3200,338176.0,1.2551499473028693,2.2408840635383296,52.53089968381722
688788.SH,20260824,29.9098,2396,71664.0,0.13324405758285973,0.6223466691700407,45.79946434549716
688789.SH,20260824,46.13,4009,184935.0,-0.21630975556996557,2.6093402968040458,43.70214146658021
688790.SH,20260824,97.8001,3242,317068.0,1.5893840240988943,12.496959692468877,54.536304144593366
688793.SH,20260824,21.29,17439,371276.0,-1.0227801022780203,4.860360971566883,38.86331938633188
688795.SH,20260824,540.01,2600,1404026.0,-0.530494206929577,2.740371809728563,41.81703475842254
688796.SH,20260824,135.16,10206,1379443.0,0.6853396901072673,3.8265844329328025,49.112038140643605
688797.SH,20260824,310.0,17661,5474910.0,0.580772849680411,5.873647046592511,48.484637098082466
688798.SH,20260824,54.06,7955,430047.0,0.01850138760408626,3.5632825076417016,45.11100832562452
688799.SH,20260824,44.55,20300,904365.0,2.0618556701030855,5.8755044048400515,57.37113402061851
688800.SH,20260824,63.56,164514,10456510.0,0.0,10.204747610409827,45.0
688802.SH,20260824,695.79,5103,3550616.0,-0.601428571428575,5.540335625859354,41.39142857142855
688805.SH,20260824,38.61,200,7722.0,0.5992704533611226,0.13747949802713716,28.341932365051427
688806.SH,20260824,25.33,36358,920948.0,-0.8998435054773046,6.143989433395988,39.60093896713617
688807.SH,20260824,325.0,27122,8814650.0,1.8489501723597535,7.869495974488971,56.09370103415852
688808.SH,20260824,2300.1,2745,6313775.0,-0.9525367966859211,3.5822932712129214,39.28477921988447
688809.SH,20260824,445.0,4626,2058570.0,-0.4808229900480798,2.9397153697139657,42.11506205971152
688811.SH,20260824,21.6,15700,339120.0,0.46511627906977715,4.559065672243994,47.79069767441867
688813.SH,20260824,113.08,29155,3296847.0,-0.4665082299093348,9.480381672516433,42.20095062054399
688816.SH,20260824,48.0999,781,37566.0,-0.00020790020790473207,2.719931940158022,44.998752598752574
688818.SH,20260824,46.51,144824,6735764.0,-0.8738277919863702,17.76846975602754,39.75703324808178
688819.SH,20260824,21.69,2800,60732.0,-0.4132231404958664,1.2183341352983208,42.520661157024804
688820.SH,20260824,127.0,27449,3486023.0,-0.39215686274509665,2.79183033153448,42.64705882352942
688825.SH,20260824,57.6,2794013,160935149.0,-0.6896551724137945,9.637966679603576,40.86206896551723
688826.SH,20260824,925.0,5535,5119875.0,-2.3695181803789156,3.3587574739590553,30.782890917726505
688828.SH,20260824,90.55,108763,9848490.0,1.071548163857572,14.352558245512352,51.42928898314543
688836.SH,20260824,640.26,224135,143504675.0,-4.781309022768843,28.611952668392707,16.31214586338694
688981.SH,20260824,124.5,85457,10639397.0,-0.24038461538461453,1.8441036926858128,43.557692307692314
689009.SH,20260824,43.59,16491,718843.0,-0.02293577981651307,2.336182514696481,44.86238532110092
900901.SH,20260824,,0,0.0,,,0.0
900902.SH,20260824,0.166002,179600,29814.0,,,0.0
900903.SH,20260824,0.187,10000,1870.0,,,0.0
900904.SH,20260824,,0,0.0,,,0.0
900905.SH,20260824,2.9,400,1160.0,,,0.0
900906.SH,20260824,,0,0.0,,,0.0
900908.SH,20260824,,0,0.0,,,0.0
900909.SH,20260824,,0,0.0,,,0.0
900910.SH,20260824,0.63,200,126.0,,,0.0
900911.SH,20260824,,0,0.0,,,0.0
900912.SH,20260824,,0,0.0,,,0.0
900913.SH,20260824,,0,0.0,,,0.0
900914.SH,20260824,,0,0.0,,,0.0
900915.SH,20260824,,0,0.0,,,0.0
900916.SH,20260824,,0,0.0,,,0.0
900917.SH,20260824,0.260988,25300,6603.0,,,0.0
900918.SH,20260824,,0,0.0,,,0.0
900920.SH,20260824,0.294,2000,588.0,,,0.0
900921.SH,20260824,,0,0.0,,,0.0
900922.SH,20260824,,0,0.0,,,0.0
900923.SH,20260824,0.581818,1100,640.0,,,0.0
900924.SH,20260824,,0,0.0,,,0.0
900925.SH,20260824,,0,0.0,,,0.0
900926.SH,20260824,0.9,9900,8910.0,,,0.0
900927.SH,20260824,,0,0.0,,,0.0
900928.SH,20260824,,0,0.0,,,0.0
900929.SH,20260824,0.96,100,96.0,,,0.0
900932.SH,20260824,0.391,1000,391.0,,,0.0
900934.SH,20260824,,0,0.0,,,0.0
900936.SH,20260824,,0,0.0,,,0.0
900937.SH,20260824,,0,0.0,,,0.0
900938.SH,20260824,,0,0.0,,,0.0
900939.SH,20260824,,0,0.0,,,0.0
900940.SH,20260824,,0,0.0,,,0.0
900941.SH,20260824,,0,0.0,,,0.0
900942.SH,20260824,,0,0.0,,,0.0
900943.SH,20260824,0.42101,9900,4168.0,,,0.0
900945.SH,20260824,,0,0.0,,,0.0
900946.SH,20260824,,0,0.0,,,0.0
900947.SH,20260824,0.258036,5600,1445.0,,,0.0
900948.SH,20260824,2.87619,1785,5134.0,,,0.0
501001.SH,20260824,,0,0.0,,,0.0
501005.SH,20260824,1.12,1300,1456.0,,,0.0
501007.SH,20260824,,0,0.0,,,0.0
501008.SH,20260824,,0,0.0,,,0.0
501009.SH,20260824,,0,0.0,,,0.0
501010.SH,20260824,,0,0.0,,,0.0
501011.SH,20260824,,0,0.0,,,0.0
501012.SH,20260824,0.971,3000,2913.0,,,0.0
501015.SH,20260824,3.07699,8300,25539.0,,,0.0
501016.SH,20260824,,0,0.0,,,0.0
501017.SH,20260824,,0,0.0,,,0.0
501018.SH,20260824,1.82,2524400,4594408.0,,,0.0
501019.SH,20260824,1.185,200,237.0,,,0.0
501021.SH,20260824,,0,0.0,,,0.0
501022.SH,20260824,,0,0.0,,,0.0
501025.SH,20260824,1.871,27900,52201.0,,,0.0
501026.SH,20260824,2.50202,21800,54544.0,,,0.0
501028.SH,20260824,,0,0.0,,,0.0
501029.SH,20260824,1.7475,400,699.0,,,0.0
501030.SH,20260824,0.54,100,54.0,,,0.0
501031.SH,20260824,,0,0.0,,,0.0
501032.SH,20260824,1.745,600,1047.0,,,0.0
501036.SH,20260824,,0,0.0,,,0.0
501037.SH,20260824,,0,0.0,,,0.0
501038.SH,20260824,,0,0.0,,,0.0
501043.SH,20260824,,0,0.0,,,0.0
501045.SH,20260824,,0,0.0,,,0.0
501047.SH,20260824,,0,0.0,,,0.0
501048.SH,20260824,,0,0.0,,,0.0
501050.SH,20260824,1.71667,300,515.0,,,0.0
501051.SH,20260824,,0,0.0,,,0.0
501053.SH,20260824,,0,0.0,,,0.0
501057.SH,20260824,,0,0.0,,,0.0
501058.SH,20260824,,0,0.0,,,0.0
501059.SH,20260824,,0,0.0,,,0.0
501060.SH,20260824,,0,0.0,,,0.0
501061.SH,20260824,,0,0.0,,,0.0
501062.SH,20260824,,0,0.0,,,0.0
501064.SH,20260824,3.48,200,696.0,,,0.0
501065.SH,20260824,,0,0.0,,,0.0
501070.SH,20260824,,0,0.0,,,0.0
501071.SH,20260824,,0,0.0,,,0.0
501073.SH,20260824,,0,0.0,,,0.0
501075.SH,20260824,,0,0.0,,,0.0
501076.SH,20260824,1.702,3000,5106.0,,,0.0
501077.SH,20260824,,0,0.0,,,0.0
501078.SH,20260824,,0,0.0,,,0.0
501079.SH,20260824,,0,0.0,,,0.0
501080.SH,20260824,1.575,81295,128040.0,,,0.0
501081.SH,20260824,,0,0.0,,,0.0
501082.SH,20260824,,0,0.0,,,0.0
501083.SH,20260824,,0,0.0,,,0.0
501085.SH,20260824,3.32,67203,223114.0,,,0.0
501087.SH,20260824,,0,0.0,,,0.0
501088.SH,20260824,,0,0.0,,,0.0
501089.SH,20260824,1.0125,800,810.0,,,0.0
501090.SH,20260824,,0,0.0,,,0.0
501091.SH,20260824,,0,0.0,,,0.0
501092.SH,20260824,,0,0.0,,,0.0
501093.SH,20260824,,0,0.0,,,0.0
501095.SH,20260824,0.905,800,724.0,,,0.0
501096.SH,20260824,1.57,100,157.0,,,0.0
501097.SH,20260824,,0,0.0,,,0.0
501098.SH,20260824,,0,0.0,,,0.0
501099.SH,20260824,,0,0.0,,,0.0
501186.SH,20260824,,0,0.0,,,0.0
501188.SH,20260824,,0,0.0,,,0.0
501189.SH,20260824,,0,0.0,,,0.0
501200.SH,20260824,,0,0.0,,,0.0
501201.SH,20260824,2.45704,8100,19902.0,,,0.0
501202.SH,20260824,,0,0.0,,,0.0
501203.SH,20260824,,0,0.0,,,0.0
501205.SH,20260824,0.942051,7800,7348.0,,,0.0
501206.SH,20260824,,0,0.0,,,0.0
501207.SH,20260824,,0,0.0,,,0.0
501208.SH,20260824,1.3129,3100,4070.0,,,0.0
501209.SH,20260824,,0,0.0,,,0.0
501210.SH,20260824,,0,0.0,,,0.0
501211.SH,20260824,,0,0.0,,,0.0
501212.SH,20260824,,0,0.0,,,0.0
501213.SH,20260824,,0,0.0,,,0.0
501215.SH,20260824,,0,0.0,,,0.0
501216.SH,20260824,,0,0.0,,,0.0
501217.SH,20260824,,0,0.0,,,0.0
501218.SH,20260824,,0,0.0,,,0.0
501219.SH,20260824,,0,0.0,,,0.0
501220.SH,20260824,1.02896,4904,5046.0,,,0.0
501222.SH,20260824,,0,0.0,,,0.0
501225.SH,20260824,3.516,60700,213421.0,,,0.0
501227.SH,20260824,1.076,3000,3228.0,,,0.0
501300.SH,20260824,0.928007,54700,50762.0,,,0.0
501301.SH,20260824,1.24,500,620.0,,,0.0
501302.SH,20260824,,0,0.0,,,0.0
501303.SH,20260824,,0,0.0,,,0.0
501305.SH,20260824,,0,0.0,,,0.0
501306.SH,20260824,,0,0.0,,,0.0
501307.SH,20260824,,0,0.0,,,0.0
501310.SH,20260824,,0,0.0,,,0.0
501311.SH,20260824,,0,0.0,,,0.0
501312.SH,20260824,2.415,477311,1152706.0,,,0.0
502000.SH,20260824,,0,0.0,,,0.0
502003.SH,20260824,1.37,400,548.0,,,0.0
502006.SH,20260824,,0,0.0,,,0.0
502010.SH,20260824,,0,0.0,,,0.0
502013.SH,20260824,,0,0.0,,,0.0
502023.SH,20260824,,0,0.0,,,0.0
502048.SH,20260824,,0,0.0,,,0.0
502053.SH,20260824,,0,0.0,,,0.0
502056.SH,20260824,,0,0.0,,,0.0
506000.SH,20260824,,0,0.0,,,0.0
506001.SH,20260824,,0,0.0,,,0.0
506002.SH,20260824,2.15197,12700,27330.0,,,0.0
506003.SH,20260824,,0,0.0,,,0.0
506005.SH,20260824,,0,0.0,,,0.0
506006.SH,20260824,,0,0.0,,,0.0
506008.SH,20260824,,0,0.0,,,0.0
508000.SH,20260824,,0,0.0,,,0.0
508001.SH,20260824,4.736,500,2368.0,,,0.0
508002.SH,20260824,,0,0.0,,,0.0
508003.SH,20260824,,0,0.0,,,0.0
508005.SH,20260824,,0,0.0,,,0.0
508006.SH,20260824,3.5,20,70.0,,,0.0
508007.SH,20260824,7.9001,3844,30368.0,,,0.0
508008.SH,20260824,,0,0.0,,,0.0
508009.SH,20260824,5.81,700,4067.0,,,0.0
508010.SH,20260824,,0,0.0,,,0.0
508011.SH,20260824,,0,0.0,,,0.0
508012.SH,20260824,1.83333,600,1100.0,,,0.0
508015.SH,20260824,5.401,1000,5401.0,,,0.0
508016.SH,20260824,,0,0.0,,,0.0
508017.SH,20260824,,0,0.0,,,0.0
508018.SH,20260824,5.76,50,288.0,,,0.0
508019.SH,20260824,,0,0.0,,,0.0
508020.SH,20260824,,0,0.0,,,0.0
508021.SH,20260824,,0,0.0,,,0.0
508022.SH,20260824,,0,0.0,,,0.0
508026.SH,20260824,3.67799,28900,106294.0,,,0.0
508027.SH,20260824,2.47667,300,743.0,,,0.0
508028.SH,20260824,9.8,400,3920.0,,,0.0
508029.SH,20260824,,0,0.0,,,0.0
508030.SH,20260824,,0,0.0,,,0.0
508031.SH,20260824,3.839,24000,92136.0,,,0.0
508033.SH,20260824,,0,0.0,,,0.0
508036.SH,20260824,,0,0.0,,,0.0
508039.SH,20260824,,0,0.0,,,0.0
508048.SH,20260824,3.032,68100,206479.0,,,0.0
508050.SH,20260824,,0,0.0,,,0.0
508055.SH,20260824,,0,0.0,,,0.0
508056.SH,20260824,2.32,3400,7888.0,,,0.0
508058.SH,20260824,,0,0.0,,,0.0
508059.SH,20260824,,0,0.0,,,0.0
508060.SH,20260824,,0,0.0,,,0.0
508066.SH,20260824,,0,0.0,,,0.0
508068.SH,20260824,,0,0.0,,,0.0
508069.SH,20260824,,0,0.0,,,0.0
508077.SH,20260824,,0,0.0,,,0.0
508078.SH,20260824,,0,0.0,,,0.0
508080.SH,20260824,,0,0.0,,,0.0
508082.SH,20260824,3.84201,50300,193253.0,,,0.0
508084.SH,20260824,,0,0.0,,,0.0
508085.SH,20260824,,0,0.0,,,0.0
508086.SH,20260824,4.3575,800,3486.0,,,0.0
508087.SH,20260824,,0,0.0,,,0.0
508088.SH,20260824,3.48857,700,2442.0,,,0.0
508089.SH,20260824,,0,0.0,,,0.0
508090.SH,20260824,,0,0.0,,,0.0
508091.SH,20260824,,0,0.0,,,0.0
508092.SH,20260824,2.97293,4100,12189.0,,,0.0
508093.SH,20260824,,0,0.0,,,0.0
508096.SH,20260824,,0,0.0,,,0.0
508097.SH,20260824,2.065,200,413.0,,,0.0
508098.SH,20260824,3.3,7100,23430.0,,,0.0
508099.SH,20260824,1.115,400,446.0,,,0.0
508600.SH,20260824,3.57,1700,6069.0,,,0.0
508601.SH,20260824,2.983,9000,26847.0,,,0.0
508602.SH,20260824,,0,0.0,,,0.0
508603.SH,20260824,,0,0.0,,,0.0
510010.SH,20260824,,0,0.0,,,0.0
510020.SH,20260824,,0,0.0,,,0.0
510030.SH,20260824,,0,0.0,,,0.0
510040.SH,20260824,,0,0.0,,,0.0
510050.SH,20260824,2.991,519600,1554124.0,,,0.0
510060.SH,20260824,,0,0.0,,,0.0
510090.SH,20260824,,0,0.0,,,0.0
510100.SH,20260824,2.96,298500,883560.0,,,0.0
510130.SH,20260824,,0,0.0,,,0.0
510140.SH,20260824,1.01904,7300,7439.0,,,0.0
510150.SH,20260824,0.499,130000,64870.0,,,0.0
510160.SH,20260824,,0,0.0,,,0.0
510170.SH,20260824,1.421,160200,227644.0,,,0.0
510180.SH,20260824,3.95571,1400,5538.0,,,0.0
510190.SH,20260824,,0,0.0,,,0.0
510200.SH,20260824,1.155,400,462.0,,,0.0
510210.SH,20260824,0.999,3238700,3235461.0,,,0.0
510230.SH,20260824,1.30601,36300,47408.0,,,0.0
510270.SH,20260824,,0,0.0,,,0.0
510290.SH,20260824,,0,0.0,,,0.0
510300.SH,20260824,4.678,4176300,19536731.0,,,0.0
510310.SH,20260824,4.545,178300,810374.0,,,0.0
510320.SH,20260824,1.2592,2500,3148.0,,,0.0
510330.SH,20260824,4.882,118300,577541.0,,,0.0
510350.SH,20260824,,0,0.0,,,0.0
510360.SH,20260824,1.78901,45500,81400.0,,,0.0
510370.SH,20260824,,0,0.0,,,0.0
510380.SH,20260824,,0,0.0,,,0.0
510390.SH,20260824,,0,0.0,,,0.0
510410.SH,20260824,2.00701,79500,159557.0,,,0.0
510500.SH,20260824,7.859,1102400,8663762.0,,,0.0
510510.SH,20260824,2.55302,19200,49018.0,,,0.0
510530.SH,20260824,,0,0.0,,,0.0
510550.SH,20260824,2.017,2000,4034.0,,,0.0
510560.SH,20260824,,0,0.0,,,0.0
510570.SH,20260824,,0,0.0,,,0.0
510580.SH,20260824,4.14598,16400,67994.0,,,0.0
510590.SH,20260824,,0,0.0,,,0.0
510600.SH,20260824,,0,0.0,,,0.0
510630.SH,20260824,0.809006,34200,27668.0,,,0.0
510650.SH,20260824,,0,0.0,,,0.0
510660.SH,20260824,2.54197,6600,16777.0,,,0.0
510670.SH,20260824,,0,0.0,,,0.0
510680.SH,20260824,,0,0.0,,,0.0
510710.SH,20260824,,0,0.0,,,0.0
510720.SH,20260824,1.063,827100,879207.0,,,0.0
510760.SH,20260824,1.327,486000,644922.0,,,0.0
510770.SH,20260824,,0,0.0,,,0.0
510800.SH,20260824,,0,0.0,,,0.0
510810.SH,20260824,0.83,3000,2490.0,,,0.0
510850.SH,20260824,3.55,500,1775.0,,,0.0
510880.SH,20260824,3.388,548000,1856624.0,,,0.0
510900.SH,20260824,1.053,1653200,1740820.0,,,0.0
510910.SH,20260824,0.976999,78300,76499.0,,,0.0
510950.SH,20260824,0.984444,900,886.0,,,0.0
510980.SH,20260824,1.392,462900,644357.0,,,0.0
510990.SH,20260824,,0,0.0,,,0.0
511010.SH,20260824,141.255,5700,805154.0,,,0.0
511020.SH,20260824,118.16,200,23632.0,,,0.0
511030.SH,20260824,108.301,1200,129961.0,,,0.0
511060.SH,20260824,108.77,100,10877.0,,,0.0
511070.SH,20260824,,0,0.0,,,0.0
511090.SH,20260824,118.799,31200,3706529.0,,,0.0
511100.SH,20260824,,0,0.0,,,0.0
511110.SH,20260824,,0,0.0,,,0.0
511120.SH,20260824,,0,0.0,,,0.0
511130.SH,20260824,108.372,22000,2384184.0,,,0.0
511150.SH,20260824,,0,0.0,,,0.0
511160.SH,20260824,102.058,2400,244939.0,,,0.0
511180.SH,20260824,12.563,59600,748755.0,,,0.0
511190.SH,20260824,,0,0.0,,,0.0
511200.SH,20260824,,0,0.0,,,0.0
511220.SH,20260824,10.406,399800,4160319.0,,,0.0
511260.SH,20260824,135.748,11000,1493228.0,,,0.0
511270.SH,20260824,121.23,3600,436428.0,,,0.0
511360.SH,20260824,113.835,1720600,195864501.0,,,0.0
511380.SH,20260824,13.654,247200,3375269.0,,,0.0
511520.SH,20260824,118.466,42100,4987419.0,,,0.0
511580.SH,20260824,109.668,1600,175469.0,,,0.0
511600.SH,20260824,100.0,1,100.0,,,0.0
511620.SH,20260824,100.007,10400,1040073.0,,,0.0
511650.SH,20260824,,0,0.0,,,0.0
511660.SH,20260824,100.027,12600,1260340.0,,,0.0
511670.SH,20260824,,0,0.0,,,0.0
511690.SH,20260824,,0,0.0,,,0.0
511700.SH,20260824,100.006,10300,1030062.0,,,0.0
511770.SH,20260824,,0,0.0,,,0.0
511800.SH,20260824,,0,0.0,,,0.0
511810.SH,20260824,,0,0.0,,,0.0
511820.SH,20260824,,0,0.0,,,0.0
511830.SH,20260824,,0,0.0,,,0.0
511850.SH,20260824,100.01,11500,1150115.0,,,0.0
511860.SH,20260824,,0,0.0,,,0.0
511880.SH,20260824,100.729,1544700,155596086.0,,,0.0
511900.SH,20260824,,0,0.0,,,0.0
511910.SH,20260824,,0,0.0,,,0.0
511920.SH,20260824,,0,0.0,,,0.0
511930.SH,20260824,,0,0.0,,,0.0
511950.SH,20260824,,0,0.0,,,0.0
511960.SH,20260824,,0,0.0,,,0.0
511970.SH,20260824,,0,0.0,,,0.0
511980.SH,20260824,,0,0.0,,,0.0
511990.SH,20260824,99.998,4503887,450379692.0,,,0.0
512000.SH,20260824,0.508,8386500,4260342.0,,,0.0
512010.SH,20260824,0.385,16489400,6348419.0,,,0.0
512020.SH,20260824,,0,0.0,,,0.0
512030.SH,20260824,,0,0.0,,,0.0
512040.SH,20260824,1.218,113400,138121.0,,,0.0
512050.SH,20260824,1.218,182000,221676.0,,,0.0
512060.SH,20260824,,0,0.0,,,0.0
512070.SH,20260824,0.778,2175100,1692228.0,,,0.0
512080.SH,20260824,,0,0.0,,,0.0
512090.SH,20260824,,0,0.0,,,0.0
512100.SH,20260824,3.075,3157700,9709928.0,,,0.0
512120.SH,20260824,0.475,53800,25555.0,,,0.0
512130.SH,20260824,,0,0.0,,,0.0
512140.SH,20260824,,0,0.0,,,0.0
512150.SH,20260824,,0,0.0,,,0.0
512160.SH,20260824,,0,0.0,,,0.0
512170.SH,20260824,0.347,18296900,6349024.0,,,0.0
512180.SH,20260824,,0,0.0,,,0.0
512190.SH,20260824,,0,0.0,,,0.0
512200.SH,20260824,1.204,349500,420798.0,,,0.0
512220.SH,20260824,3.94401,45400,179058.0,,,0.0
512240.SH,20260824,,0,0.0,,,0.0
512250.SH,20260824,,0,0.0,,,0.0
512260.SH,20260824,,0,0.0,,,0.0
512290.SH,20260824,1.067,588200,627609.0,,,0.0
512330.SH,20260824,,0,0.0,,,0.0
512360.SH,20260824,,0,0.0,,,0.0
512370.SH,20260824,,0,0.0,,,0.0
512380.SH,20260824,,0,0.0,,,0.0
512390.SH,20260824,,0,0.0,,,0.0
512400.SH,20260824,1.973,6259800,12350585.0,,,0.0
512410.SH,20260824,1.085,28000,30380.0,,,0.0
512420.SH,20260824,,0,0.0,,,0.0
512430.SH,20260824,,0,0.0,,,0.0
512450.SH,20260824,,0,0.0,,,0.0
512460.SH,20260824,,0,0.0,,,0.0
512480.SH,20260824,1.041,2659900,2768956.0,,,0.0
512500.SH,20260824,4.45,191600,852620.0,,,0.0
512510.SH,20260824,2.36,300,708.0,,,0.0
512520.SH,20260824,,0,0.0,,,0.0
512530.SH,20260824,,0,0.0,,,0.0
512550.SH,20260824,1.825,200,365.0,,,0.0
512560.SH,20260824,0.695,51400,35723.0,,,0.0
512570.SH,20260824,1.071,270300,289491.0,,,0.0
512580.SH,20260824,1.2,32900,39480.0,,,0.0
512600.SH,20260824,0.567778,900,511.0,,,0.0
512620.SH,20260824,0.876992,24600,21574.0,,,0.0
512630.SH,20260824,1.084,166200,180161.0,,,0.0
512640.SH,20260824,,0,0.0,,,0.0
512650.SH,20260824,,0,0.0,,,0.0
512660.SH,20260824,1.104,342000,377568.0,,,0.0
512670.SH,20260824,0.745985,26900,20067.0,,,0.0
512680.SH,20260824,1.127,200000,225400.0,,,0.0
512690.SH,20260824,0.419,6983400,2926045.0,,,0.0
512700.SH,20260824,1.501,70100,105220.0,,,0.0
512710.SH,20260824,0.605,1728100,1045501.0,,,0.0
512720.SH,20260824,1.155,8000,9240.0,,,0.0
512730.SH,20260824,1.66698,13900,23171.0,,,0.0
512750.SH,20260824,,0,0.0,,,0.0
512760.SH,20260824,1.104,1850800,2043283.0,,,0.0
512770.SH,20260824,,0,0.0,,,0.0
512800.SH,20260824,0.815,13178200,10740233.0,,,0.0
512810.SH,20260824,0.644,154500,99498.0,,,0.0
512820.SH,20260824,1.42901,42300,60447.0,,,0.0
512870.SH,20260824,1.46,4300,6278.0,,,0.0
512880.SH,20260824,1.063,7218700,7673478.0,,,0.0
512890.SH,20260824,1.172,28075500,32904486.0,,,0.0
512900.SH,20260824,1.05202,9400,9889.0,,,0.0
512910.SH,20260824,,0,0.0,,,0.0
512930.SH,20260824,0.621,518900,322237.0,,,0.0
512940.SH,20260824,0.88,736900,648472.0,,,0.0
512950.SH,20260824,,0,0.0,,,0.0
512960.SH,20260824,,0,0.0,,,0.0
512970.SH,20260824,,0,0.0,,,0.0
512980.SH,20260824,0.809,1029200,832623.0,,,0.0
512990.SH,20260824,,0,0.0,,,0.0
513000.SH,20260824,2.28,586800,1337904.0,,,0.0
513010.SH,20260824,0.611,13734100,8391535.0,,,0.0
513020.SH,20260824,0.968,633900,613615.0,,,0.0
513030.SH,20260824,1.895,1919000,3636505.0,,,0.0
513040.SH,20260824,0.937,2010200,1883557.0,,,0.0
513050.SH,20260824,1.093,45494500,49725489.0,,,0.0
513060.SH,20260824,0.592,3460200,2048438.0,,,0.0
513070.SH,20260824,1.117,93900,104886.0,,,0.0
513080.SH,20260824,1.794,462800,830263.0,,,0.0
513090.SH,20260824,1.82,10906600,19850012.0,,,0.0
513110.SH,20260824,2.468,117100,289003.0,,,0.0
513120.SH,20260824,1.339,23352100,31268462.0,,,0.0
513130.SH,20260824,0.583,46210300,26940605.0,,,0.0
513140.SH,20260824,1.7,100,170.0,,,0.0
513150.SH,20260824,0.98,4300,4214.0,,,0.0
513160.SH,20260824,0.978,1072700,1049101.0,,,0.0
513170.SH,20260824,1.62,117600,190512.0,,,0.0
513180.SH,20260824,0.592,43937400,26010941.0,,,0.0
513190.SH,20260824,1.798,118700,213423.0,,,0.0
513200.SH,20260824,1.11,100000,111000.0,,,0.0
513210.SH,20260824,1.544,6000,9264.0,,,0.0
513220.SH,20260824,0.959002,116200,111436.0,,,0.0
513230.SH,20260824,,0,0.0,,,0.0
513240.SH,20260824,1.03,323500,333205.0,,,0.0
513260.SH,20260824,1.139,1587100,1807707.0,,,0.0
513280.SH,20260824,1.176,58000,68208.0,,,0.0
513290.SH,20260824,1.81,1966100,3558641.0,,,0.0
513300.SH,20260824,2.665,1440100,3837867.0,,,0.0
513320.SH,20260824,1.1,15200,16720.0,,,0.0
513330.SH,20260824,0.379,90705300,34377309.0,,,0.0
513350.SH,20260824,1.331,3675300,4891824.0,,,0.0
513360.SH,20260824,0.461,467100,215333.0,,,0.0
513380.SH,20260824,0.541,1650600,892975.0,,,0.0
513390.SH,20260824,2.411,207900,501247.0,,,0.0
513400.SH,20260824,1.334,2429900,3241487.0,,,0.0
513500.SH,20260824,2.683,746300,2002323.0,,,0.0
513520.SH,20260824,2.273,885100,2011832.0,,,0.0
513530.SH,20260824,1.625,3002400,4878900.0,,,0.0
513550.SH,20260824,1.15301,33900,39087.0,,,0.0
513560.SH,20260824,1.15,116400,133860.0,,,0.0
513580.SH,20260824,0.592,629900,372901.0,,,0.0
513590.SH,20260824,0.788034,11700,9220.0,,,0.0
513600.SH,20260824,2.806,153400,430440.0,,,0.0
513620.SH,20260824,1.137,10000,11370.0,,,0.0
513630.SH,20260824,1.602,413500,662427.0,,,0.0
513650.SH,20260824,2.011,674300,1356017.0,,,0.0
513660.SH,20260824,1.525,150800,229970.0,,,0.0
513690.SH,20260824,1.173,149900,175833.0,,,0.0
513700.SH,20260824,0.655999,363900,238718.0,,,0.0
513720.SH,20260824,,0,0.0,,,0.0
513730.SH,20260824,1.165,162000,188730.0,,,0.0
513750.SH,20260824,1.513,2696200,4079351.0,,,0.0
513770.SH,20260824,0.356,25935200,9232931.0,,,0.0
513780.SH,20260824,1.737,936700,1627048.0,,,0.0
513800.SH,20260824,1.872,508300,951538.0,,,0.0
513810.SH,20260824,,0,0.0,,,0.0
513820.SH,20260824,1.277,65600,83771.0,,,0.0
513830.SH,20260824,1.22,100,122.0,,,0.0
513850.SH,20260824,1.814,263300,477626.0,,,0.0
513860.SH,20260824,0.62,452000,280240.0,,,0.0
513870.SH,20260824,2.055,309700,636434.0,,,0.0
513880.SH,20260824,2.134,428400,914206.0,,,0.0
513890.SH,20260824,0.91,23100,21021.0,,,0.0
513900.SH,20260824,1.01212,3300,3340.0,,,0.0
513910.SH,20260824,1.577,22000,34694.0,,,0.0
513920.SH,20260824,1.56501,72300,113150.0,,,0.0
513930.SH,20260824,1.086,44000,47784.0,,,0.0
513950.SH,20260824,1.26593,5900,7469.0,,,0.0
513970.SH,20260824,0.835,296200,247327.0,,,0.0
513980.SH,20260824,0.622,2377800,1478992.0,,,0.0
513990.SH,20260824,,0,0.0,,,0.0
515000.SH,20260824,1.28,290800,372224.0,,,0.0
515010.SH,20260824,1.227,152700,187363.0,,,0.0
515020.SH,20260824,1.742,94900,165316.0,,,0.0
515030.SH,20260824,1.645,79800,131271.0,,,0.0
515040.SH,20260824,1.08201,20400,22073.0,,,0.0
515050.SH,20260824,1.049,2953000,3097697.0,,,0.0
515060.SH,20260824,0.580938,3200,1859.0,,,0.0
515070.SH,20260824,1.108,237000,262596.0,,,0.0
515080.SH,20260824,1.582,1414500,2237739.0,,,0.0
515090.SH,20260824,,0,0.0,,,0.0
515100.SH,20260824,1.392,707400,984701.0,,,0.0
515110.SH,20260824,,0,0.0,,,0.0
515120.SH,20260824,0.667,8327300,5554309.0,,,0.0
515130.SH,20260824,1.54907,5400,8365.0,,,0.0
515150.SH,20260824,1.564,5000,7820.0,,,0.0
515160.SH,20260824,,0,0.0,,,0.0
515170.SH,20260824,0.463003,194500,90054.0,,,0.0
515180.SH,20260824,1.43,382600,547118.0,,,0.0
515190.SH,20260824,,0,0.0,,,0.0
515200.SH,20260824,,0,0.0,,,0.0
515210.SH,20260824,1.159,61900,71742.0,,,0.0
515220.SH,20260824,1.28,2724100,3486848.0,,,0.0
515230.SH,20260824,0.683999,393300,269017.0,,,0.0
515250.SH,20260824,0.922121,3300,3043.0,,,0.0
515260.SH,20260824,0.845006,83100,70220.0,,,0.0
515290.SH,20260824,1.46,73900,107894.0,,,0.0
515300.SH,20260824,1.29,35300,45537.0,,,0.0
515310.SH,20260824,,0,0.0,,,0.0
515320.SH,20260824,1.52792,4800,7334.0,,,0.0
515330.SH,20260824,1.345,7800,10491.0,,,0.0
515350.SH,20260824,,0,0.0,,,0.0
515360.SH,20260824,6.80714,1400,9530.0,,,0.0
515370.SH,20260824,0.814058,6900,5617.0,,,0.0
515380.SH,20260824,,0,0.0,,,0.0
515390.SH,20260824,1.364,1000,1364.0,,,0.0
515400.SH,20260824,0.855,209800,179379.0,,,0.0
515450.SH,20260824,1.395,5524100,7706120.0,,,0.0
515460.SH,20260824,,0,0.0,,,0.0
515480.SH,20260824,,0,0.0,,,0.0
515530.SH,20260824,,0,0.0,,,0.0
515550.SH,20260824,,0,0.0,,,0.0
515560.SH,20260824,,0,0.0,,,0.0
515580.SH,20260824,,0,0.0,,,0.0
515590.SH,20260824,,0,0.0,,,0.0
515600.SH,20260824,,0,0.0,,,0.0
515630.SH,20260824,1.23899,55600,68888.0,,,0.0
515640.SH,20260824,,0,0.0,,,0.0
515650.SH,20260824,1.058,273800,289680.0,,,0.0
515660.SH,20260824,,0,0.0,,,0.0
515680.SH,20260824,,0,0.0,,,0.0
515700.SH,20260824,2.202,101200,222842.0,,,0.0
515710.SH,20260824,0.496,31000,15376.0,,,0.0
515720.SH,20260824,0.68194,6700,4569.0,,,0.0
515730.SH,20260824,,0,0.0,,,0.0
515750.SH,20260824,2.045,200,409.0,,,0.0
515760.SH,20260824,,0,0.0,,,0.0
515770.SH,20260824,,0,0.0,,,0.0
515790.SH,20260824,0.847999,539800,457750.0,,,0.0
515800.SH,20260824,1.28901,29300,37768.0,,,0.0
515810.SH,20260824,,0,0.0,,,0.0
515840.SH,20260824,,0,0.0,,,0.0
515850.SH,20260824,1.328,11000,14608.0,,,0.0
515860.SH,20260824,,0,0.0,,,0.0
515880.SH,20260824,0.675,28814092,19449512.0,,,0.0
515890.SH,20260824,,0,0.0,,,0.0
515900.SH,20260824,,0,0.0,,,0.0
515910.SH,20260824,0.7,100,70.0,,,0.0
515920.SH,20260824,,0,0.0,,,0.0
515950.SH,20260824,0.966,15500,14973.0,,,0.0
515960.SH,20260824,0.853017,11600,9895.0,,,0.0
515970.SH,20260824,,0,0.0,,,0.0
515980.SH,20260824,1.024,726000,743424.0,,,0.0
515990.SH,20260824,,0,0.0,,,0.0
516000.SH,20260824,0.941,23000,21643.0,,,0.0
516010.SH,20260824,1.064,96700,102889.0,,,0.0
516020.SH,20260824,0.869003,166500,144689.0,,,0.0
516050.SH,20260824,1.38396,10100,13978.0,,,0.0
516060.SH,20260824,0.613999,519600,319034.0,,,0.0
516070.SH,20260824,0.59,300,177.0,,,0.0
516080.SH,20260824,0.709,1254400,889370.0,,,0.0
516090.SH,20260824,0.501979,9600,4819.0,,,0.0
516100.SH,20260824,1.02199,19100,19520.0,,,0.0
516110.SH,20260824,1.10601,78600,86932.0,,,0.0
516120.SH,20260824,0.889021,19400,17247.0,,,0.0
516130.SH,20260824,0.677014,21100,14285.0,,,0.0
516150.SH,20260824,1.754,296300,519710.0,,,0.0
516160.SH,20260824,2.533,63400,160592.0,,,0.0
516180.SH,20260824,,0,0.0,,,0.0
516190.SH,20260824,0.97598,10200,9955.0,,,0.0
516200.SH,20260824,,0,0.0,,,0.0
516210.SH,20260824,1.39,300,417.0,,,0.0
516220.SH,20260824,0.908,55500,50394.0,,,0.0
516230.SH,20260824,0.79,100,79.0,,,0.0
516250.SH,20260824,,0,0.0,,,0.0
516260.SH,20260824,,0,0.0,,,0.0
516270.SH,20260824,0.593001,95300,56513.0,,,0.0
516290.SH,20260824,0.525048,10500,5513.0,,,0.0
516300.SH,20260824,3.19889,900,2879.0,,,0.0
516310.SH,20260824,1.351,777000,1049727.0,,,0.0
516320.SH,20260824,0.94,100,94.0,,,0.0
516330.SH,20260824,,0,0.0,,,0.0
516350.SH,20260824,1.65,92000,151800.0,,,0.0
516360.SH,20260824,,0,0.0,,,0.0
516370.SH,20260824,0.901081,3700,3334.0,,,0.0
516380.SH,20260824,,0,0.0,,,0.0
516390.SH,20260824,,0,0.0,,,0.0
516440.SH,20260824,,0,0.0,,,0.0
516460.SH,20260824,,0,0.0,,,0.0
516500.SH,20260824,0.667045,4400,2935.0,,,0.0
516510.SH,20260824,1.67399,36300,60766.0,,,0.0
516520.SH,20260824,1.04,39100,40664.0,,,0.0
516530.SH,20260824,1.02313,3200,3274.0,,,0.0
516550.SH,20260824,,0,0.0,,,0.0
516560.SH,20260824,0.762973,3700,2823.0,,,0.0
516570.SH,20260824,1.03399,49100,50769.0,,,0.0
516580.SH,20260824,,0,0.0,,,0.0
516590.SH,20260824,1.11,200,222.0,,,0.0
516600.SH,20260824,0.61,100,61.0,,,0.0
516610.SH,20260824,0.431935,6200,2678.0,,,0.0
516620.SH,20260824,0.805,8200,6601.0,,,0.0
516630.SH,20260824,1.64,109100,178924.0,,,0.0
516640.SH,20260824,1.458,227200,331258.0,,,0.0
516650.SH,20260824,1.925,404800,779240.0,,,0.0
516660.SH,20260824,,0,0.0,,,0.0
516670.SH,20260824,0.595001,375500,223423.0,,,0.0
516700.SH,20260824,,0,0.0,,,0.0
516710.SH,20260824,,0,0.0,,,0.0
516720.SH,20260824,,0,0.0,,,0.0
516730.SH,20260824,0.97,300,291.0,,,0.0
516750.SH,20260824,0.574211,1900,1091.0,,,0.0
516760.SH,20260824,0.572,500,286.0,,,0.0
516770.SH,20260824,1.126,109100,122847.0,,,0.0
516780.SH,20260824,0.856001,187800,160757.0,,,0.0
516790.SH,20260824,,0,0.0,,,0.0
516800.SH,20260824,0.977997,62400,61027.0,,,0.0
516810.SH,20260824,0.74,19400,14356.0,,,0.0
516820.SH,20260824,0.356,884400,314846.0,,,0.0
516830.SH,20260824,,0,0.0,,,0.0
516840.SH,20260824,0.754286,700,528.0,,,0.0
516850.SH,20260824,0.93,100,93.0,,,0.0
516860.SH,20260824,1.046,360100,376665.0,,,0.0
516880.SH,20260824,0.726667,600,436.0,,,0.0
516890.SH,20260824,,0,0.0,,,0.0
516900.SH,20260824,0.49,400,196.0,,,0.0
516910.SH,20260824,1.19299,31100,37102.0,,,0.0
516920.SH,20260824,1.415,35000,49525.0,,,0.0
516930.SH,20260824,0.512963,10800,5540.0,,,0.0
516950.SH,20260824,,0,0.0,,,0.0
516960.SH,20260824,,0,0.0,,,0.0
516970.SH,20260824,1.09901,18100,19892.0,,,0.0
516980.SH,20260824,,0,0.0,,,0.0
517000.SH,20260824,,0,0.0,,,0.0
517010.SH,20260824,1.165,9600,11184.0,,,0.0
517030.SH,20260824,,0,0.0,,,0.0
517050.SH,20260824,,0,0.0,,,0.0
517080.SH,20260824,,0,0.0,,,0.0
517090.SH,20260824,,0,0.0,,,0.0
517100.SH,20260824,,0,0.0,,,0.0
517110.SH,20260824,0.815003,151100,123147.0,,,0.0
517120.SH,20260824,0.768,1928800,1481318.0,,,0.0
517130.SH,20260824,0.963333,1200,1156.0,,,0.0
517160.SH,20260824,,0,0.0,,,0.0
517170.SH,20260824,,0,0.0,,,0.0
517180.SH,20260824,,0,0.0,,,0.0
517200.SH,20260824,0.595,200,119.0,,,0.0
517230.SH,20260824,,0,0.0,,,0.0
517300.SH,20260824,,0,0.0,,,0.0
517330.SH,20260824,,0,0.0,,,0.0
517350.SH,20260824,,0,0.0,,,0.0
517360.SH,20260824,,0,0.0,,,0.0
517380.SH,20260824,0.895001,526500,471218.0,,,0.0
517390.SH,20260824,,0,0.0,,,0.0
517400.SH,20260824,1.815,1683900,3056279.0,,,0.0
517520.SH,20260824,2.314,5790700,13399680.0,,,0.0
517550.SH,20260824,0.67,500,335.0,,,0.0
517660.SH,20260824,,0,0.0,,,0.0
517770.SH,20260824,0.868018,22200,19270.0,,,0.0
517800.SH,20260824,,0,0.0,,,0.0
517850.SH,20260824,,0,0.0,,,0.0
517880.SH,20260824,,0,0.0,,,0.0
517900.SH,20260824,1.54,4300,6622.0,,,0.0
517950.SH,20260824,,0,0.0,,,0.0
517990.SH,20260824,0.93,300,279.0,,,0.0
518600.SH,20260824,9.895,163600,1618822.0,,,0.0
518660.SH,20260824,9.53,350600,3341218.0,,,0.0
518680.SH,20260824,9.955,140100,1394696.0,,,0.0
518800.SH,20260824,9.989,343100,3427226.0,,,0.0
518850.SH,20260824,9.592,340700,3267994.0,,,0.0
518860.SH,20260824,9.55,13500,128925.0,,,0.0
518880.SH,20260824,9.488,5394600,51183965.0,,,0.0
518890.SH,20260824,9.51,1100,10461.0,,,0.0
520500.SH,20260824,1.456,3607800,5252957.0,,,0.0
520510.SH,20260824,0.98,63800,62524.0,,,0.0
520520.SH,20260824,,0,0.0,,,0.0
520530.SH,20260824,0.831998,208200,173222.0,,,0.0
520550.SH,20260824,1.108,233000,258164.0,,,0.0
520560.SH,20260824,0.834,5500,4587.0,,,0.0
520570.SH,20260824,0.751005,41800,31392.0,,,0.0
520580.SH,20260824,0.95402,10200,9731.0,,,0.0
520590.SH,20260824,,0,0.0,,,0.0
520600.SH,20260824,1.058,430400,455363.0,,,0.0
520610.SH,20260824,,0,0.0,,,0.0
520620.SH,20260824,0.828889,3600,2984.0,,,0.0
520630.SH,20260824,0.671009,44600,29927.0,,,0.0
520650.SH,20260824,0.606001,222800,135017.0,,,0.0
520660.SH,20260824,1.0,121000,121000.0,,,0.0
520670.SH,20260824,,0,0.0,,,0.0
520680.SH,20260824,0.853056,3600,3071.0,,,0.0
520690.SH,20260824,0.759,206000,156354.0,,,0.0
520700.SH,20260824,1.656,1353400,2241230.0,,,0.0
520710.SH,20260824,0.916003,137100,125584.0,,,0.0
520720.SH,20260824,0.777949,3900,3034.0,,,0.0
520730.SH,20260824,,0,0.0,,,0.0
520740.SH,20260824,0.94,4700,4418.0,,,0.0
520750.SH,20260824,0.905992,24700,22378.0,,,0.0
520760.SH,20260824,1.0071,3100,3122.0,,,0.0
520770.SH,20260824,0.95,100,95.0,,,0.0
520780.SH,20260824,0.86,10400,8944.0,,,0.0
520790.SH,20260824,0.851111,3600,3064.0,,,0.0
520810.SH,20260824,1.048,3000,3144.0,,,0.0
520820.SH,20260824,0.962997,33700,32453.0,,,0.0
520830.SH,20260824,0.902,645900,582602.0,,,0.0
520840.SH,20260824,0.773997,158600,122756.0,,,0.0
520850.SH,20260824,0.933,36000,33588.0,,,0.0
520860.SH,20260824,0.814,225000,183150.0,,,0.0
520870.SH,20260824,1.06,1974200,2092652.0,,,0.0
520880.SH,20260824,0.466,3781800,1762319.0,,,0.0
520890.SH,20260824,1.34504,11500,15468.0,,,0.0
520900.SH,20260824,1.006,63700,64082.0,,,0.0
520910.SH,20260824,0.637999,184900,117966.0,,,0.0
520920.SH,20260824,0.697,581700,405445.0,,,0.0
520930.SH,20260824,1.00398,11300,11345.0,,,0.0
520940.SH,20260824,,0,0.0,,,0.0
520950.SH,20260824,0.86,48700,41882.0,,,0.0
520960.SH,20260824,0.918,2000,1836.0,,,0.0
520970.SH,20260824,0.933001,102300,95446.0,,,0.0
520980.SH,20260824,0.881999,458700,404573.0,,,0.0
520990.SH,20260824,0.995001,612700,609637.0,,,0.0
526000.SH,20260824,1.202,420700,505681.0,,,0.0
526010.SH,20260824,,0,0.0,,,0.0
526030.SH,20260824,0.880988,24300,21408.0,,,0.0
526050.SH,20260824,1.091,182600,199217.0,,,0.0
526070.SH,20260824,1.00799,61300,61790.0,,,0.0
530000.SH,20260824,,0,0.0,,,0.0
530050.SH,20260824,,0,0.0,,,0.0
530060.SH,20260824,0.99,110300,109197.0,,,0.0
530080.SH,20260824,,0,0.0,,,0.0
530100.SH,20260824,,0,0.0,,,0.0
530180.SH,20260824,,0,0.0,,,0.0
530280.SH,20260824,,0,0.0,,,0.0
530300.SH,20260824,,0,0.0,,,0.0
530380.SH,20260824,,0,0.0,,,0.0
530530.SH,20260824,,0,0.0,,,0.0
530580.SH,20260824,,0,0.0,,,0.0
530680.SH,20260824,,0,0.0,,,0.0
530800.SH,20260824,,0,0.0,,,0.0
530880.SH,20260824,,0,0.0,,,0.0
551000.SH,20260824,,0,0.0,,,0.0
551030.SH,20260824,101.91,200,20382.0,,,0.0
551060.SH,20260824,,0,0.0,,,0.0
551300.SH,20260824,,0,0.0,,,0.0
551500.SH,20260824,,0,0.0,,,0.0
551510.SH,20260824,,0,0.0,,,0.0
551520.SH,20260824,,0,0.0,,,0.0
551550.SH,20260824,101.767,900,91590.0,,,0.0
551560.SH,20260824,,0,0.0,,,0.0
551580.SH,20260824,,0,0.0,,,0.0
551800.SH,20260824,,0,0.0,,,0.0
551900.SH,20260824,,0,0.0,,,0.0
560010.SH,20260824,3.15801,17100,54002.0,,,0.0
560020.SH,20260824,,0,0.0,,,0.0
560030.SH,20260824,,0,0.0,,,0.0
560050.SH,20260824,1.11,5000,5550.0,,,0.0
560060.SH,20260824,,0,0.0,,,0.0
560070.SH,20260824,1.16833,600,701.0,,,0.0
560080.SH,20260824,0.95,1041700,989615.0,,,0.0
560090.SH,20260824,1.141,61000,69601.0,,,0.0
560100.SH,20260824,,0,0.0,,,0.0
560110.SH,20260824,1.137,129300,147014.0,,,0.0
560120.SH,20260824,1.21404,11400,13840.0,,,0.0
560130.SH,20260824,,0,0.0,,,0.0
560150.SH,20260824,,0,0.0,,,0.0
560160.SH,20260824,0.926667,300,278.0,,,0.0
560170.SH,20260824,1.23902,17300,21435.0,,,0.0
560180.SH,20260824,,0,0.0,,,0.0
560190.SH,20260824,,0,0.0,,,0.0
560210.SH,20260824,0.796,500,398.0,,,0.0
560220.SH,20260824,1.41,6900,9729.0,,,0.0
560230.SH,20260824,0.764,12000,9168.0,,,0.0
560250.SH,20260824,,0,0.0,,,0.0
560260.SH,20260824,0.882012,34300,30253.0,,,0.0
560270.SH,20260824,0.928,10000,9280.0,,,0.0
560280.SH,20260824,1.524,500,762.0,,,0.0
560290.SH,20260824,0.86,42400,36464.0,,,0.0
560300.SH,20260824,2.276,2000,4552.0,,,0.0
560310.SH,20260824,,0,0.0,,,0.0
560320.SH,20260824,,0,0.0,,,0.0
560330.SH,20260824,,0,0.0,,,0.0
560350.SH,20260824,1.28,200,256.0,,,0.0
560360.SH,20260824,,0,0.0,,,0.0
560370.SH,20260824,,0,0.0,,,0.0
560380.SH,20260824,,0,0.0,,,0.0
560390.SH,20260824,0.885,310000,274350.0,,,0.0
560400.SH,20260824,0.964,1000,964.0,,,0.0
560410.SH,20260824,,0,0.0,,,0.0
560420.SH,20260824,,0,0.0,,,0.0
560450.SH,20260824,0.92099,19200,17683.0,,,0.0
560460.SH,20260824,0.885984,24900,22061.0,,,0.0
560470.SH,20260824,0.936003,68800,64397.0,,,0.0
560480.SH,20260824,0.88,6400,5632.0,,,0.0
560490.SH,20260824,0.985,3400,3349.0,,,0.0
560500.SH,20260824,,0,0.0,,,0.0
560510.SH,20260824,1.19398,8300,9910.0,,,0.0
560520.SH,20260824,,0,0.0,,,0.0
560530.SH,20260824,1.22402,17400,21298.0,,,0.0
560550.SH,20260824,,0,0.0,,,0.0
560560.SH,20260824,,0,0.0,,,0.0
560570.SH,20260824,,0,0.0,,,0.0
560580.SH,20260824,1.08,20000,21600.0,,,0.0
560590.SH,20260824,,0,0.0,,,0.0
560610.SH,20260824,1.194,26000,31044.0,,,0.0
560620.SH,20260824,,0,0.0,,,0.0
560630.SH,20260824,1.08301,48500,52526.0,,,0.0
560660.SH,20260824,1.08296,2700,2924.0,,,0.0
560670.SH,20260824,,0,0.0,,,0.0
560680.SH,20260824,0.723846,1300,941.0,,,0.0
560690.SH,20260824,2.19,200,438.0,,,0.0
560700.SH,20260824,1.2,4400,5280.0,,,0.0
560710.SH,20260824,0.893001,185300,165473.0,,,0.0
560720.SH,20260824,,0,0.0,,,0.0
560730.SH,20260824,1.03,100,103.0,,,0.0
560750.SH,20260824,,0,0.0,,,0.0
560770.SH,20260824,,0,0.0,,,0.0
560780.SH,20260824,1.076,731500,787094.0,,,0.0
560790.SH,20260824,,0,0.0,,,0.0
560800.SH,20260824,1.15299,25400,29286.0,,,0.0
560810.SH,20260824,,0,0.0,,,0.0
560820.SH,20260824,1.21,200,242.0,,,0.0
560830.SH,20260824,0.885,16200,14337.0,,,0.0
560850.SH,20260824,,0,0.0,,,0.0
560860.SH,20260824,1.652,1852800,3060826.0,,,0.0
560870.SH,20260824,,0,0.0,,,0.0
560880.SH,20260824,,0,0.0,,,0.0
560900.SH,20260824,0.963002,55300,53254.0,,,0.0
560910.SH,20260824,0.775,200,155.0,,,0.0
560920.SH,20260824,,0,0.0,,,0.0
560930.SH,20260824,0.867008,37100,32166.0,,,0.0
560950.SH,20260824,,0,0.0,,,0.0
560970.SH,20260824,,0,0.0,,,0.0
560980.SH,20260824,0.662998,202100,133992.0,,,0.0
560990.SH,20260824,,0,0.0,,,0.0
561000.SH,20260824,,0,0.0,,,0.0
561010.SH,20260824,0.853158,1900,1621.0,,,0.0
561020.SH,20260824,,0,0.0,,,0.0
561030.SH,20260824,,0,0.0,,,0.0
561050.SH,20260824,0.895,200,179.0,,,0.0
561060.SH,20260824,,0,0.0,,,0.0
561080.SH,20260824,,0,0.0,,,0.0
561090.SH,20260824,,0,0.0,,,0.0
561100.SH,20260824,1.62201,18900,30656.0,,,0.0
561120.SH,20260824,,0,0.0,,,0.0
561130.SH,20260824,1.05399,42600,44900.0,,,0.0
561160.SH,20260824,0.750997,153400,115203.0,,,0.0
561170.SH,20260824,1.12501,46500,52313.0,,,0.0
561180.SH,20260824,,0,0.0,,,0.0
561190.SH,20260824,,0,0.0,,,0.0
561200.SH,20260824,,0,0.0,,,0.0
561220.SH,20260824,,0,0.0,,,0.0
561230.SH,20260824,,0,0.0,,,0.0
561250.SH,20260824,1.045,200,209.0,,,0.0
561260.SH,20260824,,0,0.0,,,0.0
561280.SH,20260824,1.586,89000,141154.0,,,0.0
561300.SH,20260824,1.06833,600,641.0,,,0.0
561310.SH,20260824,0.708,5000,3540.0,,,0.0
561320.SH,20260824,0.95,500,475.0,,,0.0
561330.SH,20260824,1.016,1534200,1558747.0,,,0.0
561350.SH,20260824,,0,0.0,,,0.0
561360.SH,20260824,1.49,222000,330780.0,,,0.0
561370.SH,20260824,,0,0.0,,,0.0
561380.SH,20260824,0.747001,391100,292152.0,,,0.0
561390.SH,20260824,1.03,200,206.0,,,0.0
561400.SH,20260824,,0,0.0,,,0.0
561410.SH,20260824,0.981999,289922,284703.0,,,0.0
561420.SH,20260824,,0,0.0,,,0.0
561430.SH,20260824,,0,0.0,,,0.0
561450.SH,20260824,,0,0.0,,,0.0
561460.SH,20260824,0.81,16900,13689.0,,,0.0
561470.SH,20260824,,0,0.0,,,0.0
561490.SH,20260824,,0,0.0,,,0.0
561500.SH,20260824,,0,0.0,,,0.0
561510.SH,20260824,0.939,14000,13146.0,,,0.0
561550.SH,20260824,1.414,167000,236138.0,,,0.0
561560.SH,20260824,1.241,317100,393521.0,,,0.0
561570.SH,20260824,1.40556,900,1265.0,,,0.0
561580.SH,20260824,1.239,390600,483953.0,,,0.0
561590.SH,20260824,,0,0.0,,,0.0
561600.SH,20260824,0.738056,3600,2657.0,,,0.0
561620.SH,20260824,,0,0.0,,,0.0
561630.SH,20260824,1.035,200,207.0,,,0.0
561660.SH,20260824,,0,0.0,,,0.0
561680.SH,20260824,,0,0.0,,,0.0
561700.SH,20260824,1.08302,20200,21877.0,,,0.0
561750.SH,20260824,,0,0.0,,,0.0
561760.SH,20260824,1.37204,5400,7409.0,,,0.0
561770.SH,20260824,,0,0.0,,,0.0
561780.SH,20260824,,0,0.0,,,0.0
561790.SH,20260824,,0,0.0,,,0.0
561800.SH,20260824,1.055,703300,741982.0,,,0.0
561810.SH,20260824,,0,0.0,,,0.0
561870.SH,20260824,,0,0.0,,,0.0
561880.SH,20260824,,0,0.0,,,0.0
561890.SH,20260824,1.0225,400,409.0,,,0.0
561900.SH,20260824,,0,0.0,,,0.0
561910.SH,20260824,0.743999,328100,244106.0,,,0.0
561920.SH,20260824,0.692,74000,51208.0,,,0.0
561930.SH,20260824,,0,0.0,,,0.0
561950.SH,20260824,,0,0.0,,,0.0
561960.SH,20260824,,0,0.0,,,0.0
561980.SH,20260824,0.698,1417900,989694.0,,,0.0
561990.SH,20260824,1.02333,300,307.0,,,0.0
562000.SH,20260824,,0,0.0,,,0.0
562010.SH,20260824,,0,0.0,,,0.0
562030.SH,20260824,0.503333,300,151.0,,,0.0
562050.SH,20260824,0.933871,3100,2895.0,,,0.0
562060.SH,20260824,0.61,200,122.0,,,0.0
562070.SH,20260824,,0,0.0,,,0.0
562080.SH,20260824,0.63,100,63.0,,,0.0
562300.SH,20260824,,0,0.0,,,0.0
562310.SH,20260824,,0,0.0,,,0.0
562320.SH,20260824,,0,0.0,,,0.0
562330.SH,20260824,,0,0.0,,,0.0
562340.SH,20260824,,0,0.0,,,0.0
562350.SH,20260824,1.07601,19800,21305.0,,,0.0
562360.SH,20260824,1.03503,17900,18527.0,,,0.0
562380.SH,20260824,1.25167,600,751.0,,,0.0
562390.SH,20260824,0.872727,1100,960.0,,,0.0
562500.SH,20260824,0.954,884500,843813.0,,,0.0
562510.SH,20260824,0.563,232300,130785.0,,,0.0
562520.SH,20260824,,0,0.0,,,0.0
562530.SH,20260824,,0,0.0,,,0.0
562550.SH,20260824,1.117,163700,182853.0,,,0.0
562560.SH,20260824,,0,0.0,,,0.0
562570.SH,20260824,1.36583,2400,3278.0,,,0.0
562580.SH,20260824,,0,0.0,,,0.0
562590.SH,20260824,1.032,660100,681223.0,,,0.0
562600.SH,20260824,0.785,15000,11775.0,,,0.0
562660.SH,20260824,1.849,25000,46225.0,,,0.0
562700.SH,20260824,,0,0.0,,,0.0
562800.SH,20260824,0.971,1788200,1736342.0,,,0.0
562810.SH,20260824,1.15401,28700,33120.0,,,0.0
562820.SH,20260824,0.963,12000,11556.0,,,0.0
562850.SH,20260824,,0,0.0,,,0.0
562860.SH,20260824,0.683,869300,593732.0,,,0.0
562870.SH,20260824,0.906,148000,134088.0,,,0.0
562880.SH,20260824,0.767987,31800,24422.0,,,0.0
562890.SH,20260824,,0,0.0,,,0.0
562900.SH,20260824,0.679011,45500,30895.0,,,0.0
562910.SH,20260824,,0,0.0,,,0.0
562920.SH,20260824,0.9225,800,738.0,,,0.0
562930.SH,20260824,0.7,82500,57750.0,,,0.0
562950.SH,20260824,1.563,94800,148172.0,,,0.0
562960.SH,20260824,1.11601,64100,71536.0,,,0.0
562970.SH,20260824,,0,0.0,,,0.0
562990.SH,20260824,,0,0.0,,,0.0
563000.SH,20260824,1.14192,2600,2969.0,,,0.0
563010.SH,20260824,,0,0.0,,,0.0
563020.SH,20260824,1.165,3314000,3860810.0,,,0.0
563030.SH,20260824,,0,0.0,,,0.0
563050.SH,20260824,1.32594,3200,4243.0,,,0.0
563060.SH,20260824,1.0825,400,433.0,,,0.0
563080.SH,20260824,1.39,100,139.0,,,0.0
563090.SH,20260824,1.42318,2200,3131.0,,,0.0
563150.SH,20260824,1.35899,14900,20249.0,,,0.0
563180.SH,20260824,,0,0.0,,,0.0
563200.SH,20260824,1.49795,3900,5842.0,,,0.0
563210.SH,20260824,2.05,17400,35670.0,,,0.0
563220.SH,20260824,,0,0.0,,,0.0
563230.SH,20260824,1.075,712500,765938.0,,,0.0
563280.SH,20260824,,0,0.0,,,0.0
563300.SH,20260824,1.404,1975600,2773742.0,,,0.0
563320.SH,20260824,0.823333,600,494.0,,,0.0
563330.SH,20260824,,0,0.0,,,0.0
563350.SH,20260824,,0,0.0,,,0.0
563360.SH,20260824,1.294,956900,1238229.0,,,0.0
563380.SH,20260824,0.919013,37500,34463.0,,,0.0
563390.SH,20260824,1.219,20000,24380.0,,,0.0
563500.SH,20260824,,0,0.0,,,0.0
563510.SH,20260824,0.995041,12100,12040.0,,,0.0
563520.SH,20260824,,0,0.0,,,0.0
563530.SH,20260824,1.085,363700,394615.0,,,0.0
563550.SH,20260824,,0,0.0,,,0.0
563560.SH,20260824,,0,0.0,,,0.0
563570.SH,20260824,,0,0.0,,,0.0
563580.SH,20260824,1.12102,4900,5493.0,,,0.0
563590.SH,20260824,,0,0.0,,,0.0
563600.SH,20260824,,0,0.0,,,0.0
563620.SH,20260824,,0,0.0,,,0.0
563630.SH,20260824,1.28,800,1024.0,,,0.0
563650.SH,20260824,,0,0.0,,,0.0
563660.SH,20260824,,0,0.0,,,0.0
563670.SH,20260824,,0,0.0,,,0.0
563680.SH,20260824,,0,0.0,,,0.0
563690.SH,20260824,,0,0.0,,,0.0
563700.SH,20260824,,0,0.0,,,0.0
563750.SH,20260824,1.11333,600,668.0,,,0.0
563760.SH,20260824,,0,0.0,,,0.0
563770.SH,20260824,1.19556,900,1076.0,,,0.0
563780.SH,20260824,,0,0.0,,,0.0
563790.SH,20260824,0.817,150000,122550.0,,,0.0
563800.SH,20260824,,0,0.0,,,0.0
563830.SH,20260824,,0,0.0,,,0.0
563850.SH,20260824,,0,0.0,,,0.0
563860.SH,20260824,,0,0.0,,,0.0
563870.SH,20260824,,0,0.0,,,0.0
563880.SH,20260824,1.265,200,253.0,,,0.0
563890.SH,20260824,,0,0.0,,,0.0
563900.SH,20260824,,0,0.0,,,0.0
563930.SH,20260824,,0,0.0,,,0.0
563960.SH,20260824,,0,0.0,,,0.0
563980.SH,20260824,,0,0.0,,,0.0
563990.SH,20260824,1.24599,24700,30776.0,,,0.0
588000.SH,20260824,1.741,8491600,14783876.0,,,0.0
588010.SH,20260824,1.072,1006600,1079075.0,,,0.0
588020.SH,20260824,0.877,439600,385529.0,,,0.0
588030.SH,20260824,1.818,115000,209070.0,,,0.0
588040.SH,20260824,,0,0.0,,,0.0
588050.SH,20260824,1.694,309100,523615.0,,,0.0
588060.SH,20260824,1.05,1101700,1156785.0,,,0.0
588070.SH,20260824,2.249,313600,705286.0,,,0.0
588080.SH,20260824,1.693,2509400,4248414.0,,,0.0
588090.SH,20260824,1.7,114400,194480.0,,,0.0
588100.SH,20260824,0.867043,11500,9971.0,,,0.0
588110.SH,20260824,0.64,345700,221248.0,,,0.0
588120.SH,20260824,0.923,275000,253825.0,,,0.0
588130.SH,20260824,1.063,143500,152541.0,,,0.0
588140.SH,20260824,,0,0.0,,,0.0
588150.SH,20260824,1.17529,1700,1998.0,,,0.0
588160.SH,20260824,1.098,180900,198628.0,,,0.0
588170.SH,20260824,1.015,37811200,38378368.0,,,0.0
588180.SH,20260824,1.08,2300,2484.0,,,0.0
588190.SH,20260824,1.799,16000,28784.0,,,0.0
588200.SH,20260824,1.17,5927000,6934590.0,,,0.0
588210.SH,20260824,1.82208,5300,9657.0,,,0.0
588220.SH,20260824,1.811,403800,731282.0,,,0.0
588230.SH,20260824,1.807,49000,88543.0,,,0.0
588240.SH,20260824,1.67333,600,1004.0,,,0.0
588250.SH,20260824,1.09,200,218.0,,,0.0
588260.SH,20260824,,0,0.0,,,0.0
588270.SH,20260824,,0,0.0,,,0.0
588280.SH,20260824,1.19,22300,26537.0,,,0.0
588290.SH,20260824,1.147,192700,221027.0,,,0.0
588300.SH,20260824,1.15091,1100,1266.0,,,0.0
588310.SH,20260824,,0,0.0,,,0.0
588320.SH,20260824,1.76302,9600,16925.0,,,0.0
588330.SH,20260824,1.132,24000,27168.0,,,0.0
588350.SH,20260824,,0,0.0,,,0.0
588360.SH,20260824,,0,0.0,,,0.0
588370.SH,20260824,1.75597,6700,11765.0,,,0.0
588380.SH,20260824,1.136,101900,115758.0,,,0.0
588390.SH,20260824,,0,0.0,,,0.0
588400.SH,20260824,1.12904,8300,9371.0,,,0.0
588410.SH,20260824,1.22401,31200,38189.0,,,0.0
588420.SH,20260824,,0,0.0,,,0.0
588430.SH,20260824,1.22,100,122.0,,,0.0
588450.SH,20260824,2.159,3000,6477.0,,,0.0
588460.SH,20260824,2.046,26500,54219.0,,,0.0
588470.SH,20260824,,0,0.0,,,0.0
588480.SH,20260824,0.885,1200,1062.0,,,0.0
588500.SH,20260824,2.6,16600,43160.0,,,0.0
588510.SH,20260824,,0,0.0,,,0.0
588520.SH,20260824,,0,0.0,,,0.0
588530.SH,20260824,,0,0.0,,,0.0
588550.SH,20260824,1.35625,800,1085.0,,,0.0
588660.SH,20260824,1.85394,3300,6118.0,,,0.0
588670.SH,20260824,,0,0.0,,,0.0
588680.SH,20260824,,0,0.0,,,0.0
588690.SH,20260824,,0,0.0,,,0.0
588700.SH,20260824,1.047,133700,139984.0,,,0.0
588710.SH,20260824,1.046,9509900,9947355.0,,,0.0
588720.SH,20260824,,0,0.0,,,0.0
588730.SH,20260824,1.45101,10900,15816.0,,,0.0
588750.SH,20260824,2.346,236100,553891.0,,,0.0
588760.SH,20260824,0.732001,328800,240682.0,,,0.0
588770.SH,20260824,,0,0.0,,,0.0
588780.SH,20260824,0.971999,308200,299570.0,,,0.0
588790.SH,20260824,0.773999,181300,140326.0,,,0.0
588800.SH,20260824,1.798,264100,474852.0,,,0.0
588810.SH,20260824,2.517,37700,94891.0,,,0.0
588820.SH,20260824,1.94,100,194.0,,,0.0
588830.SH,20260824,1.25901,21200,26691.0,,,0.0
588840.SH,20260824,,0,0.0,,,0.0
588850.SH,20260824,1.82857,700,1280.0,,,0.0
588860.SH,20260824,0.699001,125100,87445.0,,,0.0
588870.SH,20260824,1.679,311400,522841.0,,,0.0
588880.SH,20260824,,0,0.0,,,0.0
588890.SH,20260824,3.979,45200,179851.0,,,0.0
588900.SH,20260824,1.87,8500,15895.0,,,0.0
588910.SH,20260824,,0,0.0,,,0.0
588920.SH,20260824,1.12901,40300,45499.0,,,0.0
588930.SH,20260824,1.51901,39200,59545.0,,,0.0
588940.SH,20260824,0.855999,375200,321171.0,,,0.0
588950.SH,20260824,1.73,268200,463986.0,,,0.0
588960.SH,20260824,1.16705,10500,12254.0,,,0.0
588980.SH,20260824,,0,0.0,,,0.0
588990.SH,20260824,3.67099,15200,55799.0,,,0.0
589000.SH,20260824,1.565,154800,242262.0,,,0.0
589010.SH,20260824,1.375,200,275.0,,,0.0
589020.SH,20260824,1.233,4661000,5747013.0,,,0.0
589030.SH,20260824,1.13702,25800,29335.0,,,0.0
589050.SH,20260824,,0,0.0,,,0.0
589060.SH,20260824,1.65,32000,52800.0,,,0.0
589070.SH,20260824,1.061,176300,187054.0,,,0.0
589080.SH,20260824,,0,0.0,,,0.0
589090.SH,20260824,1.03701,28100,29140.0,,,0.0
589100.SH,20260824,0.91,18100,16471.0,,,0.0
589110.SH,20260824,,0,0.0,,,0.0
589120.SH,20260824,0.875,1178000,1030750.0,,,0.0
589130.SH,20260824,1.394,178700,249108.0,,,0.0
589150.SH,20260824,1.193,72300,86254.0,,,0.0
589160.SH,20260824,1.285,6000,7710.0,,,0.0
589170.SH,20260824,1.06417,1200,1277.0,,,0.0
589180.SH,20260824,1.75605,8100,14224.0,,,0.0
589190.SH,20260824,0.639,30000,19170.0,,,0.0
589200.SH,20260824,,0,0.0,,,0.0
589210.SH,20260824,0.670996,81300,54552.0,,,0.0
589220.SH,20260824,1.015,200,203.0,,,0.0
589230.SH,20260824,,0,0.0,,,0.0
589250.SH,20260824,1.22802,22700,27876.0,,,0.0
589260.SH,20260824,,0,0.0,,,0.0
589270.SH,20260824,,0,0.0,,,0.0
589280.SH,20260824,,0,0.0,,,0.0
589290.SH,20260824,0.78,100,78.0,,,0.0
589300.SH,20260824,,0,0.0,,,0.0
589310.SH,20260824,,0,0.0,,,0.0
589320.SH,20260824,0.865,2200,1903.0,,,0.0
589330.SH,20260824,0.88,34200,30096.0,,,0.0
589350.SH,20260824,0.76,56500,42940.0,,,0.0
589360.SH,20260824,0.855029,17300,14792.0,,,0.0
589380.SH,20260824,1.39,100,139.0,,,0.0
589390.SH,20260824,0.75,21000,15750.0,,,0.0
589400.SH,20260824,0.751978,18200,13686.0,,,0.0
589410.SH,20260824,0.819009,45400,37183.0,,,0.0
589420.SH,20260824,,0,0.0,,,0.0
589460.SH,20260824,0.98,1400,1372.0,,,0.0
589500.SH,20260824,,0,0.0,,,0.0
589520.SH,20260824,0.585,83000,48555.0,,,0.0
589550.SH,20260824,,0,0.0,,,0.0
589560.SH,20260824,0.926,23000,21298.0,,,0.0
589580.SH,20260824,,0,0.0,,,0.0
589600.SH,20260824,1.58,100,158.0,,,0.0
589630.SH,20260824,0.785,3000,2355.0,,,0.0
589660.SH,20260824,1.59,200,318.0,,,0.0
589680.SH,20260824,1.522,129500,197099.0,,,0.0
589700.SH,20260824,2.205,30400,67032.0,,,0.0
589720.SH,20260824,0.95,2949900,2802405.0,,,0.0
589770.SH,20260824,,0,0.0,,,0.0
589780.SH,20260824,,0,0.0,,,0.0
589800.SH,20260824,1.58799,25900,41129.0,,,0.0
589820.SH,20260824,,0,0.0,,,0.0
589850.SH,20260824,1.587,192100,304863.0,,,0.0
589860.SH,20260824,,0,0.0,,,0.0
589880.SH,20260824,,0,0.0,,,0.0
589890.SH,20260824,,0,0.0,,,0.0
589900.SH,20260824,,0,0.0,,,0.0
589950.SH,20260824,,0,0.0,,,0.0
589960.SH,20260824,,0,0.0,,,0.0
589980.SH,20260824,,0,0.0,,,0.0
589990.SH,20260824,,0,0.0,,,0.0
000001.SZ,20260824,11.38,361200,4110456.0,-0.262927256792278,2.9713137081635947,43.422436459246335
000002.SZ,20260824,3.08,640300,1972124.0,0.0,8.911311841381643,45.0
000006.SZ,20260824,7.06,80400,567624.0,0.0,5.168540653844192,45.0
000007.SZ,20260824,12.42,222800,2767176.0,-0.48076923076924016,14.2094969096618,42.115384615384556
000008.SZ,20260824,2.43,3014500,7325235.0,-1.2195121951219412,60.3932072691203,37.682926829268354
000009.SZ,20260824,7.36,66700,490912.0,0.4092769440654953,3.7999717280654384,47.45566166439297
000010.SZ,20260824,1.51,296500,447715.0,0.6666666666666599,15.835275922118377,48.99999999999996
000011.SZ,20260824,8.09,14400,116496.0,0.0,3.0238735093900724,45.0
000012.SZ,20260824,3.72,46900,174468.0,0.0,3.7814512622791026,45.0
000014.SZ,20260824,10.14,17500,177450.0,0.49554013875123815,4.339268877767888,47.97324083250743
000016.SZ,20260824,,0,0.0,,,0.0
000017.SZ,20260824,7.82,1959402,15322523.64,9.985935302391002,221.67683636682062,100.0
000019.SZ,20260824,6.55,879400,5760070.0,2.9874213836477814,36.68068171676808,62.92452830188669
000020.SZ,20260824,11.44,441200,5047328.0,-2.555366269165249,17.04658370096578,29.667802385008507
000021.SZ,20260824,37.93,442034,16766349.62,0.07915567282321678,6.568792647307315,45.4749340369393
000025.SZ,20260824,15.82,231200,3657584.0,3.1290743155149903,14.821796429691709,63.77444589308994
000026.SZ,20260824,21.42,91400,1957788.0,1.2287334593572785,6.6348753307630925,52.37240075614367
000027.SZ,20260824,6.14,37200,228408.0,-0.1626016260162677,2.351275110673793,44.024390243902396
000028.SZ,20260824,19.4,5710,110774.0,-0.35952747817155073,2.427739330745208,42.8428351309707
000029.SZ,20260824,22.76,17500,398300.0,0.0,4.669765986795749,45.0
000030.SZ,20260824,4.26,42800,182328.0,0.0,6.121205992196963,45.0
000031.SZ,20260824,2.15,127600,274340.0,0.0,4.407140642235574,45.0
000032.SZ,20260824,14.72,70600,1039232.0,-0.5405405405405461,2.030163294854429,41.75675675675672
000034.SZ,20260824,23.63,81500,1925845.0,-0.3374103753690516,3.8545079279078216,42.975537747785694
000035.SZ,20260824,4.6,64000,294400.0,0.6564551422319376,3.0569922415322925,48.938730853391625
000036.SZ,20260824,4.05,141000,571050.0,0.24752475247524774,8.255897766359624,46.48514851485149
000037.SZ,20260824,9.37,21000,196770.0,-0.21299254526092604,2.1978882352283544,43.72204472843444
000039.SZ,20260824,9.39,213000,2000070.0,0.5353319057815886,7.051185951772202,48.21199143468953
000042.SZ,20260824,8.76,84800,742848.0,0.0,5.93874481924804,45.0
000045.SZ,20260824,10.38,114200,1185396.0,0.0964320154291265,10.969981855334293,45.57859209257476
000048.SZ,20260824,21.71,112000,2431520.0,-2.776533811016557,9.378489222135734,28.340797133900658
000049.SZ,20260824,23.64,37300,881772.0,-0.37926675094817064,4.825299184216545,42.72439949431097
000050.SZ,20260824,6.53,18600,121458.0,-0.1529051987767538,1.1242616520732753,44.08256880733948
000055.SZ,20260824,3.53,5100,18003.0,-0.5633802816901401,0.7238880399365208,41.61971830985916
000056.SZ,20260824,2.03,270300,548709.0,0.995024875621886,12.852041675065523,50.970149253731314
000058.SZ,20260824,6.7,7000,46900.0,0.0,1.751849783415711,45.0
000059.SZ,20260824,4.71,684399,3223519.29,0.0,14.327204996405836,45.0
000060.SZ,20260824,6.76,887600,6000176.0,1.1976047904191711,8.075137676869105,52.18562874251503
000061.SZ,20260824,5.7,194900,1110930.0,0.17574692442881013,8.635596699322726,46.05448154657286
000062.SZ,20260824,22.4,19900,445760.0,0.04466279589101507,1.5913269483240393,45.26797677534609
000063.SZ,20260824,33.3,1581600,52667280.0,-1.4209591474245276,20.767553704375324,36.47424511545283
000065.SZ,20260824,9.98,4054590,40464808.2,10.033076074972435,49.00091257368363,100.0
000066.SZ,20260824,14.27,233900,3337753.0,0.0,3.859455530950639,45.0
000068.SZ,20260824,3.05,13600,41480.0,-0.6514657980456029,1.173492623546452,41.09120521172638
000069.SZ,20260824,1.77,83500,147795.0,0.0,3.1874576415573994,45.0
000070.SZ,20260824,14.96,194600,2911216.0,-0.6640106241699861,5.442278321267131,41.01593625498008
000078.SZ,20260824,1.62,558600,904932.0,0.0,11.938906728231197,45.0
000088.SZ,20260824,4.44,32800,145632.0,0.0,1.624055711612841,45.0
000089.SZ,20260824,6.41,88300,566003.0,0.3129890453834161,4.107011945612962,46.87793427230049
000090.SZ,20260824,3.45,309300,1067085.0,0.29069767441860517,19.54489214622768,46.74418604651163
000096.SZ,20260824,7.89,30700,242223.0,-0.8793969849246297,7.279320932094953,39.72361809045222
000099.SZ,20260824,13.72,12300,168756.0,-0.0728332119446451,2.504555822452346,44.56300072833213
000100.SZ,20260824,5.05,2539400,12823970.0,0.397614314115291,6.02449243747837,47.385685884691746
000151.SZ,20260824,10.07,27400,275918.0,-0.09920634920634885,5.821946451484993,44.404761904761905
000153.SZ,20260824,6.04,227600,1374704.0,-0.49423393739703725,8.947859450235994,42.034596375617774
000155.SZ,20260824,12.25,185500,2272375.0,0.5747126436781658,5.111818681817624,48.448275862068996
000156.SZ,20260824,6.65,9500,63175.0,0.0,1.567837685018276,45.0
000157.SZ,20260824,6.95,103000,715850.0,-0.1436781609195359,1.4654853741149547,44.13793103448278
000158.SZ,20260824,12.6,57200,720720.0,-0.5524861878453025,3.25234312344176,41.685082872928184
000159.SZ,20260824,5.82,9800,57036.0,0.34482758620690834,0.8548431399932872,47.06896551724145
000166.SZ,20260824,4.4,272500,1199000.0,-0.22675736961450532,4.973148208165312,43.639455782312965
000301.SZ,20260824,13.67,129900,1775733.0,0.07320644216690653,5.152470872507492,45.43923865300144
000333.SZ,20260824,84.11,77100,6484881.0,-0.22538552787663146,2.7377301041641675,43.64768683274021
000338.SZ,20260824,29.0,193200,5602800.0,-0.5486968449931462,1.8537479552586011,41.70781893004112
000400.SZ,20260824,21.65,31000,671150.0,-0.09229349330873715,2.189090151445137,44.446239040147574
000401.SZ,20260824,3.52,13100,46112.0,0.0,2.4944906929130597,45.0
000402.SZ,20260824,2.46,102300,251658.0,0.0,3.589575263404972,45.0
000403.SZ,20260824,10.6,51600,546960.0,-0.2822201317027373,5.303208288393076,43.306679209783574
000404.SZ,20260824,7.01,115000,806150.0,-0.2844950213371278,20.625497487146504,43.29302987197723
000407.SZ,20260824,4.08,332700,1357416.0,-0.7299270072992803,21.512122738991753,40.62043795620432
000408.SZ,20260824,79.75,145500,11603625.0,1.995140043483823,10.04500781535075,56.97084026090294
000409.SZ,20260824,8.48,5800,49184.0,0.23640661938533203,1.654759177662501,46.418439716311994
000410.SZ,20260824,5.11,96100,491071.0,0.5905511811023612,6.244600186527012,48.54330708661416
000411.SZ,20260824,9.65,4500,43425.0,-0.20682523267838704,1.5138299488160447,43.75904860392968
000415.SZ,20260824,4.63,1850300,8566889.0,0.6521739130434856,21.207062570720463,48.91304347826092
000417.SZ,20260824,5.55,26700,148185.0,-0.5376344086021501,1.572281441592954,41.7741935483871
000419.SZ,20260824,4.9,69300,339570.0,0.0,10.32077559580933,45.0
000420.SZ,20260824,3.67,58600,215062.0,0.0,1.7731489037468111,45.0
000421.SZ,20260824,5.6,638200,3573920.0,-0.7092198581560294,31.69726353278841,40.744680851063826
000422.SZ,20260824,12.24,76200,932688.0,-0.08163265306122547,4.739104545784503,44.51020408163265
000423.SZ,20260824,47.61,198900,9469629.0,-1.5305067218200685,21.547310861890107,35.81695966907959
000425.SZ,20260824,8.0,309500,2476000.0,-0.12484394506866447,3.4631179191120385,44.250936329588015
000426.SZ,20260824,40.89,2028906,82961966.34,0.024461839530331986,12.76312998280424,45.14677103718199
000428.SZ,20260824,3.99,164700,657153.0,0.2512562814070307,7.498766582623003,46.507537688442184
000429.SZ,20260824,13.0,4800,62400.0,-0.30674846625766694,0.41937294713771034,43.159509202454
000430.SZ,20260824,6.62,8300,54946.0,0.1512859304084735,0.7401371673126841,45.90771558245084
000488.SZ,20260824,1.88,39100,73508.0,0.0,6.448144357380041,45.0
000498.SZ,20260824,4.92,25300,124476.0,0.0,2.922786369008753,45.0
000501.SZ,20260824,7.02,2100,14742.0,0.0,0.4392965268479063,45.0
000503.SZ,20260824,6.84,102300,699732.0,-0.4366812227074246,7.53498836102998,42.379912663755455
000504.SZ,20260824,8.43,5600,47208.0,0.0,1.3355833722246642,45.0
000505.SZ,20260824,6.61,1754700,11598567.0,-1.928783382789312,20.785485003088322,33.427299703264126
000506.SZ,20260824,21.03,2086900,43887507.0,1.25180548868562,15.742395990212696,52.51083293211372
000507.SZ,20260824,4.99,163200,814368.0,0.8080808080808133,33.171864864533426,49.84848484848488
000509.SZ,20260824,3.36,76100,255696.0,0.5988023952095745,1.7348651561578454,48.59281437125745
000510.SZ,20260824,16.86,234700,3957042.0,1.200480192076836,4.948022136046113,52.20288115246102
000513.SZ,20260824,27.45,626000,17183700.0,-6.185919343814083,30.215274231372394,15.0
000514.SZ,20260824,4.0,14600,58400.0,0.25062656641603454,1.9759632916799956,46.50375939849621
000516.SZ,20260824,4.17,143500,598395.0,-0.4773269689737569,6.612139194872539,42.13603818615746
000517.SZ,20260824,2.36,148000,349280.0,-0.42194092827004814,5.290248019460558,42.46835443037971
000518.SZ,20260824,3.84,753200,2892288.0,1.0526315789473717,12.904562766341757,51.315789473684234
000519.SZ,20260824,14.13,32700,462051.0,-0.42283298097250954,1.2245838805065334,42.463002114164944
000520.SZ,20260824,4.3,836900,3598670.0,0.7025761124121788,19.587439056899242,49.215456674473074
000521.SZ,20260824,4.79,63300,303207.0,-0.4158004158004047,17.297738087713025,42.50519750519757
000523.SZ,20260824,3.16,2509100,7928756.0,-0.6289308176100628,24.239577626882628,41.22641509433962
000524.SZ,20260824,9.76,62900,613904.0,0.10256410256410664,3.0979071079647413,45.61538461538464
000525.SZ,20260824,4.31,511900,2206289.0,1.1737089201877993,14.31993757353606,52.042253521126796
000526.SZ,20260824,35.33,81900,2893527.0,-0.7584269662921472,12.388121062704297,40.449438202247116
000528.SZ,20260824,8.05,85900,691495.0,0.0,3.972893886249186,45.0
000529.SZ,20260824,4.88,7100,34648.0,-0.40816326530612734,1.7141660726519865,42.55102040816324
000530.SZ,20260824,4.91,50400,247464.0,0.20408163265306367,3.8214520429255248,46.22448979591838
000531.SZ,20260824,5.6,9400,52640.0,0.0,1.923757635208677,45.0
000532.SZ,20260824,10.95,78100,855195.0,-0.2732240437158584,11.422258475935823,43.360655737704846
000533.SZ,20260824,10.71,157000,1681470.0,-0.0932835820895539,4.8412916096128695,44.44029850746268
000534.SZ,20260824,26.89,25900,696451.0,-0.5179430262671092,1.6939014228846134,41.89234184239734
000536.SZ,20260824,3.2,80900,258880.0,-0.6211180124223614,2.813156944864853,41.273291925465834
000537.SZ,20260824,7.61,113000,859930.0,0.13157894736843812,7.539574436514066,45.78947368421063
000538.SZ,20260824,49.29,48100,2370849.0,-0.08108655990269886,5.811181319966977,44.51348064058381
000539.SZ,20260824,5.38,235400,1266452.0,0.5607476635514086,6.420375708713064,48.36448598130845
000541.SZ,20260824,4.91,22900,112439.0,-0.6072874493927127,4.781370459041668,41.35627530364373
000543.SZ,20260824,7.36,434300,3196448.0,-0.4059539918809141,24.84783650215123,42.56427604871452
000544.SZ,20260824,7.07,191500,1353905.0,-2.2130013831258677,35.56084816083986,31.721991701244793
000545.SZ,20260824,2.59,645500,1671845.0,2.371541501976293,20.70916463140828,59.22924901185776
000546.SZ,20260824,4.77,219500,1047015.0,0.0,15.038845773201194,45.0
000547.SZ,20260824,13.8,161600,2230080.0,-0.5763688760806907,3.443940584312747,41.54178674351586
000548.SZ,20260824,4.48,7300,32704.0,0.0,1.4399582243039621,45.0
000550.SZ,20260824,16.08,23600,379488.0,-0.309981401115933,4.379821904176102,43.140111593304404
000551.SZ,20260824,12.5,68800,860000.0,-0.15974440894568342,4.827959097821323,44.0415335463259
000552.SZ,20260824,2.6,452400,1176240.0,0.38610038610038533,5.283523589967525,47.316602316602314
000553.SZ,20260824,5.5,60800,334400.0,-0.9009009009009028,6.916812956260952,39.59459459459458
000554.SZ,20260824,6.42,207100,1329582.0,-0.92592592592593,15.053016132918687,39.44444444444442
000555.SZ,20260824,10.29,83700,861273.0,-0.4835589941972973,5.389413440978974,42.09864603481621
000557.SZ,20260824,3.62,24150,87423.0,0.0,4.446023254619418,45.0
000558.SZ,20260824,3.4,63300,215220.0,-0.2932551319648202,4.56579563539468,43.24046920821108
000559.SZ,20260824,10.96,71000,778160.0,0.0,3.5618951901303446,45.0
000560.SZ,20260824,2.22,2331900,5176818.0,-0.4484304932735328,16.109580498723354,42.3094170403588
000561.SZ,20260824,7.42,32000,237440.0,0.0,5.535739400591378,45.0
000563.SZ,20260824,2.95,72500,213875.0,0.3401360544217802,2.174857618633143,47.04081632653068
000564.SZ,20260824,1.43,3077219,4400423.17,0.0,14.813256346038022,45.0
000565.SZ,20260824,6.0,41600,249600.0,-0.16638935108153063,4.633248882657969,44.001663893510816
000566.SZ,20260824,4.84,757700,3667268.0,0.0,8.883938850422537,45.0
000567.SZ,20260824,5.93,9000,53370.0,0.0,0.6306605724311536,45.0
000568.SZ,20260824,85.2,58400,4975680.0,0.0,6.030495690580549,45.0
000570.SZ,20260824,5.01,11900,59619.0,-0.19920318725099584,0.9891275422090294,43.80478087649402
000571.SZ,20260824,6.0,37622,225732.0,0.16694490818029983,2.223479894057371,46.0016694490818
000572.SZ,20260824,3.85,40500,155925.0,0.7853403141361293,1.1284189178317594,49.71204188481678
000573.SZ,20260824,3.68,244500,899760.0,0.2724795640327127,18.806985316003505,46.63487738419627
000576.SZ,20260824,7.14,58300,416262.0,0.14025245441795509,11.21548780671151,45.84151472650773
000581.SZ,20260824,17.29,35100,606879.0,0.0,8.431720002857631,45.0
000582.SZ,20260824,10.89,199500,2172555.0,-0.18331805682859637,4.489292195563475,43.90009165902842
000586.SZ,20260824,12.7,14900,189230.0,0.9538950715421324,2.444777561339305,50.723370429252796
000589.SZ,20260824,4.23,38800,164124.0,0.0,2.9899731097641733,45.0
000590.SZ,20260824,9.2,128600,1183120.0,1.6574585635358963,15.709886495930643,54.944751381215376
000591.SZ,20260824,4.22,50800,214376.0,0.23752969121140222,1.599299135637052,46.42517814726841
000592.SZ,20260824,6.07,376700,2286569.0,-0.1644736842105199,4.278588338773673,44.01315789473688
000593.SZ,20260824,23.85,282300,6732855.0,-1.2422360248447117,13.615272029199712,37.54658385093173
000595.SZ,20260824,5.57,191900,1068883.0,0.17985611510793476,8.619183489512347,46.07913669064761
000596.SZ,20260824,90.2,12200,1100440.0,-0.4964147821290732,2.9097887155418194,42.02151130722556
000597.SZ,20260824,5.0,177200,886000.0,-0.19960079840318778,6.726267628637491,43.80239520958087
000598.SZ,20260824,7.15,39300,280995.0,0.28050490883591017,2.446909692256358,46.683029453015465
000599.SZ,20260824,4.69,18900,88641.0,0.6437768240343367,2.355111515530587,48.86266094420602
000600.SZ,20260824,7.97,115400,919738.0,0.2515723270440251,8.61686161668923,46.509433962264154
000601.SZ,20260824,6.43,1684700,10832621.0,3.70967741935484,32.49820340373148,67.25806451612904
000603.SZ,20260824,37.0,1977847,73180339.0,1.065282709642168,15.165955209294872,51.391696257853006
000605.SZ,20260824,5.89,15100,88939.0,0.0,3.2484180822292776,45.0
000607.SZ,20260824,3.63,21800,79134.0,0.0,1.621000820888999,45.0
000608.SZ,20260824,7.51,6100,45811.0,-0.26560424966800555,0.27335396395745176,43.40637450199197
000609.SZ,20260824,10.5,31000,325500.0,-1.2229539040451654,5.396380648692591,37.66227657572901
000610.SZ,20260824,6.03,25700,154971.0,-0.4950495049504844,10.476269344586726,42.029702970297095
000612.SZ,20260824,11.17,191900,2143523.0,0.3593890386343057,6.940939772496855,47.156334231805836
000615.SZ,20260824,3.33,117930,392706.9,-1.1869436201780381,23.03725264206599,37.87833827893177
000617.SZ,20260824,6.91,1922600,13285166.0,-1.002865329512903,11.951427574388209,38.98280802292258
000619.SZ,20260824,4.85,23600,114460.0,0.0,5.519373744446148,45.0
000620.SZ,20260824,3.23,6242600,20163598.0,2.539682539682553,13.846432529530816,60.23809523809532
000623.SZ,20260824,17.99,63800,1147762.0,0.11129660545352582,6.490209958024677,45.66777963272116
000625.SZ,20260824,7.07,125300,885871.0,0.0,4.760902982549997,45.0
000626.SZ,20260824,8.06,29400,236964.0,-0.6165228113440113,2.3072894027483586,41.300863131935934
000628.SZ,20260824,46.84,467700,21907068.0,3.2855567805953667,16.465498999680047,64.7133406835722
000629.SZ,20260824,3.07,1067100,3275997.0,0.6557377049180246,11.393718130150484,48.93442622950815
000630.SZ,20260824,6.69,2443000,16343670.0,1.5174506828528056,9.11212588349419,54.10470409711684
000631.SZ,20260824,2.96,90900,269064.0,1.0238907849829282,14.991294191344862,51.14334470989757
000632.SZ,20260824,3.95,124400,491380.0,1.2820512820512997,8.421566140169391,52.6923076923078
000633.SZ,20260824,5.36,41100,220296.0,0.9416195856873921,9.281418519736432,50.649717514124355
000635.SZ,20260824,6.39,21300,136107.0,1.1075949367088445,5.001819819094107,51.64556962025307
000636.SZ,20260824,54.71,951454,52054048.34,0.0731662703493674,9.348153602833126,45.4389976220962
000637.SZ,20260824,4.04,36200,146248.0,0.0,4.4772649032583764,45.0
000639.SZ,20260824,1.89,3626500,6854085.0,-4.545454545454552,37.85627837207372,17.727272727272688
000650.SZ,20260824,5.37,111300,597681.0,0.0,6.3597943764614255,45.0
000651.SZ,20260824,41.26,195100,8049826.0,0.04849660523762456,3.4931449357273046,45.29097963142575
000652.SZ,20260824,3.42,47300,161766.0,-0.291545189504383,6.327663925321383,43.2507288629737
000655.SZ,20260824,6.94,16000,111040.0,-0.14388489208633226,1.5977770408907321,44.136690647482006
000656.SZ,20260824,1.24,954500,1183580.0,0.0,10.347091270882485,45.0
000657.SZ,20260824,69.0,1090400,75237600.0,1.2621074258878817,12.554848274463392,52.57264455532729
000659.SZ,20260824,2.71,76400,207044.0,0.0,2.7911471842970994,45.0
000661.SZ,20260824,79.0,38900,3073100.0,-0.6289308176100628,4.973217360065259,41.22641509433962
000663.SZ,20260824,5.65,26500,149725.0,0.17730496453902678,6.502731386053558,46.06382978723416
000665.SZ,20260824,3.85,71600,275660.0,0.26041666666667407,6.323332216585976,46.56250000000004
000668.SZ,20260824,22.22,1000,22220.0,0.0,0.24217196823283593,43.59095428191047
000669.SZ,20260824,4.41,119000,524790.0,-0.8988764044943864,9.750039939603669,39.60674157303368
000670.SZ,20260824,7.17,172900,1239693.0,0.8438818565400741,2.90586924906236,50.06329113924045
000672.SZ,20260824,14.08,201400,2835712.0,0.6433166547533897,8.92367883704021,48.859899928520335
000676.SZ,20260824,6.46,223600,1444456.0,-0.1545595054095794,5.678915812532012,44.07264296754252
000677.SZ,20260824,1.69,403900,682591.0,0.0,15.353170704754952,45.0
000678.SZ,20260824,8.67,261500,2267205.0,0.6968641114982743,16.41499594940994,49.181184668989644
000679.SZ,20260824,6.05,12900,78045.0,0.3316749585406287,3.0797528658715367,46.990049751243774
000680.SZ,20260824,10.23,42200,431706.0,0.39254170755642637,3.3523069025366428,47.35525024533856
000681.SZ,20260824,17.06,51200,873472.0,0.29394473838917357,3.13024835817692,46.763668430335045
000682.SZ,20260824,11.58,57500,665850.0,0.5208333333333481,6.647417795312825,48.125000000000085
000683.SZ,20260824,6.08,115300,701024.0,0.49586776859504855,1.876762615499566,47.97520661157029
000685.SZ,20260824,10.98,63082,692640.36,0.0,4.405574915684867,45.0
000686.SZ,20260824,7.76,285100,2212376.0,-0.6402048655569814,11.776256457238803,41.15877080665811
000688.SZ,20260824,35.35,553200,19555620.0,6.219951923076916,15.52045666750449,82.31971153846149
000690.SZ,20260824,4.84,792700,3836668.0,1.4675052410901612,5.560483646486278,53.805031446540966
000691.SZ,20260824,10.61,22700,240847.0,0.9514747859181716,2.884192469847883,50.70884871550903
000692.SZ,20260824,4.19,243400,1019846.0,0.0,13.687022355638053,45.0
000695.SZ,20260824,13.86,26100,361746.0,1.0204081632652962,2.2790160336499934,51.12244897959178
000697.SZ,20260824,8.15,4000,32600.0,-0.3667481662591565,0.5694140661069805,42.79951100244506
000698.SZ,20260824,3.55,3600,12780.0,0.28248587570620654,0.8916867790410627,46.69491525423724
000700.SZ,20260824,10.9,47100,513390.0,-0.1831501831501825,2.1416161190354956,43.901098901098905
000701.SZ,20260824,5.11,74900,382739.0,0.39292730844795454,6.625187622721659,47.357563850687725
000702.SZ,20260824,5.51,22400,123424.0,0.5474452554744325,3.5800326335649375,48.284671532846595
000703.SZ,20260824,20.59,643466,13248964.94,-1.0096153846153921,4.406894499906016,38.94230769230765
000705.SZ,20260824,7.01,13700,96037.0,-0.42613636363636465,2.131351432150273,42.44318181818181
000707.SZ,20260824,4.65,46500,216225.0,0.4319654427645814,6.650703542778795,47.59179265658749
000708.SZ,20260824,13.7,30000,411000.0,0.4398826979472137,1.619957193168003,47.639296187683286
000709.SZ,20260824,2.08,511700,1064336.0,0.48309178743961567,8.240981393233707,47.898550724637694
000710.SZ,20260824,9.56,2429200,23223152.0,-7.274490785645005,39.44812116619893,15.0
000711.SZ,20260824,6.38,1753400,11186692.0,-0.9316770186335477,13.08588871755636,39.40993788819871
000712.SZ,20260824,8.9,966400,8600960.0,3.7296037296037365,14.6571519358338,67.37762237762242
000713.SZ,20260824,5.88,72500,426300.0,0.0,3.1686533721188934,45.0
000715.SZ,20260824,5.12,91300,467456.0,-0.5825242718446644,14.234645878834689,41.504854368932016
000716.SZ,20260824,4.77,657800,3137706.0,-0.6250000000000089,19.438085643095473,41.24999999999994
000717.SZ,20260824,2.21,57000,125970.0,0.0,3.5747463368853207,45.0
000718.SZ,20260824,1.87,25300,47311.0,0.0,1.8579197762406576,45.0
000719.SZ,20260824,11.99,107200,1285328.0,-0.49792531120332884,10.67134877535046,42.01244813278003
000720.SZ,20260824,3.7,349200,1292040.0,0.0,10.945319318110775,45.0
000721.SZ,20260824,6.42,26400,169488.0,0.0,3.125447297926817,45.0
000722.SZ,20260824,12.78,9300,118854.0,-0.15625000000001332,1.3068742202489096,44.06249999999992
000723.SZ,20260824,3.56,974400,3468864.0,0.5649717514124353,4.96992768973444,48.38983050847461
000725.SZ,20260824,5.99,11009900,65949301.0,-0.1666666666666594,7.877582724690429,44.00000000000004
000726.SZ,20260824,5.85,24700,144495.0,-0.17064846416383617,7.229421391844239,43.97610921501698
000727.SZ,20260824,2.2,210100,462220.0,-0.4524886877827927,4.134988106084499,42.28506787330324
000728.SZ,20260824,7.03,62900,442187.0,-0.14204545454544748,3.3784308988256666,44.147727272727316
000729.SZ,20260824,11.4,196600,2241240.0,-0.08764241893075564,5.051465155595692,44.474145486415466
000731.SZ,20260824,6.14,17100,104994.0,0.32679738562091387,2.085319092610321,46.96078431372548
000733.SZ,20260824,39.84,36900,1470096.0,-0.025094102885814262,4.073142267871802,44.849435382685115
000735.SZ,20260824,5.4,1722700,9302580.0,-0.5524861878452914,24.078746448552238,41.68508287292825
000736.SZ,20260824,4.33,83300,360689.0,-0.45977011494251485,5.285165465697072,42.24137931034491
000737.SZ,20260824,15.0,1867109,28006635.0,2.0408163265306145,17.201707681962976,57.24489795918369
000738.SZ,20260824,17.8,72300,1286940.0,-0.33594624860021627,6.227574966803591,42.984322508398705
000739.SZ,20260824,20.81,281800,5864258.0,0.4343629343629418,10.251399895818544,47.60617760617765
000750.SZ,20260824,3.67,52100,191207.0,-0.27173913043478937,1.7322511157776082,43.36956521739126
000751.SZ,20260824,5.24,823602,4315674.48,1.945525291828809,6.529408528295876,56.673151750972856
000752.SZ,20260824,8.97,11800,105846.0,-0.11135857461024301,8.042621654853406,44.33184855233854
000753.SZ,20260824,4.68,61800,289224.0,0.42918454935620964,5.58114073681617,47.57510729613726
000755.SZ,20260824,4.79,100,479.0,0.20920502092049986,0.025723954459591317,5.885541928249436
000756.SZ,20260824,13.65,206700,2821455.0,0.5895357406042745,17.73430914499645,48.53721444362564
000757.SZ,20260824,4.32,24400,105408.0,0.23201856148493682,2.6405070230402576,46.392111368909625
000758.SZ,20260824,6.14,463200,2844048.0,1.153212520593061,14.71779693571513,51.919275123558364
000759.SZ,20260824,5.82,495100,2881482.0,-0.5128205128204999,9.424569336478081,41.923076923077
000761.SZ,20260824,2.34,42900,100386.0,0.42918454935620964,2.7753606286780537,47.57510729613726
000762.SZ,20260824,23.6,126400,2983040.0,1.7241379310344973,6.388029347635661,55.34482758620698
000766.SZ,20260824,15.84,45800,725472.0,-0.06309148264984632,3.230024986555711,44.62145110410092
000767.SZ,20260824,3.45,230200,794190.0,0.29069767441860517,4.158255997592386,46.74418604651163
000768.SZ,20260824,20.93,56700,1186731.0,-0.14312977099236734,2.2571228146831985,44.1412213740458
000776.SZ,20260824,20.47,200800,4110376.0,-0.43774319066147704,3.9682452849390244,42.37354085603114
000777.SZ,20260824,16.85,11200,188720.0,0.0,3.207272497866657,45.0
000778.SZ,20260824,3.69,83000,306270.0,0.0,2.492463831906937,45.0
000779.SZ,20260824,9.49,1436700,13634283.0,-2.466598150051391,20.411658231162257,30.200411099691653
000782.SZ,20260824,7.72,11800,91096.0,0.12970168612191912,0.5341244737945038,45.778210116731515
000783.SZ,20260824,8.6,401800,3455480.0,0.0,5.130988454597756,45.0
000785.SZ,20260824,2.22,27000,59940.0,0.0,0.6451945212397671,45.0
000786.SZ,20260824,16.82,272500,4583450.0,-0.9422850412249661,8.35510959820917,39.3462897526502
000788.SZ,20260824,5.63,171500,965545.0,0.0,6.93768126094765,45.0
000789.SZ,20260824,4.08,27700,113016.0,-0.24449877750610804,11.982041593918229,43.53300733496335
000790.SZ,20260824,4.1,129900,532590.0,0.4901960784313708,8.144750536801745,47.941176470588225
000791.SZ,20260824,7.22,26400,190608.0,0.2777777777777768,1.9091782901326877,46.66666666666666
000792.SZ,20260824,29.2,531500,15519800.0,1.3536966331135103,7.860012520687061,53.12217979868106
000793.SZ,20260824,2.17,61000,132370.0,-0.4587155963302836,6.671808416428102,42.2477064220183
000795.SZ,20260824,8.43,6600,55638.0,0.23781212841853527,0.5028291454848379,46.42687277051121
000796.SZ,20260824,3.86,95300,367858.0,0.2597402597402487,3.42960529965936,46.558441558441494
000797.SZ,20260824,2.4,97200,233280.0,0.0,5.16539733802683,45.0
000798.SZ,20260824,8.67,336900,2920923.0,-0.5733944954128489,21.204084119375214,41.559633027522906
000799.SZ,20260824,38.55,21300,821115.0,0.07788161993766973,3.1872928341099995,45.46728971962602
000800.SZ,20260824,6.14,24200,148588.0,0.16313213703098572,1.585816848564876,45.978792822185916
000801.SZ,20260824,11.07,16200,179334.0,-0.2702702702702675,2.147080374105367,43.37837837837839
000802.SZ,20260824,3.98,1366200,5437476.0,-0.25062656641604564,13.048108592200311,43.49624060150373
000803.SZ,20260824,7.39,48900,361371.0,-0.40431266846361336,5.582822431643992,42.57412398921832
000807.SZ,20260824,26.28,614700,16154316.0,1.5455950540958385,10.486784022602714,54.27357032457503
000809.SZ,20260824,3.46,50100,173346.0,0.5813953488372103,5.225382212860261,48.48837209302326
000810.SZ,20260824,9.42,30200,284484.0,0.0,2.5027963464411123,45.0
000811.SZ,20260824,43.1,415800,17920980.0,5.096317971226538,8.325849348536115,75.57790782735923
000812.SZ,20260824,3.57,49200,175644.0,0.0,4.683777367280038,45.0
000813.SZ,20260824,3.25,142100,461825.0,-0.6116207951070374,3.359797342524232,41.330275229357774
000815.SZ,20260824,16.48,350800,5781184.0,0.0,6.642749149520435,45.0
000816.SZ,20260824,2.81,91600,257396.0,1.0791366906474975,3.8026272080080474,51.47482014388498
000818.SZ,20260824,12.0,49100,589200.0,-0.16638935108153063,3.3373251125072563,44.001663893510816
000819.SZ,20260824,11.82,16800,198576.0,-0.7556675062972307,3.38134219604619,40.46599496221661
000820.SZ,20260824,3.5,125600,439600.0,-0.2849002849002802,6.533011690004077,43.29059829059832
000821.SZ,20260824,6.94,83900,582266.0,-0.2873563218390718,10.272991173762628,43.275862068965566
000822.SZ,20260824,4.31,10800,46548.0,-0.46189376443419583,1.0565378248735215,42.22863741339482
000823.SZ,20260824,15.05,295700,4450285.0,-0.3311258278145601,8.275543424378728,43.01324503311264
000825.SZ,20260824,3.41,155500,530255.0,0.0,5.165069234506748,45.0
000826.SZ,20260824,1.97,123400,243098.0,0.5102040816326481,6.150882028305231,48.06122448979589
000828.SZ,20260824,9.77,363900,3555303.0,2.950474183350882,17.51641606836008,62.70284510010529
000829.SZ,20260824,8.31,16900,140439.0,0.0,1.268315025073024,45.0
000830.SZ,20260824,11.9,59300,705670.0,-0.08396305625524292,2.5516169012646306,44.49622166246854
000831.SZ,20260824,57.2,240800,13773760.0,1.5444700869873929,5.3145716282183,54.26682052192436
000833.SZ,20260824,21.91,432600,9478266.0,1.2009237875288736,17.10440607218404,52.205542725173245
000837.SZ,20260824,10.09,88500,892965.0,0.3980099502487455,4.5892960511065155,47.38805970149247
000838.SZ,20260824,2.79,3080800,8595432.0,-0.7117437722419906,44.05334714705797,40.72953736654806
000839.SZ,20260824,2.69,143100,384939.0,0.3731343283581934,3.939820261072161,47.23880597014916
000848.SZ,20260824,8.25,67200,554400.0,-0.36231884057970065,4.758654529822778,42.8260869565218
000850.SZ,20260824,4.21,45600,191976.0,0.7177033492822948,6.482735840386485,49.30622009569377
000852.SZ,20260824,5.23,145300,759919.0,-0.5703422053231821,9.837346318444926,41.577946768060905
000856.SZ,20260824,8.46,292500,2474550.0,-0.8206330597889666,18.506408362262583,40.0762016412662
000858.SZ,20260824,71.2,126800,9028160.0,0.014046916701793144,5.945358415655569,45.08428150021076
000859.SZ,20260824,8.9,84200,749380.0,0.33821871476888976,3.399437515191185,47.02931228861334
000860.SZ,20260824,10.22,41100,420042.0,-0.29268292682925745,6.154790823828717,43.24390243902445
000862.SZ,20260824,5.14,134700,692358.0,-0.1941747572815622,13.7233617186167,43.83495145631063
000863.SZ,20260824,4.21,93100,391951.0,0.0,4.974496792826547,45.0
000868.SZ,20260824,3.49,52500,183225.0,0.0,6.61049280042435,45.0
000869.SZ,20260824,15.92,25800,410736.0,-0.5000000000000004,10.832061198550736,42.0
000875.SZ,20260824,4.95,31300,154935.0,0.2024291497975561,0.8257494472963713,46.21457489878534
000876.SZ,20260824,6.85,131800,902830.0,-0.7246376811594346,5.086877476515709,40.65217391304339
000877.SZ,20260824,3.64,16100,58604.0,-0.2739726027397249,1.83266221612405,43.35616438356165
000878.SZ,20260824,16.89,362100,6115869.0,1.8697225572979592,8.699817116821768,56.21833534378776
000880.SZ,20260824,23.78,27100,644438.0,0.5922165820642977,3.5122962554644026,48.55329949238579
000881.SZ,20260824,6.47,41900,271093.0,0.31007751937983663,7.864788004589001,46.860465116279016
000882.SZ,20260824,1.43,172100,246103.0,0.0,5.477538615119287,45.0
000883.SZ,20260824,4.43,32000,141760.0,0.0,1.2770843386190924,45.0
000885.SZ,20260824,12.24,46200,565488.0,-0.4878048780487809,5.905368497433715,42.073170731707314
000886.SZ,20260824,4.53,7800,35334.0,-0.22026431718060735,0.7301004544169692,43.678414096916356
000887.SZ,20260824,22.4,164600,3687040.0,-0.044622936189209206,2.856057892568504,44.73226238286475
000888.SZ,20260824,9.74,34500,336030.0,-0.3070624360286489,5.057546912162279,43.157625383828105
000889.SZ,20260824,3.88,143300,556004.0,0.5181347150259086,4.078118610657301,48.10880829015545
000890.SZ,20260824,7.26,214400,1556544.0,-0.5479452054794498,17.49785478879534,41.7123287671233
000892.SZ,20260824,3.77,82500,311025.0,0.8021390374331583,3.372832387901024,49.81283422459895
000893.SZ,20260824,47.6,34800,1656480.0,0.485539370909871,2.4604447147875272,47.91323622545923
000895.SZ,20260824,24.9,15900,395910.0,0.0,1.5689983074965468,45.0
000897.SZ,20260824,1.76,64800,114048.0,0.0,3.077944374899584,45.0
000898.SZ,20260824,1.99,67700,134723.0,-0.5000000000000004,2.629966250756969,42.0
000899.SZ,20260824,9.49,373600,3545464.0,-4.718875502008036,17.483773087368593,16.686746987951786
000900.SZ,20260824,3.62,16100,58282.0,0.27700831024930483,1.8376801995412073,46.66204986149583
000901.SZ,20260824,13.6,48000,652800.0,-0.43923865300147247,4.467690196678366,42.364568081991166
000902.SZ,20260824,13.63,27900,380277.0,0.07342143906021725,1.289849418855281,45.4405286343613
000903.SZ,20260824,1.92,287900,552768.0,1.0526315789473717,20.077506275855193,51.315789473684234
000905.SZ,20260824,8.59,15000,128850.0,0.2333722287047868,2.5149470908026985,46.40023337222872
000906.SZ,20260824,5.3,57000,302100.0,0.0,12.677135881337072,45.0
000908.SZ,20260824,6.72,45400,305088.0,0.4484304932735439,2.289735093887807,47.69058295964126
000909.SZ,20260824,4.26,11100,47286.0,-0.4672897196261738,3.3873805567966495,42.196261682242955
000910.SZ,20260824,5.31,14600,77526.0,-0.1879699248120481,3.491810307222646,43.87218045112771
000911.SZ,20260824,4.82,99000,477180.0,-1.8329938900203624,10.195940559277616,34.002036659877824
000912.SZ,20260824,3.73,102200,381206.0,-0.5333333333333301,3.2603652774681557,41.80000000000002
000913.SZ,20260824,11.24,8400,94416.0,0.0,2.2944007055976208,45.0
000915.SZ,20260824,23.53,52800,1242384.0,-0.7172995780590607,11.229785388067901,40.69620253164564
000917.SZ,20260824,6.96,429100,2986536.0,-1.4164305949008416,20.567054675901836,36.50141643059495
000919.SZ,20260824,6.6,163100,1076460.0,-0.6024096385542133,8.37635355978346,41.38554216867472
000920.SZ,20260824,11.42,54100,617822.0,-0.6956521739130417,7.409228730196251,40.82608695652175
000921.SZ,20260824,24.9,22600,562740.0,-0.40000000000000036,4.210012748461594,42.599999999999994
000922.SZ,20260824,12.05,25080,302214.0,0.0,3.4585500841608217,45.0
000923.SZ,20260824,15.49,60705,940320.45,1.974983541803832,2.490111052900953,56.849901250822995
000925.SZ,20260824,8.97,4091561,36701302.17,10.061349693251543,347.1626421063189,100.0
000926.SZ,20260824,2.26,386400,873264.0,0.0,9.117444194865996,45.0
000927.SZ,20260824,2.39,234900,561411.0,-0.4166666666666541,7.949495406886703,42.50000000000008
000928.SZ,20260824,4.97,87300,433881.0,0.6072874493926905,4.832228845359241,48.643724696356145
000929.SZ,20260824,9.11,26200,238682.0,1.4476614699331813,12.208302758976734,53.68596881959909
000930.SZ,20260824,4.71,102900,484659.0,-0.21186440677966045,4.57563804648873,43.728813559322035
000931.SZ,20260824,5.6,6314832,35363059.2,10.019646365422386,57.34664181591367,100.0
000932.SZ,20260824,3.59,480600,1725354.0,0.0,6.304994181135147,45.0
000933.SZ,20260824,25.94,214200,5556348.0,0.6206361520558534,4.99049580154425,48.723816912335124
000935.SZ,20260824,22.78,10400,236912.0,0.17590149516271136,3.1720448991954977,46.055408970976266
000936.SZ,20260824,5.5,577300,3175150.0,0.18214936247722413,21.20398060384882,46.09289617486334
000937.SZ,20260824,4.72,179800,848656.0,0.42553191489360653,5.11159365777434,47.55319148936164
000938.SZ,20260824,36.45,2077871,75738397.95,0.02744237102088043,14.137559881947585,45.16465422612528
000948.SZ,20260824,13.85,33100,458435.0,-0.5028735632183978,4.20866608012984,41.982758620689616
000949.SZ,20260824,6.92,253400,1753528.0,0.0,4.3945399605794835,45.0
000950.SZ,20260824,5.5,282600,1554300.0,0.36496350364962904,8.148274997339163,47.18978102189777
000951.SZ,20260824,21.17,40100,848917.0,0.0,2.580259814544415,45.0
000952.SZ,20260824,6.38,32800,209264.0,0.0,5.039384773670415,45.0
000953.SZ,20260824,6.25,22400,140000.0,0.0,3.2345305170214513,45.0
000955.SZ,20260824,4.19,26100,109359.0,0.4796163069544557,2.276010931362554,47.877697841726736
000957.SZ,20260824,10.25,4200,43050.0,-0.19474196689386325,0.6866576720094216,43.831548198636824
000958.SZ,20260824,5.25,43100,226275.0,0.0,4.582292103518428,45.0
000959.SZ,20260824,3.48,137100,477108.0,0.28818443804032867,5.896375088170833,46.72910662824197
000960.SZ,20260824,37.39,347500,12993025.0,0.781671159029651,6.41753374923142,49.69002695417791
000962.SZ,20260824,53.86,56900,3064634.0,1.6034710431994004,3.0126160921491114,54.620826259196406
000963.SZ,20260824,27.8,236100,6563580.0,-1.067615658362997,8.914081844761117,38.594306049822016
000965.SZ,20260824,3.15,49300,155295.0,0.0,4.4932634900113095,45.0
000966.SZ,20260824,3.97,45600,181032.0,0.0,1.6297304049860073,45.0
000967.SZ,20260824,8.38,308500,2585230.0,0.6002400960384291,6.27894735023731,48.60144057623057
000968.SZ,20260824,7.08,1071000,7582680.0,-1.2552301255230103,33.16797643164398,37.46861924686194
000969.SZ,20260824,16.7,68900,1150630.0,0.11990407673860837,4.407576741749639,45.719424460431654
000970.SZ,20260824,12.46,131800,1642228.0,0.4838709677419395,4.30486458761215,47.90322580645164
000972.SZ,20260824,3.67,156100,572887.0,0.8241758241758212,14.255030953204216,49.94505494505493
000973.SZ,20260824,14.48,172600,2499248.0,0.34650034650034467,2.729442290658967,47.079002079002066
000975.SZ,20260824,28.85,654300,18876555.0,0.9447165850245076,8.046100918198182,50.668299510147044
000977.SZ,20260824,76.74,410701,31517194.74,0.5108055009823254,7.116965707478371,48.06483300589395
000978.SZ,20260824,6.12,33000,201960.0,0.16366612111291534,5.155842460981945,45.981996726677494
000980.SZ,20260824,1.65,437000,721050.0,-0.6024096385542133,6.1346427354825,41.38554216867472
000981.SZ,20260824,2.66,1243700,3308242.0,0.37735849056603765,7.824988071496185,47.264150943396224
000983.SZ,20260824,7.48,1373500,10273780.0,2.1857923497267784,10.756536970972506,58.11475409836067
000985.SZ,20260824,16.38,14200,232596.0,-0.3043213633597164,5.592773896445101,43.1740718198417
000987.SZ,20260824,7.4,38600,285640.0,-0.40376850605652326,1.681815012868344,42.57738896366086
000988.SZ,20260824,106.31,133000,14139230.0,-0.44015733283386815,3.9898538335118965,42.359056002996795
000989.SZ,20260824,8.96,131600,1179136.0,-0.8849557522123686,3.97479765995222,39.69026548672579
000990.SZ,20260824,6.41,464700,2978727.0,0.3129890453834161,13.687871140913085,46.87793427230049
000993.SZ,20260824,9.83,14300,140569.0,1.2358393408856694,2.904033358546425,52.41503604531402
000995.SZ,20260824,10.65,29100,309915.0,0.0,1.8913237217919492,45.0
000997.SZ,20260824,18.3,148000,2708400.0,-0.6514657980456029,8.497086778817575,41.09120521172638
000998.SZ,20260824,8.32,414700,3450304.0,-0.3592814371257358,6.130776610360431,42.84431137724559
000999.SZ,20260824,23.78,171400,4075892.0,-1.4913007456503702,13.575481195133097,36.052195526097776
001201.SZ,20260824,11.86,14800,175528.0,0.0,6.789552205595383,45.0
001202.SZ,20260824,13.67,3700,50579.0,0.0,2.5681556803411656,45.0
001203.SZ,20260824,28.72,585604,16818546.88,1.2693935119887145,15.462062249620823,52.61636107193229
001205.SZ,20260824,14.44,4000,57760.0,-0.20732550103663705,1.335497072889146,43.756046993780174
001206.SZ,20260824,16.48,26000,428480.0,-0.060642813826550235,9.125183404302904,44.636143117040696
001207.SZ,20260824,16.57,34200,566694.0,-0.837821663674454,9.395013754684495,39.973070017953276
001208.SZ,20260824,13.44,58200,782208.0,-1.0309278350515538,4.5443905960419935,38.81443298969068
001209.SZ,20260824,17.99,43600,784364.0,0.7278835386338223,22.56097582022,49.367301231802934
001210.SZ,20260824,28.59,189900,5429241.0,-0.20942408376962707,14.211485923083808,43.743455497382236
001211.SZ,20260824,24.35,13500,328725.0,0.12335526315789824,3.675201788417398,45.74013157894739
001212.SZ,20260824,33.61,12600,423486.0,-0.26706231454006746,4.278787387265389,43.397626112759596
001213.SZ,20260824,3.49,44700,156003.0,0.287356321839094,10.822815054412738,46.72413793103456
001215.SZ,20260824,31.52,400,12608.0,-0.4736343542785071,0.38108153830115793,42.15819387432896
001216.SZ,20260824,14.52,5300,76956.0,0.13793103448276334,4.052789270757037,45.827586206896584
001217.SZ,20260824,10.01,3900,39039.0,0.0,1.5442029121944683,45.0
001218.SZ,20260824,24.36,3400,82824.0,0.12330456226881115,1.4748256534704174,45.73982737361287
001219.SZ,20260824,12.6,5800,73080.0,-0.07930214115781098,2.777565508672532,44.524187153053134
001220.SZ,20260824,31.33,2400,75192.0,0.0958466453674145,2.415798682615488,45.57507987220448
001221.SZ,20260824,40.5,121200,4908600.0,-2.4566473988439363,29.500170336559364,30.26011560693638
001222.SZ,20260824,14.5,5300,76850.0,0.0,1.80435097225521,45.0
001223.SZ,20260824,41.4,10300,426420.0,1.7699115044247815,6.6555526304701935,55.619469026548686
001225.SZ,20260824,47.78,21100,1008158.0,1.8546152206352584,12.47754177879533,56.12769132381155
001226.SZ,20260824,47.32,2800,132496.0,0.10577533319229282,4.047036845793925,45.63465199915376
001227.SZ,20260824,2.1,113400,238140.0,-0.4739336492890933,1.8360170856918947,42.15639810426544
001228.SZ,20260824,29.0,21900,635100.0,0.9749303621169991,7.452342673430716,50.84958217270199
001229.SZ,20260824,45.35,31900,1446665.0,0.0,7.483497014284288,45.0
001230.SZ,20260824,21.64,43500,941340.0,1.0270774976657293,2.248080094194473,51.162464985994376
001231.SZ,20260824,21.2,10000,212000.0,0.3312825366777128,9.699215700373001,46.98769522006628
001232.SZ,20260824,149.86,22300,3341878.0,0.0,4.286646999123357,45.0
001233.SZ,20260824,44.07,1900,83733.0,0.0,2.1259246130964273,45.0
001234.SZ,20260824,22.47,10500,235935.0,0.13368983957218195,7.46786359278574,45.80213903743309
001236.SZ,20260824,7.5,11400,85500.0,-0.3984063745019917,0.829495283235441,42.60956175298805
001237.SZ,20260824,52.05,900,46845.0,-0.23001725129385697,0.8064626089215897,43.61989649223686
001238.SZ,20260824,25.09,6100,153049.0,0.0,10.864554276849619,45.0
001239.SZ,20260824,11.99,6800,81532.0,0.2508361204013321,4.898269528824825,46.505016722407994
001248.SZ,20260824,12.18,229000,2789220.0,0.0,5.499890953721097,45.0
001255.SZ,20260824,26.24,3400,89216.0,0.49789352738414117,3.5741288053325158,47.98736116430484
001256.SZ,20260824,23.22,3800,88236.0,-0.043047783039185106,1.2255581459253677,44.74171330176489
001257.SZ,20260824,26.62,1023501,27245596.62,5.634920634920637,26.116943432008167,78.80952380952382
001258.SZ,20260824,12.45,1096200,13647690.0,1.9656019656019597,8.917431822135123,56.79361179361176
001259.SZ,20260824,46.63,3700,172531.0,0.6258092360811318,3.546907220663262,48.75485541648679
001260.SZ,20260824,17.63,55800,983754.0,-0.22637238256933978,11.868054170368417,43.64176570458396
001266.SZ,20260824,34.97,16700,583999.0,1.716114019778936,8.041343370948205,55.29668411867362
001267.SZ,20260824,37.51,123250,4623107.5,0.10675206832131412,2.205532072070045,45.64051240992789
001268.SZ,20260824,20.38,6940,141437.2,0.0,1.091555574802218,45.0
001269.SZ,20260824,19.13,3800,72694.0,0.10465724751438366,2.446271967535056,45.627943485086305
001270.SZ,20260824,101.98,108700,11085226.0,-1.8479307025986547,14.830260043193732,33.91241578440807
001277.SZ,20260824,31.89,215700,6878673.0,-9.99153259949196,197.92622499541199,15.0
001278.SZ,20260824,16.28,11900,193732.0,1.5595757953836609,6.172420037618557,54.35745477230196
001279.SZ,20260824,25.17,6800,171156.0,0.03974562798092496,11.749262315148975,45.23847376788555
001280.SZ,20260824,71.15,393491,27996884.65,6.146501566462792,25.344360083250944,81.87900939877676
001282.SZ,20260824,15.91,14900,237059.0,0.0,10.442973178899203,45.0
001283.SZ,20260824,43.8,2300,100740.0,0.11428571428571122,0.615410525050221,45.68571428571427
001285.SZ,20260824,40.4,500,20200.0,-0.02474634991338487,0.6271790178419552,44.85152190051969
001286.SZ,20260824,9.45,426000,4025700.0,-0.6309148264984299,11.020806752956162,41.21451104100942
001287.SZ,20260824,22.93,95500,2189815.0,-0.17414018284719335,5.394523462969736,43.95515890291684
001288.SZ,20260824,25.8,14400,371520.0,1.018010963195004,4.001159450540417,51.108065779170026
001289.SZ,20260824,15.66,20600,322596.0,0.12787723785165905,4.427149481652948,45.76726342710995
001296.SZ,20260824,19.75,15600,308100.0,1.4381099126861807,10.966337110855024,53.628659476117086
001298.SZ,20260824,17.5,14331,250792.5,0.05717552887365418,3.055326018610176,45.34305317324193
001299.SZ,20260824,10.1,17600,177760.0,-0.29615004935835687,5.645620877584769,43.22309970384986
001300.SZ,20260824,11.28,6500,73320.0,0.0,0.970778186359939,45.0
001301.SZ,20260824,63.46,57240,3632450.4,0.41139240506329333,8.167300834743195,47.46835443037976
001306.SZ,20260824,54.08,700,37856.0,0.9708737864077666,1.8465091241627154,50.8252427184466
001308.SZ,20260824,17.79,11400,202806.0,-0.614525139664801,7.4808468818559,41.31284916201119
001309.SZ,20260824,413.33,123800,51170254.0,-0.43120061668915355,9.397109040328202,42.41279629986508
001311.SZ,20260824,17.7,6000,106200.0,-0.4499437570303799,1.2487374532390065,42.30033745781772
001312.SZ,20260824,17.34,1800,31212.0,-0.05763688760808128,1.183833269292538,44.65417867435151
001313.SZ,20260824,7.86,26900,211434.0,0.25510204081633514,2.564260196307062,46.53061224489801
001314.SZ,20260824,53.84,10400,559936.0,0.0,3.7757880142534215,45.0
001316.SZ,20260824,26.26,25300,664378.0,1.3117283950617287,4.570073390642789,52.870370370370374
001317.SZ,20260824,52.6,722100,37982460.0,-1.31332082551594,77.13648732802199,37.12007504690436
001318.SZ,20260824,11.1,35700,396270.0,0.18050541516245744,12.060817051189733,46.083032490974745
001319.SZ,20260824,19.7,78800,1552360.0,-0.7056451612903247,18.555909579108597,40.76612903225805
001322.SZ,20260824,6.28,8100,50868.0,0.0,2.683258687595958,45.0
001323.SZ,20260824,18.35,26900,493615.0,-0.27173913043476716,9.902021493811326,43.3695652173914
001324.SZ,20260824,18.46,1600,29536.0,-0.2701242571582996,0.4739206911951004,43.3792544570502
001325.SZ,20260824,38.28,4200,160776.0,-0.02611647949856133,1.3847049632778148,44.84330112300863
001326.SZ,20260824,61.96,1400,86744.0,0.7807417046193921,0.5989237407214771,49.684450227716354
001328.SZ,20260824,28.43,1700,48331.0,0.10563380281689572,1.6440534005797698,45.63380281690137
001330.SZ,20260824,4.85,199100,965635.0,1.041666666666674,5.519211981758449,51.25000000000004
001331.SZ,20260824,44.49,30600,1361394.0,-0.5143112701252117,5.182014792434735,41.91413237924873
001332.SZ,20260824,30.71,4600,141266.0,-0.06508298080052377,2.9209686405434505,44.60950211519686
001333.SZ,20260824,21.45,123400,2646930.0,-0.32527881040892437,24.66579821763218,43.04832713754645
001335.SZ,20260824,31.34,2700,84618.0,0.0,4.045949145109278,45.0
001336.SZ,20260824,18.72,14800,277056.0,0.0,9.252944618640356,45.0
001337.SZ,20260824,51.97,386100,20065617.0,0.9714396735962749,9.137180897058867,50.82863804157765
001338.SZ,20260824,8.82,147500,1300950.0,-0.4514672686230181,10.263398997759898,42.291196388261895
001339.SZ,20260824,78.8,13800,1087440.0,0.4077471967380175,2.2284370417647037,47.4464831804281
001356.SZ,20260824,9.14,44600,407644.0,0.4395604395604602,3.260846187409837,47.63736263736276
001358.SZ,20260824,25.44,6300,160272.0,-0.1961553550411832,3.596355692897864,43.823067869752904
001359.SZ,20260824,93.0,25100,2334300.0,1.0869565217391353,6.345792404381074,51.52173913043481
001360.SZ,20260824,18.32,109700,2009704.0,0.5488474204171423,14.33331720785461,48.29308452250285
001365.SZ,20260824,35.88,77500,2780700.0,2.426491578646872,16.929254693230835,59.558949471881235
001366.SZ,20260824,12.3,189000,2324700.0,0.0,17.772029888637043,45.0
001367.SZ,20260824,20.99,335000,7031650.0,-3.7155963302752393,33.96206204941064,22.706422018348565
001368.SZ,20260824,23.58,35800,844164.0,0.6831767719897464,14.340629341964851,49.09906063193848
001369.SZ,20260824,12.3,7100,87330.0,-0.565885206143879,2.0465862014949825,41.60468876313673
001373.SZ,20260824,28.59,8000,228720.0,0.3157894736842026,5.577716797038562,46.89473684210522
001376.SZ,20260824,10.33,14000,144620.0,0.19398642095052043,1.8661787575726396,46.163918525703124
001378.SZ,20260824,20.15,12900,259935.0,0.19890601690699672,3.6149662364156154,46.19343610144198
001379.SZ,20260824,16.05,2600,41730.0,-0.31055900621118626,1.5588610349389358,43.136645962732885
001380.SZ,20260824,16.86,11200,188832.0,0.0,11.930080599688216,45.0
001382.SZ,20260824,16.85,1100,18535.0,0.0,0.7346899130414042,45.0
001386.SZ,20260824,15.6,9300,145080.0,0.0,2.4295776017618693,45.0
001387.SZ,20260824,12.11,7500,90825.0,-0.08250825082508628,3.435076680101961,44.504950495049485
001388.SZ,20260824,21.15,58000,1226700.0,-0.7973733583489739,15.086260841332374,40.215759849906156
001389.SZ,20260824,155.92,10900,1699528.0,-0.01923693491503453,1.6328007417092885,44.884578390509795
001390.SZ,20260824,17.41,5800,100978.0,0.057471264367814356,5.041361400230166,45.34482758620689
001391.SZ,20260824,4.07,22900,93203.0,0.0,1.6049124762075402,45.0
001393.SZ,20260824,42.38,2600,110188.0,0.26023184291459334,1.4575388449152036,46.56139105748756
001395.SZ,20260824,29.2,22000,642400.0,0.5856011023079422,12.65055750909464,48.51360661384766
001396.SZ,20260824,33.7,2600,87620.0,0.837821663674454,2.6212222640412177,50.026929982046724
001399.SZ,20260824,23.0,51700,1189100.0,-0.34662045060658286,1.9880890668830138,42.9202772963605
001400.SZ,20260824,79.25,24700,1957475.0,-1.3444541267272458,4.741733918899254,36.93327523963653
001696.SZ,20260824,15.19,76200,1157478.0,-0.7189542483660216,2.1045982813730735,40.68627450980387
001872.SZ,20260824,22.79,13700,312223.0,-0.2189141856392296,2.8317575222437035,43.68651488616462
001896.SZ,20260824,12.19,405200,4939388.0,2.2651006711409405,6.755232381550282,58.59060402684564
001914.SZ,20260824,8.67,7900,68493.0,0.0,1.0531242966226981,45.0
001965.SZ,20260824,9.17,48600,445662.0,0.0,2.816984277388924,45.0
001979.SZ,20260824,7.45,139100,1036295.0,-0.13404825737265424,1.9249284641734155,44.19571045576407
002001.SZ,20260824,27.83,120000,3339600.0,0.03594536304816209,2.002455900178498,45.21567217828897
002003.SZ,20260824,10.44,9000,93960.0,-0.0956937799043045,0.38248137901954127,44.425837320574175
002004.SZ,20260824,4.43,703800,3117834.0,-1.5555555555555656,19.302999673125488,35.66666666666661
002005.SZ,20260824,2.44,115700,282308.0,0.411522633744843,11.85542718349321,47.469135802469054
002006.SZ,20260824,13.19,12000,158280.0,0.3041825095057016,2.2809583787129073,46.82509505703421
002007.SZ,20260824,13.1,113400,1485540.0,-0.5315110098709219,5.699095817271773,41.81093394077447
002008.SZ,20260824,92.32,209700,19359504.0,1.5621562156215463,5.13970365880168,54.37293729372928
002009.SZ,20260824,16.7,63100,1053770.0,1.0284331518451095,7.236706983458437,51.170598911070655
002010.SZ,20260824,4.67,20500,95735.0,0.4301075268817067,1.8092805003608645,47.58064516129024
002011.SZ,20260824,9.9,129700,1284030.0,0.2024291497975561,17.336975965613025,46.21457489878534
002012.SZ,20260824,6.71,55300,371063.0,-0.2971768202080338,6.777782913080812,43.2169390787518
002014.SZ,20260824,10.9,5800,63220.0,0.36832412523020164,1.461691443271863,47.20994475138121
002015.SZ,20260824,15.57,6590125,102608246.25,10.035335689045933,207.59952310348282,100.0
002016.SZ,20260824,4.52,8100,36612.0,0.0,1.3220440821624788,45.0
002017.SZ,20260824,15.24,2034398,31004225.52,4.8864418444597435,45.303034716514176,74.31865106675846
002019.SZ,20260824,10.17,80130,814922.1,0.39486673247777215,4.9192324314687506,47.36920039486663
002020.SZ,20260824,13.15,55100,724565.0,-0.22761760242792084,4.08871179866461,43.634294385432476
002021.SZ,20260824,2.67,62300,166341.0,0.0,3.069980022700345,45.0
002022.SZ,20260824,5.62,36700,206254.0,0.0,3.8825858774162367,45.0
002023.SZ,20260824,10.05,157600,1583880.0,-0.7897334649555776,10.01593490991122,40.26159921026653
002024.SZ,20260824,1.18,373200,440376.0,0.0,22.06147148567009,45.0
002025.SZ,20260824,63.89,158200,10107398.0,1.9467049625019994,10.430440595151085,56.680229775011995
002026.SZ,20260824,10.28,11100,114108.0,-0.1941747572815622,2.6924813622417236,43.83495145631063
002027.SZ,20260824,4.88,382300,1865624.0,-0.40816326530612734,2.8835456594630284,42.55102040816324
002028.SZ,20260824,176.0,40500,7128000.0,-0.3905144603542965,4.624473075761658,42.65691323787422
002029.SZ,20260824,8.71,166500,1450215.0,-0.45714285714284486,10.823377311463993,42.25714285714293
002030.SZ,20260824,5.65,804800,4547120.0,0.8928571428571619,24.60612577595512,50.357142857142975
002031.SZ,20260824,5.13,680800,3492504.0,-0.1945525291828787,8.043333586038887,43.83268482490273
002032.SZ,20260824,40.92,9600,392832.0,0.0,6.008432968555821,45.0
002033.SZ,20260824,8.9,54300,483270.0,-0.33594624860021627,3.4865437586007224,42.984322508398705
002034.SZ,20260824,13.7,6800,93160.0,0.2928257686676261,1.0772492123876125,46.75695461200576
002035.SZ,20260824,4.7,64700,304090.0,0.2132196162046851,6.502368142527133,46.27931769722811
002036.SZ,20260824,6.72,328200,2205504.0,2.4390243902439046,9.000583911485567,59.63414634146343
002037.SZ,20260824,6.79,5000,33950.0,0.4437869822485174,1.4064631185185665,47.6627218934911
002038.SZ,20260824,6.93,5077900,35189847.0,-2.1186440677966156,41.76761422104784,32.288135593220304
002039.SZ,20260824,19.1,37500,716250.0,0.20986358866736943,3.337347478727908,46.25918153200422
002040.SZ,20260824,9.08,1023100,9289748.0,2.0224719101123556,45.96859483216074,57.134831460674135
002041.SZ,20260824,9.3,573300,5331690.0,0.4319654427645814,11.83651956230835,47.59179265658749
002042.SZ,20260824,3.77,73600,277472.0,0.5333333333333412,4.282440729983996,48.200000000000045
002043.SZ,20260824,13.15,71100,934965.0,0.0,4.341978903762174,45.0
002044.SZ,20260824,4.66,338500,1577410.0,-0.6396588486140775,5.963246913976521,41.16204690831553
002045.SZ,20260824,8.93,918500,8202205.0,-1.9758507135016479,17.629093940622475,33.144895718990114
002046.SZ,20260824,49.43,23100,1141833.0,0.4470636049583421,2.4841666764099983,47.682381629750054
002047.SZ,20260824,3.27,809200,2646084.0,1.869158878504673,18.082150955538467,56.21495327102804
002048.SZ,20260824,19.33,25300,489049.0,0.0,1.9076483319228739,45.0
002049.SZ,20260824,62.65,80400,5037060.0,0.0,4.868449454155789,45.0
002050.SZ,20260824,36.71,137884,5061721.64,0.0,3.2319499992989122,45.0
002051.SZ,20260824,8.41,173400,1458294.0,0.5980861244019309,6.761352237354125,48.588516746411585
002052.SZ,20260824,8.24,30100,248024.0,-0.12121212121212199,0.8837752225783795,44.272727272727266
002053.SZ,20260824,9.13,7800,71214.0,0.2195389681668658,1.6685093674373968,46.317233809001195
002054.SZ,20260824,7.32,154700,1132404.0,0.4115226337448652,12.558880713491103,47.46913580246919
002055.SZ,20260824,6.05,366200,2215510.0,0.16556291390728006,24.81754314528576,45.99337748344368
002056.SZ,20260824,21.58,59900,1292642.0,0.23223409196468925,2.9210681956315168,46.39340455178814
002057.SZ,20260824,8.65,30600,264690.0,0.0,1.9390007218740943,45.0
002058.SZ,20260824,16.37,25100,410887.0,0.24494794856093627,9.72547562311347,46.46968769136562
002059.SZ,20260824,4.48,56600,253568.0,-0.8849557522123686,4.908848068550415,39.69026548672579
002060.SZ,20260824,3.21,129200,414732.0,-0.31055900621118626,4.282154479632083,43.136645962732885
002061.SZ,20260824,3.43,94200,323106.0,0.0,6.326921931167909,45.0
002062.SZ,20260824,7.78,31100,241958.0,-0.8917197452229186,2.874194028754342,39.64968152866249
002063.SZ,20260824,5.29,40800,215832.0,0.0,2.8944668767057866,45.0
002064.SZ,20260824,11.7,63300,740610.0,0.0,1.7951767938166754,45.0
002065.SZ,20260824,6.9,155700,1074330.0,-0.14471780028942893,5.989073525630197,44.13169319826343
002066.SZ,20260824,21.87,40100,876987.0,0.969529085872578,11.48913065621267,50.817174515235465
002067.SZ,20260824,3.98,192900,767742.0,-0.7481296758104716,6.3300359659942655,40.51122194513717
002068.SZ,20260824,7.73,37900,292967.0,-0.3865979381443174,2.7092623612549565,42.680412371134096
002069.SZ,20260824,3.49,127900,446371.0,0.8670520231213841,7.392548366892624,50.2023121387283
002072.SZ,20260824,7.23,2200,15906.0,-0.13812154696132284,0.3089260985728449,44.171270718232066
002073.SZ,20260824,5.96,898000,5352080.0,0.33670033670032407,20.578273560818438,47.02020202020194
002074.SZ,20260824,26.98,68900,1858922.0,0.44676098287417254,2.614382798260528,47.68056589724503
002075.SZ,20260824,3.64,909800,3311672.0,-1.6216216216216273,24.18547521822713,35.27027027027024
002076.SZ,20260824,2.09,205000,428450.0,0.0,8.10715162413334,45.0
002077.SZ,20260824,12.2,22700,276940.0,-0.6514657980456029,1.4458160823644026,41.09120521172638
002078.SZ,20260824,13.65,30500,416325.0,-0.1463057790782707,1.8956075513678032,44.122165325530375
002079.SZ,20260824,9.51,143500,1364685.0,-0.7306889352818424,6.61151030543255,40.615866388308945
002080.SZ,20260824,53.85,148200,7980570.0,-0.11129660545352582,2.523261614681879,44.33222036727884
002081.SZ,20260824,5.11,5117900,26152469.0,-0.7766990291262155,15.572694161814555,40.339805825242706
002082.SZ,20260824,9.87,65000,641550.0,0.6116207951070152,8.359756379068765,48.66972477064209
002083.SZ,20260824,10.55,206400,2177520.0,0.18993352326686086,5.821574909591966,46.13960113960117
002084.SZ,20260824,3.95,782361,3090325.95,10.027855153203348,160.1471937431401,100.0
002085.SZ,20260824,10.23,44800,458304.0,0.0,3.677045453413095,45.0
002086.SZ,20260824,2.0,96600,193200.0,0.0,1.7984019298802278,45.0
002088.SZ,20260824,8.31,26800,222708.0,0.9720534629404698,5.791477237932996,50.83232077764282
002090.SZ,20260824,9.22,13000,119860.0,-0.324324324324321,1.9753358927584375,43.05405405405408
002091.SZ,20260824,7.51,263900,1981889.0,-2.467532467532474,16.81807545521575,30.194805194805156
002092.SZ,20260824,4.48,558400,2501632.0,0.4484304932735439,14.406672530657167,47.69058295964126
002093.SZ,20260824,6.6,12000,79200.0,-0.4524886877828038,1.7606637671101315,42.28506787330318
002094.SZ,20260824,4.59,54200,248778.0,-0.4338394793926392,3.479564383043808,42.39696312364416
002095.SZ,20260824,14.05,4400,61820.0,-0.35460992907800915,3.0221982958067266,42.872340425531945
002096.SZ,20260824,9.24,8900,82236.0,0.2169197396963085,2.8293807638233965,46.30151843817785
002097.SZ,20260824,7.18,23900,171602.0,-0.13908205841447474,2.0610681613480475,44.16550764951315
002098.SZ,20260824,7.06,6700,47302.0,-0.14144271570014633,2.394012488827571,44.15134370579912
002099.SZ,20260824,5.22,27700,144594.0,-0.3816793893129833,1.521943197058463,42.7099236641221
002100.SZ,20260824,7.15,25400,181610.0,0.0,1.520424856872919,45.0
002101.SZ,20260824,8.6,14300,122980.0,0.5847953216374213,4.855707813464032,48.508771929824526
002102.SZ,20260824,2.21,12600,27846.0,0.0,0.9757509079702796,45.0
002103.SZ,20260824,6.49,23400,151866.0,0.15432098765431057,6.1729694777295325,45.92592592592587
002104.SZ,20260824,10.59,2694300,28532637.0,-1.3966480446927387,21.810084700679784,36.620111731843565
002105.SZ,20260824,5.91,24200,143022.0,1.1986301369863117,2.474200437637761,52.191780821917874
002106.SZ,20260824,10.2,23900,243780.0,-0.1956947162426781,1.7702051582927993,43.82583170254393
002107.SZ,20260824,6.24,11900,74256.0,-0.15999999999999348,1.3555974217842688,44.04000000000004
002108.SZ,20260824,4.29,25700,110253.0,-0.46403712296982924,1.1056577070771971,42.21577726218102
002109.SZ,20260824,2.75,87000,239250.0,0.0,10.924969569336328,45.0
002110.SZ,20260824,2.95,5900,17405.0,0.0,0.3048450942570698,45.0
002111.SZ,20260824,9.47,25500,241485.0,-0.3157894736842026,4.04505546380182,43.10526315789478
002112.SZ,20260824,15.7,176600,2772620.0,0.0,12.633252401781311,45.0
002114.SZ,20260824,7.53,81600,614448.0,2.868852459016402,9.096490188260875,62.21311475409841
002115.SZ,20260824,10.46,236300,2471698.0,0.5769230769230749,2.4197573784291047,48.46153846153845
002116.SZ,20260824,7.0,93600,655200.0,-0.7092198581560294,32.232844337208554,40.744680851063826
002117.SZ,20260824,7.99,91400,730286.0,2.0434227330779153,6.880370026071248,57.260536398467494
002119.SZ,20260824,23.45,59300,1390585.0,-0.21276595744681437,2.68183478382496,43.72340425531911
002120.SZ,20260824,6.61,110900,733049.0,0.15151515151516914,4.61248362236291,45.90909090909101
002121.SZ,20260824,4.94,96500,476710.0,0.0,5.18606004483526,45.0
002122.SZ,20260824,2.74,147900,405246.0,-0.3636363636363549,9.268205038458685,42.81818181818187
002123.SZ,20260824,7.99,135400,1081846.0,-0.24968789013731785,7.2235415766834645,43.501872659176094
002124.SZ,20260824,2.27,530200,1203554.0,0.0,9.516845075934096,45.0
002125.SZ,20260824,12.82,539000,6909980.0,0.9448818897637823,10.711354041250168,50.669291338582696
002126.SZ,20260824,40.07,12600,504882.0,0.0,0.7215322069411452,45.0
002127.SZ,20260824,2.82,142800,402696.0,0.3558718861209842,5.029519712176465,47.13523131672591
002128.SZ,20260824,27.25,24300,662175.0,0.47935103244838295,2.7119368821693084,47.876106194690294
002129.SZ,20260824,9.54,597500,5700150.0,0.42105263157894424,6.716924612619712,47.526315789473664
002130.SZ,20260824,16.28,27500,447700.0,-0.061387354205022504,1.4709424945901997,44.63167587476987
002131.SZ,20260824,4.55,943700,4293835.0,-0.4376367614879806,3.5769074623248835,42.374179431072115
002132.SZ,20260824,5.07,2455100,12447357.0,6.28930817610065,11.322983136454134,82.7358490566039
002133.SZ,20260824,2.71,100000,271000.0,0.37037037037035425,8.93922427905453,47.22222222222213
002134.SZ,20260824,21.1,3600,75960.0,-0.7525870178739402,0.6036191519140506,40.48447789275636
002135.SZ,20260824,6.04,67900,410116.0,1.683501683501687,3.622685930701049,55.10101010101012
002136.SZ,20260824,12.27,78700,965649.0,0.738916256157629,8.046732209207889,49.43349753694577
002137.SZ,20260824,7.6,26200,199120.0,0.0,1.60771709372419,45.0
002138.SZ,20260824,50.0,97400,4870000.0,0.12014417300760805,3.720295980595595,45.720865038045645
002139.SZ,20260824,9.49,18900,179361.0,-0.10526315789473051,1.9371813469003487,44.36842105263162
002140.SZ,20260824,9.01,156500,1410065.0,-0.8800880088008833,28.81982063257274,39.7194719471947
002141.SZ,20260824,6.45,775800,5003910.0,0.0,5.956214614647426,45.0
002142.SZ,20260824,33.81,50600,1710786.0,-0.7339988256018781,2.0864925803243097,40.596007046388735
002144.SZ,20260824,10.88,47800,520064.0,-1.0909090909090868,11.614841389583772,38.45454545454548
002145.SZ,20260824,4.32,65500,282960.0,0.46511627906977715,2.168918988099109,47.79069767441867
002146.SZ,20260824,1.14,471400,537396.0,0.0,9.663808802619283,45.0
002148.SZ,20260824,6.31,23300,147023.0,1.7741935483870819,2.1130656177995886,55.64516129032249
002149.SZ,20260824,37.34,109200,4077528.0,0.0535905680600246,5.926772561207712,45.32154340836015
002150.SZ,20260824,22.79,35000,797650.0,-0.4803493449781593,4.47613187539608,42.11790393013104
002151.SZ,20260824,27.86,13700,381682.0,-0.5000000000000004,1.6398575331652627,42.0
002152.SZ,20260824,9.55,39700,379135.0,-0.4171011470281427,2.447602568023181,42.497393117831145
002153.SZ,20260824,7.68,55264,424427.52,0.0,3.5154389937155406,45.0
002154.SZ,20260824,4.06,73200,297192.0,-0.24570024570026439,2.5916857074316546,43.525798525798415
002155.SZ,20260824,,0,0.0,,,0.0
002156.SZ,20260824,63.08,488601,30820951.08,-1.2523481527864866,5.510956828190067,37.48591108328108
002157.SZ,20260824,2.92,308600,901112.0,-0.34129692832765013,3.62642514919212,42.9522184300341
002158.SZ,20260824,26.37,10800,284796.0,0.07590132827324236,1.9028325861354916,45.45540796963945
002159.SZ,20260824,13.42,17200,230824.0,0.2989536621823552,8.565132507153628,46.79372197309413
002160.SZ,20260824,3.95,9800,38710.0,-0.2525252525252486,0.8740046146359897,43.484848484848506
002161.SZ,20260824,5.75,28100,161575.0,-0.5190311418685201,1.5626075250716551,41.88581314878888
002162.SZ,20260824,4.0,6000,24000.0,0.0,0.6628279031005934,45.0
002163.SZ,20260824,7.93,63700,505141.0,0.0,3.25446606537149,45.0
002164.SZ,20260824,11.16,23700,264492.0,0.3597122302158251,3.28379454776645,47.15827338129495
002165.SZ,20260824,7.61,1809000,13766490.0,-1.4248704663212375,9.887682432192634,36.45077720207257
002166.SZ,20260824,6.72,3800,25536.0,-0.29673590504452063,0.40483676537640795,43.21958456973287
002167.SZ,20260824,16.9,221500,3743350.0,0.9557945041815952,5.144744671242757,50.73476702508957
002168.SZ,20260824,3.87,40700,157509.0,0.78125,3.6318683843676993,49.6875
002169.SZ,20260824,12.42,389000,4831380.0,-1.1933174224343701,22.205999683251434,37.84009546539378
002170.SZ,20260824,11.23,165500,1858565.0,0.0,12.155631310467472,45.0
002171.SZ,20260824,9.9,1531400,15160860.0,2.590673575129543,24.80974888535796,60.54404145077726
002172.SZ,20260824,4.06,3226100,13097966.0,0.4950495049504955,25.21588107919537,47.97029702970298
002173.SZ,20260824,18.5,206900,3827650.0,0.9274413529732684,9.327408799021306,50.56464811783961
002174.SZ,20260824,12.28,50300,617684.0,-0.1626016260162677,2.2301712863544414,44.024390243902396
002175.SZ,20260824,2.58,110200,284316.0,-0.3861003861003742,6.772179527498063,42.68339768339776
002176.SZ,20260824,9.2,595700,5480440.0,1.7699115044247815,11.154519729195316,55.619469026548686
002177.SZ,20260824,5.65,1138400,6431960.0,-2.079722703639497,16.00575834905569,32.52166377816302
002178.SZ,20260824,4.44,23400,103896.0,0.0,2.7763181935053547,45.0
002179.SZ,20260824,34.5,77400,2670300.0,0.23242300987798004,2.5842702298756577,46.39453805926788
002180.SZ,20260824,17.65,59700,1053705.0,-0.28248587570621764,5.624029623514289,43.30508474576269
002181.SZ,20260824,8.27,31300,258851.0,0.0,1.7274714998768712,45.0
002182.SZ,20260824,11.89,139400,1657466.0,0.0,7.883684482182565,45.0
002183.SZ,20260824,4.37,80600,352222.0,0.0,2.2960291906839503,45.0
002184.SZ,20260824,9.99,12300,122877.0,-0.19980019980019303,2.262633397333031,43.801198801198844
002185.SZ,20260824,17.52,1420300,24883656.0,0.5740528128587608,7.424314347007134,48.444316877152566
002186.SZ,20260824,9.39,22900,215031.0,0.3205128205128416,7.018978431652752,46.92307692307705
002187.SZ,20260824,5.26,11500,60490.0,-0.941619585687381,1.6708507912012982,39.35028248587572
002188.SZ,20260824,5.48,112600,617048.0,0.1828153564899626,14.413299567908808,46.09689213893978
002189.SZ,20260824,18.19,1300,23647.0,-0.05494505494504365,0.8970650410424271,44.670329670329735
002190.SZ,20260824,22.81,7700,175637.0,0.0,2.074817620507594,45.0
002191.SZ,20260824,3.64,43900,159796.0,-0.2739726027397249,7.202810157929397,43.35616438356165
002192.SZ,20260824,77.02,1220027,93966479.54,6.2198317473451725,24.11172200698514,82.31899048407104
002193.SZ,20260824,4.75,5700,27075.0,0.21097046413500742,1.774446310555371,46.26582278481004
002194.SZ,20260824,10.04,334300,3356372.0,-0.09950248756220859,13.88049559884623,44.40298507462675
002195.SZ,20260824,6.34,241200,1529208.0,0.15797788309637184,2.840160986185814,45.94786729857823
002196.SZ,20260824,10.43,62200,648746.0,0.09596928982724684,4.791162552943596,45.575815738963485
002197.SZ,20260824,6.55,37000,242350.0,-0.455927051671734,2.1343181028035376,42.2644376899696
002198.SZ,20260824,3.38,34200,115596.0,0.29673590504450953,12.86718523811183,46.780415430267055
002199.SZ,20260824,12.43,56400,701052.0,-0.3207698476343279,9.906387999349926,43.075380914194035
002200.SZ,20260824,6.72,14100,94752.0,0.29850746268655914,4.208036005780826,46.79104477611936
002201.SZ,20260824,8.07,25700,207399.0,-0.12376237623762387,2.364754866777916,44.257425742574256
002202.SZ,20260824,18.9,789700,14925330.0,-1.51120375195416,6.023856947829072,35.932777488275036
002203.SZ,20260824,19.2,97200,1866240.0,1.9108280254777066,4.401630854091307,56.46496815286624
002204.SZ,20260824,5.17,163300,844261.0,0.19379844961240345,8.633756711360906,46.162790697674424
002205.SZ,20260824,10.66,9200,98072.0,0.0,6.173879388514489,45.0
002206.SZ,20260824,5.23,11800,61714.0,0.38387715930903177,2.0790521438964777,47.303262955854194
002207.SZ,20260824,5.7,60500,344850.0,-0.8695652173912993,11.326536183664798,39.7826086956522
002208.SZ,20260824,10.78,222400,2397472.0,-0.27752081406106077,7.8349754530448665,43.334875115633636
002209.SZ,20260824,12.91,651300,8408283.0,-1.8996960486322156,28.920035731785354,33.60182370820671
002210.SZ,20260824,2.23,165700,369511.0,0.45045045045044585,4.580368433620624,47.70270270270267
002211.SZ,20260824,3.83,37400,143242.0,0.2617801047120505,10.356115553664882,46.5706806282723
002212.SZ,20260824,6.22,121300,754486.0,-0.16051364365972098,4.50960376588971,44.03691813804167
002213.SZ,20260824,30.15,41100,1239165.0,0.8698561391769832,1.7135804844866889,50.2191368350619
002214.SZ,20260824,14.79,24500,362355.0,0.06765899864682456,2.194283346773119,45.40595399188095
002215.SZ,20260824,9.2,170000,1564000.0,0.0,4.658545344443102,45.0
002216.SZ,20260824,12.34,81400,1004476.0,0.0,14.73368623769838,45.0
002217.SZ,20260824,1.45,1499300,2173985.0,0.0,20.183965746756034,45.0
002218.SZ,20260824,3.85,51900,199815.0,-0.2590673575129432,1.8451369696076214,43.44559585492234
002219.SZ,20260824,2.22,544500,1208790.0,-0.4484304932735328,4.74267708078054,42.3094170403588
002221.SZ,20260824,5.64,302200,1704408.0,-0.8787346221441283,8.835286857053607,39.72759226713523
002222.SZ,20260824,64.6,107900,6970340.0,-0.015477480266223864,5.015237829531593,44.90713511840266
002223.SZ,20260824,26.06,176600,4602196.0,2.316450726344721,11.116641121381603,58.89870435806833
002224.SZ,20260824,3.66,550800,2015928.0,-1.6129032258064502,25.891045827900005,35.322580645161295
002225.SZ,20260824,3.6,71200,256320.0,-0.27700831024930483,3.4967649399220666,43.33795013850417
002226.SZ,20260824,5.0,72800,364000.0,0.0,5.808935246745536,45.0
002227.SZ,20260824,6.35,80200,509270.0,0.3159557661927215,29.95684031481182,46.89573459715633
002228.SZ,20260824,3.12,86800,270816.0,0.0,7.757262355054964,45.0
002229.SZ,20260824,11.1,571800,6346980.0,1.0009099181073733,14.299179703366137,51.005459508644236
002230.SZ,20260824,39.21,133100,5218851.0,0.051033426894631084,5.047692895818732,45.30620056136779
002232.SZ,20260824,13.8,15900,219420.0,-0.790797987059666,5.003139446060663,40.25521207764201
002233.SZ,20260824,7.05,22900,161445.0,0.0,2.157106632929801,45.0
002234.SZ,20260824,7.91,210700,1666637.0,-0.37783375314861534,27.005794449708752,42.732997481108306
002235.SZ,20260824,8.7,84900,738630.0,-0.2293577981651529,2.110181454180417,43.623853211009084
002236.SZ,20260824,16.12,105100,1694212.0,0.062073246430793816,4.203907989702152,45.37243947858477
002237.SZ,20260824,15.75,734900,11574675.0,1.9417475728155331,10.881705222424824,56.6504854368932
002238.SZ,20260824,6.03,11300,68139.0,0.16611295681063787,0.7480024645723412,45.99667774086383
002239.SZ,20260824,2.47,37900,93613.0,0.0,1.04505337085656,45.0
002240.SZ,20260824,34.28,475200,16289856.0,1.5703703703703775,7.55626199484683,54.42222222222227
002241.SZ,20260824,24.38,3885700,94733366.0,4.188034188034195,21.397791986775836,70.12820512820517
002242.SZ,20260824,8.56,314500,2692120.0,-3.1674208144796268,22.337364709219518,25.99547511312224
002243.SZ,20260824,7.32,40900,299388.0,-0.27247956403269047,3.8178657563406735,43.365122615803855
002244.SZ,20260824,9.12,106900,974928.0,-0.4366812227074357,3.573576809313059,42.379912663755384
002245.SZ,20260824,18.58,131348,2440445.84,1.5300546448087315,2.368768969805338,54.18032786885239
002246.SZ,20260824,20.14,35500,714970.0,-0.04962779156326702,3.191657520624002,44.702233250620395
002247.SZ,20260824,2.38,506300,1204994.0,0.42194092827003704,17.990572087065903,47.531645569620224
002248.SZ,20260824,9.71,444800,4319008.0,-2.60782347041123,10.906437482012219,29.353059177532618
002249.SZ,20260824,7.08,119200,843936.0,0.14144271570013522,5.106695293327156,45.84865629420081
002250.SZ,20260824,15.76,9800,154448.0,0.06349206349205438,0.47015774773129043,45.38095238095232
002251.SZ,20260824,3.53,96300,339939.0,-0.28248587570621764,1.7009354335294007,43.30508474576269
002252.SZ,20260824,4.82,151400,729748.0,0.0,3.494011669071066,45.0
002253.SZ,20260824,9.57,10700,102399.0,0.5252100840336116,3.1638973540105106,48.15126050420167
002254.SZ,20260824,12.4,62900,779960.0,0.0,4.144461302859279,45.0
002255.SZ,20260824,7.75,9900,76725.0,0.38860103626943143,0.9836506780420085,47.33160621761659
002256.SZ,20260824,3.37,216400,729268.0,0.0,6.317534506835284,45.0
002258.SZ,20260824,14.5,48168,698436.0,-0.6168608636052064,2.4683147575988267,41.29883481836876
002259.SZ,20260824,3.85,146900,565565.0,0.0,12.91444495619298,45.0
002261.SZ,20260824,25.53,98900,2524917.0,0.11764705882353343,4.307964044407683,45.7058823529412
002262.SZ,20260824,21.8,71600,1560880.0,-0.6833712984054552,5.8375659442243375,40.89977220956727
002263.SZ,20260824,2.96,75700,224072.0,-0.6711409395973145,2.802917704484739,40.97315436241611
002264.SZ,20260824,6.49,20800,134992.0,-0.3072196620583667,1.668256856833885,43.1566820276498
002265.SZ,20260824,18.22,34600,630412.0,-0.3827227993439042,4.5634884224841565,42.70366320393657
002266.SZ,20260824,4.88,590700,2882616.0,1.0351966873705987,8.006021860365234,51.21118012422359
002267.SZ,20260824,6.97,21200,147764.0,0.0,3.430805650748006,45.0
002268.SZ,20260824,13.65,14900,203385.0,0.5154639175257714,2.1467428666426613,48.09278350515463
002269.SZ,20260824,1.44,273400,393696.0,0.6993006993007089,9.94567701910942,49.19580419580426
002270.SZ,20260824,19.24,13500,259740.0,-0.10384215991694479,1.3069514794652708,44.37694704049833
002271.SZ,20260824,11.15,189000,2107350.0,0.08976660682225024,3.4561504626234374,45.5385996409335
002272.SZ,20260824,15.63,303600,4745268.0,0.25657472738935816,9.645887007315473,46.53944836433615
002273.SZ,20260824,27.3,219100,5981430.0,-0.6550218340611313,3.2577115679697983,41.069868995633215
002274.SZ,20260824,5.8,432000,2505600.0,-0.3436426116838587,6.502217759869177,42.93814432989685
002275.SZ,20260824,12.76,106600,1360216.0,-3.5525321239607055,20.915066350783686,23.684807256235768
002276.SZ,20260824,10.02,67400,675348.0,-0.29850746268658135,5.766448290661618,43.20895522388051
002277.SZ,20260824,6.12,982300,6011676.0,4.615384615384621,11.334799355591205,72.69230769230774
002278.SZ,20260824,8.17,80600,658502.0,0.24539877300613355,10.200228561876079,46.4723926380368
002279.SZ,20260824,6.3,121200,763560.0,0.31847133757960666,6.961749602446041,46.91082802547764
002281.SZ,20260824,177.0,140900,24939300.0,-0.8847575316384915,3.62662070080844,39.69145481016905
002282.SZ,20260824,5.91,2700,15957.0,0.0,1.0721697141787843,45.0
002283.SZ,20260824,8.83,39800,351434.0,0.0,2.6508632091600104,45.0
002284.SZ,20260824,9.32,164400,1532208.0,-0.1071811361200381,3.8378213268911785,44.35691318327977
002285.SZ,20260824,2.12,142700,302524.0,-1.3953488372092981,3.245665998327086,36.627906976744214
002286.SZ,20260824,7.83,42300,331209.0,-0.6345177664974555,6.269545687360459,41.19289340101527
002287.SZ,20260824,19.79,14200,281018.0,-0.35246727089627283,6.353102492595332,42.88519637462236
002289.SZ,20260824,41.0,20900,856900.0,-0.9900990099009799,3.8288723548438757,39.05940594059412
002290.SZ,20260824,63.81,29400,1876014.0,-0.06264682850430914,4.816842731752692,44.62411902897414
002291.SZ,20260824,5.19,37800,196182.0,0.3868471953578423,2.4589826744138326,47.321083172147056
002292.SZ,20260824,7.88,198800,1566544.0,0.0,6.794940882404446,45.0
002293.SZ,20260824,11.39,68900,784771.0,0.7073386383731117,3.2414944518865703,49.24403183023867
002294.SZ,20260824,32.89,215100,7074639.0,0.642594859241119,11.008213344898532,48.855569155446716
002295.SZ,20260824,9.02,19700,177694.0,-0.33149171270719924,6.088155424309938,43.011049723756805
002296.SZ,20260824,8.84,16000,141440.0,-0.1129943502824804,3.23539818409617,44.322033898305115
002297.SZ,20260824,17.78,183500,3262630.0,0.0,4.678649600252656,45.0
002298.SZ,20260824,7.96,137000,1090520.0,-0.12547051442910462,6.183768040179631,44.24717691342537
002299.SZ,20260824,16.0,51500,824000.0,0.0,3.29642936203412,45.0
002300.SZ,20260824,6.69,59300,396717.0,-0.44642857142855874,4.9190256477141965,42.32142857142865
002301.SZ,20260824,7.49,52300,391727.0,1.6282225237449044,2.720765975489866,54.76933514246943
002302.SZ,20260824,4.6,32600,149960.0,-0.6479481641468721,6.330862239825093,41.11231101511877
002303.SZ,20260824,4.67,59500,277865.0,-0.849256900212314,1.671867535408761,39.904458598726116
002304.SZ,20260824,38.82,6400,248448.0,-0.02575328354365025,1.5247656519569714,44.845480298738096
002305.SZ,20260824,2.1,220800,463680.0,-0.9433962264150941,16.6689818030282,39.339622641509436
002306.SZ,20260824,2.13,818600,1743618.0,0.4716981132075304,44.38196298746218,47.83018867924518
002307.SZ,20260824,2.86,177300,507078.0,-0.694444444444442,10.131129410613816,40.83333333333335
002309.SZ,20260824,2.99,322300,963677.0,0.3355704697986628,4.460784474047253,47.01342281879198
002310.SZ,20260824,2.33,277300,646109.0,0.8658008658008587,4.505474565738228,50.194805194805156
002311.SZ,20260824,45.85,8600,394310.0,0.13103297663246138,1.2352418154284661,45.78619785979477
002312.SZ,20260824,8.26,9400,77644.0,-0.12091898428052694,0.7493000175288377,44.27448609431684
002313.SZ,20260824,8.73,739700,6457581.0,-1.2443438914027105,30.329414737560437,37.53393665158374
002314.SZ,20260824,2.13,24702,52615.26,0.0,1.4347926858726754,45.0
002315.SZ,20260824,25.9,13400,347060.0,0.11596443757246888,2.909431864515341,45.69578662543481
002316.SZ,20260824,4.44,78400,348096.0,-0.22471910112359383,9.765143222296965,43.65168539325844
002317.SZ,20260824,26.0,91900,2389400.0,-0.6495987772258349,3.7077609934911884,41.10240733664499
002318.SZ,20260824,19.26,1200,23112.0,-0.10373443983402453,0.1286047269222041,22.52644420699259
002319.SZ,20260824,11.28,10100,113928.0,-0.08857395925597755,0.7495648098875394,44.46855624446413
002320.SZ,20260824,6.4,31300,200320.0,0.15649452269170805,2.5113813254810196,45.93896713615025
002321.SZ,20260824,2.03,122000,247660.0,0.0,5.116927471424775,45.0
002322.SZ,20260824,11.74,31900,374506.0,-0.08510638297871687,2.4801300856328776,44.489361702127695
002323.SZ,20260824,1.29,510100,658029.0,-0.7692307692307665,16.202278763274446,40.3846153846154
002324.SZ,20260824,8.94,33900,303066.0,-0.33444816053512794,2.6300237034060268,42.99331103678923
002326.SZ,20260824,20.05,119000,2385950.0,-0.3974167908594062,4.672773783447018,42.61549925484356
002327.SZ,20260824,6.58,9800,64484.0,0.45801526717557106,1.6103286332698352,47.748091603053425
002328.SZ,20260824,7.15,64100,458315.0,-0.13966480446927498,3.6092511157201512,44.162011173184354
002329.SZ,20260824,3.65,809400,2954310.0,-1.3513513513513598,10.98834083407085,36.891891891891845
002330.SZ,20260824,4.02,19000,76380.0,0.0,1.9386547502599976,45.0
002331.SZ,20260824,6.88,8700,59856.0,0.2915451895043608,1.5040757497738206,46.74927113702616
002332.SZ,20260824,8.42,4800,40416.0,-0.23696682464454666,0.42616569502406604,43.57819905213272
002333.SZ,20260824,5.24,782800,4101872.0,0.5758157389635254,33.612195390579366,48.45489443378115
002334.SZ,20260824,6.45,17100,110295.0,-0.1547987616099089,1.2348412044944808,44.07120743034055
002335.SZ,20260824,30.57,72300,2210211.0,0.8910891089108919,6.093422785499533,50.346534653465355
002337.SZ,20260824,4.67,20900,97603.0,0.8639308855291628,4.549433543924723,50.18358531317497
002338.SZ,20260824,42.94,23500,1009090.0,0.0,6.279245716511998,45.0
002339.SZ,20260824,7.11,31600,224676.0,0.708215297450443,4.043056023746787,49.249291784702656
002340.SZ,20260824,6.53,253400,1654702.0,0.15337423312884457,4.036602116895337,45.92024539877307
002342.SZ,20260824,7.52,155000,1165600.0,0.0,5.477196105649662,45.0
002343.SZ,20260824,5.0,34200,171000.0,0.2004008016031955,3.3788773061677397,46.202404809619175
002344.SZ,20260824,3.84,17919,68808.96,-0.25974025974027093,3.0689173197361375,43.44155844155837
002345.SZ,20260824,10.11,150500,1521555.0,1.4042126379137265,6.226623714733105,53.42527582748236
002346.SZ,20260824,23.09,112900,2606861.0,0.0866926744690133,7.757636692467061,45.52015604681408
002347.SZ,20260824,6.02,45900,276318.0,0.5008347245408995,4.234807750949693,48.00500834724539
002348.SZ,20260824,11.35,8200,93070.0,0.1765225066195919,0.5674511438405425,46.05913503971755
002349.SZ,20260824,6.89,73000,502970.0,-0.43352601156069204,5.930519874675806,42.39884393063585
002350.SZ,20260824,14.4,2200,31680.0,-0.34602076124566894,0.30180753642478864,42.92387543252599
002351.SZ,20260824,9.86,21600,212976.0,-0.10131712259371373,2.8094841665140753,44.392097264437716
002352.SZ,20260824,32.46,72800,2363088.0,-0.12307692307692575,3.593834913171634,44.26153846153844
002353.SZ,20260824,154.44,175100,27042444.0,1.272131147540989,11.036908643565617,52.632786885245935
002354.SZ,20260824,7.33,912498,6688610.34,1.2430939226519389,6.496368501811916,52.45856353591164
002355.SZ,20260824,4.88,209900,1024312.0,1.455301455301461,10.324395984699686,53.73180873180877
002356.SZ,20260824,2.78,80400,223512.0,0.7246376811594235,6.46394360018916,49.347826086956545
002357.SZ,20260824,11.26,147600,1661976.0,2.8310502283105166,14.150677853924327,61.9863013698631
002358.SZ,20260824,5.32,5700,30324.0,0.0,0.5825014727333023,45.0
002360.SZ,20260824,5.77,87300,503721.0,0.0,14.18831898303005,45.0
002361.SZ,20260824,10.3,1052700,10842810.0,-1.5296367112810683,11.838878633071747,35.822179732313586
002362.SZ,20260824,15.99,6200,99138.0,1.266624445851816,3.4685850492106844,52.59974667511089
002363.SZ,20260824,6.44,4500,28980.0,0.0,1.118834733732917,45.0
002364.SZ,20260824,39.4,172300,6788620.0,0.5358509823934599,4.552783735371813,48.21510589436076
002365.SZ,20260824,16.01,1177500,18851775.0,-3.4960819770946228,19.602831416709847,24.023508137432263
002366.SZ,20260824,5.63,64400,362572.0,-0.7054673721340388,3.229036027166248,40.767195767195766
002367.SZ,20260824,5.33,7300,38909.0,-0.1872659176029967,1.1679677684722083,43.87640449438202
002368.SZ,20260824,13.81,57000,787170.0,-1.074498567335247,7.505074942602437,38.553008595988516
002369.SZ,20260824,5.89,181200,1067268.0,-0.8417508417508546,9.664539451729844,39.94949494949487
002370.SZ,20260824,5.66,124100,702406.0,0.0,5.921978584954845,45.0
002371.SZ,20260824,714.0,32000,22848000.0,-0.06018784205590322,4.133818884465079,44.63887294766458
002372.SZ,20260824,8.28,32500,269100.0,0.0,2.857116248057978,45.0
002373.SZ,20260824,7.44,88400,657696.0,-0.40160642570280514,5.645501598289935,42.59036144578317
002374.SZ,20260824,3.07,8200,25174.0,-0.6472491909385147,0.7075973576413422,41.11650485436891
002375.SZ,20260824,3.6,31600,113760.0,0.0,2.6072340753025856,45.0
002376.SZ,20260824,6.72,32100,215712.0,0.0,2.909469771093626,45.0
002377.SZ,20260824,2.71,63500,172085.0,0.0,3.5651474368758,45.0
002378.SZ,20260824,26.48,343956,9107954.88,1.0687022900763399,11.025739355993007,51.41221374045804
002379.SZ,20260824,18.29,209400,3829926.0,0.3291278113000562,5.117764485877371,46.97476686780034
002380.SZ,20260824,27.5,84200,2315500.0,0.8434176751008549,13.4907065374618,50.06050605060513
002381.SZ,20260824,5.45,15400,83930.0,-0.9090909090909038,3.89195798503138,39.545454545454575
002382.SZ,20260824,5.9,39200,231280.0,0.1697792869270076,3.1176599252129433,46.01867572156205
002383.SZ,20260824,6.82,5700,38874.0,0.0,0.8533349661824959,45.0
002384.SZ,20260824,205.13,838613,172024684.69,2.0141237318480165,11.302920069345378,57.0847423910881
002385.SZ,20260824,3.18,1362300,4332114.0,0.0,13.551001165773025,45.0
002386.SZ,20260824,5.86,51000,298860.0,0.17094017094019254,3.595123600908769,46.02564102564116
002387.SZ,20260824,7.4,442300,3273020.0,-0.13495276653171517,15.432568735745809,44.19028340080971
002388.SZ,20260824,6.0,113800,682800.0,-0.9900990099009799,2.2894813331927355,39.05940594059412
002389.SZ,20260824,17.73,61800,1095714.0,0.3963759909399789,6.659655711564605,47.37825594563987
002390.SZ,20260824,3.04,12000,36480.0,0.0,0.5309036574022814,45.0
002391.SZ,20260824,5.08,4000,20320.0,-0.19646365422396617,0.5587354870038318,43.8212180746562
002392.SZ,20260824,7.56,52400,396144.0,0.3984063745019917,3.743608411211774,47.39043824701195
002393.SZ,20260824,14.36,39400,565784.0,-0.4160887656033285,7.7675090813974705,42.503467406380025
002394.SZ,20260824,9.46,2100,19866.0,-0.31612223393044925,0.5698215567912156,43.103266596417306
002395.SZ,20260824,12.3,2100,25830.0,0.0,1.0473458298220757,45.0
002396.SZ,20260824,33.58,2273700,76350846.0,1.2360566777208204,25.085805343180716,52.41634006632492
002397.SZ,20260824,3.59,303200,1088488.0,1.1267605633802802,16.000741819326596,51.76056338028168
002398.SZ,20260824,4.11,18800,77268.0,0.4889975550122383,1.580192937185248,47.933985330073426
002399.SZ,20260824,10.4,663600,6901440.0,-0.6685768863419317,54.202918492963555,40.98853868194841
002400.SZ,20260824,6.43,162200,1042946.0,0.0,3.5122734410946004,45.0
002401.SZ,20260824,12.2,13500,164700.0,-0.24529844644318732,6.076624575618612,43.528209321340874
002402.SZ,20260824,18.95,152100,2882295.0,0.0,5.146729871187106,45.0
002403.SZ,20260824,9.48,6800,64464.0,-0.10537407797681642,1.9946510404974744,44.3677555321391
002404.SZ,20260824,5.85,302300,1768455.0,-3.4653465346534684,17.65303502513958,24.20792079207919
002405.SZ,20260824,6.3,110100,693630.0,-0.31645569620254443,3.5316720294136235,43.10126582278473
002406.SZ,20260824,6.62,27000,178740.0,-0.6006006006005982,3.2611069309611764,41.39639639639641
002407.SZ,20260824,35.98,502300,18072754.0,-0.47026279391425563,4.18738771963479,42.17842323651447
002408.SZ,20260824,5.23,118200,618186.0,0.19157088122607746,2.9010575566254544,46.149425287356465
002409.SZ,20260824,139.3,140700,19599510.0,0.5776173285198638,5.797073401592344,48.46570397111918
002410.SZ,20260824,8.99,22700,204073.0,-0.221975582685896,1.1574869881420946,43.66814650388462
002412.SZ,20260824,10.9,13160800,143452720.0,6.967615309126596,355.127744099338,86.80569185475957
002413.SZ,20260824,7.75,91600,709900.0,-0.12886597938144284,2.8249360852649574,44.22680412371135
002414.SZ,20260824,13.4,209200,2803280.0,-0.8875739644970349,3.8177787134659864,39.674556213017794
002415.SZ,20260824,34.38,253600,8718768.0,-0.05813953488370549,3.2839527775981363,44.65116279069777
002416.SZ,20260824,9.25,112400,1039700.0,-0.6444683136412555,6.119903424326306,41.13319011815247
002418.SZ,20260824,3.68,293700,1080816.0,-0.27100271002709064,6.348953369019564,43.373983739837456
002419.SZ,20260824,4.58,29800,136484.0,0.0,3.8554814229305325,45.0
002420.SZ,20260824,5.86,18200,106652.0,0.5145797598627766,2.2960267998951105,48.08747855917666
002421.SZ,20260824,3.07,522200,1603154.0,-0.967741935483879,4.451959405125157,39.193548387096726
002422.SZ,20260824,44.87,80800,3625496.0,0.0,2.0843565398103796,45.0
002423.SZ,20260824,9.15,478600,4379190.0,2.006688963210701,10.199184289498735,57.04013377926421
002424.SZ,20260824,4.53,33300,150849.0,0.22123893805310324,4.616330764076019,46.327433628318616
002425.SZ,20260824,3.08,131000,403480.0,0.6535947712418277,5.541635014699482,48.92156862745097
002426.SZ,20260824,2.62,216900,568278.0,0.0,3.7625199835748355,45.0
002427.SZ,20260824,4.53,251900,1141107.0,0.0,6.262287688208934,45.0
002428.SZ,20260824,103.6,3620795,375114362.0,2.6962727993655733,45.64386988971196,61.17763679619344
002429.SZ,20260824,8.22,440100,3617622.0,-0.3636363636363549,6.406713481747437,42.81818181818187
002430.SZ,20260824,23.05,32100,739905.0,-0.5608283002588421,3.508562420623698,41.63503019844695
002431.SZ,20260824,1.39,290700,404073.0,0.7246376811594235,14.55397284169951,49.347826086956545
002432.SZ,20260824,70.68,61700,4360956.0,-0.028288543140020384,3.3089711467398084,44.83026874115988
002434.SZ,20260824,5.78,154300,891854.0,0.8726003490401313,14.533413426702143,50.23560209424079
002436.SZ,20260824,35.19,390900,13755771.0,-0.45261669024045936,3.7410215132852565,42.28429985855725
002437.SZ,20260824,4.43,8769700,38849771.0,1.839080459770126,16.767688823381057,56.034482758620754
002438.SZ,20260824,13.84,6600,91344.0,-0.07220216606498298,1.1754002108138648,44.5667870036101
002439.SZ,20260824,13.35,64800,865080.0,0.22522522522521182,5.3235956430109495,46.35135135135127
002440.SZ,20260824,12.4,236700,2935080.0,0.8130081300812941,5.937095759573039,49.87804878048777
002441.SZ,20260824,7.8,2900,22620.0,0.0,0.8172810412498651,45.0
002442.SZ,20260824,4.96,25000,124000.0,-0.2012072434607548,3.1092162611107783,43.79275653923547
002443.SZ,20260824,9.32,97300,906836.0,0.5393743257821049,4.950686138918254,48.23624595469263
002444.SZ,20260824,29.3,14800,433640.0,-0.37402244134647766,1.553646260360469,42.75586535192113
002445.SZ,20260824,3.37,1983400,6684058.0,10.130718954248374,413.4327928871383,100.0
002446.SZ,20260824,8.5,64600,549100.0,-0.23474178403755097,3.4157742368359676,43.5915492957747
002448.SZ,20260824,12.74,88000,1121120.0,-0.15673981191222097,4.917143390477078,44.059561128526674
002449.SZ,20260824,6.75,2110700,14247225.0,-4.526166902404527,47.4902546402349,17.842998585572836
002451.SZ,20260824,7.21,35600,256676.0,0.41782729805013297,0.9926794474442803,47.506963788300794
002452.SZ,20260824,11.24,45100,506924.0,0.17825311942958333,5.254437805604013,46.0695187165775
002453.SZ,20260824,4.44,23800,105672.0,1.1389521640091216,2.8182832917471505,51.83371298405473
002454.SZ,20260824,4.95,50000,247500.0,-0.6024096385542244,3.0090901999768365,41.385542168674654
002455.SZ,20260824,7.18,68800,493984.0,-0.2777777777777879,3.137061335545473,43.33333333333327
002456.SZ,20260824,7.04,307800,2166912.0,-0.7052186177715081,5.370874311421326,40.76868829337095
002457.SZ,20260824,10.75,117400,1262050.0,1.3195098963242335,7.820596241779085,52.9170593779454
002458.SZ,20260824,8.89,279500,2484755.0,0.0,7.446554769428086,45.0
002459.SZ,20260824,7.27,137700,1001079.0,-0.4109589041095929,5.040817193929973,42.53424657534244
002460.SZ,20260824,54.99,947000,52075530.0,1.6075388026607573,14.370336642307844,54.64523281596455
002461.SZ,20260824,8.48,13400,113632.0,0.0,2.946783771709914,45.0
002462.SZ,20260824,12.13,10500,127365.0,0.24793388429753538,4.19551463859577,46.487603305785214
002463.SZ,20260824,120.27,273100,32845737.0,-0.7755135714874961,6.781811662995724,40.34691857107502
002465.SZ,20260824,9.86,205700,2028202.0,-0.30333670374116384,5.0537732342887995,43.179979777553015
002466.SZ,20260824,49.19,743400,36567846.0,1.674245556014875,9.668057510515693,55.04547333608925
002467.SZ,20260824,4.54,147100,667834.0,0.8888888888888946,6.01162342853965,50.33333333333337
002468.SZ,20260824,14.21,51700,734657.0,0.14094432699085502,3.651630807946835,45.84566596194513
002469.SZ,20260824,6.3,1357500,8552250.0,-2.927580893682591,29.702864207763657,27.434514637904456
002470.SZ,20260824,1.95,975400,1902030.0,0.5154639175257714,11.688104208461068,48.09278350515463
002471.SZ,20260824,5.26,66600,350316.0,-0.5671077504725952,2.2320880813611224,41.59735349716443
002472.SZ,20260824,36.08,31900,1150952.0,0.0,2.3630732245767336,45.0
002474.SZ,20260824,6.11,43000,262730.0,0.3284072249589487,3.4991600821136695,46.970443349753694
002475.SZ,20260824,54.83,253400,13893922.0,0.3293687099725551,2.836887267039827,46.97621225983533
002476.SZ,20260824,5.03,133400,671002.0,0.3992015968063978,9.6048003012432,47.39520958083838
002478.SZ,20260824,6.23,272700,1698921.0,-1.2678288431061668,8.631236783467733,37.393026941363
002479.SZ,20260824,5.99,540300,3236397.0,0.16722408026754731,13.315183855835791,46.00334448160528
002480.SZ,20260824,5.43,2800,15204.0,0.0,0.5493581138502416,45.0
002481.SZ,20260824,4.14,5100,21114.0,-0.2409638554217053,0.6786640481818689,43.55421686746977
002482.SZ,20260824,1.27,408400,518668.0,0.0,10.119833923221067,45.0
002483.SZ,20260824,5.41,54400,294304.0,-0.18450184501844769,4.467723228013282,43.89298892988931
002484.SZ,20260824,64.23,226949,14576934.27,-0.15544846883257524,4.738056639377997,44.06730918700455
002485.SZ,20260824,5.92,50000,296000.0,-0.8375209380234505,20.521877159953572,39.9748743718593
002486.SZ,20260824,2.57,114600,294522.0,0.0,6.916863213030707,45.0
002487.SZ,20260824,37.78,321400,12142492.0,-3.5732516590096908,9.114730903187942,23.560490045941854
002488.SZ,20260824,8.1,363800,2946780.0,-1.8181818181818188,7.876118329571338,34.090909090909086
002489.SZ,20260824,2.71,90400,244984.0,0.0,3.253651559290171,45.0
002490.SZ,20260824,7.8,1662200,12965160.0,-4.4117647058823595,24.279790668831396,18.52941176470584
002491.SZ,20260824,22.0,7075400,155658800.0,3.7735849056603765,24.70466499054972,67.64150943396226
002492.SZ,20260824,5.59,24200,135278.0,0.5395683453237377,3.295041147946174,48.23741007194243
002493.SZ,20260824,13.71,247100,3387741.0,-0.3633720930232509,5.237714072500143,42.81976744186049
002494.SZ,20260824,4.85,54600,264810.0,0.41407867494822614,7.694754793000316,47.48447204968936
002495.SZ,20260824,2.38,153800,366044.0,0.0,9.870887484373513,45.0
002496.SZ,20260824,2.09,108000,225720.0,0.0,4.089972657956576,45.0
002497.SZ,20260824,19.8,257700,5102460.0,1.642710472279263,6.012232559161895,54.85626283367558
002498.SZ,20260824,6.28,274200,1721976.0,0.15948963317384823,7.096627894914843,45.95693779904309
002500.SZ,20260824,5.21,26800,139628.0,-0.19157088122604415,1.7996033271525351,43.850574712643734
002501.SZ,20260824,1.29,385100,496779.0,-0.7692307692307665,18.54110701358216,40.3846153846154
002506.SZ,20260824,2.66,1363900,3627974.0,1.9157088122605526,1.7642416376210386,56.49425287356331
002507.SZ,20260824,11.18,31400,351052.0,-0.08936550491509543,3.540025665399856,44.463806970509424
002508.SZ,20260824,16.15,16700,269705.0,-0.185414091470959,1.2429917281182497,43.887515451174245
002510.SZ,20260824,5.53,69400,383782.0,0.18115942028986698,7.145835999803526,46.086956521739204
002511.SZ,20260824,7.04,54300,382272.0,0.14224751066855834,4.385455845169718,45.85348506401135
002512.SZ,20260824,4.1,236800,970880.0,-0.24330900243311193,9.09070718263621,43.54014598540133
002513.SZ,20260824,5.32,32400,172368.0,-0.3745318352059823,5.324064857789727,42.75280898876411
002514.SZ,20260824,1.71,384600,657666.0,-1.7241379310344862,13.325816684370691,34.65517241379308
002515.SZ,20260824,8.19,373200,3056508.0,-0.6067961165048597,6.137545775023888,41.35922330097084
002516.SZ,20260824,5.25,38400,201600.0,0.5747126436781658,3.7009629975479834,48.448275862068996
002517.SZ,20260824,16.65,192200,3200130.0,0.18050541516243523,3.7526812868832975,46.08303249097461
002518.SZ,20260824,33.6,32300,1085280.0,0.6590772917914878,2.2242740247412547,48.95446375074893
002519.SZ,20260824,5.28,38900,205392.0,-0.1890359168241873,2.225257496087951,43.865784499054875
002520.SZ,20260824,5.98,163700,978926.0,0.6734006734006703,5.561844261429496,49.04040404040402
002521.SZ,20260824,6.74,8400,56616.0,0.44709388971684305,2.7628098736781603,47.68256333830106
002522.SZ,20260824,5.19,283300,1470327.0,1.5655577299412915,4.918681497468437,54.39334637964775
002523.SZ,20260824,3.39,223000,755970.0,1.4970059880239583,7.8418266521569135,53.98203592814375
002524.SZ,20260824,4.03,595900,2401477.0,0.0,19.747843423731585,45.0
002526.SZ,20260824,2.65,297500,788375.0,0.0,15.690656053835902,45.0
002527.SZ,20260824,11.23,16900,189787.0,0.0,2.8901053181182514,45.0
002528.SZ,20260824,5.83,1512900,8820207.0,3.5523978685612745,35.35364593706192,66.31438721136765
002529.SZ,20260824,7.0,33600,235200.0,-0.5681818181818232,7.663161837712093,41.59090909090906
002530.SZ,20260824,7.04,5100,35904.0,-0.14184397163120588,0.8159012574046437,44.148936170212764
002531.SZ,20260824,6.13,83700,513081.0,-0.3252032520325243,3.053931397266989,43.048780487804855
002532.SZ,20260824,12.77,634700,8105119.0,0.7892659826361559,9.699824395862365,49.735595895816935
002533.SZ,20260824,11.22,7400,83028.0,0.0,1.8400232500327607,45.0
002534.SZ,20260824,15.4,2300,35420.0,0.13003901170349774,0.33279624369816735,45.780234070220985
002535.SZ,20260824,2.53,159400,403282.0,0.0,10.990408229287338,45.0
002536.SZ,20260824,50.73,2086400,105843072.0,8.005109644453912,25.758144879485247,93.03065786672347
002537.SZ,20260824,5.75,422420,2428915.0,-0.17361111111110494,9.953109939645369,43.95833333333337
002538.SZ,20260824,7.29,62800,457812.0,0.27510316368639653,4.893995491303869,46.65061898211838
002539.SZ,20260824,12.79,96200,1230398.0,-0.46692607003890885,6.429822446260429,42.19844357976655
002540.SZ,20260824,5.14,2700,13878.0,0.0,0.4112360352429815,45.0
002541.SZ,20260824,20.18,72000,1452960.0,0.0,10.103076290265255,45.0
002542.SZ,20260824,1.89,438200,828198.0,-0.5263157894736858,12.399245953591603,41.84210526315788
002543.SZ,20260824,7.33,402500,2950325.0,0.2735978112175186,15.841686207296373,46.64158686730511
002544.SZ,20260824,16.05,18200,292110.0,-0.31055900621118626,2.191975535846324,43.136645962732885
002545.SZ,20260824,17.47,37500,655125.0,0.2870264064293693,1.9343177429521359,46.722158438576216
002546.SZ,20260824,7.97,67800,540366.0,0.0,5.377580883746184,45.0
002547.SZ,20260824,2.6,124200,322920.0,-0.7633587786259555,5.308554524618971,40.419847328244266
002548.SZ,20260824,4.09,372700,1524343.0,0.2450980392156854,17.19233730821204,46.470588235294116
002549.SZ,20260824,13.6,139400,1895840.0,-0.9468317552804084,9.740315550194975,39.319009468317546
002550.SZ,20260824,6.74,96800,652432.0,0.14858841010401136,4.0818742307170615,45.89153046062407
002551.SZ,20260824,3.32,129700,430604.0,0.60606060606061,10.425096350685344,48.63636363636366
002552.SZ,20260824,57.83,494700,28608501.0,4.878491113529204,12.08599119599284,74.27094668117522
002553.SZ,20260824,15.2,34400,522880.0,-0.6535947712418388,4.629514768212184,41.07843137254897
002554.SZ,20260824,2.89,246500,712385.0,0.3472222222222321,15.002772717774606,47.08333333333339
002555.SZ,20260824,18.6,99000,1841400.0,0.05379236148468358,4.016786749172944,45.322754168908105
002556.SZ,20260824,5.07,38900,197223.0,0.5952380952380931,3.5011697157836705,48.571428571428555
002557.SZ,20260824,18.48,44900,829752.0,-0.37735849056603765,8.274553675906224,42.735849056603776
002558.SZ,20260824,26.41,523507,13825819.87,1.071565250669737,7.966145653327017,51.429391504018426
002559.SZ,20260824,9.4,24200,227480.0,-0.634249471458781,1.6110980627450213,41.19450317124731
002560.SZ,20260824,6.12,101300,619956.0,1.661129568106312,5.126680476259685,54.966777408637874
002561.SZ,20260824,6.66,11700,77922.0,0.0,3.8894989368792756,45.0
002562.SZ,20260824,4.9,202300,991270.0,0.0,10.234058863652855,45.0
002563.SZ,20260824,5.71,65000,371150.0,0.0,2.799154448559243,45.0
002564.SZ,20260824,4.42,24700,109174.0,0.0,1.9293326727506368,45.0
002565.SZ,20260824,8.55,61200,523260.0,-0.34965034965034336,1.9044255952011817,42.90209790209794
002566.SZ,20260824,6.83,49800,340134.0,0.589101620029453,6.8168086539523545,48.53460972017672
002567.SZ,20260824,3.61,47100,170031.0,-0.5509641873278293,2.952819167939492,41.69421487603302
002568.SZ,20260824,18.31,69300,1268883.0,0.8815426997245135,8.255948350559445,50.28925619834708
002569.SZ,20260824,12.4,9200,114080.0,0.24252223120453387,2.2006692866488455,46.45513338722721
002570.SZ,20260824,4.44,18000,79920.0,-0.22471910112359383,1.5477063671471614,43.65168539325844
002571.SZ,20260824,10.97,3300,36201.0,0.5499541704858002,0.6996256217316114,48.2997250229148
002572.SZ,20260824,8.11,45300,367383.0,0.24721878862792313,5.201588523676241,46.48331273176754
002573.SZ,20260824,3.17,26600,84322.0,0.0,2.6676081530953106,45.0
002574.SZ,20260824,4.74,213300,1011042.0,0.4237288135593209,11.016393753343404,47.542372881355924
002575.SZ,20260824,4.98,139600,695208.0,0.40322580645162365,7.882718586005486,47.419354838709744
002576.SZ,20260824,14.17,12600,178542.0,0.0,5.920215658698847,45.0
002577.SZ,20260824,18.8,9800,184240.0,-0.37095919448860704,2.6689742748044765,42.77424483306836
002578.SZ,20260824,3.78,130300,492534.0,1.3404825737265424,2.931016635212731,53.04289544235925
002579.SZ,20260824,14.67,1224241,17959615.47,-1.2786002691789977,14.485835206903856,37.32839838492601
002580.SZ,20260824,19.09,236100,4507149.0,-0.2612330198537127,3.737758757657423,43.432601880877726
002581.SZ,20260824,5.7,242100,1379970.0,-1.5544041450777146,10.027742110390625,35.67357512953372
002582.SZ,20260824,10.28,137500,1413500.0,-0.6763285024154575,5.382297571121988,40.94202898550726
002583.SZ,20260824,8.13,51100,415443.0,0.12315270935963074,2.6138323737671056,45.738916256157786
002584.SZ,20260824,8.05,31900,256795.0,0.0,1.6811097184658559,45.0
002585.SZ,20260824,10.06,400000,4024000.0,0.29910269192423566,8.091855552859712,46.79461615154541
002586.SZ,20260824,4.66,15600,72696.0,0.0,1.259416589110777,45.0
002587.SZ,20260824,5.37,13000,69810.0,-0.37105751391465214,1.1704792360487752,42.773654916512086
002588.SZ,20260824,7.8,60000,468000.0,-0.1280409731113874,2.8332787382617624,44.23175416133168
002589.SZ,20260824,3.18,510100,1622118.0,0.0,5.09456392620877,45.0
002590.SZ,20260824,9.42,36700,345714.0,0.9646302250803762,6.5167737070760055,50.787781350482256
002591.SZ,20260824,6.33,39900,252567.0,0.0,3.729546748152835,45.0
002592.SZ,20260824,6.75,162600,1097550.0,-1.6034985422740622,17.34394818844499,35.37900874635562
002593.SZ,20260824,4.44,61800,274392.0,0.0,5.708282807975361,45.0
002594.SZ,20260824,90.01,99000,8910990.0,-0.5084558417154827,3.6035239020048975,41.9492649497071
002595.SZ,20260824,48.52,9300,451236.0,0.20652622883106098,4.187430866619403,46.23915737298637
002596.SZ,20260824,3.29,24000,78960.0,0.920245398773023,1.4958674113761743,50.52147239263814
002597.SZ,20260824,19.81,3130,62005.3,-0.10085728693898233,0.9757249307719823,44.394856278366106
002598.SZ,20260824,6.54,1300,8502.0,-0.15267175572518665,1.0276116295709785,44.08396946564888
002599.SZ,20260824,5.78,2600,15028.0,0.0,0.4080887389516817,45.0
002600.SZ,20260824,12.21,221200,2700852.0,-0.2450980392156854,2.9840680381916567,43.529411764705884
002601.SZ,20260824,15.79,27500,434225.0,0.12682308180087531,1.756109341395694,45.76093849080525
002602.SZ,20260824,13.9,367300,5105470.0,0.5788712011577379,7.7272016584837795,48.473227206946426
002603.SZ,20260824,16.3,141300,2303190.0,-0.9118541033434568,4.7509623040121305,39.52887537993926
002605.SZ,20260824,17.47,6900,120543.0,-0.057208237986283716,2.115977324700891,44.656750572082295
002606.SZ,20260824,13.65,37200,507780.0,0.0,2.3501574715659457,45.0
002607.SZ,20260824,2.03,745600,1513568.0,0.4950495049504955,7.8545841067399405,47.97029702970298
002608.SZ,20260824,6.86,441900,3031434.0,-1.5781922525107572,25.201657110300044,35.53084648493545
002609.SZ,20260824,7.65,30700,234855.0,-0.13054830287205776,4.327864534332525,44.216710182767656
002611.SZ,20260824,14.96,42900,641784.0,0.06688963210703669,2.314912366524531,45.401337792642224
002612.SZ,20260824,15.02,11500,172730.0,0.5354752342704217,2.511398379855075,48.21285140562253
002613.SZ,20260824,3.42,143800,491796.0,0.588235294117645,7.38951123529133,48.52941176470587
002614.SZ,20260824,5.06,66600,336996.0,-0.3937007874015852,2.1459598637649036,42.63779527559049
002615.SZ,20260824,6.48,16400,106272.0,-0.3076923076922977,1.9028454784438271,43.15384615384622
002616.SZ,20260824,4.74,286400,1357536.0,-0.21052631578947212,46.92537876172655,43.736842105263165
002617.SZ,20260824,6.17,271200,1673304.0,0.16233766233766378,4.830615346611893,45.974025974025984
002620.SZ,20260824,5.16,81600,421056.0,-0.5780346820809301,5.616609561434759,41.53179190751442
002622.SZ,20260824,2.54,347400,882396.0,1.195219123505975,17.014028673974313,52.17131474103585
002623.SZ,20260824,15.49,8900,137861.0,0.7152145643693153,3.594042379620462,49.29128738621589
002624.SZ,20260824,10.93,156900,1714917.0,0.4595588235293935,4.7914614773281174,47.757352941176364
002625.SZ,20260824,27.95,60544,1692204.8,-0.5691924581999297,4.308705558511457,41.58484525080042
002626.SZ,20260824,16.84,75500,1271420.0,1.2627781118460746,10.338064870526551,52.57666867107645
002627.SZ,20260824,6.48,58900,381672.0,-0.4608294930875445,5.040417153709427,42.23502304147473
002628.SZ,20260824,4.89,7600,37164.0,-0.40733197556008793,0.620568785041723,42.55600814663947
002629.SZ,20260824,4.75,40900,194275.0,0.21097046413500742,4.697481620271082,46.26582278481004
002630.SZ,20260824,1.63,385800,628854.0,0.0,50.44385658939291,45.0
002631.SZ,20260824,9.54,1037200,9894888.0,0.0,18.63696879647151,45.0
002632.SZ,20260824,8.4,60700,509880.0,-0.3558718861209842,5.133201572233156,42.86476868327409
002633.SZ,20260824,14.44,7700,111188.0,-0.20732550103663705,4.70719385533139,43.756046993780174
002634.SZ,20260824,4.35,11100,48285.0,0.0,4.014831466762505,45.0
002635.SZ,20260824,15.5,53500,829250.0,-0.6410256410256387,3.711202212160006,41.15384615384617
002636.SZ,20260824,63.73,371000,23643830.0,-0.015688735487928707,10.674783968683744,44.90586758707243
002637.SZ,20260824,11.64,189300,2203452.0,0.9540329575021822,8.475230794793086,50.72419774501309
002638.SZ,20260824,4.34,3261000,14152740.0,5.084745762711873,42.14487820486172,75.50847457627124
002639.SZ,20260824,11.55,59100,682605.0,-0.3451251078515849,3.203354009658013,42.929249352890494
002640.SZ,20260824,3.18,561900,1786842.0,-0.6249999999999978,13.05121337624704,41.250000000000014
002641.SZ,20260824,3.95,20800,82160.0,-0.2525252525252486,3.423803821041741,43.484848484848506
002642.SZ,20260824,7.06,10700,75542.0,0.14184397163119478,1.4317726179430583,45.851063829787165
002643.SZ,20260824,13.42,302600,4060892.0,-3.3141210374639796,9.574805063502087,25.115273775216124
002644.SZ,20260824,8.13,52800,429264.0,-0.8536585365853444,4.464973232357326,39.87804878048793
002645.SZ,20260824,19.68,193400,3806112.0,1.1825192802056517,6.651691303827808,52.09511568123391
002646.SZ,20260824,6.76,30700,207532.0,-0.1477104874446078,7.687155693043066,44.11373707533235
002647.SZ,20260824,12.42,396000,4918320.0,-1.2718600953895098,7.1555538147485445,37.36883942766294
002648.SZ,20260824,26.73,162900,4354317.0,-1.0000000000000009,3.7763089060306605,38.99999999999999
002649.SZ,20260824,9.48,51600,489168.0,-0.42016806722687816,5.4891848177175335,42.47899159663873
002650.SZ,20260824,6.22,3500,21770.0,1.3029315960912058,0.7144131169424899,52.817589576547235
002651.SZ,20260824,7.77,182500,1418025.0,-0.766283524904221,4.897784279818787,40.402298850574674
002652.SZ,20260824,4.02,83000,333660.0,1.2594458438287104,6.764671756193818,52.55667506297226
002653.SZ,20260824,66.63,12400,826212.0,0.1202103681442468,2.8098963169406086,45.72126220886548
002654.SZ,20260824,14.52,2349700,34117644.0,7.71513353115727,22.454671969958536,91.29080118694361
002655.SZ,20260824,39.51,502900,19869579.0,4.606830818109597,10.424598666102526,72.64098490865759
002656.SZ,20260824,2.94,42100,123774.0,0.6849315068493178,3.726233497867954,49.10958904109591
002657.SZ,20260824,14.85,94300,1400355.0,-1.3289036544850585,11.040906991876662,37.02657807308965
002658.SZ,20260824,7.57,52500,397425.0,0.26490066225166586,5.472079390443746,46.589403973509995
002659.SZ,20260824,4.4,45400,199760.0,-0.22675736961450532,3.4678636972006274,43.639455782312965
002660.SZ,20260824,7.51,9600,72096.0,1.3495276653171295,2.1762107064195053,53.09716599190278
002661.SZ,20260824,7.89,20900,164901.0,0.0,6.882059206467911,45.0
002662.SZ,20260824,3.18,7000,22260.0,-0.31347962382444194,0.7084637580845151,43.11912225705335
002663.SZ,20260824,1.66,22600,37516.0,-0.5988023952095856,0.9668804962041015,41.40718562874249
002664.SZ,20260824,15.2,1100,16720.0,-0.3278688524590234,0.3222822828495421,43.03278688524586
002666.SZ,20260824,4.22,101100,426642.0,-0.23640661938535423,7.550356766099272,43.58156028368788
002667.SZ,20260824,20.0,3458000,69160000.0,4.11244143675169,76.1173030373847,69.67464862051014
002668.SZ,20260824,9.4,275200,2586880.0,1.6216216216216273,8.913265651784087,54.72972972972976
002669.SZ,20260824,11.72,333600,3909792.0,-4.63791700569568,21.22842125383308,17.17249796582592
002670.SZ,20260824,10.63,123100,1308553.0,-0.4681647940074751,8.48244853234926,42.19101123595515
002671.SZ,20260824,3.96,24700,97812.0,0.50761421319796,2.9165057641779137,48.04568527918776
002672.SZ,20260824,3.65,74000,270100.0,0.0,12.697537556810433,45.0
002673.SZ,20260824,6.45,40400,260580.0,-0.1547987616099089,2.3131411158480257,44.07120743034055
002674.SZ,20260824,28.14,118400,3331776.0,-0.5302226935312793,6.893173759867747,41.81866383881233
002675.SZ,20260824,13.1,32400,424440.0,0.4601226993865115,3.4824557495205353,47.76073619631907
002676.SZ,20260824,5.09,37600,191384.0,0.39447731755424265,3.2345944630403167,47.36686390532546
002677.SZ,20260824,6.79,3000,20370.0,-0.14705882352941124,0.5744285815990069,44.117647058823536
002678.SZ,20260824,4.89,156200,763818.0,-0.20408163265307477,9.81893572358521,43.77551020408155
002679.SZ,20260824,9.25,22500,208125.0,0.21668472372697867,7.135894811620057,46.300108342361874
002681.SZ,20260824,4.44,73200,325008.0,0.22573363431153126,2.989953029761361,46.35440180586919
002682.SZ,20260824,4.59,180900,830331.0,0.0,6.079767993550379,45.0
002683.SZ,20260824,29.82,19000,566580.0,0.10070493454179541,2.904133185297185,45.60422960725077
002685.SZ,20260824,5.42,58200,315444.0,0.1848428835489857,2.4874169712888476,46.109057301293916
002686.SZ,20260824,6.59,1896103,12495318.77,-1.9345238095238027,47.205995994941006,33.39285714285718
002687.SZ,20260824,6.19,73700,456203.0,0.8143322475570258,2.2505445335643404,49.885993485342155
002688.SZ,20260824,5.16,27200,140352.0,-0.19342359767891004,4.381842934653287,43.839458413926536
002689.SZ,20260824,2.88,163800,471744.0,0.6993006993007089,18.379964815994636,49.19580419580426
002690.SZ,20260824,15.32,8300,127156.0,0.0,2.081101008423029,45.0
002691.SZ,20260824,4.26,37900,161454.0,0.0,18.255442548113972,45.0
002692.SZ,20260824,4.22,58700,247714.0,-1.631701631701643,4.232690138628573,35.20979020979014
002693.SZ,20260824,9.42,225000,2119500.0,0.10626992561104665,9.570493457487402,45.63761955366628
002694.SZ,20260824,2.12,10800,22896.0,0.4739336492891155,6.0871017037291475,47.84360189573469
002695.SZ,20260824,11.19,11900,133161.0,0.35874439461882623,1.2076764718196722,47.15246636771296
002696.SZ,20260824,5.97,48200,287754.0,0.3361344537815114,2.7563119432387135,47.01680672268907
002697.SZ,20260824,4.47,26700,119349.0,0.0,2.8871717448906455,45.0
002698.SZ,20260824,12.73,147800,1881494.0,0.07861635220125507,12.699005463473927,45.47169811320753
002700.SZ,20260824,6.38,4100,26158.0,-0.31250000000000444,0.5997207561864387,43.12499999999997
002701.SZ,20260824,4.64,23800,110432.0,0.0,1.1592028057586898,45.0
002702.SZ,20260824,4.86,90700,440802.0,0.0,5.602696881191229,45.0
002703.SZ,20260824,14.99,1620500,24291295.0,9.816849816849826,25.34501924910077,100.0
002705.SZ,20260824,11.21,13400,150214.0,0.08928571428572507,3.341377336580874,45.53571428571435
002706.SZ,20260824,10.02,192700,1930854.0,0.20000000000000018,4.657730101278271,46.2
002707.SZ,20260824,5.21,74000,385540.0,-0.5725190839694694,3.0710935398887114,41.56488549618318
002708.SZ,20260824,11.05,22100,244205.0,-0.7187780772686447,0.88549434576947,40.68733153638813
002709.SZ,20260824,38.3,427200,16361760.0,0.8956796628029506,7.443548222649564,50.3740779768177
002712.SZ,20260824,4.7,24600,115620.0,0.2132196162046851,2.185408920951113,46.27931769722811
002713.SZ,20260824,9.48,478500,4536180.0,1.8259935553168738,34.514450659352434,55.95596133190124
002714.SZ,20260824,38.82,315300,12239946.0,-0.6398771435884298,7.863903523748959,41.16073713846942
002715.SZ,20260824,14.26,16600,236716.0,0.7773851590106018,4.713548053624405,49.66431095406361
002716.SZ,20260824,11.04,14410000,159086400.0,5.950095969289815,24.071723392888085,80.70057581573889
002717.SZ,20260824,0.97,631800,612846.0,0.0,20.256208436858792,45.0
002718.SZ,20260824,86.67,2600,225342.0,0.011539349180722525,2.8427731554774454,45.069236095084335
002719.SZ,20260824,6.18,43800,270684.0,-0.9615384615384692,13.422637080771315,39.230769230769184
002721.SZ,20260824,2.64,4214900,11127336.0,-3.296703296703296,17.496285194984676,25.219780219780223
002722.SZ,20260824,12.87,38600,496782.0,0.07776049766718973,18.16804365398404,45.46656298600314
002723.SZ,20260824,7.39,20300,150017.0,1.5109890109890056,2.2094921652141584,54.06593406593403
002724.SZ,20260824,6.12,480700,2941884.0,-0.6493506493506551,10.324934281203365,41.10389610389607
002725.SZ,20260824,11.38,10500,119490.0,0.7971656333038313,3.1956321386401028,49.78299379982299
002726.SZ,20260824,2.8,2269500,6354600.0,1.0830324909747224,17.69240449890733,51.49819494584833
002727.SZ,20260824,11.55,16200,187110.0,-0.5167958656330685,3.220971023013352,41.89922480620159
002728.SZ,20260824,8.94,64200,573948.0,0.44943820224718767,4.679939490434247,47.69662921348313
002729.SZ,20260824,13.71,37400,512754.0,0.2926115581565636,11.561271139261708,46.75566934893938
002730.SZ,20260824,21.58,22500,485550.0,1.5529411764705792,4.578152715803469,54.317647058823475
002731.SZ,20260824,1.04,5980950,6220188.0,-10.344827586206884,79.73789104494738,15.0
002732.SZ,20260824,13.87,4300,59641.0,0.5801305293691161,3.4871384690584506,48.4807831762147
002733.SZ,20260824,18.62,37100,690802.0,0.8121277747699107,3.7537895681109696,49.87276664861946
002734.SZ,20260824,14.6,37100,541660.0,0.137174211248281,2.404138795267966,45.82304526748969
002735.SZ,20260824,11.54,177900,2052966.0,-0.5172413793103514,14.719507918571802,41.89655172413789
002736.SZ,20260824,9.84,17100,168264.0,0.20366598778003286,0.9906929093685205,46.221995926680194
002737.SZ,20260824,13.01,30100,391601.0,-0.23006134969324465,5.953964625023677,43.619631901840535
002738.SZ,20260824,55.7,122400,6817680.0,2.5782688766114337,3.753377844695667,60.469613259668606
002739.SZ,20260824,8.41,278900,2345549.0,0.0,5.411408675393543,45.0
002741.SZ,20260824,25.9,55700,1442630.0,-0.5376344086021501,2.4502268084979835,41.7741935483871
002742.SZ,20260824,4.06,142000,576520.0,0.0,3.1522332404390996,45.0
002743.SZ,20260824,4.58,2813200,12884456.0,-0.43478260869563856,77.0804424216275,42.39130434782617
002745.SZ,20260824,11.36,164500,1868720.0,0.0,3.416136572217112,45.0
002746.SZ,20260824,6.17,62000,382540.0,-0.4838709677419395,2.9671076980673425,42.09677419354836
002747.SZ,20260824,32.95,397900,13110805.0,-1.8468871015787869,6.526040515865657,33.91867739052728
002748.SZ,20260824,11.8,15000,177000.0,0.42553191489362874,2.481655990445427,47.55319148936177
002749.SZ,20260824,8.6,47300,406780.0,0.11641443538998875,14.721927676803597,45.698486612339934
002752.SZ,20260824,5.93,36300,215259.0,-0.16835016835018424,4.282605683097064,43.9898989898989
002753.SZ,20260824,6.67,4300,28681.0,0.0,0.7116258655592479,45.0
002755.SZ,20260824,13.0,103700,1348100.0,0.6971340046475483,5.542318131437022,49.18280402788529
002756.SZ,20260824,48.19,54400,2621536.0,1.0484378276368167,3.7265305795233843,51.2906269658209
002757.SZ,20260824,16.15,15200,245480.0,0.31055900621115295,1.8578691923556236,46.863354037266916
002758.SZ,20260824,7.89,56300,444207.0,-0.12658227848102444,9.386941972052163,44.240506329113856
002759.SZ,20260824,18.73,245400,4596342.0,1.4076881429345045,9.099001745703106,53.44612885760703
002760.SZ,20260824,17.53,13500,236655.0,0.11422044545974508,5.723190839412206,45.685322672758474
002761.SZ,20260824,7.07,52800,373296.0,-0.2820874471085921,7.692323976197938,43.30747531734845
002762.SZ,20260824,10.14,47000,476580.0,-0.8797653958944274,5.553405711874355,39.721407624633436
002763.SZ,20260824,7.32,56300,412116.0,-0.27247956403269047,9.477176150316298,43.365122615803855
002765.SZ,20260824,7.1,24100,171110.0,0.7092198581560183,3.738247193108552,49.25531914893611
002766.SZ,20260824,4.27,402900,1720383.0,2.3980815347721673,14.169263793305465,59.388489208633004
002767.SZ,20260824,18.14,600,10884.0,-0.3296703296703174,0.34176604305668085,43.02197802197809
002768.SZ,20260824,64.99,32500,2112175.0,-0.33737156877778895,3.065118440313956,42.975770587333265
002769.SZ,20260824,7.05,33200,234060.0,0.8583690987124415,5.700982655918441,50.15021459227465
002771.SZ,20260824,12.5,13100,163750.0,1.4610389610389518,3.7876031330794055,53.76623376623371
002772.SZ,20260824,10.41,66400,691224.0,-0.19175455417065335,5.642179448092811,43.84947267497608
002773.SZ,20260824,20.93,72000,1506960.0,-0.85267645665561,9.477588901723019,39.88394126006634
002774.SZ,20260824,16.15,50000,807500.0,-0.9809932556713696,3.529119919407016,39.11404046597178
002775.SZ,20260824,3.56,24300,86508.0,0.5649717514124353,2.4160495399300754,48.38983050847461
002777.SZ,20260824,12.52,12100,151492.0,0.07993605115907965,3.1294760843219827,45.479616306954476
002778.SZ,20260824,15.76,15000,236400.0,0.0,10.233448509555366,45.0
002779.SZ,20260824,74.94,4500,337230.0,0.2541806020066817,2.1482214224064604,46.52508361204009
002780.SZ,20260824,13.1,19700,258070.0,0.3062787136294043,4.73893001868325,46.83767228177643
002782.SZ,20260824,15.22,24300,369846.0,-0.782268578878742,3.256408170398203,40.306388526727545
002783.SZ,20260824,7.77,35400,275058.0,-0.6393861892583175,4.924962744577526,41.163682864450095
002785.SZ,20260824,33.0,57200,1887600.0,1.2891344383057168,5.545085526579707,52.7348066298343
002786.SZ,20260824,7.82,59000,461380.0,0.903225806451613,5.576493503746939,50.41935483870968
002787.SZ,20260824,21.9,51100,1119090.0,-0.2277904328018221,3.901854162646154,43.63325740318907
002788.SZ,20260824,11.0,79200,871200.0,0.73260073260073,6.683003800804608,49.39560439560438
002789.SZ,20260824,,0,0.0,,0.0,0.0
002790.SZ,20260824,5.88,13600,79968.0,-0.1697792869269965,3.8815705488358634,43.981324278438024
002791.SZ,20260824,14.84,23800,353192.0,-0.4026845637583931,8.433491644429424,42.58389261744964
002792.SZ,20260824,31.3,100600,3148780.0,-0.9180120291231386,3.697978096943566,39.49192782526117
002793.SZ,20260824,4.95,258800,1281060.0,-1.0000000000000009,6.022653005794384,38.99999999999999
002795.SZ,20260824,7.14,31500,224910.0,0.0,2.939331330939185,45.0
002796.SZ,20260824,30.23,40000,1209200.0,-0.06611570247934129,5.860038413544305,44.60330578512395
002797.SZ,20260824,6.31,77300,487763.0,-0.15822784810127777,2.4664859983190257,44.050632911392334
002798.SZ,20260824,5.75,38600,221950.0,0.0,5.180798734611372,45.0
002799.SZ,20260824,6.74,8200,55268.0,-0.2958579881656709,2.24923479358053,43.22485207100598
002800.SZ,20260824,14.28,55500,792540.0,0.9187279151943395,7.37635249384132,50.51236749116604
002801.SZ,20260824,26.75,2500,66875.0,-0.11202389843166793,2.3697035133268582,44.32785660940999
002802.SZ,20260824,12.27,98500,1208595.0,-1.0483870967741948,14.830301771063388,38.70967741935483
002803.SZ,20260824,18.41,11300,208033.0,-0.6475984889368624,1.3848992728740324,41.114409066378826
002805.SZ,20260824,19.82,77700,1540014.0,2.0597322348094638,4.339345061637211,57.358393408856784
002806.SZ,20260824,14.4,47600,685440.0,0.8403361344537785,9.776592090864796,50.04201680672267
002807.SZ,20260824,4.0,414550,1658200.0,-0.24937655860348684,7.210999020770903,43.50374064837908
002809.SZ,20260824,8.43,28600,241098.0,-0.11848341232226778,3.79806195546622,44.289099526066394
002810.SZ,20260824,21.1,36700,774370.0,0.6679389312977069,5.045197590283717,49.007633587786245
002811.SZ,20260824,13.48,242600,3270248.0,-0.4431314623338123,15.39423094436534,42.34121122599713
002812.SZ,20260824,57.85,159400,9221290.0,1.8127419922562504,7.356417040317329,55.876451953537504
002813.SZ,20260824,20.3,6300,127890.0,-0.29469548133594925,5.01226837830269,43.2318271119843
002815.SZ,20260824,13.86,919000,12737340.0,0.28943560057885787,19.449521246173738,46.736613603473145
002816.SZ,20260824,24.92,9500,236740.0,0.0,9.98061844336838,45.0
002817.SZ,20260824,6.66,19000,126540.0,-0.4484304932735439,3.6850536594076777,42.30941704035874
002818.SZ,20260824,10.9,22200,241980.0,0.18382352941175295,4.892196754838937,46.102941176470516
002819.SZ,20260824,20.99,28700,602413.0,0.3825920612147149,5.396819671125673,47.29555236728829
002820.SZ,20260824,9.3,760600,7073580.0,-1.0638297872340385,27.938495087413187,38.61702127659577
002821.SZ,20260824,170.66,100300,17117198.0,1.5229030339083849,7.34609554538695,54.13741820345031
002822.SZ,20260824,3.17,12700,40259.0,-0.6269592476489061,1.8470138304913133,41.23824451410656
002823.SZ,20260824,12.72,5300,67416.0,-0.46948356807510194,1.607241493589284,42.18309859154939
002824.SZ,20260824,23.95,74300,1779485.0,0.0,5.580116342676115,45.0
002825.SZ,20260824,8.94,96200,860028.0,-1.106194690265483,21.813179799248683,38.362831858407105
002826.SZ,20260824,17.37,44000,764280.0,0.17301038062285112,10.56510000551147,46.038062283737105
002827.SZ,20260824,55.34,303500,16795690.0,0.6181818181818288,22.838407766006515,48.709090909090975
002828.SZ,20260824,12.05,410100,4941705.0,-0.2483443708609201,26.049809983309544,43.50993377483448
002829.SZ,20260824,19.7,20400,401880.0,0.5102040816326481,3.481980406559734,48.06122448979589
002830.SZ,20260824,13.75,6100,83875.0,0.43827611395179655,3.0102523650588293,47.62965668371078
002831.SZ,20260824,25.56,14900,380844.0,0.11750881316097139,2.8926335925000743,45.70505287896583
002832.SZ,20260824,24.4,24400,595360.0,0.45286125977768155,2.059346507421296,47.71716755866609
002833.SZ,20260824,18.24,11200,204288.0,0.219780219780219,2.6036454748494444,46.318681318681314
002835.SZ,20260824,12.46,10700,133322.0,0.08032128514057213,5.757176541956198,45.481927710843436
002836.SZ,20260824,10.05,35300,354765.0,1.5151515151515138,13.487884990199044,54.09090909090908
002837.SZ,20260824,55.6,280200,15579120.0,2.734663710273466,6.526718548879358,61.4079822616408
002838.SZ,20260824,25.14,26000,653640.0,-0.3567181926278251,3.1829755236739388,42.85969084423305
002839.SZ,20260824,4.33,35400,153282.0,0.0,1.1751008932885898,45.0
002840.SZ,20260824,8.31,123700,1027947.0,0.727272727272732,7.285641963413608,49.36363636363639
002841.SZ,20260824,49.5,6200,306900.0,0.7121057985757906,1.1077112712694859,49.27263479145474
002842.SZ,20260824,40.2,676100,27179220.0,1.8495059538890413,22.081375052179666,56.097035723334244
002843.SZ,20260824,16.07,122000,1960540.0,-1.5921616656460413,8.896932735902096,35.447030006123754
002845.SZ,20260824,13.18,18300,241194.0,0.0,2.378357079554842,45.0
002846.SZ,20260824,10.32,3400,35088.0,0.0,0.6013974273418522,45.0
002847.SZ,20260824,44.25,19800,876150.0,-0.09031384059606795,6.640949648841625,44.458116956423595
002848.SZ,20260824,13.39,13700,183443.0,0.6010518407212562,2.990439309118746,48.60631104432754
002849.SZ,20260824,18.5,17600,325600.0,0.8174386920980936,2.5327486934139896,49.90463215258856
002850.SZ,20260824,184.36,3500,645260.0,0.29376564030030305,1.2593519401201596,46.76259384180182
002851.SZ,20260824,126.78,123000,15593940.0,-0.9995314696236157,4.670808949400916,39.002811182258306
002852.SZ,20260824,8.0,77600,620800.0,-0.12484394506866447,8.006057586416446,44.250936329588015
002853.SZ,20260824,20.67,2800,57876.0,0.8292682926829276,0.3498690188651214,49.97560975609757
002855.SZ,20260824,10.12,13800,139656.0,-0.2955665024630627,4.389432448295398,43.22660098522162
002856.SZ,20260824,14.5,30000,435000.0,-1.5614392396469778,8.108528270430416,35.63136456211814
002857.SZ,20260824,18.87,12000,226440.0,0.5863539445629007,2.3701305869103586,48.5181236673774
002858.SZ,20260824,11.63,17900,208177.0,0.2586206896551868,6.125203397903896,46.55172413793112
002859.SZ,20260824,67.45,57500,3878375.0,-0.029642804209273343,3.824593395489433,44.82214317474436
002860.SZ,20260824,17.2,129000,2218800.0,-1.1494252873563204,7.034656269143716,38.10344827586208
002861.SZ,20260824,15.91,13400,213194.0,0.06289308176099517,2.586082658360511,45.37735849056597
002862.SZ,20260824,13.59,2000,27180.0,1.0408921933085624,0.9407476203022294,51.245353159851376
002863.SZ,20260824,4.69,49300,231217.0,-0.21276595744680327,3.7084634080612107,43.72340425531918
002864.SZ,20260824,21.69,22700,492363.0,0.3701989819528073,8.572896709474985,47.221193891716844
002865.SZ,20260824,41.53,49000,2034970.0,-0.8830548926014314,4.46606142793072,39.70167064439141
002866.SZ,20260824,14.85,29800,442530.0,0.9517335146159045,3.089760727496549,50.71040108769543
002867.SZ,20260824,12.32,20400,251328.0,0.08123476848089783,2.4354541373256415,45.48740861088539
002868.SZ,20260824,22.23,4700,104481.0,0.6337709370755951,3.850870851291207,48.80262562245357
002869.SZ,20260824,15.93,3900,62127.0,-0.187969924812037,2.224393932585758,43.872180451127775
002870.SZ,20260824,48.19,3600,173484.0,-0.020746887966816008,1.370294963407736,44.87551867219911
002871.SZ,20260824,16.65,1600,26640.0,0.0,0.8606659494536574,45.0
002872.SZ,20260824,5.3,400,2120.0,0.0,0.1842642502322425,33.16756504180365
002873.SZ,20260824,8.44,68800,580672.0,0.0,8.739466490157072,45.0
002875.SZ,20260824,13.24,7700,101948.0,0.4552352048558417,2.5954233252437118,47.73141122913505
002876.SZ,20260824,29.94,2500,74850.0,0.06684491978610207,0.7975567486517683,45.40106951871661
002877.SZ,20260824,7.32,6700,49044.0,-0.13642564802182067,1.9164481889420033,44.18144611186908
002878.SZ,20260824,12.42,20100,249642.0,-0.08045052292839916,4.119467834497729,44.5172968624296
002879.SZ,20260824,15.9,65200,1036680.0,0.0,10.867094073805202,45.0
002880.SZ,20260824,21.3,111700,2379210.0,0.8522727272727293,30.345221615736982,50.113636363636374
002881.SZ,20260824,37.92,13300,504336.0,0.1849405548216554,1.0308797126221685,46.109643328929934
002882.SZ,20260824,22.04,103000,2270120.0,2.037037037037037,6.8209306892481,57.22222222222222
002883.SZ,20260824,9.12,2100,19152.0,-0.3278688524590234,3.365401173673116,43.03278688524586
002884.SZ,20260824,15.96,9600,153216.0,-0.12515644555693983,8.272485169705169,44.249061326658364
002885.SZ,20260824,28.76,39400,1133144.0,-0.034758428919001716,2.9851838737543246,44.79144942648599
002886.SZ,20260824,20.82,466200,9706284.0,-1.9774011299434902,18.57941220620426,33.13559322033906
002887.SZ,20260824,9.2,19200,176640.0,-0.21691973969633072,3.9959397234752703,43.698481561822014
002888.SZ,20260824,17.74,2100,37254.0,-0.22497187851520106,1.5773587915841343,43.650168728908795
002889.SZ,20260824,12.68,17700,224436.0,0.0789265982636067,5.361921010219747,45.47355958958164
002890.SZ,20260824,14.5,10500,152250.0,-0.2064693737095613,7.563380044288271,43.76118375774263
002891.SZ,20260824,29.21,19400,566674.0,-0.1367521367521385,3.6140260859927626,44.17948717948717
002892.SZ,20260824,9.05,4900,44345.0,0.4439511653718142,1.0152924351689165,47.663706992230885
002893.SZ,20260824,9.84,49600,488064.0,0.10172939979653517,7.919901351740146,45.61037639877921
002895.SZ,20260824,33.7,38600,1300820.0,0.0,6.279164021437325,45.0
002896.SZ,20260824,66.87,65900,4406733.0,-2.550276887204894,6.0378840267065845,29.698338676770636
002897.SZ,20260824,57.7,40800,2354160.0,-0.017328019407381046,4.729074941593268,44.896031883555715
002899.SZ,20260824,19.6,3300,64680.0,0.0,1.2419026955413524,45.0
002900.SZ,20260824,13.18,1675600,22084408.0,-4.284676833696444,32.58075733825035,19.29193899782134
002901.SZ,20260824,44.19,9300,410967.0,-0.045238633793265315,2.77332439017585,44.728568197240406
002902.SZ,20260824,24.7,56900,1405430.0,-0.24232633279483995,6.3961342485664625,43.54604200323096
002903.SZ,20260824,34.24,1039155,35580667.2,1.4819205690574933,37.46121673712163,53.89152341434496
002905.SZ,20260824,7.77,6700,52059.0,0.2580645161290196,1.4322470013709854,46.54838709677412
002906.SZ,20260824,28.23,376100,10617303.0,10.01558846453625,169.61772647303818,100.0
002907.SZ,20260824,14.26,315100,4493326.0,0.0,15.427341561138117,45.0
002908.SZ,20260824,6.87,21800,149766.0,-1.008645533141217,4.90598917810186,38.948126801152696
002909.SZ,20260824,5.24,21100,110564.0,0.3831417624521105,6.086175051130057,47.29885057471266
002910.SZ,20260824,9.53,57100,544163.0,0.10504201680672232,11.715482162439251,45.63025210084034
002911.SZ,20260824,10.71,90500,969255.0,0.0,10.59932997950523,45.0
002912.SZ,20260824,19.05,12500,238125.0,1.2759170653907637,6.326237135023939,52.65550239234458
002913.SZ,20260824,60.3,6400,385920.0,-0.11595163160510458,0.9102761257800571,44.30429021036937
002915.SZ,20260824,16.88,10000,168800.0,-0.17740981667653255,2.297809944817985,43.93554109994081
002916.SZ,20260824,357.41,17200,6147452.0,-0.23447313328680552,2.3508984986651478,43.59316120027917
002917.SZ,20260824,10.25,12800,131200.0,-0.09746588693957392,5.9368041676365255,44.41520467836256
002918.SZ,20260824,10.13,19400,196522.0,0.0,2.2620984836198086,45.0
002919.SZ,20260824,17.27,600,10362.0,-0.1734104046242857,0.16220541256422358,28.156511833814527
002920.SZ,20260824,87.8,40000,3512000.0,1.596852580421193,7.4134332852780265,54.58111548252716
002921.SZ,20260824,22.25,9500,211375.0,0.13501350135014523,2.0241806731909238,45.81008100810087
002922.SZ,20260824,25.22,81900,2065518.0,-0.747737111373481,5.3136855395424645,40.513577331759116
002923.SZ,20260824,11.2,38642,432790.4,-0.7092198581560294,3.953820204702181,40.744680851063826
002925.SZ,20260824,22.58,65800,1485764.0,0.9838998211091132,5.607886113758376,50.90339892665468
002926.SZ,20260824,8.2,33800,277160.0,-0.12180267965896663,3.1304207812695775,44.2691839220462
002927.SZ,20260824,16.26,27200,442272.0,0.8059516429014479,4.802234858158431,49.83570985740869
002928.SZ,20260824,6.18,220800,1364544.0,0.4878048780487809,11.980513209352095,47.926829268292686
002929.SZ,20260824,54.44,50200,2732888.0,1.4725069897483678,4.6038078165898035,53.83504193849021
002930.SZ,20260824,8.72,3100,27032.0,0.0,0.4892742649326804,45.0
002931.SZ,20260824,48.23,21000,1012830.0,0.0,3.8976653502339755,45.0
002932.SZ,20260824,15.22,1500,22830.0,-0.2621231979030081,1.92630565286139,43.42726081258195
002933.SZ,20260824,,0,0.0,,0.0,0.0
002935.SZ,20260824,15.94,17400,277356.0,0.0,3.794558500091552,45.0
002936.SZ,20260824,1.75,545330,954327.5,0.0,8.893138610437731,45.0
002937.SZ,20260824,29.65,14800,438820.0,-0.16835016835017313,1.9679218756975423,43.98989898989896
002938.SZ,20260824,89.21,66700,5950307.0,0.011210762331836932,3.68571675911835,45.067264573991025
002939.SZ,20260824,7.92,41300,327096.0,-0.12610340479192184,2.8840540411883566,44.24337957124847
002940.SZ,20260824,26.38,104900,2767262.0,-0.037893141341427405,8.659301797614884,44.77264115195143
002941.SZ,20260824,10.71,263700,2824227.0,4.081632653061251,18.67810190939412,69.4897959183675
002942.SZ,20260824,15.83,18900,299187.0,-0.31486146095718315,9.543727787021185,43.1108312342569
002943.SZ,20260824,34.0,49760,1691840.0,0.11778563015312216,4.076831256688175,45.70671378091873
002945.SZ,20260824,14.02,44300,621086.0,0.14285714285713347,5.433704022016377,45.857142857142804
002946.SZ,20260824,15.58,12000,186960.0,0.0,2.0204708375404885,45.0
002947.SZ,20260824,55.0,48200,2651000.0,-3.8461538461538547,4.775626998562395,21.92307692307687
002948.SZ,20260824,5.91,200500,1184955.0,-0.6722689075630228,6.10033965431749,40.96638655462186
002949.SZ,20260824,10.91,24500,267295.0,1.1121408711770142,1.8054555172868647,51.67284522706208
002950.SZ,20260824,9.3,9400,87420.0,-0.10741138560687036,1.6304052564175944,44.35553168635878
002951.SZ,20260824,16.22,36200,587164.0,-1.0372178157413203,5.371877183087891,38.77669310555208
002952.SZ,20260824,19.82,3600,71352.0,0.0,1.8071424066815032,45.0
002953.SZ,20260824,10.88,475700,5175616.0,0.5545286506469571,19.43860277633394,48.32717190388174
002955.SZ,20260824,35.11,2900,101819.0,-0.31232254400908044,0.7642627943127699,43.12606473594552
002956.SZ,20260824,17.13,15600,267228.0,1.0619469026548645,4.81917074214854,51.37168141592919
002957.SZ,20260824,43.16,79500,3431220.0,1.7684508370667373,4.905829414727324,55.610705022400424
002958.SZ,20260824,2.91,206800,601788.0,0.0,2.7668513556222463,45.0
002959.SZ,20260824,33.0,2400,79200.0,-0.2719854941069966,4.154234887101979,43.36808703535802
002960.SZ,20260824,8.49,50400,427896.0,0.5924170616113722,6.80669551083055,48.554502369668235
002961.SZ,20260824,18.63,25300,471339.0,0.0,5.318224400645456,45.0
002962.SZ,20260824,12.76,24200,308792.0,-0.31250000000000444,3.8973300380680374,43.12499999999997
002963.SZ,20260824,17.46,21500,375390.0,0.0,2.5937861606241617,45.0
002965.SZ,20260824,31.47,38900,1224183.0,-0.2851711026615966,2.843221650221813,43.28897338403042
002966.SZ,20260824,8.55,52300,447165.0,-0.34965034965034336,1.354604001949433,42.90209790209794
002967.SZ,20260824,17.31,17900,309849.0,0.4643064422518828,4.4138241738370345,47.7858386535113
002968.SZ,20260824,9.16,16800,153888.0,-0.9729729729729741,4.54508092779926,39.162162162162154
002969.SZ,20260824,13.09,335900,4396931.0,-0.9084027252081794,9.948970405744939,39.549583648750925
002970.SZ,20260824,50.57,6100,308477.0,0.21799445105032955,2.8216426554286222,46.307966706301976
002971.SZ,20260824,45.51,439300,19992543.0,-2.360008581849393,20.629911658444772,30.83994850890364
002972.SZ,20260824,13.32,14800,197136.0,-0.8928571428571397,2.0455812439060255,39.64285714285716
002973.SZ,20260824,10.76,49200,529392.0,0.2795899347623365,3.55860539951579,46.67753960857402
002975.SZ,20260824,110.61,833400,92182374.0,10.004972650422683,35.21203926753441,100.0
002976.SZ,20260824,23.08,8500,196180.0,-0.04330879168471524,1.5158837225758868,44.740147249891706
002977.SZ,20260824,20.98,13500,283230.0,-1.4560826679192007,15.429896479074133,36.2635039924848
002978.SZ,20260824,26.15,6100,159515.0,0.15319800842588105,2.577016165285647,45.919188050555285
002979.SZ,20260824,55.3,37400,2068220.0,-0.21652832912306685,4.259560769798981,43.700830025261595
002980.SZ,20260824,103.02,341220,35152484.4,4.652580251930116,26.48775556467847,72.9154815115807
002981.SZ,20260824,23.47,11200,262864.0,-0.3397027600849367,5.1915586059706085,42.96178343949038
002982.SZ,20260824,12.45,24500,305025.0,0.809716599190291,6.689287253867388,49.858299595141744
002983.SZ,20260824,19.55,6000,117300.0,0.05117707267145999,3.2351431978356255,45.30706243602876
002984.SZ,20260824,13.99,26900,376331.0,-0.07142857142856673,2.9107906213963113,44.5714285714286
002985.SZ,20260824,25.11,23800,597618.0,-0.3966679888933067,9.413576084590202,42.61999206664016
002986.SZ,20260824,13.3,6900,91770.0,0.0,1.7603924871185999,45.0
002987.SZ,20260824,11.02,246000,2710920.0,-0.5415162454873723,10.84089048276996,41.750902527075766
002988.SZ,20260824,24.04,349700,8406788.0,-0.2903359601824973,30.675223366464305,43.25798423890502
002989.SZ,20260824,24.43,14900,364007.0,-0.9728415079043429,3.20731006315172,39.162950952573944
002990.SZ,20260824,50.2,18100,908620.0,0.29970029970030065,1.9137254761878566,46.7982017982018
002991.SZ,20260824,38.0,77400,2941200.0,-8.25688073394496,29.097012655089458,15.0
002992.SZ,20260824,34.6,200,6920.0,1.0514018691588856,0.1726883338220014,37.39231130291357
002993.SZ,20260824,38.38,6800,260984.0,0.0,1.4654939684398791,45.0
002995.SZ,20260824,16.81,6100,102541.0,0.1191185229303171,1.6592745385368848,45.7147111375819
002996.SZ,20260824,6.26,78400,490784.0,0.0,13.037315351806477,45.0
002997.SZ,20260824,28.31,43300,1225823.0,0.5326704545454586,8.583813705016173,48.19602272727275
002998.SZ,20260824,7.83,21400,167562.0,0.38461538461538325,2.776394839288399,47.3076923076923
002999.SZ,20260824,5.99,9100,54509.0,0.0,1.2883493459430737,45.0
003000.SZ,20260824,10.15,17500,177625.0,-0.1966568338249708,3.1412901648764837,43.820058997050175
003001.SZ,20260824,15.6,39300,613080.0,0.0,7.263902224150985,45.0
003002.SZ,20260824,16.43,22100,363103.0,-0.12158054711245425,9.386803772672879,44.27051671732527
003003.SZ,20260824,11.12,6400,71168.0,0.4516711833784992,2.4329949505303903,47.71002710027099
003004.SZ,20260824,72.45,4200,304290.0,1.999155286498655,4.2238433502687815,56.99493171899193
003005.SZ,20260824,13.39,2400,32136.0,0.0,1.2123431105746931,45.0
003006.SZ,20260824,13.29,188100,2499849.0,-2.2794117647058854,13.160992459803037,31.32352941176469
003007.SZ,20260824,38.07,38400,1461888.0,2.0369874028410617,9.008577004760252,57.22192441704637
003008.SZ,20260824,19.5,5400,105300.0,0.25706940874037354,6.0999521121898095,46.54241645244224
003009.SZ,20260824,46.8,14100,659880.0,-0.6791171477079749,4.626032256898937,40.92529711375215
003010.SZ,20260824,29.0,75300,2183700.0,-0.48043925875086435,8.811005834723597,42.117364447494815
003011.SZ,20260824,20.64,2300,47472.0,-0.04842615012105034,1.0271913821862744,44.7094430992737
003012.SZ,20260824,4.68,6600,30888.0,0.0,0.8338499677466249,45.0
003013.SZ,20260824,18.47,2700,49869.0,-1.0712372790573244,0.28411803981767153,38.57257632565605
003015.SZ,20260824,12.3,4400,54120.0,-0.08123476848090894,0.797255934873941,44.51259138911455
003016.SZ,20260824,6.88,800,5504.0,-0.28985507246377384,0.24620879167578097,42.57845206685793
003017.SZ,20260824,22.2,4900,108780.0,-0.9812667261373864,2.587747176314892,39.11239964317568
003018.SZ,20260824,43.1,288134,12418575.4,0.18596001859598754,18.26348150976819,46.11576011157592
003019.SZ,20260824,24.08,7400,178192.0,0.04154549231407678,1.2480029821410579,45.24927295388446
003020.SZ,20260824,18.15,33300,604395.0,0.0,3.8929452193205205,45.0
003021.SZ,20260824,68.56,14900,1021544.0,0.3659786268481957,4.60822050420678,47.19587176108917
003022.SZ,20260824,20.2,21400,432280.0,0.4475385380407815,2.4733142408521633,47.68523122824469
003023.SZ,20260824,27.07,109100,2953337.0,-1.7422867513611662,15.785422867106037,34.546279491833005
003025.SZ,20260824,12.4,4500,55800.0,-0.48154093097914075,1.5626009442310245,42.110754414125154
003026.SZ,20260824,29.5,13650,402675.0,0.3401360544217802,2.5332877919519468,47.04081632653068
003027.SZ,20260824,16.83,30400,511632.0,1.8765133171912751,16.76752057800937,56.25907990314765
003028.SZ,20260824,22.69,3900,88491.0,0.5316792202038068,3.9451229567110997,48.19007532122284
003029.SZ,20260824,16.51,7400,122174.0,-0.8408408408408174,2.9676299906052823,39.9549549549551
003030.SZ,20260824,21.71,2700,58617.0,0.13837638376383854,1.403074038347818,45.83025830258303
003031.SZ,20260824,143.36,160200,22966272.0,0.9293156857223428,9.990726790957078,50.575894114334055
003032.SZ,20260824,10.66,2296300,24478558.0,-0.9293680297397744,30.0891487917918,39.42379182156135
003033.SZ,20260824,68.8,4600,316480.0,-0.28985507246377384,3.010553479622121,43.260869565217355
003035.SZ,20260824,5.26,107200,563872.0,0.9596928982725572,1.2057517780133729,50.75815738963534
003036.SZ,20260824,53.0,14800,784400.0,-0.22590361445782303,2.5051894576441205,43.644578313253064
003037.SZ,20260824,5.62,9100,51142.0,-0.35460992907800915,5.232882829141495,42.872340425531945
003038.SZ,20260824,10.81,13500,145935.0,0.4646840148698983,5.123031891822237,47.78810408921939
003039.SZ,20260824,11.9,13500,160650.0,0.0,4.6296089500585795,45.0
003040.SZ,20260824,12.79,2717400,34755546.0,0.0,49.614806819046215,45.0
003041.SZ,20260824,39.95,1400,55930.0,0.35167043456418856,1.0237329440389882,47.11002260738513
003042.SZ,20260824,13.98,79000,1104420.0,-1.3408609738884913,10.202965928529201,36.95483415666905
003043.SZ,20260824,71.0,41500,2946500.0,-0.8795197542928901,7.561306816675924,39.72288147424266
003816.SZ,20260824,3.84,211400,811776.0,0.0,2.717652991746121,45.0
123064.SZ,20260824,109.901,1060,116495.06,,,0.0
123065.SZ,20260824,115.202,700,80641.4,,,0.0
123071.SZ,20260824,114.658,110,12612.38,,,0.0
123072.SZ,20260824,119.749,70,8382.43,,,0.0
123076.SZ,20260824,125.549,130,16321.37,,,0.0
123080.SZ,20260824,125.7,140,17598.0,,,0.0
123088.SZ,20260824,116.53,490,57099.7,,,0.0
123090.SZ,20260824,111.598,120,13391.76,,,0.0
123091.SZ,20260824,134.42,1570,211039.4,,,0.0
123092.SZ,20260824,120.3,580,69774.0,,,0.0
123104.SZ,20260824,129.598,90,11663.82,,,0.0
123107.SZ,20260824,112.606,130,14638.78,,,0.0
123109.SZ,20260824,125.5,290,36395.0,,,0.0
123112.SZ,20260824,146.53,8460,1239643.8,,,0.0
123113.SZ,20260824,114.759,30,3442.77,,,0.0
123114.SZ,20260824,126.4,370,46768.0,,,0.0
123117.SZ,20260824,113.497,800,90797.6,,,0.0
123118.SZ,20260824,862.616,2960,2553343.36,,,0.0
123119.SZ,20260824,124.003,8810,1092466.43,,,0.0
123122.SZ,20260824,127.86,70,8950.2,,,0.0
123124.SZ,20260824,140.65,300,42195.0,,,0.0
123131.SZ,20260824,289.0,3340,965260.0,,,0.0
123133.SZ,20260824,129.393,180,23290.74,,,0.0
123138.SZ,20260824,128.044,20,2560.88,,,0.0
123142.SZ,20260824,124.304,130,16159.52,,,0.0
123144.SZ,20260824,130.22,150,19533.0,,,0.0
123149.SZ,20260824,131.63,680,89508.4,,,0.0
123150.SZ,20260824,135.077,310,41873.87,,,0.0
123151.SZ,20260824,119.674,20,2393.48,,,0.0
123154.SZ,20260824,126.48,150,18972.0,,,0.0
123155.SZ,20260824,132.8,220,29216.0,,,0.0
123157.SZ,20260824,135.899,330,44846.67,,,0.0
123158.SZ,20260824,235.049,1160,272656.84,,,0.0
123160.SZ,20260824,156.5,280,43820.0,,,0.0
123165.SZ,20260824,131.68,70,9217.6,,,0.0
123168.SZ,20260824,127.92,200,25584.0,,,0.0
123171.SZ,20260824,131.836,30,3955.08,,,0.0
123172.SZ,20260824,130.191,580,75510.78,,,0.0
123173.SZ,20260824,137.583,1390,191240.37,,,0.0
123175.SZ,20260824,117.389,780,91563.42,,,0.0
123176.SZ,20260824,451.906,1940,876697.64,,,0.0
123178.SZ,20260824,145.373,890,129381.97,,,0.0
123179.SZ,20260824,,0,0.0,,,0.0
123180.SZ,20260824,128.239,160,20518.24,,,0.0
123183.SZ,20260824,131.03,230,30136.9,,,0.0
123187.SZ,20260824,193.01,30240,5836622.4,,,0.0
123189.SZ,20260824,140.351,470,65964.97,,,0.0
123192.SZ,20260824,,0,0.0,,,0.0
123193.SZ,20260824,127.48,20,2549.6,,,0.0
123194.SZ,20260824,139.736,260,36331.36,,,0.0
123195.SZ,20260824,177.549,860,152692.14,,,0.0
123196.SZ,20260824,125.488,120,15058.56,,,0.0
123199.SZ,20260824,140.78,400,56312.0,,,0.0
123207.SZ,20260824,223.5,550,122925.0,,,0.0
123209.SZ,20260824,162.48,420,68241.6,,,0.0
123211.SZ,20260824,154.3,270,41661.0,,,0.0
123213.SZ,20260824,302.95,3180,963381.0,,,0.0
123214.SZ,20260824,,0,0.0,,,0.0
123215.SZ,20260824,123.599,40,4943.96,,,0.0
123216.SZ,20260824,123.186,10,1231.86,,,0.0
123220.SZ,20260824,134.5,24100,3241450.0,,,0.0
123222.SZ,20260824,148.4,130,19292.0,,,0.0
123223.SZ,20260824,135.96,140,19034.4,,,0.0
123224.SZ,20260824,135.619,240,32548.56,,,0.0
123225.SZ,20260824,139.873,100,13987.3,,,0.0
123229.SZ,20260824,132.643,510,67647.93,,,0.0
123235.SZ,20260824,159.365,3840,611961.6,,,0.0
123237.SZ,20260824,134.6,180,24228.0,,,0.0
123241.SZ,20260824,853.0,1370,1168610.0,,,0.0
123243.SZ,20260824,220.0,10480,2305600.0,,,0.0
123245.SZ,20260824,290.511,1230,357328.53,,,0.0
123247.SZ,20260824,198.332,7320,1451790.24,,,0.0
123250.SZ,20260824,,0,0.0,,,0.0
123252.SZ,20260824,135.03,180,24305.4,,,0.0
123253.SZ,20260824,134.2,240,32208.0,,,0.0
123255.SZ,20260824,396.0,3140,1243440.0,,,0.0
123257.SZ,20260824,156.02,400,62408.0,,,0.0
123258.SZ,20260824,339.9,3810,1295019.0,,,0.0
123259.SZ,20260824,154.8,70,10836.0,,,0.0
123260.SZ,20260824,139.7,130,18161.0,,,0.0
123261.SZ,20260824,160.333,8960,1436583.68,,,0.0
123262.SZ,20260824,131.998,230,30359.54,,,0.0
123263.SZ,20260824,143.472,220,31563.84,,,0.0
123264.SZ,20260824,123.815,430,53240.45,,,0.0
123265.SZ,20260824,136.192,100,13619.2,,,0.0
123266.SZ,20260824,139.45,80,11156.0,,,0.0
123267.SZ,20260824,320.277,2710,867950.67,,,0.0
123268.SZ,20260824,186.2,460,85652.0,,,0.0
123269.SZ,20260824,145.5,120,17460.0,,,0.0
123270.SZ,20260824,240.125,2370,569096.25,,,0.0
123271.SZ,20260824,161.0,198,31878.0,,,0.0
123272.SZ,20260824,153.8,490,75362.0,,,0.0
123273.SZ,20260824,351.051,13730,4819930.23,,,0.0
123274.SZ,20260824,143.777,1150,165343.55,,,0.0
123275.SZ,20260824,139.988,260,36396.88,,,0.0
123276.SZ,20260824,164.1,1940,318354.0,,,0.0
123277.SZ,20260824,141.5,1536,217344.0,,,0.0
123278.SZ,20260824,167.086,8600,1436939.6,,,0.0
123279.SZ,20260824,170.1,4717,802361.7,,,0.0
123280.SZ,20260824,154.99,4460,691255.4,,,0.0
123281.SZ,20260824,130.0,17137,2227810.0,,,0.0
127025.SZ,20260824,105.682,10,1056.82,,,0.0
127027.SZ,20260824,111.5,2920,325580.0,,,0.0
127030.SZ,20260824,120.1,1300,156130.0,,,0.0
127031.SZ,20260824,120.3,140,16842.0,,,0.0
127033.SZ,20260824,,0,0.0,,,0.0
127034.SZ,20260824,,0,0.0,,,0.0
127037.SZ,20260824,531.675,240,127602.0,,,0.0
127038.SZ,20260824,122.0,70,8540.0,,,0.0
127040.SZ,20260824,121.15,340,41191.0,,,0.0
127044.SZ,20260824,115.877,150,17381.55,,,0.0
127045.SZ,20260824,116.663,440,51331.72,,,0.0
127046.SZ,20260824,129.0,380,49020.0,,,0.0
127047.SZ,20260824,137.14,220,30170.8,,,0.0
127049.SZ,20260824,115.164,350,40307.4,,,0.0
127050.SZ,20260824,130.845,100,13084.5,,,0.0
127053.SZ,20260824,186.071,11290,2100741.59,,,0.0
127054.SZ,20260824,124.663,940,117183.22,,,0.0
127055.SZ,20260824,187.928,450,84567.6,,,0.0
127056.SZ,20260824,,0,0.0,,,0.0
127059.SZ,20260824,131.12,230,30157.6,,,0.0
127060.SZ,20260824,129.527,480,62172.96,,,0.0
127061.SZ,20260824,110.999,1240,137638.76,,,0.0
127062.SZ,20260824,124.107,260,32267.82,,,0.0
127064.SZ,20260824,136.46,400,54584.0,,,0.0
127067.SZ,20260824,200.852,13090,2629152.68,,,0.0
127068.SZ,20260824,123.606,260,32137.56,,,0.0
127069.SZ,20260824,129.2,20,2584.0,,,0.0
127070.SZ,20260824,345.0,13480,4650600.0,,,0.0
127072.SZ,20260824,137.001,440,60280.44,,,0.0
127078.SZ,20260824,150.155,110,16517.05,,,0.0
127080.SZ,20260824,273.935,1100,301328.5,,,0.0
127082.SZ,20260824,135.398,200,27079.6,,,0.0
127083.SZ,20260824,118.418,11,1302.598,,,0.0
127084.SZ,20260824,141.818,90,12763.62,,,0.0
127085.SZ,20260824,,0,0.0,,,0.0
127088.SZ,20260824,174.55,240,41892.0,,,0.0
127089.SZ,20260824,121.768,80,9741.44,,,0.0
127092.SZ,20260824,282.03,1870,527396.1,,,0.0
127093.SZ,20260824,129.945,30,3898.35,,,0.0
127095.SZ,20260824,144.999,330,47849.67,,,0.0
127096.SZ,20260824,530.0,4180,2215400.0,,,0.0
127098.SZ,20260824,123.35,30,3700.5,,,0.0
127099.SZ,20260824,135.999,80,10879.92,,,0.0
127102.SZ,20260824,121.07,10,1210.7,,,0.0
127103.SZ,20260824,136.502,180,24570.36,,,0.0
127104.SZ,20260824,143.421,300,43026.3,,,0.0
127105.SZ,20260824,131.63,310,40805.3,,,0.0
127108.SZ,20260824,124.1,170,21097.0,,,0.0
127109.SZ,20260824,167.125,510,85233.75,,,0.0
127110.SZ,20260824,135.2,700,94640.0,,,0.0
127111.SZ,20260824,140.234,30,4207.02,,,0.0
127112.SZ,20260824,161.0,1690,272090.0,,,0.0
127113.SZ,20260824,160.985,360,57954.6,,,0.0
127114.SZ,20260824,138.777,316,43853.532,,,0.0
127115.SZ,20260824,167.0,3070,512690.0,,,0.0
128044.SZ,20260824,,0,0.0,,,0.0
128127.SZ,20260824,,0,0.0,,,0.0
128129.SZ,20260824,,0,0.0,,,0.0
128134.SZ,20260824,117.679,1440,169457.76,,,0.0
128135.SZ,20260824,114.729,170,19503.93,,,0.0
128136.SZ,20260824,114.777,1650,189382.05,,,0.0
128138.SZ,20260824,130.429,980,127820.42,,,0.0
128142.SZ,20260824,113.37,480,54417.6,,,0.0
158003.SZ,20260824,1.035,600,621.0,,,0.0
158005.SZ,20260824,0.987,60000,59220.0,,,0.0
158006.SZ,20260824,,0,0.0,,,0.0
158009.SZ,20260824,,0,0.0,,,0.0
158012.SZ,20260824,0.937,3,2.811,,,0.0
159001.SZ,20260824,100.0,978200,97820000.0,,,0.0
159003.SZ,20260824,99.999,1000,99999.0,,,0.0
159005.SZ,20260824,,0,0.0,,,0.0
159007.SZ,20260824,,0,0.0,,,0.0
159008.SZ,20260824,,0,0.0,,,0.0
159009.SZ,20260824,,0,0.0,,,0.0
159010.SZ,20260824,0.921,5200,4789.2,,,0.0
159011.SZ,20260824,1.038,300,311.4,,,0.0
159012.SZ,20260824,0.912,154300,140721.6,,,0.0
159013.SZ,20260824,1.014,800,811.2,,,0.0
159015.SZ,20260824,,0,0.0,,,0.0
159016.SZ,20260824,0.992,19600,19443.2,,,0.0
159017.SZ,20260824,0.936,6100,5709.6,,,0.0
159018.SZ,20260824,0.92,2200,2024.0,,,0.0
159019.SZ,20260824,,0,0.0,,,0.0
159020.SZ,20260824,0.893,55400,49472.2,,,0.0
159021.SZ,20260824,0.995,100,99.5,,,0.0
159022.SZ,20260824,0.993,71200,70701.6,,,0.0
159023.SZ,20260824,,0,0.0,,,0.0
159026.SZ,20260824,0.937,3900,3654.3,,,0.0
159027.SZ,20260824,0.892,100,89.2,,,0.0
159028.SZ,20260824,,0,0.0,,,0.0
159029.SZ,20260824,0.959,141700,135890.3,,,0.0
159030.SZ,20260824,0.838,92700,77682.6,,,0.0
159031.SZ,20260824,0.935,20400,19074.0,,,0.0
159032.SZ,20260824,0.913,28900,26385.7,,,0.0
159033.SZ,20260824,0.95,9700,9215.0,,,0.0
159035.SZ,20260824,,0,0.0,,,0.0
159036.SZ,20260824,,0,0.0,,,0.0
159037.SZ,20260824,,0,0.0,,,0.0
159038.SZ,20260824,0.903,118000,106554.0,,,0.0
159039.SZ,20260824,0.825,37300,30772.5,,,0.0
159040.SZ,20260824,1.05,26300,27615.0,,,0.0
159041.SZ,20260824,,0,0.0,,,0.0
159042.SZ,20260824,,0,0.0,,,0.0
159043.SZ,20260824,0.988,325630,321722.44,,,0.0
159045.SZ,20260824,0.835,3400,2839.0,,,0.0
159046.SZ,20260824,0.9,100,90.0,,,0.0
159048.SZ,20260824,0.855,16900,14449.5,,,0.0
159049.SZ,20260824,1.049,1200,1258.8,,,0.0
159050.SZ,20260824,0.847,100400,85038.8,,,0.0
159051.SZ,20260824,1.028,5000,5140.0,,,0.0
159052.SZ,20260824,0.863,1400,1208.2,,,0.0
159053.SZ,20260824,0.939,17800,16714.2,,,0.0
159055.SZ,20260824,0.96,4000,3840.0,,,0.0
159056.SZ,20260824,,0,0.0,,,0.0
159057.SZ,20260824,,0,0.0,,,0.0
159058.SZ,20260824,,0,0.0,,,0.0
159059.SZ,20260824,1.004,200,200.8,,,0.0
159060.SZ,20260824,0.981,3700,3629.7,,,0.0
159061.SZ,20260824,0.907,10000,9070.0,,,0.0
159062.SZ,20260824,0.848,37700,31969.6,,,0.0
159063.SZ,20260824,1.0,79400,79400.0,,,0.0
159065.SZ,20260824,,0,0.0,,,0.0
159066.SZ,20260824,,0,0.0,,,0.0
159067.SZ,20260824,,0,0.0,,,0.0
159068.SZ,20260824,0.997,300,299.1,,,0.0
159069.SZ,20260824,1.031,50000,51550.0,,,0.0
159070.SZ,20260824,,0,0.0,,,0.0
159071.SZ,20260824,0.852,4900,4174.8,,,0.0
159072.SZ,20260824,1.084,92000,99728.0,,,0.0
159073.SZ,20260824,,0,0.0,,,0.0
159075.SZ,20260824,,0,0.0,,,0.0
159076.SZ,20260824,,0,0.0,,,0.0
159077.SZ,20260824,,0,0.0,,,0.0
159078.SZ,20260824,,0,0.0,,,0.0
159079.SZ,20260824,,0,0.0,,,0.0
159082.SZ,20260824,1.0,12048,12048.0,,,0.0
159083.SZ,20260824,0.99,1600,1584.0,,,0.0
159085.SZ,20260824,,0,0.0,,,0.0
159086.SZ,20260824,,0,0.0,,,0.0
159087.SZ,20260824,,0,0.0,,,0.0
159091.SZ,20260824,1.063,3000,3189.0,,,0.0
159093.SZ,20260824,,0,0.0,,,0.0
159095.SZ,20260824,0.958,1000,958.0,,,0.0
159098.SZ,20260824,,0,0.0,,,0.0
159099.SZ,20260824,0.985,200,197.0,,,0.0
159100.SZ,20260824,1.063,1536400,1633193.2,,,0.0
159101.SZ,20260824,0.757,578000,437546.0,,,0.0
159102.SZ,20260824,0.851,54200,46124.2,,,0.0
159103.SZ,20260824,0.65,27200,17680.0,,,0.0
159105.SZ,20260824,0.969,254800,246901.2,,,0.0
159106.SZ,20260824,,0,0.0,,,0.0
159107.SZ,20260824,0.738,78800,58154.4,,,0.0
159108.SZ,20260824,0.97,600,582.0,,,0.0
159109.SZ,20260824,0.832,6600,5491.2,,,0.0
159110.SZ,20260824,,0,0.0,,,0.0
159111.SZ,20260824,,0,0.0,,,0.0
159112.SZ,20260824,,0,0.0,,,0.0
159113.SZ,20260824,,0,0.0,,,0.0
159115.SZ,20260824,,0,0.0,,,0.0
159116.SZ,20260824,,0,0.0,,,0.0
159117.SZ,20260824,,0,0.0,,,0.0
159118.SZ,20260824,,0,0.0,,,0.0
159119.SZ,20260824,,0,0.0,,,0.0
159120.SZ,20260824,0.753,42900,32303.7,,,0.0
159121.SZ,20260824,0.77,214100,164857.0,,,0.0
159122.SZ,20260824,,0,0.0,,,0.0
159123.SZ,20260824,,0,0.0,,,0.0
159125.SZ,20260824,0.737,15800,11644.6,,,0.0
159126.SZ,20260824,,0,0.0,,,0.0
159127.SZ,20260824,0.976,3200,3123.2,,,0.0
159128.SZ,20260824,0.751,700,525.7,,,0.0
159129.SZ,20260824,1.079,500,539.5,,,0.0
159130.SZ,20260824,0.971,3200,3107.2,,,0.0
159131.SZ,20260824,0.976,11984600,11696969.6,,,0.0
159132.SZ,20260824,1.004,11300,11345.2,,,0.0
159133.SZ,20260824,1.104,4400,4857.6,,,0.0
159135.SZ,20260824,0.808,111700,90253.6,,,0.0
159136.SZ,20260824,,0,0.0,,,0.0
159137.SZ,20260824,1.002,18100,18136.2,,,0.0
159138.SZ,20260824,0.921,8800,8104.8,,,0.0
159139.SZ,20260824,1.24,36800,45632.0,,,0.0
159140.SZ,20260824,1.248,63800,79622.4,,,0.0
159141.SZ,20260824,1.159,32000,37088.0,,,0.0
159142.SZ,20260824,1.186,283800,336586.8,,,0.0
159143.SZ,20260824,0.963,3300,3177.9,,,0.0
159145.SZ,20260824,,0,0.0,,,0.0
159146.SZ,20260824,0.989,34700,34318.3,,,0.0
159147.SZ,20260824,0.882,4700,4145.4,,,0.0
159148.SZ,20260824,0.993,231800,230177.4,,,0.0
159149.SZ,20260824,,0,0.0,,,0.0
159150.SZ,20260824,,0,0.0,,,0.0
159151.SZ,20260824,0.916,50700,46441.2,,,0.0
159152.SZ,20260824,0.785,212600,166891.0,,,0.0
159153.SZ,20260824,1.201,200,240.2,,,0.0
159155.SZ,20260824,0.877,46400,40692.8,,,0.0
159156.SZ,20260824,0.903,4900,4424.7,,,0.0
159157.SZ,20260824,0.862,456800,393761.6,,,0.0
159158.SZ,20260824,0.982,83500,81997.0,,,0.0
159159.SZ,20260824,0.997,8300,8275.1,,,0.0
159160.SZ,20260824,0.86,48700,41882.0,,,0.0
159161.SZ,20260824,,0,0.0,,,0.0
159162.SZ,20260824,0.856,2200,1883.2,,,0.0
159163.SZ,20260824,0.799,83000,66317.0,,,0.0
159165.SZ,20260824,0.854,700,597.8,,,0.0
159166.SZ,20260824,,0,0.0,,,0.0
159167.SZ,20260824,,0,0.0,,,0.0
159168.SZ,20260824,0.896,68800,61644.8,,,0.0
159169.SZ,20260824,1.03,8100,8343.0,,,0.0
159170.SZ,20260824,0.86,12900,11094.0,,,0.0
159171.SZ,20260824,0.824,37400,30817.6,,,0.0
159172.SZ,20260824,0.82,12400,10168.0,,,0.0
159173.SZ,20260824,,0,0.0,,,0.0
159175.SZ,20260824,,0,0.0,,,0.0
159176.SZ,20260824,,0,0.0,,,0.0
159177.SZ,20260824,,0,0.0,,,0.0
159178.SZ,20260824,1.052,14800,15569.6,,,0.0
159179.SZ,20260824,0.833,80200,66806.6,,,0.0
159180.SZ,20260824,,0,0.0,,,0.0
159181.SZ,20260824,0.895,38400,34368.0,,,0.0
159182.SZ,20260824,,0,0.0,,,0.0
159183.SZ,20260824,,0,0.0,,,0.0
159185.SZ,20260824,1.11,230300,255633.0,,,0.0
159186.SZ,20260824,,0,0.0,,,0.0
159187.SZ,20260824,0.866,5600,4849.6,,,0.0
159188.SZ,20260824,,0,0.0,,,0.0
159189.SZ,20260824,0.9,26000,23400.0,,,0.0
159190.SZ,20260824,,0,0.0,,,0.0
159191.SZ,20260824,,0,0.0,,,0.0
159192.SZ,20260824,,0,0.0,,,0.0
159193.SZ,20260824,0.815,4000,3260.0,,,0.0
159195.SZ,20260824,0.913,900,821.7,,,0.0
159196.SZ,20260824,1.246,280700,349752.2,,,0.0
159197.SZ,20260824,0.912,700,638.4,,,0.0
159198.SZ,20260824,1.25,194900,243625.0,,,0.0
159199.SZ,20260824,0.908,100,90.8,,,0.0
159200.SZ,20260824,,0,0.0,,,0.0
159201.SZ,20260824,1.176,1224400,1439894.4,,,0.0
159202.SZ,20260824,0.811,1638200,1328580.2,,,0.0
159203.SZ,20260824,,0,0.0,,,0.0
159205.SZ,20260824,1.741,266600,464150.6,,,0.0
159206.SZ,20260824,1.341,2385700,3199223.7,,,0.0
159207.SZ,20260824,1.14,4876400,5559096.0,,,0.0
159208.SZ,20260824,1.024,36800,37683.2,,,0.0
159209.SZ,20260824,1.145,87500,100187.5,,,0.0
159210.SZ,20260824,0.869,103500,89941.5,,,0.0
159211.SZ,20260824,,0,0.0,,,0.0
159212.SZ,20260824,,0,0.0,,,0.0
159213.SZ,20260824,1.154,7500,8655.0,,,0.0
159215.SZ,20260824,,0,0.0,,,0.0
159216.SZ,20260824,,0,0.0,,,0.0
159217.SZ,20260824,1.208,621100,750288.8,,,0.0
159218.SZ,20260824,1.317,87900,115764.3,,,0.0
159219.SZ,20260824,,0,0.0,,,0.0
159220.SZ,20260824,0.586,20100,11778.6,,,0.0
159221.SZ,20260824,,0,0.0,,,0.0
159222.SZ,20260824,1.262,13800,17415.6,,,0.0
159223.SZ,20260824,,0,0.0,,,0.0
159225.SZ,20260824,,0,0.0,,,0.0
159226.SZ,20260824,,0,0.0,,,0.0
159227.SZ,20260824,0.975,679900,662902.5,,,0.0
159228.SZ,20260824,,0,0.0,,,0.0
159229.SZ,20260824,,0,0.0,,,0.0
159230.SZ,20260824,0.938,7000,6566.0,,,0.0
159231.SZ,20260824,0.483,5400,2608.2,,,0.0
159232.SZ,20260824,1.194,8200,9790.8,,,0.0
159233.SZ,20260824,1.2,300,360.0,,,0.0
159235.SZ,20260824,1.227,900,1104.3,,,0.0
159236.SZ,20260824,,0,0.0,,,0.0
159237.SZ,20260824,0.9,3400,3060.0,,,0.0
159238.SZ,20260824,1.31,4300,5633.0,,,0.0
159239.SZ,20260824,0.811,19700,15976.7,,,0.0
159240.SZ,20260824,,0,0.0,,,0.0
159241.SZ,20260824,1.005,222500,223612.5,,,0.0
159242.SZ,20260824,2.115,36100,76351.5,,,0.0
159243.SZ,20260824,1.278,27000,34506.0,,,0.0
159245.SZ,20260824,0.805,21300,17146.5,,,0.0
159246.SZ,20260824,1.18,42900,50622.0,,,0.0
159247.SZ,20260824,1.064,71600,76182.4,,,0.0
159248.SZ,20260824,1.751,8500,14883.5,,,0.0
159249.SZ,20260824,,0,0.0,,,0.0
159251.SZ,20260824,0.783,23700,18557.1,,,0.0
159253.SZ,20260824,0.972,5500,5346.0,,,0.0
159255.SZ,20260824,,0,0.0,,,0.0
159256.SZ,20260824,0.81,102200,82782.0,,,0.0
159257.SZ,20260824,,0,0.0,,,0.0
159258.SZ,20260824,1.082,33000,35706.0,,,0.0
159259.SZ,20260824,1.339,826200,1106281.8,,,0.0
159260.SZ,20260824,,0,0.0,,,0.0
159261.SZ,20260824,,0,0.0,,,0.0
159262.SZ,20260824,0.86,323900,278554.0,,,0.0
159263.SZ,20260824,1.141,212200,242120.2,,,0.0
159265.SZ,20260824,0.82,12100,9922.0,,,0.0
159266.SZ,20260824,,0,0.0,,,0.0
159267.SZ,20260824,0.83,51200,42496.0,,,0.0
159268.SZ,20260824,0.791,60800,48092.8,,,0.0
159269.SZ,20260824,0.865,40000,34600.0,,,0.0
159270.SZ,20260824,,0,0.0,,,0.0
159271.SZ,20260824,0.974,4900,4772.6,,,0.0
159272.SZ,20260824,0.8,345400,276320.0,,,0.0
159273.SZ,20260824,1.417,40100,56821.7,,,0.0
159275.SZ,20260824,0.841,1800,1513.8,,,0.0
159276.SZ,20260824,,0,0.0,,,0.0
159277.SZ,20260824,1.006,3000,3018.0,,,0.0
159278.SZ,20260824,0.942,441300,415704.6,,,0.0
159279.SZ,20260824,1.418,12300,17441.4,,,0.0
159280.SZ,20260824,0.713,5900,4206.7,,,0.0
159281.SZ,20260824,0.964,22700,21882.8,,,0.0
159283.SZ,20260824,0.836,2200,1839.2,,,0.0
159285.SZ,20260824,0.792,3800,3009.6,,,0.0
159286.SZ,20260824,0.77,133100,102487.0,,,0.0
159287.SZ,20260824,1.137,19700,22398.9,,,0.0
159288.SZ,20260824,,0,0.0,,,0.0
159289.SZ,20260824,1.1,14500,15950.0,,,0.0
159290.SZ,20260824,1.161,1900,2205.9,,,0.0
159291.SZ,20260824,,0,0.0,,,0.0
159292.SZ,20260824,,0,0.0,,,0.0
159293.SZ,20260824,,0,0.0,,,0.0
159295.SZ,20260824,,0,0.0,,,0.0
159296.SZ,20260824,,0,0.0,,,0.0
159297.SZ,20260824,0.751,946900,711121.9,,,0.0
159298.SZ,20260824,1.241,2000,2482.0,,,0.0
159299.SZ,20260824,0.688,27000,18576.0,,,0.0
159300.SZ,20260824,5.018,9800,49176.4,,,0.0
159301.SZ,20260824,0.955,8200,7831.0,,,0.0
159302.SZ,20260824,1.335,2400,3204.0,,,0.0
159303.SZ,20260824,1.643,24200,39760.6,,,0.0
159305.SZ,20260824,0.837,100,83.7,,,0.0
159306.SZ,20260824,,0,0.0,,,0.0
159307.SZ,20260824,1.016,5690100,5781141.6,,,0.0
159309.SZ,20260824,1.416,106000,150096.0,,,0.0
159310.SZ,20260824,2.845,20100,57184.5,,,0.0
159311.SZ,20260824,,0,0.0,,,0.0
159312.SZ,20260824,,0,0.0,,,0.0
159315.SZ,20260824,1.878,234300,440015.4,,,0.0
159316.SZ,20260824,1.179,1051000,1239129.0,,,0.0
159318.SZ,20260824,1.318,2400,3163.2,,,0.0
159320.SZ,20260824,0.63,381100,240093.0,,,0.0
159321.SZ,20260824,1.761,619300,1090587.3,,,0.0
159322.SZ,20260824,1.863,252100,469662.3,,,0.0
159323.SZ,20260824,1.089,26000,28314.0,,,0.0
159325.SZ,20260824,2.147,117500,252272.5,,,0.0
159326.SZ,20260824,1.682,588700,990193.4,,,0.0
159327.SZ,20260824,1.169,757100,885049.9,,,0.0
159328.SZ,20260824,,0,0.0,,,0.0
159329.SZ,20260824,0.913,878800,802344.4,,,0.0
159330.SZ,20260824,1.447,31900,46159.3,,,0.0
159331.SZ,20260824,1.324,3100,4104.4,,,0.0
159332.SZ,20260824,,0,0.0,,,0.0
159333.SZ,20260824,1.361,2400,3266.4,,,0.0
159335.SZ,20260824,1.507,100,150.7,,,0.0
159336.SZ,20260824,,0,0.0,,,0.0
159337.SZ,20260824,1.795,3000,5385.0,,,0.0
159338.SZ,20260824,1.224,445700,545536.8,,,0.0
159339.SZ,20260824,,0,0.0,,,0.0
159350.SZ,20260824,1.59,400,636.0,,,0.0
159351.SZ,20260824,1.224,7600,9302.4,,,0.0
159352.SZ,20260824,1.273,245100,312012.3,,,0.0
159353.SZ,20260824,,0,0.0,,,0.0
159355.SZ,20260824,,0,0.0,,,0.0
159356.SZ,20260824,,0,0.0,,,0.0
159357.SZ,20260824,,0,0.0,,,0.0
159358.SZ,20260824,,0,0.0,,,0.0
159359.SZ,20260824,1.283,100,128.3,,,0.0
159360.SZ,20260824,,0,0.0,,,0.0
159361.SZ,20260824,1.248,18800,23462.4,,,0.0
159362.SZ,20260824,,0,0.0,,,0.0
159363.SZ,20260824,1.254,714600,896108.4,,,0.0
159365.SZ,20260824,1.019,100,101.9,,,0.0
159366.SZ,20260824,1.502,227900,342305.8,,,0.0
159367.SZ,20260824,1.77,3400,6018.0,,,0.0
159368.SZ,20260824,0.676,25300,17102.8,,,0.0
159369.SZ,20260824,1.433,3000,4299.0,,,0.0
159370.SZ,20260824,,0,0.0,,,0.0
159371.SZ,20260824,,0,0.0,,,0.0
159372.SZ,20260824,,0,0.0,,,0.0
159373.SZ,20260824,1.796,9700,17421.2,,,0.0
159375.SZ,20260824,,0,0.0,,,0.0
159376.SZ,20260824,,0,0.0,,,0.0
159377.SZ,20260824,1.021,116200,118640.2,,,0.0
159378.SZ,20260824,0.989,28600,28285.4,,,0.0
159379.SZ,20260824,,0,0.0,,,0.0
159380.SZ,20260824,1.365,32400,44226.0,,,0.0
159381.SZ,20260824,1.187,259000,307433.0,,,0.0
159382.SZ,20260824,2.655,614200,1630701.0,,,0.0
159383.SZ,20260824,1.752,500,876.0,,,0.0
159385.SZ,20260824,,0,0.0,,,0.0
159386.SZ,20260824,,0,0.0,,,0.0
159387.SZ,20260824,0.747,7100,5303.7,,,0.0
159388.SZ,20260824,1.025,13200,13530.0,,,0.0
159389.SZ,20260824,,0,0.0,,,0.0
159390.SZ,20260824,,0,0.0,,,0.0
159391.SZ,20260824,,0,0.0,,,0.0
159392.SZ,20260824,,0,0.0,,,0.0
159393.SZ,20260824,4.963,2300,11414.9,,,0.0
159395.SZ,20260824,,0,0.0,,,0.0
159396.SZ,20260824,103.378,200,20675.6,,,0.0
159397.SZ,20260824,,0,0.0,,,0.0
159398.SZ,20260824,,0,0.0,,,0.0
159399.SZ,20260824,1.009,140100,141360.9,,,0.0
159400.SZ,20260824,,0,0.0,,,0.0
159500.SZ,20260824,1.181,22100,26100.1,,,0.0
159501.SZ,20260824,,0,0.0,,,0.0
159502.SZ,20260824,1.656,1467700,2430511.2,,,0.0
159505.SZ,20260824,,0,0.0,,,0.0
159506.SZ,20260824,1.329,472500,627952.5,,,0.0
159507.SZ,20260824,0.88,203700,179256.0,,,0.0
159508.SZ,20260824,0.844,17800,15023.2,,,0.0
159509.SZ,20260824,,0,0.0,,,0.0
159510.SZ,20260824,,0,0.0,,,0.0
159511.SZ,20260824,2.42,9300,22506.0,,,0.0
159512.SZ,20260824,1.037,29600,30695.2,,,0.0
159513.SZ,20260824,1.798,262700,472334.6,,,0.0
159515.SZ,20260824,,0,0.0,,,0.0
159516.SZ,20260824,0.73,23132125,16886451.25,,,0.0
159517.SZ,20260824,,0,0.0,,,0.0
159518.SZ,20260824,1.263,1358400,1715659.2,,,0.0
159519.SZ,20260824,1.79,1400,2506.0,,,0.0
159520.SZ,20260824,,0,0.0,,,0.0
159521.SZ,20260824,,0,0.0,,,0.0
159523.SZ,20260824,1.276,79900,101952.4,,,0.0
159525.SZ,20260824,1.097,200,219.4,,,0.0
159526.SZ,20260824,1.421,3900,5541.9,,,0.0
159527.SZ,20260824,0.711,3100,2204.1,,,0.0
159528.SZ,20260824,1.248,200,249.6,,,0.0
159529.SZ,20260824,1.3,61200,79560.0,,,0.0
159530.SZ,20260824,1.325,1484300,1966697.5,,,0.0
159531.SZ,20260824,1.441,223700,322351.7,,,0.0
159532.SZ,20260824,1.627,8000,13016.0,,,0.0
159533.SZ,20260824,,0,0.0,,,0.0
159535.SZ,20260824,,0,0.0,,,0.0
159536.SZ,20260824,1.383,100,138.3,,,0.0
159537.SZ,20260824,0.891,7000,6237.0,,,0.0
159538.SZ,20260824,0.9,34200,30780.0,,,0.0
159539.SZ,20260824,,0,0.0,,,0.0
159540.SZ,20260824,1.926,3300,6355.8,,,0.0
159541.SZ,20260824,,0,0.0,,,0.0
159542.SZ,20260824,,0,0.0,,,0.0
159543.SZ,20260824,,0,0.0,,,0.0
159545.SZ,20260824,1.332,138100,183949.2,,,0.0
159546.SZ,20260824,0.77,30200,23254.0,,,0.0
159547.SZ,20260824,1.199,20000,23980.0,,,0.0
159549.SZ,20260824,,0,0.0,,,0.0
159550.SZ,20260824,0.804,184800,148579.2,,,0.0
159551.SZ,20260824,1.248,47600,59404.8,,,0.0
159552.SZ,20260824,2.233,288500,644220.5,,,0.0
159553.SZ,20260824,,0,0.0,,,0.0
159555.SZ,20260824,1.742,2100,3658.2,,,0.0
159556.SZ,20260824,1.229,1600,1966.4,,,0.0
159557.SZ,20260824,1.509,34600,52211.4,,,0.0
159558.SZ,20260824,1.146,6393700,7327180.2,,,0.0
159559.SZ,20260824,1.196,173700,207745.2,,,0.0
159560.SZ,20260824,2.298,26400,60667.2,,,0.0
159561.SZ,20260824,1.374,508800,699091.2,,,0.0
159562.SZ,20260824,2.501,1537200,3844537.2,,,0.0
159563.SZ,20260824,1.828,1600,2924.8,,,0.0
159565.SZ,20260824,1.29,100,129.0,,,0.0
159566.SZ,20260824,1.874,194600,364680.4,,,0.0
159567.SZ,20260824,0.719,5019300,3608876.7,,,0.0
159568.SZ,20260824,1.145,375800,430291.0,,,0.0
159569.SZ,20260824,1.426,22300,31799.8,,,0.0
159570.SZ,20260824,1.487,5992200,8910401.4,,,0.0
159571.SZ,20260824,,0,0.0,,,0.0
159572.SZ,20260824,1.431,10200,14596.2,,,0.0
159573.SZ,20260824,,0,0.0,,,0.0
159575.SZ,20260824,,0,0.0,,,0.0
159576.SZ,20260824,,0,0.0,,,0.0
159577.SZ,20260824,1.625,924800,1502800.0,,,0.0
159578.SZ,20260824,,0,0.0,,,0.0
159581.SZ,20260824,1.067,9200,9816.4,,,0.0
159582.SZ,20260824,0.769,529700,407339.3,,,0.0
159583.SZ,20260824,1.68,1693600,2845248.0,,,0.0
159586.SZ,20260824,,0,0.0,,,0.0
159587.SZ,20260824,1.15,417500,480125.0,,,0.0
159588.SZ,20260824,1.268,79600,100932.8,,,0.0
159589.SZ,20260824,1.101,10100,11120.1,,,0.0
159590.SZ,20260824,0.876,53400,46778.4,,,0.0
159591.SZ,20260824,1.392,3000,4176.0,,,0.0
159592.SZ,20260824,,0,0.0,,,0.0
159593.SZ,20260824,1.378,500,689.0,,,0.0
159595.SZ,20260824,,0,0.0,,,0.0
159596.SZ,20260824,,0,0.0,,,0.0
159597.SZ,20260824,0.821,26000,21346.0,,,0.0
159599.SZ,20260824,2.809,230800,648317.2,,,0.0
159600.SZ,20260824,,0,0.0,,,0.0
159601.SZ,20260824,1.134,5300,6010.2,,,0.0
159602.SZ,20260824,,0,0.0,,,0.0
159603.SZ,20260824,,0,0.0,,,0.0
159605.SZ,20260824,0.811,4083400,3311637.4,,,0.0
159606.SZ,20260824,1.352,3000,4056.0,,,0.0
159607.SZ,20260824,0.806,672100,541712.6,,,0.0
159608.SZ,20260824,1.121,438600,491670.6,,,0.0
159609.SZ,20260824,0.497,24500,12176.5,,,0.0
159610.SZ,20260824,,0,0.0,,,0.0
159611.SZ,20260824,1.025,6855700,7027092.5,,,0.0
159612.SZ,20260824,2.064,146000,301344.0,,,0.0
159613.SZ,20260824,,0,0.0,,,0.0
159615.SZ,20260824,1.183,102300,121020.9,,,0.0
159616.SZ,20260824,,0,0.0,,,0.0
159617.SZ,20260824,,0,0.0,,,0.0
159618.SZ,20260824,0.672,200,134.4,,,0.0
159619.SZ,20260824,0.93,300,279.0,,,0.0
159620.SZ,20260824,,0,0.0,,,0.0
159621.SZ,20260824,,0,0.0,,,0.0
159622.SZ,20260824,1.21,713400,863214.0,,,0.0
159623.SZ,20260824,,0,0.0,,,0.0
159625.SZ,20260824,1.183,33600,39748.8,,,0.0
159627.SZ,20260824,,0,0.0,,,0.0
159628.SZ,20260824,1.389,86200,119731.8,,,0.0
159629.SZ,20260824,3.174,33300,105694.2,,,0.0
159630.SZ,20260824,,0,0.0,,,0.0
159631.SZ,20260824,,0,0.0,,,0.0
159632.SZ,20260824,2.44,1212200,2957768.0,,,0.0
159633.SZ,20260824,3.24,159700,517428.0,,,0.0
159635.SZ,20260824,,0,0.0,,,0.0
159636.SZ,20260824,0.532,8344300,4439167.6,,,0.0
159637.SZ,20260824,0.826,2200,1817.2,,,0.0
159638.SZ,20260824,0.812,410600,333407.2,,,0.0
159639.SZ,20260824,,0,0.0,,,0.0
159640.SZ,20260824,,0,0.0,,,0.0
159641.SZ,20260824,,0,0.0,,,0.0
159642.SZ,20260824,,0,0.0,,,0.0
159643.SZ,20260824,0.575,483900,278242.5,,,0.0
159645.SZ,20260824,0.638,87100,55569.8,,,0.0
159647.SZ,20260824,0.886,60400,53514.4,,,0.0
159649.SZ,20260824,110.283,100,11028.3,,,0.0
159650.SZ,20260824,107.958,300,32387.4,,,0.0
159651.SZ,20260824,,0,0.0,,,0.0
159652.SZ,20260824,1.705,1853500,3160217.5,,,0.0
159653.SZ,20260824,,0,0.0,,,0.0
159655.SZ,20260824,2.008,325200,653001.6,,,0.0
159656.SZ,20260824,,0,0.0,,,0.0
159657.SZ,20260824,0.619,28700,17765.3,,,0.0
159658.SZ,20260824,,0,0.0,,,0.0
159659.SZ,20260824,2.333,263600,614978.8,,,0.0
159660.SZ,20260824,2.356,212200,499943.2,,,0.0
159661.SZ,20260824,,0,0.0,,,0.0
159662.SZ,20260824,,0,0.0,,,0.0
159663.SZ,20260824,1.004,9900,9939.6,,,0.0
159665.SZ,20260824,2.444,9800,23951.2,,,0.0
159666.SZ,20260824,0.976,57200,55827.2,,,0.0
159667.SZ,20260824,0.675,1084900,732307.5,,,0.0
159669.SZ,20260824,1.092,51300,56019.6,,,0.0
159670.SZ,20260824,,0,0.0,,,0.0
159671.SZ,20260824,1.377,286400,394372.8,,,0.0
159672.SZ,20260824,,0,0.0,,,0.0
159673.SZ,20260824,1.289,100,128.9,,,0.0
159675.SZ,20260824,1.452,100,145.2,,,0.0
159676.SZ,20260824,1.642,6600,10837.2,,,0.0
159677.SZ,20260824,,0,0.0,,,0.0
159678.SZ,20260824,,0,0.0,,,0.0
159679.SZ,20260824,1.274,10800,13759.2,,,0.0
159680.SZ,20260824,1.669,234600,391547.4,,,0.0
159681.SZ,20260824,1.653,9000,14877.0,,,0.0
159682.SZ,20260824,1.629,441100,718551.9,,,0.0
159685.SZ,20260824,,0,0.0,,,0.0
159686.SZ,20260824,,0,0.0,,,0.0
159687.SZ,20260824,1.829,509700,932241.3,,,0.0
159688.SZ,20260824,0.766,2065400,1582096.4,,,0.0
159689.SZ,20260824,,0,0.0,,,0.0
159690.SZ,20260824,2.051,147800,303137.8,,,0.0
159691.SZ,20260824,1.227,56500,69325.5,,,0.0
159692.SZ,20260824,1.192,160700,191554.4,,,0.0
159695.SZ,20260824,0.96,125600,120576.0,,,0.0
159696.SZ,20260824,,0,0.0,,,0.0
159697.SZ,20260824,1.34,45700,61238.0,,,0.0
159698.SZ,20260824,0.892,787800,702717.6,,,0.0
159699.SZ,20260824,0.907,24800,22493.6,,,0.0
159700.SZ,20260824,,0,0.0,,,0.0
159701.SZ,20260824,,0,0.0,,,0.0
159703.SZ,20260824,,0,0.0,,,0.0
159706.SZ,20260824,,0,0.0,,,0.0
159707.SZ,20260824,0.485,63000,30555.0,,,0.0
159708.SZ,20260824,,0,0.0,,,0.0
159709.SZ,20260824,,0,0.0,,,0.0
159711.SZ,20260824,1.346,900,1211.4,,,0.0
159712.SZ,20260824,1.25,208800,261000.0,,,0.0
159713.SZ,20260824,1.283,107900,138435.7,,,0.0
159715.SZ,20260824,1.189,146400,174069.6,,,0.0
159716.SZ,20260824,,0,0.0,,,0.0
159717.SZ,20260824,,0,0.0,,,0.0
159718.SZ,20260824,0.924,22100,20420.4,,,0.0
159719.SZ,20260824,,0,0.0,,,0.0
159720.SZ,20260824,,0,0.0,,,0.0
159721.SZ,20260824,,0,0.0,,,0.0
159723.SZ,20260824,,0,0.0,,,0.0
159725.SZ,20260824,0.752,55700,41886.4,,,0.0
159726.SZ,20260824,,0,0.0,,,0.0
159728.SZ,20260824,,0,0.0,,,0.0
159729.SZ,20260824,,0,0.0,,,0.0
159730.SZ,20260824,,0,0.0,,,0.0
159731.SZ,20260824,0.95,14200,13490.0,,,0.0
159732.SZ,20260824,1.382,417600,577123.2,,,0.0
159735.SZ,20260824,0.677,139500,94441.5,,,0.0
159736.SZ,20260824,0.586,34800,20392.8,,,0.0
159738.SZ,20260824,2.038,18400,37499.2,,,0.0
159739.SZ,20260824,0.792,71800,56865.6,,,0.0
159740.SZ,20260824,0.586,14857200,8706319.2,,,0.0
159741.SZ,20260824,0.589,729000,429381.0,,,0.0
159742.SZ,20260824,0.602,3217800,1937115.6,,,0.0
159743.SZ,20260824,,0,0.0,,,0.0
159745.SZ,20260824,0.525,163100,85627.5,,,0.0
159747.SZ,20260824,1.192,15800,18833.6,,,0.0
159748.SZ,20260824,0.861,233600,201129.6,,,0.0
159750.SZ,20260824,0.885,247200,218772.0,,,0.0
159751.SZ,20260824,0.903,266200,240378.6,,,0.0
159752.SZ,20260824,0.618,13600,8404.8,,,0.0
159755.SZ,20260824,0.965,396000,382140.0,,,0.0
159757.SZ,20260824,0.801,100,80.1,,,0.0
159758.SZ,20260824,1.125,342800,385650.0,,,0.0
159760.SZ,20260824,,0,0.0,,,0.0
159761.SZ,20260824,0.818,31300,25603.4,,,0.0
159763.SZ,20260824,0.739,400,295.6,,,0.0
159766.SZ,20260824,0.553,1610000,890330.0,,,0.0
159767.SZ,20260824,,0,0.0,,,0.0
159768.SZ,20260824,0.435,72900,31711.5,,,0.0
159770.SZ,20260824,0.993,299700,297602.1,,,0.0
159773.SZ,20260824,,0,0.0,,,0.0
159775.SZ,20260824,,0,0.0,,,0.0
159776.SZ,20260824,1.24,17000,21080.0,,,0.0
159777.SZ,20260824,1.246,1600,1993.6,,,0.0
159778.SZ,20260824,,0,0.0,,,0.0
159779.SZ,20260824,,0,0.0,,,0.0
159780.SZ,20260824,1.109,43000,47687.0,,,0.0
159781.SZ,20260824,1.107,371600,411361.2,,,0.0
159782.SZ,20260824,1.113,32500,36172.5,,,0.0
159783.SZ,20260824,1.112,14700,16346.4,,,0.0
159786.SZ,20260824,1.154,1900,2192.6,,,0.0
159787.SZ,20260824,,0,0.0,,,0.0
159788.SZ,20260824,1.24,16300,20212.0,,,0.0
159790.SZ,20260824,0.712,9700,6906.4,,,0.0
159791.SZ,20260824,,0,0.0,,,0.0
159792.SZ,20260824,0.582,52285800,30430335.6,,,0.0
159793.SZ,20260824,,0,0.0,,,0.0
159795.SZ,20260824,0.865,4000,3460.0,,,0.0
159796.SZ,20260824,0.869,448700,389920.3,,,0.0
159797.SZ,20260824,,0,0.0,,,0.0
159798.SZ,20260824,0.845,25800,21801.0,,,0.0
159800.SZ,20260824,,0,0.0,,,0.0
159801.SZ,20260824,1.15,636300,731745.0,,,0.0
159804.SZ,20260824,,0,0.0,,,0.0
159805.SZ,20260824,1.132,20400,23092.8,,,0.0
159806.SZ,20260824,0.721,1400,1009.4,,,0.0
159807.SZ,20260824,0.921,18400,16946.4,,,0.0
159808.SZ,20260824,,0,0.0,,,0.0
159810.SZ,20260824,,0,0.0,,,0.0
159811.SZ,20260824,3.013,7200,21693.6,,,0.0
159812.SZ,20260824,9.445,600,5667.0,,,0.0
159813.SZ,20260824,0.742,957600,710539.2,,,0.0
159814.SZ,20260824,0.735,1300,955.5,,,0.0
159816.SZ,20260824,,0,0.0,,,0.0
159819.SZ,20260824,1.753,365800,641247.4,,,0.0
159820.SZ,20260824,,0,0.0,,,0.0
159821.SZ,20260824,,0,0.0,,,0.0
159822.SZ,20260824,,0,0.0,,,0.0
159824.SZ,20260824,,0,0.0,,,0.0
159825.SZ,20260824,0.721,494200,356318.2,,,0.0
159827.SZ,20260824,0.778,16300,12681.4,,,0.0
159828.SZ,20260824,0.433,585300,253434.9,,,0.0
159830.SZ,20260824,9.951,42900,426897.9,,,0.0
159831.SZ,20260824,9.601,12200,117132.2,,,0.0
159834.SZ,20260824,9.958,68700,684114.6,,,0.0
159835.SZ,20260824,0.69,31300,21597.0,,,0.0
159836.SZ,20260824,,0,0.0,,,0.0
159837.SZ,20260824,0.52,300800,156416.0,,,0.0
159838.SZ,20260824,,0,0.0,,,0.0
159839.SZ,20260824,0.384,657200,252364.8,,,0.0
159840.SZ,20260824,0.779,114300,89039.7,,,0.0
159841.SZ,20260824,0.964,602700,581002.8,,,0.0
159842.SZ,20260824,1.013,261900,265304.7,,,0.0
159843.SZ,20260824,0.538,3900,2098.2,,,0.0
159845.SZ,20260824,3.167,496400,1572098.8,,,0.0
159847.SZ,20260824,0.416,232500,96720.0,,,0.0
159848.SZ,20260824,0.85,12500,10625.0,,,0.0
159849.SZ,20260824,0.521,10100,5262.1,,,0.0
159850.SZ,20260824,0.825,79800,65835.0,,,0.0
159851.SZ,20260824,0.607,566000,343562.0,,,0.0
159852.SZ,20260824,0.672,2332500,1567440.0,,,0.0
159855.SZ,20260824,0.716,47900,34296.4,,,0.0
159856.SZ,20260824,0.588,1400,823.2,,,0.0
159857.SZ,20260824,0.729,128900,93968.1,,,0.0
159858.SZ,20260824,0.715,179400,128271.0,,,0.0
159859.SZ,20260824,0.413,4244900,1753143.7,,,0.0
159861.SZ,20260824,,0,0.0,,,0.0
159862.SZ,20260824,0.544,40100,21814.4,,,0.0
159863.SZ,20260824,0.569,900,512.1,,,0.0
159864.SZ,20260824,,0,0.0,,,0.0
159865.SZ,20260824,0.529,2898300,1533200.7,,,0.0
159866.SZ,20260824,1.676,516900,866324.4,,,0.0
159867.SZ,20260824,0.539,154400,83221.6,,,0.0
159869.SZ,20260824,1.075,987600,1061670.0,,,0.0
159870.SZ,20260824,0.811,643900,522202.9,,,0.0
159871.SZ,20260824,0.999,436400,435963.6,,,0.0
159872.SZ,20260824,,0,0.0,,,0.0
159873.SZ,20260824,0.533,31200,16629.6,,,0.0
159875.SZ,20260824,0.599,555000,332445.0,,,0.0
159876.SZ,20260824,1.021,766900,783004.9,,,0.0
159877.SZ,20260824,0.517,800,413.6,,,0.0
159880.SZ,20260824,1.007,67900,68375.3,,,0.0
159881.SZ,20260824,0.956,288000,275328.0,,,0.0
159883.SZ,20260824,0.443,700700,310410.1,,,0.0
159885.SZ,20260824,,0,0.0,,,0.0
159886.SZ,20260824,,0,0.0,,,0.0
159887.SZ,20260824,1.331,1287000,1712997.0,,,0.0
159888.SZ,20260824,,0,0.0,,,0.0
159889.SZ,20260824,,0,0.0,,,0.0
159890.SZ,20260824,1.714,1000,1714.0,,,0.0
159891.SZ,20260824,0.388,46900,18197.2,,,0.0
159892.SZ,20260824,0.821,2688500,2207258.5,,,0.0
159895.SZ,20260824,,0,0.0,,,0.0
159896.SZ,20260824,,0,0.0,,,0.0
159898.SZ,20260824,0.497,58300,28975.1,,,0.0
159899.SZ,20260824,0.702,46300,32502.6,,,0.0
159901.SZ,20260824,3.67,46200,169554.0,,,0.0
159902.SZ,20260824,,0,0.0,,,0.0
159903.SZ,20260824,1.717,247300,424614.1,,,0.0
159905.SZ,20260824,1.69,4000,6760.0,,,0.0
159906.SZ,20260824,1.748,3500,6118.0,,,0.0
159907.SZ,20260824,,0,0.0,,,0.0
159908.SZ,20260824,3.318,11200,37161.6,,,0.0
159909.SZ,20260824,1.334,10600,14140.4,,,0.0
159910.SZ,20260824,,0,0.0,,,0.0
159912.SZ,20260824,,0,0.0,,,0.0
159913.SZ,20260824,,0,0.0,,,0.0
159915.SZ,20260824,3.557,7446282,26486425.074,,,0.0
159916.SZ,20260824,,0,0.0,,,0.0
159918.SZ,20260824,,0,0.0,,,0.0
159919.SZ,20260824,4.886,62300,304397.8,,,0.0
159920.SZ,20260824,1.513,1149100,1738588.3,,,0.0
159922.SZ,20260824,3.188,6400,20403.2,,,0.0
159923.SZ,20260824,,0,0.0,,,0.0
159925.SZ,20260824,4.755,19000,90345.0,,,0.0
159928.SZ,20260824,0.658,1573700,1035494.6,,,0.0
159929.SZ,20260824,1.352,73300,99101.6,,,0.0
159930.SZ,20260824,1.749,72200,126277.8,,,0.0
159931.SZ,20260824,,0,0.0,,,0.0
159933.SZ,20260824,,0,0.0,,,0.0
159934.SZ,20260824,9.914,543700,5390241.8,,,0.0
159935.SZ,20260824,,0,0.0,,,0.0
159936.SZ,20260824,,0,0.0,,,0.0
159937.SZ,20260824,9.49,456300,4330287.0,,,0.0
159938.SZ,20260824,0.659,1283400,845760.6,,,0.0
159939.SZ,20260824,1.106,71300,78857.8,,,0.0
159940.SZ,20260824,,0,0.0,,,0.0
159941.SZ,20260824,,0,0.0,,,0.0
159943.SZ,20260824,1.553,50400,78271.2,,,0.0
159944.SZ,20260824,,0,0.0,,,0.0
159945.SZ,20260824,1.399,112500,157387.5,,,0.0
159948.SZ,20260824,3.934,1800,7081.2,,,0.0
159949.SZ,20260824,1.675,2639100,4420492.5,,,0.0
159952.SZ,20260824,2.159,394800,852373.2,,,0.0
159954.SZ,20260824,0.935,93600,87516.0,,,0.0
159956.SZ,20260824,,0,0.0,,,0.0
159957.SZ,20260824,2.335,35400,82659.0,,,0.0
159958.SZ,20260824,2.151,2800,6022.8,,,0.0
159959.SZ,20260824,,0,0.0,,,0.0
159960.SZ,20260824,0.876,2300,2014.8,,,0.0
159961.SZ,20260824,,0,0.0,,,0.0
159964.SZ,20260824,,0,0.0,,,0.0
159965.SZ,20260824,1.618,1100,1779.8,,,0.0
159966.SZ,20260824,0.551,200,110.2,,,0.0
159967.SZ,20260824,0.808,1462600,1181780.8,,,0.0
159968.SZ,20260824,,0,0.0,,,0.0
159970.SZ,20260824,,0,0.0,,,0.0
159971.SZ,20260824,1.238,128700,159330.6,,,0.0
159972.SZ,20260824,119.816,100,11981.6,,,0.0
159973.SZ,20260824,,0,0.0,,,0.0
159974.SZ,20260824,,0,0.0,,,0.0
159975.SZ,20260824,,0,0.0,,,0.0
159976.SZ,20260824,,0,0.0,,,0.0
159977.SZ,20260824,1.848,133900,247447.2,,,0.0
159980.SZ,20260824,2.151,1564700,3365669.7,,,0.0
159981.SZ,20260824,1.569,772400,1211895.6,,,0.0
159982.SZ,20260824,,0,0.0,,,0.0
159985.SZ,20260824,2.168,620400,1345027.2,,,0.0
159991.SZ,20260824,0.842,2900,2441.8,,,0.0
159992.SZ,20260824,0.888,4946400,4392403.2,,,0.0
159993.SZ,20260824,1.152,208000,239616.0,,,0.0
159994.SZ,20260824,1.288,494300,636658.4,,,0.0
159995.SZ,20260824,1.158,1584300,1834619.4,,,0.0
159996.SZ,20260824,1.418,40900,57996.2,,,0.0
159997.SZ,20260824,2.102,38200,80296.4,,,0.0
159998.SZ,20260824,0.967,17900,17309.3,,,0.0
160105.SZ,20260824,,0,0.0,,,0.0
160106.SZ,20260824,,0,0.0,,,0.0
160119.SZ,20260824,,0,0.0,,,0.0
160125.SZ,20260824,,0,0.0,,,0.0
160127.SZ,20260824,,0,0.0,,,0.0
160128.SZ,20260824,,0,0.0,,,0.0
160133.SZ,20260824,,0,0.0,,,0.0
160135.SZ,20260824,,0,0.0,,,0.0
160140.SZ,20260824,1.452,7100,10309.2,,,0.0
160142.SZ,20260824,,0,0.0,,,0.0
160143.SZ,20260824,,0,0.0,,,0.0
160211.SZ,20260824,,0,0.0,,,0.0
160212.SZ,20260824,3.449,858,2959.242,,,0.0
160215.SZ,20260824,3.702,500,1851.0,,,0.0
160216.SZ,20260824,0.668,124354,83068.472,,,0.0
160218.SZ,20260824,,0,0.0,,,0.0
160219.SZ,20260824,0.576,600,345.6,,,0.0
160220.SZ,20260824,4.754,2500,11885.0,,,0.0
160221.SZ,20260824,,0,0.0,,,0.0
160222.SZ,20260824,,0,0.0,,,0.0
160223.SZ,20260824,,0,0.0,,,0.0
160225.SZ,20260824,,0,0.0,,,0.0
160311.SZ,20260824,,0,0.0,,,0.0
160314.SZ,20260824,,0,0.0,,,0.0
160322.SZ,20260824,,0,0.0,,,0.0
160323.SZ,20260824,,0,0.0,,,0.0
160324.SZ,20260824,,0,0.0,,,0.0
160325.SZ,20260824,,0,0.0,,,0.0
160326.SZ,20260824,,0,0.0,,,0.0
160416.SZ,20260824,2.18,60100,131018.0,,,0.0
160421.SZ,20260824,,0,0.0,,,0.0
160505.SZ,20260824,,0,0.0,,,0.0
160512.SZ,20260824,,0,0.0,,,0.0
160513.SZ,20260824,,0,0.0,,,0.0
160515.SZ,20260824,,0,0.0,,,0.0
160518.SZ,20260824,,0,0.0,,,0.0
160526.SZ,20260824,,0,0.0,,,0.0
160527.SZ,20260824,,0,0.0,,,0.0
160529.SZ,20260824,,0,0.0,,,0.0
160607.SZ,20260824,,0,0.0,,,0.0
160610.SZ,20260824,,0,0.0,,,0.0
160611.SZ,20260824,,0,0.0,,,0.0
160613.SZ,20260824,,0,0.0,,,0.0
160615.SZ,20260824,,0,0.0,,,0.0
160616.SZ,20260824,,0,0.0,,,0.0
160617.SZ,20260824,,0,0.0,,,0.0
160618.SZ,20260824,,0,0.0,,,0.0
160620.SZ,20260824,,0,0.0,,,0.0
160621.SZ,20260824,,0,0.0,,,0.0
160622.SZ,20260824,,0,0.0,,,0.0
160625.SZ,20260824,0.829,10700,8870.3,,,0.0
160626.SZ,20260824,,0,0.0,,,0.0
160628.SZ,20260824,,0,0.0,,,0.0
160629.SZ,20260824,,0,0.0,,,0.0
160630.SZ,20260824,,0,0.0,,,0.0
160631.SZ,20260824,,0,0.0,,,0.0
160632.SZ,20260824,0.263,66500,17489.5,,,0.0
160633.SZ,20260824,,0,0.0,,,0.0
160635.SZ,20260824,,0,0.0,,,0.0
160637.SZ,20260824,1.642,100,164.2,,,0.0
160638.SZ,20260824,,0,0.0,,,0.0
160639.SZ,20260824,,0,0.0,,,0.0
160641.SZ,20260824,,0,0.0,,,0.0
160642.SZ,20260824,,0,0.0,,,0.0
160643.SZ,20260824,,0,0.0,,,0.0
160644.SZ,20260824,1.731,234008,405067.848,,,0.0
160706.SZ,20260824,1.19,1000,1190.0,,,0.0
160716.SZ,20260824,,0,0.0,,,0.0
160717.SZ,20260824,0.734,100,73.4,,,0.0
160719.SZ,20260824,2.033,144766,294309.278,,,0.0
160722.SZ,20260824,,0,0.0,,,0.0
160723.SZ,20260824,2.06,1757400,3620244.0,,,0.0
160726.SZ,20260824,,0,0.0,,,0.0
160805.SZ,20260824,0.773,1300,1004.9,,,0.0
160806.SZ,20260824,,0,0.0,,,0.0
160807.SZ,20260824,,0,0.0,,,0.0
160812.SZ,20260824,,0,0.0,,,0.0
160813.SZ,20260824,,0,0.0,,,0.0
160910.SZ,20260824,,0,0.0,,,0.0
160916.SZ,20260824,,0,0.0,,,0.0
160918.SZ,20260824,,0,0.0,,,0.0
160919.SZ,20260824,,0,0.0,,,0.0
160921.SZ,20260824,,0,0.0,,,0.0
160924.SZ,20260824,,0,0.0,,,0.0
160925.SZ,20260824,,0,0.0,,,0.0
160926.SZ,20260824,,0,0.0,,,0.0
161005.SZ,20260824,,0,0.0,,,0.0
161010.SZ,20260824,,0,0.0,,,0.0
161014.SZ,20260824,,0,0.0,,,0.0
161015.SZ,20260824,,0,0.0,,,0.0
161017.SZ,20260824,,0,0.0,,,0.0
161019.SZ,20260824,,0,0.0,,,0.0
161024.SZ,20260824,1.082,100,108.2,,,0.0
161025.SZ,20260824,,0,0.0,,,0.0
161026.SZ,20260824,,0,0.0,,,0.0
161027.SZ,20260824,,0,0.0,,,0.0
161028.SZ,20260824,,0,0.0,,,0.0
161029.SZ,20260824,,0,0.0,,,0.0
161030.SZ,20260824,,0,0.0,,,0.0
161031.SZ,20260824,,0,0.0,,,0.0
161032.SZ,20260824,2.31,700,1617.0,,,0.0
161033.SZ,20260824,,0,0.0,,,0.0
161035.SZ,20260824,1.321,100,132.1,,,0.0
161036.SZ,20260824,,0,0.0,,,0.0
161037.SZ,20260824,,0,0.0,,,0.0
161038.SZ,20260824,,0,0.0,,,0.0
161039.SZ,20260824,,0,0.0,,,0.0
161040.SZ,20260824,,0,0.0,,,0.0
161115.SZ,20260824,1.755,23000,40365.0,,,0.0
161116.SZ,20260824,1.69,743300,1256177.0,,,0.0
161117.SZ,20260824,,0,0.0,,,0.0
161118.SZ,20260824,,0,0.0,,,0.0
161119.SZ,20260824,1.802,733700,1322127.4,,,0.0
161121.SZ,20260824,,0,0.0,,,0.0
161122.SZ,20260824,,0,0.0,,,0.0
161123.SZ,20260824,,0,0.0,,,0.0
161124.SZ,20260824,0.897,6624,5941.728,,,0.0
161125.SZ,20260824,3.25,22551,73290.75,,,0.0
161126.SZ,20260824,2.171,49300,107030.3,,,0.0
161127.SZ,20260824,2.177,148200,322631.4,,,0.0
161128.SZ,20260824,6.901,222500,1535472.5,,,0.0
161129.SZ,20260824,1.775,2946672,5230342.8,,,0.0
161130.SZ,20260824,4.636,1284,5952.624,,,0.0
161131.SZ,20260824,,0,0.0,,,0.0
161132.SZ,20260824,,0,0.0,,,0.0
161133.SZ,20260824,,0,0.0,,,0.0
161216.SZ,20260824,,0,0.0,,,0.0
161217.SZ,20260824,2.323,3700,8595.1,,,0.0
161219.SZ,20260824,,0,0.0,,,0.0
161222.SZ,20260824,,0,0.0,,,0.0
161224.SZ,20260824,1.361,200,272.2,,,0.0
161225.SZ,20260824,,0,0.0,,,0.0
161226.SZ,20260824,1.999,10405504,20800602.496,,,0.0
161227.SZ,20260824,,0,0.0,,,0.0
161229.SZ,20260824,1.406,1900,2671.4,,,0.0
161232.SZ,20260824,,0,0.0,,,0.0
161233.SZ,20260824,,0,0.0,,,0.0
161505.SZ,20260824,,0,0.0,,,0.0
161607.SZ,20260824,,0,0.0,,,0.0
161610.SZ,20260824,,0,0.0,,,0.0
161614.SZ,20260824,,0,0.0,,,0.0
161626.SZ,20260824,,0,0.0,,,0.0
161631.SZ,20260824,,0,0.0,,,0.0
161706.SZ,20260824,,0,0.0,,,0.0
161713.SZ,20260824,,0,0.0,,,0.0
161715.SZ,20260824,2.32,23587,54721.84,,,0.0
161716.SZ,20260824,1.654,323879,535695.866,,,0.0
161720.SZ,20260824,1.13,500,565.0,,,0.0
161722.SZ,20260824,,0,0.0,,,0.0
161724.SZ,20260824,,0,0.0,,,0.0
161725.SZ,20260824,0.545,340600,185627.0,,,0.0
161726.SZ,20260824,0.42,209705,88076.1,,,0.0
161727.SZ,20260824,,0,0.0,,,0.0
161728.SZ,20260824,,0,0.0,,,0.0
161729.SZ,20260824,,0,0.0,,,0.0
161810.SZ,20260824,4.988,12300,61352.4,,,0.0
161811.SZ,20260824,,0,0.0,,,0.0
161812.SZ,20260824,1.391,100,139.1,,,0.0
161815.SZ,20260824,1.103,94900,104674.7,,,0.0
161816.SZ,20260824,,0,0.0,,,0.0
161820.SZ,20260824,,0,0.0,,,0.0
161831.SZ,20260824,,0,0.0,,,0.0
161834.SZ,20260824,,0,0.0,,,0.0
161837.SZ,20260824,,0,0.0,,,0.0
161903.SZ,20260824,1.712,34400,58892.8,,,0.0
161908.SZ,20260824,,0,0.0,,,0.0
161912.SZ,20260824,,0,0.0,,,0.0
161914.SZ,20260824,,0,0.0,,,0.0
162006.SZ,20260824,,0,0.0,,,0.0
162105.SZ,20260824,,0,0.0,,,0.0
162108.SZ,20260824,,0,0.0,,,0.0
162207.SZ,20260824,,0,0.0,,,0.0
162215.SZ,20260824,,0,0.0,,,0.0
162216.SZ,20260824,,0,0.0,,,0.0
162307.SZ,20260824,,0,0.0,,,0.0
162411.SZ,20260824,0.982,684600,672277.2,,,0.0
162412.SZ,20260824,,0,0.0,,,0.0
162414.SZ,20260824,,0,0.0,,,0.0
162415.SZ,20260824,2.879,20500,59019.5,,,0.0
162509.SZ,20260824,,0,0.0,,,0.0
162605.SZ,20260824,,0,0.0,,,0.0
162607.SZ,20260824,,0,0.0,,,0.0
162703.SZ,20260824,,0,0.0,,,0.0
162711.SZ,20260824,,0,0.0,,,0.0
162712.SZ,20260824,,0,0.0,,,0.0
162715.SZ,20260824,,0,0.0,,,0.0
162719.SZ,20260824,3.036,447000,1357092.0,,,0.0
162720.SZ,20260824,,0,0.0,,,0.0
162721.SZ,20260824,,0,0.0,,,0.0
163001.SZ,20260824,1.475,1400,2065.0,,,0.0
163003.SZ,20260824,,0,0.0,,,0.0
163005.SZ,20260824,,0,0.0,,,0.0
163109.SZ,20260824,0.778,25300,19683.4,,,0.0
163110.SZ,20260824,,0,0.0,,,0.0
163111.SZ,20260824,,0,0.0,,,0.0
163113.SZ,20260824,,0,0.0,,,0.0
163114.SZ,20260824,,0,0.0,,,0.0
163115.SZ,20260824,,0,0.0,,,0.0
163116.SZ,20260824,,0,0.0,,,0.0
163118.SZ,20260824,,0,0.0,,,0.0
163208.SZ,20260824,1.39,28100,39059.0,,,0.0
163302.SZ,20260824,,0,0.0,,,0.0
163402.SZ,20260824,0.884,900,795.6,,,0.0
163406.SZ,20260824,,0,0.0,,,0.0
163407.SZ,20260824,,0,0.0,,,0.0
163409.SZ,20260824,,0,0.0,,,0.0
163412.SZ,20260824,,0,0.0,,,0.0
163415.SZ,20260824,,0,0.0,,,0.0
163417.SZ,20260824,2.125,100,212.5,,,0.0
163418.SZ,20260824,,0,0.0,,,0.0
163503.SZ,20260824,0.421,100,42.1,,,0.0
163801.SZ,20260824,0.831,9114,7573.734,,,0.0
163819.SZ,20260824,,0,0.0,,,0.0
163821.SZ,20260824,,0,0.0,,,0.0
163907.SZ,20260824,0.798,500,399.0,,,0.0
164105.SZ,20260824,,0,0.0,,,0.0
164206.SZ,20260824,,0,0.0,,,0.0
164208.SZ,20260824,,0,0.0,,,0.0
164210.SZ,20260824,,0,0.0,,,0.0
164403.SZ,20260824,,0,0.0,,,0.0
164508.SZ,20260824,,0,0.0,,,0.0
164509.SZ,20260824,,0,0.0,,,0.0
164606.SZ,20260824,,0,0.0,,,0.0
164701.SZ,20260824,1.781,663700,1182049.7,,,0.0
164703.SZ,20260824,,0,0.0,,,0.0
164705.SZ,20260824,,0,0.0,,,0.0
164808.SZ,20260824,,0,0.0,,,0.0
164810.SZ,20260824,,0,0.0,,,0.0
164814.SZ,20260824,,0,0.0,,,0.0
164824.SZ,20260824,1.307,66011,86276.377,,,0.0
164902.SZ,20260824,,0,0.0,,,0.0
164906.SZ,20260824,0.94,197700,185838.0,,,0.0
165309.SZ,20260824,,0,0.0,,,0.0
165311.SZ,20260824,,0,0.0,,,0.0
165313.SZ,20260824,,0,0.0,,,0.0
165508.SZ,20260824,,0,0.0,,,0.0
165509.SZ,20260824,,0,0.0,,,0.0
165511.SZ,20260824,,0,0.0,,,0.0
165512.SZ,20260824,,0,0.0,,,0.0
165513.SZ,20260824,1.07,34200,36594.0,,,0.0
165515.SZ,20260824,1.326,100,132.6,,,0.0
165516.SZ,20260824,,0,0.0,,,0.0
165517.SZ,20260824,,0,0.0,,,0.0
165519.SZ,20260824,,0,0.0,,,0.0
165520.SZ,20260824,2.896,400,1158.4,,,0.0
165521.SZ,20260824,,0,0.0,,,0.0
165522.SZ,20260824,,0,0.0,,,0.0
165525.SZ,20260824,0.704,200,140.8,,,0.0
165528.SZ,20260824,,0,0.0,,,0.0
166001.SZ,20260824,,0,0.0,,,0.0
166006.SZ,20260824,,0,0.0,,,0.0
166008.SZ,20260824,,0,0.0,,,0.0
166009.SZ,20260824,,0,0.0,,,0.0
166011.SZ,20260824,,0,0.0,,,0.0
166016.SZ,20260824,1.128,4400,4963.2,,,0.0
166023.SZ,20260824,,0,0.0,,,0.0
166024.SZ,20260824,,0,0.0,,,0.0
166025.SZ,20260824,,0,0.0,,,0.0
166027.SZ,20260824,,0,0.0,,,0.0
166105.SZ,20260824,,0,0.0,,,0.0
166107.SZ,20260824,,0,0.0,,,0.0
166401.SZ,20260824,,0,0.0,,,0.0
167001.SZ,20260824,,0,0.0,,,0.0
167002.SZ,20260824,,0,0.0,,,0.0
167003.SZ,20260824,,0,0.0,,,0.0
167301.SZ,20260824,1.033,26000,26858.0,,,0.0
167302.SZ,20260824,,0,0.0,,,0.0
167501.SZ,20260824,,0,0.0,,,0.0
167506.SZ,20260824,,0,0.0,,,0.0
167508.SZ,20260824,,0,0.0,,,0.0
168101.SZ,20260824,,0,0.0,,,0.0
168102.SZ,20260824,,0,0.0,,,0.0
168103.SZ,20260824,,0,0.0,,,0.0
168104.SZ,20260824,,0,0.0,,,0.0
168105.SZ,20260824,,0,0.0,,,0.0
168203.SZ,20260824,,0,0.0,,,0.0
168204.SZ,20260824,,0,0.0,,,0.0
168301.SZ,20260824,,0,0.0,,,0.0
168401.SZ,20260824,,0,0.0,,,0.0
168701.SZ,20260824,,0,0.0,,,0.0
169101.SZ,20260824,,0,0.0,,,0.0
169104.SZ,20260824,2.868,200,573.6,,,0.0
169105.SZ,20260824,,0,0.0,,,0.0
169106.SZ,20260824,,0,0.0,,,0.0
169201.SZ,20260824,,0,0.0,,,0.0
180101.SZ,20260824,1.433,774,1109.142,,,0.0
180102.SZ,20260824,1.001,60700,60760.7,,,0.0
180103.SZ,20260824,,0,0.0,,,0.0
180105.SZ,20260824,,0,0.0,,,0.0
180106.SZ,20260824,2.44,600,1464.0,,,0.0
180201.SZ,20260824,,0,0.0,,,0.0
180202.SZ,20260824,4.689,200,937.8,,,0.0
180203.SZ,20260824,,0,0.0,,,0.0
180301.SZ,20260824,2.083,1600,3332.8,,,0.0
180302.SZ,20260824,,0,0.0,,,0.0
180303.SZ,20260824,,0,0.0,,,0.0
180305.SZ,20260824,,0,0.0,,,0.0
180306.SZ,20260824,,0,0.0,,,0.0
180401.SZ,20260824,,0,0.0,,,0.0
180402.SZ,20260824,4.843,400,1937.2,,,0.0
180501.SZ,20260824,,0,0.0,,,0.0
180502.SZ,20260824,,0,0.0,,,0.0
180503.SZ,20260824,,0,0.0,,,0.0
180601.SZ,20260824,,0,0.0,,,0.0
180602.SZ,20260824,,0,0.0,,,0.0
180603.SZ,20260824,,0,0.0,,,0.0
180605.SZ,20260824,,0,0.0,,,0.0
180606.SZ,20260824,,0,0.0,,,0.0
180607.SZ,20260824,,0,0.0,,,0.0
180701.SZ,20260824,,0,0.0,,,0.0
180801.SZ,20260824,,0,0.0,,,0.0
180901.SZ,20260824,,0,0.0,,,0.0
200011.SZ,20260824,,0,0.0,,,0.0
200012.SZ,20260824,1.32,900,1188.0,,,0.0
200016.SZ,20260824,,0,0.0,,,0.0
200017.SZ,20260824,1.59,1000,1590.0,,,0.0
200019.SZ,20260824,,0,0.0,,,0.0
200020.SZ,20260824,2.37,1700,4029.0,,,0.0
200025.SZ,20260824,,0,0.0,,,0.0
200026.SZ,20260824,,0,0.0,,,0.0
200028.SZ,20260824,,0,0.0,,,0.0
200029.SZ,20260824,4.07,2000,8140.0,,,0.0
200030.SZ,20260824,,0,0.0,,,0.0
200037.SZ,20260824,,0,0.0,,,0.0
200045.SZ,20260824,,0,0.0,,,0.0
200055.SZ,20260824,,0,0.0,,,0.0
200056.SZ,20260824,,0,0.0,,,0.0
200058.SZ,20260824,,0,0.0,,,0.0
200429.SZ,20260824,9.38,3900,36582.0,,,0.0
200468.SZ,20260824,,0,0.0,,,0.0
200488.SZ,20260824,,0,0.0,,,0.0
200505.SZ,20260824,,0,0.0,,,0.0
200512.SZ,20260824,2.09,300,627.0,,,0.0
200521.SZ,20260824,2.87,765576,2197203.12,,,0.0
200530.SZ,20260824,,0,0.0,,,0.0
200539.SZ,20260824,1.87,2000,3740.0,,,0.0
200541.SZ,20260824,1.9,1500,2850.0,,,0.0
200550.SZ,20260824,9.34,400,3736.0,,,0.0
200553.SZ,20260824,2.79,2500,6975.0,,,0.0
200570.SZ,20260824,,0,0.0,,,0.0
200581.SZ,20260824,,0,0.0,,,0.0
200596.SZ,20260824,58.78,700,41146.0,,,0.0
200625.SZ,20260824,3.4,4800,16320.0,,,0.0
200706.SZ,20260824,,0,0.0,,,0.0
200725.SZ,20260824,,0,0.0,,,0.0
200726.SZ,20260824,,0,0.0,,,0.0
200761.SZ,20260824,0.9,4400,3960.0,,,0.0
200869.SZ,20260824,7.88,11700,92196.0,,,0.0
200992.SZ,20260824,,0,0.0,,,0.0
201872.SZ,20260824,,0,0.0,,,0.0
300001.SZ,20260824,36.14,57800,2088892.0,-0.35842293906810374,3.9774977899186617,42.84946236559138
300002.SZ,20260824,7.97,13200,105204.0,0.2515723270440251,0.5376097631022058,46.509433962264154
300003.SZ,20260824,11.93,404000,4819720.0,-1.9720624486442073,13.228765007027029,33.16762530813476
300004.SZ,20260824,9.98,1614500,16112710.0,1.0121457489878471,22.714823856571332,51.07287449392708
300005.SZ,20260824,10.85,127300,1381205.0,0.0,2.925577535752297,45.0
300006.SZ,20260824,5.17,2125900,10990903.0,-1.8975332068311146,25.676787626989533,33.61480075901331
300007.SZ,20260824,31.36,16400,514304.0,0.0,2.5284452188819584,45.0
300008.SZ,20260824,6.07,71500,434005.0,-0.4918032786885185,2.881908326157956,42.04918032786889
300009.SZ,20260824,9.13,1420018,12964764.34,1.7837235228539638,15.507721107531834,55.70234113712378
300010.SZ,20260824,2.16,564900,1220184.0,-0.4608294930875445,14.639061411629378,42.23502304147473
300011.SZ,20260824,5.98,18200,108836.0,-0.4991680532445808,3.7426386994852527,42.00499168053251
300012.SZ,20260824,15.32,344100,5271612.0,1.2557832121612655,7.456136201132146,52.53469927296759
300013.SZ,20260824,4.1,37400,153340.0,0.7371007371007154,3.503615905721612,49.422604422604294
300014.SZ,20260824,55.42,333700,18493654.0,-0.6632012905538609,8.827544760767056,41.020792256676835
300015.SZ,20260824,8.32,108584,903418.88,-0.12004801920768582,2.5772400703123304,44.27971188475389
300016.SZ,20260824,10.3,2359675,24304652.5,-1.3409961685823646,21.413951664651638,36.95402298850581
300017.SZ,20260824,15.54,733700,11401698.0,0.0,6.491342820125691,45.0
300018.SZ,20260824,11.65,207600,2418540.0,0.0,18.405167487832326,45.0
300019.SZ,20260824,14.23,28700,408401.0,-2.1320495185694566,5.616101267903952,32.207702888583256
300020.SZ,20260824,3.48,64000,222720.0,1.1627906976744207,8.623278489173732,51.976744186046524
300021.SZ,20260824,3.83,31100,119113.0,-0.5194805194805197,2.4806168138791285,41.883116883116884
300022.SZ,20260824,8.08,5000,40400.0,-0.36991368680640013,1.0196354788020183,42.7805178791616
300024.SZ,20260824,14.69,291100,4276259.0,-1.276881720430112,8.715061864280642,37.33870967741933
300025.SZ,20260824,5.14,18700,96118.0,0.19493177387914784,2.404227786963076,46.16959064327489
300026.SZ,20260824,3.38,362900,1226602.0,-0.588235294117645,5.542598530818799,41.47058823529413
300027.SZ,20260824,1.82,362300,659386.0,1.1111111111111072,8.765195726885983,51.66666666666664
300030.SZ,20260824,6.83,17100,116793.0,0.0,2.0139597155635616,45.0
300031.SZ,20260824,21.21,17900,379659.0,-0.1882352941176446,1.228683236750112,43.870588235294136
300032.SZ,20260824,3.8,168500,640300.0,0.0,10.664777398213712,45.0
300033.SZ,20260824,222.14,66300,14727882.0,0.004501868275319509,5.7189237651362745,45.02701120965192
300034.SZ,20260824,15.5,19100,296050.0,-0.2574002574002532,2.1141612761210573,43.455598455598484
300035.SZ,20260824,13.71,146000,2001660.0,-1.0108303249097395,6.395558065016029,38.935018050541565
300036.SZ,20260824,11.03,22900,252587.0,0.09074410163338875,3.78242763788115,45.54446460980033
300037.SZ,20260824,63.37,35885,2274032.45,0.0315706393054338,2.443596178290444,45.1894238358326
300039.SZ,20260824,5.49,128500,705465.0,-0.9025270758122761,3.2267838477154207,39.58483754512634
300040.SZ,20260824,5.85,82098,480273.3,0.8620689655172376,2.1745556674979962,50.17241379310342
300041.SZ,20260824,10.77,76800,827136.0,-0.6457564575645836,4.870468044980816,41.125461254612496
300042.SZ,20260824,39.84,13500,537840.0,-0.994035785288272,1.2145721794613416,39.03578528827037
300043.SZ,20260824,4.44,45700,202908.0,0.0,2.4895292369264315,45.0
300044.SZ,20260824,5.11,87700,448147.0,-0.7766990291262155,3.0411883247486844,40.339805825242706
300045.SZ,20260824,12.65,16400,207460.0,-0.7843137254901933,1.4184139366656938,40.29411764705884
300046.SZ,20260824,24.97,201600,5033952.0,-2.5370804059328678,19.786775312906503,29.777517564402793
300047.SZ,20260824,9.09,17100,155439.0,0.3311258278145601,1.8897251152736756,46.98675496688736
300048.SZ,20260824,4.97,135600,673932.0,-0.6000000000000005,18.534865743839745,41.4
300049.SZ,20260824,41.3,18800,776440.0,-0.8879289656827605,1.6604813678684687,39.672426205903434
300050.SZ,20260824,6.83,156600,1069578.0,-0.4373177842565634,6.988878724516466,42.37609329446062
300051.SZ,20260824,8.23,32300,265829.0,-1.2004801920768249,2.238857697372981,37.79711884753905
300052.SZ,20260824,10.65,30500,324825.0,0.8522727272727293,4.5555909349782535,50.113636363636374
300053.SZ,20260824,11.95,76600,915370.0,0.42016806722688926,5.089052278229287,47.521008403361336
300054.SZ,20260824,73.96,83000,6138680.0,0.16251354279521735,3.002302563048957,45.975081256771304
300055.SZ,20260824,5.95,149900,891905.0,-1.490066225165565,6.739051435659628,36.05960264900661
300056.SZ,20260824,8.47,3500,29645.0,-0.3529411764705781,0.506173807219757,42.882352941176535
300057.SZ,20260824,6.55,37200,243660.0,0.0,1.6828068409896315,45.0
300058.SZ,20260824,13.66,502195,6859983.7,-0.14619883040934978,2.939786650250215,44.1228070175439
300059.SZ,20260824,18.86,1388300,26183338.0,-0.26441036488630276,7.460403475258612,43.413537810682186
300061.SZ,20260824,6.27,19400,121638.0,-0.6339144215530945,1.4925870018291514,41.19651347068143
300062.SZ,20260824,6.22,22100,137462.0,0.0,1.4098668346938732,45.0
300063.SZ,20260824,8.86,99300,879798.0,-0.11273957158962622,4.263122144381867,44.323562570462244
300065.SZ,20260824,14.97,655500,9812835.0,-0.9920634920634774,22.11883397280507,39.047619047619136
300066.SZ,20260824,4.98,43800,218124.0,-0.2004008016032066,3.6876756205344754,43.79759519038076
300067.SZ,20260824,5.19,83300,432327.0,0.0,3.4637538709094144,45.0
300068.SZ,20260824,3.96,371200,1469952.0,-0.7518796992481258,12.955135080263023,40.48872180451124
300069.SZ,20260824,26.61,192400,5119764.0,-1.4444444444444482,11.7520898245013,36.333333333333314
300070.SZ,20260824,3.42,28800,98496.0,-0.291545189504383,1.3246595894067916,43.2507288629737
300071.SZ,20260824,4.0,109900,439600.0,0.5025125628140614,2.7548149608885697,48.01507537688437
300072.SZ,20260824,3.79,100600,381274.0,-0.5249343832021025,3.314845305881612,41.850393700787386
300073.SZ,20260824,41.56,22900,951724.0,0.6051803437424397,1.7322212115059263,48.63108206245464
300074.SZ,20260824,3.78,40100,151578.0,-0.7874015748031593,3.139905516970473,40.27559055118105
300075.SZ,20260824,10.75,10140,109005.0,0.0,1.268119852117674,45.0
300076.SZ,20260824,4.58,8200,37556.0,1.55210643015522,2.2767921068620343,54.31263858093132
300077.SZ,20260824,19.49,140100,2730549.0,0.41215868109221176,2.305812478066535,47.47295208655327
300078.SZ,20260824,3.11,262800,817308.0,0.6472491909385036,11.792415459370664,48.883495145631024
300079.SZ,20260824,4.42,152000,671840.0,0.9132420091324311,7.320595397748726,50.479452054794585
300080.SZ,20260824,3.74,31900,119306.0,0.2680965147453085,2.199697227881248,46.60857908847185
300081.SZ,20260824,3.15,149100,469665.0,-1.562500000000011,11.271356125824203,35.62499999999993
300082.SZ,20260824,7.8,52200,407160.0,-0.1280409731113874,5.6312974544879975,44.23175416133168
300083.SZ,20260824,13.53,287100,3884463.0,0.0,4.8610231076685695,45.0
300084.SZ,20260824,10.41,27000,281070.0,-0.5730659025788065,3.2394215457367315,41.56160458452716
300085.SZ,20260824,29.31,133005,3898376.55,0.03412969283276279,6.279619781140364,45.204778156996575
300086.SZ,20260824,6.65,38200,254030.0,0.45317220543807935,2.726866360920144,47.719033232628476
300087.SZ,20260824,5.5,155900,857450.0,0.5484460694698434,8.109704255132144,48.29067641681906
300088.SZ,20260824,7.28,193900,1411592.0,-0.41039671682625567,1.9742579624947045,42.537619699042466
300091.SZ,20260824,2.54,27500,69850.0,-1.1673151750972721,5.115950060124315,37.99610894941637
300092.SZ,20260824,11.59,45600,528504.0,-0.6003430531732468,8.279537514682172,41.39794168096052
300093.SZ,20260824,25.94,167900,4355326.0,0.038565368299270375,11.822916669098484,45.23139220979562
300094.SZ,20260824,2.83,235800,667314.0,0.35460992907803135,6.274871815182658,47.12765957446819
300095.SZ,20260824,7.99,200,1598.0,0.0,0.05379354756832462,9.682838562298432
300096.SZ,20260824,9.54,7300,69642.0,-0.7284079084287187,3.3389011154704713,40.629552549427686
300097.SZ,20260824,10.58,370200,3916716.0,-0.18867924528301883,8.876054193394975,43.867924528301884
300098.SZ,20260824,4.43,84000,372120.0,-0.22522522522524513,2.9910078676089213,43.64864864864853
300099.SZ,20260824,5.93,15000,88950.0,-0.3361344537815225,2.1244187460146966,42.98319327731087
300100.SZ,20260824,20.78,12600,261828.0,0.0,1.9010124376155766,45.0
300101.SZ,20260824,14.01,18600,260586.0,-0.35561877667141806,2.947110378551853,42.86628733997149
300102.SZ,20260824,18.0,222000,3996000.0,-0.7170435741864267,9.234587956661146,40.69773855488144
300103.SZ,20260824,7.94,11500,91310.0,0.8894536213468918,1.5703851941105138,50.33672172808135
300105.SZ,20260824,7.6,70000,532000.0,0.0,4.486787909727967,45.0
300106.SZ,20260824,9.86,3800,37468.0,-0.10131712259371373,0.46019584165376903,44.392097264437716
300107.SZ,20260824,6.42,5200,33384.0,-0.31055900621118626,0.7492386252979398,43.136645962732885
300109.SZ,20260824,16.32,532800,8695296.0,-0.4878048780487698,13.420326333779013,42.07317073170738
300110.SZ,20260824,2.85,64000,182400.0,-0.34965034965034336,3.332615834299271,42.90209790209794
300111.SZ,20260824,3.0,264200,792600.0,0.0,7.107143471501749,45.0
300112.SZ,20260824,9.38,191800,1799084.0,0.6437768240343367,6.4504275636297335,48.86266094420602
300113.SZ,20260824,16.71,47000,785370.0,0.11983223487117556,3.4157026055293573,45.71899340922705
300115.SZ,20260824,25.81,114300,2950083.0,-0.9593246354566376,3.9600705481614247,39.24405218726017
300118.SZ,20260824,9.78,37000,361860.0,0.0,1.4613506282539772,45.0
300119.SZ,20260824,17.86,8400,150024.0,-0.33482142857144126,1.290815441164097,42.99107142857135
300120.SZ,20260824,8.92,468800,4181696.0,-0.8888888888888946,9.655547328535087,39.66666666666663
300121.SZ,20260824,9.66,28100,271446.0,0.5202913631633832,4.329270570334594,48.1217481789803
300122.SZ,20260824,13.76,746200,10267712.0,-1.0071942446043258,12.7418642995312,38.956834532374046
300123.SZ,20260824,4.48,98100,439488.0,-0.4444444444444362,5.610954229909401,42.333333333333385
300124.SZ,20260824,58.8,34000,1999200.0,-0.38963239031002406,2.0734010696404312,42.662205658139854
300125.SZ,20260824,8.6,16800,144480.0,1.0575793184488758,2.809388027435914,51.34547591069325
300126.SZ,20260824,6.52,54500,355340.0,1.2422360248447006,7.47773306850702,52.453416149068204
300127.SZ,20260824,25.4,77200,1960880.0,2.7923917442330914,12.46284267233911,61.754350465398545
300128.SZ,20260824,4.88,1109400,5413872.0,-1.4141414141414232,14.717111233979766,36.51515151515146
300129.SZ,20260824,7.3,198700,1450510.0,-2.2757697456492587,9.770855419193245,31.345381526104447
300130.SZ,20260824,18.03,69600,1254888.0,-1.2054794520547918,6.500962157661121,37.76712328767125
300131.SZ,20260824,16.77,143200,2401464.0,-0.41567695961995943,2.432127968795232,42.505938242280244
300132.SZ,20260824,6.26,42400,265424.0,-0.31847133757962887,4.2527764682436615,43.08917197452223
300133.SZ,20260824,6.91,336400,2324524.0,0.0,8.762785639847488,45.0
300134.SZ,20260824,8.23,40300,331669.0,0.7343941248470154,3.840000175019416,49.406364749082094
300135.SZ,20260824,3.4,862700,2933180.0,0.591715976331364,14.132756632190253,48.55029585798818
300136.SZ,20260824,60.52,172103,10415673.56,-0.7217847769028785,4.226251342870889,40.66929133858273
300137.SZ,20260824,11.75,18300,215025.0,0.0,1.1692007832821465,45.0
300138.SZ,20260824,10.91,7400,80734.0,-0.6375227686703178,2.1379818656639795,41.17486338797809
300139.SZ,20260824,53.68,1103887,59256654.16,0.0,12.909247095153756,45.0
300140.SZ,20260824,5.39,70700,381073.0,0.18587360594795044,7.601303623182408,46.1152416356877
300141.SZ,20260824,9.89,24200,239338.0,0.5081300813008172,5.7807155370261745,48.048780487804905
300142.SZ,20260824,16.17,9339081,151012939.77,0.43478260869564966,29.856769936999424,47.6086956521739
300143.SZ,20260824,7.68,37900,291072.0,-0.13003901170351995,3.628805081926087,44.21976592977888
300144.SZ,20260824,5.9,431900,2548210.0,-1.1725293132328174,10.251207797173125,37.9648241206031
300145.SZ,20260824,4.2,756900,3178980.0,0.0,12.443794376432072,45.0
300146.SZ,20260824,9.71,36400,353444.0,-0.10288065843621075,4.046766023035273,44.382716049382736
300147.SZ,20260824,6.88,21600,148608.0,0.0,3.318836352656735,45.0
300148.SZ,20260824,3.37,40100,135137.0,0.29761904761904656,3.5588892082447345,46.78571428571428
300149.SZ,20260824,10.39,260100,2702439.0,0.09633911368014392,8.034006696128435,45.57803468208086
300150.SZ,20260824,4.33,25100,108683.0,1.4051522248243575,6.363825333391888,53.43091334894615
300151.SZ,20260824,16.72,72200,1207184.0,-0.9478672985781977,4.368250756308532,39.31279620853081
300152.SZ,20260824,1.61,68400,110124.0,-0.6172839506172867,4.611920098915643,41.296296296296276
300153.SZ,20260824,21.62,36100,780482.0,0.5113900511390046,4.062229979349809,48.06834030683403
300154.SZ,20260824,11.99,141000,1690590.0,2.04255319148936,12.036682694549748,57.25531914893616
300155.SZ,20260824,4.42,236900,1047098.0,-0.22573363431150906,11.455581538679958,43.64559819413095
300157.SZ,20260824,3.9,318300,1241370.0,-1.7632241813602123,12.243381369237467,34.420654911838724
300158.SZ,20260824,5.17,40100,207317.0,-0.9578544061302652,2.4252544894368557,39.25287356321841
300159.SZ,20260824,2.91,129600,377136.0,-0.6825938566552892,5.021447676777108,40.904436860068266
300160.SZ,20260824,4.36,57100,248956.0,0.4608294930875667,8.902079167344722,47.7649769585254
300161.SZ,20260824,27.55,37300,1027615.0,1.2867647058823595,7.72491309449277,52.72058823529416
300162.SZ,20260824,7.7,505000,3888500.0,-0.38809831824062613,26.34021317042733,42.67141009055624
300163.SZ,20260824,6.84,74700,510948.0,1.7857142857142794,3.730504360468873,55.71428571428568
300164.SZ,20260824,9.5,4101300,38962350.0,-7.045009784735823,33.37376602717117,15.0
300165.SZ,20260824,5.12,63600,325632.0,0.1956947162426559,2.9155141016081214,46.174168297455935
300166.SZ,20260824,13.45,224400,3018180.0,2.1260440394836655,5.289277651253067,57.75626423690199
300167.SZ,20260824,4.17,501600,2091672.0,-2.1126760563380254,59.92805099519372,32.323943661971846
300168.SZ,20260824,4.98,15400,76692.0,0.0,1.1885039440828513,45.0
300169.SZ,20260824,5.61,64400,361284.0,1.0810810810810922,7.993022112315451,51.486486486486555
300170.SZ,20260824,15.5,56200,871100.0,-0.19317450096586475,1.9643279012410357,43.84095299420481
300171.SZ,20260824,14.4,190400,2741760.0,-0.20790020790020236,9.382064785468435,43.752598752598786
300172.SZ,20260824,4.59,8300,38097.0,-0.21739130434782483,1.1504883154294876,43.695652173913054
300173.SZ,20260824,3.28,27100,88888.0,-0.60606060606061,5.500167966496547,41.36363636363634
300174.SZ,20260824,19.78,9200,181976.0,-0.2521432173474336,0.7624457483729639,43.4871406959154
300175.SZ,20260824,5.87,23600,138532.0,-1.0118043844856595,3.081856262012153,38.92917369308604
300176.SZ,20260824,4.53,1064300,4821279.0,-3.2051282051281937,32.274400674491204,25.769230769230838
300177.SZ,20260824,6.15,20400,125460.0,-0.32414910858994395,1.7892287403016771,43.05510534846034
300179.SZ,20260824,35.89,124900,4482661.0,0.33547665641597835,5.282288908423615,47.01285993849587
300180.SZ,20260824,4.48,3010400,13486592.0,-1.103752759381893,24.12819677153374,38.37748344370864
300181.SZ,20260824,14.16,195300,2765448.0,0.07067137809186885,12.507820116572267,45.42402826855121
300182.SZ,20260824,4.82,102600,494532.0,-0.20703933747411307,1.7810838274167824,43.75776397515532
300183.SZ,20260824,,0,0.0,,0.0,0.0
300184.SZ,20260824,12.19,762100,9289999.0,1.9230769230769162,13.66447726150996,56.5384615384615
300185.SZ,20260824,2.68,434200,1163656.0,0.3745318352059934,7.408855422626969,47.24719101123596
300187.SZ,20260824,4.56,2300,10488.0,0.0,0.38651207019188916,45.0
300188.SZ,20260824,10.15,35000,355250.0,-0.09842519685039353,3.1523614914189992,44.40944881889764
300189.SZ,20260824,5.79,3374100,19536039.0,3.5778175313059046,11.732572328738662,66.46690518783544
300190.SZ,20260824,3.66,158900,581574.0,-0.8130081300812941,17.681261769844035,40.12195121951223
300191.SZ,20260824,32.56,382700,12460712.0,-2.631578947368407,22.907733722401407,29.210526315789558
300192.SZ,20260824,16.43,458100,7526583.0,2.9448621553884724,7.838700925451567,62.66917293233084
300193.SZ,20260824,7.62,6900,52578.0,-0.6518904823989535,2.2526606227828143,41.08865710560628
300194.SZ,20260824,3.93,67100,263703.0,0.0,4.01452776429852,45.0
300195.SZ,20260824,5.58,38300,213714.0,0.7220216606498298,6.410318661099729,49.33212996389898
300196.SZ,20260824,17.33,59500,1031135.0,-1.8130311614730887,3.6348670145442865,34.121813031161466
300197.SZ,20260824,2.02,845500,1707910.0,0.0,9.00551158653494,45.0
300198.SZ,20260824,2.36,76600,180776.0,0.0,12.855052414759616,45.0
300199.SZ,20260824,23.11,231407,5347815.77,0.043290043290045155,5.090871963697766,45.25974025974027
300200.SZ,20260824,8.51,32400,275724.0,0.2355712603062443,5.586592291963899,46.413427561837466
300201.SZ,20260824,15.09,229500,3463155.0,-1.0491803278688483,5.566934342671467,38.70491803278691
300203.SZ,20260824,13.14,25700,337698.0,-0.5299015897047732,3.921392123117904,41.82059046177136
300204.SZ,20260824,22.1,100800,2227680.0,-0.36068530207393756,4.950888717408021,42.83588818755638
300205.SZ,20260824,4.85,32500,157625.0,-0.4106776180698213,15.659916584430373,42.53593429158107
300206.SZ,20260824,12.05,31700,381985.0,-0.6595218466611708,5.625575861785543,41.04286892003297
300207.SZ,20260824,17.99,51500,926485.0,-0.1110494169905829,1.4464517642937262,44.3337034980565
300209.SZ,20260824,32.8,960100,31491280.0,1.5479876160990669,10.535676798435956,54.2879256965944
300210.SZ,20260824,8.45,20500,173225.0,-1.0538641686182681,2.804256395788854,38.67681498829039
300211.SZ,20260824,7.44,26700,198648.0,-0.5347593582887722,13.416343276520811,41.79144385026737
300212.SZ,20260824,7.67,324900,2491983.0,0.0,22.801549472699445,45.0
300213.SZ,20260824,6.22,43600,271192.0,-0.3205128205128305,5.006316437209561,43.076923076923016
300214.SZ,20260824,12.82,1651300,21169666.0,-0.6201550387596955,24.933044155833638,41.279069767441825
300215.SZ,20260824,6.0,8900,53400.0,-0.33222591362125353,1.5770100353736465,43.00664451827248
300217.SZ,20260824,4.28,42900,183612.0,-0.2331002331002252,4.140487406076104,43.60139860139865
300218.SZ,20260824,12.59,4500,56655.0,0.15910898965791898,3.3247082422542453,45.95465393794751
300219.SZ,20260824,6.9,55000,379500.0,-0.43290043290041824,4.633759559130338,42.40259740259749
300220.SZ,20260824,11.1,36100,400710.0,2.0220588235293935,16.24192617157493,57.132352941176364
300221.SZ,20260824,14.65,356200,5218330.0,1.736111111111116,8.907365845617512,55.4166666666667
300222.SZ,20260824,10.13,70600,715178.0,-0.686274509803908,5.753589140905597,40.88235294117655
300223.SZ,20260824,137.22,129100,17715102.0,-0.90987868284228,4.798325434389077,39.54072790294632
300224.SZ,20260824,11.12,44200,491504.0,0.6334841628959031,4.9678447755645365,48.80090497737542
300225.SZ,20260824,7.32,4000,29280.0,-0.6784260515603768,0.38415985584348933,40.92944369063774
300226.SZ,20260824,16.05,66400,1065720.0,2.0343293070565815,7.039968003502643,57.20597584233949
300227.SZ,20260824,11.75,42400,498200.0,0.0,2.9982368898661655,45.0
300228.SZ,20260824,7.29,31100,226719.0,0.27510316368639653,3.991603370342214,46.65061898211838
300229.SZ,20260824,13.47,26700,359649.0,0.0,1.8463970187212648,45.0
300230.SZ,20260824,4.26,18000,76680.0,-0.23419203747072626,3.029813550252684,43.594847775175644
300231.SZ,20260824,8.16,21800,177888.0,-0.24449877750610804,2.493290824313267,43.53300733496335
300232.SZ,20260824,5.5,909100,5000050.0,5.973025048169545,22.1997607949701,80.83815028901726
300233.SZ,20260824,13.84,84600,1170864.0,0.5083514887436413,6.198987757656263,48.050108932461846
300234.SZ,20260824,9.6,9300,89280.0,0.734522560335793,1.0347284994457004,49.407135362014756
300235.SZ,20260824,10.88,10000,108800.0,0.5545286506469571,2.8158582927596107,48.32717190388174
300236.SZ,20260824,90.0,81100,7299000.0,1.465614430665152,7.475615542918922,53.79368658399091
300237.SZ,20260824,1.98,61100,120978.0,0.0,7.207725188595529,45.0
300238.SZ,20260824,11.98,19100,228818.0,0.2510460251046176,3.257833105454824,46.506276150627706
300239.SZ,20260824,5.22,78500,409770.0,-0.9487666034155517,4.758984296474876,39.30740037950669
300240.SZ,20260824,6.11,7500,45825.0,0.49342105263159297,0.9653486089226482,47.96052631578956
300241.SZ,20260824,5.68,43200,245376.0,-0.8726003490401535,2.136172500108125,39.76439790575908
300242.SZ,20260824,4.02,17600,70752.0,-0.24813895781639062,1.5747525437364984,43.511166253101656
300243.SZ,20260824,16.89,230300,3889767.0,0.7756563245823411,9.882538737457999,49.65393794749404
300244.SZ,20260824,20.96,422100,8847216.0,1.5012106537530379,11.670230275967565,54.00726392251823
300245.SZ,20260824,5.61,4000,22440.0,0.0,1.1638927403690829,45.0
300246.SZ,20260824,15.08,82700,1247116.0,0.06635700066357497,6.336411700847572,45.39814200398145
300247.SZ,20260824,3.7,47700,176490.0,0.27100271002711285,5.664505848171409,46.62601626016268
300248.SZ,20260824,8.66,184600,1598636.0,-2.036199095022617,14.758239564302533,32.7828054298643
300249.SZ,20260824,13.04,130800,1705632.0,1.7954722872755458,10.26348587683003,55.77283372365328
300250.SZ,20260824,14.9,10100,150490.0,-0.40106951871657914,2.5392071623021093,42.59358288770053
300251.SZ,20260824,10.96,58000,635680.0,-0.18214936247722413,2.593998537877675,43.90710382513666
300252.SZ,20260824,11.71,99200,1161632.0,0.6878761822871837,5.341803979689766,49.1272570937231
300253.SZ,20260824,7.18,150500,1080590.0,0.1394700139470073,3.4923367951424935,45.83682008368204
300254.SZ,20260824,8.93,77500,692075.0,0.5630630630630407,1.8182571070775346,48.378378378378244
300255.SZ,20260824,24.3,78300,1902690.0,-0.9376273950264968,3.1657322822710694,39.37423562984102
300256.SZ,20260824,2.7,94600,255420.0,-1.098901098901095,4.770352232858034,38.40659340659343
300257.SZ,20260824,17.38,54300,943734.0,0.17291066282418832,4.891964153585092,46.03746397694513
300258.SZ,20260824,9.84,4400,43296.0,-0.20283975659228792,0.6093860907980869,43.78296146044627
300259.SZ,20260824,4.16,832000,3461120.0,2.970297029702973,21.33588462328836,62.82178217821784
300260.SZ,20260824,58.09,23800,1382542.0,-0.017211703958686098,1.5846737128426933,44.89672977624788
300261.SZ,20260824,5.01,17700,88677.0,0.20000000000000018,1.8073000559977281,46.2
300263.SZ,20260824,10.53,966400,10176192.0,5.722891566265043,13.140930850517865,79.33734939759026
300264.SZ,20260824,6.41,44500,285245.0,-0.3110419906687367,4.540850806868013,43.13374805598758
300265.SZ,20260824,13.67,27000,369090.0,0.0,2.2219827337671387,45.0
300266.SZ,20260824,1.86,1300,2418.0,0.0,0.11424702986071501,20.5644653749287
300267.SZ,20260824,3.25,225500,732875.0,0.9316770186335255,6.739925078052025,50.59006211180115
300268.SZ,20260824,12.55,62400,783120.0,4.583333333333339,8.19527462359351,72.50000000000003
300269.SZ,20260824,4.82,72200,348004.0,0.0,6.255007543308599,45.0
300270.SZ,20260824,12.0,69200,830400.0,3.2702237521514688,4.998955119653036,64.62134251290881
300271.SZ,20260824,5.39,72300,389697.0,0.7476635514018781,11.013532901480067,49.48598130841127
300272.SZ,20260824,5.87,20000,117400.0,0.0,2.0996209494745077,45.0
300274.SZ,20260824,116.0,407600,47281600.0,2.5822426600636827,10.005697509142886,60.49345596038209
300275.SZ,20260824,9.11,8900,81079.0,0.0,1.8129570136012008,45.0
300276.SZ,20260824,6.27,28500,178695.0,-0.31796502384738856,1.6326774399513329,43.092209856915666
300277.SZ,20260824,11.96,7200,86112.0,-0.4991680532445808,0.8449983440252109,42.00499168053251
300278.SZ,20260824,3.75,16400,61500.0,0.0,1.2843613176636413,45.0
300279.SZ,20260824,5.66,31600,178856.0,0.7117437722419906,4.683984194127158,49.27046263345194
300281.SZ,20260824,6.39,33600,214704.0,0.31397174254317317,5.065606043997708,46.88383045525904
300283.SZ,20260824,13.3,49600,659680.0,-0.894187779433675,1.9431138686658644,39.63487332339795
300284.SZ,20260824,5.22,270600,1412532.0,0.38461538461538325,31.175408262926343,47.3076923076923
300285.SZ,20260824,67.79,1231500,83483385.0,-0.10315355142940241,13.374824414293892,44.38107869142358
300286.SZ,20260824,20.03,2700,54081.0,0.04995004995005381,0.7513457886994563,45.29970029970032
300287.SZ,20260824,3.51,24700,86697.0,-0.28409090909091717,1.562991395380548,43.2954545454545
300288.SZ,20260824,9.82,10700,105074.0,-0.10172939979653517,3.373806694567621,44.38962360122079
300289.SZ,20260824,5.94,20200,119988.0,0.0,2.8881200104993665,45.0
300290.SZ,20260824,6.21,214700,1333287.0,-0.32102728731943087,11.278855488797529,43.07383627608341
300291.SZ,20260824,4.88,100600,490928.0,-0.2044989775051076,4.2112636435983655,43.77300613496936
300292.SZ,20260824,4.18,18900,79002.0,0.0,0.5792449330182516,45.0
300293.SZ,20260824,15.75,9200,144900.0,0.7677543186180413,2.684549036335825,49.606525911708246
300294.SZ,20260824,15.1,96800,1461680.0,-0.5270092226614009,9.886270606862697,41.837944664031596
300295.SZ,20260824,12.58,62900,791282.0,0.0,14.557830831287607,45.0
300296.SZ,20260824,5.07,144800,734136.0,-0.39292730844793233,3.3668470197834313,42.6424361493124
300298.SZ,20260824,16.04,30400,487616.0,-0.06230529595016021,7.011217437172914,44.626168224299036
300299.SZ,20260824,5.27,41200,217124.0,0.0,3.6742578545811684,45.0
300300.SZ,20260824,7.44,167700,1247688.0,0.6765899864682012,7.895530644774827,49.05953991880921
300301.SZ,20260824,3.35,2900,9715.0,0.29940119760478723,0.5625639500288486,46.79640718562872
300302.SZ,20260824,29.35,29000,851150.0,-0.23793337865397612,1.6899036880740677,43.57239972807614
300303.SZ,20260824,7.04,213700,1504448.0,-0.8450704225352101,6.3735862275209545,39.929577464788736
300304.SZ,20260824,11.8,42700,503860.0,-0.5059021922428242,2.265263577848189,41.96458684654306
300305.SZ,20260824,6.03,25700,154971.0,-1.147540983606543,3.290872846309946,38.11475409836074
300306.SZ,20260824,10.17,7800,79326.0,-0.09823182711198308,2.949767077539951,44.4106090373281
300307.SZ,20260824,7.39,59400,438966.0,-0.9383378016085797,2.9515687843429346,39.369973190348524
300308.SZ,20260824,945.0,713600,674352000.0,0.21208907741250282,19.551155156953115,46.272534464475015
300310.SZ,20260824,4.36,52300,228028.0,0.4608294930875667,3.716672428431465,47.7649769585254
300311.SZ,20260824,5.46,397600,2170896.0,-1.0869565217391242,8.956279863260566,38.478260869565254
300313.SZ,20260824,13.37,781300,10445981.0,4.453124999999991,16.334389623234735,71.71874999999994
300314.SZ,20260824,13.18,112200,1478796.0,0.5339435545385296,8.697675869393889,48.203661327231174
300315.SZ,20260824,3.9,132500,516750.0,0.0,2.142642809450089,45.0
300316.SZ,20260824,42.81,105810,4529726.1,0.6583588055490308,7.394136788373912,48.95015283329418
300317.SZ,20260824,4.1,213900,876990.0,0.24449877750609694,2.6447828584268795,46.466992665036585
300318.SZ,20260824,4.97,246900,1227093.0,-0.20080321285141922,17.31641702646311,43.79518072289149
300319.SZ,20260824,18.29,569757,10420855.53,0.0,6.3953897635692085,45.0
300320.SZ,20260824,8.58,11700,100386.0,1.0600706713780994,2.4341358751604396,51.360424028268596
300321.SZ,20260824,34.13,38900,1327657.0,1.2759643916913976,13.483758397693316,52.65578635014839
300322.SZ,20260824,17.53,35000,613550.0,-0.5107832009080604,2.247717448252479,41.93530079455164
300323.SZ,20260824,12.4,2030786,25181746.4,-3.5769828926905056,20.120819291990205,23.538102643856966
300324.SZ,20260824,3.61,281362,1015716.82,-1.0958904109588996,3.9766680358505626,38.424657534246606
300326.SZ,20260824,6.03,27100,163413.0,0.0,4.878160324015425,45.0
300327.SZ,20260824,22.76,6100,138836.0,0.08795074758136678,1.0699033889477287,45.5277044854882
300328.SZ,20260824,15.59,867900,13530561.0,0.0,9.79469892140091,45.0
300329.SZ,20260824,12.09,2300,27807.0,0.0,1.4618506502467514,45.0
300331.SZ,20260824,48.41,24600,1190886.0,-0.20614306328592402,1.612660174422305,43.76314162028446
300332.SZ,20260824,4.97,785300,3902941.0,-0.40080160320642433,22.584576971154952,42.59519038076145
300333.SZ,20260824,10.8,206500,2230200.0,-2.26244343891403,8.01777679324825,31.425339366515818
300334.SZ,20260824,8.5,5200,44200.0,0.47281323877068626,1.041245255826303,47.836879432624116
300335.SZ,20260824,5.23,4000,20920.0,-0.3809523809523707,0.5500576724426334,42.71428571428578
300337.SZ,20260824,9.8,82400,807520.0,0.8230452674897082,6.289090251791372,49.93827160493825
300338.SZ,20260824,2.98,273600,815328.0,3.114186851211076,15.02386571882689,63.685121107266454
300339.SZ,20260824,36.01,53100,1912131.0,-0.6072315760419555,2.563535403907767,41.35661054374827
300340.SZ,20260824,8.81,106100,934741.0,0.0,6.084034278107851,45.0
300341.SZ,20260824,12.82,13100,167942.0,0.23455824863174435,2.046931825260396,46.40734949179047
300342.SZ,20260824,32.2,55400,1783880.0,-0.2787240631774379,3.5680094728674567,43.327655620935374
300343.SZ,20260824,5.7,86600,493620.0,-0.5235602094240899,5.675501585991221,41.85863874345546
300345.SZ,20260824,9.79,844700,8269613.0,4.482390608324449,7.519144474758135,71.89434364994669
300346.SZ,20260824,56.8,58900,3345520.0,-0.08795074758136678,2.063882997296116,44.4722955145118
300347.SZ,20260824,54.48,82700,4505496.0,0.2023174544785622,2.799864455313711,46.21390472687138
300348.SZ,20260824,9.39,102600,963414.0,0.10660980810235365,4.342971009840003,45.63965884861412
300349.SZ,20260824,10.34,12200,126148.0,0.3883495145631022,1.8123048447884482,47.33009708737861
300350.SZ,20260824,4.34,15900,69006.0,0.0,1.700480704697735,45.0
300351.SZ,20260824,13.91,15800,219778.0,0.3607503607503615,2.3891800315607705,47.16450216450217
300352.SZ,20260824,2.26,61500,138990.0,-0.440528634361248,4.509816915534722,42.35682819383251
300353.SZ,20260824,18.01,10200,183702.0,0.0,0.7048326506412802,45.0
300354.SZ,20260824,26.75,130800,3498900.0,-8.23327615780446,24.102795885422342,15.0
300355.SZ,20260824,2.93,49000,143570.0,0.6872852233676952,3.5034027076371275,49.12371134020617
300357.SZ,20260824,24.6,40800,1003680.0,-0.20283975659227682,2.253417587832635,43.78296146044634
300358.SZ,20260824,9.09,243800,2216142.0,1.0000000000000009,7.8741457538131945,51.00000000000001
300359.SZ,20260824,4.05,54000,218700.0,0.24752475247524774,4.97301757089671,46.48514851485149
300360.SZ,20260824,11.76,3300,38808.0,0.42698548249358037,0.9547236510754419,47.56191289496148
300363.SZ,20260824,22.01,710400,15635904.0,0.5481955230699054,16.548757643211417,48.28917313841943
300364.SZ,20260824,23.08,93200,2151056.0,-0.04330879168471524,3.36150254345508,44.740147249891706
300365.SZ,20260824,4.62,27100,125202.0,0.6535947712418277,2.448627127355072,48.92156862745097
300366.SZ,20260824,5.16,9300,47988.0,0.5847953216374213,2.493084771825661,48.508771929824526
300368.SZ,20260824,7.64,89700,685308.0,0.0,5.427428984342359,45.0
300369.SZ,20260824,6.89,105100,724139.0,-0.43352601156069204,3.813512087623576,42.39884393063585
300370.SZ,20260824,2.18,78900,172002.0,-0.45662100456620447,5.601685113192065,42.260273972602775
300371.SZ,20260824,10.62,9000,95580.0,0.9505703422053147,3.497623442083758,50.70342205323189
300373.SZ,20260824,101.0,296217,29917917.0,-1.979813664596275,12.360433516829264,33.12111801242235
300374.SZ,20260824,10.55,44800,472640.0,-1.0318949343339545,24.200452908526906,38.808630393996275
300375.SZ,20260824,4.01,53400,214134.0,0.7537688442210921,6.086064375164455,49.52261306532655
300376.SZ,20260824,4.46,48900,218094.0,0.45045045045044585,2.7254553469224643,47.70270270270267
300377.SZ,20260824,13.98,78800,1101624.0,-0.07147962830592602,3.7979669789984607,44.57112223016444
300378.SZ,20260824,31.42,25700,807494.0,-0.0953895071542088,3.4403059047613156,44.427662957074745
300380.SZ,20260824,28.3,5800,164140.0,0.03534817956876157,4.383763771805946,45.21208907741257
300381.SZ,20260824,6.25,10000,62500.0,-0.6359300476947549,1.285119594051899,41.184419713831474
300382.SZ,20260824,18.02,425400,7665708.0,2.5028441410694047,10.82958454707298,60.01706484641643
300383.SZ,20260824,12.36,212300,2624028.0,0.08097165991902688,6.30567316150794,45.48582995951416
300384.SZ,20260824,12.74,12400,157976.0,-0.07843137254901489,2.895494454029132,44.52941176470591
300385.SZ,20260824,12.21,13200,161172.0,-1.5322580645161232,2.044599264468443,35.80645161290326
300386.SZ,20260824,11.22,145300,1630266.0,-1.8372703412073421,5.768903748215203,33.976377952755946
300387.SZ,20260824,7.32,15500,113460.0,0.1367989056087593,2.134926384065286,45.820793433652554
300388.SZ,20260824,6.83,47000,321010.0,-0.29197080291970545,7.715073642193665,43.248175182481766
300389.SZ,20260824,12.35,8600,106210.0,-0.16168148746967814,2.3666228473258966,44.02991107518193
300390.SZ,20260824,67.61,386400,26124504.0,3.2686726745074113,6.0616908705581105,64.61203604704447
300393.SZ,20260824,6.26,118000,738680.0,0.6430868167202508,5.725331209503631,48.85852090032151
300394.SZ,20260824,268.88,323400,86955792.0,-1.5380108393144853,5.319952160390617,35.771934964113086
300395.SZ,20260824,87.74,63900,5606586.0,-0.2841231958177093,4.017359823133072,43.29526082509374
300396.SZ,20260824,7.22,22400,161728.0,-0.5509641873278293,13.082664240307885,41.69421487603302
300397.SZ,20260824,11.2,56500,632800.0,-0.7971656333038091,4.0494570945731265,40.217006200177146
300398.SZ,20260824,35.5,57400,2037700.0,-0.47659097280629004,2.368387676367298,42.14045416316226
300399.SZ,20260824,18.52,499400,9248888.0,-1.0154997327632365,33.22832281469439,38.90700160342058
300400.SZ,20260824,28.23,28800,813024.0,-0.3881439661256203,3.5268459310416116,42.67113620324628
300401.SZ,20260824,15.49,168600,2611614.0,0.32383419689119286,4.759749792043343,46.94300518134716
300402.SZ,20260824,14.99,17200,257828.0,-0.13324450366422047,4.56233298715581,44.20053297801468
300403.SZ,20260824,9.23,15700,144911.0,0.10845986984815426,2.3543062703706568,45.650759219088926
300404.SZ,20260824,14.91,581300,8667183.0,3.3264033264033266,12.733996369026338,64.95841995841997
300405.SZ,20260824,5.75,74900,430675.0,0.17421602787455193,9.37212122405652,46.045296167247315
300406.SZ,20260824,11.7,53000,620100.0,0.0,8.58262033919588,45.0
300407.SZ,20260824,12.26,43400,532084.0,0.0,4.945914919525379,45.0
300408.SZ,20260824,113.85,152500,17362125.0,-0.04389815627744431,3.1049588732158813,44.736611062335335
300409.SZ,20260824,18.47,59500,1098965.0,0.489662676822622,3.4291309013975484,47.93797606093573
300410.SZ,20260824,7.84,30400,238336.0,-0.75949367088608,2.306175779002222,40.44303797468352
300411.SZ,20260824,7.6,6780,51528.0,0.0,1.0011510470313856,45.0
300412.SZ,20260824,4.57,57000,260490.0,-0.21834061135370675,3.561415443791439,43.68995633187776
300413.SZ,20260824,14.5,477000,6916500.0,-3.526280771789747,15.603627195882494,23.842315369261517
300414.SZ,20260824,10.8,6200,66960.0,0.0,1.271775010848064,45.0
300415.SZ,20260824,19.75,1100,21725.0,-0.2525252525252597,0.19594934057127378,33.75572978767772
300416.SZ,20260824,14.65,91300,1337545.0,-0.340136054421758,7.14082898151305,42.959183673469454
300417.SZ,20260824,11.09,26400,292776.0,-0.09009009009008917,11.935333669481297,44.45945945945947
300418.SZ,20260824,43.79,351200,15379048.0,-0.0684618895481548,4.958965442060053,44.58922866271107
300419.SZ,20260824,9.08,47200,428576.0,1.5659955257270708,5.458397947415363,54.39597315436242
300420.SZ,20260824,7.9,1603400,12666860.0,-0.5037783375314908,18.280862213627902,41.977329974811056
300421.SZ,20260824,16.43,11000,180730.0,0.0,2.636257060517219,45.0
300422.SZ,20260824,4.1,28700,117670.0,-0.24330900243311193,2.7326133325660558,43.54014598540133
300423.SZ,20260824,5.79,49600,287184.0,-0.344234079173833,8.210755587941255,42.934595524957004
300424.SZ,20260824,14.15,43500,615525.0,0.9272467902995851,6.358926926074354,50.56348074179751
300425.SZ,20260824,4.03,48800,196664.0,0.0,7.907681713065572,45.0
300426.SZ,20260824,6.15,68600,421890.0,-0.4854368932038722,6.773150268563443,42.08737864077677
300427.SZ,20260824,6.5,22600,146900.0,0.15408320493066618,0.6587604894964706,45.924499229584
300428.SZ,20260824,18.27,14800,270396.0,0.164473684210531,2.9793926695646236,45.986842105263186
300429.SZ,20260824,10.58,30200,319516.0,-0.09442870632672129,1.1945271820833754,44.43342776203967
300430.SZ,20260824,4.37,96600,422142.0,0.0,17.71028841292489,45.0
300432.SZ,20260824,15.99,49700,794703.0,0.06257822277846437,1.9776748680263665,45.37546933667079
300433.SZ,20260824,37.31,1517400,56614194.0,0.32266738370529957,12.382539141981766,46.936004302231794
300434.SZ,20260824,11.84,131900,1561696.0,0.0,7.4803851603615525,45.0
300435.SZ,20260824,16.81,66100,1111141.0,-1.5231400117164728,6.114272231844833,35.86115992970116
300436.SZ,20260824,93.18,22300,2077914.0,0.06443298969072142,3.7035244995914813,45.38659793814433
300437.SZ,20260824,11.1,21200,235320.0,0.8174386920980936,4.5719196356312946,49.90463215258856
300438.SZ,20260824,61.76,82900,5119904.0,0.016194331983809818,5.104202602171882,45.097165991902855
300439.SZ,20260824,9.34,5500,51370.0,0.0,1.4248561329461082,45.0
300440.SZ,20260824,18.55,3000,55650.0,0.0,0.3248702217895134,45.0
300441.SZ,20260824,6.84,2000,13680.0,0.2932551319648091,0.4425441694140084,46.759530791788855
300442.SZ,20260824,64.6,37000,2390200.0,0.34172103137619647,2.1507076958043605,47.05032618825718
300443.SZ,20260824,19.71,2300,45333.0,-0.050709939148063654,0.5162313600772083,44.69574036511162
300444.SZ,20260824,9.85,39000,384150.0,0.0,2.1279578089032483,45.0
300445.SZ,20260824,18.25,3900,71175.0,-0.2732240437158473,2.309349007752711,43.36065573770492
300446.SZ,20260824,12.85,5800,74530.0,-0.4647560030983766,1.0592507309725425,42.21146398140974
300447.SZ,20260824,13.5,148000,1998000.0,-0.9537784299339713,34.06706203123326,39.27732942039617
300448.SZ,20260824,5.72,26700,152724.0,-0.694444444444442,1.6049681900667443,40.83333333333335
300449.SZ,20260824,7.01,3700,25937.0,-0.2844950213371278,0.6053754360508505,43.29302987197723
300450.SZ,20260824,34.2,114700,3922740.0,0.8552049542907891,3.537536553373169,50.13122972574473
300451.SZ,20260824,3.48,35500,123540.0,0.8695652173912993,2.1770656673635673,50.2173913043478
300452.SZ,20260824,12.99,111300,1445787.0,1.7227877838684513,12.552394814307124,55.33672670321071
300453.SZ,20260824,9.87,43400,428358.0,-0.2022244691607833,3.5223673422999835,43.7866531850353
300454.SZ,20260824,120.59,565300,68169527.0,-0.00829187396350628,27.151706972998213,44.95024875621896
300455.SZ,20260824,17.56,51000,895560.0,-0.9029345372460473,7.165095365330733,39.58239277652372
300456.SZ,20260824,31.43,38000,1194340.0,0.12742911755336817,2.392252677849083,45.76457470532021
300457.SZ,20260824,20.5,248600,5096300.0,2.7568922305764465,7.636012971863632,61.54135338345868
300458.SZ,20260824,31.15,114000,3551100.0,-0.9853782581055404,3.4126377389732627,39.08773045136676
300459.SZ,20260824,3.47,187200,649584.0,0.5797101449275477,2.9948148878640612,48.47826086956529
300460.SZ,20260824,8.64,42400,366336.0,-1.0309278350515427,11.460722834937135,38.814432989690744
300461.SZ,20260824,31.35,5400,169290.0,0.06383657835939971,1.4929967130348754,45.3830194701564
300462.SZ,20260824,,0,0.0,,0.0,0.0
300463.SZ,20260824,9.32,46100,429652.0,-0.42735042735041473,6.0905187925544935,42.43589743589751
300464.SZ,20260824,6.78,8200,55596.0,0.4444444444444473,0.5589195853994111,47.666666666666686
300465.SZ,20260824,12.44,178900,2225516.0,0.0,7.2814879290973495,45.0
300466.SZ,20260824,7.26,7100,51546.0,0.0,1.7111761637203795,45.0
300467.SZ,20260824,32.57,4300,140051.0,-0.6709362610551994,2.272295214486344,40.9743824336688
300468.SZ,20260824,21.72,960800,20868576.0,-2.2062134173795656,14.192570773050557,31.762719495722607
300469.SZ,20260824,56.99,9100,518609.0,0.0,1.4415476470259456,45.0
300470.SZ,20260824,28.25,9600,271200.0,0.39090262970860046,5.353503558663617,47.345415778251606
300471.SZ,20260824,9.76,69000,673440.0,0.6185567010309256,13.129676014092395,48.711340206185554
300472.SZ,20260824,6.76,54500,368420.0,0.1481481481481417,23.065146486406015,45.88888888888885
300473.SZ,20260824,22.09,10000,220900.0,0.8215426745778132,0.6151509012614298,49.92925604746688
300474.SZ,20260824,50.48,17000,858160.0,-0.35530990919857564,3.818494132092644,42.86814054480855
300475.SZ,20260824,157.08,83000,13037640.0,-0.6451612903225712,4.355863064534827,41.12903225806457
300476.SZ,20260824,254.12,103600,26326832.0,0.1497595964373044,4.287908413895638,45.89855757862382
300477.SZ,20260824,2.54,275000,698500.0,0.39525691699606735,15.284326101917857,47.3715415019764
300478.SZ,20260824,30.58,7800,238524.0,1.358965860125938,2.5288401365788262,53.15379516075563
300479.SZ,20260824,14.6,21400,312440.0,-0.47716428084526585,3.9010986829384415,42.13701431492841
300480.SZ,20260824,32.91,67200,2211552.0,0.2742230347348995,4.5727748216794115,46.6453382084094
300481.SZ,20260824,14.2,28700,407540.0,-0.14064697609001975,3.388143659090551,44.15611814345988
300482.SZ,20260824,16.99,137800,2341222.0,-2.3563218390804663,7.213611138650412,30.862068965517203
300483.SZ,20260824,22.72,192600,4375872.0,-0.959023539668713,8.838697004413719,39.24585876198772
300484.SZ,20260824,12.73,35400,450642.0,-0.15686274509804088,15.477277534785339,44.058823529411754
300485.SZ,20260824,9.48,557400,5284152.0,-4.339051463168508,34.52463345153075,18.96569122098895
300486.SZ,20260824,22.89,184800,4230072.0,1.015004413062659,9.762735508511817,51.090026478375954
300487.SZ,20260824,66.89,31000,2073590.0,0.0,5.046746849856218,45.0
300488.SZ,20260824,33.0,103000,3399000.0,5.330354293009898,20.6080271388134,76.9821257580594
300489.SZ,20260824,215.0,59100,12706500.0,-0.7157700300161718,4.999834658007814,40.70537981990297
300490.SZ,20260824,11.52,9600,110592.0,0.0,0.8595518297567964,45.0
300491.SZ,20260824,30.0,33700,1011000.0,1.3856032443392952,2.652296164015539,53.313619466035775
300492.SZ,20260824,23.74,2200,52228.0,0.0843170320404596,1.0168593108720854,45.50590219224276
300493.SZ,20260824,12.01,1700,20417.0,0.0,0.20393752040392793,36.708753672707026
300494.SZ,20260824,8.19,8500,69615.0,0.0,1.8185928322975067,45.0
300496.SZ,20260824,56.8,28400,1613120.0,-0.17574692442882123,3.500371429135868,43.94551845342707
300497.SZ,20260824,17.4,67200,1169280.0,0.7527504342790925,3.0974289913332873,49.51650260567455
300498.SZ,20260824,13.53,49700,672441.0,-0.44150110375276164,1.4578035018503461,42.350993377483434
300499.SZ,20260824,28.43,145400,4133722.0,0.6015569709837187,5.298466654999255,48.60934182590231
300500.SZ,20260824,9.64,33700,324868.0,0.10384215991692258,10.879430317948394,45.623052959501535
300501.SZ,20260824,10.08,35500,357840.0,-0.591715976331364,6.131807124712195,41.44970414201182
300502.SZ,20260824,445.01,344880,153475048.8,0.6809954751131109,7.459441382304163,49.085972850678665
300503.SZ,20260824,69.6,34100,2373360.0,-0.0717875089734532,2.411243315844034,44.56927494615928
300504.SZ,20260824,14.95,11900,177905.0,-0.06684491978610207,2.29994029372838,44.59893048128339
300505.SZ,20260824,19.18,34300,657874.0,-0.4670472236637302,2.4319444939885795,42.19771665801762
300506.SZ,20260824,5.23,204400,1069012.0,0.5769230769230749,7.204493419467339,48.46153846153845
300507.SZ,20260824,6.42,25500,163710.0,1.1023622047244164,5.191278143326431,51.6141732283465
300508.SZ,20260824,43.9,7800,342420.0,1.0822012433801431,2.7579768512134315,51.49320746028086
300509.SZ,20260824,8.86,69111,612323.46,0.3397508493771184,7.6640659734711605,47.03850509626271
300510.SZ,20260824,3.39,241300,818007.0,-0.2941176470588225,19.625261835819515,43.235294117647065
300511.SZ,20260824,5.67,497800,2822526.0,1.0695187165775222,12.276170633445062,51.41711229946513
300512.SZ,20260824,7.18,7800,56004.0,-0.5540166204986208,1.6315502738470786,41.675900277008274
300513.SZ,20260824,7.23,23700,171351.0,-0.4132231404958553,4.512390694458168,42.52066115702487
300514.SZ,20260824,9.9,13600,134640.0,0.917431192660545,4.296693585145618,50.50458715596327
300515.SZ,20260824,16.33,166200,2714046.0,-0.548112058465311,19.934177080604147,41.71132764920814
300516.SZ,20260824,31.08,9300,289044.0,-0.22471910112359383,3.14806555968576,43.65168539325844
300517.SZ,20260824,10.09,4400,44396.0,0.0,1.081543197362968,45.0
300518.SZ,20260824,23.65,37400,884510.0,1.808006887645286,4.381163475266026,55.84804132587172
300519.SZ,20260824,14.17,20700,293319.0,-0.8397480755773179,5.2646338276025055,39.961511546536094
300520.SZ,20260824,23.93,20500,490565.0,-0.787728026534007,3.0876649884430396,40.27363184079596
300521.SZ,20260824,23.78,1600,38048.0,2.0163020163020295,0.6977325354041954,57.09781209781218
300522.SZ,20260824,14.2,516700,7337140.0,-4.183535762483137,17.439650551976076,19.898785425101178
300523.SZ,20260824,20.05,2200,44110.0,0.5516549648946878,1.3836977567439268,48.30992978936813
300525.SZ,20260824,8.14,15600,126984.0,0.24630541871923928,1.7283018039724574,46.47783251231544
300527.SZ,20260824,7.92,1600,12672.0,0.3802281368821214,0.23847826212460846,45.20745600372225
300528.SZ,20260824,12.65,198400,2509760.0,-2.1655065738592327,26.74886978948268,32.006960556844604
300529.SZ,20260824,15.75,19100,300825.0,-0.06345177664974777,2.922687765611875,44.61928934010152
300530.SZ,20260824,17.98,23000,413540.0,-0.6080707573244859,1.6029302603959938,41.351575456053084
300531.SZ,20260824,15.97,65200,1041244.0,-0.8074534161490732,7.196879916075739,40.15527950310556
300532.SZ,20260824,6.92,4300,29756.0,-0.1443001443001357,0.8543794965826944,44.134199134199186
300533.SZ,20260824,14.22,6105,86813.1,0.14084507042253502,1.8621469676864961,45.84507042253521
300534.SZ,20260824,18.68,773700,14452716.0,1.798365122615797,10.897483094071573,55.79019073569478
300535.SZ,20260824,17.34,74300,1288362.0,1.2850467289719614,19.588443875288256,52.710280373831765
300536.SZ,20260824,8.94,3400,30396.0,0.22421524663676085,0.49656504933532886,46.34529147982057
300537.SZ,20260824,19.59,900,17631.0,-0.2545824847250522,0.14949148095692963,25.38097166389702
300538.SZ,20260824,15.38,8500,130730.0,0.0,2.723319457982851,45.0
300539.SZ,20260824,18.18,7800,141804.0,0.0,1.946345201585563,45.0
300540.SZ,20260824,29.12,226700,6601504.0,-0.8174386920980825,15.451793572774662,40.0953678474115
300541.SZ,20260824,9.65,116400,1123260.0,-1.329243353783216,17.610023451389857,37.024539877300704
300542.SZ,20260824,12.0,11400,136800.0,-0.6622516556291425,2.739648554358753,41.02649006622514
300543.SZ,20260824,7.69,2300,17687.0,0.0,0.4415867953489253,45.0
300545.SZ,20260824,33.9,134800,4569720.0,-0.5281690140845008,7.007560214567221,41.830985915492995
300546.SZ,20260824,17.64,668200,11787048.0,-1.0101010101010055,28.237841224559816,38.939393939393966
300547.SZ,20260824,25.3,6700,169510.0,0.676482292081193,1.2814363723184161,49.05889375248716
300548.SZ,20260824,204.0,98600,20114400.0,3.3329956438050923,4.741191684202725,64.99797386283055
300549.SZ,20260824,14.37,9000,129330.0,0.34916201117318746,6.69975081982975,47.09497206703912
300550.SZ,20260824,,0,0.0,,0.0,0.0
300551.SZ,20260824,9.87,45500,449085.0,-0.6042296072507614,5.134108147118307,41.37462235649543
300552.SZ,20260824,20.56,47400,974544.0,1.6815034619188873,8.423060882851809,55.089020771513326
300553.SZ,20260824,40.43,7400,299182.0,-0.41871921182266014,1.515633313396801,42.48768472906404
300554.SZ,20260824,20.62,16500,340230.0,0.0970873786407811,6.33563703375094,45.58252427184469
300555.SZ,20260824,12.33,3800,46854.0,0.16246953696181787,5.673679758188045,45.974817221770905
300556.SZ,20260824,16.12,11000,177320.0,0.0,4.203293578722365,45.0
300557.SZ,20260824,26.12,22500,587700.0,1.9516003122560521,6.91040536916462,56.709601873536315
300558.SZ,20260824,51.18,213000,10901340.0,0.0,9.867538642683009,45.0
300559.SZ,20260824,10.35,5300,54855.0,0.0,1.280395803943031,45.0
300560.SZ,20260824,17.85,25400,453390.0,-0.4461795872838681,2.4116659639429994,42.32292247629679
300561.SZ,20260824,15.24,39400,600456.0,-0.2617801047120394,3.490240001315054,43.429319371727765
300562.SZ,20260824,15.08,10200,153816.0,0.3326679973386648,1.3528508828346753,46.99600798403199
300563.SZ,20260824,23.44,5600,131264.0,0.7738607050730817,2.3528803586938003,49.64316423043849
300564.SZ,20260824,12.52,7500,93900.0,0.8051529790660261,3.5306164872239925,49.83091787439616
300565.SZ,20260824,9.65,34800,335820.0,0.20768431983384517,5.622652696953703,46.24610591900307
300566.SZ,20260824,28.76,120700,3471332.0,-0.7933770265608708,6.534730479765628,40.239737840634774
300567.SZ,20260824,219.0,14300,3131700.0,0.8798194297296114,2.5427834951604193,50.27891657837767
300568.SZ,20260824,14.61,197700,2888397.0,0.8977900552486151,4.384294939165987,50.386740331491694
300569.SZ,20260824,4.72,25900,122248.0,0.0,1.8572866459285255,45.0
300570.SZ,20260824,215.3,303332,65307379.6,0.3916814324349538,12.99395478138255,47.35008859460972
300571.SZ,20260824,30.83,26900,829327.0,0.35807291666667407,4.490362262597626,47.14843750000004
300572.SZ,20260824,19.08,2000,38160.0,0.10493179433368471,0.5856700894601853,45.62959076600211
300573.SZ,20260824,39.68,21100,837248.0,-0.1761006289308198,3.4331941694651866,43.94339622641508
300575.SZ,20260824,5.87,46900,275303.0,0.0,4.029380346454143,45.0
300576.SZ,20260824,30.31,28000,848680.0,-0.9800718719372825,2.041011230437511,39.119568768376304
300577.SZ,20260824,17.59,9500,167105.0,0.05688282138796019,5.503812156921604,45.341296928327765
300578.SZ,20260824,15.63,14900,232887.0,-0.5725190839694694,3.3824055451193136,41.56488549618318
300579.SZ,20260824,21.58,16800,362544.0,-0.3693444136657509,4.5676486192319645,42.7839335180055
300580.SZ,20260824,20.1,83300,1674330.0,0.29940119760480943,12.574586986808717,46.79640718562886
300581.SZ,20260824,9.83,34000,334220.0,-0.405268490374866,5.113248754187432,42.56838905775081
300582.SZ,20260824,11.25,19100,214875.0,0.17809439002671734,3.9101060122317763,46.0685663401603
300583.SZ,20260824,12.95,13700,177415.0,0.46547711404187897,4.80611094914508,47.792862684251276
300584.SZ,20260824,33.28,18000,599040.0,1.1550151975683987,4.490168533139019,51.93009118541039
300585.SZ,20260824,15.61,15300,238833.0,-0.255591054313109,2.996542257251885,43.46645367412135
300586.SZ,20260824,8.98,26500,237970.0,-1.2101210121012063,1.8588856634373627,37.73927392739276
300587.SZ,20260824,5.22,19500,101790.0,0.0,0.559165876958028,45.0
300588.SZ,20260824,22.33,26200,585046.0,-0.5345211581291753,4.707319929721136,41.792873051224944
300589.SZ,20260824,12.68,117800,1493704.0,-3.427265803503432,7.001165824946045,24.436405178979406
300590.SZ,20260824,10.98,104300,1145214.0,0.45745654162854255,10.239202248363279,47.74473924977126
300591.SZ,20260824,6.65,105800,703570.0,-0.2998500749625155,5.773415763599594,43.200899550224904
300592.SZ,20260824,14.86,9300,138198.0,-0.3353454057679506,1.0456475940122814,42.9879275653923
300593.SZ,20260824,30.76,68300,2100908.0,-0.5174644243208237,2.9855107974340074,41.895213454075055
300594.SZ,20260824,14.71,6400,94144.0,0.5468215994531844,12.133200226930436,48.280929596719105
300595.SZ,20260824,11.01,23600,259836.0,0.09090909090909705,2.050120436539625,45.54545454545458
300596.SZ,20260824,43.2,27200,1175040.0,-0.2309468822170757,7.331330443313647,43.614318706697546
300597.SZ,20260824,7.77,35800,278166.0,-0.25673940949936247,10.323008259230471,43.459563543003824
300598.SZ,20260824,33.01,248800,8212888.0,0.2429395687822522,17.76224773240449,46.457637412693515
300599.SZ,20260824,11.97,74800,895356.0,-0.33305578684429404,12.356933586512486,43.00166527893423
300600.SZ,20260824,9.91,1800,17838.0,-0.5020080321285203,0.6033912104143773,41.98795180722888
300601.SZ,20260824,13.28,993800,13197664.0,1.9186492709132752,21.744204244442106,56.51189562547965
300602.SZ,20260824,42.86,155200,6651872.0,3.103199422660574,4.372050557143069,63.61919653596345
300603.SZ,20260824,7.77,43300,336441.0,0.5174644243208126,3.4183034854978827,48.104786545924874
300604.SZ,20260824,283.01,122100,34555521.0,1.28480423734878,7.359394671147332,52.70882542409268
300605.SZ,20260824,10.3,66300,682890.0,0.7827788649706457,12.861128700444239,49.696673189823876
300606.SZ,20260824,36.19,8200,296758.0,-0.02762430939228233,1.890222663771089,44.834254143646305
300607.SZ,20260824,35.11,407600,14310836.0,-1.293224627495082,13.585914990868316,37.24065223502951
300608.SZ,20260824,10.1,15200,153520.0,-0.49261083743843415,1.7630723788781868,42.044334975369395
300609.SZ,20260824,25.28,3100,78368.0,0.4769475357710773,0.7734751741624816,47.86168521462646
300610.SZ,20260824,10.4,2900,30160.0,-0.19193857965450478,0.8814086827873276,43.848368522072974
300611.SZ,20260824,23.01,700,16107.0,0.3926701570680535,0.5486304879142906,47.35602094240832
300612.SZ,20260824,11.78,29800,351044.0,0.7698887938408783,6.1987806948012345,49.61933276304527
300613.SZ,20260824,70.32,39000,2742480.0,-0.2977456401531353,4.772387178859037,43.21352615908119
300614.SZ,20260824,10.93,39300,429549.0,1.6744186046511622,18.915657154049857,55.04651162790697
300615.SZ,20260824,16.76,1663300,27876908.0,3.7770897832817507,41.42896387796046,67.6625386996905
300616.SZ,20260824,10.66,13400,142844.0,0.9469696969697017,3.573300974735388,50.68181818181821
300617.SZ,20260824,40.75,6800,277100.0,0.04910385465259903,1.5592474653891975,45.29462312791559
300618.SZ,20260824,34.85,49100,1711135.0,-0.40011431837667644,6.6398031206424015,42.59931408973994
300619.SZ,20260824,26.81,9900,265419.0,0.41198501872659055,1.1045206569789157,47.471910112359545
300620.SZ,20260824,306.01,40800,12485208.0,0.321279874110747,4.578263465505212,46.92767924466448
300621.SZ,20260824,7.39,60500,447095.0,0.5442176870748217,13.567816718140582,48.26530612244893
300622.SZ,20260824,14.59,148400,2165156.0,-0.950441276306857,20.75575407638216,39.29735234215886
300623.SZ,20260824,29.47,194700,5737809.0,-0.5064145847400447,5.020248579301561,41.96151249155973
300624.SZ,20260824,50.8,21500,1092200.0,-0.858704137392674,2.46726517213835,39.84777517564395
300625.SZ,20260824,9.71,19900,193229.0,-0.8171603677221473,9.012734126838646,40.09703779366711
300626.SZ,20260824,31.56,15500,489180.0,1.0243277848911658,2.699613421847924,51.14596670934699
300627.SZ,20260824,27.02,20500,553910.0,-0.40545521562845854,3.5842946718288213,42.56726870622925
300628.SZ,20260824,41.64,89500,3726780.0,-0.21567217828899476,5.05515733025511,43.70596693026603
300629.SZ,20260824,16.93,11400,193002.0,0.0,2.8181353716506212,45.0
300631.SZ,20260824,21.5,5300,113950.0,-0.6928406466512604,4.167068090569131,40.84295612009244
300632.SZ,20260824,18.89,30900,583701.0,0.8004268943436532,3.135662500021018,49.80256136606192
300633.SZ,20260824,20.72,65500,1357160.0,0.14499758337360724,7.203845995431878,45.86998550024164
300634.SZ,20260824,19.48,14700,286356.0,0.0,1.9261482434965285,45.0
300635.SZ,20260824,12.41,15200,188632.0,1.388888888888884,3.0199799421536606,53.3333333333333
300636.SZ,20260824,6.96,7100,49416.0,0.14388489208632116,1.5308051313174105,45.86330935251793
300637.SZ,20260824,9.0,7900,71100.0,-0.5524861878453136,2.6841514785597456,41.68508287292812
300638.SZ,20260824,18.87,43400,818958.0,-0.052966101694906786,5.280049252040088,44.68220338983056
300639.SZ,20260824,6.14,34500,211830.0,-0.6472491909385147,2.496515738863854,41.11650485436891
300640.SZ,20260824,6.8,11600,78880.0,-0.43923865300147247,2.173255642750275,42.364568081991166
300641.SZ,20260824,13.9,25900,360010.0,-0.35842293906809264,5.232960279164489,42.84946236559144
300642.SZ,20260824,13.71,5400,74034.0,0.0,1.5133874658133526,45.0
300643.SZ,20260824,18.06,18000,325080.0,-0.11061946902655162,5.692999685631114,44.33628318584069
300644.SZ,20260824,21.27,2100,44667.0,-0.046992481203012026,1.3111805744607141,44.71804511278193
300645.SZ,20260824,12.97,16500,214005.0,0.0,4.590292406162834,45.0
300647.SZ,20260824,5.63,48000,270240.0,0.0,4.099532846824286,45.0
300648.SZ,20260824,40.6,1000,40600.0,-0.12300123001229846,0.43989735049500744,44.26199261992621
300649.SZ,20260824,25.26,15100,381426.0,-0.39432176656150064,2.803347433170537,42.634069400631
300650.SZ,20260824,11.79,4500,53055.0,0.1699235344095218,1.0236508395769828,46.019541206457134
300651.SZ,20260824,17.11,12600,215586.0,0.0,4.629088820446882,45.0
300652.SZ,20260824,28.84,1100,31724.0,-0.4143646408839796,0.7380799785661053,42.513812154696126
300653.SZ,20260824,15.07,6700,100969.0,0.0,2.6630877999192686,45.0
300654.SZ,20260824,10.3,72800,749840.0,1.2782694198623545,6.39835495993494,52.66961651917413
300655.SZ,20260824,12.85,58000,745300.0,0.390625,1.9979898046303346,47.34375
300656.SZ,20260824,26.81,18800,504028.0,-0.5194805194805197,3.339093854762589,41.883116883116884
300657.SZ,20260824,35.04,118200,4141728.0,0.028546959748787515,5.91856632877792,45.171281758492725
300658.SZ,20260824,10.68,15500,165540.0,0.9451795841209698,2.671140714950611,50.671077504725815
300659.SZ,20260824,10.17,8600,87462.0,-0.2941176470588225,2.949025476590024,43.235294117647065
300660.SZ,20260824,24.19,6400,154816.0,0.04135649296941324,1.1385806808377241,45.24813895781648
300661.SZ,20260824,116.9,27300,3191370.0,0.2572898799313883,2.7857568784784488,46.54373927958833
300662.SZ,20260824,19.9,3800,75620.0,0.0,1.8462501382795453,45.0
300663.SZ,20260824,8.13,115500,939015.0,-0.24539877300613355,6.381699663993779,43.5276073619632
300664.SZ,20260824,4.55,8200,37310.0,0.0,1.344726444941183,45.0
300665.SZ,20260824,9.94,171100,1700734.0,5.520169851380041,18.749626816076916,78.12101910828025
300666.SZ,20260824,248.11,41790,10368516.9,0.5715443858938185,2.286642115221903,48.42926631536291
300667.SZ,20260824,14.51,5800,84158.0,-0.7523939808481539,1.0263463834956532,40.485636114911074
300668.SZ,20260824,33.45,25600,856320.0,-0.14925373134327957,4.777609987882907,44.104477611940325
300669.SZ,20260824,23.67,1100,26037.0,-0.8793969849246075,0.9557175397128223,39.723618090452355
300670.SZ,20260824,6.49,21300,138237.0,2.0440251572326984,2.276773033067272,57.26415094339619
300671.SZ,20260824,59.19,27800,1645482.0,-0.4708256263662336,2.3752919849327494,42.1750462418026
300672.SZ,20260824,162.5,29700,4826250.0,-0.5020818025961216,3.752532293551684,41.987509184423274
300673.SZ,20260824,12.87,6400,82368.0,-0.23255813953488857,3.6791743691153753,43.60465116279067
300674.SZ,20260824,15.51,250600,3886806.0,-1.9595448798988668,16.371567228341302,33.2427307206068
300675.SZ,20260824,12.92,24100,311372.0,0.5447470817120603,12.90821710091274,48.26848249027236
300676.SZ,20260824,42.55,220700,9390785.0,0.8293838862559078,11.094993788730172,49.97630331753545
300677.SZ,20260824,48.18,26000,1252680.0,-0.47510844866762714,2.683667719235218,42.149349307994235
300678.SZ,20260824,21.77,7700,167629.0,0.600739371534198,2.7640535499515604,48.60443622920519
300679.SZ,20260824,51.45,188900,9718905.0,0.0,7.128840694132659,45.0
300680.SZ,20260824,20.48,42300,866304.0,-0.04880429477792658,7.184261393424952,44.70717423133244
300681.SZ,20260824,21.38,14000,299320.0,-0.09345794392523477,2.356606389747395,44.43925233644859
300682.SZ,20260824,9.39,47700,447903.0,0.42780748663102663,3.039331376612187,47.56684491978616
300683.SZ,20260824,28.77,75000,2157750.0,-1.134020618556708,7.037052977507975,38.195876288659754
300684.SZ,20260824,85.8,692400,59407920.0,2.021403091557672,31.508100051571244,57.12841854934603
300685.SZ,20260824,18.93,72900,1379997.0,-0.3159557661927215,7.174022706621099,43.10426540284367
300686.SZ,20260824,14.68,101800,1494424.0,0.06816632583503957,9.480817601819517,45.408997955010236
300687.SZ,20260824,26.95,162300,4373985.0,0.4098360655737654,9.2650352088523,47.459016393442596
300688.SZ,20260824,29.3,3500,102550.0,-1.2470508931580748,0.4465066992158367,37.51769464105155
300689.SZ,20260824,53.8,4700,252860.0,-0.16700686583782653,1.7690726721984738,43.99795880497304
300690.SZ,20260824,20.63,900,18567.0,0.04849660523762456,0.5324268097838496,45.29097963142575
300691.SZ,20260824,14.44,6400,92416.0,-0.20732550103663705,1.9392788792578661,43.756046993780174
300692.SZ,20260824,9.58,143600,1375688.0,0.3141361256544517,5.85646391697012,46.884816753926714
300693.SZ,20260824,43.0,85700,3685100.0,0.2331002331002363,8.09877493042699,46.398601398601414
300694.SZ,20260824,10.53,36100,380133.0,0.0,10.806656390668362,45.0
300695.SZ,20260824,49.09,1300,63817.0,0.06114961271912467,1.7138934159728836,45.36689767631475
300696.SZ,20260824,20.2,1100,22220.0,-0.14829461196244065,0.28755048617190804,44.11023232822536
300697.SZ,20260824,16.18,185300,2998154.0,-0.2466091245376001,9.385663014155188,43.5203452527744
300698.SZ,20260824,25.26,12500,315750.0,1.5681544028950611,2.5215115871320233,54.40892641737037
300699.SZ,20260824,24.31,28500,692835.0,-0.328003280032807,3.289173471436578,43.03198031980316
300700.SZ,20260824,19.09,20400,389436.0,0.05241090146750338,2.629090177316933,45.31446540880502
300701.SZ,20260824,9.66,11300,109158.0,-0.6172839506172867,3.9943369831664666,41.296296296296276
300702.SZ,20260824,22.14,15600,345384.0,0.49931911030411946,4.45338049544046,47.99591466182471
300703.SZ,20260824,13.44,10600,142464.0,-0.07434944237918462,4.142417415674679,44.55390334572489
300705.SZ,20260824,11.57,158300,1831531.0,0.0,9.155690537184745,45.0
300706.SZ,20260824,53.43,35400,1891422.0,1.9267455169782455,3.267864015068538,56.560473101869476
300707.SZ,20260824,12.1,11900,143990.0,0.0,4.069204476431266,45.0
300708.SZ,20260824,7.8,99900,779220.0,-0.6369426751592355,7.905309804314384,41.17834394904459
300709.SZ,20260824,40.73,93900,3824547.0,-0.07360157016683688,8.112264856315884,44.55839057899898
300710.SZ,20260824,31.82,376000,11964320.0,0.0,51.45224973888155,45.0
300711.SZ,20260824,17.52,184300,3228936.0,-0.3979533826037551,9.321966364125041,42.61227970437747
300712.SZ,20260824,20.22,23100,467082.0,-1.987396994667956,4.724694089758919,33.07561803199226
300713.SZ,20260824,13.4,25600,343040.0,2.1341463414634276,13.533816039596555,57.804878048780566
300715.SZ,20260824,14.48,32100,464808.0,0.0,3.439041697041386,45.0
300716.SZ,20260824,18.41,72500,1334725.0,-3.2580136626379486,9.153317295037606,25.451918024172308
300717.SZ,20260824,18.26,12200,222772.0,0.1645639056500281,7.445757208193328,45.98738343390017
300718.SZ,20260824,56.55,32900,1860495.0,-1.874023945861536,4.6554983041104006,33.75585632483079
300719.SZ,20260824,11.53,6900,79557.0,0.0,2.7561206824517455,45.0
300720.SZ,20260824,77.51,116700,9045417.0,1.2012012012011963,9.541003521083296,52.207207207207176
300721.SZ,20260824,22.5,44600,1003500.0,-1.055408970976246,4.172824545639286,38.66754617414252
300722.SZ,20260824,,0,0.0,,0.0,0.0
300723.SZ,20260824,36.5,34300,1251950.0,-0.6802721088435382,3.5526412917387686,40.91836734693877
300724.SZ,20260824,57.25,28300,1620175.0,-0.831456781569373,3.141543318604042,40.01125931058376
300725.SZ,20260824,52.48,118600,6224128.0,1.9821220365332293,5.426917935613293,56.892732219199374
300726.SZ,20260824,55.02,317000,17441340.0,4.125662376987127,26.814217372084702,69.75397426192276
300727.SZ,20260824,27.18,2500,67950.0,0.03680529996319404,1.2060236338621082,45.22083179977916
300729.SZ,20260824,10.08,5900,59472.0,-0.1980198019801982,3.8313368001610075,43.81188118811881
300730.SZ,20260824,11.3,8500,96050.0,-0.4405286343612258,3.4398810678579843,42.35682819383265
300731.SZ,20260824,38.93,95040,3699907.2,-0.2817622950819665,6.299611737571447,43.309426229508205
300732.SZ,20260824,5.99,21200,126988.0,-0.4983388704318803,3.758324182863024,42.00996677740872
300733.SZ,20260824,14.06,5600,78736.0,-0.3543586109142405,0.9531867685759265,42.873848334514555
300735.SZ,20260824,20.04,26300,527052.0,-0.6445215666832094,2.296655550055559,41.13287059990074
300736.SZ,20260824,29.64,17600,521664.0,0.0,2.9327007347453575,45.0
300737.SZ,20260824,4.81,91600,440596.0,0.0,4.792741042314822,45.0
300738.SZ,20260824,20.88,123300,2574504.0,0.2400384061449934,3.0578800338075802,46.44023043686996
300739.SZ,20260824,22.81,43000,980830.0,0.0438596491227905,5.628339421555937,45.26315789473674
300740.SZ,20260824,21.01,257398,5407931.98,-0.2847650688182157,8.066139672964269,43.291409587090705
300741.SZ,20260824,13.37,6500,86905.0,-0.44676098287416144,3.7934412821925645,42.31943410275503
300743.SZ,20260824,14.77,9600,141792.0,0.27155465037338455,4.211263558279035,46.629327902240306
300745.SZ,20260824,29.27,7200,210744.0,1.0355540214014525,1.4014195817518398,51.213324128408715
300746.SZ,20260824,13.37,39300,525441.0,-0.9629629629629655,9.72140909728746,39.22222222222221
300747.SZ,20260824,36.94,126000,4654440.0,0.8463008463008403,8.490582898724009,50.07780507780504
300748.SZ,20260824,27.99,112300,3143277.0,1.5233949945592906,4.102640698950221,54.140369967355745
300749.SZ,20260824,23.91,104000,2486640.0,-0.12531328320802837,11.859047602035085,44.24812030075183
300750.SZ,20260824,391.15,164400,64305060.0,0.0,11.810699610216703,45.0
300751.SZ,20260824,197.14,17400,3430236.0,1.7969637509036351,1.8853885639912176,55.78178250542181
300752.SZ,20260824,11.25,22600,254250.0,0.44642857142858094,2.734518537015611,47.67857142857149
300753.SZ,20260824,22.0,22300,490600.0,-0.6772009029345272,4.759820685694996,40.936794582392835
300755.SZ,20260824,11.11,6000,66660.0,0.0,2.006125031366394,45.0
300756.SZ,20260824,28.9,5100,147390.0,-0.17271157167529916,1.7088622292947362,43.963730569948204
300757.SZ,20260824,504.6,26900,13573740.0,0.0,5.639352304499208,45.0
300758.SZ,20260824,10.95,43400,475230.0,1.57699443413728,1.8275086842634503,54.46196660482368
300759.SZ,20260824,47.93,304150,14577909.5,-0.10421008753647154,4.341959834887103,44.37473947478117
300760.SZ,20260824,154.0,20000,3080000.0,-0.2913564260278334,1.643499633469201,43.251861443833
300761.SZ,20260824,18.44,72800,1342432.0,-1.758124667021832,5.993947575144546,34.45125199786901
300762.SZ,20260824,28.26,76200,2153412.0,-0.8073008073007926,3.1059497088469916,40.156195156195245
300763.SZ,20260824,63.01,24900,1568949.0,-0.23749208359721274,2.902430899132931,43.57504749841672
300765.SZ,20260824,49.65,709700,35236605.0,1.3265306122449028,16.347311750074397,52.95918367346942
300766.SZ,20260824,21.78,50600,1102068.0,0.7400555041628065,3.826104489305627,49.44033302497684
300767.SZ,20260824,19.0,3900,74100.0,0.3697834125726329,0.4799826423352375,47.218700475435796
300768.SZ,20260824,14.55,4900,71295.0,-0.4787961696306353,0.9857248807679897,42.12722298221619
300769.SZ,20260824,48.0,48800,2342400.0,1.802757158006374,3.755036434502223,55.81654294803825
300770.SZ,20260824,33.76,9800,330848.0,0.44629574531389604,8.237341827360101,47.677774471883374
300771.SZ,20260824,11.4,22500,256500.0,1.1535048802129522,10.245960984259368,51.92102928127771
300772.SZ,20260824,11.33,22400,253792.0,0.0,1.8850979062745918,45.0
300773.SZ,20260824,15.11,806040,12179264.4,-1.94678780012979,13.951109820097779,33.31927319922126
300774.SZ,20260824,11.16,22900,255564.0,0.0,1.9442143965377279,45.0
300775.SZ,20260824,20.81,35500,738755.0,-0.19184652278179115,4.500677361462034,43.84892086330925
300776.SZ,20260824,115.89,22800,2642292.0,1.6578947368421026,2.1946640349850792,54.947368421052616
300777.SZ,20260824,23.05,10500,242025.0,-0.5608283002588421,1.5817959984761714,41.63503019844695
300778.SZ,20260824,10.56,17400,183744.0,1.9305019305019488,6.3458360458711,56.5830115830117
300779.SZ,20260824,67.82,65100,4415082.0,-0.5571847507331529,8.067441046251,41.65689149560108
300780.SZ,20260824,19.77,10400,205608.0,-0.2019182231196348,2.247953804772349,43.78849066128219
300781.SZ,20260824,26.9,4100,110290.0,0.0,1.590337787630736,45.0
300782.SZ,20260824,76.59,10300,788877.0,-0.7129893699766576,1.1765447386743266,40.722063780140054
300783.SZ,20260824,16.78,3500,58730.0,-0.11904761904761862,0.8903241448395884,44.28571428571429
300784.SZ,20260824,40.99,1700,69683.0,0.09768009768009733,3.1647846213349258,45.586080586080584
300785.SZ,20260824,35.8,5500,196900.0,0.0,1.2247362840064164,45.0
300786.SZ,20260824,15.64,21900,342516.0,0.4495825305073975,3.5697656743303265,47.69749518304438
300787.SZ,20260824,10.01,12200,122122.0,-0.29880478087648266,2.1816446749501237,43.2071713147411
300788.SZ,20260824,23.99,37500,899625.0,0.3765690376569042,10.20213212058499,47.25941422594143
300789.SZ,20260824,17.22,3200,55104.0,-0.9775733179988588,1.4774862641155453,39.13456009200685
300790.SZ,20260824,19.99,115200,2302848.0,-1.0396039603960405,5.525162463694312,38.762376237623755
300791.SZ,20260824,16.54,6600,109164.0,0.0,1.392970515905812,45.0
300792.SZ,20260824,23.25,2600,60450.0,-0.12886597938144284,0.7614565099814226,44.22680412371135
300793.SZ,20260824,11.0,7700,84700.0,0.0,2.377362879771791,45.0
300795.SZ,20260824,13.51,185600,2507456.0,-1.3868613138686148,7.367507525050812,36.678832116788314
300796.SZ,20260824,6.72,4400,29568.0,0.29850746268655914,1.1372021939639476,46.79104477611936
300797.SZ,20260824,14.39,59200,851888.0,-0.758620689655165,5.8662958931436995,40.44827586206901
300798.SZ,20260824,7.27,386200,2807674.0,1.9635343618513268,19.8014600637441,56.78120617110796
300800.SZ,20260824,9.97,9400,93718.0,-0.29999999999998916,2.681880875360332,43.20000000000007
300801.SZ,20260824,22.67,17700,401259.0,-0.4391743522178193,3.960135632222003,42.36495388669309
300802.SZ,20260824,23.48,15000,352200.0,-0.5084745762711895,1.8681567843615736,41.949152542372865
300803.SZ,20260824,81.69,41600,3398304.0,-0.23204689789936284,4.004981332665504,43.607718612603826
300804.SZ,20260824,42.54,3600,153144.0,-1.4136732329084523,4.287087023130013,36.51796060254929
300805.SZ,20260824,7.9,8400,66360.0,0.12674271229404788,1.6438184481474867,45.76045627376429
300806.SZ,20260824,50.21,134100,6733161.0,0.3196803196803266,4.373132636120787,46.91808191808196
300807.SZ,20260824,36.3,2500,90750.0,1.0579064587973086,2.1572891269490126,51.34743875278385
300808.SZ,20260824,19.18,400,7672.0,0.0,0.10234666822908088,18.42240028123456
300809.SZ,20260824,23.6,8200,193520.0,-0.6315789473684164,2.616963724391804,41.2105263157895
300810.SZ,20260824,24.0,4500,108000.0,0.29251984956122357,3.337574009544782,46.75511909736734
300811.SZ,20260824,77.31,30500,2357955.0,0.01293661060801643,2.494948907739181,45.0776196636481
300812.SZ,20260824,19.36,44100,853776.0,-0.4115226337448652,8.385083971787495,42.53086419753081
300813.SZ,20260824,20.93,10800,226044.0,-0.9465215333648858,2.6357149230999912,39.320870799810685
300814.SZ,20260824,140.49,31200,4383288.0,0.7457870204374384,5.703314203821114,49.47472212262463
300815.SZ,20260824,15.82,12600,199332.0,-0.4405286343612369,2.2566831279061828,42.35682819383258
300816.SZ,20260824,51.16,4300,219988.0,-0.46692607003890885,1.5818467124021154,42.19844357976655
300817.SZ,20260824,15.24,4000,60960.0,0.06565988181221893,2.3456526908766073,45.39395929087331
300818.SZ,20260824,19.39,3300,63987.0,0.5184033177812353,1.0888241374098682,48.11041990668741
300819.SZ,20260824,46.89,9700,454833.0,0.0,3.247674632317502,45.0
300820.SZ,20260824,52.58,6200,325996.0,-0.2466325175488615,2.0867503489428656,43.52020489470683
300821.SZ,20260824,17.03,237800,4049734.0,0.4719764011799521,3.5827317575281765,47.831858407079714
300822.SZ,20260824,11.21,31200,349752.0,-1.838879159369522,6.063418855164068,33.96672504378287
300823.SZ,20260824,15.05,18400,276920.0,0.0,7.124820809161464,45.0
300824.SZ,20260824,7.55,18700,141185.0,0.0,4.608409778816998,45.0
300825.SZ,20260824,10.55,13300,140315.0,-0.18921475875117721,0.7414205996556844,43.86471144749294
300826.SZ,20260824,14.99,4800,71952.0,1.6271186440677932,0.3927802408423604,54.76271186440676
300827.SZ,20260824,25.88,28600,740168.0,-0.03862495171881308,2.087790691202818,44.768250289687124
300828.SZ,20260824,17.04,35100,598104.0,0.41249263406011316,6.462283820440341,47.474955804360675
300829.SZ,20260824,15.0,8400,126000.0,-0.26595744680850686,2.72770200203215,43.40425531914896
300830.SZ,20260824,8.07,9700,78279.0,0.7490636704119868,1.6591734429831793,49.494382022471925
300831.SZ,20260824,14.08,17700,249216.0,0.0,5.197714670709,45.0
300832.SZ,20260824,51.36,18600,955296.0,-0.9832272990167645,2.4513575700342263,39.10063620589941
300833.SZ,20260824,,0,0.0,,0.0,0.0
300834.SZ,20260824,39.36,4200,165312.0,0.0,3.3505341553486656,45.0
300835.SZ,20260824,160.08,6200,992496.0,0.47702736630681475,1.9402999977101278,47.86216419784089
300836.SZ,20260824,47.83,2100,100443.0,-1.2185047501032664,1.0311591506779318,37.6889714993804
300837.SZ,20260824,23.36,6100,142496.0,1.038062283737018,5.575130228584197,51.228373702422104
300838.SZ,20260824,13.9,20000,278000.0,0.0,10.022367906272546,45.0
300839.SZ,20260824,12.0,886600,10639200.0,-3.7690457097032892,19.754921637942225,22.385725741780263
300840.SZ,20260824,18.92,17000,321640.0,-0.21097046413501852,2.955370532796504,43.73417721518989
300841.SZ,20260824,57.08,95500,5451140.0,1.0265486725663742,13.750448581539368,51.159292035398245
300842.SZ,20260824,62.6,10000,626000.0,0.0,2.7375384588452865,45.0
300843.SZ,20260824,142.98,53800,7692324.0,2.4946236559139745,5.339016890114453,59.96774193548384
300844.SZ,20260824,23.73,2100,49833.0,0.9787234042553106,2.197806947403908,50.87234042553186
300845.SZ,20260824,12.42,13100,162702.0,0.8116883116883189,1.7508170017699762,49.870129870129915
300846.SZ,20260824,19.15,84000,1608600.0,-1.3395157135497215,3.372645680629732,36.96290571870167
300847.SZ,20260824,13.78,4300,59254.0,-0.14492753623189802,1.7798444460289582,44.13043478260861
300848.SZ,20260824,12.65,5700,72105.0,0.23771790808242432,2.2581833157532016,46.42630744849455
300849.SZ,20260824,21.08,3100,65348.0,1.9835510401547962,0.9896478755380742,56.901306240928776
300850.SZ,20260824,25.2,15300,385560.0,-0.31645569620254443,1.3982444220814905,43.10126582278473
300851.SZ,20260824,24.38,3800,92644.0,-0.08196721311475308,3.5520613124338207,44.50819672131148
300852.SZ,20260824,46.06,55900,2574754.0,-0.9249300924930037,9.151625784976794,39.45041944504198
300853.SZ,20260824,27.5,11200,308000.0,0.0,2.128087661734662,45.0
300854.SZ,20260824,17.8,5900,105020.0,0.0,1.3468459472603906,45.0
300855.SZ,20260824,33.8,48200,1629160.0,-0.059136605558851585,4.342790710654372,44.64518036664689
300856.SZ,20260824,10.92,2900,31668.0,-0.09149130832570851,0.7631334522506092,44.45105215004575
300857.SZ,20260824,249.0,56000,13944000.0,0.6426579362192264,4.023857771670328,48.85594761731536
300858.SZ,20260824,15.3,37900,579870.0,-0.649350649350644,5.742383446935422,41.10389610389613
300859.SZ,20260824,26.65,8700,231855.0,0.7942511346444636,3.1359134310776233,49.765506807866785
300860.SZ,20260824,,0,0.0,,0.0,0.0
300861.SZ,20260824,16.8,25700,431760.0,0.0,3.04943098837148,45.0
300862.SZ,20260824,55.34,1694006,93746292.04,-2.0530973451327372,51.65148784476485,32.68141592920358
300863.SZ,20260824,42.65,3600,153540.0,-0.5363805970149294,0.8448357403452909,41.781716417910424
300864.SZ,20260824,23.62,112300,2652526.0,-1.991701244813282,9.213090432840524,33.0497925311203
300865.SZ,20260824,28.9,56400,1629960.0,0.20804438280166426,9.54645869840827,46.24826629680999
300866.SZ,20260824,117.57,3600,423252.0,-0.7848101265822804,1.6532765536857335,40.29113924050632
300867.SZ,20260824,18.1,218400,3953040.0,-0.44004400440043057,23.154302022128974,42.35973597359742
300868.SZ,20260824,88.07,6300,554841.0,0.07954545454544881,1.3578962401158412,45.47727272727269
300869.SZ,20260824,11.4,17500,199500.0,-1.041666666666663,5.608153822748156,38.75000000000002
300870.SZ,20260824,208.0,19500,4056000.0,-1.2767573211827754,3.385061980783231,37.339456072903346
300871.SZ,20260824,23.33,6300,146979.0,-0.04284490145672892,1.4141386643746214,44.74293059125963
300872.SZ,20260824,15.12,276300,4177656.0,-0.26385224274406704,20.90159849124306,43.4168865435356
300873.SZ,20260824,15.41,31200,480792.0,0.06493506493505663,2.6889350072778124,45.38961038961034
300875.SZ,20260824,32.52,10700,347964.0,0.8684863523573227,4.020998453492267,50.21091811414394
300876.SZ,20260824,15.89,3300,52437.0,1.5335463258785875,1.708047046934897,54.20127795527152
300877.SZ,20260824,30.76,38000,1168880.0,-1.4418455623197657,8.700293193270987,36.34892662608141
300878.SZ,20260824,33.32,14100,469812.0,0.0,5.470246868389973,45.0
300879.SZ,20260824,16.64,17300,287872.0,0.060132291040293495,6.6371581867338065,45.36079374624176
300880.SZ,20260824,,0,0.0,,0.0,0.0
300881.SZ,20260824,32.99,10700,352993.0,-0.15133171912832255,5.70109576947741,44.09200968523007
300882.SZ,20260824,14.4,2900,41760.0,0.0,2.1600651430956153,45.0
300883.SZ,20260824,6.6,45300,298980.0,0.7633587786259444,3.233045503222864,49.58015267175567
300884.SZ,20260824,,0,0.0,,0.0,0.0
300885.SZ,20260824,19.58,7400,144892.0,-1.5585721468074576,1.634952518382206,35.64856711915525
300886.SZ,20260824,24.83,23800,590954.0,1.1817440912795352,18.690007295283994,52.090464547677215
300887.SZ,20260824,7.48,304500,2277660.0,4.761904761904767,13.963883325161385,73.57142857142861
300888.SZ,20260824,28.93,9600,277728.0,-0.3101309441764344,4.190327560172182,43.13921433494139
300889.SZ,20260824,21.42,10700,229194.0,0.990099009900991,3.9091076210720104,50.940594059405946
300890.SZ,20260824,26.6,20100,534660.0,-0.6721433905899965,3.0815594634874,40.96713965646002
300891.SZ,20260824,7.29,11000,80190.0,0.0,2.034184792268694,45.0
300892.SZ,20260824,22.44,3600,80784.0,-0.8833922261484051,1.8842811939808057,39.69964664310957
300893.SZ,20260824,14.71,62500,919375.0,-1.6053511705685475,11.089462582402213,35.36789297658871
300894.SZ,20260824,11.09,10600,117554.0,-0.5381165919282505,1.855982227717681,41.771300448430495
300895.SZ,20260824,52.49,23300,1223017.0,0.0,3.3759041509136005,45.0
300896.SZ,20260824,92.3,22600,2085980.0,-0.06496318752706731,8.2506449577948,44.610220874837594
300897.SZ,20260824,16.0,16500,264000.0,1.2017710309930374,2.1267676645354263,52.210626185958226
300898.SZ,20260824,20.68,15600,322608.0,-0.14485755673587786,4.897414016992543,44.130854659584735
300899.SZ,20260824,29.33,2200,64526.0,0.6174957118353364,4.299026379722902,48.70497427101202
300900.SZ,20260824,22.05,229600,5062680.0,0.045372050816694376,15.261069625766705,45.272232304900164
300901.SZ,20260824,18.58,51000,947580.0,2.312775330396466,8.192635844805158,58.876651982378796
300902.SZ,20260824,15.89,37300,592697.0,-0.12570710245128902,7.675904200708078,44.245757385292265
300903.SZ,20260824,78.5,68200,5353700.0,-0.152632917832618,3.518184133303762,44.08420249300429
300904.SZ,20260824,40.14,18400,738576.0,-2.5018217148409017,15.049675160636403,29.98906971095459
300905.SZ,20260824,36.29,6300,228627.0,0.24861878453037445,1.492151539202443,46.491712707182245
300906.SZ,20260824,30.41,99400,3022754.0,-0.5559189012426358,30.27235237512737,41.664486592544186
300907.SZ,20260824,52.0,2900,150800.0,1.3645224171540127,0.7444534154931632,53.187134502924074
300908.SZ,20260824,24.47,4701,115033.47,-0.1631986944104602,2.1370415759830004,44.02080783353724
300909.SZ,20260824,54.01,2800,151228.0,-1.423617448439496,0.6983651470387826,36.458295309363024
300910.SZ,20260824,25.25,38800,979700.0,0.3976143141153132,9.218399924555719,47.38568588469188
300911.SZ,20260824,24.12,55200,1331424.0,-1.1070110701106972,3.1098378851580235,38.357933579335814
300912.SZ,20260824,19.66,19600,385336.0,-0.1523616048755727,5.29596067842159,44.085830370746564
300913.SZ,20260824,35.85,7800,279630.0,-0.1670843776106823,1.2120196005370416,43.997493734335904
300915.SZ,20260824,20.25,7000,141750.0,0.0,9.863668994557495,45.0
300916.SZ,20260824,25.69,26900,691061.0,-1.1923076923076925,3.1263077237593375,37.84615384615385
300917.SZ,20260824,26.5,57900,1534350.0,0.11333585190782536,9.656507025112322,45.68001511144695
300918.SZ,20260824,10.35,23000,238050.0,0.778967867575453,4.605627320105319,49.67380720545272
300919.SZ,20260824,40.61,17900,726919.0,0.3459352606869359,1.619846946690448,47.075611564121616
300920.SZ,20260824,34.6,3800,131480.0,2.48815165876779,2.284069386080338,59.92890995260674
300921.SZ,20260824,15.24,2800,42672.0,0.0,0.3728888047269085,45.0
300922.SZ,20260824,17.06,6500,110890.0,-0.05858230814295151,2.202406549875172,44.64850615114229
300923.SZ,20260824,24.75,3900,96525.0,0.2024291497975783,3.504025075328362,46.21457489878547
300925.SZ,20260824,14.36,5600,80416.0,-0.485100485100487,1.160101740322494,42.08939708939708
300926.SZ,20260824,17.18,17100,293778.0,-0.05817335660268652,6.294326636973788,44.65095986038388
300927.SZ,20260824,26.71,618200,16512122.0,-1.1106997408367292,25.07395445471462,38.335801554979625
300928.SZ,20260824,25.29,14100,356589.0,0.6366892160764026,13.497839752866993,48.82013529645842
300929.SZ,20260824,15.28,20900,319352.0,-0.4560260586319198,1.942832851720892,42.26384364820848
300930.SZ,20260824,25.33,17200,435676.0,0.0,11.712114473494365,45.0
300931.SZ,20260824,15.41,25600,394496.0,0.5218525766470972,4.164771456498288,48.13111545988258
300932.SZ,20260824,10.53,103700,1091961.0,1.055662188099804,7.88280421087465,51.33397312859883
300933.SZ,20260824,6.3,3800,23940.0,0.4784688995215447,0.15161973779387944,30.162366200027567
300935.SZ,20260824,30.45,11700,356265.0,0.8946322067594492,4.40577207153426,50.36779324055669
300936.SZ,20260824,85.01,79893,6791703.93,-2.129864149205607,13.138317059257432,32.22081510476636
300937.SZ,20260824,26.08,18000,469440.0,-0.15313935681471325,2.868170529609016,44.08116385911172
300938.SZ,20260824,28.0,6500,182000.0,0.0,0.6837411104367846,45.0
300939.SZ,20260824,61.65,7200,443880.0,-0.08103727714749986,2.0644177644079726,44.513776337115004
300940.SZ,20260824,13.7,18000,246600.0,-0.29112081513829047,5.806057068973368,43.25327510917026
300941.SZ,20260824,14.81,54100,801221.0,-1.5292553191489255,5.663962804157274,35.824468085106446
300942.SZ,20260824,7.3,467100,3409830.0,8.630952380952372,12.693942860475719,96.78571428571423
300943.SZ,20260824,30.78,55800,1717524.0,0.0,4.822763561947319,45.0
300945.SZ,20260824,13.38,436700,5843046.0,5.188679245283012,14.707781388774764,76.13207547169807
300946.SZ,20260824,38.75,5900,228625.0,-0.3087213789554899,2.890226281531561,43.14767172626706
300947.SZ,20260824,14.18,16900,239642.0,0.07057163020465218,7.2084250396529255,45.42342978122791
300948.SZ,20260824,20.31,2100,42651.0,-0.8300781250000111,0.5228784035000084,40.019531249999936
300949.SZ,20260824,22.38,3500,78330.0,-0.3118040089086893,3.355946002833099,43.12917594654786
300950.SZ,20260824,16.71,4100,68511.0,0.0,3.174335912766019,45.0
300951.SZ,20260824,70.2,9700,680940.0,-1.084965478371136,1.8367279476054361,38.49020712977318
300952.SZ,20260824,16.46,7400,121804.0,0.0,1.8548210176027569,45.0
300953.SZ,20260824,99.95,7500,749625.0,-0.05999400059993887,1.650902748966824,44.640035996400364
300955.SZ,20260824,30.71,6500,199615.0,-0.13008130081300084,4.645652562770518,44.21951219512199
300956.SZ,20260824,11.1,12200,135420.0,-0.5376344086021501,4.018502870345204,41.7741935483871
300957.SZ,20260824,31.67,24100,763247.0,-0.03156565656564636,4.073204568972739,44.81060606060612
300958.SZ,20260824,12.38,48600,601668.0,-0.7217321571772239,7.209830701008008,40.669607056936655
300959.SZ,20260824,93.0,5775,537075.0,-1.1269402509036852,2.8936043149931834,38.23835849457789
300960.SZ,20260824,16.42,6400,105088.0,0.30543677458767515,2.2654936496401907,46.83262064752605
300961.SZ,20260824,11.49,12600,144774.0,-0.691443388072599,2.624569567164654,40.8513396715644
300962.SZ,20260824,12.88,13300,171304.0,0.9404388714733702,2.1642509930861142,50.642633228840225
300963.SZ,20260824,11.2,5300,59360.0,0.0,1.1523228203495488,45.0
300964.SZ,20260824,56.98,5000,284900.0,0.10541110330286596,1.5356177048278432,45.632466619817194
300965.SZ,20260824,43.08,1000,43080.0,-0.8743672342383824,1.7091441489239347,39.75379659456971
300966.SZ,20260824,25.2,900,22680.0,0.11918951132299238,0.35402985883521115,45.71513706793795
300967.SZ,20260824,16.31,52200,851382.0,-0.8510638297872353,8.257232527003122,39.89361702127659
300968.SZ,20260824,10.33,6300,65079.0,0.19398642095052043,0.8648033082081756,46.163918525703124
300969.SZ,20260824,73.58,3500,257530.0,0.04078857919782575,1.6599561842688995,45.24473147518695
300970.SZ,20260824,19.07,593880,11325291.6,-0.573514077163706,20.641647050485,41.55891553701777
300971.SZ,20260824,17.99,52400,942676.0,-4.30851063829788,9.516369696181512,19.148936170212718
300972.SZ,20260824,199.0,1500,298500.0,-1.02456978016513,0.9603833287801684,38.85258131900922
300973.SZ,20260824,24.28,9800,237944.0,-0.6546644844517169,3.7805275878840203,41.0720130932897
300975.SZ,20260824,25.6,114100,2920960.0,0.0,3.572113067336512,45.0
300976.SZ,20260824,58.1,17700,1028370.0,0.17241379310344307,3.491289618579958,46.034482758620655
300977.SZ,20260824,16.38,1700,27846.0,0.0,0.9307494328352185,45.0
300978.SZ,20260824,8.56,600,5136.0,0.23419203747074846,0.23057217837352834,42.90814433205959
300979.SZ,20260824,32.99,7200,237528.0,-0.7521058965102245,1.5692610001027651,40.48736462093865
300980.SZ,20260824,22.6,32300,729980.0,0.0,5.931330911700282,45.0
300981.SZ,20260824,14.62,89600,1309952.0,-0.7467752885268242,8.919563884968788,40.51934826883905
300982.SZ,20260824,14.9,8000,119200.0,0.8119079837618504,5.23021568331843,49.871447902571106
300983.SZ,20260824,39.94,700,27958.0,0.0,0.5948416615346733,45.0
300984.SZ,20260824,31.89,41900,1336191.0,-1.0856079404466534,11.134898214074438,38.48635235732008
300985.SZ,20260824,39.44,74400,2934336.0,-0.2781289506953222,17.184764169131306,43.33122629582807
300986.SZ,20260824,11.96,146400,1750944.0,0.5042016806722671,6.712185451711797,48.0252100840336
300987.SZ,20260824,13.19,1500,19785.0,-0.3776435045317328,0.693939329955893,42.7341389728096
300988.SZ,20260824,14.8,2500,37000.0,0.9549795361528002,1.0814950239729975,50.729877216916805
300989.SZ,20260824,14.38,34800,500424.0,-0.1388888888888884,7.028158218208359,44.16666666666667
300990.SZ,20260824,73.0,32300,2357900.0,-0.1777656228633906,4.788081090867276,43.93340626281966
300991.SZ,20260824,28.3,17300,489590.0,-1.565217391304341,2.7579736164820376,35.60869565217395
300992.SZ,20260824,24.17,2900,70093.0,0.0,1.9448712936825021,45.0
300993.SZ,20260824,9.92,3100,30752.0,-0.2012072434607548,1.3465996702444871,43.79275653923547
300994.SZ,20260824,11.22,3700,41514.0,0.44762757385856666,1.336620542395806,47.685765443151396
300995.SZ,20260824,26.14,4100,107174.0,0.07656967840734552,3.2206981469935556,45.45941807044407
300996.SZ,20260824,14.36,124700,1790692.0,-0.06958942240778976,5.045782913485928,44.58246346555326
300997.SZ,20260824,16.32,9200,150144.0,-0.4270896888346587,1.8356151251052342,42.437461866992045
300998.SZ,20260824,26.24,3500,91840.0,-0.60606060606061,1.0180440323553548,41.36363636363634
300999.SZ,20260824,24.88,70100,1744088.0,-0.519792083166748,6.975309416126264,41.881247500999514
301000.SZ,20260824,23.95,10900,261055.0,0.2511511092507357,4.001315907277487,46.506906655504416
301001.SZ,20260824,23.99,17100,410229.0,1.2663571127057738,17.405273552354434,52.598142676234644
301002.SZ,20260824,27.86,30400,846944.0,-0.3576537911301858,4.474475081007257,42.85407725321888
301003.SZ,20260824,56.0,3700,207200.0,0.07147962830593713,1.5667947193976386,45.42887776983562
301004.SZ,20260824,33.93,2600,88218.0,0.5035545023696741,6.30851662616429,48.021327014218045
301005.SZ,20260824,72.96,109600,7996416.0,-0.06848376934668332,9.48615100988038,44.5890973839199
301006.SZ,20260824,13.75,12800,176000.0,0.0,10.815310996612048,45.0
301007.SZ,20260824,27.18,4100,111438.0,0.07363770250368162,0.5918554769097113,45.44182621502209
301008.SZ,20260824,41.0,67100,2751100.0,1.7369727047146455,7.416310260562024,55.42183622828787
301009.SZ,20260824,9.07,8800,79816.0,0.44296788482836025,4.084482298674749,47.65780730897016
301010.SZ,20260824,17.42,2000,34840.0,-0.28620492272465325,1.1962605937648385,43.28277046365208
301011.SZ,20260824,14.81,7900,116999.0,0.06756756756756133,5.1056819743884585,45.40540540540537
301012.SZ,20260824,25.95,95300,2473035.0,2.7722772277227747,11.414808405292387,61.63366336633665
301013.SZ,20260824,41.58,78600,3268188.0,-0.9056244041944717,4.34324124240531,39.56625357483317
301015.SZ,20260824,25.6,31800,814080.0,-1.0054137664346374,4.078077448552383,38.96751740139217
301016.SZ,20260824,11.97,46900,561393.0,0.08361204013378476,12.639018626276776,45.501672240802705
301017.SZ,20260824,13.45,3300,44385.0,1.8939393939394034,0.6052768357738916,56.36363636363642
301018.SZ,20260824,91.0,68400,6224400.0,1.5625,4.349151686129644,54.375
301019.SZ,20260824,15.09,4500,67905.0,0.13271400132712774,3.504746951489502,45.79628400796277
301020.SZ,20260824,20.58,4400,90552.0,0.8823529411764675,3.2968562121120217,50.294117647058805
301021.SZ,20260824,75.44,17900,1350376.0,-0.4749340369393118,1.8753170140691475,42.15039577836413
301022.SZ,20260824,23.14,5900,136526.0,0.08650519031141446,5.213539364148359,45.51903114186849
301023.SZ,20260824,29.26,5000,146300.0,-0.17059024223813335,2.2045724380538663,43.9764585465712
301024.SZ,20260824,31.41,6100,191601.0,-0.15893197711379647,7.948639445622629,44.04640813731722
301025.SZ,20260824,8.97,31100,278967.0,-0.4439511653718031,3.123025560617627,42.33629300776918
301026.SZ,20260824,21.57,70900,1529313.0,0.41899441340782495,4.437093425120685,47.51396648044695
301027.SZ,20260824,19.85,13300,264005.0,-0.6009013520280271,1.88499249839566,41.39459188783184
301028.SZ,20260824,13.12,62500,820000.0,-0.9811320754717023,9.437018801843834,39.113207547169786
301029.SZ,20260824,24.74,12900,319146.0,-0.08077544426495775,1.584197275758956,44.51534733441025
301030.SZ,20260824,8.15,301600,2458040.0,-6.214039125431525,38.160898197912736,15.0
301031.SZ,20260824,92.1,6400,589440.0,-0.7329165768484636,2.6843651374194653,40.60250053890922
301032.SZ,20260824,10.04,400,4016.0,0.0,0.1441060810218499,25.939094583932985
301033.SZ,20260824,57.0,7400,421800.0,0.31678986272438703,5.678908053549353,46.90073917634632
301035.SZ,20260824,53.9,12500,673750.0,2.705792682926833,2.355036611899188,61.234756097561
301036.SZ,20260824,22.31,2800,62468.0,-0.089565606806985,3.233743242091091,44.46260635915809
301037.SZ,20260824,13.5,23554,317979.0,-0.07401924500369805,9.838376134940995,44.55588452997781
301038.SZ,20260824,16.02,33100,530262.0,0.8181246066708558,14.98491657095942,49.90874764002513
301039.SZ,20260824,7.99,16200,129438.0,0.12531328320801727,0.7643216334714947,45.75187969924811
301040.SZ,20260824,27.35,11400,311790.0,0.07317965605562193,8.390998403667657,45.43907793633373
301041.SZ,20260824,25.49,11800,300782.0,-0.4296875000000089,4.289383944526066,42.42187499999994
301042.SZ,20260824,32.98,6800,224264.0,0.33465165804684727,1.9883080295821396,47.00790994828108
301043.SZ,20260824,44.5,6400,284800.0,1.182355616189179,11.291960009491907,52.09413369713508
301045.SZ,20260824,65.89,7400,487586.0,0.09114385538508962,2.8400467364007915,45.546863132310534
301046.SZ,20260824,21.96,13000,285480.0,0.5034324942791768,2.5419051289152637,48.02059496567506
301047.SZ,20260824,120.93,141780,17145455.4,1.7929292929292906,13.265267268748064,55.757575757575744
301048.SZ,20260824,9.27,91400,847278.0,-2.008456659619462,9.077523332660848,32.94926004228323
301049.SZ,20260824,20.42,5900,120478.0,0.5911330049261032,5.733355065368613,48.54679802955662
301050.SZ,20260824,28.06,298400,8373104.0,-9.716859716859716,31.428495611504918,15.0
301051.SZ,20260824,20.4,331100,6754440.0,-0.9708737864077777,14.207433458066095,39.17475728155333
301052.SZ,20260824,22.7,4100,93070.0,-0.48224462954844505,1.5441778720356207,42.10653222270933
301053.SZ,20260824,40.96,9400,385024.0,-0.5342399222923677,2.2055107953006132,41.79456046624579
301055.SZ,20260824,29.55,3800,112290.0,1.1986301369863117,0.9985891046680216,52.191780821917874
301056.SZ,20260824,11.06,5300,58618.0,0.7285974499089187,1.5710932984661297,49.371584699453514
301057.SZ,20260824,21.35,9600,204960.0,-0.9280742459396696,5.519015332182187,39.431554524361985
301058.SZ,20260824,8.29,64300,533047.0,0.363196125907983,7.957085098097757,47.1791767554479
301059.SZ,20260824,11.31,14200,160602.0,0.08849557522123686,6.872951059078184,45.53097345132742
301060.SZ,20260824,11.74,390500,4584470.0,2.086956521739136,10.279128797998505,57.52173913043482
301061.SZ,20260824,34.48,4900,168952.0,-0.6626332469029217,2.9718859299035136,41.02420051858247
301062.SZ,20260824,7.35,190000,1396500.0,0.6849315068493178,11.338231390512227,49.10958904109591
301063.SZ,20260824,18.22,26400,481008.0,1.0537992235163385,25.417046639029305,51.32279534109803
301065.SZ,20260824,19.04,2900,55216.0,-0.7299270072992692,2.142425752634233,40.620437956204384
301066.SZ,20260824,12.16,2800,34048.0,1.9279128248113953,0.6591030302905473,56.567476948868375
301067.SZ,20260824,29.25,5200,152100.0,0.0,2.6112815379296066,45.0
301068.SZ,20260824,27.03,2800,75684.0,0.03700962250186013,1.5088841219668694,45.22205773501116
301069.SZ,20260824,16.15,4000,64600.0,-0.6765067650676637,1.0837580299767833,40.940959409594015
301070.SZ,20260824,69.8,28400,1982320.0,1.0568987983205602,6.992638771080888,51.34139278992336
301071.SZ,20260824,59.2,23800,1408960.0,0.016894745734075123,2.171612858067267,45.10136847440445
301072.SZ,20260824,43.43,4400,191092.0,0.0,1.4689622457284983,45.0
301073.SZ,20260824,17.96,8800,158048.0,-0.44345898004433115,1.9186859798846339,42.339246119734014
301075.SZ,20260824,54.0,17800,961200.0,0.5586592178770999,16.92299910404234,48.3519553072626
301076.SZ,20260824,20.3,5500,111650.0,-0.4901960784313597,2.0570815458741016,42.05882352941184
301077.SZ,20260824,21.09,6100,128649.0,0.19002375296912621,3.4276146081968157,46.14014251781476
301078.SZ,20260824,6.94,46700,324098.0,-0.2873563218390718,4.268967415154729,43.275862068965566
301079.SZ,20260824,27.79,11600,322364.0,-0.3942652329749108,4.347778955738154,42.634408602150536
301080.SZ,20260824,98.9,213060,21071634.0,-0.02021835826930829,11.838737977104508,44.87868985038415
301081.SZ,20260824,14.21,95000,1349950.0,6.203288490283998,6.795846611189238,82.21973094170399
301082.SZ,20260824,9.46,20430,193267.8,0.0,3.2683763780676642,45.0
301083.SZ,20260824,13.8,36300,500940.0,-1.6393442622950727,14.426351734959873,35.16393442622956
301085.SZ,20260824,59.44,33900,2015016.0,1.7982531255351875,11.551397822350149,55.78951875321113
301086.SZ,20260824,123.72,4400,544368.0,-0.13721850028250993,1.0933122583146568,44.17668899830494
301087.SZ,20260824,47.55,5500,261525.0,-0.9993753903810187,4.229101326296532,39.00374765771389
301088.SZ,20260824,,0,0.0,,0.0,0.0
301089.SZ,20260824,24.0,35400,849600.0,-0.8264462809917328,8.627752124973917,40.0413223140496
301090.SZ,20260824,6.82,104200,710644.0,0.2941176470588225,4.3238945739497465,46.764705882352935
301091.SZ,20260824,18.18,18900,343602.0,-0.27427317608338386,3.0860996980707593,43.3543609434997
301092.SZ,20260824,44.47,1700,75599.0,0.04499437570302245,0.5661294449598349,45.26996625421813
301093.SZ,20260824,81.34,6300,512442.0,-0.7927796072691673,0.9085613764996229,40.243322356384994
301095.SZ,20260824,74.29,11500,854335.0,-0.02691427802448132,2.7864230498285214,44.83851433185311
301096.SZ,20260824,49.19,2400,118056.0,-1.1653606590315557,1.042044234772117,38.00783604581066
301097.SZ,20260824,34.61,14061,486651.21,0.08675534991324785,10.425722892960735,45.52053209947949
301098.SZ,20260824,9.03,50000,451500.0,1.6891891891891664,4.325559039156636,55.135135135135
301099.SZ,20260824,49.57,12890,638957.3,-0.46184738955822313,1.6635708563818041,42.228915662650664
301100.SZ,20260824,16.05,20300,325815.0,-0.43424317617866137,18.77193523231505,42.39454094292803
301101.SZ,20260824,29.6,11800,349280.0,0.5093378607810006,5.170154294003455,48.056027164686
301102.SZ,20260824,9.4,3200,30080.0,0.6423982869379063,2.2631316369927825,48.85438972162744
301103.SZ,20260824,16.66,8200,136612.0,-0.4778972520907865,4.194023516059811,42.13261648745528
301105.SZ,20260824,46.82,17900,838078.0,-1.1193241816261912,24.539766284286998,38.28405491024285
301106.SZ,20260824,21.81,314922,6868448.82,-6.595289079229138,24.098182104028414,15.0
301107.SZ,20260824,20.05,2100,42105.0,-0.2983590253605062,1.642267561920976,43.20984584783696
301108.SZ,20260824,38.93,72700,2830211.0,3.0166710770044958,27.17294853625001,63.100026462026975
301109.SZ,20260824,13.32,3000,39960.0,-0.07501875468867159,0.6393434178868187,44.54988747186797
301110.SZ,20260824,34.89,1000,34890.0,-0.02865329512893311,0.5853316747962845,44.8280802292264
301111.SZ,20260824,21.5,18000,387000.0,-1.0584445467096248,3.445506140550061,38.64933271974225
301112.SZ,20260824,30.58,900,27522.0,0.0,1.4125670607833298,45.0
301113.SZ,20260824,16.67,12900,215043.0,0.06002400960385401,8.441101389074667,45.360144057623124
301115.SZ,20260824,29.8,20400,607920.0,-0.40106951871657914,3.015281153984591,42.59358288770053
301116.SZ,20260824,9.34,41100,383874.0,0.1071811361200492,5.3498530219605165,45.6430868167203
301117.SZ,20260824,,0,0.0,,,0.0
301118.SZ,20260824,22.4,7700,172480.0,0.17889087656528524,4.1595537084406065,46.073345259391715
301119.SZ,20260824,23.0,17000,391000.0,0.9214567792891648,6.211927935708083,50.52874067573499
301120.SZ,20260824,14.76,5100,75276.0,-0.13531799729363803,0.9289203536931254,44.18809201623817
301121.SZ,20260824,34.68,700,24276.0,-0.4306632213608941,0.8812577815214575,42.41602067183464
301122.SZ,20260824,39.75,34900,1387275.0,0.6329113924050667,5.431827457894202,48.7974683544304
301123.SZ,20260824,76.01,29100,2211891.0,0.7422133863485891,4.178467452690298,49.45328031809154
301125.SZ,20260824,12.18,5500,66990.0,-0.16393442622950616,1.8402785223166618,44.01639344262296
301126.SZ,20260824,10.18,12500,127250.0,0.0983284169124854,3.0193352057403486,45.58997050147491
301127.SZ,20260824,18.98,182700,3467646.0,0.8501594048884176,5.56574917633548,50.10095642933051
301128.SZ,20260824,110.03,12700,1397381.0,0.5023748629886748,2.976302818369462,48.01424917793205
301129.SZ,20260824,24.68,155680,3842182.4,-3.405088062622308,20.548467043528515,24.569471624266153
301130.SZ,20260824,33.98,426200,14482276.0,8.285532186105794,27.91100221094446,94.71319311663476
301131.SZ,20260824,33.88,4900,166012.0,-0.9356725146198785,4.490370537491043,39.38596491228073
301132.SZ,20260824,36.5,26600,970900.0,-0.3820960698689979,5.810757802626356,42.70742358078601
301133.SZ,20260824,28.24,9700,273928.0,0.21291696238465718,3.5485998305318427,46.27750177430794
301135.SZ,20260824,16.98,4900,83202.0,0.5924170616113722,4.2857925716635465,48.554502369668235
301136.SZ,20260824,11.37,7000,79590.0,0.0,1.9517089002756696,45.0
301137.SZ,20260824,31.33,6300,197379.0,-0.53968253968254,1.3773916265159027,41.76190476190476
301138.SZ,20260824,28.55,41900,1196245.0,6.8088290310512445,8.552437724293085,85.85297418630746
301139.SZ,20260824,3.48,98400,342432.0,2.35294117647058,14.554067473219874,59.11764705882348
301141.SZ,20260824,41.71,7500,312825.0,1.3362487852283778,3.114802202806439,53.01749271137027
301148.SZ,20260824,52.92,1200,63504.0,1.9849682019656978,1.372807634595202,56.90980921179418
301149.SZ,20260824,7.85,59300,465505.0,0.6410256410256387,10.469820654528327,48.84615384615383
301150.SZ,20260824,39.6,33300,1318680.0,0.3802281368821214,2.831400144230078,47.28136882129273
301151.SZ,20260824,16.5,17500,288750.0,1.538461538461533,8.199642001727604,54.2307692307692
301152.SZ,20260824,19.47,24800,482856.0,0.20586721564590515,1.4873342848037363,46.23520329387543
301153.SZ,20260824,16.96,5600,94976.0,0.05899705014749124,2.2278860440829797,45.35398230088495
301155.SZ,20260824,41.95,2900,121655.0,-0.19034023316678583,1.5665989539129008,43.85795860099928
301156.SZ,20260824,11.67,73700,860079.0,-0.596252129471897,11.299392762217787,41.422487223168616
301157.SZ,20260824,63.4,3000,190200.0,0.7148530579825119,4.581546165896586,49.28911834789507
301158.SZ,20260824,15.07,51500,776105.0,-1.8241042345276792,6.190779138812863,34.05537459283393
301159.SZ,20260824,31.99,1400,44786.0,0.4080351537978588,0.7218943859438508,47.448210922787155
301160.SZ,20260824,45.51,7500,341325.0,0.19815059445178473,2.2386960769312094,46.18890356671071
301161.SZ,20260824,28.4,2200,62480.0,-0.3159003159003193,0.5753336738389082,43.10459810459808
301162.SZ,20260824,36.18,9200,332856.0,-0.24813895781639062,5.741187760773467,43.511166253101656
301163.SZ,20260824,23.75,5400,128250.0,0.4653130287648022,5.660793845011129,47.79187817258881
301165.SZ,20260824,124.21,194009,24097857.89,-2.1737418287784527,9.016107622812857,31.957549027329286
301166.SZ,20260824,30.64,89400,2739216.0,0.0,17.617912516767532,45.0
301167.SZ,20260824,14.32,7100,101672.0,-0.3479471120389599,2.5263741552023316,42.91231732776624
301168.SZ,20260824,42.38,4100,173758.0,-0.8190966534050936,3.5136364981089216,40.08542007956944
301169.SZ,20260824,52.2,3900,203580.0,0.34602076124568004,3.659909515128327,47.07612456747408
301170.SZ,20260824,22.98,4700,108006.0,0.21805494984736828,7.226744857486472,46.30832969908421
301171.SZ,20260824,37.23,318979,11875588.17,2.449091909741319,6.858120495626073,59.69455145844791
301172.SZ,20260824,17.5,10600,185500.0,-0.22805017103761926,1.7870944232294241,43.631698973774284
301173.SZ,20260824,32.5,900,29250.0,1.4357053682896304,1.9195310280542248,53.61423220973778
301175.SZ,20260824,5.45,78000,425100.0,0.18382352941175295,6.9379072283782435,46.102941176470516
301176.SZ,20260824,46.4,9700,450080.0,-0.9605122732123883,2.10826889850518,39.23692636072567
301177.SZ,20260824,23.25,39200,911400.0,0.2587322121604174,7.494775676938585,46.552393272962505
301178.SZ,20260824,35.0,3200,112000.0,0.43041606886655703,1.9387705633893029,47.582496413199344
301179.SZ,20260824,20.55,122900,2525595.0,2.647352647352652,7.996161099536868,60.884115884115914
301180.SZ,20260824,11.69,10800,126252.0,-0.34100596760444635,4.501909492549236,42.95396419437332
301181.SZ,20260824,22.6,1300,29380.0,-0.877192982456132,1.2013853484408656,39.73684210526321
301182.SZ,20260824,68.37,14000,957180.0,0.3964757709251199,6.294806307644904,47.378854625550716
301183.SZ,20260824,243.37,204410,49747261.7,0.3960232663668961,24.143572788155772,47.37613959820138
301185.SZ,20260824,16.28,900,14652.0,-0.12269938650306678,1.0314345373447305,44.263803680981596
301186.SZ,20260824,34.42,400,13768.0,0.0,0.3297343164787,45.0
301187.SZ,20260824,14.8,7800,115440.0,1.0238907849829282,5.938716031074177,51.14334470989757
301188.SZ,20260824,39.0,40400,1575600.0,0.0,3.308596066697826,45.0
301189.SZ,20260824,53.11,19200,1019712.0,0.3969754253308144,3.2580266304746046,47.381852551984885
301190.SZ,20260824,19.8,146373,2898185.4,0.3039513677811634,9.28629619898458,46.82370820668698
301191.SZ,20260824,92.07,16200,1491534.0,-0.9467455621301912,3.6080232609888143,39.31952662721885
301192.SZ,20260824,19.94,6600,131604.0,0.0,5.284084167762967,45.0
301193.SZ,20260824,17.88,7700,137676.0,-0.9966777408637828,2.979138506655085,39.0199335548173
301195.SZ,20260824,26.41,4700,124127.0,0.03787878787879784,6.367767820023336,45.22727272727279
301196.SZ,20260824,87.99,30500,2683695.0,0.709625729655472,3.208556555204904,49.257754377932834
301197.SZ,20260824,25.38,12700,322326.0,0.0,4.459159452670938,45.0
301198.SZ,20260824,12.65,15500,196075.0,1.7699115044247815,3.911028221935767,55.619469026548686
301199.SZ,20260824,17.75,3400,60350.0,-0.3368893879842738,3.0253992114521293,42.978663672094356
301200.SZ,20260824,282.5,3600,1017000.0,0.17375270380484142,1.0794791756844087,46.04251622282905
301201.SZ,20260824,35.8,35900,1285220.0,0.0,3.8890921231180418,45.0
301202.SZ,20260824,39.0,56400,2199600.0,-1.9361327633894976,12.953437079749623,33.38320341966302
301203.SZ,20260824,35.0,14900,521500.0,2.579132473622514,23.390707494468575,60.47479484173508
301205.SZ,20260824,306.01,48200,14749682.0,1.060105680317025,6.1105543180260495,51.36063408190215
301206.SZ,20260824,23.96,600,14376.0,0.08354218880535225,0.4265024074645754,45.50125313283211
301207.SZ,20260824,17.85,211900,3782415.0,0.0,15.81311517328423,45.0
301208.SZ,20260824,29.85,2000,59700.0,0.0,1.6783770717835969,45.0
301209.SZ,20260824,59.72,500,29860.0,-0.0669344042838027,0.17013456181229106,30.222614700509574
301210.SZ,20260824,24.02,13800,331476.0,-0.16625103906898753,4.33945118502301,44.002493765586074
301211.SZ,20260824,12.58,355500,4472190.0,0.8821170809943712,15.567400849752195,50.29270248596623
301212.SZ,20260824,24.77,49100,1216207.0,-0.40209087253719744,8.86945577987093,42.587454764776815
301213.SZ,20260824,43.19,4900,211631.0,-0.985786336542871,4.388206075619785,39.08528198074278
301215.SZ,20260824,5.31,484200,2571102.0,1.724137931034475,19.309659405302046,55.34482758620685
301216.SZ,20260824,17.49,1211500,21189135.0,5.935796486977574,22.275566456818947,80.61477892186545
301217.SZ,20260824,114.22,109100,12461402.0,-0.5052264808362406,4.05804411182631,41.96864111498256
301218.SZ,20260824,44.25,97500,4314375.0,4.6841731724627245,6.051965991272015,73.10503903477635
301219.SZ,20260824,46.8,68000,3182400.0,-0.02136295663320853,7.5500361826255284,44.87182226020075
301220.SZ,20260824,27.66,1700,47022.0,-0.03614022406939199,1.7420887637608784,44.78315865558365
301221.SZ,20260824,27.6,9080,250608.0,1.358795446199057,3.6203674132053583,53.15277267719434
301222.SZ,20260824,25.77,23300,600441.0,4.841334418226206,14.816078301249387,74.04800650935724
301223.SZ,20260824,16.54,2700,44658.0,0.0,1.4127197160666831,45.0
301225.SZ,20260824,58.71,4600,270066.0,0.017035775127771657,1.4023154797504052,45.102214650766626
301226.SZ,20260824,28.84,2000,57680.0,0.6631762652705042,1.3792213606764767,48.979057591623025
301227.SZ,20260824,30.66,15300,469098.0,0.8552631578947478,3.6138175877558907,50.13157894736849
301228.SZ,20260824,59.87,15600,933972.0,1.7851071064263868,4.717559961118423,55.71064263855832
301229.SZ,20260824,12.16,5200,63232.0,0.41288191577208977,2.238367701618245,47.47729149463254
301230.SZ,20260824,36.2,111900,4050780.0,1.3437849944009095,7.8643722821090005,53.06270996640546
301231.SZ,20260824,26.85,3200,85920.0,-0.8859357696566983,0.8380437066338864,39.68438538205981
301232.SZ,20260824,102.0,37300,3804600.0,-1.3157894736842146,5.386019703523981,37.10526315789471
301233.SZ,20260824,32.78,3900,127842.0,-0.8769277290595734,5.173798043208244,39.73843362564256
301234.SZ,20260824,97.0,73600,7139200.0,0.9365244536940764,14.218532696888618,50.61914672216446
301235.SZ,20260824,44.88,87200,3913536.0,3.529411764705892,10.5340280108585,66.17647058823536
301236.SZ,20260824,37.3,18800,701240.0,0.3227541689080127,1.500289476312337,46.936525013448076
301237.SZ,20260824,54.73,1600,87568.0,1.8043154761904656,1.0621473366818794,55.82589285714279
301238.SZ,20260824,16.05,111600,1791180.0,0.9433962264151052,5.453665310292848,50.660377358490635
301239.SZ,20260824,34.95,6900,241155.0,-0.14285714285713347,1.975623019608989,44.142857142857196
301246.SZ,20260824,21.44,33500,718240.0,1.5632401705353072,4.640200588149817,54.37944102321184
301248.SZ,20260824,61.46,9400,577724.0,0.01627339300243058,1.8150895386097374,45.09764035801459
301251.SZ,20260824,48.74,28200,1374468.0,2.0732984293193812,3.5302828571596185,57.43979057591629
301252.SZ,20260824,34.02,5000,170100.0,0.0,1.8093296446111842,45.0
301255.SZ,20260824,20.44,6400,130816.0,0.39292730844795454,6.975268329160361,47.357563850687725
301256.SZ,20260824,10.09,3100,31279.0,0.0,0.8714706928211845,45.0
301257.SZ,20260824,47.86,23400,1119924.0,-1.360263808738671,5.52005791649001,36.838417147567974
301258.SZ,20260824,26.77,6600,176682.0,1.0570026425066104,5.7713855539164065,51.34201585503966
301259.SZ,20260824,23.11,5100,117861.0,-0.8154506437768272,0.7113784232785872,40.107296137339034
301260.SZ,20260824,13.39,4400,58916.0,-0.5939123979213035,2.2108500977176155,41.43652561247218
301261.SZ,20260824,55.57,10360,575705.2,0.5064206909025204,4.576469169669387,48.038524145415124
301262.SZ,20260824,18.62,6700,124754.0,0.2692514808831481,1.7937481753528968,46.61550888529889
301263.SZ,20260824,19.03,8700,165561.0,0.0,1.6980117807950892,45.0
301265.SZ,20260824,19.87,2100,41727.0,0.7095793208312218,0.4806388263285257,49.25747592498733
301266.SZ,20260824,23.38,39000,911820.0,-0.29850746268657025,9.134495034827124,43.20895522388058
301267.SZ,20260824,16.08,11100,178488.0,0.24937655860348684,2.0179380814256946,46.49625935162092
301268.SZ,20260824,13.19,20800,274352.0,-0.07575757575757347,8.26900091242297,44.54545454545456
301269.SZ,20260824,95.12,13000,1236560.0,-0.08403361344537785,2.291431759571729,44.49579831932773
301270.SZ,20260824,32.1,1300,41730.0,0.0,0.6880861356546729,45.0
301272.SZ,20260824,34.35,4800,164880.0,0.0,8.38108956583933,45.0
301273.SZ,20260824,40.17,5400,216918.0,0.09967605282830139,2.847839393728589,45.59805631696981
301275.SZ,20260824,41.26,7500,309450.0,-0.4343629343629307,1.1635725866926845,42.39382239382242
301276.SZ,20260824,20.31,7400,150294.0,0.49480455220187736,4.285561529347858,47.968827313211264
301277.SZ,20260824,10.58,18250,193085.0,-0.09442870632672129,3.18967087907057,44.43342776203967
301278.SZ,20260824,27.86,2300,64078.0,0.10779734099892746,2.263003459335481,45.64678404599356
301279.SZ,20260824,20.42,900,18378.0,0.14713094654241754,0.41500965224088243,45.8827856792545
301280.SZ,20260824,42.4,3700,156880.0,0.5215742057847361,1.05586516260723,48.12944523470841
301281.SZ,20260824,44.13,7500,330975.0,0.15887426236949054,3.627241364414669,45.95324557421694
301282.SZ,20260824,36.06,124400,4485864.0,0.8107352530053014,6.256227800918782,49.86441151803181
301283.SZ,20260824,25.1,63795,1601254.5,-3.498654363706266,27.159979984325602,24.0080738177624
301285.SZ,20260824,88.55,18900,1673595.0,0.8771929824561431,5.810650336851691,50.26315789473686
301286.SZ,20260824,42.63,7000,298410.0,-0.9986065954482148,4.780962586305317,39.00836042731071
301287.SZ,20260824,40.66,2100,85386.0,0.0984736582964052,2.6348510379778824,45.59084194977843
301288.SZ,20260824,17.11,20200,345622.0,0.6470588235294006,16.762508225522087,48.88235294117641
301289.SZ,20260824,43.0,3400,146200.0,-0.1625261202693351,4.339030833004706,44.02484327838399
301290.SZ,20260824,28.88,4500,129960.0,-0.6535947712418388,1.966669590783733,41.07843137254897
301291.SZ,20260824,37.95,11700,444015.0,-0.23659305993689594,2.3648305225766,43.58044164037862
301292.SZ,20260824,66.68,62000,4134160.0,0.0,7.570489461041516,45.0
301293.SZ,20260824,51.64,15700,810748.0,-0.6349817202232044,3.439043109183577,41.190109678660775
301295.SZ,20260824,38.19,10700,408633.0,-0.727839875227454,6.18960145906698,40.63296074863528
301296.SZ,20260824,6.4,17600,112640.0,0.6289308176100628,7.529118350534868,48.77358490566038
301297.SZ,20260824,35.21,42200,1485862.0,0.7151029748283744,2.0436722512447223,49.29061784897024
301298.SZ,20260824,12.97,9500,123215.0,0.38699690402477227,5.171926740517154,47.32198142414863
301299.SZ,20260824,43.39,1900,82441.0,-0.046072333563684786,2.1496139860689834,44.72356599861789
301300.SZ,20260824,32.54,1600,52064.0,0.9618367980142706,2.448736286237254,50.77102078808562
301301.SZ,20260824,8.95,70300,629185.0,-0.77605321507761,4.4655438142830555,40.34368070953434
301302.SZ,20260824,21.4,49900,1067860.0,-1.2003693444136765,11.166229755921428,37.79778393351794
301303.SZ,20260824,13.92,8100,112752.0,-0.6423982869378952,2.6710462804678476,41.14561027837263
301305.SZ,20260824,24.5,11700,286650.0,0.4098360655737654,2.332193561958413,47.459016393442596
301306.SZ,20260824,88.95,8500,756075.0,-0.03371544167228846,2.9410755826190678,44.79770734996627
301307.SZ,20260824,52.43,11300,592459.0,-0.5312084993359889,1.8010260851366,41.81274900398407
301308.SZ,20260824,380.0,102900,39102000.0,-0.17338307150739363,8.484180796895094,43.95970157095564
301309.SZ,20260824,29.8,4000,119200.0,0.47201618341199403,5.541554967762283,47.83209710047196
301310.SZ,20260824,52.08,7500,390600.0,-1.026225769669331,1.1419346886337844,38.84264538198401
301311.SZ,20260824,13.53,22600,305778.0,0.37091988130562026,16.741235448349798,47.22551928783372
301312.SZ,20260824,71.3,23300,1661290.0,1.8135084963587067,3.1835312266635865,55.88105097815224
301313.SZ,20260824,33.93,8100,274833.0,-0.4401408450704136,2.326430402295684,42.35915492957752
301314.SZ,20260824,43.45,7100,308495.0,0.023020257826900092,10.212902564267473,45.1381215469614
301315.SZ,20260824,40.22,22300,896906.0,-0.9115545700911665,10.231443246068324,39.530672579453004
301316.SZ,20260824,38.95,12800,498560.0,-0.5870342011230156,1.4740234674444048,41.47779479326191
301317.SZ,20260824,43.14,500,21570.0,-0.04633920296569505,0.29194557879956984,44.72196478220583
301318.SZ,20260824,20.52,10200,209304.0,-0.6295399515738431,8.435608367600526,41.22276029055694
301319.SZ,20260824,112.22,153925,17273463.5,1.87925556059918,14.417511817357124,56.27553336359508
301320.SZ,20260824,13.19,7900,104201.0,0.0,2.4619026198585243,45.0
301321.SZ,20260824,41.0,49300,2021300.0,4.939851548502694,5.0248096402463265,74.63910929101615
301322.SZ,20260824,42.01,20600,865406.0,0.4063097514340308,3.693377456559694,47.43785850860419
301323.SZ,20260824,72.98,6900,503562.0,0.0,4.382250454064278,45.0
301325.SZ,20260824,30.37,2500,75925.0,0.7631055076310567,0.8221340620697607,49.57863304578634
301326.SZ,20260824,108.62,1900,206378.0,-1.0025519504192393,1.184197557206193,38.98468829748457
301327.SZ,20260824,43.62,400,17448.0,-0.22872827081427127,0.11305023119066436,18.976671989433957
301328.SZ,20260824,58.79,4100,241039.0,-0.35593220338983045,1.5528598157800046,42.86440677966102
301329.SZ,20260824,19.61,14200,278462.0,1.5010351966873614,4.552964150343664,54.00621118012417
301330.SZ,20260824,23.8,1500,35700.0,-0.4184100418409997,1.1179240107280624,42.489539748954
301331.SZ,20260824,22.06,2900,63974.0,-0.31631269769544224,1.5352939175372868,43.10212381382735
301332.SZ,20260824,7.82,4000,31280.0,0.1280409731114096,1.9791975454913304,45.768245838668456
301333.SZ,20260824,59.07,5800,342606.0,0.5446808510638279,2.008547490787487,48.26808510638297
301335.SZ,20260824,24.58,30300,744774.0,0.12219959266801528,10.432283921019879,45.73319755600809
301336.SZ,20260824,42.2,3300,139260.0,0.02370229912302957,3.3821619875724953,45.142213794738176
301337.SZ,20260824,26.18,1200,31416.0,-0.7581501137225111,1.223559502688649,40.451099317664934
301338.SZ,20260824,102.1,88800,9066480.0,0.5812235247758757,15.763874327560199,48.487341148655254
301339.SZ,20260824,10.99,10000,109900.0,0.36529680365298134,4.504130982378164,47.19178082191789
301345.SZ,20260824,249.25,3500,872375.0,-0.3677499300475673,4.275949244695828,42.7935004197146
301348.SZ,20260824,20.84,22100,460564.0,-0.04796163069544779,3.6885705625181604,44.71223021582731
301349.SZ,20260824,44.2,13500,596700.0,-0.42802432980399985,4.549367612578029,42.431854021176
301353.SZ,20260824,19.03,4900,93247.0,0.0,3.2216973616424824,45.0
301355.SZ,20260824,10.09,4900,49441.0,0.0,2.3717664947170736,45.0
301356.SZ,20260824,19.83,4100,81303.0,-0.7507507507507616,2.370753725602608,40.49549549549543
301357.SZ,20260824,88.5,9000,796500.0,-0.2029769959404626,1.8419293801225898,43.782138024357224
301358.SZ,20260824,69.66,343200,23907312.0,3.5374554102259204,15.710191874535264,66.22473246135553
301359.SZ,20260824,16.89,4200,70938.0,0.7756563245823411,2.8511453785656626,49.65393794749404
301360.SZ,20260824,56.68,62250,3528330.0,-0.805040252012601,13.141864723832176,40.1697584879244
301361.SZ,20260824,26.84,5000,134200.0,1.2448132780082943,5.6589637712042995,52.468879668049766
301362.SZ,20260824,120.36,2200,264792.0,-0.008307717869904252,0.6611471875980102,44.950153692780574
301363.SZ,20260824,16.71,35000,584850.0,-0.8896797153024827,3.336765226845142,39.661921708185105
301365.SZ,20260824,39.18,5100,199818.0,0.0,2.203412086288901,45.0
301366.SZ,20260824,55.84,120900,6751056.0,-0.9577864490954213,14.393617544523533,39.25328130542747
301367.SZ,20260824,43.36,700,30352.0,-0.5960568546538259,0.6010976770000801,41.42365887207704
301368.SZ,20260824,39.56,700,27692.0,-0.9514271407110586,0.5044456058768758,39.29143715573365
301369.SZ,20260824,131.83,3300,435039.0,-1.9851301115241582,1.6143891058568742,33.08921933085505
301370.SZ,20260824,8.82,7600,67032.0,0.0,2.067393729325137,45.0
301371.SZ,20260824,22.17,32800,727176.0,-0.5383580080753569,4.439883634978591,41.76985195154786
301372.SZ,20260824,29.87,1900,56753.0,0.5047106325706707,1.9919797831935002,48.028263795424024
301373.SZ,20260824,98.94,31100,3077034.0,0.5896705978039929,6.937433361258114,48.538023586823954
301376.SZ,20260824,20.57,7900,162503.0,0.9818360333824216,3.7576935910655025,50.89101620029453
301377.SZ,20260824,416.5,3989,1661418.5,0.0,1.0107241683444739,45.0
301378.SZ,20260824,24.82,2200,54604.0,0.8943089430894169,1.4742484536307092,50.3658536585365
301379.SZ,20260824,22.99,171600,3945084.0,4.31034482758621,11.822251972843738,70.86206896551727
301380.SZ,20260824,30.0,3000,90000.0,-0.497512437810943,1.1444506061241206,42.01492537313434
301381.SZ,20260824,22.8,19700,449160.0,-0.04384042086803541,2.360481163145796,44.73695747479179
301382.SZ,20260824,41.08,22500,924300.0,0.41554632119287227,2.0736380963793337,47.49327792715724
301383.SZ,20260824,22.48,3540,79579.2,0.22291573785109264,2.830134705552343,46.337494427106556
301386.SZ,20260824,20.24,6600,133584.0,0.049431537320798746,6.690310933883447,45.29658922392479
301387.SZ,20260824,57.86,6700,387662.0,-0.27576697690452345,2.7820041210983835,43.34539813857286
301388.SZ,20260824,23.96,3100,74276.0,0.6299874002519967,3.2581311488869114,48.77992440151198
301389.SZ,20260824,57.0,124100,7073700.0,1.5499732763228247,10.679561850534947,54.29983965793695
301390.SZ,20260824,31.28,500,15640.0,-0.06389776357826893,0.7407762112697543,44.616613418530385
301391.SZ,20260824,47.56,6000,285360.0,0.16849199663018233,6.38632599338522,46.0109519797811
301392.SZ,20260824,168.45,11900,2004555.0,-0.04153809636839867,1.8910999577347058,44.75077142178961
301393.SZ,20260824,65.41,3500,228935.0,-0.030567018187388495,1.2433889665550426,44.81659789087567
301395.SZ,20260824,12.18,6800,82824.0,-0.6525285481239762,2.5595096848683245,41.084828711256144
301396.SZ,20260824,186.25,57540,10716825.0,0.10211759647424934,3.49752577826816,45.61270557884549
301397.SZ,20260824,25.01,57330,1433823.3,-1.5741833923652027,15.794119659968668,35.55489964580879
301398.SZ,20260824,31.3,7600,237880.0,-0.3502069404648145,6.892594274450585,42.898758357211115
301399.SZ,20260824,17.49,1100,19239.0,0.865051903114189,0.7754678709561648,50.190311418685134
301408.SZ,20260824,15.4,28400,437360.0,-0.5810200129115595,2.7031098937173925,41.51387992253064
301413.SZ,20260824,61.79,6600,407814.0,-0.48316959252698854,2.0824312829509464,42.10098244483807
301418.SZ,20260824,38.06,12900,490974.0,1.1964902951342893,10.906785519455836,52.178941770805736
301419.SZ,20260824,43.86,655100,28732686.0,8.591235454320367,37.71931098624436,96.5474127259222
301421.SZ,20260824,78.0,22300,1739400.0,1.5625,5.185179755032134,54.375
301428.SZ,20260824,28.3,6000,169800.0,0.5685856432125158,3.1232319389511676,48.4115138592751
301429.SZ,20260824,17.29,3500,60515.0,0.0,3.0401414214609117,45.0
301439.SZ,20260824,14.91,8000,119280.0,0.20161290322580072,2.146163098060835,46.209677419354804
301446.SZ,20260824,,0,0.0,,0.0,0.0
301448.SZ,20260824,41.99,1800,75582.0,1.1319845857418187,2.1571676219591573,51.79190751445091
301449.SZ,20260824,40.56,13700,555672.0,-1.073170731707307,2.452297061805911,38.560975609756156
301456.SZ,20260824,23.15,5700,131955.0,0.5647263249348278,8.34045199807725,48.38835794960897
301458.SZ,20260824,37.53,22793,855421.29,-0.9762532981530292,3.370115411593102,39.142480211081825
301459.SZ,20260824,31.34,5500,172370.0,-0.03189792663477187,2.85065597293489,44.80861244019137
301468.SZ,20260824,33.22,2400,79728.0,-1.3657957244655572,0.6411285360903701,36.805225653206655
301469.SZ,20260824,28.95,19100,552945.0,1.8648838845883198,15.507906029748826,56.18930330752992
301479.SZ,20260824,48.3,12992,627513.6,0.04142502071249332,5.781562655366944,45.248550124274956
301486.SZ,20260824,174.53,12700,2216531.0,0.8261120739456951,3.118736576637391,49.95667244367417
301487.SZ,20260824,16.25,10000,162500.0,0.30864197530864335,0.49718234432290487,46.85185185185186
301488.SZ,20260824,97.58,2300,224434.0,0.2671598849157464,2.3500687766736186,46.60295930949448
301489.SZ,20260824,105.84,26000,2751840.0,0.5605700712589146,1.9471461163675328,48.363420427553486
301491.SZ,20260824,39.59,800,31672.0,0.9691405253761776,1.6251920781840952,50.81484315225707
301498.SZ,20260824,38.43,9200,353556.0,0.052069773496499216,3.16104037426158,45.312418640979
301499.SZ,20260824,24.7,1400,34580.0,0.24350649350648457,1.1758085783634424,46.46103896103891
301500.SZ,20260824,23.56,119600,2817776.0,1.7710583153347725,8.53859001459731,55.62634989200863
301501.SZ,20260824,28.1,8300,233230.0,0.0,7.215300544024565,45.0
301502.SZ,20260824,51.72,4700,243084.0,0.019338619222586395,6.705375462313659,45.11603171533552
301503.SZ,20260824,22.03,11600,255548.0,-0.1812415043044857,13.334143563040657,43.91255097417309
301505.SZ,20260824,16.47,37000,609390.0,0.0,13.529186729728234,45.0
301507.SZ,20260824,12.93,4500,58185.0,0.38819875776396895,1.49060643190591,47.32919254658381
301508.SZ,20260824,23.7,3300,78210.0,0.042211903756861346,3.498762939242667,45.25327142254117
301509.SZ,20260824,30.96,56400,1746144.0,0.454250486696961,15.514606030208633,47.72550292018177
301510.SZ,20260824,26.15,23400,611910.0,-0.03822629969419955,4.825499155825919,44.770642201834804
301511.SZ,20260824,89.14,375600,33480984.0,-1.654898499558699,10.255411665182157,35.07060900264781
301512.SZ,20260824,31.25,5200,162500.0,0.28883183568677584,4.36890867629973,46.73299101412066
301513.SZ,20260824,48.5,4800,232800.0,-0.12355848434926209,2.910628423595739,44.258649093904424
301515.SZ,20260824,19.42,9500,184490.0,-0.5122950819672067,6.887618511726349,41.92622950819676
301516.SZ,20260824,24.11,294402,7098032.22,-0.4541701073492943,19.865881743873647,42.274979355904236
301517.SZ,20260824,38.38,2600,99788.0,0.0,0.9988467198139178,45.0
301518.SZ,20260824,25.37,2300,58351.0,-0.27515723270440384,1.066963883370557,43.349056603773576
301519.SZ,20260824,12.05,12000,144600.0,0.0,5.126406140898518,45.0
301520.SZ,20260824,72.09,243100,17525079.0,1.3211524947294384,20.062922342470458,52.92691496837663
301522.SZ,20260824,22.69,11900,270011.0,-0.3075571177504455,3.672738839528458,43.15465729349733
301525.SZ,20260824,39.74,800,31792.0,0.0,1.0126652016020776,45.0
301526.SZ,20260824,32.03,597400,19134722.0,-1.2334258402713516,3.8252493628850495,37.59944495837189
301528.SZ,20260824,56.36,1200,67632.0,0.5351409204423785,1.0313589759494968,48.21084552265427
301529.SZ,20260824,110.4,48200,5321280.0,2.8795079675705937,10.072091376561579,62.277047805423564
301531.SZ,20260824,50.06,2900,145174.0,0.42126379137412684,1.4316360079798218,47.52758274824476
301533.SZ,20260824,27.01,4900,132349.0,0.2598366740905744,5.376027424080657,46.559020044543445
301535.SZ,20260824,14.78,3000,44340.0,0.5442176870748217,1.100051370066893,48.26530612244893
301536.SZ,20260824,117.17,63200,7405144.0,0.059777967549101696,6.115481144133553,45.35866780529461
301538.SZ,20260824,38.07,2100,79947.0,0.18421052631578672,1.4352741139811986,46.10526315789472
301539.SZ,20260824,14.69,12500,183625.0,0.6164383561643838,11.29944163374573,48.6986301369863
301548.SZ,20260824,62.74,6900,432906.0,1.3406557906638694,6.461019258898678,53.043934743983215
301550.SZ,20260824,88.22,22700,2002594.0,0.0,2.6020591970286926,45.0
301551.SZ,20260824,20.01,8300,166083.0,-0.09985022466300064,2.257650374599663,44.40089865202199
301552.SZ,20260824,24.66,10800,266328.0,1.1070110701107083,3.15074916237616,51.64206642066425
301555.SZ,20260824,31.0,2600,80600.0,0.0,1.6853662160688836,45.0
301556.SZ,20260824,57.56,4200,241752.0,-0.758620689655165,2.6133974740700268,40.44827586206901
301557.SZ,20260824,85.53,1900,162507.0,-1.4631336405529938,2.3669822040901556,36.221198156682036
301558.SZ,20260824,6.53,9800,63994.0,-0.60882800608828,2.5169742566481488,41.34703196347032
301559.SZ,20260824,12.91,19800,255618.0,-1.072796934865905,11.135958581918914,38.56321839080457
301560.SZ,20260824,22.65,4900,110985.0,0.04416961130742081,3.9834635922518267,45.265017667844525
301563.SZ,20260824,123.9,23900,2961210.0,0.8711226898966196,17.80689755850257,50.22673613937972
301565.SZ,20260824,19.75,6354,125491.5,0.3047232097511454,1.256810682743481,46.82833925850687
301566.SZ,20260824,25.45,51100,1300495.0,-0.5859375000000111,3.1691060893453296,41.484374999999936
301567.SZ,20260824,35.79,1300,46527.0,-0.027932960893850556,1.4220731521508196,44.832402234636895
301568.SZ,20260824,72.7,6900,501630.0,-0.2743484224965731,2.0857726269500625,43.353909465020564
301571.SZ,20260824,65.25,2300,150075.0,-0.4120879120879106,0.8761086519326168,42.52747252747254
301575.SZ,20260824,25.64,3200,82048.0,0.23455824863174435,3.5220152604558206,46.40734949179047
301577.SZ,20260824,56.63,3700,209531.0,0.035329447094167854,2.4279782626276885,45.21197668256501
301578.SZ,20260824,22.68,1100,24948.0,-0.3076923076923088,1.3619762254504468,43.153846153846146
301580.SZ,20260824,51.0,13200,673200.0,-0.6622516556291425,2.956350873215803,41.02649006622514
301581.SZ,20260824,37.21,1500,55815.0,0.026881720430105283,3.027517949495696,45.16129032258063
301583.SZ,20260824,128.81,22200,2859582.0,-0.9991545615248731,3.9030036546699627,39.00507263085076
301584.SZ,20260824,21.89,8200,179498.0,-0.7256235827664437,3.2238284472981085,40.64625850340134
301585.SZ,20260824,27.0,400,10800.0,0.3717472118959231,0.732071740997085,47.23048327137554
301586.SZ,20260824,31.42,2700,84834.0,0.6083893691962938,4.847438869609757,48.65033621517776
301587.SZ,20260824,21.12,9500,200640.0,-0.2361832782239004,3.7265314701777004,43.5829003306566
301588.SZ,20260824,27.39,11800,323202.0,-0.40000000000000036,3.1659360680788193,42.599999999999994
301589.SZ,20260824,142.05,14500,2059725.0,3.7618699780862075,12.550821943867508,67.57121986851725
301590.SZ,20260824,74.27,1003,74492.81,-0.28195488721806106,1.8533937127931996,43.308270676691635
301591.SZ,20260824,38.45,436434,16780887.3,1.7734250926416228,31.793414973338464,55.640550555849735
301592.SZ,20260824,105.18,700,73626.0,0.9404990403071078,0.9543173374153807,50.64299424184264
301595.SZ,20260824,38.58,100,3858.0,-0.05181347150260418,0.16392780887836073,29.19612476908931
301596.SZ,20260824,48.12,1600,76992.0,-0.26943005181347957,1.111541151555426,43.38341968911912
301598.SZ,20260824,52.24,80150,4187036.0,10.2807684188305,21.391014947556734,100.0
301599.SZ,20260824,33.57,53100,1782567.0,-1.4964788732394263,5.74942792215373,36.02112676056344
301600.SZ,20260824,,0,0.0,,0.0,0.0
301601.SZ,20260824,16.73,53900,901747.0,3.527227722772275,12.153335420779468,66.16336633663366
301602.SZ,20260824,16.6,70500,1170300.0,-0.24038461538461453,10.181621687758438,43.557692307692314
301603.SZ,20260824,120.01,1900,228019.0,0.0,0.8540254000119836,45.0
301606.SZ,20260824,50.56,5500,278080.0,-0.05930025696778696,1.8899785099969053,44.64419845819328
301607.SZ,20260824,44.52,12400,552048.0,-0.7579135086937083,1.0313018608782565,40.45251894783775
301608.SZ,20260824,46.76,100,4676.0,0.021390374331553552,0.10702536022970999,19.39290708733712
301609.SZ,20260824,32.43,5397,175024.71,0.4646840148698761,2.397315893371453,47.78810408921926
301611.SZ,20260824,103.61,164100,17002401.0,5.434008344357388,9.162890533662436,77.60405006614434
301613.SZ,20260824,37.01,100,3701.0,0.05406866720734094,0.11073773368671117,20.257204066852054
301616.SZ,20260824,34.49,1400,48286.0,0.029002320185633756,3.6546447730087617,45.174013921113804
301617.SZ,20260824,49.54,9700,480538.0,0.08080808080808133,6.708467630888287,45.484848484848484
301618.SZ,20260824,33.13,3400,112642.0,-0.21084337349397408,1.8165634727706912,43.73493975903615
301622.SZ,20260824,40.35,1900,76665.0,0.14892032762472418,1.7600147574476805,45.89352196574835
301626.SZ,20260824,255.0,2300,586500.0,-0.3478056977607502,1.4436762574238433,42.9131658134355
301628.SZ,20260824,90.49,1900,171931.0,-0.23153252480706543,1.1900151675448511,43.61080485115761
301629.SZ,20260824,253.94,300,76182.0,-0.41959138857299294,0.28321627392785675,42.48245166856204
301630.SZ,20260824,,0,0.0,,0.0,0.0
301631.SZ,20260824,65.86,16300,1073518.0,-1.451443962292387,3.1583746697514288,36.291336226245676
301632.SZ,20260824,13.86,10500,145530.0,-0.07209805335255393,2.214640106247381,44.56741167988468
301633.SZ,20260824,55.26,200,11052.0,0.308585950263196,0.1390097571725867,26.87327199264478
301636.SZ,20260824,40.03,7300,292219.0,0.024987506246865188,7.098546288681492,45.14992503748119
301638.SZ,20260824,22.17,24000,532080.0,-0.26990553306341925,3.0536484566120907,43.38056680161949
301655.SZ,20260824,26.76,341600,9141216.0,0.6015037593984918,13.84381474583432,48.609022556390954
301656.SZ,20260824,16.57,4000,66280.0,-0.060313630880570734,1.4322734491801536,44.63811821471658
301658.SZ,20260824,23.58,3100,73098.0,-0.5063291139240533,0.29672048842348,41.96202531645568
301662.SZ,20260824,67.8,2530,171534.0,0.029507229271175106,0.5450408072462911,45.17704337562705
301665.SZ,20260824,24.0,36200,868800.0,-0.04164931278634043,10.66401750476085,44.75010412328196
301666.SZ,20260824,419.89,5300,2225417.0,-0.6553731131406004,3.033949371121481,41.0677613211564
301667.SZ,20260824,63.2,1800,113760.0,0.0,0.8430788887778785,45.0
301668.SZ,20260824,33.88,1600,54208.0,0.08862629246677578,1.4297066836339118,45.53175775480065
301669.SZ,20260824,27.93,22500,628425.0,-0.14301036825169477,5.645373210008757,44.141937790489834
301677.SZ,20260824,54.8,7500,411000.0,-0.4179538433581764,2.350231613246874,42.49227693985094
301678.SZ,20260824,44.17,10300,454951.0,-0.6746120980436143,4.965315826508659,40.95232741173832
301680.SZ,20260824,92.9,2100,195090.0,-0.9489284571916001,1.2004716060180654,39.3064292568504
301682.SZ,20260824,114.0,95400,10875600.0,-7.617504051863866,29.812070544375224,15.0
301683.SZ,20260824,99.45,12300,1223235.0,0.6782749544442135,15.986573945549331,49.06964972666528
301687.SZ,20260824,49.4,5631,278171.4,0.14190147982970913,2.5084656513485792,45.851408878978255
301696.SZ,20260824,99.4,6000,596400.0,0.26225539640911677,3.6461030101975616,46.5735323784547
301707.SZ,20260824,78.5,50590,3971315.0,-1.8995251187203133,9.711401581741688,33.60284928767812
301717.SZ,20260824,377.54,41500,15667910.0,-1.9733084073323859,9.419112549625511,33.160149556005685
302132.SZ,20260824,56.0,127500,7140000.0,-1.4778325123152802,21.207900635124542,36.13300492610832
920000.BJ,20260824,,0,0.0,,0.0,0.0
920001.BJ,20260824,11.62,17200,199864.0,-1.940928270042197,5.169610842647796,33.354430379746816
920002.BJ,20260824,52.0,8945,465140.0,-1.2158054711246202,12.091810968731085,37.70516717325228
920003.BJ,20260824,15.39,500,7695.0,-0.6455777921239525,1.0694515096884787,41.12653324725628
920005.BJ,20260824,23.92,100,2392.0,-0.041788549937304964,0.16040350020850008,28.621898737906186
920006.BJ,20260824,15.11,1600,24176.0,0.0,1.9540729567638768,45.0
920007.BJ,20260824,32.8,1929,63271.2,0.15267175572517555,12.966835443965653,45.91603053435105
920008.BJ,20260824,18.8,1750,32900.0,-0.2652519893899252,9.096864810059786,43.40848806366045
920009.BJ,20260824,37.9,1678,63596.2,0.10565240359217132,3.0089315895125366,45.63391442155303
920010.BJ,20260824,8.45,159348,1346490.6,-1.744186046511631,29.841624764246944,34.53488372093021
920011.BJ,20260824,18.5,2400,44400.0,-0.5376344086021612,4.242114082853005,41.77419354838703
920012.BJ,20260824,53.73,1145,61520.85,-0.13011152416356753,1.0789722961600825,44.2193308550186
920014.BJ,20260824,8.74,500,4370.0,0.2293577981651307,0.6563375970385374,46.37614678899078
920015.BJ,20260824,39.35,1200,47220.0,0.768245838668391,1.3116244666068142,49.609475032010344
920016.BJ,20260824,12.99,12225,158802.75,0.5417956656346812,23.439573817004717,48.25077399380809
920017.BJ,20260824,16.81,8554,143792.74,-0.5325443786982187,3.1150566191977886,41.804733727810685
920018.BJ,20260824,,0,0.0,,0.0,0.0
920019.BJ,20260824,14.85,11100,164835.0,0.746268656716409,7.17041587652564,49.47761194029845
920020.BJ,20260824,,0,0.0,,0.0,0.0
920021.BJ,20260824,6.58,48855,321465.9,0.15220700152207556,7.505907159714929,45.91324200913245
920022.BJ,20260824,18.6,500,9300.0,-0.3215434083601254,2.1957497853589656,43.070739549839246
920023.BJ,20260824,1.88,23153,43527.64,-0.5291005291005346,6.430692344570928,41.825396825396794
920026.BJ,20260824,20.5,39369,807064.5,-1.4896684286400674,10.600905046965893,36.06198942815959
920027.BJ,20260824,11.74,34100,400334.0,-1.5100671140939603,19.844870293215134,35.93959731543624
920028.BJ,20260824,,0,0.0,,0.0,0.0
920029.BJ,20260824,34.45,500,17225.0,-0.14492753623187582,0.6226642438591877,44.130434782608745
920030.BJ,20260824,4.38,11800,51684.0,0.22883295194506825,17.48445652991779,46.37299771167041
920033.BJ,20260824,,0,0.0,,0.0,0.0
920035.BJ,20260824,23.15,200,4630.0,-0.17248814144028568,0.46945755390299465,43.96507115135829
920036.BJ,20260824,,0,0.0,,0.0,0.0
920037.BJ,20260824,41.81,2000,83620.0,0.9903381642512255,1.913766901135321,50.94202898550735
920038.BJ,20260824,39.15,37045,1450311.75,1.1366571945233828,5.678520415893283,51.819943167140295
920039.BJ,20260824,8.74,7791,68093.34,0.45977011494253706,7.875723519281561,47.758620689655224
920045.BJ,20260824,452.0,152930,69124360.0,12.580637126703031,44.14721143108186,100.0
920046.BJ,20260824,20.3,10565,214469.5,1.1459890383657134,4.916602637684765,51.87593423019428
920047.BJ,20260824,16.9,3600,60840.0,-0.8215962441314617,1.1445097934997588,40.07042253521123
920050.BJ,20260824,29.79,300,8937.0,1.1544991511035718,1.6246082754869684,51.92699490662143
920055.BJ,20260824,26.48,300,7944.0,0.18917896329928574,1.24622960637179,46.13507377979572
920056.BJ,20260824,,0,0.0,,0.0,0.0
920057.BJ,20260824,4.86,1800,8748.0,-0.4098360655737654,3.7468984007682526,42.540983606557404
920058.BJ,20260824,29.37,300,8811.0,-0.3731343283582045,0.5492596685956294,42.76119402985077
920059.BJ,20260824,15.3,131716,2015254.8,-2.0486555697823206,14.72108229693845,32.70806658130608
920060.BJ,20260824,21.25,2900,61625.0,-0.5615348619560145,2.3031731810503304,41.63079082826391
920061.BJ,20260824,17.28,100,1728.0,-0.6325474410580734,0.08144490474164587,10.864798207147816
920062.BJ,20260824,,0,0.0,,0.0,0.0
920065.BJ,20260824,33.36,1220,40699.2,-0.35842293906809264,0.9249995514743558,42.84946236559144
920066.BJ,20260824,16.98,400,6792.0,-0.643651258045641,1.0259503383119577,41.13809245172615
920068.BJ,20260824,15.42,7300,112566.0,0.982318271119853,3.2631838327544207,50.89390962671912
920069.BJ,20260824,33.48,2000,66960.0,0.7826610475617057,6.781305390471605,49.69596628537023
920072.BJ,20260824,25.6,32,819.2,0.11732499022292231,0.03541192353338396,7.078096177346646
920075.BJ,20260824,15.33,326,4997.58,-0.0651890482398998,0.7694331061431968,44.6088657105606
920076.BJ,20260824,12.6,1000,12600.0,-0.39525691699605625,2.8434060722642718,42.62845849802366
920077.BJ,20260824,13.85,2000,27700.0,0.36231884057971175,0.7168199550817171,47.17391304347827
920078.BJ,20260824,19.9,101456,2018974.4,-0.10040160642571516,14.906600453327442,44.39759036144571
920079.BJ,20260824,13.54,14280,193351.2,-0.2210759027266085,3.0214937355557585,43.67354458364035
920080.BJ,20260824,21.6,7315,158004.0,1.5992474129821188,48.83730364636197,54.59548447789271
920081.BJ,20260824,41.59,1721,71576.39,0.5317863185883676,1.6585818583356966,48.19071791153021
920082.BJ,20260824,,0,0.0,,0.0,0.0
920083.BJ,20260824,40.54,52180,2115377.2,-1.2183235867446407,6.275272673818373,37.690058479532155
920086.BJ,20260824,20.25,200,4050.0,-0.5402750491159125,0.36657634276871365,41.758349705304525
920087.BJ,20260824,14.49,316593,4587432.57,1.5416958654520085,11.636668802023271,54.25017519271205
920088.BJ,20260824,43.51,156149,6794042.99,-5.822510822510829,31.25887909996941,15.0
920089.BJ,20260824,9.93,200,1986.0,-0.6006006006006093,0.2044819639767378,33.20314991220914
920090.BJ,20260824,3.93,19491,76599.63,0.0,8.544268756252418,45.0
920091.BJ,20260824,28.3,1800,50940.0,-0.10589481115425015,4.228291107835653,44.3646311330745
920092.BJ,20260824,28.28,7559,213768.52,2.1676300578034713,3.7541477477597973,58.00578034682083
920093.BJ,20260824,21.21,443512,9406889.52,-8.538163001293665,38.11356364880412,15.0
920096.BJ,20260824,34.04,6100,207644.0,0.0,8.036007866528923,45.0
920098.BJ,20260824,16.9,1000,16900.0,-0.5882352941176561,2.0290357854342056,41.470588235294066
920099.BJ,20260824,18.26,557,10170.82,-0.16402405686165578,0.8717449600847951,44.01585565883006
920100.BJ,20260824,32.27,3325,107297.75,0.5609224057338658,3.727866551597254,48.365534434403195
920101.BJ,20260824,16.22,364,5904.08,-0.12315270935960854,1.2120666638882303,44.26108374384235
920106.BJ,20260824,35.49,555,19696.95,-0.5603810591201852,1.7822312081937994,41.637713645278886
920107.BJ,20260824,21.22,4965,105357.3,-0.14117647058824456,1.7671817403650465,44.152941176470534
920108.BJ,20260824,9.1,188,1710.8,0.7751937984496138,0.5749064858716378,49.65116279069768
920110.BJ,20260824,26.18,1200,31416.0,1.0030864197530853,12.737657447730326,51.01851851851851
920111.BJ,20260824,29.25,27723,810897.75,0.34305317324185847,8.306409652934267,47.05831903945115
920112.BJ,20260824,,0,0.0,,0.0,0.0
920116.BJ,20260824,45.3,13113,594018.9,0.13262599469494596,5.993512294146956,45.79575596816967
920117.BJ,20260824,29.79,21059,627347.61,-0.3012048192771122,5.93507088302973,43.19277108433732
920118.BJ,20260824,19.98,8913,178081.74,0.4524886877828038,9.660202177105457,47.71493212669682
920119.BJ,20260824,50.33,100,5033.0,0.05964214711728921,0.18430694882806917,33.53310367175618
920121.BJ,20260824,,0,0.0,,0.0,0.0
920122.BJ,20260824,22.78,200,4556.0,-0.8703220191470851,0.18413052696850205,27.92156273944786
920123.BJ,20260824,10.41,900,9369.0,0.0,1.5074586500544478,45.0
920124.BJ,20260824,12.46,76,946.96,-0.5586592178770777,0.11492060656692239,17.33375387478356
920125.BJ,20260824,121.5,2240,272160.0,0.8298755186721962,1.8704558610380535,49.97925311203318
920126.BJ,20260824,10.05,1652,16602.6,0.3996003996004083,1.3916305748336848,47.39760239760245
920128.BJ,20260824,17.56,2428,42635.68,0.0,3.9631212348613296,45.0
920130.BJ,20260824,17.4,5200,90480.0,1.5761821366024442,3.232175272022959,54.457092819614665
920132.BJ,20260824,8.36,900,7524.0,-0.4761904761904856,1.6187437897595875,42.14285714285709
920136.BJ,20260824,20.38,3000,61140.0,0.0,3.7979613236863523,45.0
920138.BJ,20260824,40.05,52091,2086244.55,1.2898330804248737,14.037297204651013,52.73899848254924
920139.BJ,20260824,14.79,1135,16786.65,0.6807351940095296,0.4621236413072104,49.08441116405718
920145.BJ,20260824,9.9,7053,69824.7,-0.6024096385542244,17.715525150704014,41.385542168674654
920146.BJ,20260824,5.02,1000,5020.0,1.0060362173038184,0.8310856164800398,51.03621730382291
920149.BJ,20260824,7.45,205467,1530729.15,-3.3722438391699083,193.40333900545073,24.76653696498055
920152.BJ,20260824,,0,0.0,,0.0,0.0
920156.BJ,20260824,37.94,200,7588.0,-0.31529164477142047,0.29484847211474324,43.10825013137148
920158.BJ,20260824,8.04,3944,31709.76,-0.4950495049505066,4.494817219645539,42.02970297029696
920159.BJ,20260824,28.11,1459,41012.49,-0.9862627685804926,1.664010296311129,39.08242338851704
920160.BJ,20260824,,0,0.0,,0.0,0.0
920161.BJ,20260824,26.2,13834,362450.8,-1.132075471698113,2.8585432291593023,38.20754716981132
920163.BJ,20260824,,0,0.0,,0.0,0.0
920165.BJ,20260824,37.08,1110,41158.8,-0.7228915662650715,1.2575923877172694,40.66265060240957
920166.BJ,20260824,21.01,2000,42020.0,-0.614947965941337,7.531964230282432,41.31031220435198
920167.BJ,20260824,14.76,2000,29520.0,-0.13531799729363803,2.1692360292550696,44.18809201623817
920168.BJ,20260824,,0,0.0,,0.0,0.0
920169.BJ,20260824,20.29,104222,2114664.38,-2.732502396931924,25.134437897773253,28.604985618408456
920171.BJ,20260824,16.01,1177,18843.77,-0.6823821339950298,1.0904977937066267,40.90570719602982
920174.BJ,20260824,28.23,718,20269.14,0.0,1.0512652959133229,45.0
920175.BJ,20260824,,0,0.0,,0.0,0.0
920176.BJ,20260824,54.97,4673,256874.81,0.34684191310696555,3.7062647094631154,47.0810514786418
920177.BJ,20260824,,0,0.0,,0.0,0.0
920178.BJ,20260824,90.5,1529,138374.5,-0.34137209558419146,1.538207862516488,42.951767426494854
920179.BJ,20260824,52.32,5200,272064.0,-0.24785510009532885,2.371860040113073,43.51286939942803
920180.BJ,20260824,12.25,500,6125.0,0.0,1.1815966147837658,45.0
920181.BJ,20260824,73.19,1077,78825.63,-0.6785181164337128,0.8603687296142819,40.92889130139773
920183.BJ,20260824,28.0,225,6300.0,-0.497512437810943,1.5438547490284356,42.01492537313434
920184.BJ,20260824,11.06,800,8848.0,0.9124087591240837,0.8849314070043517,50.4744525547445
920185.BJ,20260824,20.4,6300,128520.0,0.0,1.0558598806939032,45.0
920186.BJ,20260824,73.0,13275,969075.0,-0.5449591280654031,3.700321941911763,41.73024523160758
920187.BJ,20260824,18.9,2100,39690.0,0.21208907741250282,9.07885413021081,46.272534464475015
920188.BJ,20260824,,0,0.0,,0.0,0.0
920189.BJ,20260824,20.8,57763,1201470.4,0.19267822736031004,12.881009561275588,46.15606936416186
920190.BJ,20260824,25.8,68354,1763533.2,2.17821782178218,17.394741196304974,58.06930693069308
920191.BJ,20260824,8.71,4200,36582.0,-0.45714285714284486,4.819257128626451,42.25714285714293
920193.BJ,20260824,32.17,4383,141001.11,-1.1066707654472818,1.4020926761739383,38.35997540731631
920195.BJ,20260824,12.18,100,1218.0,0.5780346820809301,0.28701343725984646,48.46820809248558
920198.BJ,20260824,7.64,2200,16808.0,0.0,1.9338438752498073,45.0
920199.BJ,20260824,25.28,6380,161286.4,-0.15797788309636074,8.078914583431713,44.05213270142183
920200.BJ,20260824,26.51,14493,384209.43,-0.9712364587224465,12.534604168410088,39.17258124766532
920204.BJ,20260824,,0,0.0,,0.0,0.0
920206.BJ,20260824,42.95,24829,1066405.55,0.8215962441314506,5.439485642874227,49.92957746478871
920207.BJ,20260824,20.58,5814,119652.12,0.7835455435847072,4.2363731039771855,49.70127326150824
920208.BJ,20260824,12.2,1620,19764.0,-0.326797385620925,1.3493489547979796,43.03921568627445
920211.BJ,20260824,107.02,2023,216501.46,-1.3640552995391797,3.6490730611357094,36.815668202764925
920212.BJ,20260824,,0,0.0,,0.0,0.0
920218.BJ,20260824,16.31,608,9916.48,-0.7907542579075555,0.7417567763277787,40.255474452554665
920220.BJ,20260824,39.45,1000,39450.0,-0.10129146619397567,1.8811926026171812,44.39225120283615
920221.BJ,20260824,,0,0.0,,0.0,0.0
920222.BJ,20260824,24.99,100,2499.0,-0.23952095808383866,0.10533127060789291,17.52250296091769
920223.BJ,20260824,11.0,15665,172315.0,-0.9009009009009028,7.756025549303738,39.59459459459458
920225.BJ,20260824,14.66,160,2345.6,-0.5427408412483015,0.11466752283258629,17.383709062375722
920227.BJ,20260824,,0,0.0,,0.0,0.0
920230.BJ,20260824,10.68,18659,199278.12,-0.835654596100277,11.17790737875682,39.98607242339834
920237.BJ,20260824,12.05,2300,27715.0,1.6020236087689765,1.4117998647345456,54.61214165261386
920238.BJ,20260824,66.2,21560,1427272.0,0.31823003485378365,7.010075651843403,46.9093802091227
920239.BJ,20260824,21.18,100,2118.0,-0.047192071731960716,0.051882789922569665,9.055749755670776
920242.BJ,20260824,,0,0.0,,0.0,0.0
920245.BJ,20260824,12.79,1600,20464.0,0.47132757266299397,2.4094715138369955,47.827965435977966
920247.BJ,20260824,13.62,16138,219799.56,-1.017441860465118,14.451739652222699,38.89534883720929
920249.BJ,20260824,9.25,16914,156454.5,0.43431053203040193,4.400761749188974,47.60586319218241
920252.BJ,20260824,15.36,35573,546401.28,-0.8392511297611427,7.91711950176666,39.964493221433145
920258.BJ,20260824,11.58,1030,11927.4,-0.17241379310344307,0.4271718831018402,43.965517241379345
920260.BJ,20260824,7.93,500,3965.0,-0.5018820577164407,1.1132604759523497,41.988707653701354
920261.BJ,20260824,13.62,3288,44782.56,-0.511322132943759,4.046420122479436,41.93206720233745
920262.BJ,20260824,13.43,300,4029.0,-0.07440476190475609,0.8922757798498621,44.553571428571466
920263.BJ,20260824,6.89,200,1378.0,1.3235294117647012,0.4743713706674343,52.9411764705882
920266.BJ,20260824,7.51,1266,9507.66,-0.7926023778071389,0.40557742947233516,40.244385733157166
920267.BJ,20260824,15.89,1320,20974.8,1.2746972594009032,1.478336901715536,52.64818355640542
920270.BJ,20260824,13.0,13005,169065.0,-0.9146341463414531,5.709076108468083,39.51219512195128
920271.BJ,20260824,9.06,2600,23556.0,0.22123893805310324,5.081210463489334,46.327433628318616
920273.BJ,20260824,17.69,1100,19459.0,0.28344671201814275,0.7765296862939346,46.700680272108855
920274.BJ,20260824,,0,0.0,,0.0,0.0
920275.BJ,20260824,,0,0.0,,0.0,0.0
920278.BJ,20260824,6.27,250,1567.5,-0.31796502384738856,0.2699718779724356,43.092209856915666
920284.BJ,20260824,16.67,16630,277222.1,-0.8328375966686341,3.366190645938843,40.00297441998819
920299.BJ,20260824,14.69,4300,63167.0,0.13633265167007913,6.32641432306853,45.81799591002047
920300.BJ,20260824,9.37,2500,23425.0,0.5364806866952732,1.4948682258662356,48.21888412017164
920304.BJ,20260824,9.35,9764,91293.4,-0.9533898305084776,2.1021760493462414,39.279661016949134
920339.BJ,20260824,10.97,4600,50462.0,-0.6340579710144789,4.421403693369308,41.195652173913125
920344.BJ,20260824,25.01,251810,6297768.1,-6.679104477611942,26.808016324964406,15.0
920346.BJ,20260824,14.43,700,10101.0,0.0,4.017535690142829,45.0
920351.BJ,20260824,13.14,34431,452423.34,-1.2030075187969946,12.8658714240252,37.781954887218035
920357.BJ,20260824,15.41,310,4777.1,-0.5164622336991664,0.2820534602620627,41.901226597805
920363.BJ,20260824,,0,0.0,,0.0,0.0
920367.BJ,20260824,27.54,33746,929364.84,0.03632401017070741,5.5155064149651825,45.21794406102424
920368.BJ,20260824,23.34,2000,46680.0,0.08576329331047017,0.7404748668112712,45.51457975986282
920370.BJ,20260824,2.78,7757,21564.46,0.3610108303248927,4.123883751550812,47.166064981949354
920371.BJ,20260824,7.0,129026,903182.0,-5.533063427800267,27.5342937736998,15.0
920374.BJ,20260824,14.44,200,2888.0,0.0,0.5592541843517166,45.0
920375.BJ,20260824,6.93,8700,60291.0,0.5805515239477588,6.792868896685009,48.483309143686554
920378.BJ,20260824,6.89,3000,20670.0,-0.14492753623189802,9.78169569315062,44.13043478260861
920392.BJ,20260824,13.74,9000,123660.0,1.103752759381904,29.5843935304831,51.62251655629142
920394.BJ,20260824,42.45,19530,829048.5,-0.9797060881735375,17.89581447361904,39.121763470958776
920395.BJ,20260824,6.85,1964,13453.4,-0.5805515239477477,5.4939549364608675,41.51669085631352
920396.BJ,20260824,19.29,600,11574.0,-0.5670103092783485,1.0481983946094426,41.59793814432991
920402.BJ,20260824,8.79,46269,406704.51,0.1138952164009055,9.55924691913601,45.68337129840543
920403.BJ,20260824,19.12,27189,519853.68,-0.9839461418953754,3.418827588016519,39.09632314862775
920405.BJ,20260824,17.1,138782,2373172.2,-7.21649484536081,32.176605833722036,15.0
920407.BJ,20260824,10.86,1200,13032.0,-0.09199632014719183,1.6755752575022436,44.448022079116846
920414.BJ,20260824,7.69,5200,39988.0,-0.25940337224383825,8.491434956185827,43.44357976653697
920415.BJ,20260824,8.61,4600,39606.0,0.11627906976743319,4.0951708820789525,45.6976744186046
920418.BJ,20260824,18.0,2400,43200.0,0.16694490818029983,2.22774742661279,46.0016694490818
920419.BJ,20260824,,0,0.0,,0.0,0.0
920422.BJ,20260824,9.27,1813,16806.51,-0.5364806866952843,3.7769701668323794,41.78111587982829
920425.BJ,20260824,14.41,12653,182329.73,-1.0302197802197877,4.6342289703843145,38.81868131868127
920427.BJ,20260824,8.39,6300,52857.0,0.7202881152461149,11.193920872281176,49.32172869147669
920429.BJ,20260824,11.02,10608,116900.16,-0.3616636528029016,3.5789418230427055,42.830018083182594
920433.BJ,20260824,4.85,400,1940.0,-0.8179959100204526,0.20162377017372873,31.38430317114846
920436.BJ,20260824,10.14,488,4948.32,-0.09852216748768017,1.1613280600464098,44.40886699507392
920438.BJ,20260824,123.3,19270,2375991.0,0.9166803077426566,3.0417627547088695,50.50008184645594
920445.BJ,20260824,6.88,3200,22016.0,-0.434153400868309,2.185872678863666,42.39507959479015
920454.BJ,20260824,,0,0.0,,0.0,0.0
920455.BJ,20260824,,0,0.0,,0.0,0.0
920469.BJ,20260824,5.45,700,3815.0,-0.5474452554744547,0.5846275548176257,41.71532846715327
920471.BJ,20260824,11.88,18057,214517.16,1.8867924528301883,4.925631284617389,56.32075471698113
920475.BJ,20260824,12.1,4655,56325.5,1.001669449081799,4.757431028631499,51.010016694490794
920476.BJ,20260824,25.4,14755,374777.0,2.709260008087333,10.739246543784542,61.255560048523996
920478.BJ,20260824,11.17,62360,696561.2,-2.4454148471615644,14.13112782356234,30.327510917030615
920489.BJ,20260824,13.2,80112,1057478.4,-2.5110782865583436,21.848343103018294,29.93353028064994
920491.BJ,20260824,21.4,3600,77040.0,-0.5576208178438735,2.4550762920486777,41.65427509293676
920493.BJ,20260824,114.33,3335,381290.55,0.13137151865474372,3.191696650805639,45.78822911192846
920496.BJ,20260824,,0,0.0,,0.0,0.0
920504.BJ,20260824,17.34,900,15606.0,0.23121387283235872,2.542482676367605,46.38728323699415
920505.BJ,20260824,28.58,5227,149387.66,1.925820256776034,4.695283280666327,56.5549215406562
920508.BJ,20260824,,0,0.0,,0.0,0.0
920509.BJ,20260824,20.15,2500,50375.0,0.749999999999984,1.9964978878663417,49.4999999999999
920510.BJ,20260824,22.52,30303,682423.56,-0.1330376940133049,4.59296079497069,44.20177383592017
920519.BJ,20260824,9.68,200,1936.0,-0.4115226337448652,0.5682884022781155,42.53086419753081
920522.BJ,20260824,19.24,24875,478595.0,0.9973753280839714,3.268391179460611,50.98425196850383
920523.BJ,20260824,15.07,8800,132616.0,-0.5280528052805322,6.290249830731348,41.83168316831681
920526.BJ,20260824,19.22,35308,678619.76,-0.6204756980351611,35.778226548707956,41.27714581178903
920527.BJ,20260824,13.82,1411,19500.02,-0.6470165348670065,1.5702930367536532,41.11790079079796
920533.BJ,20260824,17.86,7707,137647.02,-0.11185682326622093,4.832912185980082,44.32885906040268
920541.BJ,20260824,,0,0.0,,0.0,0.0
920547.BJ,20260824,19.04,1000,19040.0,0.7407407407407529,3.336016262504588,49.444444444444514
920553.BJ,20260824,7.0,2300,16100.0,-0.2849002849002802,1.7659583688082106,43.29059829059832
920556.BJ,20260824,6.61,73217,483964.37,-0.7507507507507505,38.73880093277862,40.4954954954955
920564.BJ,20260824,13.2,26754,353152.8,-1.19760479041916,24.533223298652654,37.81437125748504
920566.BJ,20260824,9.89,5000,49450.0,0.0,2.8402772098380082,45.0
920570.BJ,20260824,23.6,200,4720.0,0.2123142250530785,0.6305050513105879,46.27388535031847
920571.BJ,20260824,9.5,220258,2092451.0,-1.041666666666663,5.81479136674312,38.75000000000002
920575.BJ,20260824,5.68,28536,162084.48,1.2477718360071277,5.069875537842491,52.486631016042764
920576.BJ,20260824,39.5,4030,159185.0,-0.9280160521695446,2.7672797542091776,39.431903686982736
920578.BJ,20260824,16.41,700,11487.0,0.1831501831501825,0.8243973774664203,46.098901098901095
920579.BJ,20260824,14.66,900,13194.0,0.06825938566552558,1.7430468271472117,45.40955631399315
920580.BJ,20260824,10.85,1140,12369.0,0.8364312267657992,1.8351434864849716,50.01858736059479
920592.BJ,20260824,19.58,1042,20402.36,-0.406917599186174,0.7830016093342743,42.55849440488296
920593.BJ,20260824,23.59,1600,37744.0,-0.42211903756860236,1.026767829424079,42.46728577458838
920599.BJ,20260824,17.28,45840,792115.2,1.6470588235294237,9.682855772741267,54.88235294117654
920608.BJ,20260824,13.38,1200,16056.0,0.14970059880241582,6.247409607091865,45.8982035928145
920627.BJ,20260824,13.83,313,4328.79,1.541850220264318,0.07919541509518428,23.50627603871908
920634.BJ,20260824,17.34,17648,306016.32,4.019196160767824,7.896844412959312,69.11517696460695
920639.BJ,20260824,,0,0.0,,0.0,0.0
920640.BJ,20260824,25.1,4956,124395.6,0.03985651654045963,2.6876136607902565,45.239139099242756
920641.BJ,20260824,13.92,21564,300170.88,-0.42918454935623185,8.182592212125316,42.42489270386261
920642.BJ,20260824,9.89,1365,13499.85,0.4060913705583813,0.6550494932850557,47.436548223350286
920651.BJ,20260824,26.76,500,13380.0,-0.037355248412396236,0.620366955956575,44.77586850952562
920656.BJ,20260824,14.38,4618,66406.84,0.1392757660167332,5.909241696936806,45.8356545961004
920662.BJ,20260824,18.19,312,5675.28,-0.7637752318603197,0.19118692118006583,29.830994421249933
920663.BJ,20260824,,0,0.0,,0.0,0.0
920665.BJ,20260824,,0,0.0,,0.0,0.0
920670.BJ,20260824,12.32,4136,50955.52,-1.2820512820512886,5.896088362105399,37.30769230769227
920675.BJ,20260824,7.26,4600,33396.0,-0.27472527472528485,5.3729151597776195,43.351648351648294
920679.BJ,20260824,,0,0.0,,0.0,0.0
920682.BJ,20260824,5.7,17900,102030.0,-0.34965034965034336,17.548104776305866,42.90209790209794
920685.BJ,20260824,12.18,1300,15834.0,0.08216926869351049,1.0821276701578855,45.49301561216106
920689.BJ,20260824,,0,0.0,,0.0,0.0
920690.BJ,20260824,16.1,3346,53870.6,0.9404388714733702,3.924452443720649,50.642633228840225
920693.BJ,20260824,22.5,2869,64552.5,0.6261180679785427,8.650930451409337,48.75670840787126
920694.BJ,20260824,16.23,56456,916280.88,2.075471698113218,34.67586255065618,57.45283018867931
920699.BJ,20260824,84.51,300,25353.0,-0.5764705882352894,0.5562205598856175,41.54117647058826
920701.BJ,20260824,13.89,11100,154179.0,-0.9272467902995629,4.756430923191652,39.43651925820262
920703.BJ,20260824,10.07,9400,94658.0,0.800800800800805,30.800239805725187,49.80480480480483
920706.BJ,20260824,13.78,1000,13780.0,0.4373177842565523,1.6311509162229145,47.62390670553931
920717.BJ,20260824,7.69,18038,138712.22,0.9186351706036877,21.21602704399827,50.51181102362213
920718.BJ,20260824,,0,0.0,,0.0,0.0
920719.BJ,20260824,7.25,9400,68150.0,1.3986013986013957,4.585495197789858,53.39160839160837
920720.BJ,20260824,9.3,2404,22357.2,0.10764262648010892,3.200902889071563,45.64585575888066
920725.BJ,20260824,74.0,9620,711880.0,0.0676132521974182,2.982904177760667,45.40567951318451
920726.BJ,20260824,16.28,31348,510345.44,0.992555831265518,11.258269828162295,50.955334987593105
920729.BJ,20260824,6.9,10539,72719.1,-0.5763688760806907,8.09235262010986,41.54178674351586
920735.BJ,20260824,24.29,9900,240471.0,-0.8571428571428563,6.172740330481757,39.85714285714286
920748.BJ,20260824,24.41,15419,376377.79,-2.0072260136491327,5.261663175919143,32.9566439181052
920751.BJ,20260824,,0,0.0,,0.0,0.0
920753.BJ,20260824,15.17,525,7964.25,-0.06587615283267789,1.1215267297288412,44.60474308300393
920765.BJ,20260824,14.09,2400,33816.0,-0.7746478873239426,2.9098212199595324,40.35211267605634
920768.BJ,20260824,,0,0.0,,0.0,0.0
920770.BJ,20260824,9.91,5004,49589.64,0.0,4.711863341235455,45.0
920779.BJ,20260824,22.0,1030,22660.0,0.18214936247722413,0.24289959229432065,44.81482278784107
920781.BJ,20260824,,0,0.0,,0.0,0.0
920786.BJ,20260824,7.23,9363,67694.49,-0.9589041095890316,1.1626971063400153,39.24657534246581
920790.BJ,20260824,20.66,8639,178481.74,-0.433734939759034,5.068945054901999,42.39759036144579
920792.BJ,20260824,9.82,20000,196400.0,-0.20325203252031798,81.31936883234872,43.78048780487809
920799.BJ,20260824,30.46,96810,2948832.6,-2.340493747996153,21.865833262473085,30.95703751202308
920802.BJ,20260824,10.35,3491,36131.85,0.1936108422071703,5.333247867971734,46.16166505324302
920806.BJ,20260824,10.06,1966,19777.96,-0.3960396039603853,1.6053327557478658,42.623762376237686
920807.BJ,20260824,9.26,2000,18520.0,0.433839479392617,1.2474342308656303,47.6030368763557
920808.BJ,20260824,60.76,3903,237146.28,1.3680347013680372,1.5467030195793992,53.20820820820822
920809.BJ,20260824,7.69,22203,170741.07,0.3916449086161844,1.9557425384700273,47.3498694516971
920810.BJ,20260824,9.44,34784,328360.96,-1.6666666666666718,13.980204519993231,34.99999999999997
920819.BJ,20260824,2.99,17071,51042.29,0.0,5.022853776110359,45.0
920821.BJ,20260824,17.5,2014,35245.0,-0.3416856492027276,1.8323974497883393,42.94988610478364
920826.BJ,20260824,8.65,9014,77971.1,0.11574074074074403,3.384030642946474,45.694444444444464
920832.BJ,20260824,6.21,1878,11662.38,0.9756097560975618,4.610389023311581,50.85365853658537
920833.BJ,20260824,9.86,1749,17245.14,1.0245901639344135,1.2462752301132594,51.14754098360648
920834.BJ,20260824,9.56,2005,19167.8,-0.6237006237006071,3.019343466337672,41.25779625779636
920837.BJ,20260824,9.48,100,948.0,0.4237288135593209,0.24598075873117914,46.81890945296817
920839.BJ,20260824,23.99,2257,54145.43,0.0,6.630188149751212,45.0
920855.BJ,20260824,,0,0.0,,0.0,0.0
920856.BJ,20260824,13.9,1995,27730.5,-0.8559201141226769,0.8623467345555805,39.864479315263935
920857.BJ,20260824,21.35,100,2135.0,-0.0468164794007353,0.14200251896372806,25.27955453706664
920866.BJ,20260824,6.04,2968,17926.72,-0.16528925619834212,0.561856250930251,44.00826446280995
920870.BJ,20260824,11.65,782,9110.3,1.128472222222232,0.7807439177398136,51.77083333333339
920871.BJ,20260824,11.06,19873,219795.38,1.7479300827967004,40.78124192950925,55.487580496780204
920873.BJ,20260824,6.9,8154,56262.6,-0.43290043290041824,6.5109352550115265,42.40259740259749
920876.BJ,20260824,15.66,749,11729.34,-0.12755102040815647,0.9877533137590425,44.23469387755106
920879.BJ,20260824,,0,0.0,,0.0,0.0
920885.BJ,20260824,12.22,12997,158823.34,0.3284072249589487,5.224525170313003,46.970443349753694
920892.BJ,20260824,10.09,3000,30270.0,-0.39486673247779436,4.78846223015467,42.630799605133234
920895.BJ,20260824,12.46,1300,16198.0,0.9724473257698651,2.5869601925375547,50.834683954619194
920896.BJ,20260824,,0,0.0,,0.0,0.0
920906.BJ,20260824,15.73,100,1573.0,0.0,0.2841658889861026,45.0
920914.BJ,20260824,,0,0.0,,0.0,0.0
920924.BJ,20260824,14.37,243,3491.91,-0.06954102920724292,0.2598373337376026,44.582753824756544
920925.BJ,20260824,11.87,3000,35610.0,0.508044030482635,4.22525542668711,48.04826418289581
920926.BJ,20260824,,0,0.0,,0.0,0.0
920931.BJ,20260824,10.79,3940,42512.6,-1.0091743119266194,1.4986890199061496,38.94495412844029
920932.BJ,20260824,11.25,9691,109023.75,0.9874326750448859,7.655250083151609,50.924596050269315
920942.BJ,20260824,16.51,13400,221234.0,-0.5421686746987953,32.05689866077717,41.74698795180723
920943.BJ,20260824,15.51,12399,192308.49,-0.3853564547206201,4.965345917504037,42.68786127167628
920946.BJ,20260824,10.06,204000,2052240.0,-1.2757605495583801,17.764610879979784,37.34543670264972
920950.BJ,20260824,12.31,441,5428.71,-0.5654281098546043,3.0892059540401524,41.607431340872374
920953.BJ,20260824,22.19,400,8876.0,1.5560640732265485,0.4562718734100315,54.33638443935929
920957.BJ,20260824,9.48,2000,18960.0,0.0,2.0778160568141013,45.0
920961.BJ,20260824,19.4,46452,901168.8,-1.6725798276736037,21.374405434657202,34.96452103395838
920964.BJ,20260824,4.68,100,468.0,0.0,0.025563704468860825,4.601466804394948
920970.BJ,20260824,6.05,3100,18755.0,0.3316749585406287,0.9908070627937323,46.990049751243774
920971.BJ,20260824,26.08,3200,83456.0,-0.26768642447418944,1.6416508773975291,43.39388145315486
920974.BJ,20260824,6.12,1247,7631.64,0.0,1.1867855662320963,45.0
920976.BJ,20260824,16.57,100,1657.0,-0.48048048048047187,0.25254700975119515,42.11711711711717
920978.BJ,20260824,19.88,1014,20158.32,-0.4506760140210342,1.259402975658343,42.29594391587379
920981.BJ,20260824,29.68,7755,230168.4,1.7135023989033549,5.985009634776673,55.28101439342013
920982.BJ,20260824,121.25,4766,577877.5,-0.32881216605015195,6.084548669400644,43.027127003699086
920985.BJ,20260824,4.56,3000,13680.0,0.0,1.7500521753493943,45.0
920992.BJ,20260824,11.36,200,2272.0,0.0,0.417832839285847,45.0
